solid OpenSCAD_Model
  facet normal -0.986642 0.162901 0
    outer loop
      vertex -4.4615 0.587367 0
      vertex -4.41353 0.877906 8.72287
      vertex -4.41353 0.877906 0
    endloop
  endfacet
  facet normal -0.986642 0.162901 -2.42587e-10
    outer loop
      vertex -4.41353 0.877906 8.72287
      vertex -4.4615 0.587367 0
      vertex -4.45776 0.610019 8.79932
    endloop
  endfacet
  facet normal -0.986642 0.162901 0
    outer loop
      vertex -4.4615 0.587367 9.00584
      vertex -4.45776 0.610019 8.79932
      vertex -4.4615 0.587367 0
    endloop
  endfacet
  facet normal -0.986685 0.16264 -2.94524e-05
    outer loop
      vertex -4.45776 0.610019 8.79932
      vertex -4.4615 0.587367 9.00584
      vertex -4.4582 0.607386 9
    endloop
  endfacet
  facet normal -0.986627 0.162996 2.85707e-05
    outer loop
      vertex -4.42683 0.797361 70.2007
      vertex -4.41353 0.877906 69.9773
      vertex -4.4264 0.799999 70
    endloop
  endfacet
  facet normal -0.986639 0.162919 0
    outer loop
      vertex -4.41353 0.877906 69.9773
      vertex -4.42683 0.797361 70.2007
      vertex -4.41353 0.877906 80
    endloop
  endfacet
  facet normal -0.986643 0.162895 2.03322e-07
    outer loop
      vertex -4.4615 0.587367 70.2604
      vertex -4.41353 0.877906 80
      vertex -4.42683 0.797361 70.2007
    endloop
  endfacet
  facet normal -0.986642 0.162901 0
    outer loop
      vertex -4.41353 0.877906 80
      vertex -4.4615 0.587367 70.2604
      vertex -4.4615 0.587367 80
    endloop
  endfacet
  facet normal -0.986627 0.162996 2.85705e-05
    outer loop
      vertex -4.42683 0.797361 10.2007
      vertex -4.41353 0.877906 9.97733
      vertex -4.4264 0.799999 10
    endloop
  endfacet
  facet normal -0.986639 0.162919 0
    outer loop
      vertex -4.41353 0.877906 9.97733
      vertex -4.42683 0.797361 10.2007
      vertex -4.41353 0.877906 28.7229
    endloop
  endfacet
  facet normal -0.986643 0.162895 1.07687e-07
    outer loop
      vertex -4.4615 0.587367 10.2604
      vertex -4.41353 0.877906 28.7229
      vertex -4.42683 0.797361 10.2007
    endloop
  endfacet
  facet normal -0.986642 0.162901 -1.15186e-10
    outer loop
      vertex -4.41353 0.877906 28.7229
      vertex -4.4615 0.587367 10.2604
      vertex -4.45776 0.610019 28.7993
    endloop
  endfacet
  facet normal -0.986642 0.162901 0
    outer loop
      vertex -4.4615 0.587367 29.0058
      vertex -4.45776 0.610019 28.7993
      vertex -4.4615 0.587367 10.2604
    endloop
  endfacet
  facet normal -0.986685 0.16264 -2.94486e-05
    outer loop
      vertex -4.45776 0.610019 28.7993
      vertex -4.4615 0.587367 29.0058
      vertex -4.4582 0.607386 29
    endloop
  endfacet
  facet normal -0.986627 0.162996 2.85707e-05
    outer loop
      vertex -4.42683 0.797361 30.2007
      vertex -4.41353 0.877906 29.9773
      vertex -4.4264 0.799999 30
    endloop
  endfacet
  facet normal -0.986639 0.162919 0
    outer loop
      vertex -4.41353 0.877906 29.9773
      vertex -4.42683 0.797361 30.2007
      vertex -4.41353 0.877906 48.7229
    endloop
  endfacet
  facet normal -0.986643 0.162895 1.07687e-07
    outer loop
      vertex -4.4615 0.587367 30.2604
      vertex -4.41353 0.877906 48.7229
      vertex -4.42683 0.797361 30.2007
    endloop
  endfacet
  facet normal -0.986642 0.162901 -1.15186e-10
    outer loop
      vertex -4.41353 0.877906 48.7229
      vertex -4.4615 0.587367 30.2604
      vertex -4.45776 0.610019 48.7993
    endloop
  endfacet
  facet normal -0.986642 0.162901 0
    outer loop
      vertex -4.4615 0.587367 49.0058
      vertex -4.45776 0.610019 48.7993
      vertex -4.4615 0.587367 30.2604
    endloop
  endfacet
  facet normal -0.986685 0.16264 -2.94486e-05
    outer loop
      vertex -4.45776 0.610019 48.7993
      vertex -4.4615 0.587367 49.0058
      vertex -4.4582 0.607386 49
    endloop
  endfacet
  facet normal -0.986627 0.162996 2.85707e-05
    outer loop
      vertex -4.42683 0.797361 50.2007
      vertex -4.41353 0.877906 49.9773
      vertex -4.4264 0.799999 50
    endloop
  endfacet
  facet normal -0.986639 0.162919 0
    outer loop
      vertex -4.41353 0.877906 49.9773
      vertex -4.42683 0.797361 50.2007
      vertex -4.41353 0.877906 68.7229
    endloop
  endfacet
  facet normal -0.986643 0.162895 1.07687e-07
    outer loop
      vertex -4.4615 0.587367 50.2604
      vertex -4.41353 0.877906 68.7229
      vertex -4.42683 0.797361 50.2007
    endloop
  endfacet
  facet normal -0.986642 0.162901 -1.15186e-10
    outer loop
      vertex -4.41353 0.877906 68.7229
      vertex -4.4615 0.587367 50.2604
      vertex -4.45776 0.610019 68.7993
    endloop
  endfacet
  facet normal -0.986642 0.162901 0
    outer loop
      vertex -4.4615 0.587367 69.0058
      vertex -4.45776 0.610019 68.7993
      vertex -4.4615 0.587367 50.2604
    endloop
  endfacet
  facet normal -0.986685 0.16264 -2.94486e-05
    outer loop
      vertex -4.45776 0.610019 68.7993
      vertex -4.4615 0.587367 69.0058
      vertex -4.4582 0.607386 69
    endloop
  endfacet
  facet normal 0.995183 0.0980313 -2.03e-05
    outer loop
      vertex 4.48683 0.330168 19.466
      vertex 4.4615 0.587367 19.7396
      vertex 4.48657 0.332849 19.6667
    endloop
  endfacet
  facet normal 0.995185 0.0980099 0
    outer loop
      vertex 4.4615 0.587367 19.7396
      vertex 4.48683 0.330168 19.466
      vertex 4.4615 0.587367 0.994162
    endloop
  endfacet
  facet normal 0.995162 0.0982523 3.40857e-06
    outer loop
      vertex 4.49037 0.294313 19.456
      vertex 4.4615 0.587367 0.994162
      vertex 4.48683 0.330168 19.466
    endloop
  endfacet
  facet normal 0.995183 0.0980397 0
    outer loop
      vertex 4.4615 0.587367 0.994162
      vertex 4.49037 0.294313 19.456
      vertex 4.49037 0.294313 0.910458
    endloop
  endfacet
  facet normal 0.995183 0.0980313 -2.03e-05
    outer loop
      vertex 4.48683 0.330168 39.466
      vertex 4.4615 0.587367 39.7396
      vertex 4.48657 0.332849 39.6667
    endloop
  endfacet
  facet normal 0.995185 0.0980099 0
    outer loop
      vertex 4.4615 0.587367 39.7396
      vertex 4.48683 0.330168 39.466
      vertex 4.4615 0.587367 20.9942
    endloop
  endfacet
  facet normal 0.995162 0.0982523 3.40858e-06
    outer loop
      vertex 4.49037 0.294313 39.456
      vertex 4.4615 0.587367 20.9942
      vertex 4.48683 0.330168 39.466
    endloop
  endfacet
  facet normal 0.995183 0.0980397 0
    outer loop
      vertex 4.4615 0.587367 20.9942
      vertex 4.49037 0.294313 39.456
      vertex 4.49037 0.294313 20.9105
    endloop
  endfacet
  facet normal 0.995183 0.0980313 -2.03e-05
    outer loop
      vertex 4.48683 0.330168 59.466
      vertex 4.4615 0.587367 59.7396
      vertex 4.48657 0.332849 59.6667
    endloop
  endfacet
  facet normal 0.995185 0.0980099 0
    outer loop
      vertex 4.4615 0.587367 59.7396
      vertex 4.48683 0.330168 59.466
      vertex 4.4615 0.587367 40.9942
    endloop
  endfacet
  facet normal 0.995162 0.0982523 3.40858e-06
    outer loop
      vertex 4.49037 0.294313 59.456
      vertex 4.4615 0.587367 40.9942
      vertex 4.48683 0.330168 59.466
    endloop
  endfacet
  facet normal 0.995183 0.0980397 0
    outer loop
      vertex 4.4615 0.587367 40.9942
      vertex 4.49037 0.294313 59.456
      vertex 4.49037 0.294313 40.9105
    endloop
  endfacet
  facet normal 0.995183 0.0980313 -2.03e-05
    outer loop
      vertex 4.48683 0.330168 79.466
      vertex 4.4615 0.587367 79.7396
      vertex 4.48657 0.332849 79.6667
    endloop
  endfacet
  facet normal 0.995185 0.0980099 0
    outer loop
      vertex 4.4615 0.587367 79.7396
      vertex 4.48683 0.330168 79.466
      vertex 4.4615 0.587367 60.9942
    endloop
  endfacet
  facet normal 0.995162 0.0982523 3.40858e-06
    outer loop
      vertex 4.49037 0.294313 79.456
      vertex 4.4615 0.587367 60.9942
      vertex 4.48683 0.330168 79.466
    endloop
  endfacet
  facet normal 0.995183 0.0980397 0
    outer loop
      vertex 4.4615 0.587367 60.9942
      vertex 4.49037 0.294313 79.456
      vertex 4.49037 0.294313 60.9105
    endloop
  endfacet
  facet normal 0.999465 0.0327028 0
    outer loop
      vertex 4.5 0 19.3728
      vertex 4.49037 0.294313 0.910458
      vertex 4.49037 0.294313 19.456
    endloop
  endfacet
  facet normal 0.999465 0.0327182 2.45993e-07
    outer loop
      vertex 4.49037 0.294313 0.910458
      vertex 4.5 0 19.3728
      vertex 4.49541 0.140353 0.867394
    endloop
  endfacet
  facet normal 0.999466 0.0326858 -0
    outer loop
      vertex 4.5 0 0.627204
      vertex 4.49541 0.140353 0.867394
      vertex 4.5 0 19.3728
    endloop
  endfacet
  facet normal 0.999464 0.0327521 -3.87876e-05
    outer loop
      vertex 4.49541 0.140353 0.867394
      vertex 4.5 0 0.627204
      vertex 4.49549 0.137674 0.666666
    endloop
  endfacet
  facet normal 0.999465 0.0327028 0
    outer loop
      vertex 4.5 0 39.3728
      vertex 4.49037 0.294313 20.9105
      vertex 4.49037 0.294313 39.456
    endloop
  endfacet
  facet normal 0.999465 0.0327182 2.45993e-07
    outer loop
      vertex 4.49037 0.294313 20.9105
      vertex 4.5 0 39.3728
      vertex 4.49541 0.140353 20.8674
    endloop
  endfacet
  facet normal 0.999466 0.0326858 -0
    outer loop
      vertex 4.5 0 20.6272
      vertex 4.49541 0.140353 20.8674
      vertex 4.5 0 39.3728
    endloop
  endfacet
  facet normal 0.999464 0.0327521 -3.87932e-05
    outer loop
      vertex 4.49541 0.140353 20.8674
      vertex 4.5 0 20.6272
      vertex 4.49549 0.137674 20.6667
    endloop
  endfacet
  facet normal 0.999465 0.0327028 0
    outer loop
      vertex 4.5 0 59.3728
      vertex 4.49037 0.294313 40.9105
      vertex 4.49037 0.294313 59.456
    endloop
  endfacet
  facet normal 0.999465 0.0327182 2.45993e-07
    outer loop
      vertex 4.49037 0.294313 40.9105
      vertex 4.5 0 59.3728
      vertex 4.49541 0.140353 40.8674
    endloop
  endfacet
  facet normal 0.999466 0.0326858 -0
    outer loop
      vertex 4.5 0 40.6272
      vertex 4.49541 0.140353 40.8674
      vertex 4.5 0 59.3728
    endloop
  endfacet
  facet normal 0.999464 0.0327521 -3.87932e-05
    outer loop
      vertex 4.49541 0.140353 40.8674
      vertex 4.5 0 40.6272
      vertex 4.49549 0.137674 40.6667
    endloop
  endfacet
  facet normal 0.999465 0.0327028 0
    outer loop
      vertex 4.5 0 79.3728
      vertex 4.49037 0.294313 60.9105
      vertex 4.49037 0.294313 79.456
    endloop
  endfacet
  facet normal 0.999465 0.0327182 2.45993e-07
    outer loop
      vertex 4.49037 0.294313 60.9105
      vertex 4.5 0 79.3728
      vertex 4.49541 0.140353 60.8674
    endloop
  endfacet
  facet normal 0.999466 0.0326858 -0
    outer loop
      vertex 4.5 0 60.6272
      vertex 4.49541 0.140353 60.8674
      vertex 4.5 0 79.3728
    endloop
  endfacet
  facet normal 0.999464 0.0327521 -3.87932e-05
    outer loop
      vertex 4.49541 0.140353 60.8674
      vertex 4.5 0 60.6272
      vertex 4.49549 0.137674 60.6667
    endloop
  endfacet
  facet normal 0.986628 0.162988 0
    outer loop
      vertex 4.4264 0.799999 0
      vertex 4.41353 0.877906 0
      vertex 4.41353 0.877906 0.0226717
    endloop
  endfacet
  facet normal 0.986628 0.162988 -2.84613e-05
    outer loop
      vertex 4.42683 0.797361 79.7993
      vertex 4.41353 0.877906 80
      vertex 4.4264 0.799999 80
    endloop
  endfacet
  facet normal 0.986639 0.162919 0
    outer loop
      vertex 4.41353 0.877906 80
      vertex 4.42683 0.797361 79.7993
      vertex 4.41353 0.877906 61.2771
    endloop
  endfacet
  facet normal 0.986643 0.162895 -1.07687e-07
    outer loop
      vertex 4.4615 0.587367 79.7396
      vertex 4.41353 0.877906 61.2771
      vertex 4.42683 0.797361 79.7993
    endloop
  endfacet
  facet normal 0.986642 0.162901 1.15186e-10
    outer loop
      vertex 4.41353 0.877906 61.2771
      vertex 4.4615 0.587367 79.7396
      vertex 4.45776 0.610019 61.2007
    endloop
  endfacet
  facet normal 0.986642 0.162901 -0
    outer loop
      vertex 4.4615 0.587367 60.9942
      vertex 4.45776 0.610019 61.2007
      vertex 4.4615 0.587367 79.7396
    endloop
  endfacet
  facet normal 0.986685 0.16264 2.94486e-05
    outer loop
      vertex 4.45776 0.610019 61.2007
      vertex 4.4615 0.587367 60.9942
      vertex 4.4582 0.607386 61
    endloop
  endfacet
  facet normal 0.986627 0.162996 -2.85707e-05
    outer loop
      vertex 4.42683 0.797361 19.7993
      vertex 4.41353 0.877906 20.0227
      vertex 4.4264 0.799999 20
    endloop
  endfacet
  facet normal 0.986639 0.162919 0
    outer loop
      vertex 4.41353 0.877906 20.0227
      vertex 4.42683 0.797361 19.7993
      vertex 4.41353 0.877906 1.27713
    endloop
  endfacet
  facet normal 0.986643 0.162895 -1.07687e-07
    outer loop
      vertex 4.4615 0.587367 19.7396
      vertex 4.41353 0.877906 1.27713
      vertex 4.42683 0.797361 19.7993
    endloop
  endfacet
  facet normal 0.986642 0.162901 1.15186e-10
    outer loop
      vertex 4.41353 0.877906 1.27713
      vertex 4.4615 0.587367 19.7396
      vertex 4.45776 0.610019 1.20067
    endloop
  endfacet
  facet normal 0.986642 0.162901 -0
    outer loop
      vertex 4.4615 0.587367 0.994162
      vertex 4.45776 0.610019 1.20067
      vertex 4.4615 0.587367 19.7396
    endloop
  endfacet
  facet normal 0.986685 0.16264 2.94538e-05
    outer loop
      vertex 4.45776 0.610019 1.20067
      vertex 4.4615 0.587367 0.994162
      vertex 4.4582 0.607386 1
    endloop
  endfacet
  facet normal 0.986627 0.162996 -2.85707e-05
    outer loop
      vertex 4.42683 0.797361 39.7993
      vertex 4.41353 0.877906 40.0227
      vertex 4.4264 0.799999 40
    endloop
  endfacet
  facet normal 0.986639 0.162919 0
    outer loop
      vertex 4.41353 0.877906 40.0227
      vertex 4.42683 0.797361 39.7993
      vertex 4.41353 0.877906 21.2771
    endloop
  endfacet
  facet normal 0.986643 0.162895 -1.07687e-07
    outer loop
      vertex 4.4615 0.587367 39.7396
      vertex 4.41353 0.877906 21.2771
      vertex 4.42683 0.797361 39.7993
    endloop
  endfacet
  facet normal 0.986642 0.162901 1.15186e-10
    outer loop
      vertex 4.41353 0.877906 21.2771
      vertex 4.4615 0.587367 39.7396
      vertex 4.45776 0.610019 21.2007
    endloop
  endfacet
  facet normal 0.986642 0.162901 -0
    outer loop
      vertex 4.4615 0.587367 20.9942
      vertex 4.45776 0.610019 21.2007
      vertex 4.4615 0.587367 39.7396
    endloop
  endfacet
  facet normal 0.986685 0.16264 2.94486e-05
    outer loop
      vertex 4.45776 0.610019 21.2007
      vertex 4.4615 0.587367 20.9942
      vertex 4.4582 0.607386 21
    endloop
  endfacet
  facet normal 0.986627 0.162996 -2.85707e-05
    outer loop
      vertex 4.42683 0.797361 59.7993
      vertex 4.41353 0.877906 60.0227
      vertex 4.4264 0.799999 60
    endloop
  endfacet
  facet normal 0.986639 0.162919 0
    outer loop
      vertex 4.41353 0.877906 60.0227
      vertex 4.42683 0.797361 59.7993
      vertex 4.41353 0.877906 41.2771
    endloop
  endfacet
  facet normal 0.986643 0.162895 -1.07687e-07
    outer loop
      vertex 4.4615 0.587367 59.7396
      vertex 4.41353 0.877906 41.2771
      vertex 4.42683 0.797361 59.7993
    endloop
  endfacet
  facet normal 0.986642 0.162901 1.15186e-10
    outer loop
      vertex 4.41353 0.877906 41.2771
      vertex 4.4615 0.587367 59.7396
      vertex 4.45776 0.610019 41.2007
    endloop
  endfacet
  facet normal 0.986642 0.162901 -0
    outer loop
      vertex 4.4615 0.587367 40.9942
      vertex 4.45776 0.610019 41.2007
      vertex 4.4615 0.587367 59.7396
    endloop
  endfacet
  facet normal 0.986685 0.16264 2.94486e-05
    outer loop
      vertex 4.45776 0.610019 41.2007
      vertex 4.4615 0.587367 40.9942
      vertex 4.4582 0.607386 41
    endloop
  endfacet
  facet normal 0.772975 -0.634437 -3.54755e-05
    outer loop
      vertex 3.55552 -2.75717 17.1327
      vertex 3.57009 -2.73943 17.3392
      vertex 3.55722 -2.75511 17.3333
    endloop
  endfacet
  facet normal 0.772772 -0.634684 0
    outer loop
      vertex 3.57009 -2.73943 17.3392
      vertex 3.55552 -2.75717 17.1327
      vertex 3.57009 -2.73943 0
    endloop
  endfacet
  facet normal 0.773033 -0.634366 5.50054e-07
    outer loop
      vertex 3.38328 -2.96706 17.0562
      vertex 3.57009 -2.73943 0
      vertex 3.55552 -2.75717 17.1327
    endloop
  endfacet
  facet normal 0.773012 -0.634391 0
    outer loop
      vertex 3.57009 -2.73943 0
      vertex 3.38328 -2.96706 17.0562
      vertex 3.38328 -2.96706 0
    endloop
  endfacet
  facet normal 0.773012 -0.634391 0
    outer loop
      vertex 3.38328 -2.96706 80
      vertex 3.57009 -2.73943 78.5938
      vertex 3.57009 -2.73943 80
    endloop
  endfacet
  facet normal 0.773006 -0.634398 -1.96091e-06
    outer loop
      vertex 3.57009 -2.73943 78.5938
      vertex 3.38328 -2.96706 80
      vertex 3.43507 -2.90395 78.534
    endloop
  endfacet
  facet normal 0.773029 -0.634371 0
    outer loop
      vertex 3.38328 -2.96706 78.3107
      vertex 3.43507 -2.90395 78.534
      vertex 3.38328 -2.96706 80
    endloop
  endfacet
  facet normal 0.773038 -0.63436 -5.17514e-06
    outer loop
      vertex 3.43507 -2.90395 78.534
      vertex 3.38328 -2.96706 78.3107
      vertex 3.43337 -2.90602 78.3333
    endloop
  endfacet
  facet normal 0.772975 -0.634437 -3.54755e-05
    outer loop
      vertex 3.55552 -2.75717 37.1327
      vertex 3.57009 -2.73943 37.3392
      vertex 3.55722 -2.75511 37.3333
    endloop
  endfacet
  facet normal 0.772772 -0.634684 0
    outer loop
      vertex 3.57009 -2.73943 37.3392
      vertex 3.55552 -2.75717 37.1327
      vertex 3.57009 -2.73943 18.5938
    endloop
  endfacet
  facet normal 0.773033 -0.634366 5.08346e-07
    outer loop
      vertex 3.38328 -2.96706 37.0562
      vertex 3.57009 -2.73943 18.5938
      vertex 3.55552 -2.75717 37.1327
    endloop
  endfacet
  facet normal 0.773006 -0.634399 -1.57436e-07
    outer loop
      vertex 3.57009 -2.73943 18.5938
      vertex 3.38328 -2.96706 37.0562
      vertex 3.43507 -2.90395 18.534
    endloop
  endfacet
  facet normal 0.773029 -0.634371 0
    outer loop
      vertex 3.38328 -2.96706 18.3107
      vertex 3.43507 -2.90395 18.534
      vertex 3.38328 -2.96706 37.0562
    endloop
  endfacet
  facet normal 0.773038 -0.63436 -5.17514e-06
    outer loop
      vertex 3.43507 -2.90395 18.534
      vertex 3.38328 -2.96706 18.3107
      vertex 3.43337 -2.90602 18.3333
    endloop
  endfacet
  facet normal 0.772975 -0.634437 -3.54755e-05
    outer loop
      vertex 3.55552 -2.75717 57.1327
      vertex 3.57009 -2.73943 57.3392
      vertex 3.55722 -2.75511 57.3333
    endloop
  endfacet
  facet normal 0.772772 -0.634684 0
    outer loop
      vertex 3.57009 -2.73943 57.3392
      vertex 3.55552 -2.75717 57.1327
      vertex 3.57009 -2.73943 38.5938
    endloop
  endfacet
  facet normal 0.773033 -0.634366 5.08346e-07
    outer loop
      vertex 3.38328 -2.96706 57.0562
      vertex 3.57009 -2.73943 38.5938
      vertex 3.55552 -2.75717 57.1327
    endloop
  endfacet
  facet normal 0.773006 -0.634399 -1.57436e-07
    outer loop
      vertex 3.57009 -2.73943 38.5938
      vertex 3.38328 -2.96706 57.0562
      vertex 3.43507 -2.90395 38.534
    endloop
  endfacet
  facet normal 0.773029 -0.634371 0
    outer loop
      vertex 3.38328 -2.96706 38.3107
      vertex 3.43507 -2.90395 38.534
      vertex 3.38328 -2.96706 57.0562
    endloop
  endfacet
  facet normal 0.773038 -0.63436 -5.17514e-06
    outer loop
      vertex 3.43507 -2.90395 38.534
      vertex 3.38328 -2.96706 38.3107
      vertex 3.43337 -2.90602 38.3333
    endloop
  endfacet
  facet normal 0.772975 -0.634437 -3.54755e-05
    outer loop
      vertex 3.55552 -2.75717 77.1327
      vertex 3.57009 -2.73943 77.3392
      vertex 3.55722 -2.75511 77.3333
    endloop
  endfacet
  facet normal 0.772772 -0.634684 0
    outer loop
      vertex 3.57009 -2.73943 77.3392
      vertex 3.55552 -2.75717 77.1327
      vertex 3.57009 -2.73943 58.5938
    endloop
  endfacet
  facet normal 0.773033 -0.634366 5.08346e-07
    outer loop
      vertex 3.38328 -2.96706 77.0562
      vertex 3.57009 -2.73943 58.5938
      vertex 3.55552 -2.75717 77.1327
    endloop
  endfacet
  facet normal 0.773006 -0.634399 -1.57436e-07
    outer loop
      vertex 3.57009 -2.73943 58.5938
      vertex 3.38328 -2.96706 77.0562
      vertex 3.43507 -2.90395 58.534
    endloop
  endfacet
  facet normal 0.773029 -0.634371 0
    outer loop
      vertex 3.38328 -2.96706 58.3107
      vertex 3.43507 -2.90395 58.534
      vertex 3.38328 -2.96706 77.0562
    endloop
  endfacet
  facet normal 0.773038 -0.63436 -5.17514e-06
    outer loop
      vertex 3.43507 -2.90395 58.534
      vertex 3.38328 -2.96706 58.3107
      vertex 3.43337 -2.90602 58.3333
    endloop
  endfacet
  facet normal -0.528059 -0.849208 0
    outer loop
      vertex -2.50007 -3.74161 80
      vertex -2.25 -3.89711 73.9605
      vertex -2.25 -3.89711 80
    endloop
  endfacet
  facet normal -0.528059 -0.849208 0
    outer loop
      vertex -2.25 -3.89711 73.9605
      vertex -2.50007 -3.74161 80
      vertex -2.50007 -3.74161 73.8773
    endloop
  endfacet
  facet normal -0.528055 -0.84921 6.45977e-06
    outer loop
      vertex -2.36925 -3.82296 12.4659
      vertex -2.25 -3.89711 12.7061
      vertex -2.36698 -3.82437 12.6667
    endloop
  endfacet
  facet normal -0.528059 -0.849208 0
    outer loop
      vertex -2.25 -3.89711 0
      vertex -2.50007 -3.74161 12.4229
      vertex -2.50007 -3.74161 0
    endloop
  endfacet
  facet normal -0.528072 -0.8492 -3.55322e-07
    outer loop
      vertex -2.50007 -3.74161 12.4229
      vertex -2.25 -3.89711 0
      vertex -2.36925 -3.82296 12.4659
    endloop
  endfacet
  facet normal -0.528045 -0.849216 0
    outer loop
      vertex -2.36925 -3.82296 12.4659
      vertex -2.25 -3.89711 0
      vertex -2.25 -3.89711 12.7061
    endloop
  endfacet
  facet normal -0.528055 -0.84921 6.45977e-06
    outer loop
      vertex -2.36925 -3.82296 32.4659
      vertex -2.25 -3.89711 32.7061
      vertex -2.36698 -3.82437 32.6667
    endloop
  endfacet
  facet normal -0.528045 -0.849216 0
    outer loop
      vertex -2.36925 -3.82296 32.4659
      vertex -2.25 -3.89711 13.9605
      vertex -2.25 -3.89711 32.7061
    endloop
  endfacet
  facet normal -0.528072 -0.8492 -2.39603e-07
    outer loop
      vertex -2.50007 -3.74161 32.4229
      vertex -2.25 -3.89711 13.9605
      vertex -2.36925 -3.82296 32.4659
    endloop
  endfacet
  facet normal -0.528059 -0.849208 0
    outer loop
      vertex -2.25 -3.89711 13.9605
      vertex -2.50007 -3.74161 32.4229
      vertex -2.50007 -3.74161 13.8773
    endloop
  endfacet
  facet normal -0.528055 -0.84921 6.45977e-06
    outer loop
      vertex -2.36925 -3.82296 52.4659
      vertex -2.25 -3.89711 52.7061
      vertex -2.36698 -3.82437 52.6667
    endloop
  endfacet
  facet normal -0.528045 -0.849216 0
    outer loop
      vertex -2.36925 -3.82296 52.4659
      vertex -2.25 -3.89711 33.9605
      vertex -2.25 -3.89711 52.7061
    endloop
  endfacet
  facet normal -0.528072 -0.8492 -2.39603e-07
    outer loop
      vertex -2.50007 -3.74161 52.4229
      vertex -2.25 -3.89711 33.9605
      vertex -2.36925 -3.82296 52.4659
    endloop
  endfacet
  facet normal -0.528059 -0.849208 0
    outer loop
      vertex -2.25 -3.89711 33.9605
      vertex -2.50007 -3.74161 52.4229
      vertex -2.50007 -3.74161 33.8773
    endloop
  endfacet
  facet normal -0.528055 -0.84921 6.45977e-06
    outer loop
      vertex -2.36925 -3.82296 72.4659
      vertex -2.25 -3.89711 72.7061
      vertex -2.36698 -3.82437 72.6667
    endloop
  endfacet
  facet normal -0.528045 -0.849216 0
    outer loop
      vertex -2.36925 -3.82296 72.4659
      vertex -2.25 -3.89711 53.9605
      vertex -2.25 -3.89711 72.7061
    endloop
  endfacet
  facet normal -0.528072 -0.8492 -2.39603e-07
    outer loop
      vertex -2.50007 -3.74161 72.4229
      vertex -2.25 -3.89711 53.9605
      vertex -2.36925 -3.82296 72.4659
    endloop
  endfacet
  facet normal -0.528059 -0.849208 0
    outer loop
      vertex -2.25 -3.89711 53.9605
      vertex -2.50007 -3.74161 72.4229
      vertex -2.50007 -3.74161 53.8773
    endloop
  endfacet
  facet normal -0.999465 -0.0327028 0
    outer loop
      vertex -4.49037 -0.294313 0
      vertex -4.5 0 9.3728
      vertex -4.5 0 0
    endloop
  endfacet
  facet normal -0.999465 -0.0327028 0
    outer loop
      vertex -4.5 0 9.3728
      vertex -4.49037 -0.294313 0
      vertex -4.49037 -0.294313 9.45599
    endloop
  endfacet
  facet normal -0.999464 -0.0327521 -3.87932e-05
    outer loop
      vertex -4.49541 -0.140353 70.8674
      vertex -4.5 0 70.6272
      vertex -4.49549 -0.137674 70.6667
    endloop
  endfacet
  facet normal -0.999466 -0.0326858 0
    outer loop
      vertex -4.5 0 70.6272
      vertex -4.49541 -0.140353 70.8674
      vertex -4.5 0 80
    endloop
  endfacet
  facet normal -0.999465 -0.0327181 4.97374e-07
    outer loop
      vertex -4.49037 -0.294313 70.9105
      vertex -4.5 0 80
      vertex -4.49541 -0.140353 70.8674
    endloop
  endfacet
  facet normal -0.999465 -0.0327028 0
    outer loop
      vertex -4.5 0 80
      vertex -4.49037 -0.294313 70.9105
      vertex -4.49037 -0.294313 80
    endloop
  endfacet
  facet normal -0.999464 -0.0327521 -3.87932e-05
    outer loop
      vertex -4.49541 -0.140353 10.8674
      vertex -4.5 0 10.6272
      vertex -4.49549 -0.137674 10.6667
    endloop
  endfacet
  facet normal -0.999466 -0.0326858 0
    outer loop
      vertex -4.5 0 10.6272
      vertex -4.49541 -0.140353 10.8674
      vertex -4.5 0 29.3728
    endloop
  endfacet
  facet normal -0.999465 -0.0327182 2.45993e-07
    outer loop
      vertex -4.49037 -0.294313 10.9105
      vertex -4.5 0 29.3728
      vertex -4.49541 -0.140353 10.8674
    endloop
  endfacet
  facet normal -0.999465 -0.0327028 0
    outer loop
      vertex -4.5 0 29.3728
      vertex -4.49037 -0.294313 10.9105
      vertex -4.49037 -0.294313 29.456
    endloop
  endfacet
  facet normal -0.999464 -0.0327521 -3.87932e-05
    outer loop
      vertex -4.49541 -0.140353 30.8674
      vertex -4.5 0 30.6272
      vertex -4.49549 -0.137674 30.6667
    endloop
  endfacet
  facet normal -0.999466 -0.0326858 0
    outer loop
      vertex -4.5 0 30.6272
      vertex -4.49541 -0.140353 30.8674
      vertex -4.5 0 49.3728
    endloop
  endfacet
  facet normal -0.999465 -0.0327182 2.45993e-07
    outer loop
      vertex -4.49037 -0.294313 30.9105
      vertex -4.5 0 49.3728
      vertex -4.49541 -0.140353 30.8674
    endloop
  endfacet
  facet normal -0.999465 -0.0327028 0
    outer loop
      vertex -4.5 0 49.3728
      vertex -4.49037 -0.294313 30.9105
      vertex -4.49037 -0.294313 49.456
    endloop
  endfacet
  facet normal -0.999464 -0.0327521 -3.87932e-05
    outer loop
      vertex -4.49541 -0.140353 50.8674
      vertex -4.5 0 50.6272
      vertex -4.49549 -0.137674 50.6667
    endloop
  endfacet
  facet normal -0.999466 -0.0326858 0
    outer loop
      vertex -4.5 0 50.6272
      vertex -4.49541 -0.140353 50.8674
      vertex -4.5 0 69.3728
    endloop
  endfacet
  facet normal -0.999465 -0.0327182 2.45993e-07
    outer loop
      vertex -4.49037 -0.294313 50.9105
      vertex -4.5 0 69.3728
      vertex -4.49541 -0.140353 50.8674
    endloop
  endfacet
  facet normal -0.999465 -0.0327028 0
    outer loop
      vertex -4.5 0 69.3728
      vertex -4.49037 -0.294313 50.9105
      vertex -4.49037 -0.294313 69.456
    endloop
  endfacet
  facet normal -0.528059 0.849208 0
    outer loop
      vertex -2.50007 3.74161 0
      vertex -2.25 3.89711 6.03946
      vertex -2.25 3.89711 0
    endloop
  endfacet
  facet normal -0.528059 0.849208 0
    outer loop
      vertex -2.25 3.89711 6.03946
      vertex -2.50007 3.74161 0
      vertex -2.50007 3.74161 6.12266
    endloop
  endfacet
  facet normal -0.528059 0.849208 0
    outer loop
      vertex -2.25 3.89711 80
      vertex -2.50007 3.74161 67.5771
      vertex -2.50007 3.74161 80
    endloop
  endfacet
  facet normal -0.528072 0.8492 3.55322e-07
    outer loop
      vertex -2.25 3.89711 80
      vertex -2.36925 3.82296 67.5341
      vertex -2.50007 3.74161 67.5771
    endloop
  endfacet
  facet normal -0.528045 0.849216 0
    outer loop
      vertex -2.25 3.89711 67.2939
      vertex -2.36925 3.82296 67.5341
      vertex -2.25 3.89711 80
    endloop
  endfacet
  facet normal -0.528055 0.84921 -6.45977e-06
    outer loop
      vertex -2.36925 3.82296 67.5341
      vertex -2.25 3.89711 67.2939
      vertex -2.36698 3.82437 67.3333
    endloop
  endfacet
  facet normal -0.528059 0.849208 0
    outer loop
      vertex -2.25 3.89711 26.0395
      vertex -2.50007 3.74161 7.57713
      vertex -2.50007 3.74161 26.1227
    endloop
  endfacet
  facet normal -0.528072 0.8492 2.39601e-07
    outer loop
      vertex -2.25 3.89711 26.0395
      vertex -2.36925 3.82296 7.53406
      vertex -2.50007 3.74161 7.57713
    endloop
  endfacet
  facet normal -0.528045 0.849216 0
    outer loop
      vertex -2.25 3.89711 7.29387
      vertex -2.36925 3.82296 7.53406
      vertex -2.25 3.89711 26.0395
    endloop
  endfacet
  facet normal -0.528055 0.84921 -6.46206e-06
    outer loop
      vertex -2.36925 3.82296 7.53406
      vertex -2.25 3.89711 7.29387
      vertex -2.36698 3.82437 7.33333
    endloop
  endfacet
  facet normal -0.528059 0.849208 0
    outer loop
      vertex -2.25 3.89711 46.0395
      vertex -2.50007 3.74161 27.5771
      vertex -2.50007 3.74161 46.1227
    endloop
  endfacet
  facet normal -0.528072 0.8492 2.39603e-07
    outer loop
      vertex -2.25 3.89711 46.0395
      vertex -2.36925 3.82296 27.5341
      vertex -2.50007 3.74161 27.5771
    endloop
  endfacet
  facet normal -0.528045 0.849216 0
    outer loop
      vertex -2.25 3.89711 27.2939
      vertex -2.36925 3.82296 27.5341
      vertex -2.25 3.89711 46.0395
    endloop
  endfacet
  facet normal -0.528055 0.84921 -6.45977e-06
    outer loop
      vertex -2.36925 3.82296 27.5341
      vertex -2.25 3.89711 27.2939
      vertex -2.36698 3.82437 27.3333
    endloop
  endfacet
  facet normal -0.528059 0.849208 0
    outer loop
      vertex -2.25 3.89711 66.0395
      vertex -2.50007 3.74161 47.5771
      vertex -2.50007 3.74161 66.1227
    endloop
  endfacet
  facet normal -0.528072 0.8492 2.39603e-07
    outer loop
      vertex -2.25 3.89711 66.0395
      vertex -2.36925 3.82296 47.5341
      vertex -2.50007 3.74161 47.5771
    endloop
  endfacet
  facet normal -0.528045 0.849216 0
    outer loop
      vertex -2.25 3.89711 47.2939
      vertex -2.36925 3.82296 47.5341
      vertex -2.25 3.89711 66.0395
    endloop
  endfacet
  facet normal -0.528055 0.84921 -6.45977e-06
    outer loop
      vertex -2.36925 3.82296 47.5341
      vertex -2.25 3.89711 47.2939
      vertex -2.36698 3.82437 47.3333
    endloop
  endfacet
  facet normal 0.849208 0.528059 0
    outer loop
      vertex 3.89711 2.25 1.03946
      vertex 3.74161 2.50007 0
      vertex 3.74161 2.50007 1.12266
    endloop
  endfacet
  facet normal 0.849208 0.528059 0
    outer loop
      vertex 3.74161 2.50007 0
      vertex 3.89711 2.25 1.03946
      vertex 3.89711 2.25 0
    endloop
  endfacet
  facet normal 0.849208 0.528059 0
    outer loop
      vertex 3.89711 2.25 80
      vertex 3.74161 2.50007 62.5771
      vertex 3.74161 2.50007 80
    endloop
  endfacet
  facet normal 0.8492 0.528072 2.53831e-07
    outer loop
      vertex 3.74161 2.50007 62.5771
      vertex 3.89711 2.25 80
      vertex 3.82296 2.36925 62.5341
    endloop
  endfacet
  facet normal 0.849216 0.528045 -0
    outer loop
      vertex 3.89711 2.25 62.2939
      vertex 3.82296 2.36925 62.5341
      vertex 3.89711 2.25 80
    endloop
  endfacet
  facet normal 0.84921 0.528055 -6.45977e-06
    outer loop
      vertex 3.82296 2.36925 62.5341
      vertex 3.89711 2.25 62.2939
      vertex 3.82437 2.36698 62.3333
    endloop
  endfacet
  facet normal 0.849208 0.528059 0
    outer loop
      vertex 3.89711 2.25 21.0395
      vertex 3.74161 2.50007 2.57712
      vertex 3.74161 2.50007 21.1227
    endloop
  endfacet
  facet normal 0.8492 0.528072 2.39601e-07
    outer loop
      vertex 3.74161 2.50007 2.57712
      vertex 3.89711 2.25 21.0395
      vertex 3.82296 2.36925 2.53406
    endloop
  endfacet
  facet normal 0.849216 0.528045 -0
    outer loop
      vertex 3.89711 2.25 2.29387
      vertex 3.82296 2.36925 2.53406
      vertex 3.89711 2.25 21.0395
    endloop
  endfacet
  facet normal 0.84921 0.528055 -6.46206e-06
    outer loop
      vertex 3.82296 2.36925 2.53406
      vertex 3.89711 2.25 2.29387
      vertex 3.82437 2.36698 2.33333
    endloop
  endfacet
  facet normal 0.849208 0.528059 0
    outer loop
      vertex 3.89711 2.25 41.0395
      vertex 3.74161 2.50007 22.5771
      vertex 3.74161 2.50007 41.1227
    endloop
  endfacet
  facet normal 0.8492 0.528072 2.39603e-07
    outer loop
      vertex 3.74161 2.50007 22.5771
      vertex 3.89711 2.25 41.0395
      vertex 3.82296 2.36925 22.5341
    endloop
  endfacet
  facet normal 0.849216 0.528045 -0
    outer loop
      vertex 3.89711 2.25 22.2939
      vertex 3.82296 2.36925 22.5341
      vertex 3.89711 2.25 41.0395
    endloop
  endfacet
  facet normal 0.84921 0.528055 -6.45977e-06
    outer loop
      vertex 3.82296 2.36925 22.5341
      vertex 3.89711 2.25 22.2939
      vertex 3.82437 2.36698 22.3333
    endloop
  endfacet
  facet normal 0.849208 0.528059 0
    outer loop
      vertex 3.89711 2.25 61.0395
      vertex 3.74161 2.50007 42.5771
      vertex 3.74161 2.50007 61.1227
    endloop
  endfacet
  facet normal 0.8492 0.528072 2.39603e-07
    outer loop
      vertex 3.74161 2.50007 42.5771
      vertex 3.89711 2.25 61.0395
      vertex 3.82296 2.36925 42.5341
    endloop
  endfacet
  facet normal 0.849216 0.528045 -0
    outer loop
      vertex 3.89711 2.25 42.2939
      vertex 3.82296 2.36925 42.5341
      vertex 3.89711 2.25 61.0395
    endloop
  endfacet
  facet normal 0.84921 0.528055 -6.45977e-06
    outer loop
      vertex 3.82296 2.36925 42.5341
      vertex 3.89711 2.25 42.2939
      vertex 3.82437 2.36698 42.3333
    endloop
  endfacet
  facet normal 0.227048 -0.973883 0
    outer loop
      vertex 1.16469 -4.34667 0
      vertex 0.877906 -4.41353 15.0227
      vertex 0.877906 -4.41353 0
    endloop
  endfacet
  facet normal 0.227048 -0.973883 0
    outer loop
      vertex 0.877906 -4.41353 15.0227
      vertex 1.16469 -4.34667 0
      vertex 1.16469 -4.34667 15.1061
    endloop
  endfacet
  facet normal 0.227048 -0.973883 0
    outer loop
      vertex 0.877906 -4.41353 80
      vertex 1.16469 -4.34667 76.5605
      vertex 1.16469 -4.34667 80
    endloop
  endfacet
  facet normal 0.226995 -0.973896 -4.70299e-06
    outer loop
      vertex 0.877906 -4.41353 80
      vertex 1.07206 -4.36826 76.534
      vertex 1.16469 -4.34667 76.5605
    endloop
  endfacet
  facet normal 0.227075 -0.973877 0
    outer loop
      vertex 0.877906 -4.41353 76.2771
      vertex 1.07206 -4.36826 76.534
      vertex 0.877906 -4.41353 80
    endloop
  endfacet
  facet normal 0.22708 -0.973876 -4.4114e-06
    outer loop
      vertex 1.07206 -4.36826 76.534
      vertex 0.877906 -4.41353 76.2771
      vertex 1.06944 -4.36887 76.3333
    endloop
  endfacet
  facet normal 0.227048 -0.973883 0
    outer loop
      vertex 0.877906 -4.41353 35.0227
      vertex 1.16469 -4.34667 16.5605
      vertex 1.16469 -4.34667 35.1061
    endloop
  endfacet
  facet normal 0.226994 -0.973896 -8.93112e-07
    outer loop
      vertex 0.877906 -4.41353 35.0227
      vertex 1.07206 -4.36826 16.5341
      vertex 1.16469 -4.34667 16.5605
    endloop
  endfacet
  facet normal 0.227075 -0.973877 0
    outer loop
      vertex 0.877906 -4.41353 16.2771
      vertex 1.07206 -4.36826 16.5341
      vertex 0.877906 -4.41353 35.0227
    endloop
  endfacet
  facet normal 0.22708 -0.973876 -4.4092e-06
    outer loop
      vertex 1.07206 -4.36826 16.5341
      vertex 0.877906 -4.41353 16.2771
      vertex 1.06944 -4.36887 16.3333
    endloop
  endfacet
  facet normal 0.227048 -0.973883 0
    outer loop
      vertex 0.877906 -4.41353 55.0227
      vertex 1.16469 -4.34667 36.5605
      vertex 1.16469 -4.34667 55.1061
    endloop
  endfacet
  facet normal 0.226994 -0.973896 -8.93097e-07
    outer loop
      vertex 0.877906 -4.41353 55.0227
      vertex 1.07206 -4.36826 36.534
      vertex 1.16469 -4.34667 36.5605
    endloop
  endfacet
  facet normal 0.227075 -0.973877 0
    outer loop
      vertex 0.877906 -4.41353 36.2771
      vertex 1.07206 -4.36826 36.534
      vertex 0.877906 -4.41353 55.0227
    endloop
  endfacet
  facet normal 0.22708 -0.973876 -4.4114e-06
    outer loop
      vertex 1.07206 -4.36826 36.534
      vertex 0.877906 -4.41353 36.2771
      vertex 1.06944 -4.36887 36.3333
    endloop
  endfacet
  facet normal 0.227048 -0.973883 0
    outer loop
      vertex 0.877906 -4.41353 75.0227
      vertex 1.16469 -4.34667 56.5605
      vertex 1.16469 -4.34667 75.1061
    endloop
  endfacet
  facet normal 0.226994 -0.973896 -8.93097e-07
    outer loop
      vertex 0.877906 -4.41353 75.0227
      vertex 1.07206 -4.36826 56.534
      vertex 1.16469 -4.34667 56.5605
    endloop
  endfacet
  facet normal 0.227075 -0.973877 0
    outer loop
      vertex 0.877906 -4.41353 56.2771
      vertex 1.07206 -4.36826 56.534
      vertex 0.877906 -4.41353 75.0227
    endloop
  endfacet
  facet normal 0.22708 -0.973876 -4.4114e-06
    outer loop
      vertex 1.07206 -4.36826 56.534
      vertex 0.877906 -4.41353 56.2771
      vertex 1.06944 -4.36887 56.3333
    endloop
  endfacet
  facet normal -0.227048 0.973883 0
    outer loop
      vertex -1.16469 4.34667 0
      vertex -0.877906 4.41353 5.02267
      vertex -0.877906 4.41353 0
    endloop
  endfacet
  facet normal -0.227048 0.973883 0
    outer loop
      vertex -0.877906 4.41353 5.02267
      vertex -1.16469 4.34667 0
      vertex -1.16469 4.34667 5.10613
    endloop
  endfacet
  facet normal -0.227048 0.973883 0
    outer loop
      vertex -0.877906 4.41353 80
      vertex -1.16469 4.34667 66.5605
      vertex -1.16469 4.34667 80
    endloop
  endfacet
  facet normal -0.226994 0.973896 -1.22485e-06
    outer loop
      vertex -0.877906 4.41353 80
      vertex -1.07206 4.36826 66.534
      vertex -1.16469 4.34667 66.5605
    endloop
  endfacet
  facet normal -0.227075 0.973877 0
    outer loop
      vertex -0.877906 4.41353 66.2771
      vertex -1.07206 4.36826 66.534
      vertex -0.877906 4.41353 80
    endloop
  endfacet
  facet normal -0.22708 0.973876 -4.4114e-06
    outer loop
      vertex -1.07206 4.36826 66.534
      vertex -0.877906 4.41353 66.2771
      vertex -1.06944 4.36887 66.3333
    endloop
  endfacet
  facet normal -0.227048 0.973883 0
    outer loop
      vertex -0.877906 4.41353 25.0227
      vertex -1.16469 4.34667 6.56054
      vertex -1.16469 4.34667 25.1061
    endloop
  endfacet
  facet normal -0.226994 0.973896 -8.931e-07
    outer loop
      vertex -0.877906 4.41353 25.0227
      vertex -1.07206 4.36826 6.53405
      vertex -1.16469 4.34667 6.56054
    endloop
  endfacet
  facet normal -0.227075 0.973877 0
    outer loop
      vertex -0.877906 4.41353 6.27713
      vertex -1.07206 4.36826 6.53405
      vertex -0.877906 4.41353 25.0227
    endloop
  endfacet
  facet normal -0.22708 0.973876 -4.41096e-06
    outer loop
      vertex -1.07206 4.36826 6.53405
      vertex -0.877906 4.41353 6.27713
      vertex -1.06944 4.36887 6.33333
    endloop
  endfacet
  facet normal -0.227048 0.973883 0
    outer loop
      vertex -0.877906 4.41353 45.0227
      vertex -1.16469 4.34667 26.5605
      vertex -1.16469 4.34667 45.1061
    endloop
  endfacet
  facet normal -0.226994 0.973896 -8.93112e-07
    outer loop
      vertex -0.877906 4.41353 45.0227
      vertex -1.07206 4.36826 26.5341
      vertex -1.16469 4.34667 26.5605
    endloop
  endfacet
  facet normal -0.227075 0.973877 0
    outer loop
      vertex -0.877906 4.41353 26.2771
      vertex -1.07206 4.36826 26.5341
      vertex -0.877906 4.41353 45.0227
    endloop
  endfacet
  facet normal -0.22708 0.973876 -4.4092e-06
    outer loop
      vertex -1.07206 4.36826 26.5341
      vertex -0.877906 4.41353 26.2771
      vertex -1.06944 4.36887 26.3333
    endloop
  endfacet
  facet normal -0.227048 0.973883 0
    outer loop
      vertex -0.877906 4.41353 65.0227
      vertex -1.16469 4.34667 46.5605
      vertex -1.16469 4.34667 65.1061
    endloop
  endfacet
  facet normal -0.226994 0.973896 -8.93097e-07
    outer loop
      vertex -0.877906 4.41353 65.0227
      vertex -1.07206 4.36826 46.534
      vertex -1.16469 4.34667 46.5605
    endloop
  endfacet
  facet normal -0.227075 0.973877 0
    outer loop
      vertex -0.877906 4.41353 46.2771
      vertex -1.07206 4.36826 46.534
      vertex -0.877906 4.41353 65.0227
    endloop
  endfacet
  facet normal -0.22708 0.973876 -4.4114e-06
    outer loop
      vertex -1.07206 4.36826 46.534
      vertex -0.877906 4.41353 46.2771
      vertex -1.06944 4.36887 46.3333
    endloop
  endfacet
  facet normal 0.528059 -0.849208 0
    outer loop
      vertex 2.25 -3.89711 80
      vertex 2.50007 -3.74161 77.5771
      vertex 2.50007 -3.74161 80
    endloop
  endfacet
  facet normal 0.528072 -0.8492 1.77372e-06
    outer loop
      vertex 2.25 -3.89711 80
      vertex 2.36925 -3.82296 77.5341
      vertex 2.50007 -3.74161 77.5771
    endloop
  endfacet
  facet normal 0.528045 -0.849216 0
    outer loop
      vertex 2.25 -3.89711 77.2939
      vertex 2.36925 -3.82296 77.5341
      vertex 2.25 -3.89711 80
    endloop
  endfacet
  facet normal 0.528055 -0.84921 -6.45977e-06
    outer loop
      vertex 2.36925 -3.82296 77.5341
      vertex 2.25 -3.89711 77.2939
      vertex 2.36698 -3.82437 77.3333
    endloop
  endfacet
  facet normal 0.528059 -0.849208 0
    outer loop
      vertex 2.50007 -3.74161 0
      vertex 2.25 -3.89711 16.0395
      vertex 2.25 -3.89711 0
    endloop
  endfacet
  facet normal 0.528059 -0.849208 0
    outer loop
      vertex 2.25 -3.89711 16.0395
      vertex 2.50007 -3.74161 0
      vertex 2.50007 -3.74161 16.1227
    endloop
  endfacet
  facet normal 0.528059 -0.849208 0
    outer loop
      vertex 2.25 -3.89711 36.0395
      vertex 2.50007 -3.74161 17.5771
      vertex 2.50007 -3.74161 36.1227
    endloop
  endfacet
  facet normal 0.528072 -0.8492 2.39603e-07
    outer loop
      vertex 2.25 -3.89711 36.0395
      vertex 2.36925 -3.82296 17.5341
      vertex 2.50007 -3.74161 17.5771
    endloop
  endfacet
  facet normal 0.528045 -0.849216 0
    outer loop
      vertex 2.25 -3.89711 17.2939
      vertex 2.36925 -3.82296 17.5341
      vertex 2.25 -3.89711 36.0395
    endloop
  endfacet
  facet normal 0.528055 -0.84921 -6.45977e-06
    outer loop
      vertex 2.36925 -3.82296 17.5341
      vertex 2.25 -3.89711 17.2939
      vertex 2.36698 -3.82437 17.3333
    endloop
  endfacet
  facet normal 0.528059 -0.849208 0
    outer loop
      vertex 2.25 -3.89711 56.0395
      vertex 2.50007 -3.74161 37.5771
      vertex 2.50007 -3.74161 56.1227
    endloop
  endfacet
  facet normal 0.528072 -0.8492 2.39603e-07
    outer loop
      vertex 2.25 -3.89711 56.0395
      vertex 2.36925 -3.82296 37.5341
      vertex 2.50007 -3.74161 37.5771
    endloop
  endfacet
  facet normal 0.528045 -0.849216 0
    outer loop
      vertex 2.25 -3.89711 37.2939
      vertex 2.36925 -3.82296 37.5341
      vertex 2.25 -3.89711 56.0395
    endloop
  endfacet
  facet normal 0.528055 -0.84921 -6.45977e-06
    outer loop
      vertex 2.36925 -3.82296 37.5341
      vertex 2.25 -3.89711 37.2939
      vertex 2.36698 -3.82437 37.3333
    endloop
  endfacet
  facet normal 0.528059 -0.849208 0
    outer loop
      vertex 2.25 -3.89711 76.0395
      vertex 2.50007 -3.74161 57.5771
      vertex 2.50007 -3.74161 76.1227
    endloop
  endfacet
  facet normal 0.528072 -0.8492 2.39603e-07
    outer loop
      vertex 2.25 -3.89711 76.0395
      vertex 2.36925 -3.82296 57.5341
      vertex 2.50007 -3.74161 57.5771
    endloop
  endfacet
  facet normal 0.528045 -0.849216 0
    outer loop
      vertex 2.25 -3.89711 57.2939
      vertex 2.36925 -3.82296 57.5341
      vertex 2.25 -3.89711 76.0395
    endloop
  endfacet
  facet normal 0.528055 -0.84921 -6.45977e-06
    outer loop
      vertex 2.36925 -3.82296 57.5341
      vertex 2.25 -3.89711 57.2939
      vertex 2.36698 -3.82437 57.3333
    endloop
  endfacet
  facet normal 0.582471 0.812851 0
    outer loop
      vertex 2.73943 3.57009 80
      vertex 2.50007 3.74161 63.8773
      vertex 2.50007 3.74161 80
    endloop
  endfacet
  facet normal 0.582446 0.81287 5.70192e-07
    outer loop
      vertex 2.73943 3.57009 80
      vertex 2.52935 3.72063 63.8674
      vertex 2.50007 3.74161 63.8773
    endloop
  endfacet
  facet normal 0.582475 0.812849 -0
    outer loop
      vertex 2.73943 3.57009 63.5938
      vertex 2.52935 3.72063 63.8674
      vertex 2.73943 3.57009 80
    endloop
  endfacet
  facet normal 0.582472 0.812851 -2.7966e-06
    outer loop
      vertex 2.52935 3.72063 63.8674
      vertex 2.73943 3.57009 63.5938
      vertex 2.53154 3.71906 63.6667
    endloop
  endfacet
  facet normal 0.582471 0.812851 0
    outer loop
      vertex 2.50007 3.74161 0
      vertex 2.73943 3.57009 2.33917
      vertex 2.73943 3.57009 0
    endloop
  endfacet
  facet normal 0.582471 0.812851 0
    outer loop
      vertex 2.73943 3.57009 2.33917
      vertex 2.50007 3.74161 0
      vertex 2.50007 3.74161 2.42287
    endloop
  endfacet
  facet normal 0.582471 0.812851 0
    outer loop
      vertex 2.73943 3.57009 22.3392
      vertex 2.50007 3.74161 3.87734
      vertex 2.50007 3.74161 22.4229
    endloop
  endfacet
  facet normal 0.582446 0.81287 4.98243e-07
    outer loop
      vertex 2.73943 3.57009 22.3392
      vertex 2.52935 3.72063 3.86735
      vertex 2.50007 3.74161 3.87734
    endloop
  endfacet
  facet normal 0.582475 0.812849 -0
    outer loop
      vertex 2.73943 3.57009 3.59377
      vertex 2.52935 3.72063 3.86735
      vertex 2.73943 3.57009 22.3392
    endloop
  endfacet
  facet normal 0.582472 0.812851 -2.79688e-06
    outer loop
      vertex 2.52935 3.72063 3.86735
      vertex 2.73943 3.57009 3.59377
      vertex 2.53154 3.71906 3.66667
    endloop
  endfacet
  facet normal 0.582471 0.812851 0
    outer loop
      vertex 2.73943 3.57009 42.3392
      vertex 2.50007 3.74161 23.8773
      vertex 2.50007 3.74161 42.4229
    endloop
  endfacet
  facet normal 0.582446 0.81287 4.98261e-07
    outer loop
      vertex 2.73943 3.57009 42.3392
      vertex 2.52935 3.72063 23.8674
      vertex 2.50007 3.74161 23.8773
    endloop
  endfacet
  facet normal 0.582475 0.812849 -0
    outer loop
      vertex 2.73943 3.57009 23.5938
      vertex 2.52935 3.72063 23.8674
      vertex 2.73943 3.57009 42.3392
    endloop
  endfacet
  facet normal 0.582472 0.812851 -2.7966e-06
    outer loop
      vertex 2.52935 3.72063 23.8674
      vertex 2.73943 3.57009 23.5938
      vertex 2.53154 3.71906 23.6667
    endloop
  endfacet
  facet normal 0.582471 0.812851 0
    outer loop
      vertex 2.73943 3.57009 62.3392
      vertex 2.50007 3.74161 43.8773
      vertex 2.50007 3.74161 62.4229
    endloop
  endfacet
  facet normal 0.582446 0.81287 4.98261e-07
    outer loop
      vertex 2.73943 3.57009 62.3392
      vertex 2.52935 3.72063 43.8674
      vertex 2.50007 3.74161 43.8773
    endloop
  endfacet
  facet normal 0.582475 0.812849 -0
    outer loop
      vertex 2.73943 3.57009 43.5938
      vertex 2.52935 3.72063 43.8674
      vertex 2.73943 3.57009 62.3392
    endloop
  endfacet
  facet normal 0.582472 0.812851 -2.7966e-06
    outer loop
      vertex 2.52935 3.72063 43.8674
      vertex 2.73943 3.57009 43.5938
      vertex 2.53154 3.71906 43.6667
    endloop
  endfacet
  facet normal -0.162996 0.986627 -2.85691e-05
    outer loop
      vertex -0.797361 4.42683 4.79929
      vertex -0.877906 4.41353 5.02267
      vertex -0.799999 4.4264 5
    endloop
  endfacet
  facet normal -0.162901 0.986642 0
    outer loop
      vertex -0.877906 4.41353 0
      vertex -0.587367 4.4615 4.73957
      vertex -0.587367 4.4615 0
    endloop
  endfacet
  facet normal -0.162895 0.986643 -4.14141e-07
    outer loop
      vertex -0.587367 4.4615 4.73957
      vertex -0.877906 4.41353 0
      vertex -0.797361 4.42683 4.79929
    endloop
  endfacet
  facet normal -0.162919 0.986639 0
    outer loop
      vertex -0.797361 4.42683 4.79929
      vertex -0.877906 4.41353 0
      vertex -0.877906 4.41353 5.02267
    endloop
  endfacet
  facet normal -0.162901 0.986642 0
    outer loop
      vertex -0.587367 4.4615 80
      vertex -0.877906 4.41353 66.2771
      vertex -0.877906 4.41353 80
    endloop
  endfacet
  facet normal -0.162901 0.986642 1.5473e-10
    outer loop
      vertex -0.587367 4.4615 80
      vertex -0.610019 4.45776 66.2007
      vertex -0.877906 4.41353 66.2771
    endloop
  endfacet
  facet normal -0.162901 0.986642 0
    outer loop
      vertex -0.587367 4.4615 65.9942
      vertex -0.610019 4.45776 66.2007
      vertex -0.587367 4.4615 80
    endloop
  endfacet
  facet normal -0.16264 0.986685 2.94486e-05
    outer loop
      vertex -0.610019 4.45776 66.2007
      vertex -0.587367 4.4615 65.9942
      vertex -0.607386 4.4582 66
    endloop
  endfacet
  facet normal -0.162996 0.986627 -2.85707e-05
    outer loop
      vertex -0.797361 4.42683 24.7993
      vertex -0.877906 4.41353 25.0227
      vertex -0.799999 4.4264 25
    endloop
  endfacet
  facet normal -0.162919 0.986639 0
    outer loop
      vertex -0.797361 4.42683 24.7993
      vertex -0.877906 4.41353 6.27713
      vertex -0.877906 4.41353 25.0227
    endloop
  endfacet
  facet normal -0.162895 0.986643 -1.07687e-07
    outer loop
      vertex -0.587367 4.4615 24.7396
      vertex -0.877906 4.41353 6.27713
      vertex -0.797361 4.42683 24.7993
    endloop
  endfacet
  facet normal -0.162901 0.986642 1.15186e-10
    outer loop
      vertex -0.587367 4.4615 24.7396
      vertex -0.610019 4.45776 6.20067
      vertex -0.877906 4.41353 6.27713
    endloop
  endfacet
  facet normal -0.162901 0.986642 0
    outer loop
      vertex -0.587367 4.4615 5.99416
      vertex -0.610019 4.45776 6.20067
      vertex -0.587367 4.4615 24.7396
    endloop
  endfacet
  facet normal -0.16264 0.986685 2.94538e-05
    outer loop
      vertex -0.610019 4.45776 6.20067
      vertex -0.587367 4.4615 5.99416
      vertex -0.607386 4.4582 6
    endloop
  endfacet
  facet normal -0.162996 0.986627 -2.85707e-05
    outer loop
      vertex -0.797361 4.42683 44.7993
      vertex -0.877906 4.41353 45.0227
      vertex -0.799999 4.4264 45
    endloop
  endfacet
  facet normal -0.162919 0.986639 0
    outer loop
      vertex -0.797361 4.42683 44.7993
      vertex -0.877906 4.41353 26.2771
      vertex -0.877906 4.41353 45.0227
    endloop
  endfacet
  facet normal -0.162895 0.986643 -1.07687e-07
    outer loop
      vertex -0.587367 4.4615 44.7396
      vertex -0.877906 4.41353 26.2771
      vertex -0.797361 4.42683 44.7993
    endloop
  endfacet
  facet normal -0.162901 0.986642 1.15186e-10
    outer loop
      vertex -0.587367 4.4615 44.7396
      vertex -0.610019 4.45776 26.2007
      vertex -0.877906 4.41353 26.2771
    endloop
  endfacet
  facet normal -0.162901 0.986642 0
    outer loop
      vertex -0.587367 4.4615 25.9942
      vertex -0.610019 4.45776 26.2007
      vertex -0.587367 4.4615 44.7396
    endloop
  endfacet
  facet normal -0.16264 0.986685 2.94486e-05
    outer loop
      vertex -0.610019 4.45776 26.2007
      vertex -0.587367 4.4615 25.9942
      vertex -0.607386 4.4582 26
    endloop
  endfacet
  facet normal -0.162996 0.986627 -2.85707e-05
    outer loop
      vertex -0.797361 4.42683 64.7993
      vertex -0.877906 4.41353 65.0227
      vertex -0.799999 4.4264 65
    endloop
  endfacet
  facet normal -0.162919 0.986639 0
    outer loop
      vertex -0.797361 4.42683 64.7993
      vertex -0.877906 4.41353 46.2771
      vertex -0.877906 4.41353 65.0227
    endloop
  endfacet
  facet normal -0.162895 0.986643 -1.07687e-07
    outer loop
      vertex -0.587367 4.4615 64.7396
      vertex -0.877906 4.41353 46.2771
      vertex -0.797361 4.42683 64.7993
    endloop
  endfacet
  facet normal -0.162901 0.986642 1.15186e-10
    outer loop
      vertex -0.587367 4.4615 64.7396
      vertex -0.610019 4.45776 46.2007
      vertex -0.877906 4.41353 46.2771
    endloop
  endfacet
  facet normal -0.162901 0.986642 0
    outer loop
      vertex -0.587367 4.4615 45.9942
      vertex -0.610019 4.45776 46.2007
      vertex -0.587367 4.4615 64.7396
    endloop
  endfacet
  facet normal -0.16264 0.986685 2.94486e-05
    outer loop
      vertex -0.610019 4.45776 46.2007
      vertex -0.587367 4.4615 45.9942
      vertex -0.607386 4.4582 46
    endloop
  endfacet
  facet normal -0.352236 0.935911 0
    outer loop
      vertex -1.44648 4.26118 80
      vertex -1.72207 4.15746 66.9271
      vertex -1.72207 4.15746 80
    endloop
  endfacet
  facet normal -0.352251 0.935906 3.55548e-07
    outer loop
      vertex -1.44648 4.26118 80
      vertex -1.52288 4.23243 66.8674
      vertex -1.72207 4.15746 66.9271
    endloop
  endfacet
  facet normal -0.352197 0.935926 0
    outer loop
      vertex -1.44648 4.26118 66.644
      vertex -1.52288 4.23243 66.8674
      vertex -1.44648 4.26118 80
    endloop
  endfacet
  facet normal -0.352207 0.935922 -3.73736e-06
    outer loop
      vertex -1.52288 4.23243 66.8674
      vertex -1.44648 4.26118 66.644
      vertex -1.52038 4.23337 66.6667
    endloop
  endfacet
  facet normal -0.352097 0.935964 -2.17073e-06
    outer loop
      vertex -1.70059 4.16554 5.46599
      vertex -1.72207 4.15746 5.6725
      vertex -1.70309 4.1646 5.66667
    endloop
  endfacet
  facet normal -0.352236 0.935911 0
    outer loop
      vertex -1.72207 4.15746 0
      vertex -1.44648 4.26118 5.38954
      vertex -1.44648 4.26118 0
    endloop
  endfacet
  facet normal -0.352249 0.935906 7.66167e-07
    outer loop
      vertex -1.44648 4.26118 5.38954
      vertex -1.72207 4.15746 0
      vertex -1.70059 4.16554 5.46599
    endloop
  endfacet
  facet normal -0.352078 0.935971 0
    outer loop
      vertex -1.70059 4.16554 5.46599
      vertex -1.72207 4.15746 0
      vertex -1.72207 4.15746 5.6725
    endloop
  endfacet
  facet normal -0.352097 0.935964 -2.17047e-06
    outer loop
      vertex -1.70059 4.16554 25.466
      vertex -1.72207 4.15746 25.6725
      vertex -1.70309 4.1646 25.6667
    endloop
  endfacet
  facet normal -0.352078 0.935971 0
    outer loop
      vertex -1.70059 4.16554 25.466
      vertex -1.72207 4.15746 6.9271
      vertex -1.72207 4.15746 25.6725
    endloop
  endfacet
  facet normal -0.352249 0.935906 2.26084e-07
    outer loop
      vertex -1.44648 4.26118 25.3895
      vertex -1.72207 4.15746 6.9271
      vertex -1.70059 4.16554 25.466
    endloop
  endfacet
  facet normal -0.352251 0.935906 2.52219e-07
    outer loop
      vertex -1.44648 4.26118 25.3895
      vertex -1.52288 4.23243 6.86738
      vertex -1.72207 4.15746 6.9271
    endloop
  endfacet
  facet normal -0.352197 0.935926 0
    outer loop
      vertex -1.44648 4.26118 6.64399
      vertex -1.52288 4.23243 6.86738
      vertex -1.44648 4.26118 25.3895
    endloop
  endfacet
  facet normal -0.352207 0.935922 -3.73716e-06
    outer loop
      vertex -1.52288 4.23243 6.86738
      vertex -1.44648 4.26118 6.64399
      vertex -1.52038 4.23337 6.66667
    endloop
  endfacet
  facet normal -0.352097 0.935964 -2.17047e-06
    outer loop
      vertex -1.70059 4.16554 45.466
      vertex -1.72207 4.15746 45.6725
      vertex -1.70309 4.1646 45.6667
    endloop
  endfacet
  facet normal -0.352078 0.935971 0
    outer loop
      vertex -1.70059 4.16554 45.466
      vertex -1.72207 4.15746 26.9271
      vertex -1.72207 4.15746 45.6725
    endloop
  endfacet
  facet normal -0.352249 0.935906 2.26084e-07
    outer loop
      vertex -1.44648 4.26118 45.3895
      vertex -1.72207 4.15746 26.9271
      vertex -1.70059 4.16554 45.466
    endloop
  endfacet
  facet normal -0.352251 0.935906 2.5222e-07
    outer loop
      vertex -1.44648 4.26118 45.3895
      vertex -1.52288 4.23243 26.8674
      vertex -1.72207 4.15746 26.9271
    endloop
  endfacet
  facet normal -0.352197 0.935926 0
    outer loop
      vertex -1.44648 4.26118 26.644
      vertex -1.52288 4.23243 26.8674
      vertex -1.44648 4.26118 45.3895
    endloop
  endfacet
  facet normal -0.352207 0.935922 -3.73736e-06
    outer loop
      vertex -1.52288 4.23243 26.8674
      vertex -1.44648 4.26118 26.644
      vertex -1.52038 4.23337 26.6667
    endloop
  endfacet
  facet normal -0.352097 0.935964 -2.17047e-06
    outer loop
      vertex -1.70059 4.16554 65.466
      vertex -1.72207 4.15746 65.6725
      vertex -1.70309 4.1646 65.6667
    endloop
  endfacet
  facet normal -0.352078 0.935971 0
    outer loop
      vertex -1.70059 4.16554 65.466
      vertex -1.72207 4.15746 46.9271
      vertex -1.72207 4.15746 65.6725
    endloop
  endfacet
  facet normal -0.352249 0.935906 2.26084e-07
    outer loop
      vertex -1.44648 4.26118 65.3895
      vertex -1.72207 4.15746 46.9271
      vertex -1.70059 4.16554 65.466
    endloop
  endfacet
  facet normal -0.352251 0.935906 2.5222e-07
    outer loop
      vertex -1.44648 4.26118 65.3895
      vertex -1.52288 4.23243 46.8674
      vertex -1.72207 4.15746 46.9271
    endloop
  endfacet
  facet normal -0.352197 0.935926 0
    outer loop
      vertex -1.44648 4.26118 46.644
      vertex -1.52288 4.23243 46.8674
      vertex -1.44648 4.26118 65.3895
    endloop
  endfacet
  facet normal -0.352207 0.935922 -3.73736e-06
    outer loop
      vertex -1.52288 4.23243 46.8674
      vertex -1.44648 4.26118 46.644
      vertex -1.52038 4.23337 46.6667
    endloop
  endfacet
  facet normal 0.729855 -0.683602 0
    outer loop
      vertex 3.18198 -3.18198 80
      vertex 3.38328 -2.96706 78.3107
      vertex 3.38328 -2.96706 80
    endloop
  endfacet
  facet normal 0.729855 -0.683602 0
    outer loop
      vertex 3.38328 -2.96706 78.3107
      vertex 3.18198 -3.18198 80
      vertex 3.18198 -3.18198 78.2272
    endloop
  endfacet
  facet normal 0.729867 -0.683589 -1.55443e-05
    outer loop
      vertex 3.247 -3.11256 16.7993
      vertex 3.38328 -2.96706 17.0562
      vertex 3.24884 -3.1106 17
    endloop
  endfacet
  facet normal 0.729853 -0.683604 0
    outer loop
      vertex 3.38328 -2.96706 17.0562
      vertex 3.247 -3.11256 16.7993
      vertex 3.38328 -2.96706 0
    endloop
  endfacet
  facet normal 0.729858 -0.683598 9.20695e-08
    outer loop
      vertex 3.18198 -3.18198 16.7728
      vertex 3.38328 -2.96706 0
      vertex 3.247 -3.11256 16.7993
    endloop
  endfacet
  facet normal 0.729855 -0.683602 0
    outer loop
      vertex 3.38328 -2.96706 0
      vertex 3.18198 -3.18198 16.7728
      vertex 3.18198 -3.18198 0
    endloop
  endfacet
  facet normal 0.729867 -0.683589 -1.55443e-05
    outer loop
      vertex 3.247 -3.11256 36.7993
      vertex 3.38328 -2.96706 37.0562
      vertex 3.24884 -3.1106 37
    endloop
  endfacet
  facet normal 0.729853 -0.683604 0
    outer loop
      vertex 3.38328 -2.96706 37.0562
      vertex 3.247 -3.11256 36.7993
      vertex 3.38328 -2.96706 18.3107
    endloop
  endfacet
  facet normal 0.729858 -0.683598 8.36823e-08
    outer loop
      vertex 3.18198 -3.18198 36.7728
      vertex 3.38328 -2.96706 18.3107
      vertex 3.247 -3.11256 36.7993
    endloop
  endfacet
  facet normal 0.729855 -0.683602 0
    outer loop
      vertex 3.38328 -2.96706 18.3107
      vertex 3.18198 -3.18198 36.7728
      vertex 3.18198 -3.18198 18.2272
    endloop
  endfacet
  facet normal 0.729867 -0.683589 -1.55443e-05
    outer loop
      vertex 3.247 -3.11256 56.7993
      vertex 3.38328 -2.96706 57.0562
      vertex 3.24884 -3.1106 57
    endloop
  endfacet
  facet normal 0.729853 -0.683604 0
    outer loop
      vertex 3.38328 -2.96706 57.0562
      vertex 3.247 -3.11256 56.7993
      vertex 3.38328 -2.96706 38.3107
    endloop
  endfacet
  facet normal 0.729858 -0.683598 8.36823e-08
    outer loop
      vertex 3.18198 -3.18198 56.7728
      vertex 3.38328 -2.96706 38.3107
      vertex 3.247 -3.11256 56.7993
    endloop
  endfacet
  facet normal 0.729855 -0.683602 0
    outer loop
      vertex 3.38328 -2.96706 38.3107
      vertex 3.18198 -3.18198 56.7728
      vertex 3.18198 -3.18198 38.2272
    endloop
  endfacet
  facet normal 0.729867 -0.683589 -1.55443e-05
    outer loop
      vertex 3.247 -3.11256 76.7993
      vertex 3.38328 -2.96706 77.0562
      vertex 3.24884 -3.1106 77
    endloop
  endfacet
  facet normal 0.729853 -0.683604 0
    outer loop
      vertex 3.38328 -2.96706 77.0562
      vertex 3.247 -3.11256 76.7993
      vertex 3.38328 -2.96706 58.3107
    endloop
  endfacet
  facet normal 0.729858 -0.683598 8.36823e-08
    outer loop
      vertex 3.18198 -3.18198 76.7728
      vertex 3.38328 -2.96706 58.3107
      vertex 3.247 -3.11256 76.7993
    endloop
  endfacet
  facet normal 0.729855 -0.683602 0
    outer loop
      vertex 3.38328 -2.96706 58.3107
      vertex 3.18198 -3.18198 76.7728
      vertex 3.18198 -3.18198 58.2272
    endloop
  endfacet
  facet normal -0.773012 0.634391 0
    outer loop
      vertex -3.57009 2.73943 0
      vertex -3.38328 2.96706 7.05621
      vertex -3.38328 2.96706 0
    endloop
  endfacet
  facet normal -0.773032 0.634367 1.32054e-06
    outer loop
      vertex -3.38328 2.96706 7.05621
      vertex -3.57009 2.73943 0
      vertex -3.55552 2.75717 7.13266
    endloop
  endfacet
  facet normal -0.772772 0.634684 0
    outer loop
      vertex -3.57009 2.73943 7.33917
      vertex -3.55552 2.75717 7.13266
      vertex -3.57009 2.73943 0
    endloop
  endfacet
  facet normal -0.772974 0.634437 -3.54617e-05
    outer loop
      vertex -3.55552 2.75717 7.13266
      vertex -3.57009 2.73943 7.33917
      vertex -3.55722 2.75511 7.33333
    endloop
  endfacet
  facet normal -0.773038 0.63436 -5.17514e-06
    outer loop
      vertex -3.43507 2.90395 68.534
      vertex -3.38328 2.96706 68.3107
      vertex -3.43337 2.90602 68.3333
    endloop
  endfacet
  facet normal -0.773029 0.634371 0
    outer loop
      vertex -3.38328 2.96706 68.3107
      vertex -3.43507 2.90395 68.534
      vertex -3.38328 2.96706 80
    endloop
  endfacet
  facet normal -0.773006 0.634399 -2.5413e-07
    outer loop
      vertex -3.57009 2.73943 68.5938
      vertex -3.38328 2.96706 80
      vertex -3.43507 2.90395 68.534
    endloop
  endfacet
  facet normal -0.773012 0.634391 0
    outer loop
      vertex -3.38328 2.96706 80
      vertex -3.57009 2.73943 68.5938
      vertex -3.57009 2.73943 80
    endloop
  endfacet
  facet normal -0.773038 0.63436 -5.17469e-06
    outer loop
      vertex -3.43507 2.90395 8.53405
      vertex -3.38328 2.96706 8.31066
      vertex -3.43337 2.90602 8.33333
    endloop
  endfacet
  facet normal -0.773029 0.634371 0
    outer loop
      vertex -3.38328 2.96706 8.31066
      vertex -3.43507 2.90395 8.53405
      vertex -3.38328 2.96706 27.0562
    endloop
  endfacet
  facet normal -0.773006 0.634399 -1.57437e-07
    outer loop
      vertex -3.57009 2.73943 8.59377
      vertex -3.38328 2.96706 27.0562
      vertex -3.43507 2.90395 8.53405
    endloop
  endfacet
  facet normal -0.773033 0.634366 5.08345e-07
    outer loop
      vertex -3.38328 2.96706 27.0562
      vertex -3.57009 2.73943 8.59377
      vertex -3.55552 2.75717 27.1327
    endloop
  endfacet
  facet normal -0.772772 0.634684 0
    outer loop
      vertex -3.57009 2.73943 27.3392
      vertex -3.55552 2.75717 27.1327
      vertex -3.57009 2.73943 8.59377
    endloop
  endfacet
  facet normal -0.772975 0.634437 -3.54755e-05
    outer loop
      vertex -3.55552 2.75717 27.1327
      vertex -3.57009 2.73943 27.3392
      vertex -3.55722 2.75511 27.3333
    endloop
  endfacet
  facet normal -0.773038 0.63436 -5.17514e-06
    outer loop
      vertex -3.43507 2.90395 28.534
      vertex -3.38328 2.96706 28.3107
      vertex -3.43337 2.90602 28.3333
    endloop
  endfacet
  facet normal -0.773029 0.634371 0
    outer loop
      vertex -3.38328 2.96706 28.3107
      vertex -3.43507 2.90395 28.534
      vertex -3.38328 2.96706 47.0562
    endloop
  endfacet
  facet normal -0.773006 0.634399 -1.57436e-07
    outer loop
      vertex -3.57009 2.73943 28.5938
      vertex -3.38328 2.96706 47.0562
      vertex -3.43507 2.90395 28.534
    endloop
  endfacet
  facet normal -0.773033 0.634366 5.08346e-07
    outer loop
      vertex -3.38328 2.96706 47.0562
      vertex -3.57009 2.73943 28.5938
      vertex -3.55552 2.75717 47.1327
    endloop
  endfacet
  facet normal -0.772772 0.634684 0
    outer loop
      vertex -3.57009 2.73943 47.3392
      vertex -3.55552 2.75717 47.1327
      vertex -3.57009 2.73943 28.5938
    endloop
  endfacet
  facet normal -0.772975 0.634437 -3.54755e-05
    outer loop
      vertex -3.55552 2.75717 47.1327
      vertex -3.57009 2.73943 47.3392
      vertex -3.55722 2.75511 47.3333
    endloop
  endfacet
  facet normal -0.773038 0.63436 -5.17514e-06
    outer loop
      vertex -3.43507 2.90395 48.534
      vertex -3.38328 2.96706 48.3107
      vertex -3.43337 2.90602 48.3333
    endloop
  endfacet
  facet normal -0.773029 0.634371 0
    outer loop
      vertex -3.38328 2.96706 48.3107
      vertex -3.43507 2.90395 48.534
      vertex -3.38328 2.96706 67.0562
    endloop
  endfacet
  facet normal -0.773006 0.634399 -1.57436e-07
    outer loop
      vertex -3.57009 2.73943 48.5938
      vertex -3.38328 2.96706 67.0562
      vertex -3.43507 2.90395 48.534
    endloop
  endfacet
  facet normal -0.773033 0.634366 5.08346e-07
    outer loop
      vertex -3.38328 2.96706 67.0562
      vertex -3.57009 2.73943 48.5938
      vertex -3.55552 2.75717 67.1327
    endloop
  endfacet
  facet normal -0.772772 0.634684 0
    outer loop
      vertex -3.57009 2.73943 67.3392
      vertex -3.55552 2.75717 67.1327
      vertex -3.57009 2.73943 48.5938
    endloop
  endfacet
  facet normal -0.772975 0.634437 -3.54755e-05
    outer loop
      vertex -3.55552 2.75717 67.1327
      vertex -3.57009 2.73943 67.3392
      vertex -3.55722 2.75511 67.3333
    endloop
  endfacet
  facet normal 0.881911 0.471416 0
    outer loop
      vertex 4.03593 1.9903 80
      vertex 3.89711 2.25 62.2939
      vertex 3.89711 2.25 80
    endloop
  endfacet
  facet normal 0.881911 0.471416 0
    outer loop
      vertex 3.89711 2.25 62.2939
      vertex 4.03593 1.9903 80
      vertex 4.03593 1.9903 62.2107
    endloop
  endfacet
  facet normal 0.881894 0.471447 -3.06055e-05
    outer loop
      vertex 3.96331 2.12615 0.799272
      vertex 3.89711 2.25 1.03946
      vertex 3.96205 2.12852 1
    endloop
  endfacet
  facet normal 0.881919 0.471401 0
    outer loop
      vertex 3.89711 2.25 1.03946
      vertex 3.96331 2.12615 0.799272
      vertex 3.89711 2.25 0
    endloop
  endfacet
  facet normal 0.881904 0.471429 5.55087e-06
    outer loop
      vertex 4.03593 1.9903 0.756207
      vertex 3.89711 2.25 0
      vertex 3.96331 2.12615 0.799272
    endloop
  endfacet
  facet normal 0.881911 0.471416 0
    outer loop
      vertex 3.89711 2.25 0
      vertex 4.03593 1.9903 0.756207
      vertex 4.03593 1.9903 0
    endloop
  endfacet
  facet normal 0.881894 0.471447 -3.061e-05
    outer loop
      vertex 3.96331 2.12615 20.7993
      vertex 3.89711 2.25 21.0395
      vertex 3.96205 2.12852 21
    endloop
  endfacet
  facet normal 0.881919 0.471401 0
    outer loop
      vertex 3.89711 2.25 21.0395
      vertex 3.96331 2.12615 20.7993
      vertex 3.89711 2.25 2.29387
    endloop
  endfacet
  facet normal 0.881903 0.47143 2.50992e-07
    outer loop
      vertex 4.03593 1.9903 20.7562
      vertex 3.89711 2.25 2.29387
      vertex 3.96331 2.12615 20.7993
    endloop
  endfacet
  facet normal 0.881911 0.471416 0
    outer loop
      vertex 3.89711 2.25 2.29387
      vertex 4.03593 1.9903 20.7562
      vertex 4.03593 1.9903 2.21068
    endloop
  endfacet
  facet normal 0.881894 0.471447 -3.061e-05
    outer loop
      vertex 3.96331 2.12615 40.7993
      vertex 3.89711 2.25 41.0395
      vertex 3.96205 2.12852 41
    endloop
  endfacet
  facet normal 0.881919 0.471401 0
    outer loop
      vertex 3.89711 2.25 41.0395
      vertex 3.96331 2.12615 40.7993
      vertex 3.89711 2.25 22.2939
    endloop
  endfacet
  facet normal 0.881903 0.47143 2.50993e-07
    outer loop
      vertex 4.03593 1.9903 40.7562
      vertex 3.89711 2.25 22.2939
      vertex 3.96331 2.12615 40.7993
    endloop
  endfacet
  facet normal 0.881911 0.471416 0
    outer loop
      vertex 3.89711 2.25 22.2939
      vertex 4.03593 1.9903 40.7562
      vertex 4.03593 1.9903 22.2107
    endloop
  endfacet
  facet normal 0.881894 0.471447 -3.061e-05
    outer loop
      vertex 3.96331 2.12615 60.7993
      vertex 3.89711 2.25 61.0395
      vertex 3.96205 2.12852 61
    endloop
  endfacet
  facet normal 0.881919 0.471401 0
    outer loop
      vertex 3.89711 2.25 61.0395
      vertex 3.96331 2.12615 60.7993
      vertex 3.89711 2.25 42.2939
    endloop
  endfacet
  facet normal 0.881903 0.47143 2.50993e-07
    outer loop
      vertex 4.03593 1.9903 60.7562
      vertex 3.89711 2.25 42.2939
      vertex 3.96331 2.12615 60.7993
    endloop
  endfacet
  facet normal 0.881911 0.471416 0
    outer loop
      vertex 3.89711 2.25 42.2939
      vertex 4.03593 1.9903 60.7562
      vertex 4.03593 1.9903 42.2107
    endloop
  endfacet
  facet normal 0.995183 -0.0980397 0
    outer loop
      vertex 4.4615 -0.587367 19.0058
      vertex 4.49037 -0.294313 0.54401
      vertex 4.49037 -0.294313 19.0895
    endloop
  endfacet
  facet normal 0.995162 -0.0982523 -3.40859e-06
    outer loop
      vertex 4.49037 -0.294313 0.54401
      vertex 4.4615 -0.587367 19.0058
      vertex 4.48683 -0.330168 0.534018
    endloop
  endfacet
  facet normal 0.995185 -0.0980099 0
    outer loop
      vertex 4.4615 -0.587367 0.260434
      vertex 4.48683 -0.330168 0.534018
      vertex 4.4615 -0.587367 19.0058
    endloop
  endfacet
  facet normal 0.995183 -0.0980313 2.03015e-05
    outer loop
      vertex 4.48683 -0.330168 0.534018
      vertex 4.4615 -0.587367 0.260434
      vertex 4.48657 -0.332849 0.333333
    endloop
  endfacet
  facet normal 0.995183 -0.0980397 0
    outer loop
      vertex 4.4615 -0.587367 39.0058
      vertex 4.49037 -0.294313 20.544
      vertex 4.49037 -0.294313 39.0895
    endloop
  endfacet
  facet normal 0.995162 -0.0982523 -3.40858e-06
    outer loop
      vertex 4.49037 -0.294313 20.544
      vertex 4.4615 -0.587367 39.0058
      vertex 4.48683 -0.330168 20.534
    endloop
  endfacet
  facet normal 0.995185 -0.0980099 0
    outer loop
      vertex 4.4615 -0.587367 20.2604
      vertex 4.48683 -0.330168 20.534
      vertex 4.4615 -0.587367 39.0058
    endloop
  endfacet
  facet normal 0.995183 -0.0980313 2.03e-05
    outer loop
      vertex 4.48683 -0.330168 20.534
      vertex 4.4615 -0.587367 20.2604
      vertex 4.48657 -0.332849 20.3333
    endloop
  endfacet
  facet normal 0.995183 -0.0980397 0
    outer loop
      vertex 4.4615 -0.587367 59.0058
      vertex 4.49037 -0.294313 40.544
      vertex 4.49037 -0.294313 59.0895
    endloop
  endfacet
  facet normal 0.995162 -0.0982523 -3.40858e-06
    outer loop
      vertex 4.49037 -0.294313 40.544
      vertex 4.4615 -0.587367 59.0058
      vertex 4.48683 -0.330168 40.534
    endloop
  endfacet
  facet normal 0.995185 -0.0980099 0
    outer loop
      vertex 4.4615 -0.587367 40.2604
      vertex 4.48683 -0.330168 40.534
      vertex 4.4615 -0.587367 59.0058
    endloop
  endfacet
  facet normal 0.995183 -0.0980313 2.03e-05
    outer loop
      vertex 4.48683 -0.330168 40.534
      vertex 4.4615 -0.587367 40.2604
      vertex 4.48657 -0.332849 40.3333
    endloop
  endfacet
  facet normal 0.995183 -0.0980397 0
    outer loop
      vertex 4.4615 -0.587367 79.0058
      vertex 4.49037 -0.294313 60.544
      vertex 4.49037 -0.294313 79.0895
    endloop
  endfacet
  facet normal 0.995162 -0.0982523 -3.40858e-06
    outer loop
      vertex 4.49037 -0.294313 60.544
      vertex 4.4615 -0.587367 79.0058
      vertex 4.48683 -0.330168 60.534
    endloop
  endfacet
  facet normal 0.995185 -0.0980099 0
    outer loop
      vertex 4.4615 -0.587367 60.2604
      vertex 4.48683 -0.330168 60.534
      vertex 4.4615 -0.587367 79.0058
    endloop
  endfacet
  facet normal 0.995183 -0.0980313 2.03e-05
    outer loop
      vertex 4.48683 -0.330168 60.534
      vertex 4.4615 -0.587367 60.2604
      vertex 4.48657 -0.332849 60.3333
    endloop
  endfacet
  facet normal -0.729855 0.683602 0
    outer loop
      vertex -3.38328 2.96706 0
      vertex -3.18198 3.18198 6.77279
      vertex -3.18198 3.18198 0
    endloop
  endfacet
  facet normal -0.729858 0.683598 2.26384e-07
    outer loop
      vertex -3.18198 3.18198 6.77279
      vertex -3.38328 2.96706 0
      vertex -3.247 3.11256 6.79928
    endloop
  endfacet
  facet normal -0.729853 0.683604 0
    outer loop
      vertex -3.38328 2.96706 7.05621
      vertex -3.247 3.11256 6.79928
      vertex -3.38328 2.96706 0
    endloop
  endfacet
  facet normal -0.729867 0.683589 -1.55427e-05
    outer loop
      vertex -3.247 3.11256 6.79928
      vertex -3.38328 2.96706 7.05621
      vertex -3.24884 3.1106 7
    endloop
  endfacet
  facet normal -0.729855 0.683602 0
    outer loop
      vertex -3.38328 2.96706 68.3107
      vertex -3.18198 3.18198 80
      vertex -3.18198 3.18198 68.2272
    endloop
  endfacet
  facet normal -0.729855 0.683602 0
    outer loop
      vertex -3.18198 3.18198 80
      vertex -3.38328 2.96706 68.3107
      vertex -3.38328 2.96706 80
    endloop
  endfacet
  facet normal -0.729855 0.683602 0
    outer loop
      vertex -3.38328 2.96706 8.31066
      vertex -3.18198 3.18198 26.7728
      vertex -3.18198 3.18198 8.22721
    endloop
  endfacet
  facet normal -0.729858 0.683598 8.36821e-08
    outer loop
      vertex -3.18198 3.18198 26.7728
      vertex -3.38328 2.96706 8.31066
      vertex -3.247 3.11256 26.7993
    endloop
  endfacet
  facet normal -0.729853 0.683604 0
    outer loop
      vertex -3.38328 2.96706 27.0562
      vertex -3.247 3.11256 26.7993
      vertex -3.38328 2.96706 8.31066
    endloop
  endfacet
  facet normal -0.729867 0.683589 -1.55443e-05
    outer loop
      vertex -3.247 3.11256 26.7993
      vertex -3.38328 2.96706 27.0562
      vertex -3.24884 3.1106 27
    endloop
  endfacet
  facet normal -0.729855 0.683602 0
    outer loop
      vertex -3.38328 2.96706 28.3107
      vertex -3.18198 3.18198 46.7728
      vertex -3.18198 3.18198 28.2272
    endloop
  endfacet
  facet normal -0.729858 0.683598 8.36823e-08
    outer loop
      vertex -3.18198 3.18198 46.7728
      vertex -3.38328 2.96706 28.3107
      vertex -3.247 3.11256 46.7993
    endloop
  endfacet
  facet normal -0.729853 0.683604 0
    outer loop
      vertex -3.38328 2.96706 47.0562
      vertex -3.247 3.11256 46.7993
      vertex -3.38328 2.96706 28.3107
    endloop
  endfacet
  facet normal -0.729867 0.683589 -1.55443e-05
    outer loop
      vertex -3.247 3.11256 46.7993
      vertex -3.38328 2.96706 47.0562
      vertex -3.24884 3.1106 47
    endloop
  endfacet
  facet normal -0.729855 0.683602 0
    outer loop
      vertex -3.38328 2.96706 48.3107
      vertex -3.18198 3.18198 66.7728
      vertex -3.18198 3.18198 48.2272
    endloop
  endfacet
  facet normal -0.729858 0.683598 8.36823e-08
    outer loop
      vertex -3.18198 3.18198 66.7728
      vertex -3.38328 2.96706 48.3107
      vertex -3.247 3.11256 66.7993
    endloop
  endfacet
  facet normal -0.729853 0.683604 0
    outer loop
      vertex -3.38328 2.96706 67.0562
      vertex -3.247 3.11256 66.7993
      vertex -3.38328 2.96706 48.3107
    endloop
  endfacet
  facet normal -0.729867 0.683589 -1.55443e-05
    outer loop
      vertex -3.247 3.11256 66.7993
      vertex -3.38328 2.96706 67.0562
      vertex -3.24884 3.1106 67
    endloop
  endfacet
  facet normal 0.973883 0.227048 0
    outer loop
      vertex 4.41353 0.877906 0.0226717
      vertex 4.34667 1.16469 0
      vertex 4.34667 1.16469 0.106128
    endloop
  endfacet
  facet normal 0.973883 0.227048 0
    outer loop
      vertex 4.34667 1.16469 0
      vertex 4.41353 0.877906 0.0226717
      vertex 4.41353 0.877906 0
    endloop
  endfacet
  facet normal 0.973883 0.227048 0
    outer loop
      vertex 4.41353 0.877906 80
      vertex 4.34667 1.16469 61.5605
      vertex 4.34667 1.16469 80
    endloop
  endfacet
  facet normal 0.973896 0.226994 -8.94191e-07
    outer loop
      vertex 4.34667 1.16469 61.5605
      vertex 4.41353 0.877906 80
      vertex 4.36826 1.07206 61.534
    endloop
  endfacet
  facet normal 0.973877 0.227075 -0
    outer loop
      vertex 4.41353 0.877906 61.2771
      vertex 4.36826 1.07206 61.534
      vertex 4.41353 0.877906 80
    endloop
  endfacet
  facet normal 0.973876 0.22708 -4.4114e-06
    outer loop
      vertex 4.36826 1.07206 61.534
      vertex 4.41353 0.877906 61.2771
      vertex 4.36887 1.06944 61.3333
    endloop
  endfacet
  facet normal 0.973883 0.227048 0
    outer loop
      vertex 4.41353 0.877906 20.0227
      vertex 4.34667 1.16469 1.56054
      vertex 4.34667 1.16469 20.1061
    endloop
  endfacet
  facet normal 0.973896 0.226994 -8.931e-07
    outer loop
      vertex 4.34667 1.16469 1.56054
      vertex 4.41353 0.877906 20.0227
      vertex 4.36826 1.07206 1.53405
    endloop
  endfacet
  facet normal 0.973877 0.227075 -0
    outer loop
      vertex 4.41353 0.877906 1.27713
      vertex 4.36826 1.07206 1.53405
      vertex 4.41353 0.877906 20.0227
    endloop
  endfacet
  facet normal 0.973876 0.22708 -4.41096e-06
    outer loop
      vertex 4.36826 1.07206 1.53405
      vertex 4.41353 0.877906 1.27713
      vertex 4.36887 1.06944 1.33333
    endloop
  endfacet
  facet normal 0.973883 0.227048 0
    outer loop
      vertex 4.41353 0.877906 40.0227
      vertex 4.34667 1.16469 21.5605
      vertex 4.34667 1.16469 40.1061
    endloop
  endfacet
  facet normal 0.973896 0.226994 -8.93112e-07
    outer loop
      vertex 4.34667 1.16469 21.5605
      vertex 4.41353 0.877906 40.0227
      vertex 4.36826 1.07206 21.5341
    endloop
  endfacet
  facet normal 0.973877 0.227075 -0
    outer loop
      vertex 4.41353 0.877906 21.2771
      vertex 4.36826 1.07206 21.5341
      vertex 4.41353 0.877906 40.0227
    endloop
  endfacet
  facet normal 0.973876 0.22708 -4.4092e-06
    outer loop
      vertex 4.36826 1.07206 21.5341
      vertex 4.41353 0.877906 21.2771
      vertex 4.36887 1.06944 21.3333
    endloop
  endfacet
  facet normal 0.973883 0.227048 0
    outer loop
      vertex 4.41353 0.877906 60.0227
      vertex 4.34667 1.16469 41.5605
      vertex 4.34667 1.16469 60.1061
    endloop
  endfacet
  facet normal 0.973896 0.226994 -8.93097e-07
    outer loop
      vertex 4.34667 1.16469 41.5605
      vertex 4.41353 0.877906 60.0227
      vertex 4.36826 1.07206 41.534
    endloop
  endfacet
  facet normal 0.973877 0.227075 -0
    outer loop
      vertex 4.41353 0.877906 41.2771
      vertex 4.36826 1.07206 41.534
      vertex 4.41353 0.877906 60.0227
    endloop
  endfacet
  facet normal 0.973876 0.22708 -4.4114e-06
    outer loop
      vertex 4.36826 1.07206 41.534
      vertex 4.41353 0.877906 41.2771
      vertex 4.36887 1.06944 41.3333
    endloop
  endfacet
  facet normal 0.812851 -0.582471 0
    outer loop
      vertex 3.57009 -2.73943 17.3392
      vertex 3.74161 -2.50007 0
      vertex 3.74161 -2.50007 17.4229
    endloop
  endfacet
  facet normal 0.812851 -0.582471 0
    outer loop
      vertex 3.74161 -2.50007 0
      vertex 3.57009 -2.73943 17.3392
      vertex 3.57009 -2.73943 0
    endloop
  endfacet
  facet normal 0.812851 -0.582471 0
    outer loop
      vertex 3.57009 -2.73943 80
      vertex 3.74161 -2.50007 78.8773
      vertex 3.74161 -2.50007 80
    endloop
  endfacet
  facet normal 0.812868 -0.582447 7.67086e-06
    outer loop
      vertex 3.74161 -2.50007 78.8773
      vertex 3.57009 -2.73943 80
      vertex 3.72063 -2.52935 78.8673
    endloop
  endfacet
  facet normal 0.812849 -0.582475 0
    outer loop
      vertex 3.57009 -2.73943 78.5938
      vertex 3.72063 -2.52935 78.8673
      vertex 3.57009 -2.73943 80
    endloop
  endfacet
  facet normal 0.812851 -0.582472 -2.798e-06
    outer loop
      vertex 3.72063 -2.52935 78.8673
      vertex 3.57009 -2.73943 78.5938
      vertex 3.71906 -2.53154 78.6667
    endloop
  endfacet
  facet normal 0.812851 -0.582471 0
    outer loop
      vertex 3.57009 -2.73943 37.3392
      vertex 3.74161 -2.50007 18.8773
      vertex 3.74161 -2.50007 37.4229
    endloop
  endfacet
  facet normal 0.81287 -0.582446 4.98261e-07
    outer loop
      vertex 3.74161 -2.50007 18.8773
      vertex 3.57009 -2.73943 37.3392
      vertex 3.72063 -2.52935 18.8674
    endloop
  endfacet
  facet normal 0.812849 -0.582475 0
    outer loop
      vertex 3.57009 -2.73943 18.5938
      vertex 3.72063 -2.52935 18.8674
      vertex 3.57009 -2.73943 37.3392
    endloop
  endfacet
  facet normal 0.812851 -0.582472 -2.7966e-06
    outer loop
      vertex 3.72063 -2.52935 18.8674
      vertex 3.57009 -2.73943 18.5938
      vertex 3.71906 -2.53154 18.6667
    endloop
  endfacet
  facet normal 0.812851 -0.582471 0
    outer loop
      vertex 3.57009 -2.73943 57.3392
      vertex 3.74161 -2.50007 38.8773
      vertex 3.74161 -2.50007 57.4229
    endloop
  endfacet
  facet normal 0.81287 -0.582446 4.98261e-07
    outer loop
      vertex 3.74161 -2.50007 38.8773
      vertex 3.57009 -2.73943 57.3392
      vertex 3.72063 -2.52935 38.8674
    endloop
  endfacet
  facet normal 0.812849 -0.582475 0
    outer loop
      vertex 3.57009 -2.73943 38.5938
      vertex 3.72063 -2.52935 38.8674
      vertex 3.57009 -2.73943 57.3392
    endloop
  endfacet
  facet normal 0.812851 -0.582472 -2.7966e-06
    outer loop
      vertex 3.72063 -2.52935 38.8674
      vertex 3.57009 -2.73943 38.5938
      vertex 3.71906 -2.53154 38.6667
    endloop
  endfacet
  facet normal 0.812851 -0.582471 0
    outer loop
      vertex 3.57009 -2.73943 77.3392
      vertex 3.74161 -2.50007 58.8773
      vertex 3.74161 -2.50007 77.4229
    endloop
  endfacet
  facet normal 0.81287 -0.582446 4.98261e-07
    outer loop
      vertex 3.74161 -2.50007 58.8773
      vertex 3.57009 -2.73943 77.3392
      vertex 3.72063 -2.52935 58.8674
    endloop
  endfacet
  facet normal 0.812849 -0.582475 0
    outer loop
      vertex 3.57009 -2.73943 58.5938
      vertex 3.72063 -2.52935 58.8674
      vertex 3.57009 -2.73943 77.3392
    endloop
  endfacet
  facet normal 0.812851 -0.582472 -2.7966e-06
    outer loop
      vertex 3.72063 -2.52935 58.8674
      vertex 3.57009 -2.73943 58.5938
      vertex 3.71906 -2.53154 58.6667
    endloop
  endfacet
  facet normal -0.973876 -0.22708 -4.4114e-06
    outer loop
      vertex -4.36826 -1.07206 71.534
      vertex -4.41353 -0.877906 71.2771
      vertex -4.36887 -1.06944 71.3333
    endloop
  endfacet
  facet normal -0.973877 -0.227075 0
    outer loop
      vertex -4.41353 -0.877906 71.2771
      vertex -4.36826 -1.07206 71.534
      vertex -4.41353 -0.877906 80
    endloop
  endfacet
  facet normal -0.973896 -0.226994 -1.94352e-06
    outer loop
      vertex -4.34667 -1.16469 71.5605
      vertex -4.41353 -0.877906 80
      vertex -4.36826 -1.07206 71.534
    endloop
  endfacet
  facet normal -0.973883 -0.227048 0
    outer loop
      vertex -4.41353 -0.877906 80
      vertex -4.34667 -1.16469 71.5605
      vertex -4.34667 -1.16469 80
    endloop
  endfacet
  facet normal -0.973883 -0.227048 0
    outer loop
      vertex -4.34667 -1.16469 0
      vertex -4.41353 -0.877906 10.0227
      vertex -4.41353 -0.877906 0
    endloop
  endfacet
  facet normal -0.973883 -0.227048 0
    outer loop
      vertex -4.41353 -0.877906 10.0227
      vertex -4.34667 -1.16469 0
      vertex -4.34667 -1.16469 10.1061
    endloop
  endfacet
  facet normal -0.973876 -0.22708 -4.4092e-06
    outer loop
      vertex -4.36826 -1.07206 11.5341
      vertex -4.41353 -0.877906 11.2771
      vertex -4.36887 -1.06944 11.3333
    endloop
  endfacet
  facet normal -0.973877 -0.227075 0
    outer loop
      vertex -4.41353 -0.877906 11.2771
      vertex -4.36826 -1.07206 11.5341
      vertex -4.41353 -0.877906 30.0227
    endloop
  endfacet
  facet normal -0.973896 -0.226994 -8.93112e-07
    outer loop
      vertex -4.34667 -1.16469 11.5605
      vertex -4.41353 -0.877906 30.0227
      vertex -4.36826 -1.07206 11.5341
    endloop
  endfacet
  facet normal -0.973883 -0.227048 0
    outer loop
      vertex -4.41353 -0.877906 30.0227
      vertex -4.34667 -1.16469 11.5605
      vertex -4.34667 -1.16469 30.1061
    endloop
  endfacet
  facet normal -0.973876 -0.22708 -4.4092e-06
    outer loop
      vertex -4.36826 -1.07206 31.5341
      vertex -4.41353 -0.877906 31.2771
      vertex -4.36887 -1.06944 31.3333
    endloop
  endfacet
  facet normal -0.973877 -0.227075 0
    outer loop
      vertex -4.41353 -0.877906 31.2771
      vertex -4.36826 -1.07206 31.5341
      vertex -4.41353 -0.877906 50.0227
    endloop
  endfacet
  facet normal -0.973896 -0.226994 -8.93112e-07
    outer loop
      vertex -4.34667 -1.16469 31.5605
      vertex -4.41353 -0.877906 50.0227
      vertex -4.36826 -1.07206 31.5341
    endloop
  endfacet
  facet normal -0.973883 -0.227048 0
    outer loop
      vertex -4.41353 -0.877906 50.0227
      vertex -4.34667 -1.16469 31.5605
      vertex -4.34667 -1.16469 50.1061
    endloop
  endfacet
  facet normal -0.973876 -0.22708 -4.4114e-06
    outer loop
      vertex -4.36826 -1.07206 51.534
      vertex -4.41353 -0.877906 51.2771
      vertex -4.36887 -1.06944 51.3333
    endloop
  endfacet
  facet normal -0.973877 -0.227075 0
    outer loop
      vertex -4.41353 -0.877906 51.2771
      vertex -4.36826 -1.07206 51.534
      vertex -4.41353 -0.877906 70.0227
    endloop
  endfacet
  facet normal -0.973896 -0.226994 -8.93097e-07
    outer loop
      vertex -4.34667 -1.16469 51.5605
      vertex -4.41353 -0.877906 70.0227
      vertex -4.36826 -1.07206 51.534
    endloop
  endfacet
  facet normal -0.973883 -0.227048 0
    outer loop
      vertex -4.41353 -0.877906 70.0227
      vertex -4.34667 -1.16469 51.5605
      vertex -4.34667 -1.16469 70.1061
    endloop
  endfacet
  facet normal -0.995183 0.0980397 0
    outer loop
      vertex -4.49037 0.294313 0
      vertex -4.4615 0.587367 9.00584
      vertex -4.4615 0.587367 0
    endloop
  endfacet
  facet normal -0.995183 0.0980397 0
    outer loop
      vertex -4.4615 0.587367 9.00584
      vertex -4.49037 0.294313 0
      vertex -4.49037 0.294313 9.08954
    endloop
  endfacet
  facet normal -0.995183 0.0980313 2.03e-05
    outer loop
      vertex -4.48683 0.330168 70.534
      vertex -4.4615 0.587367 70.2604
      vertex -4.48657 0.332849 70.3333
    endloop
  endfacet
  facet normal -0.995185 0.0980099 0
    outer loop
      vertex -4.4615 0.587367 70.2604
      vertex -4.48683 0.330168 70.534
      vertex -4.4615 0.587367 80
    endloop
  endfacet
  facet normal -0.995162 0.0982515 -6.62706e-06
    outer loop
      vertex -4.49037 0.294313 70.544
      vertex -4.4615 0.587367 80
      vertex -4.48683 0.330168 70.534
    endloop
  endfacet
  facet normal -0.995183 0.0980397 0
    outer loop
      vertex -4.4615 0.587367 80
      vertex -4.49037 0.294313 70.544
      vertex -4.49037 0.294313 80
    endloop
  endfacet
  facet normal -0.995183 0.0980313 2.03e-05
    outer loop
      vertex -4.48683 0.330168 10.534
      vertex -4.4615 0.587367 10.2604
      vertex -4.48657 0.332849 10.3333
    endloop
  endfacet
  facet normal -0.995185 0.0980099 0
    outer loop
      vertex -4.4615 0.587367 10.2604
      vertex -4.48683 0.330168 10.534
      vertex -4.4615 0.587367 29.0058
    endloop
  endfacet
  facet normal -0.995162 0.0982523 -3.40858e-06
    outer loop
      vertex -4.49037 0.294313 10.544
      vertex -4.4615 0.587367 29.0058
      vertex -4.48683 0.330168 10.534
    endloop
  endfacet
  facet normal -0.995183 0.0980397 0
    outer loop
      vertex -4.4615 0.587367 29.0058
      vertex -4.49037 0.294313 10.544
      vertex -4.49037 0.294313 29.0895
    endloop
  endfacet
  facet normal -0.995183 0.0980313 2.03e-05
    outer loop
      vertex -4.48683 0.330168 30.534
      vertex -4.4615 0.587367 30.2604
      vertex -4.48657 0.332849 30.3333
    endloop
  endfacet
  facet normal -0.995185 0.0980099 0
    outer loop
      vertex -4.4615 0.587367 30.2604
      vertex -4.48683 0.330168 30.534
      vertex -4.4615 0.587367 49.0058
    endloop
  endfacet
  facet normal -0.995162 0.0982523 -3.40858e-06
    outer loop
      vertex -4.49037 0.294313 30.544
      vertex -4.4615 0.587367 49.0058
      vertex -4.48683 0.330168 30.534
    endloop
  endfacet
  facet normal -0.995183 0.0980397 0
    outer loop
      vertex -4.4615 0.587367 49.0058
      vertex -4.49037 0.294313 30.544
      vertex -4.49037 0.294313 49.0895
    endloop
  endfacet
  facet normal -0.995183 0.0980313 2.03e-05
    outer loop
      vertex -4.48683 0.330168 50.534
      vertex -4.4615 0.587367 50.2604
      vertex -4.48657 0.332849 50.3333
    endloop
  endfacet
  facet normal -0.995185 0.0980099 0
    outer loop
      vertex -4.4615 0.587367 50.2604
      vertex -4.48683 0.330168 50.534
      vertex -4.4615 0.587367 69.0058
    endloop
  endfacet
  facet normal -0.995162 0.0982523 -3.40858e-06
    outer loop
      vertex -4.49037 0.294313 50.544
      vertex -4.4615 0.587367 69.0058
      vertex -4.48683 0.330168 50.534
    endloop
  endfacet
  facet normal -0.995183 0.0980397 0
    outer loop
      vertex -4.4615 0.587367 69.0058
      vertex -4.49037 0.294313 50.544
      vertex -4.49037 0.294313 69.0895
    endloop
  endfacet
  facet normal 0.634391 -0.773012 0
    outer loop
      vertex 2.73943 -3.57009 80
      vertex 2.96706 -3.38328 77.9438
      vertex 2.96706 -3.38328 80
    endloop
  endfacet
  facet normal 0.634367 -0.773032 -4.40707e-06
    outer loop
      vertex 2.73943 -3.57009 80
      vertex 2.75717 -3.55552 77.8673
      vertex 2.96706 -3.38328 77.9438
    endloop
  endfacet
  facet normal 0.634684 -0.772772 0
    outer loop
      vertex 2.73943 -3.57009 77.6608
      vertex 2.75717 -3.55552 77.8673
      vertex 2.73943 -3.57009 80
    endloop
  endfacet
  facet normal 0.634437 -0.772975 3.54755e-05
    outer loop
      vertex 2.75717 -3.55552 77.8673
      vertex 2.73943 -3.57009 77.6608
      vertex 2.75511 -3.55722 77.6667
    endloop
  endfacet
  facet normal 0.63436 -0.773038 5.17514e-06
    outer loop
      vertex 2.90395 -3.43507 16.466
      vertex 2.96706 -3.38328 16.6893
      vertex 2.90602 -3.43337 16.6667
    endloop
  endfacet
  facet normal 0.634391 -0.773012 0
    outer loop
      vertex 2.96706 -3.38328 0
      vertex 2.73943 -3.57009 16.4062
      vertex 2.73943 -3.57009 0
    endloop
  endfacet
  facet normal 0.634399 -0.773006 1.77069e-07
    outer loop
      vertex 2.73943 -3.57009 16.4062
      vertex 2.96706 -3.38328 0
      vertex 2.90395 -3.43507 16.466
    endloop
  endfacet
  facet normal 0.634371 -0.773029 0
    outer loop
      vertex 2.90395 -3.43507 16.466
      vertex 2.96706 -3.38328 0
      vertex 2.96706 -3.38328 16.6893
    endloop
  endfacet
  facet normal 0.63436 -0.773038 5.17514e-06
    outer loop
      vertex 2.90395 -3.43507 36.466
      vertex 2.96706 -3.38328 36.6893
      vertex 2.90602 -3.43337 36.6667
    endloop
  endfacet
  facet normal 0.634371 -0.773029 0
    outer loop
      vertex 2.90395 -3.43507 36.466
      vertex 2.96706 -3.38328 17.9438
      vertex 2.96706 -3.38328 36.6893
    endloop
  endfacet
  facet normal 0.634399 -0.773006 1.57436e-07
    outer loop
      vertex 2.73943 -3.57009 36.4062
      vertex 2.96706 -3.38328 17.9438
      vertex 2.90395 -3.43507 36.466
    endloop
  endfacet
  facet normal 0.634366 -0.773033 -5.08346e-07
    outer loop
      vertex 2.73943 -3.57009 36.4062
      vertex 2.75717 -3.55552 17.8673
      vertex 2.96706 -3.38328 17.9438
    endloop
  endfacet
  facet normal 0.634684 -0.772772 0
    outer loop
      vertex 2.73943 -3.57009 17.6608
      vertex 2.75717 -3.55552 17.8673
      vertex 2.73943 -3.57009 36.4062
    endloop
  endfacet
  facet normal 0.634437 -0.772975 3.54755e-05
    outer loop
      vertex 2.75717 -3.55552 17.8673
      vertex 2.73943 -3.57009 17.6608
      vertex 2.75511 -3.55722 17.6667
    endloop
  endfacet
  facet normal 0.63436 -0.773038 5.17514e-06
    outer loop
      vertex 2.90395 -3.43507 56.466
      vertex 2.96706 -3.38328 56.6893
      vertex 2.90602 -3.43337 56.6667
    endloop
  endfacet
  facet normal 0.634371 -0.773029 0
    outer loop
      vertex 2.90395 -3.43507 56.466
      vertex 2.96706 -3.38328 37.9438
      vertex 2.96706 -3.38328 56.6893
    endloop
  endfacet
  facet normal 0.634399 -0.773006 1.57436e-07
    outer loop
      vertex 2.73943 -3.57009 56.4062
      vertex 2.96706 -3.38328 37.9438
      vertex 2.90395 -3.43507 56.466
    endloop
  endfacet
  facet normal 0.634366 -0.773033 -5.08346e-07
    outer loop
      vertex 2.73943 -3.57009 56.4062
      vertex 2.75717 -3.55552 37.8673
      vertex 2.96706 -3.38328 37.9438
    endloop
  endfacet
  facet normal 0.634684 -0.772772 0
    outer loop
      vertex 2.73943 -3.57009 37.6608
      vertex 2.75717 -3.55552 37.8673
      vertex 2.73943 -3.57009 56.4062
    endloop
  endfacet
  facet normal 0.634437 -0.772975 3.54755e-05
    outer loop
      vertex 2.75717 -3.55552 37.8673
      vertex 2.73943 -3.57009 37.6608
      vertex 2.75511 -3.55722 37.6667
    endloop
  endfacet
  facet normal 0.63436 -0.773038 5.17514e-06
    outer loop
      vertex 2.90395 -3.43507 76.466
      vertex 2.96706 -3.38328 76.6893
      vertex 2.90602 -3.43337 76.6667
    endloop
  endfacet
  facet normal 0.634371 -0.773029 0
    outer loop
      vertex 2.90395 -3.43507 76.466
      vertex 2.96706 -3.38328 57.9438
      vertex 2.96706 -3.38328 76.6893
    endloop
  endfacet
  facet normal 0.634399 -0.773006 1.57436e-07
    outer loop
      vertex 2.73943 -3.57009 76.4062
      vertex 2.96706 -3.38328 57.9438
      vertex 2.90395 -3.43507 76.466
    endloop
  endfacet
  facet normal 0.634366 -0.773033 -5.08346e-07
    outer loop
      vertex 2.73943 -3.57009 76.4062
      vertex 2.75717 -3.55552 57.8673
      vertex 2.96706 -3.38328 57.9438
    endloop
  endfacet
  facet normal 0.634684 -0.772772 0
    outer loop
      vertex 2.73943 -3.57009 57.6608
      vertex 2.75717 -3.55552 57.8673
      vertex 2.73943 -3.57009 76.4062
    endloop
  endfacet
  facet normal 0.634437 -0.772975 3.54755e-05
    outer loop
      vertex 2.75717 -3.55552 57.8673
      vertex 2.73943 -3.57009 57.6608
      vertex 2.75511 -3.55722 57.6667
    endloop
  endfacet
  facet normal -0.352207 -0.935922 3.73736e-06
    outer loop
      vertex -1.52288 -4.23243 13.1326
      vertex -1.44648 -4.26118 13.356
      vertex -1.52038 -4.23337 13.3333
    endloop
  endfacet
  facet normal -0.352236 -0.935911 0
    outer loop
      vertex -1.44648 -4.26118 0
      vertex -1.72207 -4.15746 13.0729
      vertex -1.72207 -4.15746 0
    endloop
  endfacet
  facet normal -0.352251 -0.935906 -3.55548e-07
    outer loop
      vertex -1.72207 -4.15746 13.0729
      vertex -1.44648 -4.26118 0
      vertex -1.52288 -4.23243 13.1326
    endloop
  endfacet
  facet normal -0.352197 -0.935926 0
    outer loop
      vertex -1.52288 -4.23243 13.1326
      vertex -1.44648 -4.26118 0
      vertex -1.44648 -4.26118 13.356
    endloop
  endfacet
  facet normal -0.352236 -0.935911 0
    outer loop
      vertex -1.72207 -4.15746 80
      vertex -1.44648 -4.26118 74.6105
      vertex -1.44648 -4.26118 80
    endloop
  endfacet
  facet normal -0.352249 -0.935906 -7.66165e-07
    outer loop
      vertex -1.72207 -4.15746 80
      vertex -1.70059 -4.16554 74.534
      vertex -1.44648 -4.26118 74.6105
    endloop
  endfacet
  facet normal -0.352078 -0.935971 0
    outer loop
      vertex -1.72207 -4.15746 74.3275
      vertex -1.70059 -4.16554 74.534
      vertex -1.72207 -4.15746 80
    endloop
  endfacet
  facet normal -0.352097 -0.935964 2.17047e-06
    outer loop
      vertex -1.70059 -4.16554 74.534
      vertex -1.72207 -4.15746 74.3275
      vertex -1.70309 -4.1646 74.3333
    endloop
  endfacet
  facet normal -0.352207 -0.935922 3.73736e-06
    outer loop
      vertex -1.52288 -4.23243 33.1326
      vertex -1.44648 -4.26118 33.356
      vertex -1.52038 -4.23337 33.3333
    endloop
  endfacet
  facet normal -0.352197 -0.935926 0
    outer loop
      vertex -1.52288 -4.23243 33.1326
      vertex -1.44648 -4.26118 14.6105
      vertex -1.44648 -4.26118 33.356
    endloop
  endfacet
  facet normal -0.352251 -0.935906 -2.5222e-07
    outer loop
      vertex -1.72207 -4.15746 33.0729
      vertex -1.44648 -4.26118 14.6105
      vertex -1.52288 -4.23243 33.1326
    endloop
  endfacet
  facet normal -0.352249 -0.935906 -2.26084e-07
    outer loop
      vertex -1.72207 -4.15746 33.0729
      vertex -1.70059 -4.16554 14.534
      vertex -1.44648 -4.26118 14.6105
    endloop
  endfacet
  facet normal -0.352078 -0.935971 0
    outer loop
      vertex -1.72207 -4.15746 14.3275
      vertex -1.70059 -4.16554 14.534
      vertex -1.72207 -4.15746 33.0729
    endloop
  endfacet
  facet normal -0.352097 -0.935964 2.17047e-06
    outer loop
      vertex -1.70059 -4.16554 14.534
      vertex -1.72207 -4.15746 14.3275
      vertex -1.70309 -4.1646 14.3333
    endloop
  endfacet
  facet normal -0.352207 -0.935922 3.73736e-06
    outer loop
      vertex -1.52288 -4.23243 53.1326
      vertex -1.44648 -4.26118 53.356
      vertex -1.52038 -4.23337 53.3333
    endloop
  endfacet
  facet normal -0.352197 -0.935926 0
    outer loop
      vertex -1.52288 -4.23243 53.1326
      vertex -1.44648 -4.26118 34.6105
      vertex -1.44648 -4.26118 53.356
    endloop
  endfacet
  facet normal -0.352251 -0.935906 -2.5222e-07
    outer loop
      vertex -1.72207 -4.15746 53.0729
      vertex -1.44648 -4.26118 34.6105
      vertex -1.52288 -4.23243 53.1326
    endloop
  endfacet
  facet normal -0.352249 -0.935906 -2.26084e-07
    outer loop
      vertex -1.72207 -4.15746 53.0729
      vertex -1.70059 -4.16554 34.534
      vertex -1.44648 -4.26118 34.6105
    endloop
  endfacet
  facet normal -0.352078 -0.935971 0
    outer loop
      vertex -1.72207 -4.15746 34.3275
      vertex -1.70059 -4.16554 34.534
      vertex -1.72207 -4.15746 53.0729
    endloop
  endfacet
  facet normal -0.352097 -0.935964 2.17047e-06
    outer loop
      vertex -1.70059 -4.16554 34.534
      vertex -1.72207 -4.15746 34.3275
      vertex -1.70309 -4.1646 34.3333
    endloop
  endfacet
  facet normal -0.352207 -0.935922 3.73736e-06
    outer loop
      vertex -1.52288 -4.23243 73.1326
      vertex -1.44648 -4.26118 73.356
      vertex -1.52038 -4.23337 73.3333
    endloop
  endfacet
  facet normal -0.352197 -0.935926 0
    outer loop
      vertex -1.52288 -4.23243 73.1326
      vertex -1.44648 -4.26118 54.6105
      vertex -1.44648 -4.26118 73.356
    endloop
  endfacet
  facet normal -0.352251 -0.935906 -2.5222e-07
    outer loop
      vertex -1.72207 -4.15746 73.0729
      vertex -1.44648 -4.26118 54.6105
      vertex -1.52288 -4.23243 73.1326
    endloop
  endfacet
  facet normal -0.352249 -0.935906 -2.26084e-07
    outer loop
      vertex -1.72207 -4.15746 73.0729
      vertex -1.70059 -4.16554 54.534
      vertex -1.44648 -4.26118 54.6105
    endloop
  endfacet
  facet normal -0.352078 -0.935971 0
    outer loop
      vertex -1.72207 -4.15746 54.3275
      vertex -1.70059 -4.16554 54.534
      vertex -1.72207 -4.15746 73.0729
    endloop
  endfacet
  facet normal -0.352097 -0.935964 2.17047e-06
    outer loop
      vertex -1.70059 -4.16554 54.534
      vertex -1.72207 -4.15746 54.3275
      vertex -1.70309 -4.1646 54.3333
    endloop
  endfacet
  facet normal -0.634391 0.773012 0
    outer loop
      vertex -2.73943 3.57009 80
      vertex -2.96706 3.38328 67.9438
      vertex -2.96706 3.38328 80
    endloop
  endfacet
  facet normal -0.634366 0.773032 -7.76616e-07
    outer loop
      vertex -2.73943 3.57009 80
      vertex -2.75717 3.55552 67.8673
      vertex -2.96706 3.38328 67.9438
    endloop
  endfacet
  facet normal -0.634684 0.772772 0
    outer loop
      vertex -2.73943 3.57009 67.6608
      vertex -2.75717 3.55552 67.8673
      vertex -2.73943 3.57009 80
    endloop
  endfacet
  facet normal -0.634437 0.772975 3.54755e-05
    outer loop
      vertex -2.75717 3.55552 67.8673
      vertex -2.73943 3.57009 67.6608
      vertex -2.75511 3.55722 67.6667
    endloop
  endfacet
  facet normal -0.63436 0.773038 5.17469e-06
    outer loop
      vertex -2.90395 3.43507 6.46595
      vertex -2.96706 3.38328 6.68934
      vertex -2.90602 3.43337 6.66667
    endloop
  endfacet
  facet normal -0.634391 0.773012 0
    outer loop
      vertex -2.96706 3.38328 0
      vertex -2.73943 3.57009 6.40623
      vertex -2.73943 3.57009 0
    endloop
  endfacet
  facet normal -0.634399 0.773006 4.49953e-07
    outer loop
      vertex -2.73943 3.57009 6.40623
      vertex -2.96706 3.38328 0
      vertex -2.90395 3.43507 6.46595
    endloop
  endfacet
  facet normal -0.634371 0.773029 0
    outer loop
      vertex -2.90395 3.43507 6.46595
      vertex -2.96706 3.38328 0
      vertex -2.96706 3.38328 6.68934
    endloop
  endfacet
  facet normal -0.63436 0.773038 5.17514e-06
    outer loop
      vertex -2.90395 3.43507 26.466
      vertex -2.96706 3.38328 26.6893
      vertex -2.90602 3.43337 26.6667
    endloop
  endfacet
  facet normal -0.634371 0.773029 0
    outer loop
      vertex -2.90395 3.43507 26.466
      vertex -2.96706 3.38328 7.94379
      vertex -2.96706 3.38328 26.6893
    endloop
  endfacet
  facet normal -0.634399 0.773006 1.57436e-07
    outer loop
      vertex -2.73943 3.57009 26.4062
      vertex -2.96706 3.38328 7.94379
      vertex -2.90395 3.43507 26.466
    endloop
  endfacet
  facet normal -0.634366 0.773033 -5.08348e-07
    outer loop
      vertex -2.73943 3.57009 26.4062
      vertex -2.75717 3.55552 7.86734
      vertex -2.96706 3.38328 7.94379
    endloop
  endfacet
  facet normal -0.634684 0.772772 0
    outer loop
      vertex -2.73943 3.57009 7.66083
      vertex -2.75717 3.55552 7.86734
      vertex -2.73943 3.57009 26.4062
    endloop
  endfacet
  facet normal -0.634437 0.772974 3.54617e-05
    outer loop
      vertex -2.75717 3.55552 7.86734
      vertex -2.73943 3.57009 7.66083
      vertex -2.75511 3.55722 7.66667
    endloop
  endfacet
  facet normal -0.63436 0.773038 5.17514e-06
    outer loop
      vertex -2.90395 3.43507 46.466
      vertex -2.96706 3.38328 46.6893
      vertex -2.90602 3.43337 46.6667
    endloop
  endfacet
  facet normal -0.634371 0.773029 0
    outer loop
      vertex -2.90395 3.43507 46.466
      vertex -2.96706 3.38328 27.9438
      vertex -2.96706 3.38328 46.6893
    endloop
  endfacet
  facet normal -0.634399 0.773006 1.57436e-07
    outer loop
      vertex -2.73943 3.57009 46.4062
      vertex -2.96706 3.38328 27.9438
      vertex -2.90395 3.43507 46.466
    endloop
  endfacet
  facet normal -0.634366 0.773033 -5.08346e-07
    outer loop
      vertex -2.73943 3.57009 46.4062
      vertex -2.75717 3.55552 27.8673
      vertex -2.96706 3.38328 27.9438
    endloop
  endfacet
  facet normal -0.634684 0.772772 0
    outer loop
      vertex -2.73943 3.57009 27.6608
      vertex -2.75717 3.55552 27.8673
      vertex -2.73943 3.57009 46.4062
    endloop
  endfacet
  facet normal -0.634437 0.772975 3.54755e-05
    outer loop
      vertex -2.75717 3.55552 27.8673
      vertex -2.73943 3.57009 27.6608
      vertex -2.75511 3.55722 27.6667
    endloop
  endfacet
  facet normal -0.63436 0.773038 5.17514e-06
    outer loop
      vertex -2.90395 3.43507 66.466
      vertex -2.96706 3.38328 66.6893
      vertex -2.90602 3.43337 66.6667
    endloop
  endfacet
  facet normal -0.634371 0.773029 0
    outer loop
      vertex -2.90395 3.43507 66.466
      vertex -2.96706 3.38328 47.9438
      vertex -2.96706 3.38328 66.6893
    endloop
  endfacet
  facet normal -0.634399 0.773006 1.57436e-07
    outer loop
      vertex -2.73943 3.57009 66.4062
      vertex -2.96706 3.38328 47.9438
      vertex -2.90395 3.43507 66.466
    endloop
  endfacet
  facet normal -0.634366 0.773033 -5.08346e-07
    outer loop
      vertex -2.73943 3.57009 66.4062
      vertex -2.75717 3.55552 47.8673
      vertex -2.96706 3.38328 47.9438
    endloop
  endfacet
  facet normal -0.634684 0.772772 0
    outer loop
      vertex -2.73943 3.57009 47.6608
      vertex -2.75717 3.55552 47.8673
      vertex -2.73943 3.57009 66.4062
    endloop
  endfacet
  facet normal -0.634437 0.772975 3.54755e-05
    outer loop
      vertex -2.75717 3.55552 47.8673
      vertex -2.73943 3.57009 47.6608
      vertex -2.75511 3.55722 47.6667
    endloop
  endfacet
  facet normal -0.973883 0.227048 0
    outer loop
      vertex -4.41353 0.877906 69.9773
      vertex -4.34667 1.16469 80
      vertex -4.34667 1.16469 69.8939
    endloop
  endfacet
  facet normal -0.973883 0.227048 0
    outer loop
      vertex -4.34667 1.16469 80
      vertex -4.41353 0.877906 69.9773
      vertex -4.41353 0.877906 80
    endloop
  endfacet
  facet normal -0.973883 0.227048 0
    outer loop
      vertex -4.41353 0.877906 0
      vertex -4.34667 1.16469 8.43946
      vertex -4.34667 1.16469 0
    endloop
  endfacet
  facet normal -0.973896 0.226994 1.94354e-06
    outer loop
      vertex -4.34667 1.16469 8.43946
      vertex -4.41353 0.877906 0
      vertex -4.36826 1.07206 8.46595
    endloop
  endfacet
  facet normal -0.973877 0.227075 0
    outer loop
      vertex -4.41353 0.877906 8.72287
      vertex -4.36826 1.07206 8.46595
      vertex -4.41353 0.877906 0
    endloop
  endfacet
  facet normal -0.973876 0.22708 4.41096e-06
    outer loop
      vertex -4.36826 1.07206 8.46595
      vertex -4.41353 0.877906 8.72287
      vertex -4.36887 1.06944 8.66667
    endloop
  endfacet
  facet normal -0.973883 0.227048 0
    outer loop
      vertex -4.41353 0.877906 9.97733
      vertex -4.34667 1.16469 28.4395
      vertex -4.34667 1.16469 9.89387
    endloop
  endfacet
  facet normal -0.973896 0.226994 8.93113e-07
    outer loop
      vertex -4.34667 1.16469 28.4395
      vertex -4.41353 0.877906 9.97733
      vertex -4.36826 1.07206 28.4659
    endloop
  endfacet
  facet normal -0.973877 0.227075 0
    outer loop
      vertex -4.41353 0.877906 28.7229
      vertex -4.36826 1.07206 28.4659
      vertex -4.41353 0.877906 9.97733
    endloop
  endfacet
  facet normal -0.973876 0.22708 4.4092e-06
    outer loop
      vertex -4.36826 1.07206 28.4659
      vertex -4.41353 0.877906 28.7229
      vertex -4.36887 1.06944 28.6667
    endloop
  endfacet
  facet normal -0.973883 0.227048 0
    outer loop
      vertex -4.41353 0.877906 29.9773
      vertex -4.34667 1.16469 48.4395
      vertex -4.34667 1.16469 29.8939
    endloop
  endfacet
  facet normal -0.973896 0.226994 8.93112e-07
    outer loop
      vertex -4.34667 1.16469 48.4395
      vertex -4.41353 0.877906 29.9773
      vertex -4.36826 1.07206 48.4659
    endloop
  endfacet
  facet normal -0.973877 0.227075 0
    outer loop
      vertex -4.41353 0.877906 48.7229
      vertex -4.36826 1.07206 48.4659
      vertex -4.41353 0.877906 29.9773
    endloop
  endfacet
  facet normal -0.973876 0.22708 4.4092e-06
    outer loop
      vertex -4.36826 1.07206 48.4659
      vertex -4.41353 0.877906 48.7229
      vertex -4.36887 1.06944 48.6667
    endloop
  endfacet
  facet normal -0.973883 0.227048 0
    outer loop
      vertex -4.41353 0.877906 49.9773
      vertex -4.34667 1.16469 68.4395
      vertex -4.34667 1.16469 49.8939
    endloop
  endfacet
  facet normal -0.973896 0.226994 8.93097e-07
    outer loop
      vertex -4.34667 1.16469 68.4395
      vertex -4.41353 0.877906 49.9773
      vertex -4.36826 1.07206 68.466
    endloop
  endfacet
  facet normal -0.973877 0.227075 0
    outer loop
      vertex -4.41353 0.877906 68.7229
      vertex -4.36826 1.07206 68.466
      vertex -4.41353 0.877906 49.9773
    endloop
  endfacet
  facet normal -0.973876 0.22708 4.4114e-06
    outer loop
      vertex -4.36826 1.07206 68.466
      vertex -4.41353 0.877906 68.7229
      vertex -4.36887 1.06944 68.6667
    endloop
  endfacet
  facet normal 0.956931 0.290316 0
    outer loop
      vertex 4.34667 1.16469 80
      vertex 4.26118 1.44648 61.644
      vertex 4.26118 1.44648 80
    endloop
  endfacet
  facet normal 0.956931 0.290316 0
    outer loop
      vertex 4.26118 1.44648 61.644
      vertex 4.34667 1.16469 80
      vertex 4.34667 1.16469 61.5605
    endloop
  endfacet
  facet normal 0.956943 0.290276 3.52412e-05
    outer loop
      vertex 4.31906 1.2557 0.132615
      vertex 4.26118 1.44648 0.389538
      vertex 4.31827 1.25828 0.333333
    endloop
  endfacet
  facet normal 0.95693 0.290319 0
    outer loop
      vertex 4.26118 1.44648 0.389538
      vertex 4.31906 1.2557 0.132615
      vertex 4.26118 1.44648 0
    endloop
  endfacet
  facet normal 0.956933 0.290308 -0
    outer loop
      vertex 4.34667 1.16469 0
      vertex 4.31906 1.2557 0.132615
      vertex 4.34667 1.16469 0.106128
    endloop
  endfacet
  facet normal 0.956931 0.290316 -5.71041e-06
    outer loop
      vertex 4.31906 1.2557 0.132615
      vertex 4.34667 1.16469 0
      vertex 4.26118 1.44648 0
    endloop
  endfacet
  facet normal 0.956943 0.290276 3.52444e-05
    outer loop
      vertex 4.31906 1.2557 20.1326
      vertex 4.26118 1.44648 20.3895
      vertex 4.31827 1.25828 20.3333
    endloop
  endfacet
  facet normal 0.95693 0.290319 0
    outer loop
      vertex 4.26118 1.44648 20.3895
      vertex 4.31906 1.2557 20.1326
      vertex 4.26118 1.44648 1.64399
    endloop
  endfacet
  facet normal 0.956933 0.290308 -1.26442e-07
    outer loop
      vertex 4.34667 1.16469 20.1061
      vertex 4.26118 1.44648 1.64399
      vertex 4.31906 1.2557 20.1326
    endloop
  endfacet
  facet normal 0.956931 0.290316 0
    outer loop
      vertex 4.26118 1.44648 1.64399
      vertex 4.34667 1.16469 20.1061
      vertex 4.34667 1.16469 1.56054
    endloop
  endfacet
  facet normal 0.956943 0.290276 3.52444e-05
    outer loop
      vertex 4.31906 1.2557 40.1326
      vertex 4.26118 1.44648 40.3895
      vertex 4.31827 1.25828 40.3333
    endloop
  endfacet
  facet normal 0.95693 0.290319 0
    outer loop
      vertex 4.26118 1.44648 40.3895
      vertex 4.31906 1.2557 40.1326
      vertex 4.26118 1.44648 21.644
    endloop
  endfacet
  facet normal 0.956933 0.290308 -1.26442e-07
    outer loop
      vertex 4.34667 1.16469 40.1061
      vertex 4.26118 1.44648 21.644
      vertex 4.31906 1.2557 40.1326
    endloop
  endfacet
  facet normal 0.956931 0.290316 0
    outer loop
      vertex 4.26118 1.44648 21.644
      vertex 4.34667 1.16469 40.1061
      vertex 4.34667 1.16469 21.5605
    endloop
  endfacet
  facet normal 0.956943 0.290276 3.52444e-05
    outer loop
      vertex 4.31906 1.2557 60.1326
      vertex 4.26118 1.44648 60.3895
      vertex 4.31827 1.25828 60.3333
    endloop
  endfacet
  facet normal 0.95693 0.290319 0
    outer loop
      vertex 4.26118 1.44648 60.3895
      vertex 4.31906 1.2557 60.1326
      vertex 4.26118 1.44648 41.644
    endloop
  endfacet
  facet normal 0.956933 0.290308 -1.26442e-07
    outer loop
      vertex 4.34667 1.16469 60.1061
      vertex 4.26118 1.44648 41.644
      vertex 4.31906 1.2557 60.1326
    endloop
  endfacet
  facet normal 0.956931 0.290316 0
    outer loop
      vertex 4.26118 1.44648 41.644
      vertex 4.34667 1.16469 60.1061
      vertex 4.34667 1.16469 41.5605
    endloop
  endfacet
  facet normal 0.528059 0.849208 0
    outer loop
      vertex 2.50007 3.74161 80
      vertex 2.25 3.89711 63.9605
      vertex 2.25 3.89711 80
    endloop
  endfacet
  facet normal 0.528059 0.849208 0
    outer loop
      vertex 2.25 3.89711 63.9605
      vertex 2.50007 3.74161 80
      vertex 2.50007 3.74161 63.8773
    endloop
  endfacet
  facet normal 0.528055 0.84921 6.46206e-06
    outer loop
      vertex 2.36925 3.82296 2.46594
      vertex 2.25 3.89711 2.70613
      vertex 2.36698 3.82437 2.66667
    endloop
  endfacet
  facet normal 0.528059 0.849208 0
    outer loop
      vertex 2.25 3.89711 0
      vertex 2.50007 3.74161 2.42287
      vertex 2.50007 3.74161 0
    endloop
  endfacet
  facet normal 0.528072 0.8492 -1.77364e-06
    outer loop
      vertex 2.50007 3.74161 2.42287
      vertex 2.25 3.89711 0
      vertex 2.36925 3.82296 2.46594
    endloop
  endfacet
  facet normal 0.528045 0.849216 0
    outer loop
      vertex 2.36925 3.82296 2.46594
      vertex 2.25 3.89711 0
      vertex 2.25 3.89711 2.70613
    endloop
  endfacet
  facet normal 0.528055 0.84921 6.45977e-06
    outer loop
      vertex 2.36925 3.82296 22.4659
      vertex 2.25 3.89711 22.7061
      vertex 2.36698 3.82437 22.6667
    endloop
  endfacet
  facet normal 0.528045 0.849216 0
    outer loop
      vertex 2.36925 3.82296 22.4659
      vertex 2.25 3.89711 3.96054
      vertex 2.25 3.89711 22.7061
    endloop
  endfacet
  facet normal 0.528072 0.8492 -2.39603e-07
    outer loop
      vertex 2.50007 3.74161 22.4229
      vertex 2.25 3.89711 3.96054
      vertex 2.36925 3.82296 22.4659
    endloop
  endfacet
  facet normal 0.528059 0.849208 0
    outer loop
      vertex 2.25 3.89711 3.96054
      vertex 2.50007 3.74161 22.4229
      vertex 2.50007 3.74161 3.87734
    endloop
  endfacet
  facet normal 0.528055 0.84921 6.45977e-06
    outer loop
      vertex 2.36925 3.82296 42.4659
      vertex 2.25 3.89711 42.7061
      vertex 2.36698 3.82437 42.6667
    endloop
  endfacet
  facet normal 0.528045 0.849216 0
    outer loop
      vertex 2.36925 3.82296 42.4659
      vertex 2.25 3.89711 23.9605
      vertex 2.25 3.89711 42.7061
    endloop
  endfacet
  facet normal 0.528072 0.8492 -2.39603e-07
    outer loop
      vertex 2.50007 3.74161 42.4229
      vertex 2.25 3.89711 23.9605
      vertex 2.36925 3.82296 42.4659
    endloop
  endfacet
  facet normal 0.528059 0.849208 0
    outer loop
      vertex 2.25 3.89711 23.9605
      vertex 2.50007 3.74161 42.4229
      vertex 2.50007 3.74161 23.8773
    endloop
  endfacet
  facet normal 0.528055 0.84921 6.45977e-06
    outer loop
      vertex 2.36925 3.82296 62.4659
      vertex 2.25 3.89711 62.7061
      vertex 2.36698 3.82437 62.6667
    endloop
  endfacet
  facet normal 0.528045 0.849216 0
    outer loop
      vertex 2.36925 3.82296 62.4659
      vertex 2.25 3.89711 43.9605
      vertex 2.25 3.89711 62.7061
    endloop
  endfacet
  facet normal 0.528072 0.8492 -2.39603e-07
    outer loop
      vertex 2.50007 3.74161 62.4229
      vertex 2.25 3.89711 43.9605
      vertex 2.36925 3.82296 62.4659
    endloop
  endfacet
  facet normal 0.528059 0.849208 0
    outer loop
      vertex 2.25 3.89711 43.9605
      vertex 2.50007 3.74161 62.4229
      vertex 2.50007 3.74161 43.8773
    endloop
  endfacet
  facet normal 0.999464 -0.0327521 3.87932e-05
    outer loop
      vertex 4.49541 -0.140353 19.1326
      vertex 4.5 0 19.3728
      vertex 4.49549 -0.137674 19.3333
    endloop
  endfacet
  facet normal 0.999466 -0.0326858 0
    outer loop
      vertex 4.5 0 19.3728
      vertex 4.49541 -0.140353 19.1326
      vertex 4.5 0 0.627204
    endloop
  endfacet
  facet normal 0.999465 -0.0327182 -2.45993e-07
    outer loop
      vertex 4.49037 -0.294313 19.0895
      vertex 4.5 0 0.627204
      vertex 4.49541 -0.140353 19.1326
    endloop
  endfacet
  facet normal 0.999465 -0.0327028 0
    outer loop
      vertex 4.5 0 0.627204
      vertex 4.49037 -0.294313 19.0895
      vertex 4.49037 -0.294313 0.54401
    endloop
  endfacet
  facet normal 0.999464 -0.0327521 3.87932e-05
    outer loop
      vertex 4.49541 -0.140353 39.1326
      vertex 4.5 0 39.3728
      vertex 4.49549 -0.137674 39.3333
    endloop
  endfacet
  facet normal 0.999466 -0.0326858 0
    outer loop
      vertex 4.5 0 39.3728
      vertex 4.49541 -0.140353 39.1326
      vertex 4.5 0 20.6272
    endloop
  endfacet
  facet normal 0.999465 -0.0327182 -2.45993e-07
    outer loop
      vertex 4.49037 -0.294313 39.0895
      vertex 4.5 0 20.6272
      vertex 4.49541 -0.140353 39.1326
    endloop
  endfacet
  facet normal 0.999465 -0.0327028 0
    outer loop
      vertex 4.5 0 20.6272
      vertex 4.49037 -0.294313 39.0895
      vertex 4.49037 -0.294313 20.544
    endloop
  endfacet
  facet normal 0.999464 -0.0327521 3.87932e-05
    outer loop
      vertex 4.49541 -0.140353 59.1326
      vertex 4.5 0 59.3728
      vertex 4.49549 -0.137674 59.3333
    endloop
  endfacet
  facet normal 0.999466 -0.0326858 0
    outer loop
      vertex 4.5 0 59.3728
      vertex 4.49541 -0.140353 59.1326
      vertex 4.5 0 40.6272
    endloop
  endfacet
  facet normal 0.999465 -0.0327182 -2.45993e-07
    outer loop
      vertex 4.49037 -0.294313 59.0895
      vertex 4.5 0 40.6272
      vertex 4.49541 -0.140353 59.1326
    endloop
  endfacet
  facet normal 0.999465 -0.0327028 0
    outer loop
      vertex 4.5 0 40.6272
      vertex 4.49037 -0.294313 59.0895
      vertex 4.49037 -0.294313 40.544
    endloop
  endfacet
  facet normal 0.999464 -0.0327521 3.87932e-05
    outer loop
      vertex 4.49541 -0.140353 79.1326
      vertex 4.5 0 79.3728
      vertex 4.49549 -0.137674 79.3333
    endloop
  endfacet
  facet normal 0.999466 -0.0326858 0
    outer loop
      vertex 4.5 0 79.3728
      vertex 4.49541 -0.140353 79.1326
      vertex 4.5 0 60.6272
    endloop
  endfacet
  facet normal 0.999465 -0.0327182 -2.45993e-07
    outer loop
      vertex 4.49037 -0.294313 79.0895
      vertex 4.5 0 60.6272
      vertex 4.49541 -0.140353 79.1326
    endloop
  endfacet
  facet normal 0.999465 -0.0327028 0
    outer loop
      vertex 4.5 0 60.6272
      vertex 4.49037 -0.294313 79.0895
      vertex 4.49037 -0.294313 60.544
    endloop
  endfacet
  facet normal 0.683602 0.729855 0
    outer loop
      vertex 3.18198 3.18198 80
      vertex 2.96706 3.38328 63.3107
      vertex 2.96706 3.38328 80
    endloop
  endfacet
  facet normal 0.683602 0.729855 0
    outer loop
      vertex 2.96706 3.38328 63.3107
      vertex 3.18198 3.18198 80
      vertex 3.18198 3.18198 63.2272
    endloop
  endfacet
  facet normal 0.683589 0.729867 -1.55427e-05
    outer loop
      vertex 3.11256 3.247 1.79928
      vertex 2.96706 3.38328 2.05621
      vertex 3.1106 3.24884 2
    endloop
  endfacet
  facet normal 0.683602 0.729855 0
    outer loop
      vertex 2.96706 3.38328 0
      vertex 3.18198 3.18198 1.77279
      vertex 3.18198 3.18198 0
    endloop
  endfacet
  facet normal 0.683598 0.729858 8.36648e-07
    outer loop
      vertex 3.18198 3.18198 1.77279
      vertex 2.96706 3.38328 0
      vertex 3.11256 3.247 1.79928
    endloop
  endfacet
  facet normal 0.683604 0.729853 0
    outer loop
      vertex 3.11256 3.247 1.79928
      vertex 2.96706 3.38328 0
      vertex 2.96706 3.38328 2.05621
    endloop
  endfacet
  facet normal 0.683589 0.729867 -1.55443e-05
    outer loop
      vertex 3.11256 3.247 21.7993
      vertex 2.96706 3.38328 22.0562
      vertex 3.1106 3.24884 22
    endloop
  endfacet
  facet normal 0.683604 0.729853 0
    outer loop
      vertex 3.11256 3.247 21.7993
      vertex 2.96706 3.38328 3.31066
      vertex 2.96706 3.38328 22.0562
    endloop
  endfacet
  facet normal 0.683598 0.729858 8.36821e-08
    outer loop
      vertex 3.18198 3.18198 21.7728
      vertex 2.96706 3.38328 3.31066
      vertex 3.11256 3.247 21.7993
    endloop
  endfacet
  facet normal 0.683602 0.729855 0
    outer loop
      vertex 2.96706 3.38328 3.31066
      vertex 3.18198 3.18198 21.7728
      vertex 3.18198 3.18198 3.22721
    endloop
  endfacet
  facet normal 0.683589 0.729867 -1.55443e-05
    outer loop
      vertex 3.11256 3.247 41.7993
      vertex 2.96706 3.38328 42.0562
      vertex 3.1106 3.24884 42
    endloop
  endfacet
  facet normal 0.683604 0.729853 0
    outer loop
      vertex 3.11256 3.247 41.7993
      vertex 2.96706 3.38328 23.3107
      vertex 2.96706 3.38328 42.0562
    endloop
  endfacet
  facet normal 0.683598 0.729858 8.36823e-08
    outer loop
      vertex 3.18198 3.18198 41.7728
      vertex 2.96706 3.38328 23.3107
      vertex 3.11256 3.247 41.7993
    endloop
  endfacet
  facet normal 0.683602 0.729855 0
    outer loop
      vertex 2.96706 3.38328 23.3107
      vertex 3.18198 3.18198 41.7728
      vertex 3.18198 3.18198 23.2272
    endloop
  endfacet
  facet normal 0.683589 0.729867 -1.55443e-05
    outer loop
      vertex 3.11256 3.247 61.7993
      vertex 2.96706 3.38328 62.0562
      vertex 3.1106 3.24884 62
    endloop
  endfacet
  facet normal 0.683604 0.729853 0
    outer loop
      vertex 3.11256 3.247 61.7993
      vertex 2.96706 3.38328 43.3107
      vertex 2.96706 3.38328 62.0562
    endloop
  endfacet
  facet normal 0.683598 0.729858 8.36823e-08
    outer loop
      vertex 3.18198 3.18198 61.7728
      vertex 2.96706 3.38328 43.3107
      vertex 3.11256 3.247 61.7993
    endloop
  endfacet
  facet normal 0.683602 0.729855 0
    outer loop
      vertex 2.96706 3.38328 43.3107
      vertex 3.18198 3.18198 61.7728
      vertex 3.18198 3.18198 43.2272
    endloop
  endfacet
  facet normal 0.973876 -0.22708 4.4092e-06
    outer loop
      vertex 4.36826 -1.07206 18.4659
      vertex 4.41353 -0.877906 18.7229
      vertex 4.36887 -1.06944 18.6667
    endloop
  endfacet
  facet normal 0.973877 -0.227075 0
    outer loop
      vertex 4.41353 -0.877906 18.7229
      vertex 4.36826 -1.07206 18.4659
      vertex 4.41353 -0.877906 0
    endloop
  endfacet
  facet normal 0.973896 -0.226994 8.94206e-07
    outer loop
      vertex 4.34667 -1.16469 18.4395
      vertex 4.41353 -0.877906 0
      vertex 4.36826 -1.07206 18.4659
    endloop
  endfacet
  facet normal 0.973883 -0.227048 0
    outer loop
      vertex 4.41353 -0.877906 0
      vertex 4.34667 -1.16469 18.4395
      vertex 4.34667 -1.16469 0
    endloop
  endfacet
  facet normal 0.973883 -0.227048 0
    outer loop
      vertex 4.34667 -1.16469 80
      vertex 4.41353 -0.877906 79.9773
      vertex 4.41353 -0.877906 80
    endloop
  endfacet
  facet normal 0.973883 -0.227048 0
    outer loop
      vertex 4.41353 -0.877906 79.9773
      vertex 4.34667 -1.16469 80
      vertex 4.34667 -1.16469 79.8939
    endloop
  endfacet
  facet normal 0.973876 -0.22708 4.4092e-06
    outer loop
      vertex 4.36826 -1.07206 38.4659
      vertex 4.41353 -0.877906 38.7229
      vertex 4.36887 -1.06944 38.6667
    endloop
  endfacet
  facet normal 0.973877 -0.227075 0
    outer loop
      vertex 4.41353 -0.877906 38.7229
      vertex 4.36826 -1.07206 38.4659
      vertex 4.41353 -0.877906 19.9773
    endloop
  endfacet
  facet normal 0.973896 -0.226994 8.93112e-07
    outer loop
      vertex 4.34667 -1.16469 38.4395
      vertex 4.41353 -0.877906 19.9773
      vertex 4.36826 -1.07206 38.4659
    endloop
  endfacet
  facet normal 0.973883 -0.227048 0
    outer loop
      vertex 4.41353 -0.877906 19.9773
      vertex 4.34667 -1.16469 38.4395
      vertex 4.34667 -1.16469 19.8939
    endloop
  endfacet
  facet normal 0.973876 -0.22708 4.4092e-06
    outer loop
      vertex 4.36826 -1.07206 58.4659
      vertex 4.41353 -0.877906 58.7229
      vertex 4.36887 -1.06944 58.6667
    endloop
  endfacet
  facet normal 0.973877 -0.227075 0
    outer loop
      vertex 4.41353 -0.877906 58.7229
      vertex 4.36826 -1.07206 58.4659
      vertex 4.41353 -0.877906 39.9773
    endloop
  endfacet
  facet normal 0.973896 -0.226994 8.93112e-07
    outer loop
      vertex 4.34667 -1.16469 58.4395
      vertex 4.41353 -0.877906 39.9773
      vertex 4.36826 -1.07206 58.4659
    endloop
  endfacet
  facet normal 0.973883 -0.227048 0
    outer loop
      vertex 4.41353 -0.877906 39.9773
      vertex 4.34667 -1.16469 58.4395
      vertex 4.34667 -1.16469 39.8939
    endloop
  endfacet
  facet normal 0.973876 -0.22708 4.4114e-06
    outer loop
      vertex 4.36826 -1.07206 78.466
      vertex 4.41353 -0.877906 78.7229
      vertex 4.36887 -1.06944 78.6667
    endloop
  endfacet
  facet normal 0.973877 -0.227075 0
    outer loop
      vertex 4.41353 -0.877906 78.7229
      vertex 4.36826 -1.07206 78.466
      vertex 4.41353 -0.877906 59.9773
    endloop
  endfacet
  facet normal 0.973896 -0.226994 8.93097e-07
    outer loop
      vertex 4.34667 -1.16469 78.4395
      vertex 4.41353 -0.877906 59.9773
      vertex 4.36826 -1.07206 78.466
    endloop
  endfacet
  facet normal 0.973883 -0.227048 0
    outer loop
      vertex 4.41353 -0.877906 59.9773
      vertex 4.34667 -1.16469 78.4395
      vertex 4.34667 -1.16469 59.8939
    endloop
  endfacet
  facet normal -0.956943 0.290276 -3.52444e-05
    outer loop
      vertex -4.31906 1.2557 69.8674
      vertex -4.26118 1.44648 69.6105
      vertex -4.31827 1.25828 69.6667
    endloop
  endfacet
  facet normal -0.95693 0.290319 0
    outer loop
      vertex -4.26118 1.44648 69.6105
      vertex -4.31906 1.2557 69.8674
      vertex -4.26118 1.44648 80
    endloop
  endfacet
  facet normal -0.956933 0.290308 2.30145e-07
    outer loop
      vertex -4.34667 1.16469 69.8939
      vertex -4.26118 1.44648 80
      vertex -4.31906 1.2557 69.8674
    endloop
  endfacet
  facet normal -0.956931 0.290316 0
    outer loop
      vertex -4.26118 1.44648 80
      vertex -4.34667 1.16469 69.8939
      vertex -4.34667 1.16469 80
    endloop
  endfacet
  facet normal -0.956931 0.290316 0
    outer loop
      vertex -4.34667 1.16469 0
      vertex -4.26118 1.44648 8.356
      vertex -4.26118 1.44648 0
    endloop
  endfacet
  facet normal -0.956931 0.290316 0
    outer loop
      vertex -4.26118 1.44648 8.356
      vertex -4.34667 1.16469 0
      vertex -4.34667 1.16469 8.43946
    endloop
  endfacet
  facet normal -0.956943 0.290276 -3.52427e-05
    outer loop
      vertex -4.31906 1.2557 9.86738
      vertex -4.26118 1.44648 9.61046
      vertex -4.31827 1.25828 9.66667
    endloop
  endfacet
  facet normal -0.95693 0.290319 0
    outer loop
      vertex -4.26118 1.44648 9.61046
      vertex -4.31906 1.2557 9.86738
      vertex -4.26118 1.44648 28.356
    endloop
  endfacet
  facet normal -0.956933 0.290308 1.26442e-07
    outer loop
      vertex -4.34667 1.16469 9.89387
      vertex -4.26118 1.44648 28.356
      vertex -4.31906 1.2557 9.86738
    endloop
  endfacet
  facet normal -0.956931 0.290316 0
    outer loop
      vertex -4.26118 1.44648 28.356
      vertex -4.34667 1.16469 9.89387
      vertex -4.34667 1.16469 28.4395
    endloop
  endfacet
  facet normal -0.956943 0.290276 -3.52444e-05
    outer loop
      vertex -4.31906 1.2557 29.8674
      vertex -4.26118 1.44648 29.6105
      vertex -4.31827 1.25828 29.6667
    endloop
  endfacet
  facet normal -0.95693 0.290319 0
    outer loop
      vertex -4.26118 1.44648 29.6105
      vertex -4.31906 1.2557 29.8674
      vertex -4.26118 1.44648 48.356
    endloop
  endfacet
  facet normal -0.956933 0.290308 1.26442e-07
    outer loop
      vertex -4.34667 1.16469 29.8939
      vertex -4.26118 1.44648 48.356
      vertex -4.31906 1.2557 29.8674
    endloop
  endfacet
  facet normal -0.956931 0.290316 0
    outer loop
      vertex -4.26118 1.44648 48.356
      vertex -4.34667 1.16469 29.8939
      vertex -4.34667 1.16469 48.4395
    endloop
  endfacet
  facet normal -0.956943 0.290276 -3.52444e-05
    outer loop
      vertex -4.31906 1.2557 49.8674
      vertex -4.26118 1.44648 49.6105
      vertex -4.31827 1.25828 49.6667
    endloop
  endfacet
  facet normal -0.95693 0.290319 0
    outer loop
      vertex -4.26118 1.44648 49.6105
      vertex -4.31906 1.2557 49.8674
      vertex -4.26118 1.44648 68.356
    endloop
  endfacet
  facet normal -0.956933 0.290308 1.26442e-07
    outer loop
      vertex -4.34667 1.16469 49.8939
      vertex -4.26118 1.44648 68.356
      vertex -4.31906 1.2557 49.8674
    endloop
  endfacet
  facet normal -0.956931 0.290316 0
    outer loop
      vertex -4.26118 1.44648 68.356
      vertex -4.34667 1.16469 49.8939
      vertex -4.34667 1.16469 68.4395
    endloop
  endfacet
  facet normal -0.22708 -0.973876 4.4092e-06
    outer loop
      vertex -1.07206 -4.36826 13.4659
      vertex -0.877906 -4.41353 13.7229
      vertex -1.06944 -4.36887 13.6667
    endloop
  endfacet
  facet normal -0.227048 -0.973883 0
    outer loop
      vertex -0.877906 -4.41353 0
      vertex -1.16469 -4.34667 13.4395
      vertex -1.16469 -4.34667 0
    endloop
  endfacet
  facet normal -0.226994 -0.973896 1.22487e-06
    outer loop
      vertex -1.16469 -4.34667 13.4395
      vertex -0.877906 -4.41353 0
      vertex -1.07206 -4.36826 13.4659
    endloop
  endfacet
  facet normal -0.227075 -0.973877 0
    outer loop
      vertex -1.07206 -4.36826 13.4659
      vertex -0.877906 -4.41353 0
      vertex -0.877906 -4.41353 13.7229
    endloop
  endfacet
  facet normal -0.227048 -0.973883 0
    outer loop
      vertex -1.16469 -4.34667 80
      vertex -0.877906 -4.41353 74.9773
      vertex -0.877906 -4.41353 80
    endloop
  endfacet
  facet normal -0.227048 -0.973883 0
    outer loop
      vertex -0.877906 -4.41353 74.9773
      vertex -1.16469 -4.34667 80
      vertex -1.16469 -4.34667 74.8939
    endloop
  endfacet
  facet normal -0.22708 -0.973876 4.4092e-06
    outer loop
      vertex -1.07206 -4.36826 33.4659
      vertex -0.877906 -4.41353 33.7229
      vertex -1.06944 -4.36887 33.6667
    endloop
  endfacet
  facet normal -0.227075 -0.973877 0
    outer loop
      vertex -1.07206 -4.36826 33.4659
      vertex -0.877906 -4.41353 14.9773
      vertex -0.877906 -4.41353 33.7229
    endloop
  endfacet
  facet normal -0.226994 -0.973896 8.93112e-07
    outer loop
      vertex -1.16469 -4.34667 33.4395
      vertex -0.877906 -4.41353 14.9773
      vertex -1.07206 -4.36826 33.4659
    endloop
  endfacet
  facet normal -0.227048 -0.973883 0
    outer loop
      vertex -0.877906 -4.41353 14.9773
      vertex -1.16469 -4.34667 33.4395
      vertex -1.16469 -4.34667 14.8939
    endloop
  endfacet
  facet normal -0.22708 -0.973876 4.4092e-06
    outer loop
      vertex -1.07206 -4.36826 53.4659
      vertex -0.877906 -4.41353 53.7229
      vertex -1.06944 -4.36887 53.6667
    endloop
  endfacet
  facet normal -0.227075 -0.973877 0
    outer loop
      vertex -1.07206 -4.36826 53.4659
      vertex -0.877906 -4.41353 34.9773
      vertex -0.877906 -4.41353 53.7229
    endloop
  endfacet
  facet normal -0.226994 -0.973896 8.93112e-07
    outer loop
      vertex -1.16469 -4.34667 53.4395
      vertex -0.877906 -4.41353 34.9773
      vertex -1.07206 -4.36826 53.4659
    endloop
  endfacet
  facet normal -0.227048 -0.973883 0
    outer loop
      vertex -0.877906 -4.41353 34.9773
      vertex -1.16469 -4.34667 53.4395
      vertex -1.16469 -4.34667 34.8939
    endloop
  endfacet
  facet normal -0.22708 -0.973876 4.4114e-06
    outer loop
      vertex -1.07206 -4.36826 73.466
      vertex -0.877906 -4.41353 73.7229
      vertex -1.06944 -4.36887 73.6667
    endloop
  endfacet
  facet normal -0.227075 -0.973877 0
    outer loop
      vertex -1.07206 -4.36826 73.466
      vertex -0.877906 -4.41353 54.9773
      vertex -0.877906 -4.41353 73.7229
    endloop
  endfacet
  facet normal -0.226994 -0.973896 8.93097e-07
    outer loop
      vertex -1.16469 -4.34667 73.4395
      vertex -0.877906 -4.41353 54.9773
      vertex -1.07206 -4.36826 73.466
    endloop
  endfacet
  facet normal -0.227048 -0.973883 0
    outer loop
      vertex -0.877906 -4.41353 54.9773
      vertex -1.16469 -4.34667 73.4395
      vertex -1.16469 -4.34667 54.8939
    endloop
  endfacet
  facet normal 0.986685 -0.16264 -2.94486e-05
    outer loop
      vertex 4.45776 -0.610019 18.7993
      vertex 4.4615 -0.587367 19.0058
      vertex 4.4582 -0.607386 19
    endloop
  endfacet
  facet normal 0.986642 -0.162901 0
    outer loop
      vertex 4.4615 -0.587367 19.0058
      vertex 4.45776 -0.610019 18.7993
      vertex 4.4615 -0.587367 0.260434
    endloop
  endfacet
  facet normal 0.986642 -0.162901 -1.15187e-10
    outer loop
      vertex 4.41353 -0.877906 18.7229
      vertex 4.4615 -0.587367 0.260434
      vertex 4.45776 -0.610019 18.7993
    endloop
  endfacet
  facet normal 0.986643 -0.162895 1.07687e-07
    outer loop
      vertex 4.4615 -0.587367 0.260434
      vertex 4.41353 -0.877906 18.7229
      vertex 4.42683 -0.797361 0.200713
    endloop
  endfacet
  facet normal 0.986639 -0.162919 0
    outer loop
      vertex 4.41353 -0.877906 0
      vertex 4.42683 -0.797361 0.200713
      vertex 4.41353 -0.877906 18.7229
    endloop
  endfacet
  facet normal 0.986628 -0.162988 2.84594e-05
    outer loop
      vertex 4.42683 -0.797361 0.200713
      vertex 4.41353 -0.877906 0
      vertex 4.4264 -0.799999 0
    endloop
  endfacet
  facet normal 0.986628 -0.162988 0
    outer loop
      vertex 4.41353 -0.877906 80
      vertex 4.41353 -0.877906 79.9773
      vertex 4.4264 -0.799999 80
    endloop
  endfacet
  facet normal 0.986685 -0.16264 -2.94486e-05
    outer loop
      vertex 4.45776 -0.610019 38.7993
      vertex 4.4615 -0.587367 39.0058
      vertex 4.4582 -0.607386 39
    endloop
  endfacet
  facet normal 0.986642 -0.162901 0
    outer loop
      vertex 4.4615 -0.587367 39.0058
      vertex 4.45776 -0.610019 38.7993
      vertex 4.4615 -0.587367 20.2604
    endloop
  endfacet
  facet normal 0.986642 -0.162901 -1.15186e-10
    outer loop
      vertex 4.41353 -0.877906 38.7229
      vertex 4.4615 -0.587367 20.2604
      vertex 4.45776 -0.610019 38.7993
    endloop
  endfacet
  facet normal 0.986643 -0.162895 1.07687e-07
    outer loop
      vertex 4.4615 -0.587367 20.2604
      vertex 4.41353 -0.877906 38.7229
      vertex 4.42683 -0.797361 20.2007
    endloop
  endfacet
  facet normal 0.986639 -0.162919 0
    outer loop
      vertex 4.41353 -0.877906 19.9773
      vertex 4.42683 -0.797361 20.2007
      vertex 4.41353 -0.877906 38.7229
    endloop
  endfacet
  facet normal 0.986627 -0.162996 2.85707e-05
    outer loop
      vertex 4.42683 -0.797361 20.2007
      vertex 4.41353 -0.877906 19.9773
      vertex 4.4264 -0.799999 20
    endloop
  endfacet
  facet normal 0.986685 -0.16264 -2.94486e-05
    outer loop
      vertex 4.45776 -0.610019 58.7993
      vertex 4.4615 -0.587367 59.0058
      vertex 4.4582 -0.607386 59
    endloop
  endfacet
  facet normal 0.986642 -0.162901 0
    outer loop
      vertex 4.4615 -0.587367 59.0058
      vertex 4.45776 -0.610019 58.7993
      vertex 4.4615 -0.587367 40.2604
    endloop
  endfacet
  facet normal 0.986642 -0.162901 -1.15186e-10
    outer loop
      vertex 4.41353 -0.877906 58.7229
      vertex 4.4615 -0.587367 40.2604
      vertex 4.45776 -0.610019 58.7993
    endloop
  endfacet
  facet normal 0.986643 -0.162895 1.07687e-07
    outer loop
      vertex 4.4615 -0.587367 40.2604
      vertex 4.41353 -0.877906 58.7229
      vertex 4.42683 -0.797361 40.2007
    endloop
  endfacet
  facet normal 0.986639 -0.162919 0
    outer loop
      vertex 4.41353 -0.877906 39.9773
      vertex 4.42683 -0.797361 40.2007
      vertex 4.41353 -0.877906 58.7229
    endloop
  endfacet
  facet normal 0.986627 -0.162996 2.85707e-05
    outer loop
      vertex 4.42683 -0.797361 40.2007
      vertex 4.41353 -0.877906 39.9773
      vertex 4.4264 -0.799999 40
    endloop
  endfacet
  facet normal 0.986685 -0.16264 -2.94486e-05
    outer loop
      vertex 4.45776 -0.610019 78.7993
      vertex 4.4615 -0.587367 79.0058
      vertex 4.4582 -0.607386 79
    endloop
  endfacet
  facet normal 0.986642 -0.162901 0
    outer loop
      vertex 4.4615 -0.587367 79.0058
      vertex 4.45776 -0.610019 78.7993
      vertex 4.4615 -0.587367 60.2604
    endloop
  endfacet
  facet normal 0.986642 -0.162901 -1.15186e-10
    outer loop
      vertex 4.41353 -0.877906 78.7229
      vertex 4.4615 -0.587367 60.2604
      vertex 4.45776 -0.610019 78.7993
    endloop
  endfacet
  facet normal 0.986643 -0.162895 1.07687e-07
    outer loop
      vertex 4.4615 -0.587367 60.2604
      vertex 4.41353 -0.877906 78.7229
      vertex 4.42683 -0.797361 60.2007
    endloop
  endfacet
  facet normal 0.986639 -0.162919 0
    outer loop
      vertex 4.41353 -0.877906 59.9773
      vertex 4.42683 -0.797361 60.2007
      vertex 4.41353 -0.877906 78.7229
    endloop
  endfacet
  facet normal 0.986627 -0.162996 2.85707e-05
    outer loop
      vertex 4.42683 -0.797361 60.2007
      vertex 4.41353 -0.877906 59.9773
      vertex 4.4264 -0.799999 60
    endloop
  endfacet
  facet normal -0.956931 -0.290316 0
    outer loop
      vertex -4.26118 -1.44648 71.644
      vertex -4.34667 -1.16469 80
      vertex -4.34667 -1.16469 71.5605
    endloop
  endfacet
  facet normal -0.956931 -0.290316 0
    outer loop
      vertex -4.34667 -1.16469 80
      vertex -4.26118 -1.44648 71.644
      vertex -4.26118 -1.44648 80
    endloop
  endfacet
  facet normal -0.956931 -0.290316 0
    outer loop
      vertex -4.26118 -1.44648 0
      vertex -4.34667 -1.16469 10.1061
      vertex -4.34667 -1.16469 0
    endloop
  endfacet
  facet normal -0.956933 -0.290308 -2.30145e-07
    outer loop
      vertex -4.34667 -1.16469 10.1061
      vertex -4.26118 -1.44648 0
      vertex -4.31906 -1.2557 10.1326
    endloop
  endfacet
  facet normal -0.95693 -0.290319 -0
    outer loop
      vertex -4.26118 -1.44648 10.3895
      vertex -4.31906 -1.2557 10.1326
      vertex -4.26118 -1.44648 0
    endloop
  endfacet
  facet normal -0.956943 -0.290276 3.52444e-05
    outer loop
      vertex -4.31906 -1.2557 10.1326
      vertex -4.26118 -1.44648 10.3895
      vertex -4.31827 -1.25828 10.3333
    endloop
  endfacet
  facet normal -0.956931 -0.290316 0
    outer loop
      vertex -4.26118 -1.44648 11.644
      vertex -4.34667 -1.16469 30.1061
      vertex -4.34667 -1.16469 11.5605
    endloop
  endfacet
  facet normal -0.956933 -0.290308 -1.26442e-07
    outer loop
      vertex -4.34667 -1.16469 30.1061
      vertex -4.26118 -1.44648 11.644
      vertex -4.31906 -1.2557 30.1326
    endloop
  endfacet
  facet normal -0.95693 -0.290319 -0
    outer loop
      vertex -4.26118 -1.44648 30.3895
      vertex -4.31906 -1.2557 30.1326
      vertex -4.26118 -1.44648 11.644
    endloop
  endfacet
  facet normal -0.956943 -0.290276 3.52444e-05
    outer loop
      vertex -4.31906 -1.2557 30.1326
      vertex -4.26118 -1.44648 30.3895
      vertex -4.31827 -1.25828 30.3333
    endloop
  endfacet
  facet normal -0.956931 -0.290316 0
    outer loop
      vertex -4.26118 -1.44648 31.644
      vertex -4.34667 -1.16469 50.1061
      vertex -4.34667 -1.16469 31.5605
    endloop
  endfacet
  facet normal -0.956933 -0.290308 -1.26442e-07
    outer loop
      vertex -4.34667 -1.16469 50.1061
      vertex -4.26118 -1.44648 31.644
      vertex -4.31906 -1.2557 50.1326
    endloop
  endfacet
  facet normal -0.95693 -0.290319 -0
    outer loop
      vertex -4.26118 -1.44648 50.3895
      vertex -4.31906 -1.2557 50.1326
      vertex -4.26118 -1.44648 31.644
    endloop
  endfacet
  facet normal -0.956943 -0.290276 3.52444e-05
    outer loop
      vertex -4.31906 -1.2557 50.1326
      vertex -4.26118 -1.44648 50.3895
      vertex -4.31827 -1.25828 50.3333
    endloop
  endfacet
  facet normal -0.956931 -0.290316 0
    outer loop
      vertex -4.26118 -1.44648 51.644
      vertex -4.34667 -1.16469 70.1061
      vertex -4.34667 -1.16469 51.5605
    endloop
  endfacet
  facet normal -0.956933 -0.290308 -1.26442e-07
    outer loop
      vertex -4.34667 -1.16469 70.1061
      vertex -4.26118 -1.44648 51.644
      vertex -4.31906 -1.2557 70.1326
    endloop
  endfacet
  facet normal -0.95693 -0.290319 -0
    outer loop
      vertex -4.26118 -1.44648 70.3895
      vertex -4.31906 -1.2557 70.1326
      vertex -4.26118 -1.44648 51.644
    endloop
  endfacet
  facet normal -0.956943 -0.290276 3.52444e-05
    outer loop
      vertex -4.31906 -1.2557 70.1326
      vertex -4.26118 -1.44648 70.3895
      vertex -4.31827 -1.25828 70.3333
    endloop
  endfacet
  facet normal 0.582471 -0.812851 0
    outer loop
      vertex 2.50007 -3.74161 80
      vertex 2.73943 -3.57009 77.6608
      vertex 2.73943 -3.57009 80
    endloop
  endfacet
  facet normal 0.582471 -0.812851 0
    outer loop
      vertex 2.73943 -3.57009 77.6608
      vertex 2.50007 -3.74161 80
      vertex 2.50007 -3.74161 77.5771
    endloop
  endfacet
  facet normal 0.582472 -0.812851 2.7966e-06
    outer loop
      vertex 2.52935 -3.72063 16.1326
      vertex 2.73943 -3.57009 16.4062
      vertex 2.53154 -3.71906 16.3333
    endloop
  endfacet
  facet normal 0.582471 -0.812851 0
    outer loop
      vertex 2.73943 -3.57009 0
      vertex 2.50007 -3.74161 16.1227
      vertex 2.50007 -3.74161 0
    endloop
  endfacet
  facet normal 0.582446 -0.81287 -5.70192e-07
    outer loop
      vertex 2.50007 -3.74161 16.1227
      vertex 2.73943 -3.57009 0
      vertex 2.52935 -3.72063 16.1326
    endloop
  endfacet
  facet normal 0.582475 -0.812849 0
    outer loop
      vertex 2.52935 -3.72063 16.1326
      vertex 2.73943 -3.57009 0
      vertex 2.73943 -3.57009 16.4062
    endloop
  endfacet
  facet normal 0.582472 -0.812851 2.7966e-06
    outer loop
      vertex 2.52935 -3.72063 36.1326
      vertex 2.73943 -3.57009 36.4062
      vertex 2.53154 -3.71906 36.3333
    endloop
  endfacet
  facet normal 0.582475 -0.812849 0
    outer loop
      vertex 2.52935 -3.72063 36.1326
      vertex 2.73943 -3.57009 17.6608
      vertex 2.73943 -3.57009 36.4062
    endloop
  endfacet
  facet normal 0.582446 -0.81287 -4.98261e-07
    outer loop
      vertex 2.50007 -3.74161 36.1227
      vertex 2.73943 -3.57009 17.6608
      vertex 2.52935 -3.72063 36.1326
    endloop
  endfacet
  facet normal 0.582471 -0.812851 0
    outer loop
      vertex 2.73943 -3.57009 17.6608
      vertex 2.50007 -3.74161 36.1227
      vertex 2.50007 -3.74161 17.5771
    endloop
  endfacet
  facet normal 0.582472 -0.812851 2.7966e-06
    outer loop
      vertex 2.52935 -3.72063 56.1326
      vertex 2.73943 -3.57009 56.4062
      vertex 2.53154 -3.71906 56.3333
    endloop
  endfacet
  facet normal 0.582475 -0.812849 0
    outer loop
      vertex 2.52935 -3.72063 56.1326
      vertex 2.73943 -3.57009 37.6608
      vertex 2.73943 -3.57009 56.4062
    endloop
  endfacet
  facet normal 0.582446 -0.81287 -4.98261e-07
    outer loop
      vertex 2.50007 -3.74161 56.1227
      vertex 2.73943 -3.57009 37.6608
      vertex 2.52935 -3.72063 56.1326
    endloop
  endfacet
  facet normal 0.582471 -0.812851 0
    outer loop
      vertex 2.73943 -3.57009 37.6608
      vertex 2.50007 -3.74161 56.1227
      vertex 2.50007 -3.74161 37.5771
    endloop
  endfacet
  facet normal 0.582472 -0.812851 2.7966e-06
    outer loop
      vertex 2.52935 -3.72063 76.1326
      vertex 2.73943 -3.57009 76.4062
      vertex 2.53154 -3.71906 76.3333
    endloop
  endfacet
  facet normal 0.582475 -0.812849 0
    outer loop
      vertex 2.52935 -3.72063 76.1326
      vertex 2.73943 -3.57009 57.6608
      vertex 2.73943 -3.57009 76.4062
    endloop
  endfacet
  facet normal 0.582446 -0.81287 -4.98261e-07
    outer loop
      vertex 2.50007 -3.74161 76.1227
      vertex 2.73943 -3.57009 57.6608
      vertex 2.52935 -3.72063 76.1326
    endloop
  endfacet
  facet normal 0.582471 -0.812851 0
    outer loop
      vertex 2.73943 -3.57009 57.6608
      vertex 2.50007 -3.74161 76.1227
      vertex 2.50007 -3.74161 57.5771
    endloop
  endfacet
  facet normal 0.0327028 -0.999465 0
    outer loop
      vertex 0.294313 -4.49037 0
      vertex 0 -4.5 14.3728
      vertex 0 -4.5 0
    endloop
  endfacet
  facet normal 0.0327028 -0.999465 0
    outer loop
      vertex 0 -4.5 14.3728
      vertex 0.294313 -4.49037 0
      vertex 0.294313 -4.49037 14.456
    endloop
  endfacet
  facet normal 0.0327028 -0.999465 0
    outer loop
      vertex 0 -4.5 80
      vertex 0.294313 -4.49037 75.9105
      vertex 0.294313 -4.49037 80
    endloop
  endfacet
  facet normal 0.0327179 -0.999465 1.09348e-06
    outer loop
      vertex 0 -4.5 80
      vertex 0.140353 -4.49541 75.8674
      vertex 0.294313 -4.49037 75.9105
    endloop
  endfacet
  facet normal 0.0326858 -0.999466 0
    outer loop
      vertex 0 -4.5 75.6272
      vertex 0.140353 -4.49541 75.8674
      vertex 0 -4.5 80
    endloop
  endfacet
  facet normal 0.0327521 -0.999464 -3.87932e-05
    outer loop
      vertex 0.140353 -4.49541 75.8674
      vertex 0 -4.5 75.6272
      vertex 0.137674 -4.49549 75.6667
    endloop
  endfacet
  facet normal 0.0327028 -0.999465 0
    outer loop
      vertex 0 -4.5 34.3728
      vertex 0.294313 -4.49037 15.9105
      vertex 0.294313 -4.49037 34.456
    endloop
  endfacet
  facet normal 0.0327182 -0.999465 2.45993e-07
    outer loop
      vertex 0 -4.5 34.3728
      vertex 0.140353 -4.49541 15.8674
      vertex 0.294313 -4.49037 15.9105
    endloop
  endfacet
  facet normal 0.0326858 -0.999466 0
    outer loop
      vertex 0 -4.5 15.6272
      vertex 0.140353 -4.49541 15.8674
      vertex 0 -4.5 34.3728
    endloop
  endfacet
  facet normal 0.0327521 -0.999464 -3.87932e-05
    outer loop
      vertex 0.140353 -4.49541 15.8674
      vertex 0 -4.5 15.6272
      vertex 0.137674 -4.49549 15.6667
    endloop
  endfacet
  facet normal 0.0327028 -0.999465 0
    outer loop
      vertex 0 -4.5 54.3728
      vertex 0.294313 -4.49037 35.9105
      vertex 0.294313 -4.49037 54.456
    endloop
  endfacet
  facet normal 0.0327182 -0.999465 2.45993e-07
    outer loop
      vertex 0 -4.5 54.3728
      vertex 0.140353 -4.49541 35.8674
      vertex 0.294313 -4.49037 35.9105
    endloop
  endfacet
  facet normal 0.0326858 -0.999466 0
    outer loop
      vertex 0 -4.5 35.6272
      vertex 0.140353 -4.49541 35.8674
      vertex 0 -4.5 54.3728
    endloop
  endfacet
  facet normal 0.0327521 -0.999464 -3.87932e-05
    outer loop
      vertex 0.140353 -4.49541 35.8674
      vertex 0 -4.5 35.6272
      vertex 0.137674 -4.49549 35.6667
    endloop
  endfacet
  facet normal 0.0327028 -0.999465 0
    outer loop
      vertex 0 -4.5 74.3728
      vertex 0.294313 -4.49037 55.9105
      vertex 0.294313 -4.49037 74.456
    endloop
  endfacet
  facet normal 0.0327182 -0.999465 2.45993e-07
    outer loop
      vertex 0 -4.5 74.3728
      vertex 0.140353 -4.49541 55.8674
      vertex 0.294313 -4.49037 55.9105
    endloop
  endfacet
  facet normal 0.0326858 -0.999466 0
    outer loop
      vertex 0 -4.5 55.6272
      vertex 0.140353 -4.49541 55.8674
      vertex 0 -4.5 74.3728
    endloop
  endfacet
  facet normal 0.0327521 -0.999464 -3.87932e-05
    outer loop
      vertex 0.140353 -4.49541 55.8674
      vertex 0 -4.5 55.6272
      vertex 0.137674 -4.49549 55.6667
    endloop
  endfacet
  facet normal -0.986685 -0.16264 2.94486e-05
    outer loop
      vertex -4.45776 -0.610019 71.2007
      vertex -4.4615 -0.587367 70.9942
      vertex -4.4582 -0.607386 71
    endloop
  endfacet
  facet normal -0.986642 -0.162901 0
    outer loop
      vertex -4.4615 -0.587367 70.9942
      vertex -4.45776 -0.610019 71.2007
      vertex -4.4615 -0.587367 80
    endloop
  endfacet
  facet normal -0.986642 -0.162901 2.42588e-10
    outer loop
      vertex -4.41353 -0.877906 71.2771
      vertex -4.4615 -0.587367 80
      vertex -4.45776 -0.610019 71.2007
    endloop
  endfacet
  facet normal -0.986642 -0.162901 0
    outer loop
      vertex -4.4615 -0.587367 80
      vertex -4.41353 -0.877906 71.2771
      vertex -4.41353 -0.877906 80
    endloop
  endfacet
  facet normal -0.986642 -0.162901 0
    outer loop
      vertex -4.41353 -0.877906 0
      vertex -4.4615 -0.587367 9.73957
      vertex -4.4615 -0.587367 0
    endloop
  endfacet
  facet normal -0.986643 -0.162895 -2.03322e-07
    outer loop
      vertex -4.4615 -0.587367 9.73957
      vertex -4.41353 -0.877906 0
      vertex -4.42683 -0.797361 9.79929
    endloop
  endfacet
  facet normal -0.986639 -0.162919 -0
    outer loop
      vertex -4.41353 -0.877906 10.0227
      vertex -4.42683 -0.797361 9.79929
      vertex -4.41353 -0.877906 0
    endloop
  endfacet
  facet normal -0.986627 -0.162996 -2.85692e-05
    outer loop
      vertex -4.42683 -0.797361 9.79929
      vertex -4.41353 -0.877906 10.0227
      vertex -4.4264 -0.799999 10
    endloop
  endfacet
  facet normal -0.986685 -0.16264 2.94486e-05
    outer loop
      vertex -4.45776 -0.610019 11.2007
      vertex -4.4615 -0.587367 10.9942
      vertex -4.4582 -0.607386 11
    endloop
  endfacet
  facet normal -0.986642 -0.162901 0
    outer loop
      vertex -4.4615 -0.587367 10.9942
      vertex -4.45776 -0.610019 11.2007
      vertex -4.4615 -0.587367 29.7396
    endloop
  endfacet
  facet normal -0.986642 -0.162901 1.15186e-10
    outer loop
      vertex -4.41353 -0.877906 11.2771
      vertex -4.4615 -0.587367 29.7396
      vertex -4.45776 -0.610019 11.2007
    endloop
  endfacet
  facet normal -0.986643 -0.162895 -1.07687e-07
    outer loop
      vertex -4.4615 -0.587367 29.7396
      vertex -4.41353 -0.877906 11.2771
      vertex -4.42683 -0.797361 29.7993
    endloop
  endfacet
  facet normal -0.986639 -0.162919 -0
    outer loop
      vertex -4.41353 -0.877906 30.0227
      vertex -4.42683 -0.797361 29.7993
      vertex -4.41353 -0.877906 11.2771
    endloop
  endfacet
  facet normal -0.986627 -0.162996 -2.85707e-05
    outer loop
      vertex -4.42683 -0.797361 29.7993
      vertex -4.41353 -0.877906 30.0227
      vertex -4.4264 -0.799999 30
    endloop
  endfacet
  facet normal -0.986685 -0.16264 2.94486e-05
    outer loop
      vertex -4.45776 -0.610019 31.2007
      vertex -4.4615 -0.587367 30.9942
      vertex -4.4582 -0.607386 31
    endloop
  endfacet
  facet normal -0.986642 -0.162901 0
    outer loop
      vertex -4.4615 -0.587367 30.9942
      vertex -4.45776 -0.610019 31.2007
      vertex -4.4615 -0.587367 49.7396
    endloop
  endfacet
  facet normal -0.986642 -0.162901 1.15186e-10
    outer loop
      vertex -4.41353 -0.877906 31.2771
      vertex -4.4615 -0.587367 49.7396
      vertex -4.45776 -0.610019 31.2007
    endloop
  endfacet
  facet normal -0.986643 -0.162895 -1.07687e-07
    outer loop
      vertex -4.4615 -0.587367 49.7396
      vertex -4.41353 -0.877906 31.2771
      vertex -4.42683 -0.797361 49.7993
    endloop
  endfacet
  facet normal -0.986639 -0.162919 -0
    outer loop
      vertex -4.41353 -0.877906 50.0227
      vertex -4.42683 -0.797361 49.7993
      vertex -4.41353 -0.877906 31.2771
    endloop
  endfacet
  facet normal -0.986627 -0.162996 -2.85707e-05
    outer loop
      vertex -4.42683 -0.797361 49.7993
      vertex -4.41353 -0.877906 50.0227
      vertex -4.4264 -0.799999 50
    endloop
  endfacet
  facet normal -0.986685 -0.16264 2.94486e-05
    outer loop
      vertex -4.45776 -0.610019 51.2007
      vertex -4.4615 -0.587367 50.9942
      vertex -4.4582 -0.607386 51
    endloop
  endfacet
  facet normal -0.986642 -0.162901 0
    outer loop
      vertex -4.4615 -0.587367 50.9942
      vertex -4.45776 -0.610019 51.2007
      vertex -4.4615 -0.587367 69.7396
    endloop
  endfacet
  facet normal -0.986642 -0.162901 1.15186e-10
    outer loop
      vertex -4.41353 -0.877906 51.2771
      vertex -4.4615 -0.587367 69.7396
      vertex -4.45776 -0.610019 51.2007
    endloop
  endfacet
  facet normal -0.986643 -0.162895 -1.07687e-07
    outer loop
      vertex -4.4615 -0.587367 69.7396
      vertex -4.41353 -0.877906 51.2771
      vertex -4.42683 -0.797361 69.7993
    endloop
  endfacet
  facet normal -0.986639 -0.162919 -0
    outer loop
      vertex -4.41353 -0.877906 70.0227
      vertex -4.42683 -0.797361 69.7993
      vertex -4.41353 -0.877906 51.2771
    endloop
  endfacet
  facet normal -0.986627 -0.162996 -2.85707e-05
    outer loop
      vertex -4.42683 -0.797361 69.7993
      vertex -4.41353 -0.877906 70.0227
      vertex -4.4264 -0.799999 70
    endloop
  endfacet
  facet normal -0 0 1
    outer loop
      vertex 4.4264 0.799999 80
      vertex 11 -0.799999 80
      vertex 11 0.799999 80
    endloop
  endfacet
  facet normal 0 0 1
    outer loop
      vertex 4.4264 0.799999 80
      vertex 4.4264 -0.799999 80
      vertex 11 -0.799999 80
    endloop
  endfacet
  facet normal 0 0 1
    outer loop
      vertex 1.8 1.87452 80
      vertex 4.4264 0.799999 80
      vertex 4.41353 0.877906 80
    endloop
  endfacet
  facet normal 0 0 1
    outer loop
      vertex 4.4264 0.799999 80
      vertex 1.8 1.87452 80
      vertex 4.4264 -0.799999 80
    endloop
  endfacet
  facet normal 0 0 1
    outer loop
      vertex 1.8 1.87452 80
      vertex 4.41353 0.877906 80
      vertex 4.34667 1.16469 80
    endloop
  endfacet
  facet normal 0 0 1
    outer loop
      vertex 1.8 -1.87452 80
      vertex 4.4264 -0.799999 80
      vertex 1.8 1.87452 80
    endloop
  endfacet
  facet normal 0 0 1
    outer loop
      vertex 1.8 1.87452 80
      vertex 4.34667 1.16469 80
      vertex 4.26118 1.44648 80
    endloop
  endfacet
  facet normal 0 0 1
    outer loop
      vertex 4.4264 -0.799999 80
      vertex 1.8 -1.87452 80
      vertex 4.41353 -0.877906 80
    endloop
  endfacet
  facet normal 0 0 1
    outer loop
      vertex 1.8 1.87452 80
      vertex 4.26118 1.44648 80
      vertex 4.15746 1.72207 80
    endloop
  endfacet
  facet normal 0 0 1
    outer loop
      vertex 4.41353 -0.877906 80
      vertex 1.8 -1.87452 80
      vertex 4.34667 -1.16469 80
    endloop
  endfacet
  facet normal -0 0 1
    outer loop
      vertex 1.8 1.87452 80
      vertex 4.15746 1.72207 80
      vertex 4.03593 1.9903 80
    endloop
  endfacet
  facet normal 0 0 1
    outer loop
      vertex 4.34667 -1.16469 80
      vertex 1.8 -1.87452 80
      vertex 4.26118 -1.44648 80
    endloop
  endfacet
  facet normal 0 0 1
    outer loop
      vertex 1.8 1.87452 80
      vertex 4.03593 1.9903 80
      vertex 3.89711 2.25 80
    endloop
  endfacet
  facet normal 0 0 1
    outer loop
      vertex 4.26118 -1.44648 80
      vertex 1.8 -1.87452 80
      vertex 4.15746 -1.72207 80
    endloop
  endfacet
  facet normal 0 0 1
    outer loop
      vertex 1.8 1.87452 80
      vertex 3.89711 2.25 80
      vertex 3.74161 2.50007 80
    endloop
  endfacet
  facet normal 0 0 1
    outer loop
      vertex 4.15746 -1.72207 80
      vertex 1.8 -1.87452 80
      vertex 4.03593 -1.9903 80
    endloop
  endfacet
  facet normal 0 0 1
    outer loop
      vertex 1.8 1.87452 80
      vertex 3.74161 2.50007 80
      vertex 3.57009 2.73943 80
    endloop
  endfacet
  facet normal 0 0 1
    outer loop
      vertex 4.03593 -1.9903 80
      vertex 1.8 -1.87452 80
      vertex 3.89711 -2.25 80
    endloop
  endfacet
  facet normal 0 0 1
    outer loop
      vertex 1.8 1.87452 80
      vertex 3.57009 2.73943 80
      vertex 3.38328 2.96706 80
    endloop
  endfacet
  facet normal 0 0 1
    outer loop
      vertex 3.89711 -2.25 80
      vertex 1.8 -1.87452 80
      vertex 3.74161 -2.50007 80
    endloop
  endfacet
  facet normal 0 0 1
    outer loop
      vertex 1.8 1.87452 80
      vertex 3.38328 2.96706 80
      vertex 3.18198 3.18198 80
    endloop
  endfacet
  facet normal 0 0 1
    outer loop
      vertex 3.74161 -2.50007 80
      vertex 1.8 -1.87452 80
      vertex 3.57009 -2.73943 80
    endloop
  endfacet
  facet normal 0 0 1
    outer loop
      vertex 1.8 1.87452 80
      vertex 3.18198 3.18198 80
      vertex 2.96706 3.38328 80
    endloop
  endfacet
  facet normal 0 0 1
    outer loop
      vertex 3.57009 -2.73943 80
      vertex 1.8 -1.87452 80
      vertex 3.38328 -2.96706 80
    endloop
  endfacet
  facet normal 0 0 1
    outer loop
      vertex 1.7143 1.95478 80
      vertex 2.96706 3.38328 80
      vertex 2.73943 3.57009 80
    endloop
  endfacet
  facet normal 0 0 1
    outer loop
      vertex 3.38328 -2.96706 80
      vertex 1.8 -1.87452 80
      vertex 3.18198 -3.18198 80
    endloop
  endfacet
  facet normal 0 0 1
    outer loop
      vertex 1.58278 2.06272 80
      vertex 2.73943 3.57009 80
      vertex 2.50007 3.74161 80
    endloop
  endfacet
  facet normal 0 0 1
    outer loop
      vertex 3.18198 -3.18198 80
      vertex 1.8 -1.87452 80
      vertex 2.96706 -3.38328 80
    endloop
  endfacet
  facet normal 0 0 1
    outer loop
      vertex 1.44448 2.16182 80
      vertex 2.50007 3.74161 80
      vertex 2.25 3.89711 80
    endloop
  endfacet
  facet normal -0 0 1
    outer loop
      vertex 1.7143 -1.95478 80
      vertex 2.96706 -3.38328 80
      vertex 1.8 -1.87452 80
    endloop
  endfacet
  facet normal 0 0 1
    outer loop
      vertex 1.3 2.25167 80
      vertex 2.25 3.89711 80
      vertex 1.9903 4.03593 80
    endloop
  endfacet
  facet normal 0 0 1
    outer loop
      vertex 2.96706 -3.38328 80
      vertex 1.7143 -1.95478 80
      vertex 2.73943 -3.57009 80
    endloop
  endfacet
  facet normal -0 0 1
    outer loop
      vertex 1.58278 -2.06272 80
      vertex 2.73943 -3.57009 80
      vertex 1.7143 -1.95478 80
    endloop
  endfacet
  facet normal 0 0 1
    outer loop
      vertex 1.14995 2.33187 80
      vertex 1.9903 4.03593 80
      vertex 1.72207 4.15746 80
    endloop
  endfacet
  facet normal 0 0 1
    outer loop
      vertex 2.96706 3.38328 80
      vertex 1.7143 1.95478 80
      vertex 1.8 1.87452 80
    endloop
  endfacet
  facet normal 0 0 1
    outer loop
      vertex 2.73943 3.57009 80
      vertex 1.58278 2.06272 80
      vertex 1.7143 1.95478 80
    endloop
  endfacet
  facet normal 0 0 1
    outer loop
      vertex 0.994976 2.40209 80
      vertex 1.72207 4.15746 80
      vertex 1.44648 4.26118 80
    endloop
  endfacet
  facet normal 0 0 1
    outer loop
      vertex 2.50007 3.74161 80
      vertex 1.44448 2.16182 80
      vertex 1.58278 2.06272 80
    endloop
  endfacet
  facet normal 0 0 1
    outer loop
      vertex 2.25 3.89711 80
      vertex 1.3 2.25167 80
      vertex 1.44448 2.16182 80
    endloop
  endfacet
  facet normal 0 0 1
    outer loop
      vertex 0.835742 2.46202 80
      vertex 1.44648 4.26118 80
      vertex 1.16469 4.34667 80
    endloop
  endfacet
  facet normal 0 0 1
    outer loop
      vertex 1.9903 4.03593 80
      vertex 1.14995 2.33187 80
      vertex 1.3 2.25167 80
    endloop
  endfacet
  facet normal 0 0 1
    outer loop
      vertex 1.72207 4.15746 80
      vertex 0.994976 2.40209 80
      vertex 1.14995 2.33187 80
    endloop
  endfacet
  facet normal 0 0 1
    outer loop
      vertex 0.672929 2.51141 80
      vertex 1.16469 4.34667 80
      vertex 0.877906 4.41353 80
    endloop
  endfacet
  facet normal 0 0 1
    outer loop
      vertex 1.44648 4.26118 80
      vertex 0.835742 2.46202 80
      vertex 0.994976 2.40209 80
    endloop
  endfacet
  facet normal 0 0 1
    outer loop
      vertex 1.16469 4.34667 80
      vertex 0.672929 2.51141 80
      vertex 0.835742 2.46202 80
    endloop
  endfacet
  facet normal 0 0 1
    outer loop
      vertex 0.507235 2.55004 80
      vertex 0.877906 4.41353 80
      vertex 0.587367 4.4615 80
    endloop
  endfacet
  facet normal 0 0 1
    outer loop
      vertex 0.877906 4.41353 80
      vertex 0.507235 2.55004 80
      vertex 0.672929 2.51141 80
    endloop
  endfacet
  facet normal 0 0 1
    outer loop
      vertex 0.587367 4.4615 80
      vertex 0.339368 2.57776 80
      vertex 0.507235 2.55004 80
    endloop
  endfacet
  facet normal 0 0 1
    outer loop
      vertex 0.294313 4.49037 80
      vertex 0.339368 2.57776 80
      vertex 0.587367 4.4615 80
    endloop
  endfacet
  facet normal 0 0 1
    outer loop
      vertex 0.294313 4.49037 80
      vertex 0.170048 2.59443 80
      vertex 0.339368 2.57776 80
    endloop
  endfacet
  facet normal 0 0 1
    outer loop
      vertex 0 4.5 80
      vertex 0.170048 2.59443 80
      vertex 0.294313 4.49037 80
    endloop
  endfacet
  facet normal 0 0 1
    outer loop
      vertex 0 4.5 80
      vertex 0 2.6 80
      vertex 0.170048 2.59443 80
    endloop
  endfacet
  facet normal 0 0 1
    outer loop
      vertex 0 4.5 80
      vertex -0.170048 2.59443 80
      vertex 0 2.6 80
    endloop
  endfacet
  facet normal -0 0 1
    outer loop
      vertex -0.294313 4.49037 80
      vertex -0.170048 2.59443 80
      vertex 0 4.5 80
    endloop
  endfacet
  facet normal 0 0 1
    outer loop
      vertex -0.294313 4.49037 80
      vertex -0.339368 2.57776 80
      vertex -0.170048 2.59443 80
    endloop
  endfacet
  facet normal -0 0 1
    outer loop
      vertex -0.587367 4.4615 80
      vertex -0.339368 2.57776 80
      vertex -0.294313 4.49037 80
    endloop
  endfacet
  facet normal 0 0 1
    outer loop
      vertex -0.339368 2.57776 80
      vertex -0.587367 4.4615 80
      vertex -0.507235 2.55004 80
    endloop
  endfacet
  facet normal -0 0 1
    outer loop
      vertex -0.877906 4.41353 80
      vertex -0.507235 2.55004 80
      vertex -0.587367 4.4615 80
    endloop
  endfacet
  facet normal 0 0 1
    outer loop
      vertex -0.507235 2.55004 80
      vertex -0.877906 4.41353 80
      vertex -0.672929 2.51141 80
    endloop
  endfacet
  facet normal -0 0 1
    outer loop
      vertex -1.16469 4.34667 80
      vertex -0.672929 2.51141 80
      vertex -0.877906 4.41353 80
    endloop
  endfacet
  facet normal 0 0 1
    outer loop
      vertex -0.672929 2.51141 80
      vertex -1.16469 4.34667 80
      vertex -0.835742 2.46202 80
    endloop
  endfacet
  facet normal -0 0 1
    outer loop
      vertex -1.44648 4.26118 80
      vertex -0.835742 2.46202 80
      vertex -1.16469 4.34667 80
    endloop
  endfacet
  facet normal 0 0 1
    outer loop
      vertex -0.835742 2.46202 80
      vertex -1.44648 4.26118 80
      vertex -0.994976 2.40209 80
    endloop
  endfacet
  facet normal -0 0 1
    outer loop
      vertex -1.72207 4.15746 80
      vertex -0.994976 2.40209 80
      vertex -1.44648 4.26118 80
    endloop
  endfacet
  facet normal 0 0 1
    outer loop
      vertex -0.994976 2.40209 80
      vertex -1.72207 4.15746 80
      vertex -1.14995 2.33187 80
    endloop
  endfacet
  facet normal -0 0 1
    outer loop
      vertex -1.9903 4.03593 80
      vertex -1.14995 2.33187 80
      vertex -1.72207 4.15746 80
    endloop
  endfacet
  facet normal 0 0 1
    outer loop
      vertex -1.14995 2.33187 80
      vertex -1.9903 4.03593 80
      vertex -1.3 2.25167 80
    endloop
  endfacet
  facet normal -0 0 1
    outer loop
      vertex -2.25 3.89711 80
      vertex -1.3 2.25167 80
      vertex -1.9903 4.03593 80
    endloop
  endfacet
  facet normal 0 0 1
    outer loop
      vertex -1.3 2.25167 80
      vertex -2.25 3.89711 80
      vertex -1.44448 2.16182 80
    endloop
  endfacet
  facet normal -0 0 1
    outer loop
      vertex -2.50007 3.74161 80
      vertex -1.44448 2.16182 80
      vertex -2.25 3.89711 80
    endloop
  endfacet
  facet normal 0 0 1
    outer loop
      vertex -1.44448 2.16182 80
      vertex -2.50007 3.74161 80
      vertex -1.58278 2.06272 80
    endloop
  endfacet
  facet normal -0 0 1
    outer loop
      vertex -2.73943 3.57009 80
      vertex -1.58278 2.06272 80
      vertex -2.50007 3.74161 80
    endloop
  endfacet
  facet normal 0 0 1
    outer loop
      vertex -1.58278 2.06272 80
      vertex -2.73943 3.57009 80
      vertex -1.7143 1.95478 80
    endloop
  endfacet
  facet normal -0 0 1
    outer loop
      vertex -2.96706 3.38328 80
      vertex -1.7143 1.95478 80
      vertex -2.73943 3.57009 80
    endloop
  endfacet
  facet normal 0 0 1
    outer loop
      vertex -1.7143 1.95478 80
      vertex -2.96706 3.38328 80
      vertex -1.83848 1.83848 80
    endloop
  endfacet
  facet normal -0 0 1
    outer loop
      vertex -3.18198 3.18198 80
      vertex -1.83848 1.83848 80
      vertex -2.96706 3.38328 80
    endloop
  endfacet
  facet normal 0 0 1
    outer loop
      vertex -1.83848 1.83848 80
      vertex -3.18198 3.18198 80
      vertex -1.95478 1.7143 80
    endloop
  endfacet
  facet normal -0 0 1
    outer loop
      vertex -3.38328 2.96706 80
      vertex -1.95478 1.7143 80
      vertex -3.18198 3.18198 80
    endloop
  endfacet
  facet normal 0 0 1
    outer loop
      vertex -1.95478 1.7143 80
      vertex -3.38328 2.96706 80
      vertex -2.06272 1.58278 80
    endloop
  endfacet
  facet normal -0 0 1
    outer loop
      vertex -3.57009 2.73943 80
      vertex -2.06272 1.58278 80
      vertex -3.38328 2.96706 80
    endloop
  endfacet
  facet normal 0 0 1
    outer loop
      vertex -2.06272 1.58278 80
      vertex -3.57009 2.73943 80
      vertex -2.16182 1.44448 80
    endloop
  endfacet
  facet normal -0 0 1
    outer loop
      vertex -3.74161 2.50007 80
      vertex -2.16182 1.44448 80
      vertex -3.57009 2.73943 80
    endloop
  endfacet
  facet normal 0 0 1
    outer loop
      vertex -2.16182 1.44448 80
      vertex -3.74161 2.50007 80
      vertex -2.25167 1.3 80
    endloop
  endfacet
  facet normal -0 0 1
    outer loop
      vertex -3.89711 2.25 80
      vertex -2.25167 1.3 80
      vertex -3.74161 2.50007 80
    endloop
  endfacet
  facet normal 0 0 1
    outer loop
      vertex -2.25167 1.3 80
      vertex -3.89711 2.25 80
      vertex -2.33187 1.14995 80
    endloop
  endfacet
  facet normal -0 0 1
    outer loop
      vertex -4.03593 1.9903 80
      vertex -2.33187 1.14995 80
      vertex -3.89711 2.25 80
    endloop
  endfacet
  facet normal 0 0 1
    outer loop
      vertex 2.73943 -3.57009 80
      vertex 1.58278 -2.06272 80
      vertex 2.50007 -3.74161 80
    endloop
  endfacet
  facet normal -0 0 1
    outer loop
      vertex 1.44448 -2.16182 80
      vertex 2.50007 -3.74161 80
      vertex 1.58278 -2.06272 80
    endloop
  endfacet
  facet normal 0 0 1
    outer loop
      vertex 2.50007 -3.74161 80
      vertex 1.44448 -2.16182 80
      vertex 2.25 -3.89711 80
    endloop
  endfacet
  facet normal -0 0 1
    outer loop
      vertex 1.3 -2.25167 80
      vertex 2.25 -3.89711 80
      vertex 1.44448 -2.16182 80
    endloop
  endfacet
  facet normal 0 0 1
    outer loop
      vertex 2.25 -3.89711 80
      vertex 1.3 -2.25167 80
      vertex 1.9903 -4.03593 80
    endloop
  endfacet
  facet normal -0 0 1
    outer loop
      vertex 1.14995 -2.33187 80
      vertex 1.9903 -4.03593 80
      vertex 1.3 -2.25167 80
    endloop
  endfacet
  facet normal 0 0 1
    outer loop
      vertex 1.9903 -4.03593 80
      vertex 1.14995 -2.33187 80
      vertex 1.72207 -4.15746 80
    endloop
  endfacet
  facet normal -0 0 1
    outer loop
      vertex 0.994976 -2.40209 80
      vertex 1.72207 -4.15746 80
      vertex 1.14995 -2.33187 80
    endloop
  endfacet
  facet normal 0 0 1
    outer loop
      vertex 1.72207 -4.15746 80
      vertex 0.994976 -2.40209 80
      vertex 1.44648 -4.26118 80
    endloop
  endfacet
  facet normal -0 0 1
    outer loop
      vertex 0.835742 -2.46202 80
      vertex 1.44648 -4.26118 80
      vertex 0.994976 -2.40209 80
    endloop
  endfacet
  facet normal 0 0 1
    outer loop
      vertex 1.44648 -4.26118 80
      vertex 0.835742 -2.46202 80
      vertex 1.16469 -4.34667 80
    endloop
  endfacet
  facet normal -0 0 1
    outer loop
      vertex 0.672929 -2.51141 80
      vertex 1.16469 -4.34667 80
      vertex 0.835742 -2.46202 80
    endloop
  endfacet
  facet normal 0 0 1
    outer loop
      vertex 1.16469 -4.34667 80
      vertex 0.672929 -2.51141 80
      vertex 0.877906 -4.41353 80
    endloop
  endfacet
  facet normal -0 0 1
    outer loop
      vertex 0.507235 -2.55004 80
      vertex 0.877906 -4.41353 80
      vertex 0.672929 -2.51141 80
    endloop
  endfacet
  facet normal 0 0 1
    outer loop
      vertex 0.877906 -4.41353 80
      vertex 0.507235 -2.55004 80
      vertex 0.587367 -4.4615 80
    endloop
  endfacet
  facet normal -0 0 1
    outer loop
      vertex 0.339368 -2.57776 80
      vertex 0.587367 -4.4615 80
      vertex 0.507235 -2.55004 80
    endloop
  endfacet
  facet normal 0 0 1
    outer loop
      vertex 0.339368 -2.57776 80
      vertex 0.294313 -4.49037 80
      vertex 0.587367 -4.4615 80
    endloop
  endfacet
  facet normal -0 0 1
    outer loop
      vertex 0.170048 -2.59443 80
      vertex 0.294313 -4.49037 80
      vertex 0.339368 -2.57776 80
    endloop
  endfacet
  facet normal -0 0 1
    outer loop
      vertex 0 -2.6 80
      vertex 0.294313 -4.49037 80
      vertex 0.170048 -2.59443 80
    endloop
  endfacet
  facet normal 0 0 1
    outer loop
      vertex 0 -2.6 80
      vertex 0 -4.5 80
      vertex 0.294313 -4.49037 80
    endloop
  endfacet
  facet normal 0 0 1
    outer loop
      vertex -0.170048 -2.59443 80
      vertex 0 -4.5 80
      vertex 0 -2.6 80
    endloop
  endfacet
  facet normal 0 0 1
    outer loop
      vertex -0.170048 -2.59443 80
      vertex -0.294313 -4.49037 80
      vertex 0 -4.5 80
    endloop
  endfacet
  facet normal 0 0 1
    outer loop
      vertex -0.339368 -2.57776 80
      vertex -0.294313 -4.49037 80
      vertex -0.170048 -2.59443 80
    endloop
  endfacet
  facet normal 0 0 1
    outer loop
      vertex -0.587367 -4.4615 80
      vertex -0.339368 -2.57776 80
      vertex -0.507235 -2.55004 80
    endloop
  endfacet
  facet normal 0 0 1
    outer loop
      vertex -0.339368 -2.57776 80
      vertex -0.587367 -4.4615 80
      vertex -0.294313 -4.49037 80
    endloop
  endfacet
  facet normal 0 0 1
    outer loop
      vertex -0.877906 -4.41353 80
      vertex -0.507235 -2.55004 80
      vertex -0.672929 -2.51141 80
    endloop
  endfacet
  facet normal 0 0 1
    outer loop
      vertex -1.16469 -4.34667 80
      vertex -0.672929 -2.51141 80
      vertex -0.835742 -2.46202 80
    endloop
  endfacet
  facet normal 0 0 1
    outer loop
      vertex -0.507235 -2.55004 80
      vertex -0.877906 -4.41353 80
      vertex -0.587367 -4.4615 80
    endloop
  endfacet
  facet normal 0 0 1
    outer loop
      vertex -1.44648 -4.26118 80
      vertex -0.835742 -2.46202 80
      vertex -0.994976 -2.40209 80
    endloop
  endfacet
  facet normal 0 0 1
    outer loop
      vertex -1.72207 -4.15746 80
      vertex -0.994976 -2.40209 80
      vertex -1.14995 -2.33187 80
    endloop
  endfacet
  facet normal 0 0 1
    outer loop
      vertex -0.672929 -2.51141 80
      vertex -1.16469 -4.34667 80
      vertex -0.877906 -4.41353 80
    endloop
  endfacet
  facet normal 0 0 1
    outer loop
      vertex -1.9903 -4.03593 80
      vertex -1.14995 -2.33187 80
      vertex -1.3 -2.25167 80
    endloop
  endfacet
  facet normal 0 0 1
    outer loop
      vertex -2.25 -3.89711 80
      vertex -1.3 -2.25167 80
      vertex -1.44448 -2.16182 80
    endloop
  endfacet
  facet normal 0 0 1
    outer loop
      vertex -0.835742 -2.46202 80
      vertex -1.44648 -4.26118 80
      vertex -1.16469 -4.34667 80
    endloop
  endfacet
  facet normal 0 0 1
    outer loop
      vertex -2.50007 -3.74161 80
      vertex -1.44448 -2.16182 80
      vertex -1.58278 -2.06272 80
    endloop
  endfacet
  facet normal 0 0 1
    outer loop
      vertex -2.73943 -3.57009 80
      vertex -1.58278 -2.06272 80
      vertex -1.7143 -1.95478 80
    endloop
  endfacet
  facet normal 0 0 1
    outer loop
      vertex -0.994976 -2.40209 80
      vertex -1.72207 -4.15746 80
      vertex -1.44648 -4.26118 80
    endloop
  endfacet
  facet normal 0 0 1
    outer loop
      vertex -2.96706 -3.38328 80
      vertex -1.7143 -1.95478 80
      vertex -1.83848 -1.83848 80
    endloop
  endfacet
  facet normal 0 0 1
    outer loop
      vertex -3.18198 -3.18198 80
      vertex -1.83848 -1.83848 80
      vertex -1.95478 -1.7143 80
    endloop
  endfacet
  facet normal 0 0 1
    outer loop
      vertex -1.14995 -2.33187 80
      vertex -1.9903 -4.03593 80
      vertex -1.72207 -4.15746 80
    endloop
  endfacet
  facet normal 0 0 1
    outer loop
      vertex -3.38328 -2.96706 80
      vertex -1.95478 -1.7143 80
      vertex -2.06272 -1.58278 80
    endloop
  endfacet
  facet normal 0 0 1
    outer loop
      vertex -3.57009 -2.73943 80
      vertex -2.06272 -1.58278 80
      vertex -2.16182 -1.44448 80
    endloop
  endfacet
  facet normal 0 0 1
    outer loop
      vertex -1.3 -2.25167 80
      vertex -2.25 -3.89711 80
      vertex -1.9903 -4.03593 80
    endloop
  endfacet
  facet normal 0 0 1
    outer loop
      vertex -3.74161 -2.50007 80
      vertex -2.16182 -1.44448 80
      vertex -2.25167 -1.3 80
    endloop
  endfacet
  facet normal 0 0 1
    outer loop
      vertex -3.89711 -2.25 80
      vertex -2.25167 -1.3 80
      vertex -2.33187 -1.14995 80
    endloop
  endfacet
  facet normal 0 0 1
    outer loop
      vertex -4.03593 -1.9903 80
      vertex -2.33187 -1.14995 80
      vertex -2.40209 -0.994976 80
    endloop
  endfacet
  facet normal 0 0 1
    outer loop
      vertex -4.15746 -1.72207 80
      vertex -2.40209 -0.994976 80
      vertex -2.46202 -0.835742 80
    endloop
  endfacet
  facet normal 0 0 1
    outer loop
      vertex -1.44448 -2.16182 80
      vertex -2.50007 -3.74161 80
      vertex -2.25 -3.89711 80
    endloop
  endfacet
  facet normal 0 0 1
    outer loop
      vertex -4.26118 -1.44648 80
      vertex -2.46202 -0.835742 80
      vertex -2.51141 -0.672929 80
    endloop
  endfacet
  facet normal 0 0 1
    outer loop
      vertex -4.34667 -1.16469 80
      vertex -2.51141 -0.672929 80
      vertex -2.55004 -0.507235 80
    endloop
  endfacet
  facet normal 0 0 1
    outer loop
      vertex -4.41353 -0.877906 80
      vertex -2.55004 -0.507235 80
      vertex -2.57776 -0.339368 80
    endloop
  endfacet
  facet normal 0 0 1
    outer loop
      vertex -4.4615 -0.587367 80
      vertex -2.57776 -0.339368 80
      vertex -2.59443 -0.170048 80
    endloop
  endfacet
  facet normal 0 0 1
    outer loop
      vertex -4.49037 -0.294313 80
      vertex -2.59443 -0.170048 80
      vertex -2.6 0 80
    endloop
  endfacet
  facet normal 0 0 1
    outer loop
      vertex -2.33187 1.14995 80
      vertex -4.03593 1.9903 80
      vertex -2.40209 0.994976 80
    endloop
  endfacet
  facet normal 0 0 1
    outer loop
      vertex -1.58278 -2.06272 80
      vertex -2.73943 -3.57009 80
      vertex -2.50007 -3.74161 80
    endloop
  endfacet
  facet normal -0 0 1
    outer loop
      vertex -4.15746 1.72207 80
      vertex -2.40209 0.994976 80
      vertex -4.03593 1.9903 80
    endloop
  endfacet
  facet normal 0 0 1
    outer loop
      vertex -1.7143 -1.95478 80
      vertex -2.96706 -3.38328 80
      vertex -2.73943 -3.57009 80
    endloop
  endfacet
  facet normal 0 0 1
    outer loop
      vertex -2.40209 0.994976 80
      vertex -4.15746 1.72207 80
      vertex -2.46202 0.835742 80
    endloop
  endfacet
  facet normal 0 0 1
    outer loop
      vertex -1.83848 -1.83848 80
      vertex -3.18198 -3.18198 80
      vertex -2.96706 -3.38328 80
    endloop
  endfacet
  facet normal -0 0 1
    outer loop
      vertex -4.26118 1.44648 80
      vertex -2.46202 0.835742 80
      vertex -4.15746 1.72207 80
    endloop
  endfacet
  facet normal 0 0 1
    outer loop
      vertex -1.95478 -1.7143 80
      vertex -3.38328 -2.96706 80
      vertex -3.18198 -3.18198 80
    endloop
  endfacet
  facet normal 0 0 1
    outer loop
      vertex -2.46202 0.835742 80
      vertex -4.26118 1.44648 80
      vertex -2.51141 0.672929 80
    endloop
  endfacet
  facet normal 0 0 1
    outer loop
      vertex -2.06272 -1.58278 80
      vertex -3.57009 -2.73943 80
      vertex -3.38328 -2.96706 80
    endloop
  endfacet
  facet normal -0 0 1
    outer loop
      vertex -4.34667 1.16469 80
      vertex -2.51141 0.672929 80
      vertex -4.26118 1.44648 80
    endloop
  endfacet
  facet normal 0 0 1
    outer loop
      vertex -2.16182 -1.44448 80
      vertex -3.74161 -2.50007 80
      vertex -3.57009 -2.73943 80
    endloop
  endfacet
  facet normal 0 0 1
    outer loop
      vertex -2.51141 0.672929 80
      vertex -4.34667 1.16469 80
      vertex -2.55004 0.507235 80
    endloop
  endfacet
  facet normal 0 0 1
    outer loop
      vertex -2.25167 -1.3 80
      vertex -3.89711 -2.25 80
      vertex -3.74161 -2.50007 80
    endloop
  endfacet
  facet normal -0 0 1
    outer loop
      vertex -4.41353 0.877906 80
      vertex -2.55004 0.507235 80
      vertex -4.34667 1.16469 80
    endloop
  endfacet
  facet normal 0 0 1
    outer loop
      vertex -2.33187 -1.14995 80
      vertex -4.03593 -1.9903 80
      vertex -3.89711 -2.25 80
    endloop
  endfacet
  facet normal 0 0 1
    outer loop
      vertex -2.55004 0.507235 80
      vertex -4.41353 0.877906 80
      vertex -2.57776 0.339368 80
    endloop
  endfacet
  facet normal 0 0 1
    outer loop
      vertex -2.40209 -0.994976 80
      vertex -4.15746 -1.72207 80
      vertex -4.03593 -1.9903 80
    endloop
  endfacet
  facet normal -0 0 1
    outer loop
      vertex -4.4615 0.587367 80
      vertex -2.57776 0.339368 80
      vertex -4.41353 0.877906 80
    endloop
  endfacet
  facet normal 0 0 1
    outer loop
      vertex -2.46202 -0.835742 80
      vertex -4.26118 -1.44648 80
      vertex -4.15746 -1.72207 80
    endloop
  endfacet
  facet normal 0 0 1
    outer loop
      vertex -2.57776 0.339368 80
      vertex -4.4615 0.587367 80
      vertex -2.59443 0.170048 80
    endloop
  endfacet
  facet normal 0 0 1
    outer loop
      vertex -2.51141 -0.672929 80
      vertex -4.34667 -1.16469 80
      vertex -4.26118 -1.44648 80
    endloop
  endfacet
  facet normal -0 0 1
    outer loop
      vertex -4.49037 0.294313 80
      vertex -2.59443 0.170048 80
      vertex -4.4615 0.587367 80
    endloop
  endfacet
  facet normal 0 0 1
    outer loop
      vertex -2.55004 -0.507235 80
      vertex -4.41353 -0.877906 80
      vertex -4.34667 -1.16469 80
    endloop
  endfacet
  facet normal 0 0 1
    outer loop
      vertex -2.59443 0.170048 80
      vertex -4.49037 0.294313 80
      vertex -2.6 0 80
    endloop
  endfacet
  facet normal 0 0 1
    outer loop
      vertex -2.57776 -0.339368 80
      vertex -4.4615 -0.587367 80
      vertex -4.41353 -0.877906 80
    endloop
  endfacet
  facet normal 0 0 1
    outer loop
      vertex -4.5 0 80
      vertex -2.6 0 80
      vertex -4.49037 0.294313 80
    endloop
  endfacet
  facet normal 0 0 1
    outer loop
      vertex -2.59443 -0.170048 80
      vertex -4.49037 -0.294313 80
      vertex -4.4615 -0.587367 80
    endloop
  endfacet
  facet normal 0 0 1
    outer loop
      vertex -2.6 0 80
      vertex -4.5 0 80
      vertex -4.49037 -0.294313 80
    endloop
  endfacet
  facet normal -0.290276 0.956943 3.52427e-05
    outer loop
      vertex -1.2557 4.31906 5.13262
      vertex -1.44648 4.26118 5.38954
      vertex -1.25828 4.31827 5.33333
    endloop
  endfacet
  facet normal -0.290316 0.956931 0
    outer loop
      vertex -1.44648 4.26118 0
      vertex -1.16469 4.34667 5.10613
      vertex -1.16469 4.34667 0
    endloop
  endfacet
  facet normal -0.290308 0.956933 -4.51944e-07
    outer loop
      vertex -1.16469 4.34667 5.10613
      vertex -1.44648 4.26118 0
      vertex -1.2557 4.31906 5.13262
    endloop
  endfacet
  facet normal -0.290319 0.95693 0
    outer loop
      vertex -1.2557 4.31906 5.13262
      vertex -1.44648 4.26118 0
      vertex -1.44648 4.26118 5.38954
    endloop
  endfacet
  facet normal -0.290316 0.956931 0
    outer loop
      vertex -1.16469 4.34667 80
      vertex -1.44648 4.26118 66.644
      vertex -1.44648 4.26118 80
    endloop
  endfacet
  facet normal -0.290316 0.956931 0
    outer loop
      vertex -1.44648 4.26118 66.644
      vertex -1.16469 4.34667 80
      vertex -1.16469 4.34667 66.5605
    endloop
  endfacet
  facet normal -0.290276 0.956943 3.52444e-05
    outer loop
      vertex -1.2557 4.31906 25.1326
      vertex -1.44648 4.26118 25.3895
      vertex -1.25828 4.31827 25.3333
    endloop
  endfacet
  facet normal -0.290319 0.95693 0
    outer loop
      vertex -1.2557 4.31906 25.1326
      vertex -1.44648 4.26118 6.64399
      vertex -1.44648 4.26118 25.3895
    endloop
  endfacet
  facet normal -0.290308 0.956933 -1.26442e-07
    outer loop
      vertex -1.16469 4.34667 25.1061
      vertex -1.44648 4.26118 6.64399
      vertex -1.2557 4.31906 25.1326
    endloop
  endfacet
  facet normal -0.290316 0.956931 0
    outer loop
      vertex -1.44648 4.26118 6.64399
      vertex -1.16469 4.34667 25.1061
      vertex -1.16469 4.34667 6.56054
    endloop
  endfacet
  facet normal -0.290276 0.956943 3.52444e-05
    outer loop
      vertex -1.2557 4.31906 45.1326
      vertex -1.44648 4.26118 45.3895
      vertex -1.25828 4.31827 45.3333
    endloop
  endfacet
  facet normal -0.290319 0.95693 0
    outer loop
      vertex -1.2557 4.31906 45.1326
      vertex -1.44648 4.26118 26.644
      vertex -1.44648 4.26118 45.3895
    endloop
  endfacet
  facet normal -0.290308 0.956933 -1.26442e-07
    outer loop
      vertex -1.16469 4.34667 45.1061
      vertex -1.44648 4.26118 26.644
      vertex -1.2557 4.31906 45.1326
    endloop
  endfacet
  facet normal -0.290316 0.956931 0
    outer loop
      vertex -1.44648 4.26118 26.644
      vertex -1.16469 4.34667 45.1061
      vertex -1.16469 4.34667 26.5605
    endloop
  endfacet
  facet normal -0.290276 0.956943 3.52444e-05
    outer loop
      vertex -1.2557 4.31906 65.1326
      vertex -1.44648 4.26118 65.3895
      vertex -1.25828 4.31827 65.3333
    endloop
  endfacet
  facet normal -0.290319 0.95693 0
    outer loop
      vertex -1.2557 4.31906 65.1326
      vertex -1.44648 4.26118 46.644
      vertex -1.44648 4.26118 65.3895
    endloop
  endfacet
  facet normal -0.290308 0.956933 -1.26442e-07
    outer loop
      vertex -1.16469 4.34667 65.1061
      vertex -1.44648 4.26118 46.644
      vertex -1.2557 4.31906 65.1326
    endloop
  endfacet
  facet normal -0.290316 0.956931 0
    outer loop
      vertex -1.44648 4.26118 46.644
      vertex -1.16469 4.34667 65.1061
      vertex -1.16469 4.34667 46.5605
    endloop
  endfacet
  facet normal 0.16264 0.986685 -2.94538e-05
    outer loop
      vertex 0.610019 4.45776 3.79933
      vertex 0.587367 4.4615 4.00584
      vertex 0.607386 4.4582 4
    endloop
  endfacet
  facet normal 0.162901 0.986642 0
    outer loop
      vertex 0.587367 4.4615 0
      vertex 0.877906 4.41353 3.72287
      vertex 0.877906 4.41353 0
    endloop
  endfacet
  facet normal 0.162901 0.986642 -5.61294e-10
    outer loop
      vertex 0.877906 4.41353 3.72287
      vertex 0.587367 4.4615 0
      vertex 0.610019 4.45776 3.79933
    endloop
  endfacet
  facet normal 0.162901 0.986642 0
    outer loop
      vertex 0.610019 4.45776 3.79933
      vertex 0.587367 4.4615 0
      vertex 0.587367 4.4615 4.00584
    endloop
  endfacet
  facet normal 0.162901 0.986642 0
    outer loop
      vertex 0.877906 4.41353 80
      vertex 0.587367 4.4615 65.2604
      vertex 0.587367 4.4615 80
    endloop
  endfacet
  facet normal 0.162895 0.986643 1.34735e-07
    outer loop
      vertex 0.877906 4.41353 80
      vertex 0.797361 4.42683 65.2007
      vertex 0.587367 4.4615 65.2604
    endloop
  endfacet
  facet normal 0.162919 0.986639 -0
    outer loop
      vertex 0.877906 4.41353 64.9773
      vertex 0.797361 4.42683 65.2007
      vertex 0.877906 4.41353 80
    endloop
  endfacet
  facet normal 0.162996 0.986627 2.85707e-05
    outer loop
      vertex 0.797361 4.42683 65.2007
      vertex 0.877906 4.41353 64.9773
      vertex 0.799999 4.4264 65
    endloop
  endfacet
  facet normal 0.16264 0.986685 -2.94486e-05
    outer loop
      vertex 0.610019 4.45776 23.7993
      vertex 0.587367 4.4615 24.0058
      vertex 0.607386 4.4582 24
    endloop
  endfacet
  facet normal 0.162901 0.986642 0
    outer loop
      vertex 0.610019 4.45776 23.7993
      vertex 0.587367 4.4615 5.26043
      vertex 0.587367 4.4615 24.0058
    endloop
  endfacet
  facet normal 0.162901 0.986642 -1.15187e-10
    outer loop
      vertex 0.877906 4.41353 23.7229
      vertex 0.587367 4.4615 5.26043
      vertex 0.610019 4.45776 23.7993
    endloop
  endfacet
  facet normal 0.162895 0.986643 1.07687e-07
    outer loop
      vertex 0.877906 4.41353 23.7229
      vertex 0.797361 4.42683 5.20071
      vertex 0.587367 4.4615 5.26043
    endloop
  endfacet
  facet normal 0.162919 0.986639 -0
    outer loop
      vertex 0.877906 4.41353 4.97733
      vertex 0.797361 4.42683 5.20071
      vertex 0.877906 4.41353 23.7229
    endloop
  endfacet
  facet normal 0.162996 0.986627 2.85691e-05
    outer loop
      vertex 0.797361 4.42683 5.20071
      vertex 0.877906 4.41353 4.97733
      vertex 0.799999 4.4264 5
    endloop
  endfacet
  facet normal 0.16264 0.986685 -2.94486e-05
    outer loop
      vertex 0.610019 4.45776 43.7993
      vertex 0.587367 4.4615 44.0058
      vertex 0.607386 4.4582 44
    endloop
  endfacet
  facet normal 0.162901 0.986642 0
    outer loop
      vertex 0.610019 4.45776 43.7993
      vertex 0.587367 4.4615 25.2604
      vertex 0.587367 4.4615 44.0058
    endloop
  endfacet
  facet normal 0.162901 0.986642 -1.15186e-10
    outer loop
      vertex 0.877906 4.41353 43.7229
      vertex 0.587367 4.4615 25.2604
      vertex 0.610019 4.45776 43.7993
    endloop
  endfacet
  facet normal 0.162895 0.986643 1.07687e-07
    outer loop
      vertex 0.877906 4.41353 43.7229
      vertex 0.797361 4.42683 25.2007
      vertex 0.587367 4.4615 25.2604
    endloop
  endfacet
  facet normal 0.162919 0.986639 -0
    outer loop
      vertex 0.877906 4.41353 24.9773
      vertex 0.797361 4.42683 25.2007
      vertex 0.877906 4.41353 43.7229
    endloop
  endfacet
  facet normal 0.162996 0.986627 2.85707e-05
    outer loop
      vertex 0.797361 4.42683 25.2007
      vertex 0.877906 4.41353 24.9773
      vertex 0.799999 4.4264 25
    endloop
  endfacet
  facet normal 0.16264 0.986685 -2.94486e-05
    outer loop
      vertex 0.610019 4.45776 63.7993
      vertex 0.587367 4.4615 64.0058
      vertex 0.607386 4.4582 64
    endloop
  endfacet
  facet normal 0.162901 0.986642 0
    outer loop
      vertex 0.610019 4.45776 63.7993
      vertex 0.587367 4.4615 45.2604
      vertex 0.587367 4.4615 64.0058
    endloop
  endfacet
  facet normal 0.162901 0.986642 -1.15186e-10
    outer loop
      vertex 0.877906 4.41353 63.7229
      vertex 0.587367 4.4615 45.2604
      vertex 0.610019 4.45776 63.7993
    endloop
  endfacet
  facet normal 0.162895 0.986643 1.07687e-07
    outer loop
      vertex 0.877906 4.41353 63.7229
      vertex 0.797361 4.42683 45.2007
      vertex 0.587367 4.4615 45.2604
    endloop
  endfacet
  facet normal 0.162919 0.986639 -0
    outer loop
      vertex 0.877906 4.41353 44.9773
      vertex 0.797361 4.42683 45.2007
      vertex 0.877906 4.41353 63.7229
    endloop
  endfacet
  facet normal 0.162996 0.986627 2.85707e-05
    outer loop
      vertex 0.797361 4.42683 45.2007
      vertex 0.877906 4.41353 44.9773
      vertex 0.799999 4.4264 45
    endloop
  endfacet
  facet normal -0.910868 0.412697 0
    outer loop
      vertex -4.15746 1.72207 69.3275
      vertex -4.03593 1.9903 80
      vertex -4.03593 1.9903 69.2438
    endloop
  endfacet
  facet normal -0.910868 0.412697 0
    outer loop
      vertex -4.03593 1.9903 80
      vertex -4.15746 1.72207 69.3275
      vertex -4.15746 1.72207 80
    endloop
  endfacet
  facet normal -0.910868 0.412697 0
    outer loop
      vertex -4.15746 1.72207 0
      vertex -4.03593 1.9903 7.78932
      vertex -4.03593 1.9903 0
    endloop
  endfacet
  facet normal -0.91087 0.412694 1.21649e-07
    outer loop
      vertex -4.03593 1.9903 7.78932
      vertex -4.15746 1.72207 0
      vertex -4.0508 1.95748 7.79931
    endloop
  endfacet
  facet normal -0.910868 0.412698 0
    outer loop
      vertex -4.15746 1.72207 8.0729
      vertex -4.0508 1.95748 7.79931
      vertex -4.15746 1.72207 0
    endloop
  endfacet
  facet normal -0.910868 0.412698 2.32733e-07
    outer loop
      vertex -4.0508 1.95748 7.79931
      vertex -4.15746 1.72207 8.0729
      vertex -4.05191 1.95503 8
    endloop
  endfacet
  facet normal -0.910868 0.412697 0
    outer loop
      vertex -4.15746 1.72207 9.3275
      vertex -4.03593 1.9903 27.7893
      vertex -4.03593 1.9903 9.24379
    endloop
  endfacet
  facet normal -0.91087 0.412694 5.1635e-08
    outer loop
      vertex -4.03593 1.9903 27.7893
      vertex -4.15746 1.72207 9.3275
      vertex -4.0508 1.95748 27.7993
    endloop
  endfacet
  facet normal -0.910868 0.412698 0
    outer loop
      vertex -4.15746 1.72207 28.0729
      vertex -4.0508 1.95748 27.7993
      vertex -4.15746 1.72207 9.3275
    endloop
  endfacet
  facet normal -0.910868 0.412698 2.32721e-07
    outer loop
      vertex -4.0508 1.95748 27.7993
      vertex -4.15746 1.72207 28.0729
      vertex -4.05191 1.95503 28
    endloop
  endfacet
  facet normal -0.910868 0.412697 0
    outer loop
      vertex -4.15746 1.72207 29.3275
      vertex -4.03593 1.9903 47.7893
      vertex -4.03593 1.9903 29.2438
    endloop
  endfacet
  facet normal -0.91087 0.412694 5.1635e-08
    outer loop
      vertex -4.03593 1.9903 47.7893
      vertex -4.15746 1.72207 29.3275
      vertex -4.0508 1.95748 47.7993
    endloop
  endfacet
  facet normal -0.910868 0.412698 0
    outer loop
      vertex -4.15746 1.72207 48.0729
      vertex -4.0508 1.95748 47.7993
      vertex -4.15746 1.72207 29.3275
    endloop
  endfacet
  facet normal -0.910868 0.412698 2.32721e-07
    outer loop
      vertex -4.0508 1.95748 47.7993
      vertex -4.15746 1.72207 48.0729
      vertex -4.05191 1.95503 48
    endloop
  endfacet
  facet normal -0.910868 0.412697 0
    outer loop
      vertex -4.15746 1.72207 49.3275
      vertex -4.03593 1.9903 67.7893
      vertex -4.03593 1.9903 49.2438
    endloop
  endfacet
  facet normal -0.91087 0.412694 5.1635e-08
    outer loop
      vertex -4.03593 1.9903 67.7893
      vertex -4.15746 1.72207 49.3275
      vertex -4.0508 1.95748 67.7993
    endloop
  endfacet
  facet normal -0.910868 0.412698 0
    outer loop
      vertex -4.15746 1.72207 68.0729
      vertex -4.0508 1.95748 67.7993
      vertex -4.15746 1.72207 49.3275
    endloop
  endfacet
  facet normal -0.910868 0.412698 2.32721e-07
    outer loop
      vertex -4.0508 1.95748 67.7993
      vertex -4.15746 1.72207 68.0729
      vertex -4.05191 1.95503 68
    endloop
  endfacet
  facet normal 0.910868 0.412697 0
    outer loop
      vertex 4.15746 1.72207 80
      vertex 4.03593 1.9903 62.2107
      vertex 4.03593 1.9903 80
    endloop
  endfacet
  facet normal 0.91087 0.412694 -5.35781e-08
    outer loop
      vertex 4.03593 1.9903 62.2107
      vertex 4.15746 1.72207 80
      vertex 4.0508 1.95748 62.2007
    endloop
  endfacet
  facet normal 0.910868 0.412698 -0
    outer loop
      vertex 4.15746 1.72207 61.9271
      vertex 4.0508 1.95748 62.2007
      vertex 4.15746 1.72207 80
    endloop
  endfacet
  facet normal 0.910868 0.412698 -2.32721e-07
    outer loop
      vertex 4.0508 1.95748 62.2007
      vertex 4.15746 1.72207 61.9271
      vertex 4.05191 1.95503 62
    endloop
  endfacet
  facet normal 0.910868 0.412697 0
    outer loop
      vertex 4.15746 1.72207 0.672504
      vertex 4.03593 1.9903 0
      vertex 4.03593 1.9903 0.756207
    endloop
  endfacet
  facet normal 0.910868 0.412697 0
    outer loop
      vertex 4.03593 1.9903 0
      vertex 4.15746 1.72207 0.672504
      vertex 4.15746 1.72207 0
    endloop
  endfacet
  facet normal 0.910868 0.412697 0
    outer loop
      vertex 4.15746 1.72207 20.6725
      vertex 4.03593 1.9903 2.21068
      vertex 4.03593 1.9903 20.7562
    endloop
  endfacet
  facet normal 0.91087 0.412694 -5.1635e-08
    outer loop
      vertex 4.03593 1.9903 2.21068
      vertex 4.15746 1.72207 20.6725
      vertex 4.0508 1.95748 2.20068
    endloop
  endfacet
  facet normal 0.910868 0.412698 -0
    outer loop
      vertex 4.15746 1.72207 1.9271
      vertex 4.0508 1.95748 2.20068
      vertex 4.15746 1.72207 20.6725
    endloop
  endfacet
  facet normal 0.910868 0.412698 -2.32744e-07
    outer loop
      vertex 4.0508 1.95748 2.20068
      vertex 4.15746 1.72207 1.9271
      vertex 4.05191 1.95503 2
    endloop
  endfacet
  facet normal 0.910868 0.412697 0
    outer loop
      vertex 4.15746 1.72207 40.6725
      vertex 4.03593 1.9903 22.2107
      vertex 4.03593 1.9903 40.7562
    endloop
  endfacet
  facet normal 0.91087 0.412694 -5.1635e-08
    outer loop
      vertex 4.03593 1.9903 22.2107
      vertex 4.15746 1.72207 40.6725
      vertex 4.0508 1.95748 22.2007
    endloop
  endfacet
  facet normal 0.910868 0.412698 -0
    outer loop
      vertex 4.15746 1.72207 21.9271
      vertex 4.0508 1.95748 22.2007
      vertex 4.15746 1.72207 40.6725
    endloop
  endfacet
  facet normal 0.910868 0.412698 -2.32721e-07
    outer loop
      vertex 4.0508 1.95748 22.2007
      vertex 4.15746 1.72207 21.9271
      vertex 4.05191 1.95503 22
    endloop
  endfacet
  facet normal 0.910868 0.412697 0
    outer loop
      vertex 4.15746 1.72207 60.6725
      vertex 4.03593 1.9903 42.2107
      vertex 4.03593 1.9903 60.7562
    endloop
  endfacet
  facet normal 0.91087 0.412694 -5.1635e-08
    outer loop
      vertex 4.03593 1.9903 42.2107
      vertex 4.15746 1.72207 60.6725
      vertex 4.0508 1.95748 42.2007
    endloop
  endfacet
  facet normal 0.910868 0.412698 -0
    outer loop
      vertex 4.15746 1.72207 41.9271
      vertex 4.0508 1.95748 42.2007
      vertex 4.15746 1.72207 60.6725
    endloop
  endfacet
  facet normal 0.910868 0.412698 -2.32721e-07
    outer loop
      vertex 4.0508 1.95748 42.2007
      vertex 4.15746 1.72207 41.9271
      vertex 4.05191 1.95503 42
    endloop
  endfacet
  facet normal 0.849208 -0.528059 0
    outer loop
      vertex 3.74161 -2.50007 80
      vertex 3.89711 -2.25 78.9605
      vertex 3.89711 -2.25 80
    endloop
  endfacet
  facet normal 0.849208 -0.528059 0
    outer loop
      vertex 3.89711 -2.25 78.9605
      vertex 3.74161 -2.50007 80
      vertex 3.74161 -2.50007 78.8773
    endloop
  endfacet
  facet normal 0.84921 -0.528055 6.45977e-06
    outer loop
      vertex 3.82296 -2.36925 17.4659
      vertex 3.89711 -2.25 17.7061
      vertex 3.82437 -2.36698 17.6667
    endloop
  endfacet
  facet normal 0.849216 -0.528045 0
    outer loop
      vertex 3.89711 -2.25 17.7061
      vertex 3.82296 -2.36925 17.4659
      vertex 3.89711 -2.25 0
    endloop
  endfacet
  facet normal 0.8492 -0.528072 -2.53831e-07
    outer loop
      vertex 3.74161 -2.50007 17.4229
      vertex 3.89711 -2.25 0
      vertex 3.82296 -2.36925 17.4659
    endloop
  endfacet
  facet normal 0.849208 -0.528059 0
    outer loop
      vertex 3.89711 -2.25 0
      vertex 3.74161 -2.50007 17.4229
      vertex 3.74161 -2.50007 0
    endloop
  endfacet
  facet normal 0.84921 -0.528055 6.45977e-06
    outer loop
      vertex 3.82296 -2.36925 37.4659
      vertex 3.89711 -2.25 37.7061
      vertex 3.82437 -2.36698 37.6667
    endloop
  endfacet
  facet normal 0.849216 -0.528045 0
    outer loop
      vertex 3.89711 -2.25 37.7061
      vertex 3.82296 -2.36925 37.4659
      vertex 3.89711 -2.25 18.9605
    endloop
  endfacet
  facet normal 0.8492 -0.528072 -2.39603e-07
    outer loop
      vertex 3.74161 -2.50007 37.4229
      vertex 3.89711 -2.25 18.9605
      vertex 3.82296 -2.36925 37.4659
    endloop
  endfacet
  facet normal 0.849208 -0.528059 0
    outer loop
      vertex 3.89711 -2.25 18.9605
      vertex 3.74161 -2.50007 37.4229
      vertex 3.74161 -2.50007 18.8773
    endloop
  endfacet
  facet normal 0.84921 -0.528055 6.45977e-06
    outer loop
      vertex 3.82296 -2.36925 57.4659
      vertex 3.89711 -2.25 57.7061
      vertex 3.82437 -2.36698 57.6667
    endloop
  endfacet
  facet normal 0.849216 -0.528045 0
    outer loop
      vertex 3.89711 -2.25 57.7061
      vertex 3.82296 -2.36925 57.4659
      vertex 3.89711 -2.25 38.9605
    endloop
  endfacet
  facet normal 0.8492 -0.528072 -2.39603e-07
    outer loop
      vertex 3.74161 -2.50007 57.4229
      vertex 3.89711 -2.25 38.9605
      vertex 3.82296 -2.36925 57.4659
    endloop
  endfacet
  facet normal 0.849208 -0.528059 0
    outer loop
      vertex 3.89711 -2.25 38.9605
      vertex 3.74161 -2.50007 57.4229
      vertex 3.74161 -2.50007 38.8773
    endloop
  endfacet
  facet normal 0.84921 -0.528055 6.45977e-06
    outer loop
      vertex 3.82296 -2.36925 77.4659
      vertex 3.89711 -2.25 77.7061
      vertex 3.82437 -2.36698 77.6667
    endloop
  endfacet
  facet normal 0.849216 -0.528045 0
    outer loop
      vertex 3.89711 -2.25 77.7061
      vertex 3.82296 -2.36925 77.4659
      vertex 3.89711 -2.25 58.9605
    endloop
  endfacet
  facet normal 0.8492 -0.528072 -2.39603e-07
    outer loop
      vertex 3.74161 -2.50007 77.4229
      vertex 3.89711 -2.25 58.9605
      vertex 3.82296 -2.36925 77.4659
    endloop
  endfacet
  facet normal 0.849208 -0.528059 0
    outer loop
      vertex 3.89711 -2.25 58.9605
      vertex 3.74161 -2.50007 77.4229
      vertex 3.74161 -2.50007 58.8773
    endloop
  endfacet
  facet normal 0.683602 -0.729855 0
    outer loop
      vertex 2.96706 -3.38328 80
      vertex 3.18198 -3.18198 78.2272
      vertex 3.18198 -3.18198 80
    endloop
  endfacet
  facet normal 0.683598 -0.729858 -8.3663e-07
    outer loop
      vertex 2.96706 -3.38328 80
      vertex 3.11256 -3.247 78.2007
      vertex 3.18198 -3.18198 78.2272
    endloop
  endfacet
  facet normal 0.683604 -0.729853 0
    outer loop
      vertex 2.96706 -3.38328 77.9438
      vertex 3.11256 -3.247 78.2007
      vertex 2.96706 -3.38328 80
    endloop
  endfacet
  facet normal 0.683589 -0.729867 1.55443e-05
    outer loop
      vertex 3.11256 -3.247 78.2007
      vertex 2.96706 -3.38328 77.9438
      vertex 3.1106 -3.24884 78
    endloop
  endfacet
  facet normal 0.683602 -0.729855 0
    outer loop
      vertex 3.18198 -3.18198 0
      vertex 2.96706 -3.38328 16.6893
      vertex 2.96706 -3.38328 0
    endloop
  endfacet
  facet normal 0.683602 -0.729855 0
    outer loop
      vertex 2.96706 -3.38328 16.6893
      vertex 3.18198 -3.18198 0
      vertex 3.18198 -3.18198 16.7728
    endloop
  endfacet
  facet normal 0.683602 -0.729855 0
    outer loop
      vertex 2.96706 -3.38328 36.6893
      vertex 3.18198 -3.18198 18.2272
      vertex 3.18198 -3.18198 36.7728
    endloop
  endfacet
  facet normal 0.683598 -0.729858 -8.36823e-08
    outer loop
      vertex 2.96706 -3.38328 36.6893
      vertex 3.11256 -3.247 18.2007
      vertex 3.18198 -3.18198 18.2272
    endloop
  endfacet
  facet normal 0.683604 -0.729853 0
    outer loop
      vertex 2.96706 -3.38328 17.9438
      vertex 3.11256 -3.247 18.2007
      vertex 2.96706 -3.38328 36.6893
    endloop
  endfacet
  facet normal 0.683589 -0.729867 1.55443e-05
    outer loop
      vertex 3.11256 -3.247 18.2007
      vertex 2.96706 -3.38328 17.9438
      vertex 3.1106 -3.24884 18
    endloop
  endfacet
  facet normal 0.683602 -0.729855 0
    outer loop
      vertex 2.96706 -3.38328 56.6893
      vertex 3.18198 -3.18198 38.2272
      vertex 3.18198 -3.18198 56.7728
    endloop
  endfacet
  facet normal 0.683598 -0.729858 -8.36823e-08
    outer loop
      vertex 2.96706 -3.38328 56.6893
      vertex 3.11256 -3.247 38.2007
      vertex 3.18198 -3.18198 38.2272
    endloop
  endfacet
  facet normal 0.683604 -0.729853 0
    outer loop
      vertex 2.96706 -3.38328 37.9438
      vertex 3.11256 -3.247 38.2007
      vertex 2.96706 -3.38328 56.6893
    endloop
  endfacet
  facet normal 0.683589 -0.729867 1.55443e-05
    outer loop
      vertex 3.11256 -3.247 38.2007
      vertex 2.96706 -3.38328 37.9438
      vertex 3.1106 -3.24884 38
    endloop
  endfacet
  facet normal 0.683602 -0.729855 0
    outer loop
      vertex 2.96706 -3.38328 76.6893
      vertex 3.18198 -3.18198 58.2272
      vertex 3.18198 -3.18198 76.7728
    endloop
  endfacet
  facet normal 0.683598 -0.729858 -8.36823e-08
    outer loop
      vertex 2.96706 -3.38328 76.6893
      vertex 3.11256 -3.247 58.2007
      vertex 3.18198 -3.18198 58.2272
    endloop
  endfacet
  facet normal 0.683604 -0.729853 0
    outer loop
      vertex 2.96706 -3.38328 57.9438
      vertex 3.11256 -3.247 58.2007
      vertex 2.96706 -3.38328 76.6893
    endloop
  endfacet
  facet normal 0.683589 -0.729867 1.55443e-05
    outer loop
      vertex 3.11256 -3.247 58.2007
      vertex 2.96706 -3.38328 57.9438
      vertex 3.1106 -3.24884 58
    endloop
  endfacet
  facet normal 0.352236 -0.935911 0
    outer loop
      vertex 1.44648 -4.26118 80
      vertex 1.72207 -4.15746 76.9271
      vertex 1.72207 -4.15746 80
    endloop
  endfacet
  facet normal 0.35225 -0.935906 1.48231e-06
    outer loop
      vertex 1.44648 -4.26118 80
      vertex 1.52288 -4.23243 76.8674
      vertex 1.72207 -4.15746 76.9271
    endloop
  endfacet
  facet normal 0.352197 -0.935926 0
    outer loop
      vertex 1.44648 -4.26118 76.644
      vertex 1.52288 -4.23243 76.8674
      vertex 1.44648 -4.26118 80
    endloop
  endfacet
  facet normal 0.352207 -0.935922 -3.73736e-06
    outer loop
      vertex 1.52288 -4.23243 76.8674
      vertex 1.44648 -4.26118 76.644
      vertex 1.52038 -4.23337 76.6667
    endloop
  endfacet
  facet normal 0.352097 -0.935964 -2.17047e-06
    outer loop
      vertex 1.70059 -4.16554 15.466
      vertex 1.72207 -4.15746 15.6725
      vertex 1.70309 -4.1646 15.6667
    endloop
  endfacet
  facet normal 0.352236 -0.935911 0
    outer loop
      vertex 1.72207 -4.15746 0
      vertex 1.44648 -4.26118 15.3895
      vertex 1.44648 -4.26118 0
    endloop
  endfacet
  facet normal 0.352249 -0.935906 2.70985e-07
    outer loop
      vertex 1.44648 -4.26118 15.3895
      vertex 1.72207 -4.15746 0
      vertex 1.70059 -4.16554 15.466
    endloop
  endfacet
  facet normal 0.352078 -0.935971 0
    outer loop
      vertex 1.70059 -4.16554 15.466
      vertex 1.72207 -4.15746 0
      vertex 1.72207 -4.15746 15.6725
    endloop
  endfacet
  facet normal 0.352097 -0.935964 -2.17047e-06
    outer loop
      vertex 1.70059 -4.16554 35.466
      vertex 1.72207 -4.15746 35.6725
      vertex 1.70309 -4.1646 35.6667
    endloop
  endfacet
  facet normal 0.352078 -0.935971 0
    outer loop
      vertex 1.70059 -4.16554 35.466
      vertex 1.72207 -4.15746 16.9271
      vertex 1.72207 -4.15746 35.6725
    endloop
  endfacet
  facet normal 0.352249 -0.935906 2.26084e-07
    outer loop
      vertex 1.44648 -4.26118 35.3895
      vertex 1.72207 -4.15746 16.9271
      vertex 1.70059 -4.16554 35.466
    endloop
  endfacet
  facet normal 0.352251 -0.935906 2.5222e-07
    outer loop
      vertex 1.44648 -4.26118 35.3895
      vertex 1.52288 -4.23243 16.8674
      vertex 1.72207 -4.15746 16.9271
    endloop
  endfacet
  facet normal 0.352197 -0.935926 0
    outer loop
      vertex 1.44648 -4.26118 16.644
      vertex 1.52288 -4.23243 16.8674
      vertex 1.44648 -4.26118 35.3895
    endloop
  endfacet
  facet normal 0.352207 -0.935922 -3.73736e-06
    outer loop
      vertex 1.52288 -4.23243 16.8674
      vertex 1.44648 -4.26118 16.644
      vertex 1.52038 -4.23337 16.6667
    endloop
  endfacet
  facet normal 0.352097 -0.935964 -2.17047e-06
    outer loop
      vertex 1.70059 -4.16554 55.466
      vertex 1.72207 -4.15746 55.6725
      vertex 1.70309 -4.1646 55.6667
    endloop
  endfacet
  facet normal 0.352078 -0.935971 0
    outer loop
      vertex 1.70059 -4.16554 55.466
      vertex 1.72207 -4.15746 36.9271
      vertex 1.72207 -4.15746 55.6725
    endloop
  endfacet
  facet normal 0.352249 -0.935906 2.26084e-07
    outer loop
      vertex 1.44648 -4.26118 55.3895
      vertex 1.72207 -4.15746 36.9271
      vertex 1.70059 -4.16554 55.466
    endloop
  endfacet
  facet normal 0.352251 -0.935906 2.5222e-07
    outer loop
      vertex 1.44648 -4.26118 55.3895
      vertex 1.52288 -4.23243 36.8674
      vertex 1.72207 -4.15746 36.9271
    endloop
  endfacet
  facet normal 0.352197 -0.935926 0
    outer loop
      vertex 1.44648 -4.26118 36.644
      vertex 1.52288 -4.23243 36.8674
      vertex 1.44648 -4.26118 55.3895
    endloop
  endfacet
  facet normal 0.352207 -0.935922 -3.73736e-06
    outer loop
      vertex 1.52288 -4.23243 36.8674
      vertex 1.44648 -4.26118 36.644
      vertex 1.52038 -4.23337 36.6667
    endloop
  endfacet
  facet normal 0.352097 -0.935964 -2.17047e-06
    outer loop
      vertex 1.70059 -4.16554 75.466
      vertex 1.72207 -4.15746 75.6725
      vertex 1.70309 -4.1646 75.6667
    endloop
  endfacet
  facet normal 0.352078 -0.935971 0
    outer loop
      vertex 1.70059 -4.16554 75.466
      vertex 1.72207 -4.15746 56.9271
      vertex 1.72207 -4.15746 75.6725
    endloop
  endfacet
  facet normal 0.352249 -0.935906 2.26084e-07
    outer loop
      vertex 1.44648 -4.26118 75.3895
      vertex 1.72207 -4.15746 56.9271
      vertex 1.70059 -4.16554 75.466
    endloop
  endfacet
  facet normal 0.352251 -0.935906 2.5222e-07
    outer loop
      vertex 1.44648 -4.26118 75.3895
      vertex 1.52288 -4.23243 56.8674
      vertex 1.72207 -4.15746 56.9271
    endloop
  endfacet
  facet normal 0.352197 -0.935926 0
    outer loop
      vertex 1.44648 -4.26118 56.644
      vertex 1.52288 -4.23243 56.8674
      vertex 1.44648 -4.26118 75.3895
    endloop
  endfacet
  facet normal 0.352207 -0.935922 -3.73736e-06
    outer loop
      vertex 1.52288 -4.23243 56.8674
      vertex 1.44648 -4.26118 56.644
      vertex 1.52038 -4.23337 56.6667
    endloop
  endfacet
  facet normal -0.683602 -0.729855 0
    outer loop
      vertex -3.18198 -3.18198 80
      vertex -2.96706 -3.38328 73.3107
      vertex -2.96706 -3.38328 80
    endloop
  endfacet
  facet normal -0.683602 -0.729855 0
    outer loop
      vertex -2.96706 -3.38328 73.3107
      vertex -3.18198 -3.18198 80
      vertex -3.18198 -3.18198 73.2272
    endloop
  endfacet
  facet normal -0.683589 -0.729867 -1.55443e-05
    outer loop
      vertex -3.11256 -3.247 11.7993
      vertex -2.96706 -3.38328 12.0562
      vertex -3.1106 -3.24884 12
    endloop
  endfacet
  facet normal -0.683602 -0.729855 0
    outer loop
      vertex -2.96706 -3.38328 0
      vertex -3.18198 -3.18198 11.7728
      vertex -3.18198 -3.18198 0
    endloop
  endfacet
  facet normal -0.683598 -0.729858 1.30901e-07
    outer loop
      vertex -3.18198 -3.18198 11.7728
      vertex -2.96706 -3.38328 0
      vertex -3.11256 -3.247 11.7993
    endloop
  endfacet
  facet normal -0.683604 -0.729853 0
    outer loop
      vertex -3.11256 -3.247 11.7993
      vertex -2.96706 -3.38328 0
      vertex -2.96706 -3.38328 12.0562
    endloop
  endfacet
  facet normal -0.683589 -0.729867 -1.55443e-05
    outer loop
      vertex -3.11256 -3.247 31.7993
      vertex -2.96706 -3.38328 32.0562
      vertex -3.1106 -3.24884 32
    endloop
  endfacet
  facet normal -0.683604 -0.729853 0
    outer loop
      vertex -3.11256 -3.247 31.7993
      vertex -2.96706 -3.38328 13.3107
      vertex -2.96706 -3.38328 32.0562
    endloop
  endfacet
  facet normal -0.683598 -0.729858 8.36823e-08
    outer loop
      vertex -3.18198 -3.18198 31.7728
      vertex -2.96706 -3.38328 13.3107
      vertex -3.11256 -3.247 31.7993
    endloop
  endfacet
  facet normal -0.683602 -0.729855 0
    outer loop
      vertex -2.96706 -3.38328 13.3107
      vertex -3.18198 -3.18198 31.7728
      vertex -3.18198 -3.18198 13.2272
    endloop
  endfacet
  facet normal -0.683589 -0.729867 -1.55443e-05
    outer loop
      vertex -3.11256 -3.247 51.7993
      vertex -2.96706 -3.38328 52.0562
      vertex -3.1106 -3.24884 52
    endloop
  endfacet
  facet normal -0.683604 -0.729853 0
    outer loop
      vertex -3.11256 -3.247 51.7993
      vertex -2.96706 -3.38328 33.3107
      vertex -2.96706 -3.38328 52.0562
    endloop
  endfacet
  facet normal -0.683598 -0.729858 8.36823e-08
    outer loop
      vertex -3.18198 -3.18198 51.7728
      vertex -2.96706 -3.38328 33.3107
      vertex -3.11256 -3.247 51.7993
    endloop
  endfacet
  facet normal -0.683602 -0.729855 0
    outer loop
      vertex -2.96706 -3.38328 33.3107
      vertex -3.18198 -3.18198 51.7728
      vertex -3.18198 -3.18198 33.2272
    endloop
  endfacet
  facet normal -0.683589 -0.729867 -1.55443e-05
    outer loop
      vertex -3.11256 -3.247 71.7993
      vertex -2.96706 -3.38328 72.0562
      vertex -3.1106 -3.24884 72
    endloop
  endfacet
  facet normal -0.683604 -0.729853 0
    outer loop
      vertex -3.11256 -3.247 71.7993
      vertex -2.96706 -3.38328 53.3107
      vertex -2.96706 -3.38328 72.0562
    endloop
  endfacet
  facet normal -0.683598 -0.729858 8.36823e-08
    outer loop
      vertex -3.18198 -3.18198 71.7728
      vertex -2.96706 -3.38328 53.3107
      vertex -3.11256 -3.247 71.7993
    endloop
  endfacet
  facet normal -0.683602 -0.729855 0
    outer loop
      vertex -2.96706 -3.38328 53.3107
      vertex -3.18198 -3.18198 71.7728
      vertex -3.18198 -3.18198 53.2272
    endloop
  endfacet
  facet normal 0.935911 -0.352236 0
    outer loop
      vertex 4.15746 -1.72207 80
      vertex 4.26118 -1.44648 79.6105
      vertex 4.26118 -1.44648 80
    endloop
  endfacet
  facet normal 0.935907 -0.352247 -8.87431e-06
    outer loop
      vertex 4.26118 -1.44648 79.6105
      vertex 4.15746 -1.72207 80
      vertex 4.16554 -1.70059 79.534
    endloop
  endfacet
  facet normal 0.935971 -0.352078 0
    outer loop
      vertex 4.15746 -1.72207 79.3275
      vertex 4.16554 -1.70059 79.534
      vertex 4.15746 -1.72207 80
    endloop
  endfacet
  facet normal 0.935964 -0.352097 2.17047e-06
    outer loop
      vertex 4.16554 -1.70059 79.534
      vertex 4.15746 -1.72207 79.3275
      vertex 4.1646 -1.70309 79.3333
    endloop
  endfacet
  facet normal 0.935922 -0.352207 3.73736e-06
    outer loop
      vertex 4.23243 -1.52288 18.1326
      vertex 4.26118 -1.44648 18.356
      vertex 4.23337 -1.52038 18.3333
    endloop
  endfacet
  facet normal 0.935926 -0.352197 0
    outer loop
      vertex 4.26118 -1.44648 18.356
      vertex 4.23243 -1.52288 18.1326
      vertex 4.26118 -1.44648 0
    endloop
  endfacet
  facet normal 0.935906 -0.352251 -2.57631e-07
    outer loop
      vertex 4.15746 -1.72207 18.0729
      vertex 4.26118 -1.44648 0
      vertex 4.23243 -1.52288 18.1326
    endloop
  endfacet
  facet normal 0.935911 -0.352236 0
    outer loop
      vertex 4.26118 -1.44648 0
      vertex 4.15746 -1.72207 18.0729
      vertex 4.15746 -1.72207 0
    endloop
  endfacet
  facet normal 0.935922 -0.352207 3.73736e-06
    outer loop
      vertex 4.23243 -1.52288 38.1326
      vertex 4.26118 -1.44648 38.356
      vertex 4.23337 -1.52038 38.3333
    endloop
  endfacet
  facet normal 0.935926 -0.352197 0
    outer loop
      vertex 4.26118 -1.44648 38.356
      vertex 4.23243 -1.52288 38.1326
      vertex 4.26118 -1.44648 19.6105
    endloop
  endfacet
  facet normal 0.935906 -0.352251 -2.5222e-07
    outer loop
      vertex 4.15746 -1.72207 38.0729
      vertex 4.26118 -1.44648 19.6105
      vertex 4.23243 -1.52288 38.1326
    endloop
  endfacet
  facet normal 0.935906 -0.352249 -2.26084e-07
    outer loop
      vertex 4.26118 -1.44648 19.6105
      vertex 4.15746 -1.72207 38.0729
      vertex 4.16554 -1.70059 19.534
    endloop
  endfacet
  facet normal 0.935971 -0.352078 0
    outer loop
      vertex 4.15746 -1.72207 19.3275
      vertex 4.16554 -1.70059 19.534
      vertex 4.15746 -1.72207 38.0729
    endloop
  endfacet
  facet normal 0.935964 -0.352097 2.17047e-06
    outer loop
      vertex 4.16554 -1.70059 19.534
      vertex 4.15746 -1.72207 19.3275
      vertex 4.1646 -1.70309 19.3333
    endloop
  endfacet
  facet normal 0.935922 -0.352207 3.73736e-06
    outer loop
      vertex 4.23243 -1.52288 58.1326
      vertex 4.26118 -1.44648 58.356
      vertex 4.23337 -1.52038 58.3333
    endloop
  endfacet
  facet normal 0.935926 -0.352197 0
    outer loop
      vertex 4.26118 -1.44648 58.356
      vertex 4.23243 -1.52288 58.1326
      vertex 4.26118 -1.44648 39.6105
    endloop
  endfacet
  facet normal 0.935906 -0.352251 -2.5222e-07
    outer loop
      vertex 4.15746 -1.72207 58.0729
      vertex 4.26118 -1.44648 39.6105
      vertex 4.23243 -1.52288 58.1326
    endloop
  endfacet
  facet normal 0.935906 -0.352249 -2.26084e-07
    outer loop
      vertex 4.26118 -1.44648 39.6105
      vertex 4.15746 -1.72207 58.0729
      vertex 4.16554 -1.70059 39.534
    endloop
  endfacet
  facet normal 0.935971 -0.352078 0
    outer loop
      vertex 4.15746 -1.72207 39.3275
      vertex 4.16554 -1.70059 39.534
      vertex 4.15746 -1.72207 58.0729
    endloop
  endfacet
  facet normal 0.935964 -0.352097 2.17047e-06
    outer loop
      vertex 4.16554 -1.70059 39.534
      vertex 4.15746 -1.72207 39.3275
      vertex 4.1646 -1.70309 39.3333
    endloop
  endfacet
  facet normal 0.935922 -0.352207 3.73736e-06
    outer loop
      vertex 4.23243 -1.52288 78.1326
      vertex 4.26118 -1.44648 78.356
      vertex 4.23337 -1.52038 78.3333
    endloop
  endfacet
  facet normal 0.935926 -0.352197 0
    outer loop
      vertex 4.26118 -1.44648 78.356
      vertex 4.23243 -1.52288 78.1326
      vertex 4.26118 -1.44648 59.6105
    endloop
  endfacet
  facet normal 0.935906 -0.352251 -2.5222e-07
    outer loop
      vertex 4.15746 -1.72207 78.0729
      vertex 4.26118 -1.44648 59.6105
      vertex 4.23243 -1.52288 78.1326
    endloop
  endfacet
  facet normal 0.935906 -0.352249 -2.26084e-07
    outer loop
      vertex 4.26118 -1.44648 59.6105
      vertex 4.15746 -1.72207 78.0729
      vertex 4.16554 -1.70059 59.534
    endloop
  endfacet
  facet normal 0.935971 -0.352078 0
    outer loop
      vertex 4.15746 -1.72207 59.3275
      vertex 4.16554 -1.70059 59.534
      vertex 4.15746 -1.72207 78.0729
    endloop
  endfacet
  facet normal 0.935964 -0.352097 2.17047e-06
    outer loop
      vertex 4.16554 -1.70059 59.534
      vertex 4.15746 -1.72207 59.3275
      vertex 4.1646 -1.70309 59.3333
    endloop
  endfacet
  facet normal -0.683602 0.729855 0
    outer loop
      vertex -2.96706 3.38328 80
      vertex -3.18198 3.18198 68.2272
      vertex -3.18198 3.18198 80
    endloop
  endfacet
  facet normal -0.683598 0.729858 -1.30901e-07
    outer loop
      vertex -2.96706 3.38328 80
      vertex -3.11256 3.247 68.2007
      vertex -3.18198 3.18198 68.2272
    endloop
  endfacet
  facet normal -0.683604 0.729853 0
    outer loop
      vertex -2.96706 3.38328 67.9438
      vertex -3.11256 3.247 68.2007
      vertex -2.96706 3.38328 80
    endloop
  endfacet
  facet normal -0.683589 0.729867 1.55443e-05
    outer loop
      vertex -3.11256 3.247 68.2007
      vertex -2.96706 3.38328 67.9438
      vertex -3.1106 3.24884 68
    endloop
  endfacet
  facet normal -0.683602 0.729855 0
    outer loop
      vertex -3.18198 3.18198 0
      vertex -2.96706 3.38328 6.68934
      vertex -2.96706 3.38328 0
    endloop
  endfacet
  facet normal -0.683602 0.729855 0
    outer loop
      vertex -2.96706 3.38328 6.68934
      vertex -3.18198 3.18198 0
      vertex -3.18198 3.18198 6.77279
    endloop
  endfacet
  facet normal -0.683602 0.729855 0
    outer loop
      vertex -2.96706 3.38328 26.6893
      vertex -3.18198 3.18198 8.22721
      vertex -3.18198 3.18198 26.7728
    endloop
  endfacet
  facet normal -0.683598 0.729858 -8.36825e-08
    outer loop
      vertex -2.96706 3.38328 26.6893
      vertex -3.11256 3.247 8.20072
      vertex -3.18198 3.18198 8.22721
    endloop
  endfacet
  facet normal -0.683604 0.729853 0
    outer loop
      vertex -2.96706 3.38328 7.94379
      vertex -3.11256 3.247 8.20072
      vertex -2.96706 3.38328 26.6893
    endloop
  endfacet
  facet normal -0.683589 0.729867 1.55427e-05
    outer loop
      vertex -3.11256 3.247 8.20072
      vertex -2.96706 3.38328 7.94379
      vertex -3.1106 3.24884 8
    endloop
  endfacet
  facet normal -0.683602 0.729855 0
    outer loop
      vertex -2.96706 3.38328 46.6893
      vertex -3.18198 3.18198 28.2272
      vertex -3.18198 3.18198 46.7728
    endloop
  endfacet
  facet normal -0.683598 0.729858 -8.36823e-08
    outer loop
      vertex -2.96706 3.38328 46.6893
      vertex -3.11256 3.247 28.2007
      vertex -3.18198 3.18198 28.2272
    endloop
  endfacet
  facet normal -0.683604 0.729853 0
    outer loop
      vertex -2.96706 3.38328 27.9438
      vertex -3.11256 3.247 28.2007
      vertex -2.96706 3.38328 46.6893
    endloop
  endfacet
  facet normal -0.683589 0.729867 1.55443e-05
    outer loop
      vertex -3.11256 3.247 28.2007
      vertex -2.96706 3.38328 27.9438
      vertex -3.1106 3.24884 28
    endloop
  endfacet
  facet normal -0.683602 0.729855 0
    outer loop
      vertex -2.96706 3.38328 66.6893
      vertex -3.18198 3.18198 48.2272
      vertex -3.18198 3.18198 66.7728
    endloop
  endfacet
  facet normal -0.683598 0.729858 -8.36823e-08
    outer loop
      vertex -2.96706 3.38328 66.6893
      vertex -3.11256 3.247 48.2007
      vertex -3.18198 3.18198 48.2272
    endloop
  endfacet
  facet normal -0.683604 0.729853 0
    outer loop
      vertex -2.96706 3.38328 47.9438
      vertex -3.11256 3.247 48.2007
      vertex -2.96706 3.38328 66.6893
    endloop
  endfacet
  facet normal -0.683589 0.729867 1.55443e-05
    outer loop
      vertex -3.11256 3.247 48.2007
      vertex -2.96706 3.38328 47.9438
      vertex -3.1106 3.24884 48
    endloop
  endfacet
  facet normal -0.471416 0.881911 0
    outer loop
      vertex -1.9903 4.03593 80
      vertex -2.25 3.89711 67.2939
      vertex -2.25 3.89711 80
    endloop
  endfacet
  facet normal -0.471416 0.881911 0
    outer loop
      vertex -2.25 3.89711 67.2939
      vertex -1.9903 4.03593 80
      vertex -1.9903 4.03593 67.2107
    endloop
  endfacet
  facet normal -0.471447 0.881894 -3.06052e-05
    outer loop
      vertex -2.12615 3.96331 5.79927
      vertex -2.25 3.89711 6.03946
      vertex -2.12852 3.96205 6
    endloop
  endfacet
  facet normal -0.471416 0.881911 0
    outer loop
      vertex -2.25 3.89711 0
      vertex -1.9903 4.03593 5.75621
      vertex -1.9903 4.03593 0
    endloop
  endfacet
  facet normal -0.47143 0.881903 7.97218e-07
    outer loop
      vertex -1.9903 4.03593 5.75621
      vertex -2.25 3.89711 0
      vertex -2.12615 3.96331 5.79927
    endloop
  endfacet
  facet normal -0.471401 0.881919 0
    outer loop
      vertex -2.12615 3.96331 5.79927
      vertex -2.25 3.89711 0
      vertex -2.25 3.89711 6.03946
    endloop
  endfacet
  facet normal -0.471447 0.881894 -3.061e-05
    outer loop
      vertex -2.12615 3.96331 25.7993
      vertex -2.25 3.89711 26.0395
      vertex -2.12852 3.96205 26
    endloop
  endfacet
  facet normal -0.471401 0.881919 0
    outer loop
      vertex -2.12615 3.96331 25.7993
      vertex -2.25 3.89711 7.29387
      vertex -2.25 3.89711 26.0395
    endloop
  endfacet
  facet normal -0.47143 0.881903 2.50992e-07
    outer loop
      vertex -1.9903 4.03593 25.7562
      vertex -2.25 3.89711 7.29387
      vertex -2.12615 3.96331 25.7993
    endloop
  endfacet
  facet normal -0.471416 0.881911 0
    outer loop
      vertex -2.25 3.89711 7.29387
      vertex -1.9903 4.03593 25.7562
      vertex -1.9903 4.03593 7.21068
    endloop
  endfacet
  facet normal -0.471447 0.881894 -3.061e-05
    outer loop
      vertex -2.12615 3.96331 45.7993
      vertex -2.25 3.89711 46.0395
      vertex -2.12852 3.96205 46
    endloop
  endfacet
  facet normal -0.471401 0.881919 0
    outer loop
      vertex -2.12615 3.96331 45.7993
      vertex -2.25 3.89711 27.2939
      vertex -2.25 3.89711 46.0395
    endloop
  endfacet
  facet normal -0.47143 0.881903 2.50993e-07
    outer loop
      vertex -1.9903 4.03593 45.7562
      vertex -2.25 3.89711 27.2939
      vertex -2.12615 3.96331 45.7993
    endloop
  endfacet
  facet normal -0.471416 0.881911 0
    outer loop
      vertex -2.25 3.89711 27.2939
      vertex -1.9903 4.03593 45.7562
      vertex -1.9903 4.03593 27.2107
    endloop
  endfacet
  facet normal -0.471447 0.881894 -3.061e-05
    outer loop
      vertex -2.12615 3.96331 65.7993
      vertex -2.25 3.89711 66.0395
      vertex -2.12852 3.96205 66
    endloop
  endfacet
  facet normal -0.471401 0.881919 0
    outer loop
      vertex -2.12615 3.96331 65.7993
      vertex -2.25 3.89711 47.2939
      vertex -2.25 3.89711 66.0395
    endloop
  endfacet
  facet normal -0.47143 0.881903 2.50993e-07
    outer loop
      vertex -1.9903 4.03593 65.7562
      vertex -2.25 3.89711 47.2939
      vertex -2.12615 3.96331 65.7993
    endloop
  endfacet
  facet normal -0.471416 0.881911 0
    outer loop
      vertex -2.25 3.89711 47.2939
      vertex -1.9903 4.03593 65.7562
      vertex -1.9903 4.03593 47.2107
    endloop
  endfacet
  facet normal -0.84921 -0.528055 -6.45977e-06
    outer loop
      vertex -3.82296 -2.36925 72.5341
      vertex -3.89711 -2.25 72.2939
      vertex -3.82437 -2.36698 72.3333
    endloop
  endfacet
  facet normal -0.849216 -0.528045 0
    outer loop
      vertex -3.89711 -2.25 72.2939
      vertex -3.82296 -2.36925 72.5341
      vertex -3.89711 -2.25 80
    endloop
  endfacet
  facet normal -0.8492 -0.528072 5.92042e-07
    outer loop
      vertex -3.74161 -2.50007 72.5771
      vertex -3.89711 -2.25 80
      vertex -3.82296 -2.36925 72.5341
    endloop
  endfacet
  facet normal -0.849208 -0.528059 0
    outer loop
      vertex -3.89711 -2.25 80
      vertex -3.74161 -2.50007 72.5771
      vertex -3.74161 -2.50007 80
    endloop
  endfacet
  facet normal -0.849208 -0.528059 0
    outer loop
      vertex -3.74161 -2.50007 0
      vertex -3.89711 -2.25 11.0395
      vertex -3.89711 -2.25 0
    endloop
  endfacet
  facet normal -0.849208 -0.528059 0
    outer loop
      vertex -3.89711 -2.25 11.0395
      vertex -3.74161 -2.50007 0
      vertex -3.74161 -2.50007 11.1227
    endloop
  endfacet
  facet normal -0.84921 -0.528055 -6.45977e-06
    outer loop
      vertex -3.82296 -2.36925 12.5341
      vertex -3.89711 -2.25 12.2939
      vertex -3.82437 -2.36698 12.3333
    endloop
  endfacet
  facet normal -0.849216 -0.528045 0
    outer loop
      vertex -3.89711 -2.25 12.2939
      vertex -3.82296 -2.36925 12.5341
      vertex -3.89711 -2.25 31.0395
    endloop
  endfacet
  facet normal -0.8492 -0.528072 2.39603e-07
    outer loop
      vertex -3.74161 -2.50007 12.5771
      vertex -3.89711 -2.25 31.0395
      vertex -3.82296 -2.36925 12.5341
    endloop
  endfacet
  facet normal -0.849208 -0.528059 0
    outer loop
      vertex -3.89711 -2.25 31.0395
      vertex -3.74161 -2.50007 12.5771
      vertex -3.74161 -2.50007 31.1227
    endloop
  endfacet
  facet normal -0.84921 -0.528055 -6.45977e-06
    outer loop
      vertex -3.82296 -2.36925 32.5341
      vertex -3.89711 -2.25 32.2939
      vertex -3.82437 -2.36698 32.3333
    endloop
  endfacet
  facet normal -0.849216 -0.528045 0
    outer loop
      vertex -3.89711 -2.25 32.2939
      vertex -3.82296 -2.36925 32.5341
      vertex -3.89711 -2.25 51.0395
    endloop
  endfacet
  facet normal -0.8492 -0.528072 2.39603e-07
    outer loop
      vertex -3.74161 -2.50007 32.5771
      vertex -3.89711 -2.25 51.0395
      vertex -3.82296 -2.36925 32.5341
    endloop
  endfacet
  facet normal -0.849208 -0.528059 0
    outer loop
      vertex -3.89711 -2.25 51.0395
      vertex -3.74161 -2.50007 32.5771
      vertex -3.74161 -2.50007 51.1227
    endloop
  endfacet
  facet normal -0.84921 -0.528055 -6.45977e-06
    outer loop
      vertex -3.82296 -2.36925 52.5341
      vertex -3.89711 -2.25 52.2939
      vertex -3.82437 -2.36698 52.3333
    endloop
  endfacet
  facet normal -0.849216 -0.528045 0
    outer loop
      vertex -3.89711 -2.25 52.2939
      vertex -3.82296 -2.36925 52.5341
      vertex -3.89711 -2.25 71.0395
    endloop
  endfacet
  facet normal -0.8492 -0.528072 2.39603e-07
    outer loop
      vertex -3.74161 -2.50007 52.5771
      vertex -3.89711 -2.25 71.0395
      vertex -3.82296 -2.36925 52.5341
    endloop
  endfacet
  facet normal -0.849208 -0.528059 0
    outer loop
      vertex -3.89711 -2.25 71.0395
      vertex -3.74161 -2.50007 52.5771
      vertex -3.74161 -2.50007 71.1227
    endloop
  endfacet
  facet normal -0.881911 -0.471416 0
    outer loop
      vertex -3.89711 -2.25 72.2939
      vertex -4.03593 -1.9903 80
      vertex -4.03593 -1.9903 72.2107
    endloop
  endfacet
  facet normal -0.881911 -0.471416 0
    outer loop
      vertex -4.03593 -1.9903 80
      vertex -3.89711 -2.25 72.2939
      vertex -3.89711 -2.25 80
    endloop
  endfacet
  facet normal -0.881911 -0.471416 0
    outer loop
      vertex -3.89711 -2.25 0
      vertex -4.03593 -1.9903 10.7562
      vertex -4.03593 -1.9903 0
    endloop
  endfacet
  facet normal -0.881903 -0.47143 4.29445e-07
    outer loop
      vertex -4.03593 -1.9903 10.7562
      vertex -3.89711 -2.25 0
      vertex -3.96331 -2.12615 10.7993
    endloop
  endfacet
  facet normal -0.881919 -0.471401 -0
    outer loop
      vertex -3.89711 -2.25 11.0395
      vertex -3.96331 -2.12615 10.7993
      vertex -3.89711 -2.25 0
    endloop
  endfacet
  facet normal -0.881894 -0.471447 -3.061e-05
    outer loop
      vertex -3.96331 -2.12615 10.7993
      vertex -3.89711 -2.25 11.0395
      vertex -3.96205 -2.12852 11
    endloop
  endfacet
  facet normal -0.881911 -0.471416 0
    outer loop
      vertex -3.89711 -2.25 12.2939
      vertex -4.03593 -1.9903 30.7562
      vertex -4.03593 -1.9903 12.2107
    endloop
  endfacet
  facet normal -0.881903 -0.47143 2.50993e-07
    outer loop
      vertex -4.03593 -1.9903 30.7562
      vertex -3.89711 -2.25 12.2939
      vertex -3.96331 -2.12615 30.7993
    endloop
  endfacet
  facet normal -0.881919 -0.471401 -0
    outer loop
      vertex -3.89711 -2.25 31.0395
      vertex -3.96331 -2.12615 30.7993
      vertex -3.89711 -2.25 12.2939
    endloop
  endfacet
  facet normal -0.881894 -0.471447 -3.061e-05
    outer loop
      vertex -3.96331 -2.12615 30.7993
      vertex -3.89711 -2.25 31.0395
      vertex -3.96205 -2.12852 31
    endloop
  endfacet
  facet normal -0.881911 -0.471416 0
    outer loop
      vertex -3.89711 -2.25 32.2939
      vertex -4.03593 -1.9903 50.7562
      vertex -4.03593 -1.9903 32.2107
    endloop
  endfacet
  facet normal -0.881903 -0.47143 2.50993e-07
    outer loop
      vertex -4.03593 -1.9903 50.7562
      vertex -3.89711 -2.25 32.2939
      vertex -3.96331 -2.12615 50.7993
    endloop
  endfacet
  facet normal -0.881919 -0.471401 -0
    outer loop
      vertex -3.89711 -2.25 51.0395
      vertex -3.96331 -2.12615 50.7993
      vertex -3.89711 -2.25 32.2939
    endloop
  endfacet
  facet normal -0.881894 -0.471447 -3.061e-05
    outer loop
      vertex -3.96331 -2.12615 50.7993
      vertex -3.89711 -2.25 51.0395
      vertex -3.96205 -2.12852 51
    endloop
  endfacet
  facet normal -0.881911 -0.471416 0
    outer loop
      vertex -3.89711 -2.25 52.2939
      vertex -4.03593 -1.9903 70.7562
      vertex -4.03593 -1.9903 52.2107
    endloop
  endfacet
  facet normal -0.881903 -0.47143 2.50993e-07
    outer loop
      vertex -4.03593 -1.9903 70.7562
      vertex -3.89711 -2.25 52.2939
      vertex -3.96331 -2.12615 70.7993
    endloop
  endfacet
  facet normal -0.881919 -0.471401 -0
    outer loop
      vertex -3.89711 -2.25 71.0395
      vertex -3.96331 -2.12615 70.7993
      vertex -3.89711 -2.25 52.2939
    endloop
  endfacet
  facet normal -0.881894 -0.471447 -3.061e-05
    outer loop
      vertex -3.96331 -2.12615 70.7993
      vertex -3.89711 -2.25 71.0395
      vertex -3.96205 -2.12852 71
    endloop
  endfacet
  facet normal -0.935911 -0.352236 0
    outer loop
      vertex -4.15746 -1.72207 0
      vertex -4.26118 -1.44648 10.3895
      vertex -4.26118 -1.44648 0
    endloop
  endfacet
  facet normal -0.935906 -0.352249 4.00365e-07
    outer loop
      vertex -4.26118 -1.44648 10.3895
      vertex -4.15746 -1.72207 0
      vertex -4.16554 -1.70059 10.466
    endloop
  endfacet
  facet normal -0.935971 -0.352078 -0
    outer loop
      vertex -4.15746 -1.72207 10.6725
      vertex -4.16554 -1.70059 10.466
      vertex -4.15746 -1.72207 0
    endloop
  endfacet
  facet normal -0.935964 -0.352097 -2.17047e-06
    outer loop
      vertex -4.16554 -1.70059 10.466
      vertex -4.15746 -1.72207 10.6725
      vertex -4.1646 -1.70309 10.6667
    endloop
  endfacet
  facet normal -0.935922 -0.352207 -3.73736e-06
    outer loop
      vertex -4.23243 -1.52288 71.8674
      vertex -4.26118 -1.44648 71.644
      vertex -4.23337 -1.52038 71.6667
    endloop
  endfacet
  facet normal -0.935926 -0.352197 0
    outer loop
      vertex -4.26118 -1.44648 71.644
      vertex -4.23243 -1.52288 71.8674
      vertex -4.26118 -1.44648 80
    endloop
  endfacet
  facet normal -0.935906 -0.352251 5.73529e-07
    outer loop
      vertex -4.15746 -1.72207 71.9271
      vertex -4.26118 -1.44648 80
      vertex -4.23243 -1.52288 71.8674
    endloop
  endfacet
  facet normal -0.935911 -0.352236 0
    outer loop
      vertex -4.26118 -1.44648 80
      vertex -4.15746 -1.72207 71.9271
      vertex -4.15746 -1.72207 80
    endloop
  endfacet
  facet normal -0.935922 -0.352207 -3.73736e-06
    outer loop
      vertex -4.23243 -1.52288 11.8674
      vertex -4.26118 -1.44648 11.644
      vertex -4.23337 -1.52038 11.6667
    endloop
  endfacet
  facet normal -0.935926 -0.352197 0
    outer loop
      vertex -4.26118 -1.44648 11.644
      vertex -4.23243 -1.52288 11.8674
      vertex -4.26118 -1.44648 30.3895
    endloop
  endfacet
  facet normal -0.935906 -0.352251 2.5222e-07
    outer loop
      vertex -4.15746 -1.72207 11.9271
      vertex -4.26118 -1.44648 30.3895
      vertex -4.23243 -1.52288 11.8674
    endloop
  endfacet
  facet normal -0.935906 -0.352249 2.26084e-07
    outer loop
      vertex -4.26118 -1.44648 30.3895
      vertex -4.15746 -1.72207 11.9271
      vertex -4.16554 -1.70059 30.466
    endloop
  endfacet
  facet normal -0.935971 -0.352078 -0
    outer loop
      vertex -4.15746 -1.72207 30.6725
      vertex -4.16554 -1.70059 30.466
      vertex -4.15746 -1.72207 11.9271
    endloop
  endfacet
  facet normal -0.935964 -0.352097 -2.17047e-06
    outer loop
      vertex -4.16554 -1.70059 30.466
      vertex -4.15746 -1.72207 30.6725
      vertex -4.1646 -1.70309 30.6667
    endloop
  endfacet
  facet normal -0.935922 -0.352207 -3.73736e-06
    outer loop
      vertex -4.23243 -1.52288 31.8674
      vertex -4.26118 -1.44648 31.644
      vertex -4.23337 -1.52038 31.6667
    endloop
  endfacet
  facet normal -0.935926 -0.352197 0
    outer loop
      vertex -4.26118 -1.44648 31.644
      vertex -4.23243 -1.52288 31.8674
      vertex -4.26118 -1.44648 50.3895
    endloop
  endfacet
  facet normal -0.935906 -0.352251 2.5222e-07
    outer loop
      vertex -4.15746 -1.72207 31.9271
      vertex -4.26118 -1.44648 50.3895
      vertex -4.23243 -1.52288 31.8674
    endloop
  endfacet
  facet normal -0.935906 -0.352249 2.26084e-07
    outer loop
      vertex -4.26118 -1.44648 50.3895
      vertex -4.15746 -1.72207 31.9271
      vertex -4.16554 -1.70059 50.466
    endloop
  endfacet
  facet normal -0.935971 -0.352078 -0
    outer loop
      vertex -4.15746 -1.72207 50.6725
      vertex -4.16554 -1.70059 50.466
      vertex -4.15746 -1.72207 31.9271
    endloop
  endfacet
  facet normal -0.935964 -0.352097 -2.17047e-06
    outer loop
      vertex -4.16554 -1.70059 50.466
      vertex -4.15746 -1.72207 50.6725
      vertex -4.1646 -1.70309 50.6667
    endloop
  endfacet
  facet normal -0.935922 -0.352207 -3.73736e-06
    outer loop
      vertex -4.23243 -1.52288 51.8674
      vertex -4.26118 -1.44648 51.644
      vertex -4.23337 -1.52038 51.6667
    endloop
  endfacet
  facet normal -0.935926 -0.352197 0
    outer loop
      vertex -4.26118 -1.44648 51.644
      vertex -4.23243 -1.52288 51.8674
      vertex -4.26118 -1.44648 70.3895
    endloop
  endfacet
  facet normal -0.935906 -0.352251 2.5222e-07
    outer loop
      vertex -4.15746 -1.72207 51.9271
      vertex -4.26118 -1.44648 70.3895
      vertex -4.23243 -1.52288 51.8674
    endloop
  endfacet
  facet normal -0.935906 -0.352249 2.26084e-07
    outer loop
      vertex -4.26118 -1.44648 70.3895
      vertex -4.15746 -1.72207 51.9271
      vertex -4.16554 -1.70059 70.466
    endloop
  endfacet
  facet normal -0.935971 -0.352078 -0
    outer loop
      vertex -4.15746 -1.72207 70.6725
      vertex -4.16554 -1.70059 70.466
      vertex -4.15746 -1.72207 51.9271
    endloop
  endfacet
  facet normal -0.935964 -0.352097 -2.17047e-06
    outer loop
      vertex -4.16554 -1.70059 70.466
      vertex -4.15746 -1.72207 70.6725
      vertex -4.1646 -1.70309 70.6667
    endloop
  endfacet
  facet normal 0.910868 -0.412697 0
    outer loop
      vertex 4.03593 -1.9903 80
      vertex 4.15746 -1.72207 79.3275
      vertex 4.15746 -1.72207 80
    endloop
  endfacet
  facet normal 0.910868 -0.412697 0
    outer loop
      vertex 4.15746 -1.72207 79.3275
      vertex 4.03593 -1.9903 80
      vertex 4.03593 -1.9903 79.2438
    endloop
  endfacet
  facet normal 0.910868 -0.412698 2.32721e-07
    outer loop
      vertex 4.0508 -1.95748 17.7993
      vertex 4.15746 -1.72207 18.0729
      vertex 4.05191 -1.95503 18
    endloop
  endfacet
  facet normal 0.910868 -0.412698 0
    outer loop
      vertex 4.15746 -1.72207 18.0729
      vertex 4.0508 -1.95748 17.7993
      vertex 4.15746 -1.72207 0
    endloop
  endfacet
  facet normal 0.91087 -0.412694 5.35781e-08
    outer loop
      vertex 4.03593 -1.9903 17.7893
      vertex 4.15746 -1.72207 0
      vertex 4.0508 -1.95748 17.7993
    endloop
  endfacet
  facet normal 0.910868 -0.412697 0
    outer loop
      vertex 4.15746 -1.72207 0
      vertex 4.03593 -1.9903 17.7893
      vertex 4.03593 -1.9903 0
    endloop
  endfacet
  facet normal 0.910868 -0.412698 2.32721e-07
    outer loop
      vertex 4.0508 -1.95748 37.7993
      vertex 4.15746 -1.72207 38.0729
      vertex 4.05191 -1.95503 38
    endloop
  endfacet
  facet normal 0.910868 -0.412698 0
    outer loop
      vertex 4.15746 -1.72207 38.0729
      vertex 4.0508 -1.95748 37.7993
      vertex 4.15746 -1.72207 19.3275
    endloop
  endfacet
  facet normal 0.91087 -0.412694 5.1635e-08
    outer loop
      vertex 4.03593 -1.9903 37.7893
      vertex 4.15746 -1.72207 19.3275
      vertex 4.0508 -1.95748 37.7993
    endloop
  endfacet
  facet normal 0.910868 -0.412697 0
    outer loop
      vertex 4.15746 -1.72207 19.3275
      vertex 4.03593 -1.9903 37.7893
      vertex 4.03593 -1.9903 19.2438
    endloop
  endfacet
  facet normal 0.910868 -0.412698 2.32721e-07
    outer loop
      vertex 4.0508 -1.95748 57.7993
      vertex 4.15746 -1.72207 58.0729
      vertex 4.05191 -1.95503 58
    endloop
  endfacet
  facet normal 0.910868 -0.412698 0
    outer loop
      vertex 4.15746 -1.72207 58.0729
      vertex 4.0508 -1.95748 57.7993
      vertex 4.15746 -1.72207 39.3275
    endloop
  endfacet
  facet normal 0.91087 -0.412694 5.1635e-08
    outer loop
      vertex 4.03593 -1.9903 57.7893
      vertex 4.15746 -1.72207 39.3275
      vertex 4.0508 -1.95748 57.7993
    endloop
  endfacet
  facet normal 0.910868 -0.412697 0
    outer loop
      vertex 4.15746 -1.72207 39.3275
      vertex 4.03593 -1.9903 57.7893
      vertex 4.03593 -1.9903 39.2438
    endloop
  endfacet
  facet normal 0.910868 -0.412698 2.32721e-07
    outer loop
      vertex 4.0508 -1.95748 77.7993
      vertex 4.15746 -1.72207 78.0729
      vertex 4.05191 -1.95503 78
    endloop
  endfacet
  facet normal 0.910868 -0.412698 0
    outer loop
      vertex 4.15746 -1.72207 78.0729
      vertex 4.0508 -1.95748 77.7993
      vertex 4.15746 -1.72207 59.3275
    endloop
  endfacet
  facet normal 0.91087 -0.412694 5.1635e-08
    outer loop
      vertex 4.03593 -1.9903 77.7893
      vertex 4.15746 -1.72207 59.3275
      vertex 4.0508 -1.95748 77.7993
    endloop
  endfacet
  facet normal 0.910868 -0.412697 0
    outer loop
      vertex 4.15746 -1.72207 59.3275
      vertex 4.03593 -1.9903 77.7893
      vertex 4.03593 -1.9903 59.2438
    endloop
  endfacet
  facet normal -0.910868 -0.412698 -2.32721e-07
    outer loop
      vertex -4.0508 -1.95748 72.2007
      vertex -4.15746 -1.72207 71.9271
      vertex -4.05191 -1.95503 72
    endloop
  endfacet
  facet normal -0.910868 -0.412698 0
    outer loop
      vertex -4.15746 -1.72207 71.9271
      vertex -4.0508 -1.95748 72.2007
      vertex -4.15746 -1.72207 80
    endloop
  endfacet
  facet normal -0.91087 -0.412694 -1.21648e-07
    outer loop
      vertex -4.03593 -1.9903 72.2107
      vertex -4.15746 -1.72207 80
      vertex -4.0508 -1.95748 72.2007
    endloop
  endfacet
  facet normal -0.910868 -0.412697 0
    outer loop
      vertex -4.15746 -1.72207 80
      vertex -4.03593 -1.9903 72.2107
      vertex -4.03593 -1.9903 80
    endloop
  endfacet
  facet normal -0.910868 -0.412697 0
    outer loop
      vertex -4.03593 -1.9903 0
      vertex -4.15746 -1.72207 10.6725
      vertex -4.15746 -1.72207 0
    endloop
  endfacet
  facet normal -0.910868 -0.412697 0
    outer loop
      vertex -4.15746 -1.72207 10.6725
      vertex -4.03593 -1.9903 0
      vertex -4.03593 -1.9903 10.7562
    endloop
  endfacet
  facet normal -0.910868 -0.412698 -2.32721e-07
    outer loop
      vertex -4.0508 -1.95748 12.2007
      vertex -4.15746 -1.72207 11.9271
      vertex -4.05191 -1.95503 12
    endloop
  endfacet
  facet normal -0.910868 -0.412698 0
    outer loop
      vertex -4.15746 -1.72207 11.9271
      vertex -4.0508 -1.95748 12.2007
      vertex -4.15746 -1.72207 30.6725
    endloop
  endfacet
  facet normal -0.91087 -0.412694 -5.1635e-08
    outer loop
      vertex -4.03593 -1.9903 12.2107
      vertex -4.15746 -1.72207 30.6725
      vertex -4.0508 -1.95748 12.2007
    endloop
  endfacet
  facet normal -0.910868 -0.412697 0
    outer loop
      vertex -4.15746 -1.72207 30.6725
      vertex -4.03593 -1.9903 12.2107
      vertex -4.03593 -1.9903 30.7562
    endloop
  endfacet
  facet normal -0.910868 -0.412698 -2.32721e-07
    outer loop
      vertex -4.0508 -1.95748 32.2007
      vertex -4.15746 -1.72207 31.9271
      vertex -4.05191 -1.95503 32
    endloop
  endfacet
  facet normal -0.910868 -0.412698 0
    outer loop
      vertex -4.15746 -1.72207 31.9271
      vertex -4.0508 -1.95748 32.2007
      vertex -4.15746 -1.72207 50.6725
    endloop
  endfacet
  facet normal -0.91087 -0.412694 -5.1635e-08
    outer loop
      vertex -4.03593 -1.9903 32.2107
      vertex -4.15746 -1.72207 50.6725
      vertex -4.0508 -1.95748 32.2007
    endloop
  endfacet
  facet normal -0.910868 -0.412697 0
    outer loop
      vertex -4.15746 -1.72207 50.6725
      vertex -4.03593 -1.9903 32.2107
      vertex -4.03593 -1.9903 50.7562
    endloop
  endfacet
  facet normal -0.910868 -0.412698 -2.32721e-07
    outer loop
      vertex -4.0508 -1.95748 52.2007
      vertex -4.15746 -1.72207 51.9271
      vertex -4.05191 -1.95503 52
    endloop
  endfacet
  facet normal -0.910868 -0.412698 0
    outer loop
      vertex -4.15746 -1.72207 51.9271
      vertex -4.0508 -1.95748 52.2007
      vertex -4.15746 -1.72207 70.6725
    endloop
  endfacet
  facet normal -0.91087 -0.412694 -5.1635e-08
    outer loop
      vertex -4.03593 -1.9903 52.2107
      vertex -4.15746 -1.72207 70.6725
      vertex -4.0508 -1.95748 52.2007
    endloop
  endfacet
  facet normal -0.910868 -0.412697 0
    outer loop
      vertex -4.15746 -1.72207 70.6725
      vertex -4.03593 -1.9903 52.2107
      vertex -4.03593 -1.9903 70.7562
    endloop
  endfacet
  facet normal -0.0327028 0.999465 0
    outer loop
      vertex -0.294313 4.49037 0
      vertex 0 4.5 4.3728
      vertex 0 4.5 0
    endloop
  endfacet
  facet normal -0.0327028 0.999465 0
    outer loop
      vertex 0 4.5 4.3728
      vertex -0.294313 4.49037 0
      vertex -0.294313 4.49037 4.45599
    endloop
  endfacet
  facet normal -0.0327028 0.999465 0
    outer loop
      vertex 0 4.5 80
      vertex -0.294313 4.49037 65.9105
      vertex -0.294313 4.49037 80
    endloop
  endfacet
  facet normal -0.0327182 0.999465 3.21895e-07
    outer loop
      vertex 0 4.5 80
      vertex -0.140353 4.49541 65.8674
      vertex -0.294313 4.49037 65.9105
    endloop
  endfacet
  facet normal -0.0326858 0.999466 0
    outer loop
      vertex 0 4.5 65.6272
      vertex -0.140353 4.49541 65.8674
      vertex 0 4.5 80
    endloop
  endfacet
  facet normal -0.0327521 0.999464 -3.87932e-05
    outer loop
      vertex -0.140353 4.49541 65.8674
      vertex 0 4.5 65.6272
      vertex -0.137674 4.49549 65.6667
    endloop
  endfacet
  facet normal -0.0327028 0.999465 0
    outer loop
      vertex 0 4.5 24.3728
      vertex -0.294313 4.49037 5.91046
      vertex -0.294313 4.49037 24.456
    endloop
  endfacet
  facet normal -0.0327182 0.999465 2.45993e-07
    outer loop
      vertex 0 4.5 24.3728
      vertex -0.140353 4.49541 5.86739
      vertex -0.294313 4.49037 5.91046
    endloop
  endfacet
  facet normal -0.0326858 0.999466 0
    outer loop
      vertex 0 4.5 5.6272
      vertex -0.140353 4.49541 5.86739
      vertex 0 4.5 24.3728
    endloop
  endfacet
  facet normal -0.0327521 0.999464 -3.87892e-05
    outer loop
      vertex -0.140353 4.49541 5.86739
      vertex 0 4.5 5.6272
      vertex -0.137674 4.49549 5.66667
    endloop
  endfacet
  facet normal -0.0327028 0.999465 0
    outer loop
      vertex 0 4.5 44.3728
      vertex -0.294313 4.49037 25.9105
      vertex -0.294313 4.49037 44.456
    endloop
  endfacet
  facet normal -0.0327182 0.999465 2.45993e-07
    outer loop
      vertex 0 4.5 44.3728
      vertex -0.140353 4.49541 25.8674
      vertex -0.294313 4.49037 25.9105
    endloop
  endfacet
  facet normal -0.0326858 0.999466 0
    outer loop
      vertex 0 4.5 25.6272
      vertex -0.140353 4.49541 25.8674
      vertex 0 4.5 44.3728
    endloop
  endfacet
  facet normal -0.0327521 0.999464 -3.87932e-05
    outer loop
      vertex -0.140353 4.49541 25.8674
      vertex 0 4.5 25.6272
      vertex -0.137674 4.49549 25.6667
    endloop
  endfacet
  facet normal -0.0327028 0.999465 0
    outer loop
      vertex 0 4.5 64.3728
      vertex -0.294313 4.49037 45.9105
      vertex -0.294313 4.49037 64.456
    endloop
  endfacet
  facet normal -0.0327182 0.999465 2.45993e-07
    outer loop
      vertex 0 4.5 64.3728
      vertex -0.140353 4.49541 45.8674
      vertex -0.294313 4.49037 45.9105
    endloop
  endfacet
  facet normal -0.0326858 0.999466 0
    outer loop
      vertex 0 4.5 45.6272
      vertex -0.140353 4.49541 45.8674
      vertex 0 4.5 64.3728
    endloop
  endfacet
  facet normal -0.0327521 0.999464 -3.87932e-05
    outer loop
      vertex -0.140353 4.49541 45.8674
      vertex 0 4.5 45.6272
      vertex -0.137674 4.49549 45.6667
    endloop
  endfacet
  facet normal 0.412697 -0.910868 0
    outer loop
      vertex 1.72207 -4.15746 80
      vertex 1.9903 -4.03593 77.2107
      vertex 1.9903 -4.03593 80
    endloop
  endfacet
  facet normal 0.412694 -0.91087 -3.33503e-07
    outer loop
      vertex 1.72207 -4.15746 80
      vertex 1.95748 -4.0508 77.2007
      vertex 1.9903 -4.03593 77.2107
    endloop
  endfacet
  facet normal 0.412698 -0.910868 0
    outer loop
      vertex 1.72207 -4.15746 76.9271
      vertex 1.95748 -4.0508 77.2007
      vertex 1.72207 -4.15746 80
    endloop
  endfacet
  facet normal 0.412698 -0.910868 -2.32721e-07
    outer loop
      vertex 1.95748 -4.0508 77.2007
      vertex 1.72207 -4.15746 76.9271
      vertex 1.95503 -4.05191 77
    endloop
  endfacet
  facet normal 0.412697 -0.910868 0
    outer loop
      vertex 1.9903 -4.03593 0
      vertex 1.72207 -4.15746 15.6725
      vertex 1.72207 -4.15746 0
    endloop
  endfacet
  facet normal 0.412697 -0.910868 0
    outer loop
      vertex 1.72207 -4.15746 15.6725
      vertex 1.9903 -4.03593 0
      vertex 1.9903 -4.03593 15.7562
    endloop
  endfacet
  facet normal 0.412697 -0.910868 0
    outer loop
      vertex 1.72207 -4.15746 35.6725
      vertex 1.9903 -4.03593 17.2107
      vertex 1.9903 -4.03593 35.7562
    endloop
  endfacet
  facet normal 0.412694 -0.91087 -5.1635e-08
    outer loop
      vertex 1.72207 -4.15746 35.6725
      vertex 1.95748 -4.0508 17.2007
      vertex 1.9903 -4.03593 17.2107
    endloop
  endfacet
  facet normal 0.412698 -0.910868 0
    outer loop
      vertex 1.72207 -4.15746 16.9271
      vertex 1.95748 -4.0508 17.2007
      vertex 1.72207 -4.15746 35.6725
    endloop
  endfacet
  facet normal 0.412698 -0.910868 -2.32721e-07
    outer loop
      vertex 1.95748 -4.0508 17.2007
      vertex 1.72207 -4.15746 16.9271
      vertex 1.95503 -4.05191 17
    endloop
  endfacet
  facet normal 0.412697 -0.910868 0
    outer loop
      vertex 1.72207 -4.15746 55.6725
      vertex 1.9903 -4.03593 37.2107
      vertex 1.9903 -4.03593 55.7562
    endloop
  endfacet
  facet normal 0.412694 -0.91087 -5.1635e-08
    outer loop
      vertex 1.72207 -4.15746 55.6725
      vertex 1.95748 -4.0508 37.2007
      vertex 1.9903 -4.03593 37.2107
    endloop
  endfacet
  facet normal 0.412698 -0.910868 0
    outer loop
      vertex 1.72207 -4.15746 36.9271
      vertex 1.95748 -4.0508 37.2007
      vertex 1.72207 -4.15746 55.6725
    endloop
  endfacet
  facet normal 0.412698 -0.910868 -2.32721e-07
    outer loop
      vertex 1.95748 -4.0508 37.2007
      vertex 1.72207 -4.15746 36.9271
      vertex 1.95503 -4.05191 37
    endloop
  endfacet
  facet normal 0.412697 -0.910868 0
    outer loop
      vertex 1.72207 -4.15746 75.6725
      vertex 1.9903 -4.03593 57.2107
      vertex 1.9903 -4.03593 75.7562
    endloop
  endfacet
  facet normal 0.412694 -0.91087 -5.1635e-08
    outer loop
      vertex 1.72207 -4.15746 75.6725
      vertex 1.95748 -4.0508 57.2007
      vertex 1.9903 -4.03593 57.2107
    endloop
  endfacet
  facet normal 0.412698 -0.910868 0
    outer loop
      vertex 1.72207 -4.15746 56.9271
      vertex 1.95748 -4.0508 57.2007
      vertex 1.72207 -4.15746 75.6725
    endloop
  endfacet
  facet normal 0.412698 -0.910868 -2.32721e-07
    outer loop
      vertex 1.95748 -4.0508 57.2007
      vertex 1.72207 -4.15746 56.9271
      vertex 1.95503 -4.05191 57
    endloop
  endfacet
  facet normal 0.412697 0.910868 0
    outer loop
      vertex 1.9903 4.03593 80
      vertex 1.72207 4.15746 64.3275
      vertex 1.72207 4.15746 80
    endloop
  endfacet
  facet normal 0.412697 0.910868 0
    outer loop
      vertex 1.72207 4.15746 64.3275
      vertex 1.9903 4.03593 80
      vertex 1.9903 4.03593 64.2438
    endloop
  endfacet
  facet normal 0.412698 0.910868 2.32733e-07
    outer loop
      vertex 1.95748 4.0508 2.79931
      vertex 1.72207 4.15746 3.0729
      vertex 1.95503 4.05191 3
    endloop
  endfacet
  facet normal 0.412697 0.910868 0
    outer loop
      vertex 1.72207 4.15746 0
      vertex 1.9903 4.03593 2.78932
      vertex 1.9903 4.03593 0
    endloop
  endfacet
  facet normal 0.412694 0.91087 3.3351e-07
    outer loop
      vertex 1.9903 4.03593 2.78932
      vertex 1.72207 4.15746 0
      vertex 1.95748 4.0508 2.79931
    endloop
  endfacet
  facet normal 0.412698 0.910868 0
    outer loop
      vertex 1.95748 4.0508 2.79931
      vertex 1.72207 4.15746 0
      vertex 1.72207 4.15746 3.0729
    endloop
  endfacet
  facet normal 0.412698 0.910868 2.32721e-07
    outer loop
      vertex 1.95748 4.0508 22.7993
      vertex 1.72207 4.15746 23.0729
      vertex 1.95503 4.05191 23
    endloop
  endfacet
  facet normal 0.412698 0.910868 0
    outer loop
      vertex 1.95748 4.0508 22.7993
      vertex 1.72207 4.15746 4.3275
      vertex 1.72207 4.15746 23.0729
    endloop
  endfacet
  facet normal 0.412694 0.91087 5.1635e-08
    outer loop
      vertex 1.9903 4.03593 22.7893
      vertex 1.72207 4.15746 4.3275
      vertex 1.95748 4.0508 22.7993
    endloop
  endfacet
  facet normal 0.412697 0.910868 0
    outer loop
      vertex 1.72207 4.15746 4.3275
      vertex 1.9903 4.03593 22.7893
      vertex 1.9903 4.03593 4.24379
    endloop
  endfacet
  facet normal 0.412698 0.910868 2.32721e-07
    outer loop
      vertex 1.95748 4.0508 42.7993
      vertex 1.72207 4.15746 43.0729
      vertex 1.95503 4.05191 43
    endloop
  endfacet
  facet normal 0.412698 0.910868 0
    outer loop
      vertex 1.95748 4.0508 42.7993
      vertex 1.72207 4.15746 24.3275
      vertex 1.72207 4.15746 43.0729
    endloop
  endfacet
  facet normal 0.412694 0.91087 5.1635e-08
    outer loop
      vertex 1.9903 4.03593 42.7893
      vertex 1.72207 4.15746 24.3275
      vertex 1.95748 4.0508 42.7993
    endloop
  endfacet
  facet normal 0.412697 0.910868 0
    outer loop
      vertex 1.72207 4.15746 24.3275
      vertex 1.9903 4.03593 42.7893
      vertex 1.9903 4.03593 24.2438
    endloop
  endfacet
  facet normal 0.412698 0.910868 2.32721e-07
    outer loop
      vertex 1.95748 4.0508 62.7993
      vertex 1.72207 4.15746 63.0729
      vertex 1.95503 4.05191 63
    endloop
  endfacet
  facet normal 0.412698 0.910868 0
    outer loop
      vertex 1.95748 4.0508 62.7993
      vertex 1.72207 4.15746 44.3275
      vertex 1.72207 4.15746 63.0729
    endloop
  endfacet
  facet normal 0.412694 0.91087 5.1635e-08
    outer loop
      vertex 1.9903 4.03593 62.7893
      vertex 1.72207 4.15746 44.3275
      vertex 1.95748 4.0508 62.7993
    endloop
  endfacet
  facet normal 0.412697 0.910868 0
    outer loop
      vertex 1.72207 4.15746 44.3275
      vertex 1.9903 4.03593 62.7893
      vertex 1.9903 4.03593 44.2438
    endloop
  endfacet
  facet normal 0.0980313 -0.995183 -2.03e-05
    outer loop
      vertex 0.330168 -4.48683 14.466
      vertex 0.587367 -4.4615 14.7396
      vertex 0.332849 -4.48657 14.6667
    endloop
  endfacet
  facet normal 0.0980397 -0.995183 0
    outer loop
      vertex 0.587367 -4.4615 0
      vertex 0.294313 -4.49037 14.456
      vertex 0.294313 -4.49037 0
    endloop
  endfacet
  facet normal 0.0982521 -0.995162 4.3478e-06
    outer loop
      vertex 0.294313 -4.49037 14.456
      vertex 0.587367 -4.4615 0
      vertex 0.330168 -4.48683 14.466
    endloop
  endfacet
  facet normal 0.0980099 -0.995185 0
    outer loop
      vertex 0.330168 -4.48683 14.466
      vertex 0.587367 -4.4615 0
      vertex 0.587367 -4.4615 14.7396
    endloop
  endfacet
  facet normal 0.0980397 -0.995183 0
    outer loop
      vertex 0.294313 -4.49037 80
      vertex 0.587367 -4.4615 75.9942
      vertex 0.587367 -4.4615 80
    endloop
  endfacet
  facet normal 0.0980397 -0.995183 0
    outer loop
      vertex 0.587367 -4.4615 75.9942
      vertex 0.294313 -4.49037 80
      vertex 0.294313 -4.49037 75.9105
    endloop
  endfacet
  facet normal 0.0980313 -0.995183 -2.03e-05
    outer loop
      vertex 0.330168 -4.48683 34.466
      vertex 0.587367 -4.4615 34.7396
      vertex 0.332849 -4.48657 34.6667
    endloop
  endfacet
  facet normal 0.0980099 -0.995185 0
    outer loop
      vertex 0.330168 -4.48683 34.466
      vertex 0.587367 -4.4615 15.9942
      vertex 0.587367 -4.4615 34.7396
    endloop
  endfacet
  facet normal 0.0982523 -0.995162 3.40858e-06
    outer loop
      vertex 0.294313 -4.49037 34.456
      vertex 0.587367 -4.4615 15.9942
      vertex 0.330168 -4.48683 34.466
    endloop
  endfacet
  facet normal 0.0980397 -0.995183 0
    outer loop
      vertex 0.587367 -4.4615 15.9942
      vertex 0.294313 -4.49037 34.456
      vertex 0.294313 -4.49037 15.9105
    endloop
  endfacet
  facet normal 0.0980313 -0.995183 -2.03e-05
    outer loop
      vertex 0.330168 -4.48683 54.466
      vertex 0.587367 -4.4615 54.7396
      vertex 0.332849 -4.48657 54.6667
    endloop
  endfacet
  facet normal 0.0980099 -0.995185 0
    outer loop
      vertex 0.330168 -4.48683 54.466
      vertex 0.587367 -4.4615 35.9942
      vertex 0.587367 -4.4615 54.7396
    endloop
  endfacet
  facet normal 0.0982523 -0.995162 3.40858e-06
    outer loop
      vertex 0.294313 -4.49037 54.456
      vertex 0.587367 -4.4615 35.9942
      vertex 0.330168 -4.48683 54.466
    endloop
  endfacet
  facet normal 0.0980397 -0.995183 0
    outer loop
      vertex 0.587367 -4.4615 35.9942
      vertex 0.294313 -4.49037 54.456
      vertex 0.294313 -4.49037 35.9105
    endloop
  endfacet
  facet normal 0.0980313 -0.995183 -2.03e-05
    outer loop
      vertex 0.330168 -4.48683 74.466
      vertex 0.587367 -4.4615 74.7396
      vertex 0.332849 -4.48657 74.6667
    endloop
  endfacet
  facet normal 0.0980099 -0.995185 0
    outer loop
      vertex 0.330168 -4.48683 74.466
      vertex 0.587367 -4.4615 55.9942
      vertex 0.587367 -4.4615 74.7396
    endloop
  endfacet
  facet normal 0.0982523 -0.995162 3.40858e-06
    outer loop
      vertex 0.294313 -4.49037 74.456
      vertex 0.587367 -4.4615 55.9942
      vertex 0.330168 -4.48683 74.466
    endloop
  endfacet
  facet normal 0.0980397 -0.995183 0
    outer loop
      vertex 0.587367 -4.4615 55.9942
      vertex 0.294313 -4.49037 74.456
      vertex 0.294313 -4.49037 55.9105
    endloop
  endfacet
  facet normal 0.290276 -0.956943 3.52444e-05
    outer loop
      vertex 1.2557 -4.31906 15.1326
      vertex 1.44648 -4.26118 15.3895
      vertex 1.25828 -4.31827 15.3333
    endloop
  endfacet
  facet normal 0.290316 -0.956931 0
    outer loop
      vertex 1.44648 -4.26118 0
      vertex 1.16469 -4.34667 15.1061
      vertex 1.16469 -4.34667 0
    endloop
  endfacet
  facet normal 0.290308 -0.956933 -1.54381e-07
    outer loop
      vertex 1.16469 -4.34667 15.1061
      vertex 1.44648 -4.26118 0
      vertex 1.2557 -4.31906 15.1326
    endloop
  endfacet
  facet normal 0.290319 -0.95693 0
    outer loop
      vertex 1.2557 -4.31906 15.1326
      vertex 1.44648 -4.26118 0
      vertex 1.44648 -4.26118 15.3895
    endloop
  endfacet
  facet normal 0.290316 -0.956931 0
    outer loop
      vertex 1.16469 -4.34667 80
      vertex 1.44648 -4.26118 76.644
      vertex 1.44648 -4.26118 80
    endloop
  endfacet
  facet normal 0.290316 -0.956931 0
    outer loop
      vertex 1.44648 -4.26118 76.644
      vertex 1.16469 -4.34667 80
      vertex 1.16469 -4.34667 76.5605
    endloop
  endfacet
  facet normal 0.290276 -0.956943 3.52444e-05
    outer loop
      vertex 1.2557 -4.31906 35.1326
      vertex 1.44648 -4.26118 35.3895
      vertex 1.25828 -4.31827 35.3333
    endloop
  endfacet
  facet normal 0.290319 -0.95693 0
    outer loop
      vertex 1.2557 -4.31906 35.1326
      vertex 1.44648 -4.26118 16.644
      vertex 1.44648 -4.26118 35.3895
    endloop
  endfacet
  facet normal 0.290308 -0.956933 -1.26442e-07
    outer loop
      vertex 1.16469 -4.34667 35.1061
      vertex 1.44648 -4.26118 16.644
      vertex 1.2557 -4.31906 35.1326
    endloop
  endfacet
  facet normal 0.290316 -0.956931 0
    outer loop
      vertex 1.44648 -4.26118 16.644
      vertex 1.16469 -4.34667 35.1061
      vertex 1.16469 -4.34667 16.5605
    endloop
  endfacet
  facet normal 0.290276 -0.956943 3.52444e-05
    outer loop
      vertex 1.2557 -4.31906 55.1326
      vertex 1.44648 -4.26118 55.3895
      vertex 1.25828 -4.31827 55.3333
    endloop
  endfacet
  facet normal 0.290319 -0.95693 0
    outer loop
      vertex 1.2557 -4.31906 55.1326
      vertex 1.44648 -4.26118 36.644
      vertex 1.44648 -4.26118 55.3895
    endloop
  endfacet
  facet normal 0.290308 -0.956933 -1.26442e-07
    outer loop
      vertex 1.16469 -4.34667 55.1061
      vertex 1.44648 -4.26118 36.644
      vertex 1.2557 -4.31906 55.1326
    endloop
  endfacet
  facet normal 0.290316 -0.956931 0
    outer loop
      vertex 1.44648 -4.26118 36.644
      vertex 1.16469 -4.34667 55.1061
      vertex 1.16469 -4.34667 36.5605
    endloop
  endfacet
  facet normal 0.290276 -0.956943 3.52444e-05
    outer loop
      vertex 1.2557 -4.31906 75.1326
      vertex 1.44648 -4.26118 75.3895
      vertex 1.25828 -4.31827 75.3333
    endloop
  endfacet
  facet normal 0.290319 -0.95693 0
    outer loop
      vertex 1.2557 -4.31906 75.1326
      vertex 1.44648 -4.26118 56.644
      vertex 1.44648 -4.26118 75.3895
    endloop
  endfacet
  facet normal 0.290308 -0.956933 -1.26442e-07
    outer loop
      vertex 1.16469 -4.34667 75.1061
      vertex 1.44648 -4.26118 56.644
      vertex 1.2557 -4.31906 75.1326
    endloop
  endfacet
  facet normal 0.290316 -0.956931 0
    outer loop
      vertex 1.44648 -4.26118 56.644
      vertex 1.16469 -4.34667 75.1061
      vertex 1.16469 -4.34667 56.5605
    endloop
  endfacet
  facet normal 0.227048 0.973883 0
    outer loop
      vertex 1.16469 4.34667 80
      vertex 0.877906 4.41353 64.9773
      vertex 0.877906 4.41353 80
    endloop
  endfacet
  facet normal 0.227048 0.973883 0
    outer loop
      vertex 0.877906 4.41353 64.9773
      vertex 1.16469 4.34667 80
      vertex 1.16469 4.34667 64.8939
    endloop
  endfacet
  facet normal 0.22708 0.973876 4.41096e-06
    outer loop
      vertex 1.07206 4.36826 3.46595
      vertex 0.877906 4.41353 3.72287
      vertex 1.06944 4.36887 3.66667
    endloop
  endfacet
  facet normal 0.227048 0.973883 0
    outer loop
      vertex 0.877906 4.41353 0
      vertex 1.16469 4.34667 3.43946
      vertex 1.16469 4.34667 0
    endloop
  endfacet
  facet normal 0.226995 0.973896 4.70309e-06
    outer loop
      vertex 1.16469 4.34667 3.43946
      vertex 0.877906 4.41353 0
      vertex 1.07206 4.36826 3.46595
    endloop
  endfacet
  facet normal 0.227075 0.973877 0
    outer loop
      vertex 1.07206 4.36826 3.46595
      vertex 0.877906 4.41353 0
      vertex 0.877906 4.41353 3.72287
    endloop
  endfacet
  facet normal 0.22708 0.973876 4.4092e-06
    outer loop
      vertex 1.07206 4.36826 23.4659
      vertex 0.877906 4.41353 23.7229
      vertex 1.06944 4.36887 23.6667
    endloop
  endfacet
  facet normal 0.227075 0.973877 0
    outer loop
      vertex 1.07206 4.36826 23.4659
      vertex 0.877906 4.41353 4.97733
      vertex 0.877906 4.41353 23.7229
    endloop
  endfacet
  facet normal 0.226994 0.973896 8.93113e-07
    outer loop
      vertex 1.16469 4.34667 23.4395
      vertex 0.877906 4.41353 4.97733
      vertex 1.07206 4.36826 23.4659
    endloop
  endfacet
  facet normal 0.227048 0.973883 0
    outer loop
      vertex 0.877906 4.41353 4.97733
      vertex 1.16469 4.34667 23.4395
      vertex 1.16469 4.34667 4.89387
    endloop
  endfacet
  facet normal 0.22708 0.973876 4.4092e-06
    outer loop
      vertex 1.07206 4.36826 43.4659
      vertex 0.877906 4.41353 43.7229
      vertex 1.06944 4.36887 43.6667
    endloop
  endfacet
  facet normal 0.227075 0.973877 0
    outer loop
      vertex 1.07206 4.36826 43.4659
      vertex 0.877906 4.41353 24.9773
      vertex 0.877906 4.41353 43.7229
    endloop
  endfacet
  facet normal 0.226994 0.973896 8.93112e-07
    outer loop
      vertex 1.16469 4.34667 43.4395
      vertex 0.877906 4.41353 24.9773
      vertex 1.07206 4.36826 43.4659
    endloop
  endfacet
  facet normal 0.227048 0.973883 0
    outer loop
      vertex 0.877906 4.41353 24.9773
      vertex 1.16469 4.34667 43.4395
      vertex 1.16469 4.34667 24.8939
    endloop
  endfacet
  facet normal 0.22708 0.973876 4.4092e-06
    outer loop
      vertex 1.07206 4.36826 63.4659
      vertex 0.877906 4.41353 63.7229
      vertex 1.06944 4.36887 63.6667
    endloop
  endfacet
  facet normal 0.227075 0.973877 0
    outer loop
      vertex 1.07206 4.36826 63.4659
      vertex 0.877906 4.41353 44.9773
      vertex 0.877906 4.41353 63.7229
    endloop
  endfacet
  facet normal 0.226994 0.973896 8.93112e-07
    outer loop
      vertex 1.16469 4.34667 63.4395
      vertex 0.877906 4.41353 44.9773
      vertex 1.07206 4.36826 63.4659
    endloop
  endfacet
  facet normal 0.227048 0.973883 0
    outer loop
      vertex 0.877906 4.41353 44.9773
      vertex 1.16469 4.34667 63.4395
      vertex 1.16469 4.34667 44.8939
    endloop
  endfacet
  facet normal 0.956931 -0.290316 0
    outer loop
      vertex 4.26118 -1.44648 18.356
      vertex 4.34667 -1.16469 0
      vertex 4.34667 -1.16469 18.4395
    endloop
  endfacet
  facet normal 0.956931 -0.290316 0
    outer loop
      vertex 4.34667 -1.16469 0
      vertex 4.26118 -1.44648 18.356
      vertex 4.26118 -1.44648 0
    endloop
  endfacet
  facet normal 0.956933 -0.290308 0
    outer loop
      vertex 4.34667 -1.16469 80
      vertex 4.31906 -1.2557 79.8674
      vertex 4.34667 -1.16469 79.8939
    endloop
  endfacet
  facet normal 0.956931 -0.290316 5.71106e-06
    outer loop
      vertex 4.26118 -1.44648 80
      vertex 4.31906 -1.2557 79.8674
      vertex 4.34667 -1.16469 80
    endloop
  endfacet
  facet normal 0.95693 -0.290319 0
    outer loop
      vertex 4.26118 -1.44648 79.6105
      vertex 4.31906 -1.2557 79.8674
      vertex 4.26118 -1.44648 80
    endloop
  endfacet
  facet normal 0.956943 -0.290276 -3.52444e-05
    outer loop
      vertex 4.31906 -1.2557 79.8674
      vertex 4.26118 -1.44648 79.6105
      vertex 4.31827 -1.25828 79.6667
    endloop
  endfacet
  facet normal 0.956931 -0.290316 0
    outer loop
      vertex 4.26118 -1.44648 38.356
      vertex 4.34667 -1.16469 19.8939
      vertex 4.34667 -1.16469 38.4395
    endloop
  endfacet
  facet normal 0.956933 -0.290308 1.26442e-07
    outer loop
      vertex 4.34667 -1.16469 19.8939
      vertex 4.26118 -1.44648 38.356
      vertex 4.31906 -1.2557 19.8674
    endloop
  endfacet
  facet normal 0.95693 -0.290319 0
    outer loop
      vertex 4.26118 -1.44648 19.6105
      vertex 4.31906 -1.2557 19.8674
      vertex 4.26118 -1.44648 38.356
    endloop
  endfacet
  facet normal 0.956943 -0.290276 -3.52444e-05
    outer loop
      vertex 4.31906 -1.2557 19.8674
      vertex 4.26118 -1.44648 19.6105
      vertex 4.31827 -1.25828 19.6667
    endloop
  endfacet
  facet normal 0.956931 -0.290316 0
    outer loop
      vertex 4.26118 -1.44648 58.356
      vertex 4.34667 -1.16469 39.8939
      vertex 4.34667 -1.16469 58.4395
    endloop
  endfacet
  facet normal 0.956933 -0.290308 1.26442e-07
    outer loop
      vertex 4.34667 -1.16469 39.8939
      vertex 4.26118 -1.44648 58.356
      vertex 4.31906 -1.2557 39.8674
    endloop
  endfacet
  facet normal 0.95693 -0.290319 0
    outer loop
      vertex 4.26118 -1.44648 39.6105
      vertex 4.31906 -1.2557 39.8674
      vertex 4.26118 -1.44648 58.356
    endloop
  endfacet
  facet normal 0.956943 -0.290276 -3.52444e-05
    outer loop
      vertex 4.31906 -1.2557 39.8674
      vertex 4.26118 -1.44648 39.6105
      vertex 4.31827 -1.25828 39.6667
    endloop
  endfacet
  facet normal 0.956931 -0.290316 0
    outer loop
      vertex 4.26118 -1.44648 78.356
      vertex 4.34667 -1.16469 59.8939
      vertex 4.34667 -1.16469 78.4395
    endloop
  endfacet
  facet normal 0.956933 -0.290308 1.26442e-07
    outer loop
      vertex 4.34667 -1.16469 59.8939
      vertex 4.26118 -1.44648 78.356
      vertex 4.31906 -1.2557 59.8674
    endloop
  endfacet
  facet normal 0.95693 -0.290319 0
    outer loop
      vertex 4.26118 -1.44648 59.6105
      vertex 4.31906 -1.2557 59.8674
      vertex 4.26118 -1.44648 78.356
    endloop
  endfacet
  facet normal 0.956943 -0.290276 -3.52444e-05
    outer loop
      vertex 4.31906 -1.2557 59.8674
      vertex 4.26118 -1.44648 59.6105
      vertex 4.31827 -1.25828 59.6667
    endloop
  endfacet
  facet normal -0.729855 -0.683602 0
    outer loop
      vertex -3.18198 -3.18198 0
      vertex -3.38328 -2.96706 11.6893
      vertex -3.38328 -2.96706 0
    endloop
  endfacet
  facet normal -0.729855 -0.683602 0
    outer loop
      vertex -3.38328 -2.96706 11.6893
      vertex -3.18198 -3.18198 0
      vertex -3.18198 -3.18198 11.7728
    endloop
  endfacet
  facet normal -0.729867 -0.683589 1.55443e-05
    outer loop
      vertex -3.247 -3.11256 73.2007
      vertex -3.38328 -2.96706 72.9438
      vertex -3.24884 -3.1106 73
    endloop
  endfacet
  facet normal -0.729853 -0.683604 0
    outer loop
      vertex -3.38328 -2.96706 72.9438
      vertex -3.247 -3.11256 73.2007
      vertex -3.38328 -2.96706 80
    endloop
  endfacet
  facet normal -0.729858 -0.683598 -2.26383e-07
    outer loop
      vertex -3.18198 -3.18198 73.2272
      vertex -3.38328 -2.96706 80
      vertex -3.247 -3.11256 73.2007
    endloop
  endfacet
  facet normal -0.729855 -0.683602 0
    outer loop
      vertex -3.38328 -2.96706 80
      vertex -3.18198 -3.18198 73.2272
      vertex -3.18198 -3.18198 80
    endloop
  endfacet
  facet normal -0.729867 -0.683589 1.55443e-05
    outer loop
      vertex -3.247 -3.11256 13.2007
      vertex -3.38328 -2.96706 12.9438
      vertex -3.24884 -3.1106 13
    endloop
  endfacet
  facet normal -0.729853 -0.683604 0
    outer loop
      vertex -3.38328 -2.96706 12.9438
      vertex -3.247 -3.11256 13.2007
      vertex -3.38328 -2.96706 31.6893
    endloop
  endfacet
  facet normal -0.729858 -0.683598 -8.36823e-08
    outer loop
      vertex -3.18198 -3.18198 13.2272
      vertex -3.38328 -2.96706 31.6893
      vertex -3.247 -3.11256 13.2007
    endloop
  endfacet
  facet normal -0.729855 -0.683602 0
    outer loop
      vertex -3.38328 -2.96706 31.6893
      vertex -3.18198 -3.18198 13.2272
      vertex -3.18198 -3.18198 31.7728
    endloop
  endfacet
  facet normal -0.729867 -0.683589 1.55443e-05
    outer loop
      vertex -3.247 -3.11256 33.2007
      vertex -3.38328 -2.96706 32.9438
      vertex -3.24884 -3.1106 33
    endloop
  endfacet
  facet normal -0.729853 -0.683604 0
    outer loop
      vertex -3.38328 -2.96706 32.9438
      vertex -3.247 -3.11256 33.2007
      vertex -3.38328 -2.96706 51.6893
    endloop
  endfacet
  facet normal -0.729858 -0.683598 -8.36823e-08
    outer loop
      vertex -3.18198 -3.18198 33.2272
      vertex -3.38328 -2.96706 51.6893
      vertex -3.247 -3.11256 33.2007
    endloop
  endfacet
  facet normal -0.729855 -0.683602 0
    outer loop
      vertex -3.38328 -2.96706 51.6893
      vertex -3.18198 -3.18198 33.2272
      vertex -3.18198 -3.18198 51.7728
    endloop
  endfacet
  facet normal -0.729867 -0.683589 1.55443e-05
    outer loop
      vertex -3.247 -3.11256 53.2007
      vertex -3.38328 -2.96706 52.9438
      vertex -3.24884 -3.1106 53
    endloop
  endfacet
  facet normal -0.729853 -0.683604 0
    outer loop
      vertex -3.38328 -2.96706 52.9438
      vertex -3.247 -3.11256 53.2007
      vertex -3.38328 -2.96706 71.6893
    endloop
  endfacet
  facet normal -0.729858 -0.683598 -8.36823e-08
    outer loop
      vertex -3.18198 -3.18198 53.2272
      vertex -3.38328 -2.96706 71.6893
      vertex -3.247 -3.11256 53.2007
    endloop
  endfacet
  facet normal -0.729855 -0.683602 0
    outer loop
      vertex -3.38328 -2.96706 71.6893
      vertex -3.18198 -3.18198 53.2272
      vertex -3.18198 -3.18198 71.7728
    endloop
  endfacet
  facet normal -0.290316 -0.956931 0
    outer loop
      vertex -1.16469 -4.34667 0
      vertex -1.44648 -4.26118 13.356
      vertex -1.44648 -4.26118 0
    endloop
  endfacet
  facet normal -0.290316 -0.956931 0
    outer loop
      vertex -1.44648 -4.26118 13.356
      vertex -1.16469 -4.34667 0
      vertex -1.16469 -4.34667 13.4395
    endloop
  endfacet
  facet normal -0.290316 -0.956931 0
    outer loop
      vertex -1.44648 -4.26118 80
      vertex -1.16469 -4.34667 74.8939
      vertex -1.16469 -4.34667 80
    endloop
  endfacet
  facet normal -0.290308 -0.956933 4.51944e-07
    outer loop
      vertex -1.44648 -4.26118 80
      vertex -1.2557 -4.31906 74.8674
      vertex -1.16469 -4.34667 74.8939
    endloop
  endfacet
  facet normal -0.290319 -0.95693 0
    outer loop
      vertex -1.44648 -4.26118 74.6105
      vertex -1.2557 -4.31906 74.8674
      vertex -1.44648 -4.26118 80
    endloop
  endfacet
  facet normal -0.290276 -0.956943 -3.52444e-05
    outer loop
      vertex -1.2557 -4.31906 74.8674
      vertex -1.44648 -4.26118 74.6105
      vertex -1.25828 -4.31827 74.6667
    endloop
  endfacet
  facet normal -0.290316 -0.956931 0
    outer loop
      vertex -1.44648 -4.26118 33.356
      vertex -1.16469 -4.34667 14.8939
      vertex -1.16469 -4.34667 33.4395
    endloop
  endfacet
  facet normal -0.290308 -0.956933 1.26442e-07
    outer loop
      vertex -1.44648 -4.26118 33.356
      vertex -1.2557 -4.31906 14.8674
      vertex -1.16469 -4.34667 14.8939
    endloop
  endfacet
  facet normal -0.290319 -0.95693 0
    outer loop
      vertex -1.44648 -4.26118 14.6105
      vertex -1.2557 -4.31906 14.8674
      vertex -1.44648 -4.26118 33.356
    endloop
  endfacet
  facet normal -0.290276 -0.956943 -3.52444e-05
    outer loop
      vertex -1.2557 -4.31906 14.8674
      vertex -1.44648 -4.26118 14.6105
      vertex -1.25828 -4.31827 14.6667
    endloop
  endfacet
  facet normal -0.290316 -0.956931 0
    outer loop
      vertex -1.44648 -4.26118 53.356
      vertex -1.16469 -4.34667 34.8939
      vertex -1.16469 -4.34667 53.4395
    endloop
  endfacet
  facet normal -0.290308 -0.956933 1.26442e-07
    outer loop
      vertex -1.44648 -4.26118 53.356
      vertex -1.2557 -4.31906 34.8674
      vertex -1.16469 -4.34667 34.8939
    endloop
  endfacet
  facet normal -0.290319 -0.95693 0
    outer loop
      vertex -1.44648 -4.26118 34.6105
      vertex -1.2557 -4.31906 34.8674
      vertex -1.44648 -4.26118 53.356
    endloop
  endfacet
  facet normal -0.290276 -0.956943 -3.52444e-05
    outer loop
      vertex -1.2557 -4.31906 34.8674
      vertex -1.44648 -4.26118 34.6105
      vertex -1.25828 -4.31827 34.6667
    endloop
  endfacet
  facet normal -0.290316 -0.956931 0
    outer loop
      vertex -1.44648 -4.26118 73.356
      vertex -1.16469 -4.34667 54.8939
      vertex -1.16469 -4.34667 73.4395
    endloop
  endfacet
  facet normal -0.290308 -0.956933 1.26442e-07
    outer loop
      vertex -1.44648 -4.26118 73.356
      vertex -1.2557 -4.31906 54.8674
      vertex -1.16469 -4.34667 54.8939
    endloop
  endfacet
  facet normal -0.290319 -0.95693 0
    outer loop
      vertex -1.44648 -4.26118 54.6105
      vertex -1.2557 -4.31906 54.8674
      vertex -1.44648 -4.26118 73.356
    endloop
  endfacet
  facet normal -0.290276 -0.956943 -3.52444e-05
    outer loop
      vertex -1.2557 -4.31906 54.8674
      vertex -1.44648 -4.26118 54.6105
      vertex -1.25828 -4.31827 54.6667
    endloop
  endfacet
  facet normal 0.0980397 0.995183 0
    outer loop
      vertex 0.294313 4.49037 0
      vertex 0.587367 4.4615 4.00584
      vertex 0.587367 4.4615 0
    endloop
  endfacet
  facet normal 0.0980397 0.995183 0
    outer loop
      vertex 0.587367 4.4615 4.00584
      vertex 0.294313 4.49037 0
      vertex 0.294313 4.49037 4.08954
    endloop
  endfacet
  facet normal 0.0980397 0.995183 0
    outer loop
      vertex 0.587367 4.4615 80
      vertex 0.294313 4.49037 65.544
      vertex 0.294313 4.49037 80
    endloop
  endfacet
  facet normal 0.0982521 0.995162 -4.3478e-06
    outer loop
      vertex 0.587367 4.4615 80
      vertex 0.330168 4.48683 65.534
      vertex 0.294313 4.49037 65.544
    endloop
  endfacet
  facet normal 0.0980099 0.995185 -0
    outer loop
      vertex 0.587367 4.4615 65.2604
      vertex 0.330168 4.48683 65.534
      vertex 0.587367 4.4615 80
    endloop
  endfacet
  facet normal 0.0980313 0.995183 2.03e-05
    outer loop
      vertex 0.330168 4.48683 65.534
      vertex 0.587367 4.4615 65.2604
      vertex 0.332849 4.48657 65.3333
    endloop
  endfacet
  facet normal 0.0980397 0.995183 0
    outer loop
      vertex 0.587367 4.4615 24.0058
      vertex 0.294313 4.49037 5.54401
      vertex 0.294313 4.49037 24.0895
    endloop
  endfacet
  facet normal 0.0982523 0.995162 -3.4086e-06
    outer loop
      vertex 0.587367 4.4615 24.0058
      vertex 0.330168 4.48683 5.53402
      vertex 0.294313 4.49037 5.54401
    endloop
  endfacet
  facet normal 0.0980099 0.995185 -0
    outer loop
      vertex 0.587367 4.4615 5.26043
      vertex 0.330168 4.48683 5.53402
      vertex 0.587367 4.4615 24.0058
    endloop
  endfacet
  facet normal 0.0980313 0.995183 2.0301e-05
    outer loop
      vertex 0.330168 4.48683 5.53402
      vertex 0.587367 4.4615 5.26043
      vertex 0.332849 4.48657 5.33333
    endloop
  endfacet
  facet normal 0.0980397 0.995183 0
    outer loop
      vertex 0.587367 4.4615 44.0058
      vertex 0.294313 4.49037 25.544
      vertex 0.294313 4.49037 44.0895
    endloop
  endfacet
  facet normal 0.0982523 0.995162 -3.40858e-06
    outer loop
      vertex 0.587367 4.4615 44.0058
      vertex 0.330168 4.48683 25.534
      vertex 0.294313 4.49037 25.544
    endloop
  endfacet
  facet normal 0.0980099 0.995185 -0
    outer loop
      vertex 0.587367 4.4615 25.2604
      vertex 0.330168 4.48683 25.534
      vertex 0.587367 4.4615 44.0058
    endloop
  endfacet
  facet normal 0.0980313 0.995183 2.03e-05
    outer loop
      vertex 0.330168 4.48683 25.534
      vertex 0.587367 4.4615 25.2604
      vertex 0.332849 4.48657 25.3333
    endloop
  endfacet
  facet normal 0.0980397 0.995183 0
    outer loop
      vertex 0.587367 4.4615 64.0058
      vertex 0.294313 4.49037 45.544
      vertex 0.294313 4.49037 64.0895
    endloop
  endfacet
  facet normal 0.0982523 0.995162 -3.40858e-06
    outer loop
      vertex 0.587367 4.4615 64.0058
      vertex 0.330168 4.48683 45.534
      vertex 0.294313 4.49037 45.544
    endloop
  endfacet
  facet normal 0.0980099 0.995185 -0
    outer loop
      vertex 0.587367 4.4615 45.2604
      vertex 0.330168 4.48683 45.534
      vertex 0.587367 4.4615 64.0058
    endloop
  endfacet
  facet normal 0.0980313 0.995183 2.03e-05
    outer loop
      vertex 0.330168 4.48683 45.534
      vertex 0.587367 4.4615 45.2604
      vertex 0.332849 4.48657 45.3333
    endloop
  endfacet
  facet normal -0.582472 0.812851 2.79688e-06
    outer loop
      vertex -2.52935 3.72063 6.13265
      vertex -2.73943 3.57009 6.40623
      vertex -2.53154 3.71906 6.33333
    endloop
  endfacet
  facet normal -0.582471 0.812851 0
    outer loop
      vertex -2.73943 3.57009 0
      vertex -2.50007 3.74161 6.12266
      vertex -2.50007 3.74161 0
    endloop
  endfacet
  facet normal -0.582446 0.812869 -1.48915e-06
    outer loop
      vertex -2.50007 3.74161 6.12266
      vertex -2.73943 3.57009 0
      vertex -2.52935 3.72063 6.13265
    endloop
  endfacet
  facet normal -0.582475 0.812849 0
    outer loop
      vertex -2.52935 3.72063 6.13265
      vertex -2.73943 3.57009 0
      vertex -2.73943 3.57009 6.40623
    endloop
  endfacet
  facet normal -0.582471 0.812851 0
    outer loop
      vertex -2.50007 3.74161 80
      vertex -2.73943 3.57009 67.6608
      vertex -2.73943 3.57009 80
    endloop
  endfacet
  facet normal -0.582471 0.812851 0
    outer loop
      vertex -2.73943 3.57009 67.6608
      vertex -2.50007 3.74161 80
      vertex -2.50007 3.74161 67.5771
    endloop
  endfacet
  facet normal -0.582472 0.812851 2.7966e-06
    outer loop
      vertex -2.52935 3.72063 26.1326
      vertex -2.73943 3.57009 26.4062
      vertex -2.53154 3.71906 26.3333
    endloop
  endfacet
  facet normal -0.582475 0.812849 0
    outer loop
      vertex -2.52935 3.72063 26.1326
      vertex -2.73943 3.57009 7.66083
      vertex -2.73943 3.57009 26.4062
    endloop
  endfacet
  facet normal -0.582446 0.81287 -4.98262e-07
    outer loop
      vertex -2.50007 3.74161 26.1227
      vertex -2.73943 3.57009 7.66083
      vertex -2.52935 3.72063 26.1326
    endloop
  endfacet
  facet normal -0.582471 0.812851 0
    outer loop
      vertex -2.73943 3.57009 7.66083
      vertex -2.50007 3.74161 26.1227
      vertex -2.50007 3.74161 7.57713
    endloop
  endfacet
  facet normal -0.582472 0.812851 2.7966e-06
    outer loop
      vertex -2.52935 3.72063 46.1326
      vertex -2.73943 3.57009 46.4062
      vertex -2.53154 3.71906 46.3333
    endloop
  endfacet
  facet normal -0.582475 0.812849 0
    outer loop
      vertex -2.52935 3.72063 46.1326
      vertex -2.73943 3.57009 27.6608
      vertex -2.73943 3.57009 46.4062
    endloop
  endfacet
  facet normal -0.582446 0.81287 -4.98261e-07
    outer loop
      vertex -2.50007 3.74161 46.1227
      vertex -2.73943 3.57009 27.6608
      vertex -2.52935 3.72063 46.1326
    endloop
  endfacet
  facet normal -0.582471 0.812851 0
    outer loop
      vertex -2.73943 3.57009 27.6608
      vertex -2.50007 3.74161 46.1227
      vertex -2.50007 3.74161 27.5771
    endloop
  endfacet
  facet normal -0.582472 0.812851 2.7966e-06
    outer loop
      vertex -2.52935 3.72063 66.1326
      vertex -2.73943 3.57009 66.4062
      vertex -2.53154 3.71906 66.3333
    endloop
  endfacet
  facet normal -0.582475 0.812849 0
    outer loop
      vertex -2.52935 3.72063 66.1326
      vertex -2.73943 3.57009 47.6608
      vertex -2.73943 3.57009 66.4062
    endloop
  endfacet
  facet normal -0.582446 0.81287 -4.98261e-07
    outer loop
      vertex -2.50007 3.74161 66.1227
      vertex -2.73943 3.57009 47.6608
      vertex -2.52935 3.72063 66.1326
    endloop
  endfacet
  facet normal -0.582471 0.812851 0
    outer loop
      vertex -2.73943 3.57009 47.6608
      vertex -2.50007 3.74161 66.1227
      vertex -2.50007 3.74161 47.5771
    endloop
  endfacet
  facet normal -0.471416 -0.881911 0
    outer loop
      vertex -1.9903 -4.03593 0
      vertex -2.25 -3.89711 12.7061
      vertex -2.25 -3.89711 0
    endloop
  endfacet
  facet normal -0.471416 -0.881911 0
    outer loop
      vertex -2.25 -3.89711 12.7061
      vertex -1.9903 -4.03593 0
      vertex -1.9903 -4.03593 12.7893
    endloop
  endfacet
  facet normal -0.471416 -0.881911 0
    outer loop
      vertex -2.25 -3.89711 80
      vertex -1.9903 -4.03593 74.2438
      vertex -1.9903 -4.03593 80
    endloop
  endfacet
  facet normal -0.47143 -0.881903 -7.97209e-07
    outer loop
      vertex -2.25 -3.89711 80
      vertex -2.12615 -3.96331 74.2007
      vertex -1.9903 -4.03593 74.2438
    endloop
  endfacet
  facet normal -0.471401 -0.881919 0
    outer loop
      vertex -2.25 -3.89711 73.9605
      vertex -2.12615 -3.96331 74.2007
      vertex -2.25 -3.89711 80
    endloop
  endfacet
  facet normal -0.471447 -0.881894 3.061e-05
    outer loop
      vertex -2.12615 -3.96331 74.2007
      vertex -2.25 -3.89711 73.9605
      vertex -2.12852 -3.96205 74
    endloop
  endfacet
  facet normal -0.471416 -0.881911 0
    outer loop
      vertex -2.25 -3.89711 32.7061
      vertex -1.9903 -4.03593 14.2438
      vertex -1.9903 -4.03593 32.7893
    endloop
  endfacet
  facet normal -0.47143 -0.881903 -2.50993e-07
    outer loop
      vertex -2.25 -3.89711 32.7061
      vertex -2.12615 -3.96331 14.2007
      vertex -1.9903 -4.03593 14.2438
    endloop
  endfacet
  facet normal -0.471401 -0.881919 0
    outer loop
      vertex -2.25 -3.89711 13.9605
      vertex -2.12615 -3.96331 14.2007
      vertex -2.25 -3.89711 32.7061
    endloop
  endfacet
  facet normal -0.471447 -0.881894 3.061e-05
    outer loop
      vertex -2.12615 -3.96331 14.2007
      vertex -2.25 -3.89711 13.9605
      vertex -2.12852 -3.96205 14
    endloop
  endfacet
  facet normal -0.471416 -0.881911 0
    outer loop
      vertex -2.25 -3.89711 52.7061
      vertex -1.9903 -4.03593 34.2438
      vertex -1.9903 -4.03593 52.7893
    endloop
  endfacet
  facet normal -0.47143 -0.881903 -2.50993e-07
    outer loop
      vertex -2.25 -3.89711 52.7061
      vertex -2.12615 -3.96331 34.2007
      vertex -1.9903 -4.03593 34.2438
    endloop
  endfacet
  facet normal -0.471401 -0.881919 0
    outer loop
      vertex -2.25 -3.89711 33.9605
      vertex -2.12615 -3.96331 34.2007
      vertex -2.25 -3.89711 52.7061
    endloop
  endfacet
  facet normal -0.471447 -0.881894 3.061e-05
    outer loop
      vertex -2.12615 -3.96331 34.2007
      vertex -2.25 -3.89711 33.9605
      vertex -2.12852 -3.96205 34
    endloop
  endfacet
  facet normal -0.471416 -0.881911 0
    outer loop
      vertex -2.25 -3.89711 72.7061
      vertex -1.9903 -4.03593 54.2438
      vertex -1.9903 -4.03593 72.7893
    endloop
  endfacet
  facet normal -0.47143 -0.881903 -2.50993e-07
    outer loop
      vertex -2.25 -3.89711 72.7061
      vertex -2.12615 -3.96331 54.2007
      vertex -1.9903 -4.03593 54.2438
    endloop
  endfacet
  facet normal -0.471401 -0.881919 0
    outer loop
      vertex -2.25 -3.89711 53.9605
      vertex -2.12615 -3.96331 54.2007
      vertex -2.25 -3.89711 72.7061
    endloop
  endfacet
  facet normal -0.471447 -0.881894 3.061e-05
    outer loop
      vertex -2.12615 -3.96331 54.2007
      vertex -2.25 -3.89711 53.9605
      vertex -2.12852 -3.96205 54
    endloop
  endfacet
  facet normal -0.412697 0.910868 0
    outer loop
      vertex -1.72207 4.15746 80
      vertex -1.9903 4.03593 67.2107
      vertex -1.9903 4.03593 80
    endloop
  endfacet
  facet normal -0.412694 0.91087 -7.43915e-08
    outer loop
      vertex -1.72207 4.15746 80
      vertex -1.95748 4.0508 67.2007
      vertex -1.9903 4.03593 67.2107
    endloop
  endfacet
  facet normal -0.412698 0.910868 0
    outer loop
      vertex -1.72207 4.15746 66.9271
      vertex -1.95748 4.0508 67.2007
      vertex -1.72207 4.15746 80
    endloop
  endfacet
  facet normal -0.412698 0.910868 -2.32721e-07
    outer loop
      vertex -1.95748 4.0508 67.2007
      vertex -1.72207 4.15746 66.9271
      vertex -1.95503 4.05191 67
    endloop
  endfacet
  facet normal -0.412697 0.910868 0
    outer loop
      vertex -1.9903 4.03593 0
      vertex -1.72207 4.15746 5.6725
      vertex -1.72207 4.15746 0
    endloop
  endfacet
  facet normal -0.412697 0.910868 0
    outer loop
      vertex -1.72207 4.15746 5.6725
      vertex -1.9903 4.03593 0
      vertex -1.9903 4.03593 5.75621
    endloop
  endfacet
  facet normal -0.412697 0.910868 0
    outer loop
      vertex -1.72207 4.15746 25.6725
      vertex -1.9903 4.03593 7.21068
      vertex -1.9903 4.03593 25.7562
    endloop
  endfacet
  facet normal -0.412694 0.91087 -5.1635e-08
    outer loop
      vertex -1.72207 4.15746 25.6725
      vertex -1.95748 4.0508 7.20068
      vertex -1.9903 4.03593 7.21068
    endloop
  endfacet
  facet normal -0.412698 0.910868 0
    outer loop
      vertex -1.72207 4.15746 6.9271
      vertex -1.95748 4.0508 7.20068
      vertex -1.72207 4.15746 25.6725
    endloop
  endfacet
  facet normal -0.412698 0.910868 -2.32744e-07
    outer loop
      vertex -1.95748 4.0508 7.20068
      vertex -1.72207 4.15746 6.9271
      vertex -1.95503 4.05191 7
    endloop
  endfacet
  facet normal -0.412697 0.910868 0
    outer loop
      vertex -1.72207 4.15746 45.6725
      vertex -1.9903 4.03593 27.2107
      vertex -1.9903 4.03593 45.7562
    endloop
  endfacet
  facet normal -0.412694 0.91087 -5.1635e-08
    outer loop
      vertex -1.72207 4.15746 45.6725
      vertex -1.95748 4.0508 27.2007
      vertex -1.9903 4.03593 27.2107
    endloop
  endfacet
  facet normal -0.412698 0.910868 0
    outer loop
      vertex -1.72207 4.15746 26.9271
      vertex -1.95748 4.0508 27.2007
      vertex -1.72207 4.15746 45.6725
    endloop
  endfacet
  facet normal -0.412698 0.910868 -2.32721e-07
    outer loop
      vertex -1.95748 4.0508 27.2007
      vertex -1.72207 4.15746 26.9271
      vertex -1.95503 4.05191 27
    endloop
  endfacet
  facet normal -0.412697 0.910868 0
    outer loop
      vertex -1.72207 4.15746 65.6725
      vertex -1.9903 4.03593 47.2107
      vertex -1.9903 4.03593 65.7562
    endloop
  endfacet
  facet normal -0.412694 0.91087 -5.1635e-08
    outer loop
      vertex -1.72207 4.15746 65.6725
      vertex -1.95748 4.0508 47.2007
      vertex -1.9903 4.03593 47.2107
    endloop
  endfacet
  facet normal -0.412698 0.910868 0
    outer loop
      vertex -1.72207 4.15746 46.9271
      vertex -1.95748 4.0508 47.2007
      vertex -1.72207 4.15746 65.6725
    endloop
  endfacet
  facet normal -0.412698 0.910868 -2.32721e-07
    outer loop
      vertex -1.95748 4.0508 47.2007
      vertex -1.72207 4.15746 46.9271
      vertex -1.95503 4.05191 47
    endloop
  endfacet
  facet normal -0.0980313 0.995183 -2.0301e-05
    outer loop
      vertex -0.330168 4.48683 4.46598
      vertex -0.587367 4.4615 4.73957
      vertex -0.332849 4.48657 4.66667
    endloop
  endfacet
  facet normal -0.0980397 0.995183 0
    outer loop
      vertex -0.587367 4.4615 0
      vertex -0.294313 4.49037 4.45599
      vertex -0.294313 4.49037 0
    endloop
  endfacet
  facet normal -0.0982494 0.995162 1.39295e-05
    outer loop
      vertex -0.294313 4.49037 4.45599
      vertex -0.587367 4.4615 0
      vertex -0.330168 4.48683 4.46598
    endloop
  endfacet
  facet normal -0.0980099 0.995185 0
    outer loop
      vertex -0.330168 4.48683 4.46598
      vertex -0.587367 4.4615 0
      vertex -0.587367 4.4615 4.73957
    endloop
  endfacet
  facet normal -0.0980397 0.995183 0
    outer loop
      vertex -0.294313 4.49037 80
      vertex -0.587367 4.4615 65.9942
      vertex -0.587367 4.4615 80
    endloop
  endfacet
  facet normal -0.0980397 0.995183 0
    outer loop
      vertex -0.587367 4.4615 65.9942
      vertex -0.294313 4.49037 80
      vertex -0.294313 4.49037 65.9105
    endloop
  endfacet
  facet normal -0.0980313 0.995183 -2.03e-05
    outer loop
      vertex -0.330168 4.48683 24.466
      vertex -0.587367 4.4615 24.7396
      vertex -0.332849 4.48657 24.6667
    endloop
  endfacet
  facet normal -0.0980099 0.995185 0
    outer loop
      vertex -0.330168 4.48683 24.466
      vertex -0.587367 4.4615 5.99416
      vertex -0.587367 4.4615 24.7396
    endloop
  endfacet
  facet normal -0.0982523 0.995162 3.40857e-06
    outer loop
      vertex -0.294313 4.49037 24.456
      vertex -0.587367 4.4615 5.99416
      vertex -0.330168 4.48683 24.466
    endloop
  endfacet
  facet normal -0.0980397 0.995183 0
    outer loop
      vertex -0.587367 4.4615 5.99416
      vertex -0.294313 4.49037 24.456
      vertex -0.294313 4.49037 5.91046
    endloop
  endfacet
  facet normal -0.0980313 0.995183 -2.03e-05
    outer loop
      vertex -0.330168 4.48683 44.466
      vertex -0.587367 4.4615 44.7396
      vertex -0.332849 4.48657 44.6667
    endloop
  endfacet
  facet normal -0.0980099 0.995185 0
    outer loop
      vertex -0.330168 4.48683 44.466
      vertex -0.587367 4.4615 25.9942
      vertex -0.587367 4.4615 44.7396
    endloop
  endfacet
  facet normal -0.0982523 0.995162 3.40858e-06
    outer loop
      vertex -0.294313 4.49037 44.456
      vertex -0.587367 4.4615 25.9942
      vertex -0.330168 4.48683 44.466
    endloop
  endfacet
  facet normal -0.0980397 0.995183 0
    outer loop
      vertex -0.587367 4.4615 25.9942
      vertex -0.294313 4.49037 44.456
      vertex -0.294313 4.49037 25.9105
    endloop
  endfacet
  facet normal -0.0980313 0.995183 -2.03e-05
    outer loop
      vertex -0.330168 4.48683 64.466
      vertex -0.587367 4.4615 64.7396
      vertex -0.332849 4.48657 64.6667
    endloop
  endfacet
  facet normal -0.0980099 0.995185 0
    outer loop
      vertex -0.330168 4.48683 64.466
      vertex -0.587367 4.4615 45.9942
      vertex -0.587367 4.4615 64.7396
    endloop
  endfacet
  facet normal -0.0982523 0.995162 3.40858e-06
    outer loop
      vertex -0.294313 4.49037 64.456
      vertex -0.587367 4.4615 45.9942
      vertex -0.330168 4.48683 64.466
    endloop
  endfacet
  facet normal -0.0980397 0.995183 0
    outer loop
      vertex -0.587367 4.4615 45.9942
      vertex -0.294313 4.49037 64.456
      vertex -0.294313 4.49037 45.9105
    endloop
  endfacet
  facet normal 0.634391 0.773012 0
    outer loop
      vertex 2.96706 3.38328 80
      vertex 2.73943 3.57009 63.5938
      vertex 2.73943 3.57009 80
    endloop
  endfacet
  facet normal 0.634399 0.773006 -1.77069e-07
    outer loop
      vertex 2.96706 3.38328 80
      vertex 2.90395 3.43507 63.534
      vertex 2.73943 3.57009 63.5938
    endloop
  endfacet
  facet normal 0.634371 0.773029 -0
    outer loop
      vertex 2.96706 3.38328 63.3107
      vertex 2.90395 3.43507 63.534
      vertex 2.96706 3.38328 80
    endloop
  endfacet
  facet normal 0.63436 0.773038 -5.17514e-06
    outer loop
      vertex 2.90395 3.43507 63.534
      vertex 2.96706 3.38328 63.3107
      vertex 2.90602 3.43337 63.3333
    endloop
  endfacet
  facet normal 0.634437 0.772974 -3.54617e-05
    outer loop
      vertex 2.75717 3.55552 2.13266
      vertex 2.73943 3.57009 2.33917
      vertex 2.75511 3.55722 2.33333
    endloop
  endfacet
  facet normal 0.634391 0.773012 0
    outer loop
      vertex 2.73943 3.57009 0
      vertex 2.96706 3.38328 2.05621
      vertex 2.96706 3.38328 0
    endloop
  endfacet
  facet normal 0.634684 0.772772 0
    outer loop
      vertex 2.75717 3.55552 2.13266
      vertex 2.73943 3.57009 0
      vertex 2.73943 3.57009 2.33917
    endloop
  endfacet
  facet normal 0.634367 0.773032 4.40716e-06
    outer loop
      vertex 2.96706 3.38328 2.05621
      vertex 2.73943 3.57009 0
      vertex 2.75717 3.55552 2.13266
    endloop
  endfacet
  facet normal 0.634437 0.772975 -3.54755e-05
    outer loop
      vertex 2.75717 3.55552 22.1327
      vertex 2.73943 3.57009 22.3392
      vertex 2.75511 3.55722 22.3333
    endloop
  endfacet
  facet normal 0.634684 0.772772 0
    outer loop
      vertex 2.75717 3.55552 22.1327
      vertex 2.73943 3.57009 3.59377
      vertex 2.73943 3.57009 22.3392
    endloop
  endfacet
  facet normal 0.634366 0.773033 5.08345e-07
    outer loop
      vertex 2.96706 3.38328 22.0562
      vertex 2.73943 3.57009 3.59377
      vertex 2.75717 3.55552 22.1327
    endloop
  endfacet
  facet normal 0.634399 0.773006 -1.57437e-07
    outer loop
      vertex 2.96706 3.38328 22.0562
      vertex 2.90395 3.43507 3.53405
      vertex 2.73943 3.57009 3.59377
    endloop
  endfacet
  facet normal 0.634371 0.773029 -0
    outer loop
      vertex 2.96706 3.38328 3.31066
      vertex 2.90395 3.43507 3.53405
      vertex 2.96706 3.38328 22.0562
    endloop
  endfacet
  facet normal 0.63436 0.773038 -5.17469e-06
    outer loop
      vertex 2.90395 3.43507 3.53405
      vertex 2.96706 3.38328 3.31066
      vertex 2.90602 3.43337 3.33333
    endloop
  endfacet
  facet normal 0.634437 0.772975 -3.54755e-05
    outer loop
      vertex 2.75717 3.55552 42.1327
      vertex 2.73943 3.57009 42.3392
      vertex 2.75511 3.55722 42.3333
    endloop
  endfacet
  facet normal 0.634684 0.772772 0
    outer loop
      vertex 2.75717 3.55552 42.1327
      vertex 2.73943 3.57009 23.5938
      vertex 2.73943 3.57009 42.3392
    endloop
  endfacet
  facet normal 0.634366 0.773033 5.08346e-07
    outer loop
      vertex 2.96706 3.38328 42.0562
      vertex 2.73943 3.57009 23.5938
      vertex 2.75717 3.55552 42.1327
    endloop
  endfacet
  facet normal 0.634399 0.773006 -1.57436e-07
    outer loop
      vertex 2.96706 3.38328 42.0562
      vertex 2.90395 3.43507 23.534
      vertex 2.73943 3.57009 23.5938
    endloop
  endfacet
  facet normal 0.634371 0.773029 -0
    outer loop
      vertex 2.96706 3.38328 23.3107
      vertex 2.90395 3.43507 23.534
      vertex 2.96706 3.38328 42.0562
    endloop
  endfacet
  facet normal 0.63436 0.773038 -5.17514e-06
    outer loop
      vertex 2.90395 3.43507 23.534
      vertex 2.96706 3.38328 23.3107
      vertex 2.90602 3.43337 23.3333
    endloop
  endfacet
  facet normal 0.634437 0.772975 -3.54755e-05
    outer loop
      vertex 2.75717 3.55552 62.1327
      vertex 2.73943 3.57009 62.3392
      vertex 2.75511 3.55722 62.3333
    endloop
  endfacet
  facet normal 0.634684 0.772772 0
    outer loop
      vertex 2.75717 3.55552 62.1327
      vertex 2.73943 3.57009 43.5938
      vertex 2.73943 3.57009 62.3392
    endloop
  endfacet
  facet normal 0.634366 0.773033 5.08346e-07
    outer loop
      vertex 2.96706 3.38328 62.0562
      vertex 2.73943 3.57009 43.5938
      vertex 2.75717 3.55552 62.1327
    endloop
  endfacet
  facet normal 0.634399 0.773006 -1.57436e-07
    outer loop
      vertex 2.96706 3.38328 62.0562
      vertex 2.90395 3.43507 43.534
      vertex 2.73943 3.57009 43.5938
    endloop
  endfacet
  facet normal 0.634371 0.773029 -0
    outer loop
      vertex 2.96706 3.38328 43.3107
      vertex 2.90395 3.43507 43.534
      vertex 2.96706 3.38328 62.0562
    endloop
  endfacet
  facet normal 0.63436 0.773038 -5.17514e-06
    outer loop
      vertex 2.90395 3.43507 43.534
      vertex 2.96706 3.38328 43.3107
      vertex 2.90602 3.43337 43.3333
    endloop
  endfacet
  facet normal 0.0327521 0.999464 3.87892e-05
    outer loop
      vertex 0.140353 4.49541 4.13261
      vertex 0 4.5 4.3728
      vertex 0.137674 4.49549 4.33333
    endloop
  endfacet
  facet normal 0.0327028 0.999465 0
    outer loop
      vertex 0 4.5 0
      vertex 0.294313 4.49037 4.08954
      vertex 0.294313 4.49037 0
    endloop
  endfacet
  facet normal 0.0327179 0.999465 -1.09348e-06
    outer loop
      vertex 0.294313 4.49037 4.08954
      vertex 0 4.5 0
      vertex 0.140353 4.49541 4.13261
    endloop
  endfacet
  facet normal 0.0326858 0.999466 0
    outer loop
      vertex 0.140353 4.49541 4.13261
      vertex 0 4.5 0
      vertex 0 4.5 4.3728
    endloop
  endfacet
  facet normal 0.0327028 0.999465 0
    outer loop
      vertex 0.294313 4.49037 80
      vertex 0 4.5 65.6272
      vertex 0 4.5 80
    endloop
  endfacet
  facet normal 0.0327028 0.999465 0
    outer loop
      vertex 0 4.5 65.6272
      vertex 0.294313 4.49037 80
      vertex 0.294313 4.49037 65.544
    endloop
  endfacet
  facet normal 0.0327521 0.999464 3.87932e-05
    outer loop
      vertex 0.140353 4.49541 24.1326
      vertex 0 4.5 24.3728
      vertex 0.137674 4.49549 24.3333
    endloop
  endfacet
  facet normal 0.0326858 0.999466 0
    outer loop
      vertex 0.140353 4.49541 24.1326
      vertex 0 4.5 5.6272
      vertex 0 4.5 24.3728
    endloop
  endfacet
  facet normal 0.0327182 0.999465 -2.45993e-07
    outer loop
      vertex 0.294313 4.49037 24.0895
      vertex 0 4.5 5.6272
      vertex 0.140353 4.49541 24.1326
    endloop
  endfacet
  facet normal 0.0327028 0.999465 0
    outer loop
      vertex 0 4.5 5.6272
      vertex 0.294313 4.49037 24.0895
      vertex 0.294313 4.49037 5.54401
    endloop
  endfacet
  facet normal 0.0327521 0.999464 3.87932e-05
    outer loop
      vertex 0.140353 4.49541 44.1326
      vertex 0 4.5 44.3728
      vertex 0.137674 4.49549 44.3333
    endloop
  endfacet
  facet normal 0.0326858 0.999466 0
    outer loop
      vertex 0.140353 4.49541 44.1326
      vertex 0 4.5 25.6272
      vertex 0 4.5 44.3728
    endloop
  endfacet
  facet normal 0.0327182 0.999465 -2.45993e-07
    outer loop
      vertex 0.294313 4.49037 44.0895
      vertex 0 4.5 25.6272
      vertex 0.140353 4.49541 44.1326
    endloop
  endfacet
  facet normal 0.0327028 0.999465 0
    outer loop
      vertex 0 4.5 25.6272
      vertex 0.294313 4.49037 44.0895
      vertex 0.294313 4.49037 25.544
    endloop
  endfacet
  facet normal 0.0327521 0.999464 3.87932e-05
    outer loop
      vertex 0.140353 4.49541 64.1326
      vertex 0 4.5 64.3728
      vertex 0.137674 4.49549 64.3333
    endloop
  endfacet
  facet normal 0.0326858 0.999466 0
    outer loop
      vertex 0.140353 4.49541 64.1326
      vertex 0 4.5 45.6272
      vertex 0 4.5 64.3728
    endloop
  endfacet
  facet normal 0.0327182 0.999465 -2.45993e-07
    outer loop
      vertex 0.294313 4.49037 64.0895
      vertex 0 4.5 45.6272
      vertex 0.140353 4.49541 64.1326
    endloop
  endfacet
  facet normal 0.0327028 0.999465 0
    outer loop
      vertex 0 4.5 45.6272
      vertex 0.294313 4.49037 64.0895
      vertex 0.294313 4.49037 45.544
    endloop
  endfacet
  facet normal 0.471416 0.881911 0
    outer loop
      vertex 2.25 3.89711 80
      vertex 1.9903 4.03593 64.2438
      vertex 1.9903 4.03593 80
    endloop
  endfacet
  facet normal 0.47143 0.881903 -2.93876e-07
    outer loop
      vertex 2.25 3.89711 80
      vertex 2.12615 3.96331 64.2007
      vertex 1.9903 4.03593 64.2438
    endloop
  endfacet
  facet normal 0.471401 0.881919 -0
    outer loop
      vertex 2.25 3.89711 63.9605
      vertex 2.12615 3.96331 64.2007
      vertex 2.25 3.89711 80
    endloop
  endfacet
  facet normal 0.471447 0.881894 3.061e-05
    outer loop
      vertex 2.12615 3.96331 64.2007
      vertex 2.25 3.89711 63.9605
      vertex 2.12852 3.96205 64
    endloop
  endfacet
  facet normal 0.471416 0.881911 0
    outer loop
      vertex 1.9903 4.03593 0
      vertex 2.25 3.89711 2.70613
      vertex 2.25 3.89711 0
    endloop
  endfacet
  facet normal 0.471416 0.881911 0
    outer loop
      vertex 2.25 3.89711 2.70613
      vertex 1.9903 4.03593 0
      vertex 1.9903 4.03593 2.78932
    endloop
  endfacet
  facet normal 0.471416 0.881911 0
    outer loop
      vertex 2.25 3.89711 22.7061
      vertex 1.9903 4.03593 4.24379
      vertex 1.9903 4.03593 22.7893
    endloop
  endfacet
  facet normal 0.47143 0.881903 -2.50993e-07
    outer loop
      vertex 2.25 3.89711 22.7061
      vertex 2.12615 3.96331 4.20073
      vertex 1.9903 4.03593 4.24379
    endloop
  endfacet
  facet normal 0.471401 0.881919 -0
    outer loop
      vertex 2.25 3.89711 3.96054
      vertex 2.12615 3.96331 4.20073
      vertex 2.25 3.89711 22.7061
    endloop
  endfacet
  facet normal 0.471447 0.881894 3.06052e-05
    outer loop
      vertex 2.12615 3.96331 4.20073
      vertex 2.25 3.89711 3.96054
      vertex 2.12852 3.96205 4
    endloop
  endfacet
  facet normal 0.471416 0.881911 0
    outer loop
      vertex 2.25 3.89711 42.7061
      vertex 1.9903 4.03593 24.2438
      vertex 1.9903 4.03593 42.7893
    endloop
  endfacet
  facet normal 0.47143 0.881903 -2.50993e-07
    outer loop
      vertex 2.25 3.89711 42.7061
      vertex 2.12615 3.96331 24.2007
      vertex 1.9903 4.03593 24.2438
    endloop
  endfacet
  facet normal 0.471401 0.881919 -0
    outer loop
      vertex 2.25 3.89711 23.9605
      vertex 2.12615 3.96331 24.2007
      vertex 2.25 3.89711 42.7061
    endloop
  endfacet
  facet normal 0.471447 0.881894 3.061e-05
    outer loop
      vertex 2.12615 3.96331 24.2007
      vertex 2.25 3.89711 23.9605
      vertex 2.12852 3.96205 24
    endloop
  endfacet
  facet normal 0.471416 0.881911 0
    outer loop
      vertex 2.25 3.89711 62.7061
      vertex 1.9903 4.03593 44.2438
      vertex 1.9903 4.03593 62.7893
    endloop
  endfacet
  facet normal 0.47143 0.881903 -2.50993e-07
    outer loop
      vertex 2.25 3.89711 62.7061
      vertex 2.12615 3.96331 44.2007
      vertex 1.9903 4.03593 44.2438
    endloop
  endfacet
  facet normal 0.471401 0.881919 -0
    outer loop
      vertex 2.25 3.89711 43.9605
      vertex 2.12615 3.96331 44.2007
      vertex 2.25 3.89711 62.7061
    endloop
  endfacet
  facet normal 0.471447 0.881894 3.061e-05
    outer loop
      vertex 2.12615 3.96331 44.2007
      vertex 2.25 3.89711 43.9605
      vertex 2.12852 3.96205 44
    endloop
  endfacet
  facet normal -0.0327028 -0.999465 0
    outer loop
      vertex -0.294313 -4.49037 80
      vertex 0 -4.5 75.6272
      vertex 0 -4.5 80
    endloop
  endfacet
  facet normal -0.0327028 -0.999465 0
    outer loop
      vertex 0 -4.5 75.6272
      vertex -0.294313 -4.49037 80
      vertex -0.294313 -4.49037 75.544
    endloop
  endfacet
  facet normal -0.0327521 -0.999464 3.87932e-05
    outer loop
      vertex -0.140353 -4.49541 14.1326
      vertex 0 -4.5 14.3728
      vertex -0.137674 -4.49549 14.3333
    endloop
  endfacet
  facet normal -0.0327028 -0.999465 0
    outer loop
      vertex 0 -4.5 0
      vertex -0.294313 -4.49037 14.0895
      vertex -0.294313 -4.49037 0
    endloop
  endfacet
  facet normal -0.0327182 -0.999465 -3.21895e-07
    outer loop
      vertex -0.294313 -4.49037 14.0895
      vertex 0 -4.5 0
      vertex -0.140353 -4.49541 14.1326
    endloop
  endfacet
  facet normal -0.0326858 -0.999466 0
    outer loop
      vertex -0.140353 -4.49541 14.1326
      vertex 0 -4.5 0
      vertex 0 -4.5 14.3728
    endloop
  endfacet
  facet normal -0.0327521 -0.999464 3.87932e-05
    outer loop
      vertex -0.140353 -4.49541 34.1326
      vertex 0 -4.5 34.3728
      vertex -0.137674 -4.49549 34.3333
    endloop
  endfacet
  facet normal -0.0326858 -0.999466 0
    outer loop
      vertex -0.140353 -4.49541 34.1326
      vertex 0 -4.5 15.6272
      vertex 0 -4.5 34.3728
    endloop
  endfacet
  facet normal -0.0327182 -0.999465 -2.45993e-07
    outer loop
      vertex -0.294313 -4.49037 34.0895
      vertex 0 -4.5 15.6272
      vertex -0.140353 -4.49541 34.1326
    endloop
  endfacet
  facet normal -0.0327028 -0.999465 0
    outer loop
      vertex 0 -4.5 15.6272
      vertex -0.294313 -4.49037 34.0895
      vertex -0.294313 -4.49037 15.544
    endloop
  endfacet
  facet normal -0.0327521 -0.999464 3.87932e-05
    outer loop
      vertex -0.140353 -4.49541 54.1326
      vertex 0 -4.5 54.3728
      vertex -0.137674 -4.49549 54.3333
    endloop
  endfacet
  facet normal -0.0326858 -0.999466 0
    outer loop
      vertex -0.140353 -4.49541 54.1326
      vertex 0 -4.5 35.6272
      vertex 0 -4.5 54.3728
    endloop
  endfacet
  facet normal -0.0327182 -0.999465 -2.45993e-07
    outer loop
      vertex -0.294313 -4.49037 54.0895
      vertex 0 -4.5 35.6272
      vertex -0.140353 -4.49541 54.1326
    endloop
  endfacet
  facet normal -0.0327028 -0.999465 0
    outer loop
      vertex 0 -4.5 35.6272
      vertex -0.294313 -4.49037 54.0895
      vertex -0.294313 -4.49037 35.544
    endloop
  endfacet
  facet normal -0.0327521 -0.999464 3.87932e-05
    outer loop
      vertex -0.140353 -4.49541 74.1326
      vertex 0 -4.5 74.3728
      vertex -0.137674 -4.49549 74.3333
    endloop
  endfacet
  facet normal -0.0326858 -0.999466 0
    outer loop
      vertex -0.140353 -4.49541 74.1326
      vertex 0 -4.5 55.6272
      vertex 0 -4.5 74.3728
    endloop
  endfacet
  facet normal -0.0327182 -0.999465 -2.45993e-07
    outer loop
      vertex -0.294313 -4.49037 74.0895
      vertex 0 -4.5 55.6272
      vertex -0.140353 -4.49541 74.1326
    endloop
  endfacet
  facet normal -0.0327028 -0.999465 0
    outer loop
      vertex 0 -4.5 55.6272
      vertex -0.294313 -4.49037 74.0895
      vertex -0.294313 -4.49037 55.544
    endloop
  endfacet
  facet normal 0.935911 0.352236 0
    outer loop
      vertex 4.26118 1.44648 80
      vertex 4.15746 1.72207 61.9271
      vertex 4.15746 1.72207 80
    endloop
  endfacet
  facet normal 0.935906 0.352251 2.57631e-07
    outer loop
      vertex 4.15746 1.72207 61.9271
      vertex 4.26118 1.44648 80
      vertex 4.23243 1.52288 61.8674
    endloop
  endfacet
  facet normal 0.935926 0.352197 -0
    outer loop
      vertex 4.26118 1.44648 61.644
      vertex 4.23243 1.52288 61.8674
      vertex 4.26118 1.44648 80
    endloop
  endfacet
  facet normal 0.935922 0.352207 -3.73736e-06
    outer loop
      vertex 4.23243 1.52288 61.8674
      vertex 4.26118 1.44648 61.644
      vertex 4.23337 1.52038 61.6667
    endloop
  endfacet
  facet normal 0.935964 0.352097 -2.17081e-06
    outer loop
      vertex 4.16554 1.70059 0.465992
      vertex 4.15746 1.72207 0.672504
      vertex 4.1646 1.70309 0.666666
    endloop
  endfacet
  facet normal 0.935971 0.352078 0
    outer loop
      vertex 4.15746 1.72207 0.672504
      vertex 4.16554 1.70059 0.465992
      vertex 4.15746 1.72207 0
    endloop
  endfacet
  facet normal 0.935907 0.352247 8.87454e-06
    outer loop
      vertex 4.26118 1.44648 0.389538
      vertex 4.15746 1.72207 0
      vertex 4.16554 1.70059 0.465992
    endloop
  endfacet
  facet normal 0.935911 0.352236 0
    outer loop
      vertex 4.15746 1.72207 0
      vertex 4.26118 1.44648 0.389538
      vertex 4.26118 1.44648 0
    endloop
  endfacet
  facet normal 0.935964 0.352097 -2.17047e-06
    outer loop
      vertex 4.16554 1.70059 20.466
      vertex 4.15746 1.72207 20.6725
      vertex 4.1646 1.70309 20.6667
    endloop
  endfacet
  facet normal 0.935971 0.352078 0
    outer loop
      vertex 4.15746 1.72207 20.6725
      vertex 4.16554 1.70059 20.466
      vertex 4.15746 1.72207 1.9271
    endloop
  endfacet
  facet normal 0.935906 0.352249 2.26084e-07
    outer loop
      vertex 4.26118 1.44648 20.3895
      vertex 4.15746 1.72207 1.9271
      vertex 4.16554 1.70059 20.466
    endloop
  endfacet
  facet normal 0.935906 0.352251 2.52219e-07
    outer loop
      vertex 4.15746 1.72207 1.9271
      vertex 4.26118 1.44648 20.3895
      vertex 4.23243 1.52288 1.86738
    endloop
  endfacet
  facet normal 0.935926 0.352197 -0
    outer loop
      vertex 4.26118 1.44648 1.64399
      vertex 4.23243 1.52288 1.86738
      vertex 4.26118 1.44648 20.3895
    endloop
  endfacet
  facet normal 0.935922 0.352207 -3.73716e-06
    outer loop
      vertex 4.23243 1.52288 1.86738
      vertex 4.26118 1.44648 1.64399
      vertex 4.23337 1.52038 1.66667
    endloop
  endfacet
  facet normal 0.935964 0.352097 -2.17047e-06
    outer loop
      vertex 4.16554 1.70059 40.466
      vertex 4.15746 1.72207 40.6725
      vertex 4.1646 1.70309 40.6667
    endloop
  endfacet
  facet normal 0.935971 0.352078 0
    outer loop
      vertex 4.15746 1.72207 40.6725
      vertex 4.16554 1.70059 40.466
      vertex 4.15746 1.72207 21.9271
    endloop
  endfacet
  facet normal 0.935906 0.352249 2.26084e-07
    outer loop
      vertex 4.26118 1.44648 40.3895
      vertex 4.15746 1.72207 21.9271
      vertex 4.16554 1.70059 40.466
    endloop
  endfacet
  facet normal 0.935906 0.352251 2.5222e-07
    outer loop
      vertex 4.15746 1.72207 21.9271
      vertex 4.26118 1.44648 40.3895
      vertex 4.23243 1.52288 21.8674
    endloop
  endfacet
  facet normal 0.935926 0.352197 -0
    outer loop
      vertex 4.26118 1.44648 21.644
      vertex 4.23243 1.52288 21.8674
      vertex 4.26118 1.44648 40.3895
    endloop
  endfacet
  facet normal 0.935922 0.352207 -3.73736e-06
    outer loop
      vertex 4.23243 1.52288 21.8674
      vertex 4.26118 1.44648 21.644
      vertex 4.23337 1.52038 21.6667
    endloop
  endfacet
  facet normal 0.935964 0.352097 -2.17047e-06
    outer loop
      vertex 4.16554 1.70059 60.466
      vertex 4.15746 1.72207 60.6725
      vertex 4.1646 1.70309 60.6667
    endloop
  endfacet
  facet normal 0.935971 0.352078 0
    outer loop
      vertex 4.15746 1.72207 60.6725
      vertex 4.16554 1.70059 60.466
      vertex 4.15746 1.72207 41.9271
    endloop
  endfacet
  facet normal 0.935906 0.352249 2.26084e-07
    outer loop
      vertex 4.26118 1.44648 60.3895
      vertex 4.15746 1.72207 41.9271
      vertex 4.16554 1.70059 60.466
    endloop
  endfacet
  facet normal 0.935906 0.352251 2.5222e-07
    outer loop
      vertex 4.15746 1.72207 41.9271
      vertex 4.26118 1.44648 60.3895
      vertex 4.23243 1.52288 41.8674
    endloop
  endfacet
  facet normal 0.935926 0.352197 -0
    outer loop
      vertex 4.26118 1.44648 41.644
      vertex 4.23243 1.52288 41.8674
      vertex 4.26118 1.44648 60.3895
    endloop
  endfacet
  facet normal 0.935922 0.352207 -3.73736e-06
    outer loop
      vertex 4.23243 1.52288 41.8674
      vertex 4.26118 1.44648 41.644
      vertex 4.23337 1.52038 41.6667
    endloop
  endfacet
  facet normal 0.729855 0.683602 0
    outer loop
      vertex 3.38328 2.96706 1.68934
      vertex 3.18198 3.18198 0
      vertex 3.18198 3.18198 1.77279
    endloop
  endfacet
  facet normal 0.729855 0.683602 0
    outer loop
      vertex 3.18198 3.18198 0
      vertex 3.38328 2.96706 1.68934
      vertex 3.38328 2.96706 0
    endloop
  endfacet
  facet normal 0.729855 0.683602 0
    outer loop
      vertex 3.38328 2.96706 80
      vertex 3.18198 3.18198 63.2272
      vertex 3.18198 3.18198 80
    endloop
  endfacet
  facet normal 0.729858 0.683598 -9.20695e-08
    outer loop
      vertex 3.18198 3.18198 63.2272
      vertex 3.38328 2.96706 80
      vertex 3.247 3.11256 63.2007
    endloop
  endfacet
  facet normal 0.729853 0.683604 -0
    outer loop
      vertex 3.38328 2.96706 62.9438
      vertex 3.247 3.11256 63.2007
      vertex 3.38328 2.96706 80
    endloop
  endfacet
  facet normal 0.729867 0.683589 1.55443e-05
    outer loop
      vertex 3.247 3.11256 63.2007
      vertex 3.38328 2.96706 62.9438
      vertex 3.24884 3.1106 63
    endloop
  endfacet
  facet normal 0.729855 0.683602 0
    outer loop
      vertex 3.38328 2.96706 21.6893
      vertex 3.18198 3.18198 3.22721
      vertex 3.18198 3.18198 21.7728
    endloop
  endfacet
  facet normal 0.729858 0.683598 -8.36825e-08
    outer loop
      vertex 3.18198 3.18198 3.22721
      vertex 3.38328 2.96706 21.6893
      vertex 3.247 3.11256 3.20072
    endloop
  endfacet
  facet normal 0.729853 0.683604 -0
    outer loop
      vertex 3.38328 2.96706 2.94379
      vertex 3.247 3.11256 3.20072
      vertex 3.38328 2.96706 21.6893
    endloop
  endfacet
  facet normal 0.729867 0.683589 1.55427e-05
    outer loop
      vertex 3.247 3.11256 3.20072
      vertex 3.38328 2.96706 2.94379
      vertex 3.24884 3.1106 3
    endloop
  endfacet
  facet normal 0.729855 0.683602 0
    outer loop
      vertex 3.38328 2.96706 41.6893
      vertex 3.18198 3.18198 23.2272
      vertex 3.18198 3.18198 41.7728
    endloop
  endfacet
  facet normal 0.729858 0.683598 -8.36823e-08
    outer loop
      vertex 3.18198 3.18198 23.2272
      vertex 3.38328 2.96706 41.6893
      vertex 3.247 3.11256 23.2007
    endloop
  endfacet
  facet normal 0.729853 0.683604 -0
    outer loop
      vertex 3.38328 2.96706 22.9438
      vertex 3.247 3.11256 23.2007
      vertex 3.38328 2.96706 41.6893
    endloop
  endfacet
  facet normal 0.729867 0.683589 1.55443e-05
    outer loop
      vertex 3.247 3.11256 23.2007
      vertex 3.38328 2.96706 22.9438
      vertex 3.24884 3.1106 23
    endloop
  endfacet
  facet normal 0.729855 0.683602 0
    outer loop
      vertex 3.38328 2.96706 61.6893
      vertex 3.18198 3.18198 43.2272
      vertex 3.18198 3.18198 61.7728
    endloop
  endfacet
  facet normal 0.729858 0.683598 -8.36823e-08
    outer loop
      vertex 3.18198 3.18198 43.2272
      vertex 3.38328 2.96706 61.6893
      vertex 3.247 3.11256 43.2007
    endloop
  endfacet
  facet normal 0.729853 0.683604 -0
    outer loop
      vertex 3.38328 2.96706 42.9438
      vertex 3.247 3.11256 43.2007
      vertex 3.38328 2.96706 61.6893
    endloop
  endfacet
  facet normal 0.729867 0.683589 1.55443e-05
    outer loop
      vertex 3.247 3.11256 43.2007
      vertex 3.38328 2.96706 42.9438
      vertex 3.24884 3.1106 43
    endloop
  endfacet
  facet normal -0.634391 -0.773012 0
    outer loop
      vertex -2.96706 -3.38328 80
      vertex -2.73943 -3.57009 73.5938
      vertex -2.73943 -3.57009 80
    endloop
  endfacet
  facet normal -0.634399 -0.773006 -4.49947e-07
    outer loop
      vertex -2.96706 -3.38328 80
      vertex -2.90395 -3.43507 73.534
      vertex -2.73943 -3.57009 73.5938
    endloop
  endfacet
  facet normal -0.634371 -0.773029 0
    outer loop
      vertex -2.96706 -3.38328 73.3107
      vertex -2.90395 -3.43507 73.534
      vertex -2.96706 -3.38328 80
    endloop
  endfacet
  facet normal -0.63436 -0.773038 -5.17514e-06
    outer loop
      vertex -2.90395 -3.43507 73.534
      vertex -2.96706 -3.38328 73.3107
      vertex -2.90602 -3.43337 73.3333
    endloop
  endfacet
  facet normal -0.634437 -0.772975 -3.54755e-05
    outer loop
      vertex -2.75717 -3.55552 12.1327
      vertex -2.73943 -3.57009 12.3392
      vertex -2.75511 -3.55722 12.3333
    endloop
  endfacet
  facet normal -0.634391 -0.773012 0
    outer loop
      vertex -2.73943 -3.57009 0
      vertex -2.96706 -3.38328 12.0562
      vertex -2.96706 -3.38328 0
    endloop
  endfacet
  facet normal -0.634366 -0.773032 7.76616e-07
    outer loop
      vertex -2.96706 -3.38328 12.0562
      vertex -2.73943 -3.57009 0
      vertex -2.75717 -3.55552 12.1327
    endloop
  endfacet
  facet normal -0.634684 -0.772772 0
    outer loop
      vertex -2.75717 -3.55552 12.1327
      vertex -2.73943 -3.57009 0
      vertex -2.73943 -3.57009 12.3392
    endloop
  endfacet
  facet normal -0.634437 -0.772975 -3.54755e-05
    outer loop
      vertex -2.75717 -3.55552 32.1327
      vertex -2.73943 -3.57009 32.3392
      vertex -2.75511 -3.55722 32.3333
    endloop
  endfacet
  facet normal -0.634684 -0.772772 0
    outer loop
      vertex -2.75717 -3.55552 32.1327
      vertex -2.73943 -3.57009 13.5938
      vertex -2.73943 -3.57009 32.3392
    endloop
  endfacet
  facet normal -0.634366 -0.773033 5.08346e-07
    outer loop
      vertex -2.96706 -3.38328 32.0562
      vertex -2.73943 -3.57009 13.5938
      vertex -2.75717 -3.55552 32.1327
    endloop
  endfacet
  facet normal -0.634399 -0.773006 -1.57436e-07
    outer loop
      vertex -2.96706 -3.38328 32.0562
      vertex -2.90395 -3.43507 13.534
      vertex -2.73943 -3.57009 13.5938
    endloop
  endfacet
  facet normal -0.634371 -0.773029 0
    outer loop
      vertex -2.96706 -3.38328 13.3107
      vertex -2.90395 -3.43507 13.534
      vertex -2.96706 -3.38328 32.0562
    endloop
  endfacet
  facet normal -0.63436 -0.773038 -5.17514e-06
    outer loop
      vertex -2.90395 -3.43507 13.534
      vertex -2.96706 -3.38328 13.3107
      vertex -2.90602 -3.43337 13.3333
    endloop
  endfacet
  facet normal -0.634437 -0.772975 -3.54755e-05
    outer loop
      vertex -2.75717 -3.55552 52.1327
      vertex -2.73943 -3.57009 52.3392
      vertex -2.75511 -3.55722 52.3333
    endloop
  endfacet
  facet normal -0.634684 -0.772772 0
    outer loop
      vertex -2.75717 -3.55552 52.1327
      vertex -2.73943 -3.57009 33.5938
      vertex -2.73943 -3.57009 52.3392
    endloop
  endfacet
  facet normal -0.634366 -0.773033 5.08346e-07
    outer loop
      vertex -2.96706 -3.38328 52.0562
      vertex -2.73943 -3.57009 33.5938
      vertex -2.75717 -3.55552 52.1327
    endloop
  endfacet
  facet normal -0.634399 -0.773006 -1.57436e-07
    outer loop
      vertex -2.96706 -3.38328 52.0562
      vertex -2.90395 -3.43507 33.534
      vertex -2.73943 -3.57009 33.5938
    endloop
  endfacet
  facet normal -0.634371 -0.773029 0
    outer loop
      vertex -2.96706 -3.38328 33.3107
      vertex -2.90395 -3.43507 33.534
      vertex -2.96706 -3.38328 52.0562
    endloop
  endfacet
  facet normal -0.63436 -0.773038 -5.17514e-06
    outer loop
      vertex -2.90395 -3.43507 33.534
      vertex -2.96706 -3.38328 33.3107
      vertex -2.90602 -3.43337 33.3333
    endloop
  endfacet
  facet normal -0.634437 -0.772975 -3.54755e-05
    outer loop
      vertex -2.75717 -3.55552 72.1327
      vertex -2.73943 -3.57009 72.3392
      vertex -2.75511 -3.55722 72.3333
    endloop
  endfacet
  facet normal -0.634684 -0.772772 0
    outer loop
      vertex -2.75717 -3.55552 72.1327
      vertex -2.73943 -3.57009 53.5938
      vertex -2.73943 -3.57009 72.3392
    endloop
  endfacet
  facet normal -0.634366 -0.773033 5.08346e-07
    outer loop
      vertex -2.96706 -3.38328 72.0562
      vertex -2.73943 -3.57009 53.5938
      vertex -2.75717 -3.55552 72.1327
    endloop
  endfacet
  facet normal -0.634399 -0.773006 -1.57436e-07
    outer loop
      vertex -2.96706 -3.38328 72.0562
      vertex -2.90395 -3.43507 53.534
      vertex -2.73943 -3.57009 53.5938
    endloop
  endfacet
  facet normal -0.634371 -0.773029 0
    outer loop
      vertex -2.96706 -3.38328 53.3107
      vertex -2.90395 -3.43507 53.534
      vertex -2.96706 -3.38328 72.0562
    endloop
  endfacet
  facet normal -0.63436 -0.773038 -5.17514e-06
    outer loop
      vertex -2.90395 -3.43507 53.534
      vertex -2.96706 -3.38328 53.3107
      vertex -2.90602 -3.43337 53.3333
    endloop
  endfacet
  facet normal -0.935964 0.352097 2.17047e-06
    outer loop
      vertex -4.16554 1.70059 69.534
      vertex -4.15746 1.72207 69.3275
      vertex -4.1646 1.70309 69.3333
    endloop
  endfacet
  facet normal -0.935971 0.352078 0
    outer loop
      vertex -4.15746 1.72207 69.3275
      vertex -4.16554 1.70059 69.534
      vertex -4.15746 1.72207 80
    endloop
  endfacet
  facet normal -0.935906 0.352249 -4.00365e-07
    outer loop
      vertex -4.26118 1.44648 69.6105
      vertex -4.15746 1.72207 80
      vertex -4.16554 1.70059 69.534
    endloop
  endfacet
  facet normal -0.935911 0.352236 0
    outer loop
      vertex -4.15746 1.72207 80
      vertex -4.26118 1.44648 69.6105
      vertex -4.26118 1.44648 80
    endloop
  endfacet
  facet normal -0.935911 0.352236 0
    outer loop
      vertex -4.26118 1.44648 0
      vertex -4.15746 1.72207 8.0729
      vertex -4.15746 1.72207 0
    endloop
  endfacet
  facet normal -0.935906 0.352251 -5.73527e-07
    outer loop
      vertex -4.15746 1.72207 8.0729
      vertex -4.26118 1.44648 0
      vertex -4.23243 1.52288 8.13262
    endloop
  endfacet
  facet normal -0.935926 0.352197 0
    outer loop
      vertex -4.26118 1.44648 8.356
      vertex -4.23243 1.52288 8.13262
      vertex -4.26118 1.44648 0
    endloop
  endfacet
  facet normal -0.935922 0.352207 3.73715e-06
    outer loop
      vertex -4.23243 1.52288 8.13262
      vertex -4.26118 1.44648 8.356
      vertex -4.23337 1.52038 8.33333
    endloop
  endfacet
  facet normal -0.935964 0.352097 2.17073e-06
    outer loop
      vertex -4.16554 1.70059 9.53401
      vertex -4.15746 1.72207 9.3275
      vertex -4.1646 1.70309 9.33333
    endloop
  endfacet
  facet normal -0.935971 0.352078 0
    outer loop
      vertex -4.15746 1.72207 9.3275
      vertex -4.16554 1.70059 9.53401
      vertex -4.15746 1.72207 28.0729
    endloop
  endfacet
  facet normal -0.935906 0.352249 -2.26084e-07
    outer loop
      vertex -4.26118 1.44648 9.61046
      vertex -4.15746 1.72207 28.0729
      vertex -4.16554 1.70059 9.53401
    endloop
  endfacet
  facet normal -0.935906 0.352251 -2.52219e-07
    outer loop
      vertex -4.15746 1.72207 28.0729
      vertex -4.26118 1.44648 9.61046
      vertex -4.23243 1.52288 28.1326
    endloop
  endfacet
  facet normal -0.935926 0.352197 0
    outer loop
      vertex -4.26118 1.44648 28.356
      vertex -4.23243 1.52288 28.1326
      vertex -4.26118 1.44648 9.61046
    endloop
  endfacet
  facet normal -0.935922 0.352207 3.73736e-06
    outer loop
      vertex -4.23243 1.52288 28.1326
      vertex -4.26118 1.44648 28.356
      vertex -4.23337 1.52038 28.3333
    endloop
  endfacet
  facet normal -0.935964 0.352097 2.17047e-06
    outer loop
      vertex -4.16554 1.70059 29.534
      vertex -4.15746 1.72207 29.3275
      vertex -4.1646 1.70309 29.3333
    endloop
  endfacet
  facet normal -0.935971 0.352078 0
    outer loop
      vertex -4.15746 1.72207 29.3275
      vertex -4.16554 1.70059 29.534
      vertex -4.15746 1.72207 48.0729
    endloop
  endfacet
  facet normal -0.935906 0.352249 -2.26084e-07
    outer loop
      vertex -4.26118 1.44648 29.6105
      vertex -4.15746 1.72207 48.0729
      vertex -4.16554 1.70059 29.534
    endloop
  endfacet
  facet normal -0.935906 0.352251 -2.5222e-07
    outer loop
      vertex -4.15746 1.72207 48.0729
      vertex -4.26118 1.44648 29.6105
      vertex -4.23243 1.52288 48.1326
    endloop
  endfacet
  facet normal -0.935926 0.352197 0
    outer loop
      vertex -4.26118 1.44648 48.356
      vertex -4.23243 1.52288 48.1326
      vertex -4.26118 1.44648 29.6105
    endloop
  endfacet
  facet normal -0.935922 0.352207 3.73736e-06
    outer loop
      vertex -4.23243 1.52288 48.1326
      vertex -4.26118 1.44648 48.356
      vertex -4.23337 1.52038 48.3333
    endloop
  endfacet
  facet normal -0.935964 0.352097 2.17047e-06
    outer loop
      vertex -4.16554 1.70059 49.534
      vertex -4.15746 1.72207 49.3275
      vertex -4.1646 1.70309 49.3333
    endloop
  endfacet
  facet normal -0.935971 0.352078 0
    outer loop
      vertex -4.15746 1.72207 49.3275
      vertex -4.16554 1.70059 49.534
      vertex -4.15746 1.72207 68.0729
    endloop
  endfacet
  facet normal -0.935906 0.352249 -2.26084e-07
    outer loop
      vertex -4.26118 1.44648 49.6105
      vertex -4.15746 1.72207 68.0729
      vertex -4.16554 1.70059 49.534
    endloop
  endfacet
  facet normal -0.935906 0.352251 -2.5222e-07
    outer loop
      vertex -4.15746 1.72207 68.0729
      vertex -4.26118 1.44648 49.6105
      vertex -4.23243 1.52288 68.1326
    endloop
  endfacet
  facet normal -0.935926 0.352197 0
    outer loop
      vertex -4.26118 1.44648 68.356
      vertex -4.23243 1.52288 68.1326
      vertex -4.26118 1.44648 49.6105
    endloop
  endfacet
  facet normal -0.935922 0.352207 3.73736e-06
    outer loop
      vertex -4.23243 1.52288 68.1326
      vertex -4.26118 1.44648 68.356
      vertex -4.23337 1.52038 68.3333
    endloop
  endfacet
  facet normal -0.995183 -0.0980397 0
    outer loop
      vertex -4.4615 -0.587367 0
      vertex -4.49037 -0.294313 9.45599
      vertex -4.49037 -0.294313 0
    endloop
  endfacet
  facet normal -0.995162 -0.0982515 6.62712e-06
    outer loop
      vertex -4.49037 -0.294313 9.45599
      vertex -4.4615 -0.587367 0
      vertex -4.48683 -0.330168 9.46598
    endloop
  endfacet
  facet normal -0.995185 -0.0980099 -0
    outer loop
      vertex -4.4615 -0.587367 9.73957
      vertex -4.48683 -0.330168 9.46598
      vertex -4.4615 -0.587367 0
    endloop
  endfacet
  facet normal -0.995183 -0.0980313 -2.0301e-05
    outer loop
      vertex -4.48683 -0.330168 9.46598
      vertex -4.4615 -0.587367 9.73957
      vertex -4.48657 -0.332849 9.66667
    endloop
  endfacet
  facet normal -0.995183 -0.0980397 0
    outer loop
      vertex -4.4615 -0.587367 70.9942
      vertex -4.49037 -0.294313 80
      vertex -4.49037 -0.294313 70.9105
    endloop
  endfacet
  facet normal -0.995183 -0.0980397 0
    outer loop
      vertex -4.49037 -0.294313 80
      vertex -4.4615 -0.587367 70.9942
      vertex -4.4615 -0.587367 80
    endloop
  endfacet
  facet normal -0.995183 -0.0980397 0
    outer loop
      vertex -4.4615 -0.587367 10.9942
      vertex -4.49037 -0.294313 29.456
      vertex -4.49037 -0.294313 10.9105
    endloop
  endfacet
  facet normal -0.995162 -0.0982523 3.40858e-06
    outer loop
      vertex -4.49037 -0.294313 29.456
      vertex -4.4615 -0.587367 10.9942
      vertex -4.48683 -0.330168 29.466
    endloop
  endfacet
  facet normal -0.995185 -0.0980099 -0
    outer loop
      vertex -4.4615 -0.587367 29.7396
      vertex -4.48683 -0.330168 29.466
      vertex -4.4615 -0.587367 10.9942
    endloop
  endfacet
  facet normal -0.995183 -0.0980313 -2.03e-05
    outer loop
      vertex -4.48683 -0.330168 29.466
      vertex -4.4615 -0.587367 29.7396
      vertex -4.48657 -0.332849 29.6667
    endloop
  endfacet
  facet normal -0.995183 -0.0980397 0
    outer loop
      vertex -4.4615 -0.587367 30.9942
      vertex -4.49037 -0.294313 49.456
      vertex -4.49037 -0.294313 30.9105
    endloop
  endfacet
  facet normal -0.995162 -0.0982523 3.40858e-06
    outer loop
      vertex -4.49037 -0.294313 49.456
      vertex -4.4615 -0.587367 30.9942
      vertex -4.48683 -0.330168 49.466
    endloop
  endfacet
  facet normal -0.995185 -0.0980099 -0
    outer loop
      vertex -4.4615 -0.587367 49.7396
      vertex -4.48683 -0.330168 49.466
      vertex -4.4615 -0.587367 30.9942
    endloop
  endfacet
  facet normal -0.995183 -0.0980313 -2.03e-05
    outer loop
      vertex -4.48683 -0.330168 49.466
      vertex -4.4615 -0.587367 49.7396
      vertex -4.48657 -0.332849 49.6667
    endloop
  endfacet
  facet normal -0.995183 -0.0980397 0
    outer loop
      vertex -4.4615 -0.587367 50.9942
      vertex -4.49037 -0.294313 69.456
      vertex -4.49037 -0.294313 50.9105
    endloop
  endfacet
  facet normal -0.995162 -0.0982523 3.40858e-06
    outer loop
      vertex -4.49037 -0.294313 69.456
      vertex -4.4615 -0.587367 50.9942
      vertex -4.48683 -0.330168 69.466
    endloop
  endfacet
  facet normal -0.995185 -0.0980099 -0
    outer loop
      vertex -4.4615 -0.587367 69.7396
      vertex -4.48683 -0.330168 69.466
      vertex -4.4615 -0.587367 50.9942
    endloop
  endfacet
  facet normal -0.995183 -0.0980313 -2.03e-05
    outer loop
      vertex -4.48683 -0.330168 69.466
      vertex -4.4615 -0.587367 69.7396
      vertex -4.48657 -0.332849 69.6667
    endloop
  endfacet
  facet normal -0.849208 0.528059 0
    outer loop
      vertex -3.89711 2.25 68.9605
      vertex -3.74161 2.50007 80
      vertex -3.74161 2.50007 68.8773
    endloop
  endfacet
  facet normal -0.849208 0.528059 0
    outer loop
      vertex -3.74161 2.50007 80
      vertex -3.89711 2.25 68.9605
      vertex -3.89711 2.25 80
    endloop
  endfacet
  facet normal -0.849208 0.528059 0
    outer loop
      vertex -3.89711 2.25 0
      vertex -3.74161 2.50007 7.42287
      vertex -3.74161 2.50007 0
    endloop
  endfacet
  facet normal -0.8492 0.528072 -5.92034e-07
    outer loop
      vertex -3.74161 2.50007 7.42287
      vertex -3.89711 2.25 0
      vertex -3.82296 2.36925 7.46594
    endloop
  endfacet
  facet normal -0.849216 0.528045 0
    outer loop
      vertex -3.89711 2.25 7.70613
      vertex -3.82296 2.36925 7.46594
      vertex -3.89711 2.25 0
    endloop
  endfacet
  facet normal -0.84921 0.528055 6.46206e-06
    outer loop
      vertex -3.82296 2.36925 7.46594
      vertex -3.89711 2.25 7.70613
      vertex -3.82437 2.36698 7.66667
    endloop
  endfacet
  facet normal -0.849208 0.528059 0
    outer loop
      vertex -3.89711 2.25 8.96054
      vertex -3.74161 2.50007 27.4229
      vertex -3.74161 2.50007 8.87734
    endloop
  endfacet
  facet normal -0.8492 0.528072 -2.39603e-07
    outer loop
      vertex -3.74161 2.50007 27.4229
      vertex -3.89711 2.25 8.96054
      vertex -3.82296 2.36925 27.4659
    endloop
  endfacet
  facet normal -0.849216 0.528045 0
    outer loop
      vertex -3.89711 2.25 27.7061
      vertex -3.82296 2.36925 27.4659
      vertex -3.89711 2.25 8.96054
    endloop
  endfacet
  facet normal -0.84921 0.528055 6.45977e-06
    outer loop
      vertex -3.82296 2.36925 27.4659
      vertex -3.89711 2.25 27.7061
      vertex -3.82437 2.36698 27.6667
    endloop
  endfacet
  facet normal -0.849208 0.528059 0
    outer loop
      vertex -3.89711 2.25 28.9605
      vertex -3.74161 2.50007 47.4229
      vertex -3.74161 2.50007 28.8773
    endloop
  endfacet
  facet normal -0.8492 0.528072 -2.39603e-07
    outer loop
      vertex -3.74161 2.50007 47.4229
      vertex -3.89711 2.25 28.9605
      vertex -3.82296 2.36925 47.4659
    endloop
  endfacet
  facet normal -0.849216 0.528045 0
    outer loop
      vertex -3.89711 2.25 47.7061
      vertex -3.82296 2.36925 47.4659
      vertex -3.89711 2.25 28.9605
    endloop
  endfacet
  facet normal -0.84921 0.528055 6.45977e-06
    outer loop
      vertex -3.82296 2.36925 47.4659
      vertex -3.89711 2.25 47.7061
      vertex -3.82437 2.36698 47.6667
    endloop
  endfacet
  facet normal -0.849208 0.528059 0
    outer loop
      vertex -3.89711 2.25 48.9605
      vertex -3.74161 2.50007 67.4229
      vertex -3.74161 2.50007 48.8773
    endloop
  endfacet
  facet normal -0.8492 0.528072 -2.39603e-07
    outer loop
      vertex -3.74161 2.50007 67.4229
      vertex -3.89711 2.25 48.9605
      vertex -3.82296 2.36925 67.4659
    endloop
  endfacet
  facet normal -0.849216 0.528045 0
    outer loop
      vertex -3.89711 2.25 67.7061
      vertex -3.82296 2.36925 67.4659
      vertex -3.89711 2.25 48.9605
    endloop
  endfacet
  facet normal -0.84921 0.528055 6.45977e-06
    outer loop
      vertex -3.82296 2.36925 67.4659
      vertex -3.89711 2.25 67.7061
      vertex -3.82437 2.36698 67.6667
    endloop
  endfacet
  facet normal -0.812851 -0.582471 0
    outer loop
      vertex -3.57009 -2.73943 72.6608
      vertex -3.74161 -2.50007 80
      vertex -3.74161 -2.50007 72.5771
    endloop
  endfacet
  facet normal -0.812851 -0.582471 0
    outer loop
      vertex -3.74161 -2.50007 80
      vertex -3.57009 -2.73943 72.6608
      vertex -3.57009 -2.73943 80
    endloop
  endfacet
  facet normal -0.812851 -0.582471 0
    outer loop
      vertex -3.57009 -2.73943 0
      vertex -3.74161 -2.50007 11.1227
      vertex -3.74161 -2.50007 0
    endloop
  endfacet
  facet normal -0.81287 -0.582446 -8.24659e-07
    outer loop
      vertex -3.74161 -2.50007 11.1227
      vertex -3.57009 -2.73943 0
      vertex -3.72063 -2.52935 11.1326
    endloop
  endfacet
  facet normal -0.812849 -0.582475 -0
    outer loop
      vertex -3.57009 -2.73943 11.4062
      vertex -3.72063 -2.52935 11.1326
      vertex -3.57009 -2.73943 0
    endloop
  endfacet
  facet normal -0.812851 -0.582472 2.7966e-06
    outer loop
      vertex -3.72063 -2.52935 11.1326
      vertex -3.57009 -2.73943 11.4062
      vertex -3.71906 -2.53154 11.3333
    endloop
  endfacet
  facet normal -0.812851 -0.582471 0
    outer loop
      vertex -3.57009 -2.73943 12.6608
      vertex -3.74161 -2.50007 31.1227
      vertex -3.74161 -2.50007 12.5771
    endloop
  endfacet
  facet normal -0.81287 -0.582446 -4.98261e-07
    outer loop
      vertex -3.74161 -2.50007 31.1227
      vertex -3.57009 -2.73943 12.6608
      vertex -3.72063 -2.52935 31.1326
    endloop
  endfacet
  facet normal -0.812849 -0.582475 -0
    outer loop
      vertex -3.57009 -2.73943 31.4062
      vertex -3.72063 -2.52935 31.1326
      vertex -3.57009 -2.73943 12.6608
    endloop
  endfacet
  facet normal -0.812851 -0.582472 2.7966e-06
    outer loop
      vertex -3.72063 -2.52935 31.1326
      vertex -3.57009 -2.73943 31.4062
      vertex -3.71906 -2.53154 31.3333
    endloop
  endfacet
  facet normal -0.812851 -0.582471 0
    outer loop
      vertex -3.57009 -2.73943 32.6608
      vertex -3.74161 -2.50007 51.1227
      vertex -3.74161 -2.50007 32.5771
    endloop
  endfacet
  facet normal -0.81287 -0.582446 -4.98261e-07
    outer loop
      vertex -3.74161 -2.50007 51.1227
      vertex -3.57009 -2.73943 32.6608
      vertex -3.72063 -2.52935 51.1326
    endloop
  endfacet
  facet normal -0.812849 -0.582475 -0
    outer loop
      vertex -3.57009 -2.73943 51.4062
      vertex -3.72063 -2.52935 51.1326
      vertex -3.57009 -2.73943 32.6608
    endloop
  endfacet
  facet normal -0.812851 -0.582472 2.7966e-06
    outer loop
      vertex -3.72063 -2.52935 51.1326
      vertex -3.57009 -2.73943 51.4062
      vertex -3.71906 -2.53154 51.3333
    endloop
  endfacet
  facet normal -0.812851 -0.582471 0
    outer loop
      vertex -3.57009 -2.73943 52.6608
      vertex -3.74161 -2.50007 71.1227
      vertex -3.74161 -2.50007 52.5771
    endloop
  endfacet
  facet normal -0.81287 -0.582446 -4.98261e-07
    outer loop
      vertex -3.74161 -2.50007 71.1227
      vertex -3.57009 -2.73943 52.6608
      vertex -3.72063 -2.52935 71.1326
    endloop
  endfacet
  facet normal -0.812849 -0.582475 -0
    outer loop
      vertex -3.57009 -2.73943 71.4062
      vertex -3.72063 -2.52935 71.1326
      vertex -3.57009 -2.73943 52.6608
    endloop
  endfacet
  facet normal -0.812851 -0.582472 2.7966e-06
    outer loop
      vertex -3.72063 -2.52935 71.1326
      vertex -3.57009 -2.73943 71.4062
      vertex -3.71906 -2.53154 71.3333
    endloop
  endfacet
  facet normal 0.471416 -0.881911 0
    outer loop
      vertex 1.9903 -4.03593 80
      vertex 2.25 -3.89711 77.2939
      vertex 2.25 -3.89711 80
    endloop
  endfacet
  facet normal 0.471416 -0.881911 0
    outer loop
      vertex 2.25 -3.89711 77.2939
      vertex 1.9903 -4.03593 80
      vertex 1.9903 -4.03593 77.2107
    endloop
  endfacet
  facet normal 0.471447 -0.881894 -3.061e-05
    outer loop
      vertex 2.12615 -3.96331 15.7993
      vertex 2.25 -3.89711 16.0395
      vertex 2.12852 -3.96205 16
    endloop
  endfacet
  facet normal 0.471416 -0.881911 0
    outer loop
      vertex 2.25 -3.89711 0
      vertex 1.9903 -4.03593 15.7562
      vertex 1.9903 -4.03593 0
    endloop
  endfacet
  facet normal 0.47143 -0.881903 2.93876e-07
    outer loop
      vertex 1.9903 -4.03593 15.7562
      vertex 2.25 -3.89711 0
      vertex 2.12615 -3.96331 15.7993
    endloop
  endfacet
  facet normal 0.471401 -0.881919 0
    outer loop
      vertex 2.12615 -3.96331 15.7993
      vertex 2.25 -3.89711 0
      vertex 2.25 -3.89711 16.0395
    endloop
  endfacet
  facet normal 0.471447 -0.881894 -3.061e-05
    outer loop
      vertex 2.12615 -3.96331 35.7993
      vertex 2.25 -3.89711 36.0395
      vertex 2.12852 -3.96205 36
    endloop
  endfacet
  facet normal 0.471401 -0.881919 0
    outer loop
      vertex 2.12615 -3.96331 35.7993
      vertex 2.25 -3.89711 17.2939
      vertex 2.25 -3.89711 36.0395
    endloop
  endfacet
  facet normal 0.47143 -0.881903 2.50993e-07
    outer loop
      vertex 1.9903 -4.03593 35.7562
      vertex 2.25 -3.89711 17.2939
      vertex 2.12615 -3.96331 35.7993
    endloop
  endfacet
  facet normal 0.471416 -0.881911 0
    outer loop
      vertex 2.25 -3.89711 17.2939
      vertex 1.9903 -4.03593 35.7562
      vertex 1.9903 -4.03593 17.2107
    endloop
  endfacet
  facet normal 0.471447 -0.881894 -3.061e-05
    outer loop
      vertex 2.12615 -3.96331 55.7993
      vertex 2.25 -3.89711 56.0395
      vertex 2.12852 -3.96205 56
    endloop
  endfacet
  facet normal 0.471401 -0.881919 0
    outer loop
      vertex 2.12615 -3.96331 55.7993
      vertex 2.25 -3.89711 37.2939
      vertex 2.25 -3.89711 56.0395
    endloop
  endfacet
  facet normal 0.47143 -0.881903 2.50993e-07
    outer loop
      vertex 1.9903 -4.03593 55.7562
      vertex 2.25 -3.89711 37.2939
      vertex 2.12615 -3.96331 55.7993
    endloop
  endfacet
  facet normal 0.471416 -0.881911 0
    outer loop
      vertex 2.25 -3.89711 37.2939
      vertex 1.9903 -4.03593 55.7562
      vertex 1.9903 -4.03593 37.2107
    endloop
  endfacet
  facet normal 0.471447 -0.881894 -3.061e-05
    outer loop
      vertex 2.12615 -3.96331 75.7993
      vertex 2.25 -3.89711 76.0395
      vertex 2.12852 -3.96205 76
    endloop
  endfacet
  facet normal 0.471401 -0.881919 0
    outer loop
      vertex 2.12615 -3.96331 75.7993
      vertex 2.25 -3.89711 57.2939
      vertex 2.25 -3.89711 76.0395
    endloop
  endfacet
  facet normal 0.47143 -0.881903 2.50993e-07
    outer loop
      vertex 1.9903 -4.03593 75.7562
      vertex 2.25 -3.89711 57.2939
      vertex 2.12615 -3.96331 75.7993
    endloop
  endfacet
  facet normal 0.471416 -0.881911 0
    outer loop
      vertex 2.25 -3.89711 57.2939
      vertex 1.9903 -4.03593 75.7562
      vertex 1.9903 -4.03593 57.2107
    endloop
  endfacet
  facet normal -0.999465 0.0327028 0
    outer loop
      vertex -4.5 0 0
      vertex -4.49037 0.294313 9.08954
      vertex -4.49037 0.294313 0
    endloop
  endfacet
  facet normal -0.999465 0.0327181 -4.97375e-07
    outer loop
      vertex -4.49037 0.294313 9.08954
      vertex -4.5 0 0
      vertex -4.49541 0.140353 9.13261
    endloop
  endfacet
  facet normal -0.999466 0.0326858 0
    outer loop
      vertex -4.5 0 9.3728
      vertex -4.49541 0.140353 9.13261
      vertex -4.5 0 0
    endloop
  endfacet
  facet normal -0.999464 0.0327521 3.87892e-05
    outer loop
      vertex -4.49541 0.140353 9.13261
      vertex -4.5 0 9.3728
      vertex -4.49549 0.137674 9.33333
    endloop
  endfacet
  facet normal -0.999465 0.0327028 0
    outer loop
      vertex -4.5 0 70.6272
      vertex -4.49037 0.294313 80
      vertex -4.49037 0.294313 70.544
    endloop
  endfacet
  facet normal -0.999465 0.0327028 0
    outer loop
      vertex -4.49037 0.294313 80
      vertex -4.5 0 70.6272
      vertex -4.5 0 80
    endloop
  endfacet
  facet normal -0.999465 0.0327028 0
    outer loop
      vertex -4.5 0 10.6272
      vertex -4.49037 0.294313 29.0895
      vertex -4.49037 0.294313 10.544
    endloop
  endfacet
  facet normal -0.999465 0.0327182 -2.45993e-07
    outer loop
      vertex -4.49037 0.294313 29.0895
      vertex -4.5 0 10.6272
      vertex -4.49541 0.140353 29.1326
    endloop
  endfacet
  facet normal -0.999466 0.0326858 0
    outer loop
      vertex -4.5 0 29.3728
      vertex -4.49541 0.140353 29.1326
      vertex -4.5 0 10.6272
    endloop
  endfacet
  facet normal -0.999464 0.0327521 3.87932e-05
    outer loop
      vertex -4.49541 0.140353 29.1326
      vertex -4.5 0 29.3728
      vertex -4.49549 0.137674 29.3333
    endloop
  endfacet
  facet normal -0.999465 0.0327028 0
    outer loop
      vertex -4.5 0 30.6272
      vertex -4.49037 0.294313 49.0895
      vertex -4.49037 0.294313 30.544
    endloop
  endfacet
  facet normal -0.999465 0.0327182 -2.45993e-07
    outer loop
      vertex -4.49037 0.294313 49.0895
      vertex -4.5 0 30.6272
      vertex -4.49541 0.140353 49.1326
    endloop
  endfacet
  facet normal -0.999466 0.0326858 0
    outer loop
      vertex -4.5 0 49.3728
      vertex -4.49541 0.140353 49.1326
      vertex -4.5 0 30.6272
    endloop
  endfacet
  facet normal -0.999464 0.0327521 3.87932e-05
    outer loop
      vertex -4.49541 0.140353 49.1326
      vertex -4.5 0 49.3728
      vertex -4.49549 0.137674 49.3333
    endloop
  endfacet
  facet normal -0.999465 0.0327028 0
    outer loop
      vertex -4.5 0 50.6272
      vertex -4.49037 0.294313 69.0895
      vertex -4.49037 0.294313 50.544
    endloop
  endfacet
  facet normal -0.999465 0.0327182 -2.45993e-07
    outer loop
      vertex -4.49037 0.294313 69.0895
      vertex -4.5 0 50.6272
      vertex -4.49541 0.140353 69.1326
    endloop
  endfacet
  facet normal -0.999466 0.0326858 0
    outer loop
      vertex -4.5 0 69.3728
      vertex -4.49541 0.140353 69.1326
      vertex -4.5 0 50.6272
    endloop
  endfacet
  facet normal -0.999464 0.0327521 3.87932e-05
    outer loop
      vertex -4.49541 0.140353 69.1326
      vertex -4.5 0 69.3728
      vertex -4.49549 0.137674 69.3333
    endloop
  endfacet
  facet normal -0.812851 0.582472 -2.798e-06
    outer loop
      vertex -3.72063 2.52935 68.8673
      vertex -3.57009 2.73943 68.5938
      vertex -3.71906 2.53154 68.6667
    endloop
  endfacet
  facet normal -0.812849 0.582475 0
    outer loop
      vertex -3.57009 2.73943 68.5938
      vertex -3.72063 2.52935 68.8673
      vertex -3.57009 2.73943 80
    endloop
  endfacet
  facet normal -0.81287 0.582446 8.24599e-07
    outer loop
      vertex -3.74161 2.50007 68.8773
      vertex -3.57009 2.73943 80
      vertex -3.72063 2.52935 68.8673
    endloop
  endfacet
  facet normal -0.812851 0.582471 0
    outer loop
      vertex -3.57009 2.73943 80
      vertex -3.74161 2.50007 68.8773
      vertex -3.74161 2.50007 80
    endloop
  endfacet
  facet normal -0.812851 0.582471 0
    outer loop
      vertex -3.74161 2.50007 0
      vertex -3.57009 2.73943 7.33917
      vertex -3.57009 2.73943 0
    endloop
  endfacet
  facet normal -0.812851 0.582471 0
    outer loop
      vertex -3.57009 2.73943 7.33917
      vertex -3.74161 2.50007 0
      vertex -3.74161 2.50007 7.42287
    endloop
  endfacet
  facet normal -0.812851 0.582472 -2.79688e-06
    outer loop
      vertex -3.72063 2.52935 8.86735
      vertex -3.57009 2.73943 8.59377
      vertex -3.71906 2.53154 8.66667
    endloop
  endfacet
  facet normal -0.812849 0.582475 0
    outer loop
      vertex -3.57009 2.73943 8.59377
      vertex -3.72063 2.52935 8.86735
      vertex -3.57009 2.73943 27.3392
    endloop
  endfacet
  facet normal -0.81287 0.582446 4.98243e-07
    outer loop
      vertex -3.74161 2.50007 8.87734
      vertex -3.57009 2.73943 27.3392
      vertex -3.72063 2.52935 8.86735
    endloop
  endfacet
  facet normal -0.812851 0.582471 0
    outer loop
      vertex -3.57009 2.73943 27.3392
      vertex -3.74161 2.50007 8.87734
      vertex -3.74161 2.50007 27.4229
    endloop
  endfacet
  facet normal -0.812851 0.582472 -2.7966e-06
    outer loop
      vertex -3.72063 2.52935 28.8674
      vertex -3.57009 2.73943 28.5938
      vertex -3.71906 2.53154 28.6667
    endloop
  endfacet
  facet normal -0.812849 0.582475 0
    outer loop
      vertex -3.57009 2.73943 28.5938
      vertex -3.72063 2.52935 28.8674
      vertex -3.57009 2.73943 47.3392
    endloop
  endfacet
  facet normal -0.81287 0.582446 4.98261e-07
    outer loop
      vertex -3.74161 2.50007 28.8773
      vertex -3.57009 2.73943 47.3392
      vertex -3.72063 2.52935 28.8674
    endloop
  endfacet
  facet normal -0.812851 0.582471 0
    outer loop
      vertex -3.57009 2.73943 47.3392
      vertex -3.74161 2.50007 28.8773
      vertex -3.74161 2.50007 47.4229
    endloop
  endfacet
  facet normal -0.812851 0.582472 -2.7966e-06
    outer loop
      vertex -3.72063 2.52935 48.8674
      vertex -3.57009 2.73943 48.5938
      vertex -3.71906 2.53154 48.6667
    endloop
  endfacet
  facet normal -0.812849 0.582475 0
    outer loop
      vertex -3.57009 2.73943 48.5938
      vertex -3.72063 2.52935 48.8674
      vertex -3.57009 2.73943 67.3392
    endloop
  endfacet
  facet normal -0.81287 0.582446 4.98261e-07
    outer loop
      vertex -3.74161 2.50007 48.8773
      vertex -3.57009 2.73943 67.3392
      vertex -3.72063 2.52935 48.8674
    endloop
  endfacet
  facet normal -0.812851 0.582471 0
    outer loop
      vertex -3.57009 2.73943 67.3392
      vertex -3.74161 2.50007 48.8773
      vertex -3.74161 2.50007 67.4229
    endloop
  endfacet
  facet normal 0.162996 -0.986627 -2.85707e-05
    outer loop
      vertex 0.797361 -4.42683 14.7993
      vertex 0.877906 -4.41353 15.0227
      vertex 0.799999 -4.4264 15
    endloop
  endfacet
  facet normal 0.162901 -0.986642 0
    outer loop
      vertex 0.877906 -4.41353 0
      vertex 0.587367 -4.4615 14.7396
      vertex 0.587367 -4.4615 0
    endloop
  endfacet
  facet normal 0.162895 -0.986643 -1.34735e-07
    outer loop
      vertex 0.587367 -4.4615 14.7396
      vertex 0.877906 -4.41353 0
      vertex 0.797361 -4.42683 14.7993
    endloop
  endfacet
  facet normal 0.162919 -0.986639 0
    outer loop
      vertex 0.797361 -4.42683 14.7993
      vertex 0.877906 -4.41353 0
      vertex 0.877906 -4.41353 15.0227
    endloop
  endfacet
  facet normal 0.162901 -0.986642 0
    outer loop
      vertex 0.587367 -4.4615 80
      vertex 0.877906 -4.41353 76.2771
      vertex 0.877906 -4.41353 80
    endloop
  endfacet
  facet normal 0.162901 -0.986642 5.613e-10
    outer loop
      vertex 0.587367 -4.4615 80
      vertex 0.610019 -4.45776 76.2007
      vertex 0.877906 -4.41353 76.2771
    endloop
  endfacet
  facet normal 0.162901 -0.986642 0
    outer loop
      vertex 0.587367 -4.4615 75.9942
      vertex 0.610019 -4.45776 76.2007
      vertex 0.587367 -4.4615 80
    endloop
  endfacet
  facet normal 0.16264 -0.986685 2.94486e-05
    outer loop
      vertex 0.610019 -4.45776 76.2007
      vertex 0.587367 -4.4615 75.9942
      vertex 0.607386 -4.4582 76
    endloop
  endfacet
  facet normal 0.162996 -0.986627 -2.85707e-05
    outer loop
      vertex 0.797361 -4.42683 34.7993
      vertex 0.877906 -4.41353 35.0227
      vertex 0.799999 -4.4264 35
    endloop
  endfacet
  facet normal 0.162919 -0.986639 0
    outer loop
      vertex 0.797361 -4.42683 34.7993
      vertex 0.877906 -4.41353 16.2771
      vertex 0.877906 -4.41353 35.0227
    endloop
  endfacet
  facet normal 0.162895 -0.986643 -1.07687e-07
    outer loop
      vertex 0.587367 -4.4615 34.7396
      vertex 0.877906 -4.41353 16.2771
      vertex 0.797361 -4.42683 34.7993
    endloop
  endfacet
  facet normal 0.162901 -0.986642 1.15186e-10
    outer loop
      vertex 0.587367 -4.4615 34.7396
      vertex 0.610019 -4.45776 16.2007
      vertex 0.877906 -4.41353 16.2771
    endloop
  endfacet
  facet normal 0.162901 -0.986642 0
    outer loop
      vertex 0.587367 -4.4615 15.9942
      vertex 0.610019 -4.45776 16.2007
      vertex 0.587367 -4.4615 34.7396
    endloop
  endfacet
  facet normal 0.16264 -0.986685 2.94486e-05
    outer loop
      vertex 0.610019 -4.45776 16.2007
      vertex 0.587367 -4.4615 15.9942
      vertex 0.607386 -4.4582 16
    endloop
  endfacet
  facet normal 0.162996 -0.986627 -2.85707e-05
    outer loop
      vertex 0.797361 -4.42683 54.7993
      vertex 0.877906 -4.41353 55.0227
      vertex 0.799999 -4.4264 55
    endloop
  endfacet
  facet normal 0.162919 -0.986639 0
    outer loop
      vertex 0.797361 -4.42683 54.7993
      vertex 0.877906 -4.41353 36.2771
      vertex 0.877906 -4.41353 55.0227
    endloop
  endfacet
  facet normal 0.162895 -0.986643 -1.07687e-07
    outer loop
      vertex 0.587367 -4.4615 54.7396
      vertex 0.877906 -4.41353 36.2771
      vertex 0.797361 -4.42683 54.7993
    endloop
  endfacet
  facet normal 0.162901 -0.986642 1.15186e-10
    outer loop
      vertex 0.587367 -4.4615 54.7396
      vertex 0.610019 -4.45776 36.2007
      vertex 0.877906 -4.41353 36.2771
    endloop
  endfacet
  facet normal 0.162901 -0.986642 0
    outer loop
      vertex 0.587367 -4.4615 35.9942
      vertex 0.610019 -4.45776 36.2007
      vertex 0.587367 -4.4615 54.7396
    endloop
  endfacet
  facet normal 0.16264 -0.986685 2.94486e-05
    outer loop
      vertex 0.610019 -4.45776 36.2007
      vertex 0.587367 -4.4615 35.9942
      vertex 0.607386 -4.4582 36
    endloop
  endfacet
  facet normal 0.162996 -0.986627 -2.85707e-05
    outer loop
      vertex 0.797361 -4.42683 74.7993
      vertex 0.877906 -4.41353 75.0227
      vertex 0.799999 -4.4264 75
    endloop
  endfacet
  facet normal 0.162919 -0.986639 0
    outer loop
      vertex 0.797361 -4.42683 74.7993
      vertex 0.877906 -4.41353 56.2771
      vertex 0.877906 -4.41353 75.0227
    endloop
  endfacet
  facet normal 0.162895 -0.986643 -1.07687e-07
    outer loop
      vertex 0.587367 -4.4615 74.7396
      vertex 0.877906 -4.41353 56.2771
      vertex 0.797361 -4.42683 74.7993
    endloop
  endfacet
  facet normal 0.162901 -0.986642 1.15186e-10
    outer loop
      vertex 0.587367 -4.4615 74.7396
      vertex 0.610019 -4.45776 56.2007
      vertex 0.877906 -4.41353 56.2771
    endloop
  endfacet
  facet normal 0.162901 -0.986642 0
    outer loop
      vertex 0.587367 -4.4615 55.9942
      vertex 0.610019 -4.45776 56.2007
      vertex 0.587367 -4.4615 74.7396
    endloop
  endfacet
  facet normal 0.16264 -0.986685 2.94486e-05
    outer loop
      vertex 0.610019 -4.45776 56.2007
      vertex 0.587367 -4.4615 55.9942
      vertex 0.607386 -4.4582 56
    endloop
  endfacet
  facet normal 0.290316 0.956931 0
    outer loop
      vertex 1.44648 4.26118 80
      vertex 1.16469 4.34667 64.8939
      vertex 1.16469 4.34667 80
    endloop
  endfacet
  facet normal 0.290308 0.956933 1.54381e-07
    outer loop
      vertex 1.44648 4.26118 80
      vertex 1.2557 4.31906 64.8674
      vertex 1.16469 4.34667 64.8939
    endloop
  endfacet
  facet normal 0.290319 0.95693 -0
    outer loop
      vertex 1.44648 4.26118 64.6105
      vertex 1.2557 4.31906 64.8674
      vertex 1.44648 4.26118 80
    endloop
  endfacet
  facet normal 0.290276 0.956943 -3.52444e-05
    outer loop
      vertex 1.2557 4.31906 64.8674
      vertex 1.44648 4.26118 64.6105
      vertex 1.25828 4.31827 64.6667
    endloop
  endfacet
  facet normal 0.290316 0.956931 0
    outer loop
      vertex 1.16469 4.34667 0
      vertex 1.44648 4.26118 3.356
      vertex 1.44648 4.26118 0
    endloop
  endfacet
  facet normal 0.290316 0.956931 0
    outer loop
      vertex 1.44648 4.26118 3.356
      vertex 1.16469 4.34667 0
      vertex 1.16469 4.34667 3.43946
    endloop
  endfacet
  facet normal 0.290316 0.956931 0
    outer loop
      vertex 1.44648 4.26118 23.356
      vertex 1.16469 4.34667 4.89387
      vertex 1.16469 4.34667 23.4395
    endloop
  endfacet
  facet normal 0.290308 0.956933 1.26442e-07
    outer loop
      vertex 1.44648 4.26118 23.356
      vertex 1.2557 4.31906 4.86738
      vertex 1.16469 4.34667 4.89387
    endloop
  endfacet
  facet normal 0.290319 0.95693 -0
    outer loop
      vertex 1.44648 4.26118 4.61046
      vertex 1.2557 4.31906 4.86738
      vertex 1.44648 4.26118 23.356
    endloop
  endfacet
  facet normal 0.290276 0.956943 -3.52427e-05
    outer loop
      vertex 1.2557 4.31906 4.86738
      vertex 1.44648 4.26118 4.61046
      vertex 1.25828 4.31827 4.66667
    endloop
  endfacet
  facet normal 0.290316 0.956931 0
    outer loop
      vertex 1.44648 4.26118 43.356
      vertex 1.16469 4.34667 24.8939
      vertex 1.16469 4.34667 43.4395
    endloop
  endfacet
  facet normal 0.290308 0.956933 1.26442e-07
    outer loop
      vertex 1.44648 4.26118 43.356
      vertex 1.2557 4.31906 24.8674
      vertex 1.16469 4.34667 24.8939
    endloop
  endfacet
  facet normal 0.290319 0.95693 -0
    outer loop
      vertex 1.44648 4.26118 24.6105
      vertex 1.2557 4.31906 24.8674
      vertex 1.44648 4.26118 43.356
    endloop
  endfacet
  facet normal 0.290276 0.956943 -3.52444e-05
    outer loop
      vertex 1.2557 4.31906 24.8674
      vertex 1.44648 4.26118 24.6105
      vertex 1.25828 4.31827 24.6667
    endloop
  endfacet
  facet normal 0.290316 0.956931 0
    outer loop
      vertex 1.44648 4.26118 63.356
      vertex 1.16469 4.34667 44.8939
      vertex 1.16469 4.34667 63.4395
    endloop
  endfacet
  facet normal 0.290308 0.956933 1.26442e-07
    outer loop
      vertex 1.44648 4.26118 63.356
      vertex 1.2557 4.31906 44.8674
      vertex 1.16469 4.34667 44.8939
    endloop
  endfacet
  facet normal 0.290319 0.95693 -0
    outer loop
      vertex 1.44648 4.26118 44.6105
      vertex 1.2557 4.31906 44.8674
      vertex 1.44648 4.26118 63.356
    endloop
  endfacet
  facet normal 0.290276 0.956943 -3.52444e-05
    outer loop
      vertex 1.2557 4.31906 44.8674
      vertex 1.44648 4.26118 44.6105
      vertex 1.25828 4.31827 44.6667
    endloop
  endfacet
  facet normal 0.352236 0.935911 0
    outer loop
      vertex 1.72207 4.15746 80
      vertex 1.44648 4.26118 64.6105
      vertex 1.44648 4.26118 80
    endloop
  endfacet
  facet normal 0.352249 0.935906 -2.70985e-07
    outer loop
      vertex 1.72207 4.15746 80
      vertex 1.70059 4.16554 64.534
      vertex 1.44648 4.26118 64.6105
    endloop
  endfacet
  facet normal 0.352078 0.935971 -0
    outer loop
      vertex 1.72207 4.15746 64.3275
      vertex 1.70059 4.16554 64.534
      vertex 1.72207 4.15746 80
    endloop
  endfacet
  facet normal 0.352097 0.935964 2.17047e-06
    outer loop
      vertex 1.70059 4.16554 64.534
      vertex 1.72207 4.15746 64.3275
      vertex 1.70309 4.1646 64.3333
    endloop
  endfacet
  facet normal 0.352207 0.935922 3.73715e-06
    outer loop
      vertex 1.52288 4.23243 3.13262
      vertex 1.44648 4.26118 3.356
      vertex 1.52038 4.23337 3.33333
    endloop
  endfacet
  facet normal 0.352236 0.935911 0
    outer loop
      vertex 1.44648 4.26118 0
      vertex 1.72207 4.15746 3.0729
      vertex 1.72207 4.15746 0
    endloop
  endfacet
  facet normal 0.35225 0.935906 -1.48229e-06
    outer loop
      vertex 1.72207 4.15746 3.0729
      vertex 1.44648 4.26118 0
      vertex 1.52288 4.23243 3.13262
    endloop
  endfacet
  facet normal 0.352197 0.935926 0
    outer loop
      vertex 1.52288 4.23243 3.13262
      vertex 1.44648 4.26118 0
      vertex 1.44648 4.26118 3.356
    endloop
  endfacet
  facet normal 0.352207 0.935922 3.73736e-06
    outer loop
      vertex 1.52288 4.23243 23.1326
      vertex 1.44648 4.26118 23.356
      vertex 1.52038 4.23337 23.3333
    endloop
  endfacet
  facet normal 0.352197 0.935926 0
    outer loop
      vertex 1.52288 4.23243 23.1326
      vertex 1.44648 4.26118 4.61046
      vertex 1.44648 4.26118 23.356
    endloop
  endfacet
  facet normal 0.352251 0.935906 -2.52219e-07
    outer loop
      vertex 1.72207 4.15746 23.0729
      vertex 1.44648 4.26118 4.61046
      vertex 1.52288 4.23243 23.1326
    endloop
  endfacet
  facet normal 0.352249 0.935906 -2.26084e-07
    outer loop
      vertex 1.72207 4.15746 23.0729
      vertex 1.70059 4.16554 4.53401
      vertex 1.44648 4.26118 4.61046
    endloop
  endfacet
  facet normal 0.352078 0.935971 -0
    outer loop
      vertex 1.72207 4.15746 4.3275
      vertex 1.70059 4.16554 4.53401
      vertex 1.72207 4.15746 23.0729
    endloop
  endfacet
  facet normal 0.352097 0.935964 2.17073e-06
    outer loop
      vertex 1.70059 4.16554 4.53401
      vertex 1.72207 4.15746 4.3275
      vertex 1.70309 4.1646 4.33333
    endloop
  endfacet
  facet normal 0.352207 0.935922 3.73736e-06
    outer loop
      vertex 1.52288 4.23243 43.1326
      vertex 1.44648 4.26118 43.356
      vertex 1.52038 4.23337 43.3333
    endloop
  endfacet
  facet normal 0.352197 0.935926 0
    outer loop
      vertex 1.52288 4.23243 43.1326
      vertex 1.44648 4.26118 24.6105
      vertex 1.44648 4.26118 43.356
    endloop
  endfacet
  facet normal 0.352251 0.935906 -2.5222e-07
    outer loop
      vertex 1.72207 4.15746 43.0729
      vertex 1.44648 4.26118 24.6105
      vertex 1.52288 4.23243 43.1326
    endloop
  endfacet
  facet normal 0.352249 0.935906 -2.26084e-07
    outer loop
      vertex 1.72207 4.15746 43.0729
      vertex 1.70059 4.16554 24.534
      vertex 1.44648 4.26118 24.6105
    endloop
  endfacet
  facet normal 0.352078 0.935971 -0
    outer loop
      vertex 1.72207 4.15746 24.3275
      vertex 1.70059 4.16554 24.534
      vertex 1.72207 4.15746 43.0729
    endloop
  endfacet
  facet normal 0.352097 0.935964 2.17047e-06
    outer loop
      vertex 1.70059 4.16554 24.534
      vertex 1.72207 4.15746 24.3275
      vertex 1.70309 4.1646 24.3333
    endloop
  endfacet
  facet normal 0.352207 0.935922 3.73736e-06
    outer loop
      vertex 1.52288 4.23243 63.1326
      vertex 1.44648 4.26118 63.356
      vertex 1.52038 4.23337 63.3333
    endloop
  endfacet
  facet normal 0.352197 0.935926 0
    outer loop
      vertex 1.52288 4.23243 63.1326
      vertex 1.44648 4.26118 44.6105
      vertex 1.44648 4.26118 63.356
    endloop
  endfacet
  facet normal 0.352251 0.935906 -2.5222e-07
    outer loop
      vertex 1.72207 4.15746 63.0729
      vertex 1.44648 4.26118 44.6105
      vertex 1.52288 4.23243 63.1326
    endloop
  endfacet
  facet normal 0.352249 0.935906 -2.26084e-07
    outer loop
      vertex 1.72207 4.15746 63.0729
      vertex 1.70059 4.16554 44.534
      vertex 1.44648 4.26118 44.6105
    endloop
  endfacet
  facet normal 0.352078 0.935971 -0
    outer loop
      vertex 1.72207 4.15746 44.3275
      vertex 1.70059 4.16554 44.534
      vertex 1.72207 4.15746 63.0729
    endloop
  endfacet
  facet normal 0.352097 0.935964 2.17047e-06
    outer loop
      vertex 1.70059 4.16554 44.534
      vertex 1.72207 4.15746 44.3275
      vertex 1.70309 4.1646 44.3333
    endloop
  endfacet
  facet normal 0 0 -1
    outer loop
      vertex 4.4264 -0.799999 0
      vertex 11 0.799999 0
      vertex 11 -0.799999 0
    endloop
  endfacet
  facet normal 0 0 -1
    outer loop
      vertex 4.4264 -0.799999 0
      vertex 4.4264 0.799999 0
      vertex 11 0.799999 0
    endloop
  endfacet
  facet normal 0 0 -1
    outer loop
      vertex 1.8 -1.87452 0
      vertex 4.4264 -0.799999 0
      vertex 4.41353 -0.877906 0
    endloop
  endfacet
  facet normal -0 0 -1
    outer loop
      vertex 4.4264 -0.799999 0
      vertex 1.8 -1.87452 0
      vertex 4.4264 0.799999 0
    endloop
  endfacet
  facet normal 0 0 -1
    outer loop
      vertex 1.8 -1.87452 0
      vertex 4.41353 -0.877906 0
      vertex 4.34667 -1.16469 0
    endloop
  endfacet
  facet normal 0 0 -1
    outer loop
      vertex 1.8 1.87452 0
      vertex 4.4264 0.799999 0
      vertex 1.8 -1.87452 0
    endloop
  endfacet
  facet normal 0 0 -1
    outer loop
      vertex 1.8 -1.87452 0
      vertex 4.34667 -1.16469 0
      vertex 4.26118 -1.44648 0
    endloop
  endfacet
  facet normal 0 0 -1
    outer loop
      vertex 4.4264 0.799999 0
      vertex 1.8 1.87452 0
      vertex 4.41353 0.877906 0
    endloop
  endfacet
  facet normal 0 0 -1
    outer loop
      vertex 1.8 -1.87452 0
      vertex 4.26118 -1.44648 0
      vertex 4.15746 -1.72207 0
    endloop
  endfacet
  facet normal 0 0 -1
    outer loop
      vertex 4.41353 0.877906 0
      vertex 1.8 1.87452 0
      vertex 4.34667 1.16469 0
    endloop
  endfacet
  facet normal 0 0 -1
    outer loop
      vertex 1.8 -1.87452 0
      vertex 4.15746 -1.72207 0
      vertex 4.03593 -1.9903 0
    endloop
  endfacet
  facet normal 0 0 -1
    outer loop
      vertex 4.34667 1.16469 0
      vertex 1.8 1.87452 0
      vertex 4.26118 1.44648 0
    endloop
  endfacet
  facet normal 0 0 -1
    outer loop
      vertex 1.8 -1.87452 0
      vertex 4.03593 -1.9903 0
      vertex 3.89711 -2.25 0
    endloop
  endfacet
  facet normal 0 0 -1
    outer loop
      vertex 4.26118 1.44648 0
      vertex 1.8 1.87452 0
      vertex 4.15746 1.72207 0
    endloop
  endfacet
  facet normal 0 0 -1
    outer loop
      vertex 1.8 -1.87452 0
      vertex 3.89711 -2.25 0
      vertex 3.74161 -2.50007 0
    endloop
  endfacet
  facet normal 0 0 -1
    outer loop
      vertex 4.15746 1.72207 0
      vertex 1.8 1.87452 0
      vertex 4.03593 1.9903 0
    endloop
  endfacet
  facet normal 0 0 -1
    outer loop
      vertex 1.8 -1.87452 0
      vertex 3.74161 -2.50007 0
      vertex 3.57009 -2.73943 0
    endloop
  endfacet
  facet normal -0 0 -1
    outer loop
      vertex 4.03593 1.9903 0
      vertex 1.8 1.87452 0
      vertex 3.89711 2.25 0
    endloop
  endfacet
  facet normal 0 0 -1
    outer loop
      vertex 1.8 -1.87452 0
      vertex 3.57009 -2.73943 0
      vertex 3.38328 -2.96706 0
    endloop
  endfacet
  facet normal -0 0 -1
    outer loop
      vertex 3.89711 2.25 0
      vertex 1.8 1.87452 0
      vertex 3.74161 2.50007 0
    endloop
  endfacet
  facet normal 0 0 -1
    outer loop
      vertex 1.8 -1.87452 0
      vertex 3.38328 -2.96706 0
      vertex 3.18198 -3.18198 0
    endloop
  endfacet
  facet normal -0 0 -1
    outer loop
      vertex 3.74161 2.50007 0
      vertex 1.8 1.87452 0
      vertex 3.57009 2.73943 0
    endloop
  endfacet
  facet normal 0 0 -1
    outer loop
      vertex 1.8 -1.87452 0
      vertex 3.18198 -3.18198 0
      vertex 2.96706 -3.38328 0
    endloop
  endfacet
  facet normal -0 0 -1
    outer loop
      vertex 3.57009 2.73943 0
      vertex 1.8 1.87452 0
      vertex 3.38328 2.96706 0
    endloop
  endfacet
  facet normal 0 0 -1
    outer loop
      vertex 1.7143 -1.95478 0
      vertex 2.96706 -3.38328 0
      vertex 2.73943 -3.57009 0
    endloop
  endfacet
  facet normal -0 0 -1
    outer loop
      vertex 3.38328 2.96706 0
      vertex 1.8 1.87452 0
      vertex 3.18198 3.18198 0
    endloop
  endfacet
  facet normal 0 0 -1
    outer loop
      vertex 1.58278 -2.06272 0
      vertex 2.73943 -3.57009 0
      vertex 2.50007 -3.74161 0
    endloop
  endfacet
  facet normal -0 0 -1
    outer loop
      vertex 3.18198 3.18198 0
      vertex 1.8 1.87452 0
      vertex 2.96706 3.38328 0
    endloop
  endfacet
  facet normal 0 0 -1
    outer loop
      vertex 1.44448 -2.16182 0
      vertex 2.50007 -3.74161 0
      vertex 2.25 -3.89711 0
    endloop
  endfacet
  facet normal 0 0 -1
    outer loop
      vertex 1.7143 1.95478 0
      vertex 2.96706 3.38328 0
      vertex 1.8 1.87452 0
    endloop
  endfacet
  facet normal 0 0 -1
    outer loop
      vertex 1.3 -2.25167 0
      vertex 2.25 -3.89711 0
      vertex 1.9903 -4.03593 0
    endloop
  endfacet
  facet normal -0 0 -1
    outer loop
      vertex 2.96706 3.38328 0
      vertex 1.7143 1.95478 0
      vertex 2.73943 3.57009 0
    endloop
  endfacet
  facet normal 0 0 -1
    outer loop
      vertex 1.58278 2.06272 0
      vertex 2.73943 3.57009 0
      vertex 1.7143 1.95478 0
    endloop
  endfacet
  facet normal 0 0 -1
    outer loop
      vertex 1.14995 -2.33187 0
      vertex 1.9903 -4.03593 0
      vertex 1.72207 -4.15746 0
    endloop
  endfacet
  facet normal 0 0 -1
    outer loop
      vertex 2.96706 -3.38328 0
      vertex 1.7143 -1.95478 0
      vertex 1.8 -1.87452 0
    endloop
  endfacet
  facet normal 0 0 -1
    outer loop
      vertex 2.73943 -3.57009 0
      vertex 1.58278 -2.06272 0
      vertex 1.7143 -1.95478 0
    endloop
  endfacet
  facet normal 0 0 -1
    outer loop
      vertex 0.994976 -2.40209 0
      vertex 1.72207 -4.15746 0
      vertex 1.44648 -4.26118 0
    endloop
  endfacet
  facet normal 0 0 -1
    outer loop
      vertex 2.50007 -3.74161 0
      vertex 1.44448 -2.16182 0
      vertex 1.58278 -2.06272 0
    endloop
  endfacet
  facet normal 0 0 -1
    outer loop
      vertex 2.25 -3.89711 0
      vertex 1.3 -2.25167 0
      vertex 1.44448 -2.16182 0
    endloop
  endfacet
  facet normal 0 0 -1
    outer loop
      vertex 0.835742 -2.46202 0
      vertex 1.44648 -4.26118 0
      vertex 1.16469 -4.34667 0
    endloop
  endfacet
  facet normal 0 0 -1
    outer loop
      vertex 1.9903 -4.03593 0
      vertex 1.14995 -2.33187 0
      vertex 1.3 -2.25167 0
    endloop
  endfacet
  facet normal 0 0 -1
    outer loop
      vertex 1.72207 -4.15746 0
      vertex 0.994976 -2.40209 0
      vertex 1.14995 -2.33187 0
    endloop
  endfacet
  facet normal 0 0 -1
    outer loop
      vertex 0.672929 -2.51141 0
      vertex 1.16469 -4.34667 0
      vertex 0.877906 -4.41353 0
    endloop
  endfacet
  facet normal 0 0 -1
    outer loop
      vertex 1.44648 -4.26118 0
      vertex 0.835742 -2.46202 0
      vertex 0.994976 -2.40209 0
    endloop
  endfacet
  facet normal 0 0 -1
    outer loop
      vertex 1.16469 -4.34667 0
      vertex 0.672929 -2.51141 0
      vertex 0.835742 -2.46202 0
    endloop
  endfacet
  facet normal 0 0 -1
    outer loop
      vertex 0.507235 -2.55004 0
      vertex 0.877906 -4.41353 0
      vertex 0.587367 -4.4615 0
    endloop
  endfacet
  facet normal 0 0 -1
    outer loop
      vertex 0.877906 -4.41353 0
      vertex 0.507235 -2.55004 0
      vertex 0.672929 -2.51141 0
    endloop
  endfacet
  facet normal 0 0 -1
    outer loop
      vertex 0.587367 -4.4615 0
      vertex 0.339368 -2.57776 0
      vertex 0.507235 -2.55004 0
    endloop
  endfacet
  facet normal 0 0 -1
    outer loop
      vertex 0.294313 -4.49037 0
      vertex 0.339368 -2.57776 0
      vertex 0.587367 -4.4615 0
    endloop
  endfacet
  facet normal 0 0 -1
    outer loop
      vertex 0.294313 -4.49037 0
      vertex 0.170048 -2.59443 0
      vertex 0.339368 -2.57776 0
    endloop
  endfacet
  facet normal 0 0 -1
    outer loop
      vertex 0 -4.5 0
      vertex 0.170048 -2.59443 0
      vertex 0.294313 -4.49037 0
    endloop
  endfacet
  facet normal 0 0 -1
    outer loop
      vertex 0 -4.5 0
      vertex 0 -2.6 0
      vertex 0.170048 -2.59443 0
    endloop
  endfacet
  facet normal 0 0 -1
    outer loop
      vertex 0 -4.5 0
      vertex -0.170048 -2.59443 0
      vertex 0 -2.6 0
    endloop
  endfacet
  facet normal 0 0 -1
    outer loop
      vertex -0.294313 -4.49037 0
      vertex -0.170048 -2.59443 0
      vertex 0 -4.5 0
    endloop
  endfacet
  facet normal 0 0 -1
    outer loop
      vertex -0.294313 -4.49037 0
      vertex -0.339368 -2.57776 0
      vertex -0.170048 -2.59443 0
    endloop
  endfacet
  facet normal 0 0 -1
    outer loop
      vertex -0.587367 -4.4615 0
      vertex -0.339368 -2.57776 0
      vertex -0.294313 -4.49037 0
    endloop
  endfacet
  facet normal -0 0 -1
    outer loop
      vertex -0.339368 -2.57776 0
      vertex -0.587367 -4.4615 0
      vertex -0.507235 -2.55004 0
    endloop
  endfacet
  facet normal 0 0 -1
    outer loop
      vertex -0.877906 -4.41353 0
      vertex -0.507235 -2.55004 0
      vertex -0.587367 -4.4615 0
    endloop
  endfacet
  facet normal -0 0 -1
    outer loop
      vertex -0.507235 -2.55004 0
      vertex -0.877906 -4.41353 0
      vertex -0.672929 -2.51141 0
    endloop
  endfacet
  facet normal 0 0 -1
    outer loop
      vertex -1.16469 -4.34667 0
      vertex -0.672929 -2.51141 0
      vertex -0.877906 -4.41353 0
    endloop
  endfacet
  facet normal -0 0 -1
    outer loop
      vertex -0.672929 -2.51141 0
      vertex -1.16469 -4.34667 0
      vertex -0.835742 -2.46202 0
    endloop
  endfacet
  facet normal 0 0 -1
    outer loop
      vertex -1.44648 -4.26118 0
      vertex -0.835742 -2.46202 0
      vertex -1.16469 -4.34667 0
    endloop
  endfacet
  facet normal -0 0 -1
    outer loop
      vertex -0.835742 -2.46202 0
      vertex -1.44648 -4.26118 0
      vertex -0.994976 -2.40209 0
    endloop
  endfacet
  facet normal 0 0 -1
    outer loop
      vertex -1.72207 -4.15746 0
      vertex -0.994976 -2.40209 0
      vertex -1.44648 -4.26118 0
    endloop
  endfacet
  facet normal -0 0 -1
    outer loop
      vertex -0.994976 -2.40209 0
      vertex -1.72207 -4.15746 0
      vertex -1.14995 -2.33187 0
    endloop
  endfacet
  facet normal 0 0 -1
    outer loop
      vertex -1.9903 -4.03593 0
      vertex -1.14995 -2.33187 0
      vertex -1.72207 -4.15746 0
    endloop
  endfacet
  facet normal -0 0 -1
    outer loop
      vertex -1.14995 -2.33187 0
      vertex -1.9903 -4.03593 0
      vertex -1.3 -2.25167 0
    endloop
  endfacet
  facet normal 0 0 -1
    outer loop
      vertex -2.25 -3.89711 0
      vertex -1.3 -2.25167 0
      vertex -1.9903 -4.03593 0
    endloop
  endfacet
  facet normal -0 0 -1
    outer loop
      vertex -1.3 -2.25167 0
      vertex -2.25 -3.89711 0
      vertex -1.44448 -2.16182 0
    endloop
  endfacet
  facet normal 0 0 -1
    outer loop
      vertex -2.50007 -3.74161 0
      vertex -1.44448 -2.16182 0
      vertex -2.25 -3.89711 0
    endloop
  endfacet
  facet normal -0 0 -1
    outer loop
      vertex -1.44448 -2.16182 0
      vertex -2.50007 -3.74161 0
      vertex -1.58278 -2.06272 0
    endloop
  endfacet
  facet normal 0 0 -1
    outer loop
      vertex -2.73943 -3.57009 0
      vertex -1.58278 -2.06272 0
      vertex -2.50007 -3.74161 0
    endloop
  endfacet
  facet normal -0 0 -1
    outer loop
      vertex -1.58278 -2.06272 0
      vertex -2.73943 -3.57009 0
      vertex -1.7143 -1.95478 0
    endloop
  endfacet
  facet normal 0 0 -1
    outer loop
      vertex -2.96706 -3.38328 0
      vertex -1.7143 -1.95478 0
      vertex -2.73943 -3.57009 0
    endloop
  endfacet
  facet normal -0 0 -1
    outer loop
      vertex -1.7143 -1.95478 0
      vertex -2.96706 -3.38328 0
      vertex -1.83848 -1.83848 0
    endloop
  endfacet
  facet normal 0 0 -1
    outer loop
      vertex -3.18198 -3.18198 0
      vertex -1.83848 -1.83848 0
      vertex -2.96706 -3.38328 0
    endloop
  endfacet
  facet normal -0 0 -1
    outer loop
      vertex -1.83848 -1.83848 0
      vertex -3.18198 -3.18198 0
      vertex -1.95478 -1.7143 0
    endloop
  endfacet
  facet normal 0 0 -1
    outer loop
      vertex -3.38328 -2.96706 0
      vertex -1.95478 -1.7143 0
      vertex -3.18198 -3.18198 0
    endloop
  endfacet
  facet normal -0 0 -1
    outer loop
      vertex -1.95478 -1.7143 0
      vertex -3.38328 -2.96706 0
      vertex -2.06272 -1.58278 0
    endloop
  endfacet
  facet normal 0 0 -1
    outer loop
      vertex -3.57009 -2.73943 0
      vertex -2.06272 -1.58278 0
      vertex -3.38328 -2.96706 0
    endloop
  endfacet
  facet normal -0 0 -1
    outer loop
      vertex -2.06272 -1.58278 0
      vertex -3.57009 -2.73943 0
      vertex -2.16182 -1.44448 0
    endloop
  endfacet
  facet normal 0 0 -1
    outer loop
      vertex -3.74161 -2.50007 0
      vertex -2.16182 -1.44448 0
      vertex -3.57009 -2.73943 0
    endloop
  endfacet
  facet normal -0 0 -1
    outer loop
      vertex -2.16182 -1.44448 0
      vertex -3.74161 -2.50007 0
      vertex -2.25167 -1.3 0
    endloop
  endfacet
  facet normal 0 0 -1
    outer loop
      vertex -3.89711 -2.25 0
      vertex -2.25167 -1.3 0
      vertex -3.74161 -2.50007 0
    endloop
  endfacet
  facet normal -0 0 -1
    outer loop
      vertex -2.25167 -1.3 0
      vertex -3.89711 -2.25 0
      vertex -2.33187 -1.14995 0
    endloop
  endfacet
  facet normal 0 0 -1
    outer loop
      vertex -4.03593 -1.9903 0
      vertex -2.33187 -1.14995 0
      vertex -3.89711 -2.25 0
    endloop
  endfacet
  facet normal -0 0 -1
    outer loop
      vertex 2.73943 3.57009 0
      vertex 1.58278 2.06272 0
      vertex 2.50007 3.74161 0
    endloop
  endfacet
  facet normal 0 0 -1
    outer loop
      vertex 1.44448 2.16182 0
      vertex 2.50007 3.74161 0
      vertex 1.58278 2.06272 0
    endloop
  endfacet
  facet normal -0 0 -1
    outer loop
      vertex 2.50007 3.74161 0
      vertex 1.44448 2.16182 0
      vertex 2.25 3.89711 0
    endloop
  endfacet
  facet normal 0 0 -1
    outer loop
      vertex 1.3 2.25167 0
      vertex 2.25 3.89711 0
      vertex 1.44448 2.16182 0
    endloop
  endfacet
  facet normal -0 0 -1
    outer loop
      vertex 2.25 3.89711 0
      vertex 1.3 2.25167 0
      vertex 1.9903 4.03593 0
    endloop
  endfacet
  facet normal 0 0 -1
    outer loop
      vertex 1.14995 2.33187 0
      vertex 1.9903 4.03593 0
      vertex 1.3 2.25167 0
    endloop
  endfacet
  facet normal -0 0 -1
    outer loop
      vertex 1.9903 4.03593 0
      vertex 1.14995 2.33187 0
      vertex 1.72207 4.15746 0
    endloop
  endfacet
  facet normal 0 0 -1
    outer loop
      vertex 0.994976 2.40209 0
      vertex 1.72207 4.15746 0
      vertex 1.14995 2.33187 0
    endloop
  endfacet
  facet normal -0 0 -1
    outer loop
      vertex 1.72207 4.15746 0
      vertex 0.994976 2.40209 0
      vertex 1.44648 4.26118 0
    endloop
  endfacet
  facet normal 0 0 -1
    outer loop
      vertex 0.835742 2.46202 0
      vertex 1.44648 4.26118 0
      vertex 0.994976 2.40209 0
    endloop
  endfacet
  facet normal -0 0 -1
    outer loop
      vertex 1.44648 4.26118 0
      vertex 0.835742 2.46202 0
      vertex 1.16469 4.34667 0
    endloop
  endfacet
  facet normal 0 0 -1
    outer loop
      vertex 0.672929 2.51141 0
      vertex 1.16469 4.34667 0
      vertex 0.835742 2.46202 0
    endloop
  endfacet
  facet normal -0 0 -1
    outer loop
      vertex 1.16469 4.34667 0
      vertex 0.672929 2.51141 0
      vertex 0.877906 4.41353 0
    endloop
  endfacet
  facet normal 0 0 -1
    outer loop
      vertex 0.507235 2.55004 0
      vertex 0.877906 4.41353 0
      vertex 0.672929 2.51141 0
    endloop
  endfacet
  facet normal -0 0 -1
    outer loop
      vertex 0.877906 4.41353 0
      vertex 0.507235 2.55004 0
      vertex 0.587367 4.4615 0
    endloop
  endfacet
  facet normal 0 0 -1
    outer loop
      vertex 0.339368 2.57776 0
      vertex 0.587367 4.4615 0
      vertex 0.507235 2.55004 0
    endloop
  endfacet
  facet normal 0 0 -1
    outer loop
      vertex 0.339368 2.57776 0
      vertex 0.294313 4.49037 0
      vertex 0.587367 4.4615 0
    endloop
  endfacet
  facet normal 0 0 -1
    outer loop
      vertex 0.170048 2.59443 0
      vertex 0.294313 4.49037 0
      vertex 0.339368 2.57776 0
    endloop
  endfacet
  facet normal 0 0 -1
    outer loop
      vertex 0 2.6 0
      vertex 0.294313 4.49037 0
      vertex 0.170048 2.59443 0
    endloop
  endfacet
  facet normal 0 0 -1
    outer loop
      vertex 0 2.6 0
      vertex 0 4.5 0
      vertex 0.294313 4.49037 0
    endloop
  endfacet
  facet normal 0 0 -1
    outer loop
      vertex -0.170048 2.59443 0
      vertex 0 4.5 0
      vertex 0 2.6 0
    endloop
  endfacet
  facet normal 0 0 -1
    outer loop
      vertex -0.170048 2.59443 0
      vertex -0.294313 4.49037 0
      vertex 0 4.5 0
    endloop
  endfacet
  facet normal 0 0 -1
    outer loop
      vertex -0.339368 2.57776 0
      vertex -0.294313 4.49037 0
      vertex -0.170048 2.59443 0
    endloop
  endfacet
  facet normal 0 0 -1
    outer loop
      vertex -0.587367 4.4615 0
      vertex -0.339368 2.57776 0
      vertex -0.507235 2.55004 0
    endloop
  endfacet
  facet normal 0 0 -1
    outer loop
      vertex -0.339368 2.57776 0
      vertex -0.587367 4.4615 0
      vertex -0.294313 4.49037 0
    endloop
  endfacet
  facet normal 0 0 -1
    outer loop
      vertex -0.877906 4.41353 0
      vertex -0.507235 2.55004 0
      vertex -0.672929 2.51141 0
    endloop
  endfacet
  facet normal 0 0 -1
    outer loop
      vertex -1.16469 4.34667 0
      vertex -0.672929 2.51141 0
      vertex -0.835742 2.46202 0
    endloop
  endfacet
  facet normal 0 0 -1
    outer loop
      vertex -0.507235 2.55004 0
      vertex -0.877906 4.41353 0
      vertex -0.587367 4.4615 0
    endloop
  endfacet
  facet normal 0 0 -1
    outer loop
      vertex -1.44648 4.26118 0
      vertex -0.835742 2.46202 0
      vertex -0.994976 2.40209 0
    endloop
  endfacet
  facet normal 0 0 -1
    outer loop
      vertex -1.72207 4.15746 0
      vertex -0.994976 2.40209 0
      vertex -1.14995 2.33187 0
    endloop
  endfacet
  facet normal 0 0 -1
    outer loop
      vertex -0.672929 2.51141 0
      vertex -1.16469 4.34667 0
      vertex -0.877906 4.41353 0
    endloop
  endfacet
  facet normal 0 0 -1
    outer loop
      vertex -1.9903 4.03593 0
      vertex -1.14995 2.33187 0
      vertex -1.3 2.25167 0
    endloop
  endfacet
  facet normal 0 0 -1
    outer loop
      vertex -2.25 3.89711 0
      vertex -1.3 2.25167 0
      vertex -1.44448 2.16182 0
    endloop
  endfacet
  facet normal 0 0 -1
    outer loop
      vertex -0.835742 2.46202 0
      vertex -1.44648 4.26118 0
      vertex -1.16469 4.34667 0
    endloop
  endfacet
  facet normal 0 0 -1
    outer loop
      vertex -2.50007 3.74161 0
      vertex -1.44448 2.16182 0
      vertex -1.58278 2.06272 0
    endloop
  endfacet
  facet normal 0 0 -1
    outer loop
      vertex -2.73943 3.57009 0
      vertex -1.58278 2.06272 0
      vertex -1.7143 1.95478 0
    endloop
  endfacet
  facet normal 0 0 -1
    outer loop
      vertex -0.994976 2.40209 0
      vertex -1.72207 4.15746 0
      vertex -1.44648 4.26118 0
    endloop
  endfacet
  facet normal 0 0 -1
    outer loop
      vertex -2.96706 3.38328 0
      vertex -1.7143 1.95478 0
      vertex -1.83848 1.83848 0
    endloop
  endfacet
  facet normal 0 0 -1
    outer loop
      vertex -3.18198 3.18198 0
      vertex -1.83848 1.83848 0
      vertex -1.95478 1.7143 0
    endloop
  endfacet
  facet normal 0 0 -1
    outer loop
      vertex -1.14995 2.33187 0
      vertex -1.9903 4.03593 0
      vertex -1.72207 4.15746 0
    endloop
  endfacet
  facet normal 0 0 -1
    outer loop
      vertex -3.38328 2.96706 0
      vertex -1.95478 1.7143 0
      vertex -2.06272 1.58278 0
    endloop
  endfacet
  facet normal 0 0 -1
    outer loop
      vertex -3.57009 2.73943 0
      vertex -2.06272 1.58278 0
      vertex -2.16182 1.44448 0
    endloop
  endfacet
  facet normal 0 0 -1
    outer loop
      vertex -1.3 2.25167 0
      vertex -2.25 3.89711 0
      vertex -1.9903 4.03593 0
    endloop
  endfacet
  facet normal 0 0 -1
    outer loop
      vertex -3.74161 2.50007 0
      vertex -2.16182 1.44448 0
      vertex -2.25167 1.3 0
    endloop
  endfacet
  facet normal 0 0 -1
    outer loop
      vertex -3.89711 2.25 0
      vertex -2.25167 1.3 0
      vertex -2.33187 1.14995 0
    endloop
  endfacet
  facet normal 0 0 -1
    outer loop
      vertex -4.03593 1.9903 0
      vertex -2.33187 1.14995 0
      vertex -2.40209 0.994976 0
    endloop
  endfacet
  facet normal 0 0 -1
    outer loop
      vertex -4.15746 1.72207 0
      vertex -2.40209 0.994976 0
      vertex -2.46202 0.835742 0
    endloop
  endfacet
  facet normal 0 0 -1
    outer loop
      vertex -1.44448 2.16182 0
      vertex -2.50007 3.74161 0
      vertex -2.25 3.89711 0
    endloop
  endfacet
  facet normal 0 0 -1
    outer loop
      vertex -4.26118 1.44648 0
      vertex -2.46202 0.835742 0
      vertex -2.51141 0.672929 0
    endloop
  endfacet
  facet normal 0 0 -1
    outer loop
      vertex -4.34667 1.16469 0
      vertex -2.51141 0.672929 0
      vertex -2.55004 0.507235 0
    endloop
  endfacet
  facet normal 0 0 -1
    outer loop
      vertex -4.41353 0.877906 0
      vertex -2.55004 0.507235 0
      vertex -2.57776 0.339368 0
    endloop
  endfacet
  facet normal 0 0 -1
    outer loop
      vertex -4.4615 0.587367 0
      vertex -2.57776 0.339368 0
      vertex -2.59443 0.170048 0
    endloop
  endfacet
  facet normal 0 0 -1
    outer loop
      vertex -4.49037 0.294313 0
      vertex -2.59443 0.170048 0
      vertex -2.6 0 0
    endloop
  endfacet
  facet normal -0 0 -1
    outer loop
      vertex -2.33187 -1.14995 0
      vertex -4.03593 -1.9903 0
      vertex -2.40209 -0.994976 0
    endloop
  endfacet
  facet normal 0 0 -1
    outer loop
      vertex -1.58278 2.06272 0
      vertex -2.73943 3.57009 0
      vertex -2.50007 3.74161 0
    endloop
  endfacet
  facet normal 0 0 -1
    outer loop
      vertex -4.15746 -1.72207 0
      vertex -2.40209 -0.994976 0
      vertex -4.03593 -1.9903 0
    endloop
  endfacet
  facet normal 0 0 -1
    outer loop
      vertex -1.7143 1.95478 0
      vertex -2.96706 3.38328 0
      vertex -2.73943 3.57009 0
    endloop
  endfacet
  facet normal -0 0 -1
    outer loop
      vertex -2.40209 -0.994976 0
      vertex -4.15746 -1.72207 0
      vertex -2.46202 -0.835742 0
    endloop
  endfacet
  facet normal 0 0 -1
    outer loop
      vertex -1.83848 1.83848 0
      vertex -3.18198 3.18198 0
      vertex -2.96706 3.38328 0
    endloop
  endfacet
  facet normal 0 0 -1
    outer loop
      vertex -4.26118 -1.44648 0
      vertex -2.46202 -0.835742 0
      vertex -4.15746 -1.72207 0
    endloop
  endfacet
  facet normal 0 0 -1
    outer loop
      vertex -1.95478 1.7143 0
      vertex -3.38328 2.96706 0
      vertex -3.18198 3.18198 0
    endloop
  endfacet
  facet normal -0 0 -1
    outer loop
      vertex -2.46202 -0.835742 0
      vertex -4.26118 -1.44648 0
      vertex -2.51141 -0.672929 0
    endloop
  endfacet
  facet normal 0 0 -1
    outer loop
      vertex -2.06272 1.58278 0
      vertex -3.57009 2.73943 0
      vertex -3.38328 2.96706 0
    endloop
  endfacet
  facet normal 0 0 -1
    outer loop
      vertex -4.34667 -1.16469 0
      vertex -2.51141 -0.672929 0
      vertex -4.26118 -1.44648 0
    endloop
  endfacet
  facet normal 0 0 -1
    outer loop
      vertex -2.16182 1.44448 0
      vertex -3.74161 2.50007 0
      vertex -3.57009 2.73943 0
    endloop
  endfacet
  facet normal -0 0 -1
    outer loop
      vertex -2.51141 -0.672929 0
      vertex -4.34667 -1.16469 0
      vertex -2.55004 -0.507235 0
    endloop
  endfacet
  facet normal 0 0 -1
    outer loop
      vertex -2.25167 1.3 0
      vertex -3.89711 2.25 0
      vertex -3.74161 2.50007 0
    endloop
  endfacet
  facet normal 0 0 -1
    outer loop
      vertex -4.41353 -0.877906 0
      vertex -2.55004 -0.507235 0
      vertex -4.34667 -1.16469 0
    endloop
  endfacet
  facet normal 0 0 -1
    outer loop
      vertex -2.33187 1.14995 0
      vertex -4.03593 1.9903 0
      vertex -3.89711 2.25 0
    endloop
  endfacet
  facet normal -0 0 -1
    outer loop
      vertex -2.55004 -0.507235 0
      vertex -4.41353 -0.877906 0
      vertex -2.57776 -0.339368 0
    endloop
  endfacet
  facet normal 0 0 -1
    outer loop
      vertex -2.40209 0.994976 0
      vertex -4.15746 1.72207 0
      vertex -4.03593 1.9903 0
    endloop
  endfacet
  facet normal 0 0 -1
    outer loop
      vertex -4.4615 -0.587367 0
      vertex -2.57776 -0.339368 0
      vertex -4.41353 -0.877906 0
    endloop
  endfacet
  facet normal 0 0 -1
    outer loop
      vertex -2.46202 0.835742 0
      vertex -4.26118 1.44648 0
      vertex -4.15746 1.72207 0
    endloop
  endfacet
  facet normal -0 0 -1
    outer loop
      vertex -2.57776 -0.339368 0
      vertex -4.4615 -0.587367 0
      vertex -2.59443 -0.170048 0
    endloop
  endfacet
  facet normal 0 0 -1
    outer loop
      vertex -2.51141 0.672929 0
      vertex -4.34667 1.16469 0
      vertex -4.26118 1.44648 0
    endloop
  endfacet
  facet normal 0 0 -1
    outer loop
      vertex -4.49037 -0.294313 0
      vertex -2.59443 -0.170048 0
      vertex -4.4615 -0.587367 0
    endloop
  endfacet
  facet normal 0 0 -1
    outer loop
      vertex -2.55004 0.507235 0
      vertex -4.41353 0.877906 0
      vertex -4.34667 1.16469 0
    endloop
  endfacet
  facet normal -0 0 -1
    outer loop
      vertex -2.59443 -0.170048 0
      vertex -4.49037 -0.294313 0
      vertex -2.6 0 0
    endloop
  endfacet
  facet normal 0 0 -1
    outer loop
      vertex -2.57776 0.339368 0
      vertex -4.4615 0.587367 0
      vertex -4.41353 0.877906 0
    endloop
  endfacet
  facet normal 0 0 -1
    outer loop
      vertex -4.5 0 0
      vertex -2.6 0 0
      vertex -4.49037 -0.294313 0
    endloop
  endfacet
  facet normal 0 0 -1
    outer loop
      vertex -2.59443 0.170048 0
      vertex -4.49037 0.294313 0
      vertex -4.4615 0.587367 0
    endloop
  endfacet
  facet normal 0 0 -1
    outer loop
      vertex -2.6 0 0
      vertex -4.5 0 0
      vertex -4.49037 0.294313 0
    endloop
  endfacet
  facet normal -0.881894 0.471447 3.061e-05
    outer loop
      vertex -3.96331 2.12615 69.2007
      vertex -3.89711 2.25 68.9605
      vertex -3.96205 2.12852 69
    endloop
  endfacet
  facet normal -0.881919 0.471401 0
    outer loop
      vertex -3.89711 2.25 68.9605
      vertex -3.96331 2.12615 69.2007
      vertex -3.89711 2.25 80
    endloop
  endfacet
  facet normal -0.881903 0.47143 -4.29445e-07
    outer loop
      vertex -4.03593 1.9903 69.2438
      vertex -3.89711 2.25 80
      vertex -3.96331 2.12615 69.2007
    endloop
  endfacet
  facet normal -0.881911 0.471416 0
    outer loop
      vertex -3.89711 2.25 80
      vertex -4.03593 1.9903 69.2438
      vertex -4.03593 1.9903 80
    endloop
  endfacet
  facet normal -0.881911 0.471416 0
    outer loop
      vertex -4.03593 1.9903 0
      vertex -3.89711 2.25 7.70613
      vertex -3.89711 2.25 0
    endloop
  endfacet
  facet normal -0.881911 0.471416 0
    outer loop
      vertex -3.89711 2.25 7.70613
      vertex -4.03593 1.9903 0
      vertex -4.03593 1.9903 7.78932
    endloop
  endfacet
  facet normal -0.881894 0.471447 3.06052e-05
    outer loop
      vertex -3.96331 2.12615 9.20073
      vertex -3.89711 2.25 8.96054
      vertex -3.96205 2.12852 9
    endloop
  endfacet
  facet normal -0.881919 0.471401 0
    outer loop
      vertex -3.89711 2.25 8.96054
      vertex -3.96331 2.12615 9.20073
      vertex -3.89711 2.25 27.7061
    endloop
  endfacet
  facet normal -0.881903 0.47143 -2.50993e-07
    outer loop
      vertex -4.03593 1.9903 9.24379
      vertex -3.89711 2.25 27.7061
      vertex -3.96331 2.12615 9.20073
    endloop
  endfacet
  facet normal -0.881911 0.471416 0
    outer loop
      vertex -3.89711 2.25 27.7061
      vertex -4.03593 1.9903 9.24379
      vertex -4.03593 1.9903 27.7893
    endloop
  endfacet
  facet normal -0.881894 0.471447 3.061e-05
    outer loop
      vertex -3.96331 2.12615 29.2007
      vertex -3.89711 2.25 28.9605
      vertex -3.96205 2.12852 29
    endloop
  endfacet
  facet normal -0.881919 0.471401 0
    outer loop
      vertex -3.89711 2.25 28.9605
      vertex -3.96331 2.12615 29.2007
      vertex -3.89711 2.25 47.7061
    endloop
  endfacet
  facet normal -0.881903 0.47143 -2.50993e-07
    outer loop
      vertex -4.03593 1.9903 29.2438
      vertex -3.89711 2.25 47.7061
      vertex -3.96331 2.12615 29.2007
    endloop
  endfacet
  facet normal -0.881911 0.471416 0
    outer loop
      vertex -3.89711 2.25 47.7061
      vertex -4.03593 1.9903 29.2438
      vertex -4.03593 1.9903 47.7893
    endloop
  endfacet
  facet normal -0.881894 0.471447 3.061e-05
    outer loop
      vertex -3.96331 2.12615 49.2007
      vertex -3.89711 2.25 48.9605
      vertex -3.96205 2.12852 49
    endloop
  endfacet
  facet normal -0.881919 0.471401 0
    outer loop
      vertex -3.89711 2.25 48.9605
      vertex -3.96331 2.12615 49.2007
      vertex -3.89711 2.25 67.7061
    endloop
  endfacet
  facet normal -0.881903 0.47143 -2.50993e-07
    outer loop
      vertex -4.03593 1.9903 49.2438
      vertex -3.89711 2.25 67.7061
      vertex -3.96331 2.12615 49.2007
    endloop
  endfacet
  facet normal -0.881911 0.471416 0
    outer loop
      vertex -3.89711 2.25 67.7061
      vertex -4.03593 1.9903 49.2438
      vertex -4.03593 1.9903 67.7893
    endloop
  endfacet
  facet normal 0.773038 0.63436 5.17469e-06
    outer loop
      vertex 3.43507 2.90395 1.46595
      vertex 3.38328 2.96706 1.68934
      vertex 3.43337 2.90602 1.66667
    endloop
  endfacet
  facet normal 0.773029 0.634371 0
    outer loop
      vertex 3.38328 2.96706 1.68934
      vertex 3.43507 2.90395 1.46595
      vertex 3.38328 2.96706 0
    endloop
  endfacet
  facet normal 0.773006 0.634398 1.96102e-06
    outer loop
      vertex 3.57009 2.73943 1.40623
      vertex 3.38328 2.96706 0
      vertex 3.43507 2.90395 1.46595
    endloop
  endfacet
  facet normal 0.773012 0.634391 0
    outer loop
      vertex 3.38328 2.96706 0
      vertex 3.57009 2.73943 1.40623
      vertex 3.57009 2.73943 0
    endloop
  endfacet
  facet normal 0.773012 0.634391 0
    outer loop
      vertex 3.57009 2.73943 80
      vertex 3.38328 2.96706 62.9438
      vertex 3.38328 2.96706 80
    endloop
  endfacet
  facet normal 0.773033 0.634366 -5.50054e-07
    outer loop
      vertex 3.38328 2.96706 62.9438
      vertex 3.57009 2.73943 80
      vertex 3.55552 2.75717 62.8673
    endloop
  endfacet
  facet normal 0.772772 0.634684 -0
    outer loop
      vertex 3.57009 2.73943 62.6608
      vertex 3.55552 2.75717 62.8673
      vertex 3.57009 2.73943 80
    endloop
  endfacet
  facet normal 0.772975 0.634437 3.54755e-05
    outer loop
      vertex 3.55552 2.75717 62.8673
      vertex 3.57009 2.73943 62.6608
      vertex 3.55722 2.75511 62.6667
    endloop
  endfacet
  facet normal 0.773038 0.63436 5.17514e-06
    outer loop
      vertex 3.43507 2.90395 21.466
      vertex 3.38328 2.96706 21.6893
      vertex 3.43337 2.90602 21.6667
    endloop
  endfacet
  facet normal 0.773029 0.634371 0
    outer loop
      vertex 3.38328 2.96706 21.6893
      vertex 3.43507 2.90395 21.466
      vertex 3.38328 2.96706 2.94379
    endloop
  endfacet
  facet normal 0.773006 0.634399 1.57436e-07
    outer loop
      vertex 3.57009 2.73943 21.4062
      vertex 3.38328 2.96706 2.94379
      vertex 3.43507 2.90395 21.466
    endloop
  endfacet
  facet normal 0.773033 0.634366 -5.08348e-07
    outer loop
      vertex 3.38328 2.96706 2.94379
      vertex 3.57009 2.73943 21.4062
      vertex 3.55552 2.75717 2.86734
    endloop
  endfacet
  facet normal 0.772772 0.634684 -0
    outer loop
      vertex 3.57009 2.73943 2.66083
      vertex 3.55552 2.75717 2.86734
      vertex 3.57009 2.73943 21.4062
    endloop
  endfacet
  facet normal 0.772974 0.634437 3.54617e-05
    outer loop
      vertex 3.55552 2.75717 2.86734
      vertex 3.57009 2.73943 2.66083
      vertex 3.55722 2.75511 2.66667
    endloop
  endfacet
  facet normal 0.773038 0.63436 5.17514e-06
    outer loop
      vertex 3.43507 2.90395 41.466
      vertex 3.38328 2.96706 41.6893
      vertex 3.43337 2.90602 41.6667
    endloop
  endfacet
  facet normal 0.773029 0.634371 0
    outer loop
      vertex 3.38328 2.96706 41.6893
      vertex 3.43507 2.90395 41.466
      vertex 3.38328 2.96706 22.9438
    endloop
  endfacet
  facet normal 0.773006 0.634399 1.57436e-07
    outer loop
      vertex 3.57009 2.73943 41.4062
      vertex 3.38328 2.96706 22.9438
      vertex 3.43507 2.90395 41.466
    endloop
  endfacet
  facet normal 0.773033 0.634366 -5.08346e-07
    outer loop
      vertex 3.38328 2.96706 22.9438
      vertex 3.57009 2.73943 41.4062
      vertex 3.55552 2.75717 22.8673
    endloop
  endfacet
  facet normal 0.772772 0.634684 -0
    outer loop
      vertex 3.57009 2.73943 22.6608
      vertex 3.55552 2.75717 22.8673
      vertex 3.57009 2.73943 41.4062
    endloop
  endfacet
  facet normal 0.772975 0.634437 3.54755e-05
    outer loop
      vertex 3.55552 2.75717 22.8673
      vertex 3.57009 2.73943 22.6608
      vertex 3.55722 2.75511 22.6667
    endloop
  endfacet
  facet normal 0.773038 0.63436 5.17514e-06
    outer loop
      vertex 3.43507 2.90395 61.466
      vertex 3.38328 2.96706 61.6893
      vertex 3.43337 2.90602 61.6667
    endloop
  endfacet
  facet normal 0.773029 0.634371 0
    outer loop
      vertex 3.38328 2.96706 61.6893
      vertex 3.43507 2.90395 61.466
      vertex 3.38328 2.96706 42.9438
    endloop
  endfacet
  facet normal 0.773006 0.634399 1.57436e-07
    outer loop
      vertex 3.57009 2.73943 61.4062
      vertex 3.38328 2.96706 42.9438
      vertex 3.43507 2.90395 61.466
    endloop
  endfacet
  facet normal 0.773033 0.634366 -5.08346e-07
    outer loop
      vertex 3.38328 2.96706 42.9438
      vertex 3.57009 2.73943 61.4062
      vertex 3.55552 2.75717 42.8673
    endloop
  endfacet
  facet normal 0.772772 0.634684 -0
    outer loop
      vertex 3.57009 2.73943 42.6608
      vertex 3.55552 2.75717 42.8673
      vertex 3.57009 2.73943 61.4062
    endloop
  endfacet
  facet normal 0.772975 0.634437 3.54755e-05
    outer loop
      vertex 3.55552 2.75717 42.8673
      vertex 3.57009 2.73943 42.6608
      vertex 3.55722 2.75511 42.6667
    endloop
  endfacet
  facet normal 0.812851 0.582472 2.79688e-06
    outer loop
      vertex 3.72063 2.52935 1.13265
      vertex 3.57009 2.73943 1.40623
      vertex 3.71906 2.53154 1.33333
    endloop
  endfacet
  facet normal 0.812849 0.582475 0
    outer loop
      vertex 3.57009 2.73943 1.40623
      vertex 3.72063 2.52935 1.13265
      vertex 3.57009 2.73943 0
    endloop
  endfacet
  facet normal 0.812868 0.582447 -7.67164e-06
    outer loop
      vertex 3.74161 2.50007 1.12266
      vertex 3.57009 2.73943 0
      vertex 3.72063 2.52935 1.13265
    endloop
  endfacet
  facet normal 0.812851 0.582471 0
    outer loop
      vertex 3.57009 2.73943 0
      vertex 3.74161 2.50007 1.12266
      vertex 3.74161 2.50007 0
    endloop
  endfacet
  facet normal 0.812851 0.582471 0
    outer loop
      vertex 3.74161 2.50007 80
      vertex 3.57009 2.73943 62.6608
      vertex 3.57009 2.73943 80
    endloop
  endfacet
  facet normal 0.812851 0.582471 0
    outer loop
      vertex 3.57009 2.73943 62.6608
      vertex 3.74161 2.50007 80
      vertex 3.74161 2.50007 62.5771
    endloop
  endfacet
  facet normal 0.812851 0.582472 2.7966e-06
    outer loop
      vertex 3.72063 2.52935 21.1326
      vertex 3.57009 2.73943 21.4062
      vertex 3.71906 2.53154 21.3333
    endloop
  endfacet
  facet normal 0.812849 0.582475 0
    outer loop
      vertex 3.57009 2.73943 21.4062
      vertex 3.72063 2.52935 21.1326
      vertex 3.57009 2.73943 2.66083
    endloop
  endfacet
  facet normal 0.81287 0.582446 -4.98262e-07
    outer loop
      vertex 3.74161 2.50007 21.1227
      vertex 3.57009 2.73943 2.66083
      vertex 3.72063 2.52935 21.1326
    endloop
  endfacet
  facet normal 0.812851 0.582471 0
    outer loop
      vertex 3.57009 2.73943 2.66083
      vertex 3.74161 2.50007 21.1227
      vertex 3.74161 2.50007 2.57712
    endloop
  endfacet
  facet normal 0.812851 0.582472 2.7966e-06
    outer loop
      vertex 3.72063 2.52935 41.1326
      vertex 3.57009 2.73943 41.4062
      vertex 3.71906 2.53154 41.3333
    endloop
  endfacet
  facet normal 0.812849 0.582475 0
    outer loop
      vertex 3.57009 2.73943 41.4062
      vertex 3.72063 2.52935 41.1326
      vertex 3.57009 2.73943 22.6608
    endloop
  endfacet
  facet normal 0.81287 0.582446 -4.98261e-07
    outer loop
      vertex 3.74161 2.50007 41.1227
      vertex 3.57009 2.73943 22.6608
      vertex 3.72063 2.52935 41.1326
    endloop
  endfacet
  facet normal 0.812851 0.582471 0
    outer loop
      vertex 3.57009 2.73943 22.6608
      vertex 3.74161 2.50007 41.1227
      vertex 3.74161 2.50007 22.5771
    endloop
  endfacet
  facet normal 0.812851 0.582472 2.7966e-06
    outer loop
      vertex 3.72063 2.52935 61.1326
      vertex 3.57009 2.73943 61.4062
      vertex 3.71906 2.53154 61.3333
    endloop
  endfacet
  facet normal 0.812849 0.582475 0
    outer loop
      vertex 3.57009 2.73943 61.4062
      vertex 3.72063 2.52935 61.1326
      vertex 3.57009 2.73943 42.6608
    endloop
  endfacet
  facet normal 0.81287 0.582446 -4.98261e-07
    outer loop
      vertex 3.74161 2.50007 61.1227
      vertex 3.57009 2.73943 42.6608
      vertex 3.72063 2.52935 61.1326
    endloop
  endfacet
  facet normal 0.812851 0.582471 0
    outer loop
      vertex 3.57009 2.73943 42.6608
      vertex 3.74161 2.50007 61.1227
      vertex 3.74161 2.50007 42.5771
    endloop
  endfacet
  facet normal -0.773012 -0.634391 0
    outer loop
      vertex -3.38328 -2.96706 0
      vertex -3.57009 -2.73943 11.4062
      vertex -3.57009 -2.73943 0
    endloop
  endfacet
  facet normal -0.773006 -0.634399 2.5413e-07
    outer loop
      vertex -3.57009 -2.73943 11.4062
      vertex -3.38328 -2.96706 0
      vertex -3.43507 -2.90395 11.466
    endloop
  endfacet
  facet normal -0.773029 -0.634371 -0
    outer loop
      vertex -3.38328 -2.96706 11.6893
      vertex -3.43507 -2.90395 11.466
      vertex -3.38328 -2.96706 0
    endloop
  endfacet
  facet normal -0.773038 -0.63436 5.17514e-06
    outer loop
      vertex -3.43507 -2.90395 11.466
      vertex -3.38328 -2.96706 11.6893
      vertex -3.43337 -2.90602 11.6667
    endloop
  endfacet
  facet normal -0.772975 -0.634437 3.54755e-05
    outer loop
      vertex -3.55552 -2.75717 72.8673
      vertex -3.57009 -2.73943 72.6608
      vertex -3.55722 -2.75511 72.6667
    endloop
  endfacet
  facet normal -0.772772 -0.634684 0
    outer loop
      vertex -3.57009 -2.73943 72.6608
      vertex -3.55552 -2.75717 72.8673
      vertex -3.57009 -2.73943 80
    endloop
  endfacet
  facet normal -0.773032 -0.634367 -1.32053e-06
    outer loop
      vertex -3.38328 -2.96706 72.9438
      vertex -3.57009 -2.73943 80
      vertex -3.55552 -2.75717 72.8673
    endloop
  endfacet
  facet normal -0.773012 -0.634391 0
    outer loop
      vertex -3.57009 -2.73943 80
      vertex -3.38328 -2.96706 72.9438
      vertex -3.38328 -2.96706 80
    endloop
  endfacet
  facet normal -0.772975 -0.634437 3.54755e-05
    outer loop
      vertex -3.55552 -2.75717 12.8673
      vertex -3.57009 -2.73943 12.6608
      vertex -3.55722 -2.75511 12.6667
    endloop
  endfacet
  facet normal -0.772772 -0.634684 0
    outer loop
      vertex -3.57009 -2.73943 12.6608
      vertex -3.55552 -2.75717 12.8673
      vertex -3.57009 -2.73943 31.4062
    endloop
  endfacet
  facet normal -0.773033 -0.634366 -5.08346e-07
    outer loop
      vertex -3.38328 -2.96706 12.9438
      vertex -3.57009 -2.73943 31.4062
      vertex -3.55552 -2.75717 12.8673
    endloop
  endfacet
  facet normal -0.773006 -0.634399 1.57436e-07
    outer loop
      vertex -3.57009 -2.73943 31.4062
      vertex -3.38328 -2.96706 12.9438
      vertex -3.43507 -2.90395 31.466
    endloop
  endfacet
  facet normal -0.773029 -0.634371 -0
    outer loop
      vertex -3.38328 -2.96706 31.6893
      vertex -3.43507 -2.90395 31.466
      vertex -3.38328 -2.96706 12.9438
    endloop
  endfacet
  facet normal -0.773038 -0.63436 5.17514e-06
    outer loop
      vertex -3.43507 -2.90395 31.466
      vertex -3.38328 -2.96706 31.6893
      vertex -3.43337 -2.90602 31.6667
    endloop
  endfacet
  facet normal -0.772975 -0.634437 3.54755e-05
    outer loop
      vertex -3.55552 -2.75717 32.8673
      vertex -3.57009 -2.73943 32.6608
      vertex -3.55722 -2.75511 32.6667
    endloop
  endfacet
  facet normal -0.772772 -0.634684 0
    outer loop
      vertex -3.57009 -2.73943 32.6608
      vertex -3.55552 -2.75717 32.8673
      vertex -3.57009 -2.73943 51.4062
    endloop
  endfacet
  facet normal -0.773033 -0.634366 -5.08346e-07
    outer loop
      vertex -3.38328 -2.96706 32.9438
      vertex -3.57009 -2.73943 51.4062
      vertex -3.55552 -2.75717 32.8673
    endloop
  endfacet
  facet normal -0.773006 -0.634399 1.57436e-07
    outer loop
      vertex -3.57009 -2.73943 51.4062
      vertex -3.38328 -2.96706 32.9438
      vertex -3.43507 -2.90395 51.466
    endloop
  endfacet
  facet normal -0.773029 -0.634371 -0
    outer loop
      vertex -3.38328 -2.96706 51.6893
      vertex -3.43507 -2.90395 51.466
      vertex -3.38328 -2.96706 32.9438
    endloop
  endfacet
  facet normal -0.773038 -0.63436 5.17514e-06
    outer loop
      vertex -3.43507 -2.90395 51.466
      vertex -3.38328 -2.96706 51.6893
      vertex -3.43337 -2.90602 51.6667
    endloop
  endfacet
  facet normal -0.772975 -0.634437 3.54755e-05
    outer loop
      vertex -3.55552 -2.75717 52.8673
      vertex -3.57009 -2.73943 52.6608
      vertex -3.55722 -2.75511 52.6667
    endloop
  endfacet
  facet normal -0.772772 -0.634684 0
    outer loop
      vertex -3.57009 -2.73943 52.6608
      vertex -3.55552 -2.75717 52.8673
      vertex -3.57009 -2.73943 71.4062
    endloop
  endfacet
  facet normal -0.773033 -0.634366 -5.08346e-07
    outer loop
      vertex -3.38328 -2.96706 52.9438
      vertex -3.57009 -2.73943 71.4062
      vertex -3.55552 -2.75717 52.8673
    endloop
  endfacet
  facet normal -0.773006 -0.634399 1.57436e-07
    outer loop
      vertex -3.57009 -2.73943 71.4062
      vertex -3.38328 -2.96706 52.9438
      vertex -3.43507 -2.90395 71.466
    endloop
  endfacet
  facet normal -0.773029 -0.634371 -0
    outer loop
      vertex -3.38328 -2.96706 71.6893
      vertex -3.43507 -2.90395 71.466
      vertex -3.38328 -2.96706 52.9438
    endloop
  endfacet
  facet normal -0.773038 -0.63436 5.17514e-06
    outer loop
      vertex -3.43507 -2.90395 71.466
      vertex -3.38328 -2.96706 71.6893
      vertex -3.43337 -2.90602 71.6667
    endloop
  endfacet
  facet normal -0.162901 -0.986642 0
    outer loop
      vertex -0.877906 -4.41353 80
      vertex -0.587367 -4.4615 75.2604
      vertex -0.587367 -4.4615 80
    endloop
  endfacet
  facet normal -0.162895 -0.986643 4.14141e-07
    outer loop
      vertex -0.877906 -4.41353 80
      vertex -0.797361 -4.42683 75.2007
      vertex -0.587367 -4.4615 75.2604
    endloop
  endfacet
  facet normal -0.162919 -0.986639 0
    outer loop
      vertex -0.877906 -4.41353 74.9773
      vertex -0.797361 -4.42683 75.2007
      vertex -0.877906 -4.41353 80
    endloop
  endfacet
  facet normal -0.162996 -0.986627 2.85707e-05
    outer loop
      vertex -0.797361 -4.42683 75.2007
      vertex -0.877906 -4.41353 74.9773
      vertex -0.799999 -4.4264 75
    endloop
  endfacet
  facet normal -0.16264 -0.986685 -2.94486e-05
    outer loop
      vertex -0.610019 -4.45776 13.7993
      vertex -0.587367 -4.4615 14.0058
      vertex -0.607386 -4.4582 14
    endloop
  endfacet
  facet normal -0.162901 -0.986642 0
    outer loop
      vertex -0.587367 -4.4615 0
      vertex -0.877906 -4.41353 13.7229
      vertex -0.877906 -4.41353 0
    endloop
  endfacet
  facet normal -0.162901 -0.986642 -1.5473e-10
    outer loop
      vertex -0.877906 -4.41353 13.7229
      vertex -0.587367 -4.4615 0
      vertex -0.610019 -4.45776 13.7993
    endloop
  endfacet
  facet normal -0.162901 -0.986642 0
    outer loop
      vertex -0.610019 -4.45776 13.7993
      vertex -0.587367 -4.4615 0
      vertex -0.587367 -4.4615 14.0058
    endloop
  endfacet
  facet normal -0.16264 -0.986685 -2.94486e-05
    outer loop
      vertex -0.610019 -4.45776 33.7993
      vertex -0.587367 -4.4615 34.0058
      vertex -0.607386 -4.4582 34
    endloop
  endfacet
  facet normal -0.162901 -0.986642 0
    outer loop
      vertex -0.610019 -4.45776 33.7993
      vertex -0.587367 -4.4615 15.2604
      vertex -0.587367 -4.4615 34.0058
    endloop
  endfacet
  facet normal -0.162901 -0.986642 -1.15186e-10
    outer loop
      vertex -0.877906 -4.41353 33.7229
      vertex -0.587367 -4.4615 15.2604
      vertex -0.610019 -4.45776 33.7993
    endloop
  endfacet
  facet normal -0.162895 -0.986643 1.07687e-07
    outer loop
      vertex -0.877906 -4.41353 33.7229
      vertex -0.797361 -4.42683 15.2007
      vertex -0.587367 -4.4615 15.2604
    endloop
  endfacet
  facet normal -0.162919 -0.986639 0
    outer loop
      vertex -0.877906 -4.41353 14.9773
      vertex -0.797361 -4.42683 15.2007
      vertex -0.877906 -4.41353 33.7229
    endloop
  endfacet
  facet normal -0.162996 -0.986627 2.85707e-05
    outer loop
      vertex -0.797361 -4.42683 15.2007
      vertex -0.877906 -4.41353 14.9773
      vertex -0.799999 -4.4264 15
    endloop
  endfacet
  facet normal -0.16264 -0.986685 -2.94486e-05
    outer loop
      vertex -0.610019 -4.45776 53.7993
      vertex -0.587367 -4.4615 54.0058
      vertex -0.607386 -4.4582 54
    endloop
  endfacet
  facet normal -0.162901 -0.986642 0
    outer loop
      vertex -0.610019 -4.45776 53.7993
      vertex -0.587367 -4.4615 35.2604
      vertex -0.587367 -4.4615 54.0058
    endloop
  endfacet
  facet normal -0.162901 -0.986642 -1.15186e-10
    outer loop
      vertex -0.877906 -4.41353 53.7229
      vertex -0.587367 -4.4615 35.2604
      vertex -0.610019 -4.45776 53.7993
    endloop
  endfacet
  facet normal -0.162895 -0.986643 1.07687e-07
    outer loop
      vertex -0.877906 -4.41353 53.7229
      vertex -0.797361 -4.42683 35.2007
      vertex -0.587367 -4.4615 35.2604
    endloop
  endfacet
  facet normal -0.162919 -0.986639 0
    outer loop
      vertex -0.877906 -4.41353 34.9773
      vertex -0.797361 -4.42683 35.2007
      vertex -0.877906 -4.41353 53.7229
    endloop
  endfacet
  facet normal -0.162996 -0.986627 2.85707e-05
    outer loop
      vertex -0.797361 -4.42683 35.2007
      vertex -0.877906 -4.41353 34.9773
      vertex -0.799999 -4.4264 35
    endloop
  endfacet
  facet normal -0.16264 -0.986685 -2.94486e-05
    outer loop
      vertex -0.610019 -4.45776 73.7993
      vertex -0.587367 -4.4615 74.0058
      vertex -0.607386 -4.4582 74
    endloop
  endfacet
  facet normal -0.162901 -0.986642 0
    outer loop
      vertex -0.610019 -4.45776 73.7993
      vertex -0.587367 -4.4615 55.2604
      vertex -0.587367 -4.4615 74.0058
    endloop
  endfacet
  facet normal -0.162901 -0.986642 -1.15186e-10
    outer loop
      vertex -0.877906 -4.41353 73.7229
      vertex -0.587367 -4.4615 55.2604
      vertex -0.610019 -4.45776 73.7993
    endloop
  endfacet
  facet normal -0.162895 -0.986643 1.07687e-07
    outer loop
      vertex -0.877906 -4.41353 73.7229
      vertex -0.797361 -4.42683 55.2007
      vertex -0.587367 -4.4615 55.2604
    endloop
  endfacet
  facet normal -0.162919 -0.986639 0
    outer loop
      vertex -0.877906 -4.41353 54.9773
      vertex -0.797361 -4.42683 55.2007
      vertex -0.877906 -4.41353 73.7229
    endloop
  endfacet
  facet normal -0.162996 -0.986627 2.85707e-05
    outer loop
      vertex -0.797361 -4.42683 55.2007
      vertex -0.877906 -4.41353 54.9773
      vertex -0.799999 -4.4264 55
    endloop
  endfacet
  facet normal -0.0980397 -0.995183 0
    outer loop
      vertex -0.587367 -4.4615 80
      vertex -0.294313 -4.49037 75.544
      vertex -0.294313 -4.49037 80
    endloop
  endfacet
  facet normal -0.0982494 -0.995162 -1.39292e-05
    outer loop
      vertex -0.587367 -4.4615 80
      vertex -0.330168 -4.48683 75.534
      vertex -0.294313 -4.49037 75.544
    endloop
  endfacet
  facet normal -0.0980099 -0.995185 0
    outer loop
      vertex -0.587367 -4.4615 75.2604
      vertex -0.330168 -4.48683 75.534
      vertex -0.587367 -4.4615 80
    endloop
  endfacet
  facet normal -0.0980313 -0.995183 2.03e-05
    outer loop
      vertex -0.330168 -4.48683 75.534
      vertex -0.587367 -4.4615 75.2604
      vertex -0.332849 -4.48657 75.3333
    endloop
  endfacet
  facet normal -0.0980397 -0.995183 0
    outer loop
      vertex -0.294313 -4.49037 0
      vertex -0.587367 -4.4615 14.0058
      vertex -0.587367 -4.4615 0
    endloop
  endfacet
  facet normal -0.0980397 -0.995183 0
    outer loop
      vertex -0.587367 -4.4615 14.0058
      vertex -0.294313 -4.49037 0
      vertex -0.294313 -4.49037 14.0895
    endloop
  endfacet
  facet normal -0.0980397 -0.995183 0
    outer loop
      vertex -0.587367 -4.4615 34.0058
      vertex -0.294313 -4.49037 15.544
      vertex -0.294313 -4.49037 34.0895
    endloop
  endfacet
  facet normal -0.0982523 -0.995162 -3.40858e-06
    outer loop
      vertex -0.587367 -4.4615 34.0058
      vertex -0.330168 -4.48683 15.534
      vertex -0.294313 -4.49037 15.544
    endloop
  endfacet
  facet normal -0.0980099 -0.995185 0
    outer loop
      vertex -0.587367 -4.4615 15.2604
      vertex -0.330168 -4.48683 15.534
      vertex -0.587367 -4.4615 34.0058
    endloop
  endfacet
  facet normal -0.0980313 -0.995183 2.03e-05
    outer loop
      vertex -0.330168 -4.48683 15.534
      vertex -0.587367 -4.4615 15.2604
      vertex -0.332849 -4.48657 15.3333
    endloop
  endfacet
  facet normal -0.0980397 -0.995183 0
    outer loop
      vertex -0.587367 -4.4615 54.0058
      vertex -0.294313 -4.49037 35.544
      vertex -0.294313 -4.49037 54.0895
    endloop
  endfacet
  facet normal -0.0982523 -0.995162 -3.40858e-06
    outer loop
      vertex -0.587367 -4.4615 54.0058
      vertex -0.330168 -4.48683 35.534
      vertex -0.294313 -4.49037 35.544
    endloop
  endfacet
  facet normal -0.0980099 -0.995185 0
    outer loop
      vertex -0.587367 -4.4615 35.2604
      vertex -0.330168 -4.48683 35.534
      vertex -0.587367 -4.4615 54.0058
    endloop
  endfacet
  facet normal -0.0980313 -0.995183 2.03e-05
    outer loop
      vertex -0.330168 -4.48683 35.534
      vertex -0.587367 -4.4615 35.2604
      vertex -0.332849 -4.48657 35.3333
    endloop
  endfacet
  facet normal -0.0980397 -0.995183 0
    outer loop
      vertex -0.587367 -4.4615 74.0058
      vertex -0.294313 -4.49037 55.544
      vertex -0.294313 -4.49037 74.0895
    endloop
  endfacet
  facet normal -0.0982523 -0.995162 -3.40858e-06
    outer loop
      vertex -0.587367 -4.4615 74.0058
      vertex -0.330168 -4.48683 55.534
      vertex -0.294313 -4.49037 55.544
    endloop
  endfacet
  facet normal -0.0980099 -0.995185 0
    outer loop
      vertex -0.587367 -4.4615 55.2604
      vertex -0.330168 -4.48683 55.534
      vertex -0.587367 -4.4615 74.0058
    endloop
  endfacet
  facet normal -0.0980313 -0.995183 2.03e-05
    outer loop
      vertex -0.330168 -4.48683 55.534
      vertex -0.587367 -4.4615 55.2604
      vertex -0.332849 -4.48657 55.3333
    endloop
  endfacet
  facet normal 0.881911 -0.471416 0
    outer loop
      vertex 3.89711 -2.25 17.7061
      vertex 4.03593 -1.9903 0
      vertex 4.03593 -1.9903 17.7893
    endloop
  endfacet
  facet normal 0.881911 -0.471416 0
    outer loop
      vertex 4.03593 -1.9903 0
      vertex 3.89711 -2.25 17.7061
      vertex 3.89711 -2.25 0
    endloop
  endfacet
  facet normal 0.881911 -0.471416 0
    outer loop
      vertex 3.89711 -2.25 80
      vertex 4.03593 -1.9903 79.2438
      vertex 4.03593 -1.9903 80
    endloop
  endfacet
  facet normal 0.881904 -0.471429 -5.55047e-06
    outer loop
      vertex 4.03593 -1.9903 79.2438
      vertex 3.89711 -2.25 80
      vertex 3.96331 -2.12615 79.2007
    endloop
  endfacet
  facet normal 0.881919 -0.471401 0
    outer loop
      vertex 3.89711 -2.25 78.9605
      vertex 3.96331 -2.12615 79.2007
      vertex 3.89711 -2.25 80
    endloop
  endfacet
  facet normal 0.881894 -0.471447 3.061e-05
    outer loop
      vertex 3.96331 -2.12615 79.2007
      vertex 3.89711 -2.25 78.9605
      vertex 3.96205 -2.12852 79
    endloop
  endfacet
  facet normal 0.881911 -0.471416 0
    outer loop
      vertex 3.89711 -2.25 37.7061
      vertex 4.03593 -1.9903 19.2438
      vertex 4.03593 -1.9903 37.7893
    endloop
  endfacet
  facet normal 0.881903 -0.47143 -2.50993e-07
    outer loop
      vertex 4.03593 -1.9903 19.2438
      vertex 3.89711 -2.25 37.7061
      vertex 3.96331 -2.12615 19.2007
    endloop
  endfacet
  facet normal 0.881919 -0.471401 0
    outer loop
      vertex 3.89711 -2.25 18.9605
      vertex 3.96331 -2.12615 19.2007
      vertex 3.89711 -2.25 37.7061
    endloop
  endfacet
  facet normal 0.881894 -0.471447 3.061e-05
    outer loop
      vertex 3.96331 -2.12615 19.2007
      vertex 3.89711 -2.25 18.9605
      vertex 3.96205 -2.12852 19
    endloop
  endfacet
  facet normal 0.881911 -0.471416 0
    outer loop
      vertex 3.89711 -2.25 57.7061
      vertex 4.03593 -1.9903 39.2438
      vertex 4.03593 -1.9903 57.7893
    endloop
  endfacet
  facet normal 0.881903 -0.47143 -2.50993e-07
    outer loop
      vertex 4.03593 -1.9903 39.2438
      vertex 3.89711 -2.25 57.7061
      vertex 3.96331 -2.12615 39.2007
    endloop
  endfacet
  facet normal 0.881919 -0.471401 0
    outer loop
      vertex 3.89711 -2.25 38.9605
      vertex 3.96331 -2.12615 39.2007
      vertex 3.89711 -2.25 57.7061
    endloop
  endfacet
  facet normal 0.881894 -0.471447 3.061e-05
    outer loop
      vertex 3.96331 -2.12615 39.2007
      vertex 3.89711 -2.25 38.9605
      vertex 3.96205 -2.12852 39
    endloop
  endfacet
  facet normal 0.881911 -0.471416 0
    outer loop
      vertex 3.89711 -2.25 77.7061
      vertex 4.03593 -1.9903 59.2438
      vertex 4.03593 -1.9903 77.7893
    endloop
  endfacet
  facet normal 0.881903 -0.47143 -2.50993e-07
    outer loop
      vertex 4.03593 -1.9903 59.2438
      vertex 3.89711 -2.25 77.7061
      vertex 3.96331 -2.12615 59.2007
    endloop
  endfacet
  facet normal 0.881919 -0.471401 0
    outer loop
      vertex 3.89711 -2.25 58.9605
      vertex 3.96331 -2.12615 59.2007
      vertex 3.89711 -2.25 77.7061
    endloop
  endfacet
  facet normal 0.881894 -0.471447 3.061e-05
    outer loop
      vertex 3.96331 -2.12615 59.2007
      vertex 3.89711 -2.25 58.9605
      vertex 3.96205 -2.12852 59
    endloop
  endfacet
  facet normal -0.412698 -0.910868 2.32721e-07
    outer loop
      vertex -1.95748 -4.0508 12.7993
      vertex -1.72207 -4.15746 13.0729
      vertex -1.95503 -4.05191 13
    endloop
  endfacet
  facet normal -0.412697 -0.910868 0
    outer loop
      vertex -1.72207 -4.15746 0
      vertex -1.9903 -4.03593 12.7893
      vertex -1.9903 -4.03593 0
    endloop
  endfacet
  facet normal -0.412694 -0.91087 7.43915e-08
    outer loop
      vertex -1.9903 -4.03593 12.7893
      vertex -1.72207 -4.15746 0
      vertex -1.95748 -4.0508 12.7993
    endloop
  endfacet
  facet normal -0.412698 -0.910868 0
    outer loop
      vertex -1.95748 -4.0508 12.7993
      vertex -1.72207 -4.15746 0
      vertex -1.72207 -4.15746 13.0729
    endloop
  endfacet
  facet normal -0.412697 -0.910868 0
    outer loop
      vertex -1.9903 -4.03593 80
      vertex -1.72207 -4.15746 74.3275
      vertex -1.72207 -4.15746 80
    endloop
  endfacet
  facet normal -0.412697 -0.910868 0
    outer loop
      vertex -1.72207 -4.15746 74.3275
      vertex -1.9903 -4.03593 80
      vertex -1.9903 -4.03593 74.2438
    endloop
  endfacet
  facet normal -0.412698 -0.910868 2.32721e-07
    outer loop
      vertex -1.95748 -4.0508 32.7993
      vertex -1.72207 -4.15746 33.0729
      vertex -1.95503 -4.05191 33
    endloop
  endfacet
  facet normal -0.412698 -0.910868 0
    outer loop
      vertex -1.95748 -4.0508 32.7993
      vertex -1.72207 -4.15746 14.3275
      vertex -1.72207 -4.15746 33.0729
    endloop
  endfacet
  facet normal -0.412694 -0.91087 5.1635e-08
    outer loop
      vertex -1.9903 -4.03593 32.7893
      vertex -1.72207 -4.15746 14.3275
      vertex -1.95748 -4.0508 32.7993
    endloop
  endfacet
  facet normal -0.412697 -0.910868 0
    outer loop
      vertex -1.72207 -4.15746 14.3275
      vertex -1.9903 -4.03593 32.7893
      vertex -1.9903 -4.03593 14.2438
    endloop
  endfacet
  facet normal -0.412698 -0.910868 2.32721e-07
    outer loop
      vertex -1.95748 -4.0508 52.7993
      vertex -1.72207 -4.15746 53.0729
      vertex -1.95503 -4.05191 53
    endloop
  endfacet
  facet normal -0.412698 -0.910868 0
    outer loop
      vertex -1.95748 -4.0508 52.7993
      vertex -1.72207 -4.15746 34.3275
      vertex -1.72207 -4.15746 53.0729
    endloop
  endfacet
  facet normal -0.412694 -0.91087 5.1635e-08
    outer loop
      vertex -1.9903 -4.03593 52.7893
      vertex -1.72207 -4.15746 34.3275
      vertex -1.95748 -4.0508 52.7993
    endloop
  endfacet
  facet normal -0.412697 -0.910868 0
    outer loop
      vertex -1.72207 -4.15746 34.3275
      vertex -1.9903 -4.03593 52.7893
      vertex -1.9903 -4.03593 34.2438
    endloop
  endfacet
  facet normal -0.412698 -0.910868 2.32721e-07
    outer loop
      vertex -1.95748 -4.0508 72.7993
      vertex -1.72207 -4.15746 73.0729
      vertex -1.95503 -4.05191 73
    endloop
  endfacet
  facet normal -0.412698 -0.910868 0
    outer loop
      vertex -1.95748 -4.0508 72.7993
      vertex -1.72207 -4.15746 54.3275
      vertex -1.72207 -4.15746 73.0729
    endloop
  endfacet
  facet normal -0.412694 -0.91087 5.1635e-08
    outer loop
      vertex -1.9903 -4.03593 72.7893
      vertex -1.72207 -4.15746 54.3275
      vertex -1.95748 -4.0508 72.7993
    endloop
  endfacet
  facet normal -0.412697 -0.910868 0
    outer loop
      vertex -1.72207 -4.15746 54.3275
      vertex -1.9903 -4.03593 72.7893
      vertex -1.9903 -4.03593 54.2438
    endloop
  endfacet
  facet normal -0.582471 -0.812851 0
    outer loop
      vertex -2.73943 -3.57009 80
      vertex -2.50007 -3.74161 73.8773
      vertex -2.50007 -3.74161 80
    endloop
  endfacet
  facet normal -0.582446 -0.812869 1.48912e-06
    outer loop
      vertex -2.73943 -3.57009 80
      vertex -2.52935 -3.72063 73.8673
      vertex -2.50007 -3.74161 73.8773
    endloop
  endfacet
  facet normal -0.582475 -0.812849 0
    outer loop
      vertex -2.73943 -3.57009 73.5938
      vertex -2.52935 -3.72063 73.8673
      vertex -2.73943 -3.57009 80
    endloop
  endfacet
  facet normal -0.582472 -0.812851 -2.798e-06
    outer loop
      vertex -2.52935 -3.72063 73.8673
      vertex -2.73943 -3.57009 73.5938
      vertex -2.53154 -3.71906 73.6667
    endloop
  endfacet
  facet normal -0.582471 -0.812851 0
    outer loop
      vertex -2.50007 -3.74161 0
      vertex -2.73943 -3.57009 12.3392
      vertex -2.73943 -3.57009 0
    endloop
  endfacet
  facet normal -0.582471 -0.812851 0
    outer loop
      vertex -2.73943 -3.57009 12.3392
      vertex -2.50007 -3.74161 0
      vertex -2.50007 -3.74161 12.4229
    endloop
  endfacet
  facet normal -0.582471 -0.812851 0
    outer loop
      vertex -2.73943 -3.57009 32.3392
      vertex -2.50007 -3.74161 13.8773
      vertex -2.50007 -3.74161 32.4229
    endloop
  endfacet
  facet normal -0.582446 -0.81287 4.98261e-07
    outer loop
      vertex -2.73943 -3.57009 32.3392
      vertex -2.52935 -3.72063 13.8674
      vertex -2.50007 -3.74161 13.8773
    endloop
  endfacet
  facet normal -0.582475 -0.812849 0
    outer loop
      vertex -2.73943 -3.57009 13.5938
      vertex -2.52935 -3.72063 13.8674
      vertex -2.73943 -3.57009 32.3392
    endloop
  endfacet
  facet normal -0.582472 -0.812851 -2.7966e-06
    outer loop
      vertex -2.52935 -3.72063 13.8674
      vertex -2.73943 -3.57009 13.5938
      vertex -2.53154 -3.71906 13.6667
    endloop
  endfacet
  facet normal -0.582471 -0.812851 0
    outer loop
      vertex -2.73943 -3.57009 52.3392
      vertex -2.50007 -3.74161 33.8773
      vertex -2.50007 -3.74161 52.4229
    endloop
  endfacet
  facet normal -0.582446 -0.81287 4.98261e-07
    outer loop
      vertex -2.73943 -3.57009 52.3392
      vertex -2.52935 -3.72063 33.8674
      vertex -2.50007 -3.74161 33.8773
    endloop
  endfacet
  facet normal -0.582475 -0.812849 0
    outer loop
      vertex -2.73943 -3.57009 33.5938
      vertex -2.52935 -3.72063 33.8674
      vertex -2.73943 -3.57009 52.3392
    endloop
  endfacet
  facet normal -0.582472 -0.812851 -2.7966e-06
    outer loop
      vertex -2.52935 -3.72063 33.8674
      vertex -2.73943 -3.57009 33.5938
      vertex -2.53154 -3.71906 33.6667
    endloop
  endfacet
  facet normal -0.582471 -0.812851 0
    outer loop
      vertex -2.73943 -3.57009 72.3392
      vertex -2.50007 -3.74161 53.8773
      vertex -2.50007 -3.74161 72.4229
    endloop
  endfacet
  facet normal -0.582446 -0.81287 4.98261e-07
    outer loop
      vertex -2.73943 -3.57009 72.3392
      vertex -2.52935 -3.72063 53.8674
      vertex -2.50007 -3.74161 53.8773
    endloop
  endfacet
  facet normal -0.582475 -0.812849 0
    outer loop
      vertex -2.73943 -3.57009 53.5938
      vertex -2.52935 -3.72063 53.8674
      vertex -2.73943 -3.57009 72.3392
    endloop
  endfacet
  facet normal -0.582472 -0.812851 -2.7966e-06
    outer loop
      vertex -2.52935 -3.72063 53.8674
      vertex -2.73943 -3.57009 53.5938
      vertex -2.53154 -3.71906 53.6667
    endloop
  endfacet
  facet normal 0 -0.999914 0.013142
    outer loop
      vertex 11 -0.799999 0
      vertex 4.42683 -0.797361 0.200713
      vertex 4.4264 -0.799999 0
    endloop
  endfacet
  facet normal 0.0292073 -0.27789 0.960169
    outer loop
      vertex 4.48657 -0.332849 0.333333
      vertex 11 -0.799999 0
      vertex 11.0234 0.354195 0.333333
    endloop
  endfacet
  facet normal 0.0292074 -0.277888 0.960169
    outer loop
      vertex 4.4615 -0.587367 0.260434
      vertex 11 -0.799999 0
      vertex 4.48657 -0.332849 0.333333
    endloop
  endfacet
  facet normal 0.0292074 -0.277888 0.960169
    outer loop
      vertex 11 -0.799999 0
      vertex 4.4615 -0.587367 0.260434
      vertex 4.42683 -0.797361 0.200713
    endloop
  endfacet
  facet normal 0.997545 0 -0.0700277
    outer loop
      vertex 11 0.799999 0
      vertex 11.0234 0.354195 0.333333
      vertex 11 -0.799999 0
    endloop
  endfacet
  facet normal 0.992089 0.104307 0.0698565
    outer loop
      vertex 11.0234 0.354195 0.333333
      vertex 11 0.799999 0
      vertex 10.8561 1.94543 0.333333
    endloop
  endfacet
  facet normal 0 0.27942 -0.960169
    outer loop
      vertex 4.4264 0.799999 0
      vertex 10.8561 1.94543 0.333333
      vertex 11 0.799999 0
    endloop
  endfacet
  facet normal 1.97427e-07 0.279419 -0.960169
    outer loop
      vertex 4.41353 0.877906 0.0226717
      vertex 10.8561 1.94543 0.333333
      vertex 4.4264 0.799999 0
    endloop
  endfacet
  facet normal 5.43908e-07 0.279417 -0.96017
    outer loop
      vertex 4.34667 1.16469 0.106128
      vertex 10.8561 1.94543 0.333333
      vertex 4.41353 0.877906 0.0226717
    endloop
  endfacet
  facet normal -2.39788e-06 0.279439 -0.960163
    outer loop
      vertex 10.8561 1.94543 0.333333
      vertex 4.34667 1.16469 0.106128
      vertex 4.31906 1.2557 0.132615
    endloop
  endfacet
  facet normal -0.104519 0.994435 -0.0131937
    outer loop
      vertex 10.8561 1.94543 0.333333
      vertex 4.31906 1.2557 0.132615
      vertex 4.31827 1.25828 0.333333
    endloop
  endfacet
  facet normal 0.104519 -0.994436 0.0131495
    outer loop
      vertex 11.0234 0.354195 0.333333
      vertex 4.48683 -0.330168 0.534018
      vertex 4.48657 -0.332849 0.333333
    endloop
  endfacet
  facet normal 0.0580943 -0.273314 0.960169
    outer loop
      vertex 11.0234 0.354195 0.333333
      vertex 4.49549 0.137674 0.666666
      vertex 4.5 0 0.627204
    endloop
  endfacet
  facet normal 0.0580943 -0.273314 0.960169
    outer loop
      vertex 4.49549 0.137674 0.666666
      vertex 11.0234 0.354195 0.333333
      vertex 10.926 1.50451 0.666666
    endloop
  endfacet
  facet normal 0.0580943 -0.273314 0.960169
    outer loop
      vertex 4.49037 -0.294313 0.54401
      vertex 11.0234 0.354195 0.333333
      vertex 4.5 0 0.627204
    endloop
  endfacet
  facet normal 0.0580943 -0.273314 0.960169
    outer loop
      vertex 11.0234 0.354195 0.333333
      vertex 4.49037 -0.294313 0.54401
      vertex 4.48683 -0.330168 0.534018
    endloop
  endfacet
  facet normal 0.992074 0.104305 -0.0700673
    outer loop
      vertex 10.926 1.50451 0.666666
      vertex 11.0234 0.354195 0.333333
      vertex 10.8561 1.94543 0.333333
    endloop
  endfacet
  facet normal 0.975759 0.207429 0.0697625
    outer loop
      vertex 10.926 1.50451 0.666666
      vertex 10.8561 1.94543 0.333333
      vertex 10.5933 3.06955 0.666666
    endloop
  endfacet
  facet normal -0.0292071 0.277889 -0.960169
    outer loop
      vertex 4.31827 1.25828 0.333333
      vertex 10.5933 3.06955 0.666666
      vertex 10.8561 1.94543 0.333333
    endloop
  endfacet
  facet normal -0.0292074 0.27789 -0.960169
    outer loop
      vertex 4.26118 1.44648 0.389538
      vertex 10.5933 3.06955 0.666666
      vertex 4.31827 1.25828 0.333333
    endloop
  endfacet
  facet normal -0.0292081 0.277892 -0.960168
    outer loop
      vertex 10.5933 3.06955 0.666666
      vertex 4.26118 1.44648 0.389538
      vertex 4.16554 1.70059 0.465992
    endloop
  endfacet
  facet normal -0.207893 0.978063 -0.0131585
    outer loop
      vertex 10.5933 3.06955 0.666666
      vertex 4.16554 1.70059 0.465992
      vertex 4.1646 1.70309 0.666666
    endloop
  endfacet
  facet normal 0.207892 -0.978064 0.0131365
    outer loop
      vertex 4.49549 0.137674 0.666666
      vertex 10.926 1.50451 0.666666
      vertex 4.49541 0.140353 0.867394
    endloop
  endfacet
  facet normal 0.0863445 -0.265739 0.96017
    outer loop
      vertex 4.4582 0.607386 1
      vertex 10.926 1.50451 0.666666
      vertex 10.7088 2.63834 1
    endloop
  endfacet
  facet normal 0.0863445 -0.265742 0.96017
    outer loop
      vertex 10.926 1.50451 0.666666
      vertex 4.49037 0.294313 0.910458
      vertex 4.49541 0.140353 0.867394
    endloop
  endfacet
  facet normal 0.0863449 -0.265744 0.960169
    outer loop
      vertex 10.926 1.50451 0.666666
      vertex 4.4615 0.587367 0.994162
      vertex 4.49037 0.294313 0.910458
    endloop
  endfacet
  facet normal 0.0863484 -0.265771 0.960161
    outer loop
      vertex 10.926 1.50451 0.666666
      vertex 4.4582 0.607386 1
      vertex 4.4615 0.587367 0.994162
    endloop
  endfacet
  facet normal 0.975759 0.207429 -0.0697637
    outer loop
      vertex 10.7088 2.63834 1
      vertex 10.926 1.50451 0.666666
      vertex 10.5933 3.06955 0.666666
    endloop
  endfacet
  facet normal 0.948727 0.308243 0.0700187
    outer loop
      vertex 10.7088 2.63834 1
      vertex 10.5933 3.06955 0.666666
      vertex 10.2144 4.16003 1
    endloop
  endfacet
  facet normal -0.0580948 0.273315 -0.960169
    outer loop
      vertex 4.1646 1.70309 0.666666
      vertex 10.2144 4.16003 1
      vertex 10.5933 3.06955 0.666666
    endloop
  endfacet
  facet normal -0.0581507 0.273447 -0.960128
    outer loop
      vertex 4.15746 1.72207 0.672504
      vertex 10.2144 4.16003 1
      vertex 4.1646 1.70309 0.666666
    endloop
  endfacet
  facet normal -0.0580921 0.273307 -0.960171
    outer loop
      vertex 4.03593 1.9903 0.756207
      vertex 10.2144 4.16003 1
      vertex 4.15746 1.72207 0.672504
    endloop
  endfacet
  facet normal -0.0580969 0.273321 -0.960167
    outer loop
      vertex 10.2144 4.16003 1
      vertex 4.03593 1.9903 0.756207
      vertex 3.96331 2.12615 0.799272
    endloop
  endfacet
  facet normal -0.30899 0.950974 -0.0131677
    outer loop
      vertex 10.2144 4.16003 1
      vertex 3.96331 2.12615 0.799272
      vertex 3.96205 2.12852 1
    endloop
  endfacet
  facet normal 0.308992 -0.950974 0.0131553
    outer loop
      vertex 4.4582 0.607386 1
      vertex 10.7088 2.63834 1
      vertex 4.45776 0.610019 1.20067
    endloop
  endfacet
  facet normal 0.11365 -0.255264 0.960169
    outer loop
      vertex 4.36887 1.06944 1.33333
      vertex 10.7088 2.63834 1
      vertex 10.3744 3.74327 1.33333
    endloop
  endfacet
  facet normal 0.113657 -0.255283 0.960163
    outer loop
      vertex 10.7088 2.63834 1
      vertex 4.41353 0.877906 1.27713
      vertex 4.45776 0.610019 1.20067
    endloop
  endfacet
  facet normal 0.113644 -0.255237 0.960177
    outer loop
      vertex 10.7088 2.63834 1
      vertex 4.36887 1.06944 1.33333
      vertex 4.41353 0.877906 1.27713
    endloop
  endfacet
  facet normal 0.948729 0.308244 -0.0699994
    outer loop
      vertex 10.3744 3.74327 1.33333
      vertex 10.7088 2.63834 1
      vertex 10.2144 4.16003 1
    endloop
  endfacet
  facet normal 0.91131 0.405749 0.069872
    outer loop
      vertex 10.3744 3.74327 1.33333
      vertex 10.2144 4.16003 1
      vertex 9.72361 5.20494 1.33333
    endloop
  endfacet
  facet normal -0.0863447 0.265742 -0.96017
    outer loop
      vertex 3.96205 2.12852 1
      vertex 9.72361 5.20494 1.33333
      vertex 10.2144 4.16003 1
    endloop
  endfacet
  facet normal -0.0863406 0.265735 -0.960172
    outer loop
      vertex 3.89711 2.25 1.03946
      vertex 9.72361 5.20494 1.33333
      vertex 3.96205 2.12852 1
    endloop
  endfacet
  facet normal -0.0863525 0.265757 -0.960165
    outer loop
      vertex 3.74161 2.50007 1.12266
      vertex 9.72361 5.20494 1.33333
      vertex 3.89711 2.25 1.03946
    endloop
  endfacet
  facet normal -0.0863415 0.265733 -0.960172
    outer loop
      vertex 9.72361 5.20494 1.33333
      vertex 3.74161 2.50007 1.12266
      vertex 3.72063 2.52935 1.13265
    endloop
  endfacet
  facet normal -0.406702 0.913466 -0.0131504
    outer loop
      vertex 9.72361 5.20494 1.33333
      vertex 3.72063 2.52935 1.13265
      vertex 3.71906 2.53154 1.33333
    endloop
  endfacet
  facet normal 0.406701 -0.913467 0.0131595
    outer loop
      vertex 4.36887 1.06944 1.33333
      vertex 10.3744 3.74327 1.33333
      vertex 4.36826 1.07206 1.53405
    endloop
  endfacet
  facet normal 0.139712 -0.241989 0.960168
    outer loop
      vertex 4.23337 1.52038 1.66667
      vertex 10.3744 3.74327 1.33333
      vertex 9.92628 4.80718 1.66667
    endloop
  endfacet
  facet normal 0.139724 -0.242016 0.960159
    outer loop
      vertex 10.3744 3.74327 1.33333
      vertex 4.34667 1.16469 1.56054
      vertex 4.36826 1.07206 1.53405
    endloop
  endfacet
  facet normal 0.139702 -0.241965 0.960175
    outer loop
      vertex 10.3744 3.74327 1.33333
      vertex 4.26118 1.44648 1.64399
      vertex 4.34667 1.16469 1.56054
    endloop
  endfacet
  facet normal 0.139744 -0.24208 0.96014
    outer loop
      vertex 10.3744 3.74327 1.33333
      vertex 4.23337 1.52038 1.66667
      vertex 4.26118 1.44648 1.64399
    endloop
  endfacet
  facet normal 0.911307 0.405748 -0.0699116
    outer loop
      vertex 9.92628 4.80718 1.66667
      vertex 10.3744 3.74327 1.33333
      vertex 9.72361 5.20494 1.33333
    endloop
  endfacet
  facet normal 0.863906 0.498777 0.0699153
    outer loop
      vertex 9.92628 4.80718 1.66667
      vertex 9.72361 5.20494 1.33333
      vertex 9.12628 6.19282 1.66667
    endloop
  endfacet
  facet normal -0.113653 0.255268 -0.960167
    outer loop
      vertex 3.71906 2.53154 1.33333
      vertex 9.12628 6.19282 1.66667
      vertex 9.72361 5.20494 1.33333
    endloop
  endfacet
  facet normal -0.113648 0.255261 -0.96017
    outer loop
      vertex 3.57009 2.73943 1.40623
      vertex 9.12628 6.19282 1.66667
      vertex 3.71906 2.53154 1.33333
    endloop
  endfacet
  facet normal -0.11365 0.255265 -0.960168
    outer loop
      vertex 9.12628 6.19282 1.66667
      vertex 3.57009 2.73943 1.40623
      vertex 3.43507 2.90395 1.46595
    endloop
  endfacet
  facet normal -0.499956 0.865951 -0.0131648
    outer loop
      vertex 9.12628 6.19282 1.66667
      vertex 3.43507 2.90395 1.46595
      vertex 3.43337 2.90602 1.66667
    endloop
  endfacet
  facet normal 0.499957 -0.865951 0.0131276
    outer loop
      vertex 4.23337 1.52038 1.66667
      vertex 9.92628 4.80718 1.66667
      vertex 4.23243 1.52288 1.86738
    endloop
  endfacet
  facet normal 0.164238 -0.226054 0.96017
    outer loop
      vertex 4.05191 1.95503 2
      vertex 9.92628 4.80718 1.66667
      vertex 9.36941 5.81842 2
    endloop
  endfacet
  facet normal 0.164239 -0.226057 0.960169
    outer loop
      vertex 9.92628 4.80718 1.66667
      vertex 4.15746 1.72207 1.9271
      vertex 4.23243 1.52288 1.86738
    endloop
  endfacet
  facet normal 0.164237 -0.226052 0.96017
    outer loop
      vertex 9.92628 4.80718 1.66667
      vertex 4.05191 1.95503 2
      vertex 4.15746 1.72207 1.9271
    endloop
  endfacet
  facet normal 0.863907 0.498777 -0.0698993
    outer loop
      vertex 9.36941 5.81842 2
      vertex 9.92628 4.80718 1.66667
      vertex 9.12628 6.19282 1.66667
    endloop
  endfacet
  facet normal 0.807039 0.586343 0.0699348
    outer loop
      vertex 9.36941 5.81842 2
      vertex 9.12628 6.19282 1.66667
      vertex 8.42896 7.11285 2
    endloop
  endfacet
  facet normal -0.139709 0.241983 -0.96017
    outer loop
      vertex 3.43337 2.90602 1.66667
      vertex 8.42896 7.11285 2
      vertex 9.12628 6.19282 1.66667
    endloop
  endfacet
  facet normal -0.139696 0.241969 -0.960175
    outer loop
      vertex 3.38328 2.96706 1.68934
      vertex 8.42896 7.11285 2
      vertex 3.43337 2.90602 1.66667
    endloop
  endfacet
  facet normal -0.1397 0.241973 -0.960173
    outer loop
      vertex 3.18198 3.18198 1.77279
      vertex 8.42896 7.11285 2
      vertex 3.38328 2.96706 1.68934
    endloop
  endfacet
  facet normal -0.139724 0.242004 -0.960162
    outer loop
      vertex 8.42896 7.11285 2
      vertex 3.18198 3.18198 1.77279
      vertex 3.11256 3.247 1.79928
    endloop
  endfacet
  facet normal -0.587734 0.808947 -0.0131548
    outer loop
      vertex 8.42896 7.11285 2
      vertex 3.11256 3.247 1.79928
      vertex 3.1106 3.24884 2
    endloop
  endfacet
  facet normal 0.587735 -0.808947 0.0131269
    outer loop
      vertex 4.05191 1.95503 2
      vertex 9.36941 5.81842 2
      vertex 4.0508 1.95748 2.20068
    endloop
  endfacet
  facet normal 0.186967 -0.207648 0.96017
    outer loop
      vertex 3.82437 2.36698 2.33333
      vertex 9.36941 5.81842 2
      vertex 8.7099 6.76592 2.33333
    endloop
  endfacet
  facet normal 0.187065 -0.207786 0.960121
    outer loop
      vertex 9.36941 5.81842 2
      vertex 4.03593 1.9903 2.21068
      vertex 4.0508 1.95748 2.20068
    endloop
  endfacet
  facet normal 0.18696 -0.207636 0.960174
    outer loop
      vertex 9.36941 5.81842 2
      vertex 3.89711 2.25 2.29387
      vertex 4.03593 1.9903 2.21068
    endloop
  endfacet
  facet normal 0.186959 -0.207635 0.960174
    outer loop
      vertex 9.36941 5.81842 2
      vertex 3.82437 2.36698 2.33333
      vertex 3.89711 2.25 2.29387
    endloop
  endfacet
  facet normal 0.807039 0.586343 -0.0699295
    outer loop
      vertex 8.7099 6.76592 2.33333
      vertex 9.36941 5.81842 2
      vertex 8.42896 7.11285 2
    endloop
  endfacet
  facet normal 0.741325 0.667494 0.0699179
    outer loop
      vertex 8.7099 6.76592 2.33333
      vertex 8.42896 7.11285 2
      vertex 7.63929 7.95495 2.33333
    endloop
  endfacet
  facet normal -0.164238 0.226054 -0.96017
    outer loop
      vertex 3.1106 3.24884 2
      vertex 7.63929 7.95495 2.33333
      vertex 8.42896 7.11285 2
    endloop
  endfacet
  facet normal -0.164257 0.226072 -0.960162
    outer loop
      vertex 2.96706 3.38328 2.05621
      vertex 7.63929 7.95495 2.33333
      vertex 3.1106 3.24884 2
    endloop
  endfacet
  facet normal -0.164232 0.226047 -0.960172
    outer loop
      vertex 7.63929 7.95495 2.33333
      vertex 2.96706 3.38328 2.05621
      vertex 2.75717 3.55552 2.13266
    endloop
  endfacet
  facet normal -0.669072 0.743081 -0.0131635
    outer loop
      vertex 7.63929 7.95495 2.33333
      vertex 2.75717 3.55552 2.13266
      vertex 2.75511 3.55722 2.33333
    endloop
  endfacet
  facet normal 0.669072 -0.743082 0.0131031
    outer loop
      vertex 3.82437 2.36698 2.33333
      vertex 8.7099 6.76592 2.33333
      vertex 3.82296 2.36925 2.53406
    endloop
  endfacet
  facet normal 0.207653 -0.186971 0.960168
    outer loop
      vertex 3.55722 2.75511 2.66667
      vertex 8.7099 6.76592 2.33333
      vertex 7.95495 7.63929 2.66667
    endloop
  endfacet
  facet normal 0.207623 -0.186938 0.960181
    outer loop
      vertex 8.7099 6.76592 2.33333
      vertex 3.74161 2.50007 2.57712
      vertex 3.82296 2.36925 2.53406
    endloop
  endfacet
  facet normal 0.207663 -0.186986 0.960163
    outer loop
      vertex 8.7099 6.76592 2.33333
      vertex 3.57009 2.73943 2.66083
      vertex 3.74161 2.50007 2.57712
    endloop
  endfacet
  facet normal 0.20774 -0.187087 0.960126
    outer loop
      vertex 8.7099 6.76592 2.33333
      vertex 3.55722 2.75511 2.66667
      vertex 3.57009 2.73943 2.66083
    endloop
  endfacet
  facet normal 0.741325 0.667494 -0.0699155
    outer loop
      vertex 7.95495 7.63929 2.66667
      vertex 8.7099 6.76592 2.33333
      vertex 7.63929 7.95495 2.33333
    endloop
  endfacet
  facet normal 0.667494 0.741325 0.0699155
    outer loop
      vertex 7.95495 7.63929 2.66667
      vertex 7.63929 7.95495 2.33333
      vertex 6.76592 8.7099 2.66667
    endloop
  endfacet
  facet normal -0.186971 0.207653 -0.960168
    outer loop
      vertex 2.75511 3.55722 2.33333
      vertex 6.76592 8.7099 2.66667
      vertex 7.63929 7.95495 2.33333
    endloop
  endfacet
  facet normal -0.187087 0.20774 -0.960126
    outer loop
      vertex 2.73943 3.57009 2.33917
      vertex 6.76592 8.7099 2.66667
      vertex 2.75511 3.55722 2.33333
    endloop
  endfacet
  facet normal -0.186962 0.207645 -0.960171
    outer loop
      vertex 2.50007 3.74161 2.42287
      vertex 6.76592 8.7099 2.66667
      vertex 2.73943 3.57009 2.33917
    endloop
  endfacet
  facet normal -0.186982 0.207662 -0.960164
    outer loop
      vertex 6.76592 8.7099 2.66667
      vertex 2.50007 3.74161 2.42287
      vertex 2.36925 3.82296 2.46594
    endloop
  endfacet
  facet normal -0.743082 0.669072 -0.0131031
    outer loop
      vertex 6.76592 8.7099 2.66667
      vertex 2.36925 3.82296 2.46594
      vertex 2.36698 3.82437 2.66667
    endloop
  endfacet
  facet normal 0.743081 -0.669072 0.0131635
    outer loop
      vertex 3.55722 2.75511 2.66667
      vertex 7.95495 7.63929 2.66667
      vertex 3.55552 2.75717 2.86734
    endloop
  endfacet
  facet normal 0.226054 -0.164238 0.96017
    outer loop
      vertex 3.24884 3.1106 3
      vertex 7.95495 7.63929 2.66667
      vertex 7.11285 8.42896 3
    endloop
  endfacet
  facet normal 0.226047 -0.164232 0.960172
    outer loop
      vertex 7.95495 7.63929 2.66667
      vertex 3.38328 2.96706 2.94379
      vertex 3.55552 2.75717 2.86734
    endloop
  endfacet
  facet normal 0.226072 -0.164257 0.960162
    outer loop
      vertex 7.95495 7.63929 2.66667
      vertex 3.24884 3.1106 3
      vertex 3.38328 2.96706 2.94379
    endloop
  endfacet
  facet normal 0.667494 0.741325 -0.0699179
    outer loop
      vertex 7.11285 8.42896 3
      vertex 7.95495 7.63929 2.66667
      vertex 6.76592 8.7099 2.66667
    endloop
  endfacet
  facet normal 0.586343 0.807039 0.0699295
    outer loop
      vertex 7.11285 8.42896 3
      vertex 6.76592 8.7099 2.66667
      vertex 5.81842 9.36941 3
    endloop
  endfacet
  facet normal -0.207648 0.186967 -0.96017
    outer loop
      vertex 2.36698 3.82437 2.66667
      vertex 5.81842 9.36941 3
      vertex 6.76592 8.7099 2.66667
    endloop
  endfacet
  facet normal -0.207635 0.186959 -0.960174
    outer loop
      vertex 2.25 3.89711 2.70613
      vertex 5.81842 9.36941 3
      vertex 2.36698 3.82437 2.66667
    endloop
  endfacet
  facet normal -0.207636 0.18696 -0.960174
    outer loop
      vertex 1.9903 4.03593 2.78932
      vertex 5.81842 9.36941 3
      vertex 2.25 3.89711 2.70613
    endloop
  endfacet
  facet normal -0.207581 0.186921 -0.960193
    outer loop
      vertex 5.81842 9.36941 3
      vertex 1.9903 4.03593 2.78932
      vertex 1.95748 4.0508 2.79931
    endloop
  endfacet
  facet normal -0.808947 0.587735 -0.0131262
    outer loop
      vertex 5.81842 9.36941 3
      vertex 1.95748 4.0508 2.79931
      vertex 1.95503 4.05191 3
    endloop
  endfacet
  facet normal 0.808947 -0.587734 0.0131548
    outer loop
      vertex 3.24884 3.1106 3
      vertex 7.11285 8.42896 3
      vertex 3.247 3.11256 3.20072
    endloop
  endfacet
  facet normal 0.241983 -0.139709 0.96017
    outer loop
      vertex 2.90602 3.43337 3.33333
      vertex 7.11285 8.42896 3
      vertex 6.19282 9.12628 3.33333
    endloop
  endfacet
  facet normal 0.242004 -0.139724 0.960162
    outer loop
      vertex 7.11285 8.42896 3
      vertex 3.18198 3.18198 3.22721
      vertex 3.247 3.11256 3.20072
    endloop
  endfacet
  facet normal 0.241973 -0.1397 0.960173
    outer loop
      vertex 7.11285 8.42896 3
      vertex 2.96706 3.38328 3.31066
      vertex 3.18198 3.18198 3.22721
    endloop
  endfacet
  facet normal 0.241969 -0.139696 0.960175
    outer loop
      vertex 7.11285 8.42896 3
      vertex 2.90602 3.43337 3.33333
      vertex 2.96706 3.38328 3.31066
    endloop
  endfacet
  facet normal 0.586343 0.807039 -0.0699348
    outer loop
      vertex 6.19282 9.12628 3.33333
      vertex 7.11285 8.42896 3
      vertex 5.81842 9.36941 3
    endloop
  endfacet
  facet normal 0.498777 0.863907 0.0698993
    outer loop
      vertex 6.19282 9.12628 3.33333
      vertex 5.81842 9.36941 3
      vertex 4.80718 9.92628 3.33333
    endloop
  endfacet
  facet normal -0.226054 0.164238 -0.96017
    outer loop
      vertex 1.95503 4.05191 3
      vertex 4.80718 9.92628 3.33333
      vertex 5.81842 9.36941 3
    endloop
  endfacet
  facet normal -0.226052 0.164237 -0.96017
    outer loop
      vertex 1.72207 4.15746 3.0729
      vertex 4.80718 9.92628 3.33333
      vertex 1.95503 4.05191 3
    endloop
  endfacet
  facet normal -0.226057 0.164239 -0.960169
    outer loop
      vertex 4.80718 9.92628 3.33333
      vertex 1.72207 4.15746 3.0729
      vertex 1.52288 4.23243 3.13262
    endloop
  endfacet
  facet normal -0.865951 0.499957 -0.0131276
    outer loop
      vertex 4.80718 9.92628 3.33333
      vertex 1.52288 4.23243 3.13262
      vertex 1.52038 4.23337 3.33333
    endloop
  endfacet
  facet normal 0.865951 -0.499956 0.0131648
    outer loop
      vertex 2.90602 3.43337 3.33333
      vertex 6.19282 9.12628 3.33333
      vertex 2.90395 3.43507 3.53405
    endloop
  endfacet
  facet normal 0.255268 -0.113653 0.960167
    outer loop
      vertex 2.53154 3.71906 3.66667
      vertex 6.19282 9.12628 3.33333
      vertex 5.20494 9.72361 3.66667
    endloop
  endfacet
  facet normal 0.255265 -0.11365 0.960168
    outer loop
      vertex 6.19282 9.12628 3.33333
      vertex 2.73943 3.57009 3.59377
      vertex 2.90395 3.43507 3.53405
    endloop
  endfacet
  facet normal 0.255261 -0.113648 0.96017
    outer loop
      vertex 6.19282 9.12628 3.33333
      vertex 2.53154 3.71906 3.66667
      vertex 2.73943 3.57009 3.59377
    endloop
  endfacet
  facet normal 0.498777 0.863906 -0.0699153
    outer loop
      vertex 5.20494 9.72361 3.66667
      vertex 6.19282 9.12628 3.33333
      vertex 4.80718 9.92628 3.33333
    endloop
  endfacet
  facet normal 0.405748 0.911307 0.0699116
    outer loop
      vertex 5.20494 9.72361 3.66667
      vertex 4.80718 9.92628 3.33333
      vertex 3.74327 10.3744 3.66667
    endloop
  endfacet
  facet normal -0.241989 0.139712 -0.960168
    outer loop
      vertex 1.52038 4.23337 3.33333
      vertex 3.74327 10.3744 3.66667
      vertex 4.80718 9.92628 3.33333
    endloop
  endfacet
  facet normal -0.241974 0.139707 -0.960172
    outer loop
      vertex 1.44648 4.26118 3.356
      vertex 3.74327 10.3744 3.66667
      vertex 1.52038 4.23337 3.33333
    endloop
  endfacet
  facet normal -0.241993 0.139714 -0.960166
    outer loop
      vertex 1.16469 4.34667 3.43946
      vertex 3.74327 10.3744 3.66667
      vertex 1.44648 4.26118 3.356
    endloop
  endfacet
  facet normal -0.242016 0.139724 -0.960159
    outer loop
      vertex 3.74327 10.3744 3.66667
      vertex 1.16469 4.34667 3.43946
      vertex 1.07206 4.36826 3.46595
    endloop
  endfacet
  facet normal -0.913467 0.406701 -0.0131595
    outer loop
      vertex 3.74327 10.3744 3.66667
      vertex 1.07206 4.36826 3.46595
      vertex 1.06944 4.36887 3.66667
    endloop
  endfacet
  facet normal 0.913466 -0.406702 0.0131504
    outer loop
      vertex 2.53154 3.71906 3.66667
      vertex 5.20494 9.72361 3.66667
      vertex 2.52935 3.72063 3.86735
    endloop
  endfacet
  facet normal 0.265742 -0.0863447 0.96017
    outer loop
      vertex 2.12852 3.96205 4
      vertex 5.20494 9.72361 3.66667
      vertex 4.16003 10.2144 4
    endloop
  endfacet
  facet normal 0.265733 -0.0863415 0.960172
    outer loop
      vertex 5.20494 9.72361 3.66667
      vertex 2.50007 3.74161 3.87734
      vertex 2.52935 3.72063 3.86735
    endloop
  endfacet
  facet normal 0.265757 -0.0863525 0.960165
    outer loop
      vertex 5.20494 9.72361 3.66667
      vertex 2.25 3.89711 3.96054
      vertex 2.50007 3.74161 3.87734
    endloop
  endfacet
  facet normal 0.265735 -0.0863406 0.960172
    outer loop
      vertex 5.20494 9.72361 3.66667
      vertex 2.12852 3.96205 4
      vertex 2.25 3.89711 3.96054
    endloop
  endfacet
  facet normal 0.405749 0.91131 -0.069872
    outer loop
      vertex 4.16003 10.2144 4
      vertex 5.20494 9.72361 3.66667
      vertex 3.74327 10.3744 3.66667
    endloop
  endfacet
  facet normal 0.308244 0.948729 0.0699994
    outer loop
      vertex 4.16003 10.2144 4
      vertex 3.74327 10.3744 3.66667
      vertex 2.63834 10.7088 4
    endloop
  endfacet
  facet normal -0.255264 0.11365 -0.960169
    outer loop
      vertex 1.06944 4.36887 3.66667
      vertex 2.63834 10.7088 4
      vertex 3.74327 10.3744 3.66667
    endloop
  endfacet
  facet normal -0.255237 0.113644 -0.960177
    outer loop
      vertex 0.877906 4.41353 3.72287
      vertex 2.63834 10.7088 4
      vertex 1.06944 4.36887 3.66667
    endloop
  endfacet
  facet normal -0.255283 0.113657 -0.960163
    outer loop
      vertex 2.63834 10.7088 4
      vertex 0.877906 4.41353 3.72287
      vertex 0.610019 4.45776 3.79933
    endloop
  endfacet
  facet normal -0.950974 0.308992 -0.0131553
    outer loop
      vertex 2.63834 10.7088 4
      vertex 0.610019 4.45776 3.79933
      vertex 0.607386 4.4582 4
    endloop
  endfacet
  facet normal 0.950974 -0.30899 0.0131676
    outer loop
      vertex 2.12852 3.96205 4
      vertex 4.16003 10.2144 4
      vertex 2.12615 3.96331 4.20073
    endloop
  endfacet
  facet normal 0.273312 -0.0580942 0.96017
    outer loop
      vertex 1.70309 4.1646 4.33333
      vertex 4.16003 10.2144 4
      vertex 3.06955 10.5933 4.33333
    endloop
  endfacet
  facet normal 0.273293 -0.0580873 0.960175
    outer loop
      vertex 4.16003 10.2144 4
      vertex 1.9903 4.03593 4.24379
      vertex 2.12615 3.96331 4.20073
    endloop
  endfacet
  facet normal 0.273327 -0.0580997 0.960165
    outer loop
      vertex 4.16003 10.2144 4
      vertex 1.72207 4.15746 4.3275
      vertex 1.9903 4.03593 4.24379
    endloop
  endfacet
  facet normal 0.273124 -0.0580148 0.960228
    outer loop
      vertex 4.16003 10.2144 4
      vertex 1.70309 4.1646 4.33333
      vertex 1.72207 4.15746 4.3275
    endloop
  endfacet
  facet normal 0.308243 0.948727 -0.0700195
    outer loop
      vertex 3.06955 10.5933 4.33333
      vertex 4.16003 10.2144 4
      vertex 2.63834 10.7088 4
    endloop
  endfacet
  facet normal 0.207429 0.975759 0.0697645
    outer loop
      vertex 3.06955 10.5933 4.33333
      vertex 2.63834 10.7088 4
      vertex 1.50451 10.926 4.33333
    endloop
  endfacet
  facet normal -0.265737 0.0863435 -0.960171
    outer loop
      vertex 0.607386 4.4582 4
      vertex 1.50451 10.926 4.33333
      vertex 2.63834 10.7088 4
    endloop
  endfacet
  facet normal -0.265858 0.0863586 -0.960136
    outer loop
      vertex 0.587367 4.4615 4.00584
      vertex 1.50451 10.926 4.33333
      vertex 0.607386 4.4582 4
    endloop
  endfacet
  facet normal -0.265732 0.0863425 -0.960173
    outer loop
      vertex 0.294313 4.49037 4.08954
      vertex 1.50451 10.926 4.33333
      vertex 0.587367 4.4615 4.00584
    endloop
  endfacet
  facet normal -0.265776 0.0863503 -0.96016
    outer loop
      vertex 1.50451 10.926 4.33333
      vertex 0.294313 4.49037 4.08954
      vertex 0.140353 4.49541 4.13261
    endloop
  endfacet
  facet normal -0.978064 0.207892 -0.013137
    outer loop
      vertex 1.50451 10.926 4.33333
      vertex 0.140353 4.49541 4.13261
      vertex 0.137674 4.49549 4.33333
    endloop
  endfacet
  facet normal 0.978063 -0.207893 0.0131581
    outer loop
      vertex 1.70309 4.1646 4.33333
      vertex 3.06955 10.5933 4.33333
      vertex 1.70059 4.16554 4.53401
    endloop
  endfacet
  facet normal 0.277894 -0.0292077 0.960168
    outer loop
      vertex 1.25828 4.31827 4.66667
      vertex 3.06955 10.5933 4.33333
      vertex 1.94543 10.8561 4.66667
    endloop
  endfacet
  facet normal 0.27788 -0.0292044 0.960172
    outer loop
      vertex 3.06955 10.5933 4.33333
      vertex 1.44648 4.26118 4.61046
      vertex 1.70059 4.16554 4.53401
    endloop
  endfacet
  facet normal 0.277912 -0.029213 0.960162
    outer loop
      vertex 3.06955 10.5933 4.33333
      vertex 1.25828 4.31827 4.66667
      vertex 1.44648 4.26118 4.61046
    endloop
  endfacet
  facet normal 0.207429 0.975759 -0.069761
    outer loop
      vertex 1.94543 10.8561 4.66667
      vertex 3.06955 10.5933 4.33333
      vertex 1.50451 10.926 4.33333
    endloop
  endfacet
  facet normal 0.104305 0.992074 0.0700659
    outer loop
      vertex 1.94543 10.8561 4.66667
      vertex 1.50451 10.926 4.33333
      vertex 0.354195 11.0234 4.66667
    endloop
  endfacet
  facet normal -0.27332 0.0580954 -0.960167
    outer loop
      vertex 0.137674 4.49549 4.33333
      vertex 0.354195 11.0234 4.66667
      vertex 1.50451 10.926 4.33333
    endloop
  endfacet
  facet normal -0.273365 0.0580963 -0.960154
    outer loop
      vertex 0 4.5 4.3728
      vertex 0.354195 11.0234 4.66667
      vertex 0.137674 4.49549 4.33333
    endloop
  endfacet
  facet normal -0.273302 0.0580936 -0.960173
    outer loop
      vertex -0.294313 4.49037 4.45599
      vertex 0.354195 11.0234 4.66667
      vertex 0 4.5 4.3728
    endloop
  endfacet
  facet normal -0.273264 0.0580902 -0.960184
    outer loop
      vertex 0.354195 11.0234 4.66667
      vertex -0.294313 4.49037 4.45599
      vertex -0.330168 4.48683 4.46598
    endloop
  endfacet
  facet normal -0.994436 0.104519 -0.0131492
    outer loop
      vertex 0.354195 11.0234 4.66667
      vertex -0.330168 4.48683 4.46598
      vertex -0.332849 4.48657 4.66667
    endloop
  endfacet
  facet normal 0.994435 -0.104519 0.0131942
    outer loop
      vertex 1.25828 4.31827 4.66667
      vertex 1.94543 10.8561 4.66667
      vertex 1.2557 4.31906 4.86738
    endloop
  endfacet
  facet normal 0.279467 -6.77229e-06 0.960155
    outer loop
      vertex 1.94543 10.8561 4.66667
      vertex 1.16469 4.34667 4.89387
      vertex 1.2557 4.31906 4.86738
    endloop
  endfacet
  facet normal 0.279428 -1.61892e-06 0.960167
    outer loop
      vertex 1.94543 10.8561 4.66667
      vertex 0.877906 4.41353 4.97733
      vertex 1.16469 4.34667 4.89387
    endloop
  endfacet
  facet normal 0.279417 -0 0.96017
    outer loop
      vertex 0.799999 4.4264 5
      vertex 1.94543 10.8561 4.66667
      vertex 0.799999 11 5
    endloop
  endfacet
  facet normal 0.2794 3.38804e-06 0.960175
    outer loop
      vertex 1.94543 10.8561 4.66667
      vertex 0.799999 4.4264 5
      vertex 0.877906 4.41353 4.97733
    endloop
  endfacet
  facet normal 0.104307 0.992089 -0.0698571
    outer loop
      vertex 0.799999 11 5
      vertex 1.94543 10.8561 4.66667
      vertex 0.354195 11.0234 4.66667
    endloop
  endfacet
  facet normal 0 0.997545 0.0700284
    outer loop
      vertex 0.799999 11 5
      vertex 0.354195 11.0234 4.66667
      vertex -0.799999 11 5
    endloop
  endfacet
  facet normal -0.277892 0.0292067 -0.960168
    outer loop
      vertex -0.799999 11 5
      vertex -0.332849 4.48657 4.66667
      vertex -0.587367 4.4615 4.73957
    endloop
  endfacet
  facet normal -0.277884 0.029207 -0.96017
    outer loop
      vertex -0.799999 11 5
      vertex -0.587367 4.4615 4.73957
      vertex -0.797361 4.42683 4.79929
    endloop
  endfacet
  facet normal -0.277888 0.029207 -0.960169
    outer loop
      vertex -0.332849 4.48657 4.66667
      vertex -0.799999 11 5
      vertex 0.354195 11.0234 4.66667
    endloop
  endfacet
  facet normal -0.999914 -0 -0.0131422
    outer loop
      vertex -0.799999 11 5
      vertex -0.797361 4.42683 4.79929
      vertex -0.799999 4.4264 5
    endloop
  endfacet
  facet normal 0.999914 -0 0.0131422
    outer loop
      vertex 0.799999 4.4264 5
      vertex 0.799999 11 5
      vertex 0.797361 4.42683 5.20071
    endloop
  endfacet
  facet normal 0.277884 0.029207 0.96017
    outer loop
      vertex 0.799999 11 5
      vertex 0.587367 4.4615 5.26043
      vertex 0.797361 4.42683 5.20071
    endloop
  endfacet
  facet normal 0.277892 0.0292067 0.960168
    outer loop
      vertex 0.799999 11 5
      vertex 0.332849 4.48657 5.33333
      vertex 0.587367 4.4615 5.26043
    endloop
  endfacet
  facet normal 0.277888 0.029207 0.960169
    outer loop
      vertex 0.332849 4.48657 5.33333
      vertex 0.799999 11 5
      vertex -0.354195 11.0234 5.33333
    endloop
  endfacet
  facet normal 0 0.997545 -0.0700284
    outer loop
      vertex -0.354195 11.0234 5.33333
      vertex 0.799999 11 5
      vertex -0.799999 11 5
    endloop
  endfacet
  facet normal -0.104307 0.992089 0.0698571
    outer loop
      vertex -0.354195 11.0234 5.33333
      vertex -0.799999 11 5
      vertex -1.94543 10.8561 5.33333
    endloop
  endfacet
  facet normal -0.2794 3.38804e-06 -0.960175
    outer loop
      vertex -1.94543 10.8561 5.33333
      vertex -0.799999 4.4264 5
      vertex -0.877906 4.41353 5.02267
    endloop
  endfacet
  facet normal -0.279428 -1.61892e-06 -0.960167
    outer loop
      vertex -1.94543 10.8561 5.33333
      vertex -0.877906 4.41353 5.02267
      vertex -1.16469 4.34667 5.10613
    endloop
  endfacet
  facet normal -0.279467 -6.77229e-06 -0.960155
    outer loop
      vertex -1.94543 10.8561 5.33333
      vertex -1.16469 4.34667 5.10613
      vertex -1.2557 4.31906 5.13262
    endloop
  endfacet
  facet normal -0.279417 0 -0.96017
    outer loop
      vertex -0.799999 4.4264 5
      vertex -1.94543 10.8561 5.33333
      vertex -0.799999 11 5
    endloop
  endfacet
  facet normal -0.994435 -0.104519 -0.0131942
    outer loop
      vertex -1.2557 4.31906 5.13262
      vertex -1.25828 4.31827 5.33333
      vertex -1.94543 10.8561 5.33333
    endloop
  endfacet
  facet normal 0.994436 0.104519 0.0131492
    outer loop
      vertex 0.330168 4.48683 5.53402
      vertex 0.332849 4.48657 5.33333
      vertex -0.354195 11.0234 5.33333
    endloop
  endfacet
  facet normal 0.273264 0.0580902 0.960184
    outer loop
      vertex -0.354195 11.0234 5.33333
      vertex 0.294313 4.49037 5.54401
      vertex 0.330168 4.48683 5.53402
    endloop
  endfacet
  facet normal 0.273302 0.0580936 0.960173
    outer loop
      vertex -0.354195 11.0234 5.33333
      vertex 0 4.5 5.6272
      vertex 0.294313 4.49037 5.54401
    endloop
  endfacet
  facet normal 0.273365 0.0580963 0.960154
    outer loop
      vertex -0.354195 11.0234 5.33333
      vertex -0.137674 4.49549 5.66667
      vertex 0 4.5 5.6272
    endloop
  endfacet
  facet normal 0.27332 0.0580954 0.960167
    outer loop
      vertex -0.137674 4.49549 5.66667
      vertex -0.354195 11.0234 5.33333
      vertex -1.50451 10.926 5.66667
    endloop
  endfacet
  facet normal -0.104305 0.992074 -0.0700659
    outer loop
      vertex -1.50451 10.926 5.66667
      vertex -0.354195 11.0234 5.33333
      vertex -1.94543 10.8561 5.33333
    endloop
  endfacet
  facet normal -0.207429 0.975759 0.069761
    outer loop
      vertex -1.50451 10.926 5.66667
      vertex -1.94543 10.8561 5.33333
      vertex -3.06955 10.5933 5.66667
    endloop
  endfacet
  facet normal -0.277912 -0.029213 -0.960162
    outer loop
      vertex -3.06955 10.5933 5.66667
      vertex -1.25828 4.31827 5.33333
      vertex -1.44648 4.26118 5.38954
    endloop
  endfacet
  facet normal -0.27788 -0.0292044 -0.960172
    outer loop
      vertex -3.06955 10.5933 5.66667
      vertex -1.44648 4.26118 5.38954
      vertex -1.70059 4.16554 5.46599
    endloop
  endfacet
  facet normal -0.277894 -0.0292077 -0.960168
    outer loop
      vertex -1.25828 4.31827 5.33333
      vertex -3.06955 10.5933 5.66667
      vertex -1.94543 10.8561 5.33333
    endloop
  endfacet
  facet normal -0.978063 -0.207893 -0.0131581
    outer loop
      vertex -1.70059 4.16554 5.46599
      vertex -1.70309 4.1646 5.66667
      vertex -3.06955 10.5933 5.66667
    endloop
  endfacet
  facet normal 0.978064 0.207892 0.013137
    outer loop
      vertex -0.140353 4.49541 5.86739
      vertex -0.137674 4.49549 5.66667
      vertex -1.50451 10.926 5.66667
    endloop
  endfacet
  facet normal 0.265776 0.0863503 0.96016
    outer loop
      vertex -1.50451 10.926 5.66667
      vertex -0.294313 4.49037 5.91046
      vertex -0.140353 4.49541 5.86739
    endloop
  endfacet
  facet normal 0.265732 0.0863425 0.960173
    outer loop
      vertex -1.50451 10.926 5.66667
      vertex -0.587367 4.4615 5.99416
      vertex -0.294313 4.49037 5.91046
    endloop
  endfacet
  facet normal 0.265858 0.0863586 0.960136
    outer loop
      vertex -1.50451 10.926 5.66667
      vertex -0.607386 4.4582 6
      vertex -0.587367 4.4615 5.99416
    endloop
  endfacet
  facet normal 0.265737 0.0863435 0.960171
    outer loop
      vertex -0.607386 4.4582 6
      vertex -1.50451 10.926 5.66667
      vertex -2.63834 10.7088 6
    endloop
  endfacet
  facet normal -0.207429 0.975759 -0.0697645
    outer loop
      vertex -2.63834 10.7088 6
      vertex -1.50451 10.926 5.66667
      vertex -3.06955 10.5933 5.66667
    endloop
  endfacet
  facet normal -0.308243 0.948727 0.0700195
    outer loop
      vertex -2.63834 10.7088 6
      vertex -3.06955 10.5933 5.66667
      vertex -4.16003 10.2144 6
    endloop
  endfacet
  facet normal -0.273124 -0.0580148 -0.960228
    outer loop
      vertex -4.16003 10.2144 6
      vertex -1.70309 4.1646 5.66667
      vertex -1.72207 4.15746 5.6725
    endloop
  endfacet
  facet normal -0.273327 -0.0580997 -0.960165
    outer loop
      vertex -4.16003 10.2144 6
      vertex -1.72207 4.15746 5.6725
      vertex -1.9903 4.03593 5.75621
    endloop
  endfacet
  facet normal -0.273293 -0.0580873 -0.960175
    outer loop
      vertex -4.16003 10.2144 6
      vertex -1.9903 4.03593 5.75621
      vertex -2.12615 3.96331 5.79927
    endloop
  endfacet
  facet normal -0.273312 -0.0580942 -0.96017
    outer loop
      vertex -1.70309 4.1646 5.66667
      vertex -4.16003 10.2144 6
      vertex -3.06955 10.5933 5.66667
    endloop
  endfacet
  facet normal -0.950974 -0.30899 -0.0131676
    outer loop
      vertex -2.12615 3.96331 5.79927
      vertex -2.12852 3.96205 6
      vertex -4.16003 10.2144 6
    endloop
  endfacet
  facet normal 0.950974 0.308992 0.0131553
    outer loop
      vertex -0.610019 4.45776 6.20067
      vertex -0.607386 4.4582 6
      vertex -2.63834 10.7088 6
    endloop
  endfacet
  facet normal 0.255283 0.113657 0.960163
    outer loop
      vertex -2.63834 10.7088 6
      vertex -0.877906 4.41353 6.27713
      vertex -0.610019 4.45776 6.20067
    endloop
  endfacet
  facet normal 0.255237 0.113644 0.960177
    outer loop
      vertex -2.63834 10.7088 6
      vertex -1.06944 4.36887 6.33333
      vertex -0.877906 4.41353 6.27713
    endloop
  endfacet
  facet normal 0.255264 0.11365 0.960169
    outer loop
      vertex -1.06944 4.36887 6.33333
      vertex -2.63834 10.7088 6
      vertex -3.74327 10.3744 6.33333
    endloop
  endfacet
  facet normal -0.308244 0.948729 -0.0699994
    outer loop
      vertex -3.74327 10.3744 6.33333
      vertex -2.63834 10.7088 6
      vertex -4.16003 10.2144 6
    endloop
  endfacet
  facet normal -0.405749 0.91131 0.069872
    outer loop
      vertex -3.74327 10.3744 6.33333
      vertex -4.16003 10.2144 6
      vertex -5.20494 9.72361 6.33333
    endloop
  endfacet
  facet normal -0.265735 -0.0863406 -0.960172
    outer loop
      vertex -5.20494 9.72361 6.33333
      vertex -2.12852 3.96205 6
      vertex -2.25 3.89711 6.03946
    endloop
  endfacet
  facet normal -0.265757 -0.0863525 -0.960165
    outer loop
      vertex -5.20494 9.72361 6.33333
      vertex -2.25 3.89711 6.03946
      vertex -2.50007 3.74161 6.12266
    endloop
  endfacet
  facet normal -0.265733 -0.0863415 -0.960172
    outer loop
      vertex -5.20494 9.72361 6.33333
      vertex -2.50007 3.74161 6.12266
      vertex -2.52935 3.72063 6.13265
    endloop
  endfacet
  facet normal -0.265742 -0.0863447 -0.96017
    outer loop
      vertex -2.12852 3.96205 6
      vertex -5.20494 9.72361 6.33333
      vertex -4.16003 10.2144 6
    endloop
  endfacet
  facet normal -0.913466 -0.406702 -0.0131504
    outer loop
      vertex -2.52935 3.72063 6.13265
      vertex -2.53154 3.71906 6.33333
      vertex -5.20494 9.72361 6.33333
    endloop
  endfacet
  facet normal 0.913467 0.406701 0.0131595
    outer loop
      vertex -1.07206 4.36826 6.53405
      vertex -1.06944 4.36887 6.33333
      vertex -3.74327 10.3744 6.33333
    endloop
  endfacet
  facet normal 0.242016 0.139724 0.960159
    outer loop
      vertex -3.74327 10.3744 6.33333
      vertex -1.16469 4.34667 6.56054
      vertex -1.07206 4.36826 6.53405
    endloop
  endfacet
  facet normal 0.241965 0.139702 0.960175
    outer loop
      vertex -3.74327 10.3744 6.33333
      vertex -1.44648 4.26118 6.64399
      vertex -1.16469 4.34667 6.56054
    endloop
  endfacet
  facet normal 0.24208 0.139744 0.96014
    outer loop
      vertex -3.74327 10.3744 6.33333
      vertex -1.52038 4.23337 6.66667
      vertex -1.44648 4.26118 6.64399
    endloop
  endfacet
  facet normal 0.241989 0.139712 0.960168
    outer loop
      vertex -1.52038 4.23337 6.66667
      vertex -3.74327 10.3744 6.33333
      vertex -4.80718 9.92628 6.66667
    endloop
  endfacet
  facet normal -0.405748 0.911307 -0.0699116
    outer loop
      vertex -4.80718 9.92628 6.66667
      vertex -3.74327 10.3744 6.33333
      vertex -5.20494 9.72361 6.33333
    endloop
  endfacet
  facet normal -0.498777 0.863906 0.0699153
    outer loop
      vertex -4.80718 9.92628 6.66667
      vertex -5.20494 9.72361 6.33333
      vertex -6.19282 9.12628 6.66667
    endloop
  endfacet
  facet normal -0.255261 -0.113648 -0.96017
    outer loop
      vertex -6.19282 9.12628 6.66667
      vertex -2.53154 3.71906 6.33333
      vertex -2.73943 3.57009 6.40623
    endloop
  endfacet
  facet normal -0.255265 -0.11365 -0.960168
    outer loop
      vertex -6.19282 9.12628 6.66667
      vertex -2.73943 3.57009 6.40623
      vertex -2.90395 3.43507 6.46595
    endloop
  endfacet
  facet normal -0.255268 -0.113653 -0.960167
    outer loop
      vertex -2.53154 3.71906 6.33333
      vertex -6.19282 9.12628 6.66667
      vertex -5.20494 9.72361 6.33333
    endloop
  endfacet
  facet normal -0.865951 -0.499956 -0.0131648
    outer loop
      vertex -2.90395 3.43507 6.46595
      vertex -2.90602 3.43337 6.66667
      vertex -6.19282 9.12628 6.66667
    endloop
  endfacet
  facet normal 0.865951 0.499957 0.0131276
    outer loop
      vertex -1.52288 4.23243 6.86738
      vertex -1.52038 4.23337 6.66667
      vertex -4.80718 9.92628 6.66667
    endloop
  endfacet
  facet normal 0.226057 0.164239 0.960169
    outer loop
      vertex -4.80718 9.92628 6.66667
      vertex -1.72207 4.15746 6.9271
      vertex -1.52288 4.23243 6.86738
    endloop
  endfacet
  facet normal 0.226052 0.164237 0.96017
    outer loop
      vertex -4.80718 9.92628 6.66667
      vertex -1.95503 4.05191 7
      vertex -1.72207 4.15746 6.9271
    endloop
  endfacet
  facet normal 0.226054 0.164238 0.96017
    outer loop
      vertex -1.95503 4.05191 7
      vertex -4.80718 9.92628 6.66667
      vertex -5.81842 9.36941 7
    endloop
  endfacet
  facet normal -0.498777 0.863907 -0.0698993
    outer loop
      vertex -5.81842 9.36941 7
      vertex -4.80718 9.92628 6.66667
      vertex -6.19282 9.12628 6.66667
    endloop
  endfacet
  facet normal -0.586343 0.807039 0.0699348
    outer loop
      vertex -5.81842 9.36941 7
      vertex -6.19282 9.12628 6.66667
      vertex -7.11285 8.42896 7
    endloop
  endfacet
  facet normal -0.241969 -0.139696 -0.960175
    outer loop
      vertex -7.11285 8.42896 7
      vertex -2.90602 3.43337 6.66667
      vertex -2.96706 3.38328 6.68934
    endloop
  endfacet
  facet normal -0.241973 -0.1397 -0.960173
    outer loop
      vertex -7.11285 8.42896 7
      vertex -2.96706 3.38328 6.68934
      vertex -3.18198 3.18198 6.77279
    endloop
  endfacet
  facet normal -0.242004 -0.139724 -0.960162
    outer loop
      vertex -7.11285 8.42896 7
      vertex -3.18198 3.18198 6.77279
      vertex -3.247 3.11256 6.79928
    endloop
  endfacet
  facet normal -0.241983 -0.139709 -0.96017
    outer loop
      vertex -2.90602 3.43337 6.66667
      vertex -7.11285 8.42896 7
      vertex -6.19282 9.12628 6.66667
    endloop
  endfacet
  facet normal -0.808947 -0.587734 -0.0131548
    outer loop
      vertex -3.247 3.11256 6.79928
      vertex -3.24884 3.1106 7
      vertex -7.11285 8.42896 7
    endloop
  endfacet
  facet normal 0.808947 0.587735 0.0131269
    outer loop
      vertex -1.95748 4.0508 7.20068
      vertex -1.95503 4.05191 7
      vertex -5.81842 9.36941 7
    endloop
  endfacet
  facet normal 0.207786 0.187065 0.960121
    outer loop
      vertex -5.81842 9.36941 7
      vertex -1.9903 4.03593 7.21068
      vertex -1.95748 4.0508 7.20068
    endloop
  endfacet
  facet normal 0.207636 0.18696 0.960174
    outer loop
      vertex -5.81842 9.36941 7
      vertex -2.25 3.89711 7.29387
      vertex -1.9903 4.03593 7.21068
    endloop
  endfacet
  facet normal 0.207635 0.186959 0.960174
    outer loop
      vertex -5.81842 9.36941 7
      vertex -2.36698 3.82437 7.33333
      vertex -2.25 3.89711 7.29387
    endloop
  endfacet
  facet normal 0.207648 0.186967 0.96017
    outer loop
      vertex -2.36698 3.82437 7.33333
      vertex -5.81842 9.36941 7
      vertex -6.76592 8.7099 7.33333
    endloop
  endfacet
  facet normal -0.586343 0.807039 -0.0699295
    outer loop
      vertex -6.76592 8.7099 7.33333
      vertex -5.81842 9.36941 7
      vertex -7.11285 8.42896 7
    endloop
  endfacet
  facet normal -0.667494 0.741325 0.0699179
    outer loop
      vertex -6.76592 8.7099 7.33333
      vertex -7.11285 8.42896 7
      vertex -7.95495 7.63929 7.33333
    endloop
  endfacet
  facet normal -0.226072 -0.164257 -0.960162
    outer loop
      vertex -7.95495 7.63929 7.33333
      vertex -3.24884 3.1106 7
      vertex -3.38328 2.96706 7.05621
    endloop
  endfacet
  facet normal -0.226047 -0.164232 -0.960172
    outer loop
      vertex -7.95495 7.63929 7.33333
      vertex -3.38328 2.96706 7.05621
      vertex -3.55552 2.75717 7.13266
    endloop
  endfacet
  facet normal -0.226054 -0.164238 -0.96017
    outer loop
      vertex -3.24884 3.1106 7
      vertex -7.95495 7.63929 7.33333
      vertex -7.11285 8.42896 7
    endloop
  endfacet
  facet normal -0.743081 -0.669072 -0.0131635
    outer loop
      vertex -3.55552 2.75717 7.13266
      vertex -3.55722 2.75511 7.33333
      vertex -7.95495 7.63929 7.33333
    endloop
  endfacet
  facet normal 0.743082 0.669072 0.0131031
    outer loop
      vertex -2.36925 3.82296 7.53406
      vertex -2.36698 3.82437 7.33333
      vertex -6.76592 8.7099 7.33333
    endloop
  endfacet
  facet normal 0.186982 0.207662 0.960164
    outer loop
      vertex -6.76592 8.7099 7.33333
      vertex -2.50007 3.74161 7.57713
      vertex -2.36925 3.82296 7.53406
    endloop
  endfacet
  facet normal 0.186962 0.207645 0.960171
    outer loop
      vertex -6.76592 8.7099 7.33333
      vertex -2.73943 3.57009 7.66083
      vertex -2.50007 3.74161 7.57713
    endloop
  endfacet
  facet normal 0.187087 0.20774 0.960126
    outer loop
      vertex -6.76592 8.7099 7.33333
      vertex -2.75511 3.55722 7.66667
      vertex -2.73943 3.57009 7.66083
    endloop
  endfacet
  facet normal 0.186971 0.207653 0.960168
    outer loop
      vertex -2.75511 3.55722 7.66667
      vertex -6.76592 8.7099 7.33333
      vertex -7.63929 7.95495 7.66667
    endloop
  endfacet
  facet normal -0.667494 0.741325 -0.0699155
    outer loop
      vertex -7.63929 7.95495 7.66667
      vertex -6.76592 8.7099 7.33333
      vertex -7.95495 7.63929 7.33333
    endloop
  endfacet
  facet normal -0.741325 0.667494 0.0699155
    outer loop
      vertex -7.63929 7.95495 7.66667
      vertex -7.95495 7.63929 7.33333
      vertex -8.7099 6.76592 7.66667
    endloop
  endfacet
  facet normal -0.20774 -0.187087 -0.960126
    outer loop
      vertex -8.7099 6.76592 7.66667
      vertex -3.55722 2.75511 7.33333
      vertex -3.57009 2.73943 7.33917
    endloop
  endfacet
  facet normal -0.207645 -0.186962 -0.960171
    outer loop
      vertex -8.7099 6.76592 7.66667
      vertex -3.57009 2.73943 7.33917
      vertex -3.74161 2.50007 7.42287
    endloop
  endfacet
  facet normal -0.207662 -0.186982 -0.960164
    outer loop
      vertex -8.7099 6.76592 7.66667
      vertex -3.74161 2.50007 7.42287
      vertex -3.82296 2.36925 7.46594
    endloop
  endfacet
  facet normal -0.207653 -0.186971 -0.960168
    outer loop
      vertex -3.55722 2.75511 7.33333
      vertex -8.7099 6.76592 7.66667
      vertex -7.95495 7.63929 7.33333
    endloop
  endfacet
  facet normal -0.669072 -0.743082 -0.0131031
    outer loop
      vertex -3.82296 2.36925 7.46594
      vertex -3.82437 2.36698 7.66667
      vertex -8.7099 6.76592 7.66667
    endloop
  endfacet
  facet normal 0.669072 0.743081 0.0131635
    outer loop
      vertex -2.75717 3.55552 7.86734
      vertex -2.75511 3.55722 7.66667
      vertex -7.63929 7.95495 7.66667
    endloop
  endfacet
  facet normal 0.164232 0.226047 0.960172
    outer loop
      vertex -7.63929 7.95495 7.66667
      vertex -2.96706 3.38328 7.94379
      vertex -2.75717 3.55552 7.86734
    endloop
  endfacet
  facet normal 0.164257 0.226072 0.960162
    outer loop
      vertex -7.63929 7.95495 7.66667
      vertex -3.1106 3.24884 8
      vertex -2.96706 3.38328 7.94379
    endloop
  endfacet
  facet normal 0.164238 0.226054 0.96017
    outer loop
      vertex -3.1106 3.24884 8
      vertex -7.63929 7.95495 7.66667
      vertex -8.42896 7.11285 8
    endloop
  endfacet
  facet normal -0.741325 0.667494 -0.0699179
    outer loop
      vertex -8.42896 7.11285 8
      vertex -7.63929 7.95495 7.66667
      vertex -8.7099 6.76592 7.66667
    endloop
  endfacet
  facet normal -0.807039 0.586343 0.0699295
    outer loop
      vertex -8.42896 7.11285 8
      vertex -8.7099 6.76592 7.66667
      vertex -9.36941 5.81842 8
    endloop
  endfacet
  facet normal -0.186959 -0.207635 -0.960174
    outer loop
      vertex -9.36941 5.81842 8
      vertex -3.82437 2.36698 7.66667
      vertex -3.89711 2.25 7.70613
    endloop
  endfacet
  facet normal -0.18696 -0.207636 -0.960174
    outer loop
      vertex -9.36941 5.81842 8
      vertex -3.89711 2.25 7.70613
      vertex -4.03593 1.9903 7.78932
    endloop
  endfacet
  facet normal -0.186921 -0.207581 -0.960193
    outer loop
      vertex -9.36941 5.81842 8
      vertex -4.03593 1.9903 7.78932
      vertex -4.0508 1.95748 7.79931
    endloop
  endfacet
  facet normal -0.186967 -0.207648 -0.96017
    outer loop
      vertex -3.82437 2.36698 7.66667
      vertex -9.36941 5.81842 8
      vertex -8.7099 6.76592 7.66667
    endloop
  endfacet
  facet normal -0.587735 -0.808947 -0.0131262
    outer loop
      vertex -4.0508 1.95748 7.79931
      vertex -4.05191 1.95503 8
      vertex -9.36941 5.81842 8
    endloop
  endfacet
  facet normal 0.587734 0.808947 0.0131548
    outer loop
      vertex -3.11256 3.247 8.20072
      vertex -3.1106 3.24884 8
      vertex -8.42896 7.11285 8
    endloop
  endfacet
  facet normal 0.139724 0.242004 0.960162
    outer loop
      vertex -8.42896 7.11285 8
      vertex -3.18198 3.18198 8.22721
      vertex -3.11256 3.247 8.20072
    endloop
  endfacet
  facet normal 0.1397 0.241973 0.960173
    outer loop
      vertex -8.42896 7.11285 8
      vertex -3.38328 2.96706 8.31066
      vertex -3.18198 3.18198 8.22721
    endloop
  endfacet
  facet normal 0.139696 0.241969 0.960175
    outer loop
      vertex -8.42896 7.11285 8
      vertex -3.43337 2.90602 8.33333
      vertex -3.38328 2.96706 8.31066
    endloop
  endfacet
  facet normal 0.139709 0.241983 0.96017
    outer loop
      vertex -3.43337 2.90602 8.33333
      vertex -8.42896 7.11285 8
      vertex -9.12628 6.19282 8.33333
    endloop
  endfacet
  facet normal -0.807039 0.586343 -0.0699348
    outer loop
      vertex -9.12628 6.19282 8.33333
      vertex -8.42896 7.11285 8
      vertex -9.36941 5.81842 8
    endloop
  endfacet
  facet normal -0.863907 0.498777 0.0698993
    outer loop
      vertex -9.12628 6.19282 8.33333
      vertex -9.36941 5.81842 8
      vertex -9.92628 4.80718 8.33333
    endloop
  endfacet
  facet normal -0.164237 -0.226052 -0.96017
    outer loop
      vertex -9.92628 4.80718 8.33333
      vertex -4.05191 1.95503 8
      vertex -4.15746 1.72207 8.0729
    endloop
  endfacet
  facet normal -0.164239 -0.226057 -0.960169
    outer loop
      vertex -9.92628 4.80718 8.33333
      vertex -4.15746 1.72207 8.0729
      vertex -4.23243 1.52288 8.13262
    endloop
  endfacet
  facet normal -0.164238 -0.226054 -0.96017
    outer loop
      vertex -4.05191 1.95503 8
      vertex -9.92628 4.80718 8.33333
      vertex -9.36941 5.81842 8
    endloop
  endfacet
  facet normal -0.499957 -0.865951 -0.0131276
    outer loop
      vertex -4.23243 1.52288 8.13262
      vertex -4.23337 1.52038 8.33333
      vertex -9.92628 4.80718 8.33333
    endloop
  endfacet
  facet normal 0.499956 0.865951 0.0131648
    outer loop
      vertex -3.43507 2.90395 8.53405
      vertex -3.43337 2.90602 8.33333
      vertex -9.12628 6.19282 8.33333
    endloop
  endfacet
  facet normal 0.11365 0.255265 0.960168
    outer loop
      vertex -9.12628 6.19282 8.33333
      vertex -3.57009 2.73943 8.59377
      vertex -3.43507 2.90395 8.53405
    endloop
  endfacet
  facet normal 0.113648 0.255261 0.96017
    outer loop
      vertex -9.12628 6.19282 8.33333
      vertex -3.71906 2.53154 8.66667
      vertex -3.57009 2.73943 8.59377
    endloop
  endfacet
  facet normal 0.113653 0.255268 0.960167
    outer loop
      vertex -3.71906 2.53154 8.66667
      vertex -9.12628 6.19282 8.33333
      vertex -9.72361 5.20494 8.66667
    endloop
  endfacet
  facet normal -0.863906 0.498777 -0.0699153
    outer loop
      vertex -9.72361 5.20494 8.66667
      vertex -9.12628 6.19282 8.33333
      vertex -9.92628 4.80718 8.33333
    endloop
  endfacet
  facet normal -0.911307 0.405748 0.0699116
    outer loop
      vertex -9.72361 5.20494 8.66667
      vertex -9.92628 4.80718 8.33333
      vertex -10.3744 3.74327 8.66667
    endloop
  endfacet
  facet normal -0.139707 -0.241974 -0.960172
    outer loop
      vertex -10.3744 3.74327 8.66667
      vertex -4.23337 1.52038 8.33333
      vertex -4.26118 1.44648 8.356
    endloop
  endfacet
  facet normal -0.139714 -0.241993 -0.960166
    outer loop
      vertex -10.3744 3.74327 8.66667
      vertex -4.26118 1.44648 8.356
      vertex -4.34667 1.16469 8.43946
    endloop
  endfacet
  facet normal -0.139724 -0.242016 -0.960159
    outer loop
      vertex -10.3744 3.74327 8.66667
      vertex -4.34667 1.16469 8.43946
      vertex -4.36826 1.07206 8.46595
    endloop
  endfacet
  facet normal -0.139712 -0.241989 -0.960168
    outer loop
      vertex -4.23337 1.52038 8.33333
      vertex -10.3744 3.74327 8.66667
      vertex -9.92628 4.80718 8.33333
    endloop
  endfacet
  facet normal -0.406701 -0.913467 -0.0131595
    outer loop
      vertex -4.36826 1.07206 8.46595
      vertex -4.36887 1.06944 8.66667
      vertex -10.3744 3.74327 8.66667
    endloop
  endfacet
  facet normal 0.406702 0.913466 0.0131504
    outer loop
      vertex -3.72063 2.52935 8.86735
      vertex -3.71906 2.53154 8.66667
      vertex -9.72361 5.20494 8.66667
    endloop
  endfacet
  facet normal 0.0863415 0.265733 0.960172
    outer loop
      vertex -9.72361 5.20494 8.66667
      vertex -3.74161 2.50007 8.87734
      vertex -3.72063 2.52935 8.86735
    endloop
  endfacet
  facet normal 0.0863525 0.265757 0.960165
    outer loop
      vertex -9.72361 5.20494 8.66667
      vertex -3.89711 2.25 8.96054
      vertex -3.74161 2.50007 8.87734
    endloop
  endfacet
  facet normal 0.0863406 0.265735 0.960172
    outer loop
      vertex -9.72361 5.20494 8.66667
      vertex -3.96205 2.12852 9
      vertex -3.89711 2.25 8.96054
    endloop
  endfacet
  facet normal 0.0863447 0.265742 0.96017
    outer loop
      vertex -3.96205 2.12852 9
      vertex -9.72361 5.20494 8.66667
      vertex -10.2144 4.16003 9
    endloop
  endfacet
  facet normal -0.91131 0.405749 -0.069872
    outer loop
      vertex -10.2144 4.16003 9
      vertex -9.72361 5.20494 8.66667
      vertex -10.3744 3.74327 8.66667
    endloop
  endfacet
  facet normal -0.948729 0.308244 0.0699994
    outer loop
      vertex -10.2144 4.16003 9
      vertex -10.3744 3.74327 8.66667
      vertex -10.7088 2.63834 9
    endloop
  endfacet
  facet normal -0.113644 -0.255237 -0.960177
    outer loop
      vertex -10.7088 2.63834 9
      vertex -4.36887 1.06944 8.66667
      vertex -4.41353 0.877906 8.72287
    endloop
  endfacet
  facet normal -0.113648 -0.255251 -0.960172
    outer loop
      vertex -10.7088 2.63834 9
      vertex -4.41353 0.877906 8.72287
      vertex -4.45776 0.610019 8.79932
    endloop
  endfacet
  facet normal -0.11365 -0.255264 -0.960169
    outer loop
      vertex -4.36887 1.06944 8.66667
      vertex -10.7088 2.63834 9
      vertex -10.3744 3.74327 8.66667
    endloop
  endfacet
  facet normal -0.308992 -0.950974 -0.0131546
    outer loop
      vertex -4.45776 0.610019 8.79932
      vertex -4.4582 0.607386 9
      vertex -10.7088 2.63834 9
    endloop
  endfacet
  facet normal 0.30899 0.950974 0.0131676
    outer loop
      vertex -3.96331 2.12615 9.20073
      vertex -3.96205 2.12852 9
      vertex -10.2144 4.16003 9
    endloop
  endfacet
  facet normal 0.0580873 0.273293 0.960175
    outer loop
      vertex -10.2144 4.16003 9
      vertex -4.03593 1.9903 9.24379
      vertex -3.96331 2.12615 9.20073
    endloop
  endfacet
  facet normal 0.0580997 0.273327 0.960165
    outer loop
      vertex -10.2144 4.16003 9
      vertex -4.15746 1.72207 9.3275
      vertex -4.03593 1.9903 9.24379
    endloop
  endfacet
  facet normal 0.0580148 0.273124 0.960228
    outer loop
      vertex -10.2144 4.16003 9
      vertex -4.1646 1.70309 9.33333
      vertex -4.15746 1.72207 9.3275
    endloop
  endfacet
  facet normal 0.0580942 0.273312 0.96017
    outer loop
      vertex -4.1646 1.70309 9.33333
      vertex -10.2144 4.16003 9
      vertex -10.5933 3.06955 9.33333
    endloop
  endfacet
  facet normal -0.948727 0.308243 -0.0700195
    outer loop
      vertex -10.5933 3.06955 9.33333
      vertex -10.2144 4.16003 9
      vertex -10.7088 2.63834 9
    endloop
  endfacet
  facet normal -0.975759 0.207429 0.0697645
    outer loop
      vertex -10.5933 3.06955 9.33333
      vertex -10.7088 2.63834 9
      vertex -10.926 1.50451 9.33333
    endloop
  endfacet
  facet normal -0.0863586 -0.265858 -0.960136
    outer loop
      vertex -10.926 1.50451 9.33333
      vertex -4.4582 0.607386 9
      vertex -4.4615 0.587367 9.00584
    endloop
  endfacet
  facet normal -0.0863425 -0.265732 -0.960173
    outer loop
      vertex -10.926 1.50451 9.33333
      vertex -4.4615 0.587367 9.00584
      vertex -4.49037 0.294313 9.08954
    endloop
  endfacet
  facet normal -0.0863503 -0.265776 -0.96016
    outer loop
      vertex -10.926 1.50451 9.33333
      vertex -4.49037 0.294313 9.08954
      vertex -4.49541 0.140353 9.13261
    endloop
  endfacet
  facet normal -0.0863435 -0.265737 -0.960171
    outer loop
      vertex -4.4582 0.607386 9
      vertex -10.926 1.50451 9.33333
      vertex -10.7088 2.63834 9
    endloop
  endfacet
  facet normal -0.207892 -0.978064 -0.013137
    outer loop
      vertex -4.49541 0.140353 9.13261
      vertex -4.49549 0.137674 9.33333
      vertex -10.926 1.50451 9.33333
    endloop
  endfacet
  facet normal 0.207893 0.978063 0.0131581
    outer loop
      vertex -4.16554 1.70059 9.53401
      vertex -4.1646 1.70309 9.33333
      vertex -10.5933 3.06955 9.33333
    endloop
  endfacet
  facet normal 0.0292044 0.27788 0.960172
    outer loop
      vertex -10.5933 3.06955 9.33333
      vertex -4.26118 1.44648 9.61046
      vertex -4.16554 1.70059 9.53401
    endloop
  endfacet
  facet normal 0.029213 0.277912 0.960162
    outer loop
      vertex -10.5933 3.06955 9.33333
      vertex -4.31827 1.25828 9.66667
      vertex -4.26118 1.44648 9.61046
    endloop
  endfacet
  facet normal 0.0292077 0.277894 0.960168
    outer loop
      vertex -4.31827 1.25828 9.66667
      vertex -10.5933 3.06955 9.33333
      vertex -10.8561 1.94543 9.66667
    endloop
  endfacet
  facet normal -0.975759 0.207429 -0.069761
    outer loop
      vertex -10.8561 1.94543 9.66667
      vertex -10.5933 3.06955 9.33333
      vertex -10.926 1.50451 9.33333
    endloop
  endfacet
  facet normal -0.992074 0.104305 0.0700659
    outer loop
      vertex -10.8561 1.94543 9.66667
      vertex -10.926 1.50451 9.33333
      vertex -11.0234 0.354195 9.66667
    endloop
  endfacet
  facet normal -0.0580936 -0.273302 -0.960173
    outer loop
      vertex -11.0234 0.354195 9.66667
      vertex -4.5 0 9.3728
      vertex -4.49037 -0.294313 9.45599
    endloop
  endfacet
  facet normal -0.0580902 -0.273264 -0.960184
    outer loop
      vertex -11.0234 0.354195 9.66667
      vertex -4.49037 -0.294313 9.45599
      vertex -4.48683 -0.330168 9.46598
    endloop
  endfacet
  facet normal -0.0580944 -0.27332 -0.960167
    outer loop
      vertex -4.5 0 9.3728
      vertex -11.0234 0.354195 9.66667
      vertex -10.926 1.50451 9.33333
    endloop
  endfacet
  facet normal -0.058105 -0.273365 -0.960154
    outer loop
      vertex -4.49549 0.137674 9.33333
      vertex -4.5 0 9.3728
      vertex -10.926 1.50451 9.33333
    endloop
  endfacet
  facet normal -0.104519 -0.994436 -0.0131492
    outer loop
      vertex -4.48683 -0.330168 9.46598
      vertex -4.48657 -0.332849 9.66667
      vertex -11.0234 0.354195 9.66667
    endloop
  endfacet
  facet normal 0.104519 0.994435 0.0131942
    outer loop
      vertex -4.31906 1.2557 9.86738
      vertex -4.31827 1.25828 9.66667
      vertex -10.8561 1.94543 9.66667
    endloop
  endfacet
  facet normal 6.77229e-06 0.279467 0.960155
    outer loop
      vertex -10.8561 1.94543 9.66667
      vertex -4.34667 1.16469 9.89387
      vertex -4.31906 1.2557 9.86738
    endloop
  endfacet
  facet normal 1.61892e-06 0.279428 0.960167
    outer loop
      vertex -10.8561 1.94543 9.66667
      vertex -4.41353 0.877906 9.97733
      vertex -4.34667 1.16469 9.89387
    endloop
  endfacet
  facet normal -3.38804e-06 0.2794 0.960175
    outer loop
      vertex -10.8561 1.94543 9.66667
      vertex -4.4264 0.799999 10
      vertex -4.41353 0.877906 9.97733
    endloop
  endfacet
  facet normal 0 0.279417 0.96017
    outer loop
      vertex -4.4264 0.799999 10
      vertex -10.8561 1.94543 9.66667
      vertex -11 0.799999 10
    endloop
  endfacet
  facet normal -0.992089 0.104307 -0.0698571
    outer loop
      vertex -11 0.799999 10
      vertex -10.8561 1.94543 9.66667
      vertex -11.0234 0.354195 9.66667
    endloop
  endfacet
  facet normal -0.997545 0 0.0700284
    outer loop
      vertex -11 -0.799999 10
      vertex -11 0.799999 10
      vertex -11.0234 0.354195 9.66667
    endloop
  endfacet
  facet normal -0.029207 -0.277884 -0.96017
    outer loop
      vertex -11 -0.799999 10
      vertex -4.4615 -0.587367 9.73957
      vertex -4.42683 -0.797361 9.79929
    endloop
  endfacet
  facet normal -0.0292067 -0.277892 -0.960168
    outer loop
      vertex -11 -0.799999 10
      vertex -4.48657 -0.332849 9.66667
      vertex -4.4615 -0.587367 9.73957
    endloop
  endfacet
  facet normal -0.029207 -0.277888 -0.960169
    outer loop
      vertex -4.48657 -0.332849 9.66667
      vertex -11 -0.799999 10
      vertex -11.0234 0.354195 9.66667
    endloop
  endfacet
  facet normal 0 -0.999914 -0.0131422
    outer loop
      vertex -4.42683 -0.797361 9.79929
      vertex -4.4264 -0.799999 10
      vertex -11 -0.799999 10
    endloop
  endfacet
  facet normal 0 0.999914 0.0131429
    outer loop
      vertex -4.42683 0.797361 10.2007
      vertex -4.4264 0.799999 10
      vertex -11 0.799999 10
    endloop
  endfacet
  facet normal -0.0292063 0.277799 0.960195
    outer loop
      vertex -11 0.799999 10
      vertex -4.4615 0.587367 10.2604
      vertex -4.42683 0.797361 10.2007
    endloop
  endfacet
  facet normal -0.0292023 0.277891 0.960168
    outer loop
      vertex -11 0.799999 10
      vertex -4.48657 0.332849 10.3333
      vertex -4.4615 0.587367 10.2604
    endloop
  endfacet
  facet normal -0.0292046 0.277865 0.960176
    outer loop
      vertex -4.48657 0.332849 10.3333
      vertex -11 0.799999 10
      vertex -11.0234 -0.354195 10.3333
    endloop
  endfacet
  facet normal -0.997545 -0 -0.0700346
    outer loop
      vertex -11 0.799999 10
      vertex -11 -0.799999 10
      vertex -11.0234 -0.354195 10.3333
    endloop
  endfacet
  facet normal -0.992088 -0.104307 0.0698633
    outer loop
      vertex -11 -0.799999 10
      vertex -10.8561 -1.94543 10.3333
      vertex -11.0234 -0.354195 10.3333
    endloop
  endfacet
  facet normal 1.89811e-05 -0.279561 -0.960128
    outer loop
      vertex -10.8561 -1.94543 10.3333
      vertex -4.34667 -1.16469 10.1061
      vertex -4.31906 -1.2557 10.1326
    endloop
  endfacet
  facet normal -2.18207e-05 -0.279248 -0.960219
    outer loop
      vertex -10.8561 -1.94543 10.3333
      vertex -4.41353 -0.877906 10.0227
      vertex -4.34667 -1.16469 10.1061
    endloop
  endfacet
  facet normal 6.49422e-05 -0.27973 -0.960079
    outer loop
      vertex -10.8561 -1.94543 10.3333
      vertex -4.4264 -0.799999 10
      vertex -4.41353 -0.877906 10.0227
    endloop
  endfacet
  facet normal -0 -0.279394 -0.960176
    outer loop
      vertex -4.4264 -0.799999 10
      vertex -10.8561 -1.94543 10.3333
      vertex -11 -0.799999 10
    endloop
  endfacet
  facet normal 0.104519 -0.994435 -0.0131949
    outer loop
      vertex -4.31906 -1.2557 10.1326
      vertex -4.31827 -1.25828 10.3333
      vertex -10.8561 -1.94543 10.3333
    endloop
  endfacet
  facet normal -0.104519 0.994436 0.0131485
    outer loop
      vertex -4.48683 0.330168 10.534
      vertex -4.48657 0.332849 10.3333
      vertex -11.0234 -0.354195 10.3333
    endloop
  endfacet
  facet normal -0.0580993 0.273332 0.960164
    outer loop
      vertex -11.0234 -0.354195 10.3333
      vertex -4.5 0 10.6272
      vertex -4.49037 0.294313 10.544
    endloop
  endfacet
  facet normal -0.0581156 0.273514 0.960111
    outer loop
      vertex -11.0234 -0.354195 10.3333
      vertex -4.49037 0.294313 10.544
      vertex -4.48683 0.330168 10.534
    endloop
  endfacet
  facet normal -0.0581007 0.273365 0.960154
    outer loop
      vertex -4.5 0 10.6272
      vertex -11.0234 -0.354195 10.3333
      vertex -10.926 -1.50451 10.6667
    endloop
  endfacet
  facet normal -0.0581457 0.273556 0.960097
    outer loop
      vertex -4.49549 -0.137674 10.6667
      vertex -4.5 0 10.6272
      vertex -10.926 -1.50451 10.6667
    endloop
  endfacet
  facet normal -0.992075 -0.104305 -0.0700533
    outer loop
      vertex -10.8561 -1.94543 10.3333
      vertex -10.926 -1.50451 10.6667
      vertex -11.0234 -0.354195 10.3333
    endloop
  endfacet
  facet normal -0.97576 -0.207429 0.0697485
    outer loop
      vertex -10.8561 -1.94543 10.3333
      vertex -10.5933 -3.06955 10.6667
      vertex -10.926 -1.50451 10.6667
    endloop
  endfacet
  facet normal 0.0292374 -0.278042 -0.960124
    outer loop
      vertex -10.5933 -3.06955 10.6667
      vertex -4.26118 -1.44648 10.3895
      vertex -4.16554 -1.70059 10.466
    endloop
  endfacet
  facet normal 0.0291914 -0.277871 -0.960175
    outer loop
      vertex -10.5933 -3.06955 10.6667
      vertex -4.31827 -1.25828 10.3333
      vertex -4.26118 -1.44648 10.3895
    endloop
  endfacet
  facet normal 0.0292126 -0.27794 -0.960154
    outer loop
      vertex -4.31827 -1.25828 10.3333
      vertex -10.5933 -3.06955 10.6667
      vertex -10.8561 -1.94543 10.3333
    endloop
  endfacet
  facet normal 0.207893 -0.978063 -0.0131568
    outer loop
      vertex -4.16554 -1.70059 10.466
      vertex -4.1646 -1.70309 10.6667
      vertex -10.5933 -3.06955 10.6667
    endloop
  endfacet
  facet normal -0.207892 0.978064 0.0131383
    outer loop
      vertex -4.49541 -0.140353 10.8674
      vertex -4.49549 -0.137674 10.6667
      vertex -10.926 -1.50451 10.6667
    endloop
  endfacet
  facet normal -0.0861388 0.26412 0.960635
    outer loop
      vertex -10.926 -1.50451 10.6667
      vertex -4.4582 -0.607386 11
      vertex -4.4615 -0.587367 10.9942
    endloop
  endfacet
  facet normal -0.0863439 0.265732 0.960173
    outer loop
      vertex -10.926 -1.50451 10.6667
      vertex -4.4615 -0.587367 10.9942
      vertex -4.49037 -0.294313 10.9105
    endloop
  endfacet
  facet normal -0.0863822 0.265948 0.960109
    outer loop
      vertex -10.926 -1.50451 10.6667
      vertex -4.49037 -0.294313 10.9105
      vertex -4.49541 -0.140353 10.8674
    endloop
  endfacet
  facet normal -0.0863363 0.265715 0.960178
    outer loop
      vertex -4.4582 -0.607386 11
      vertex -10.926 -1.50451 10.6667
      vertex -10.7088 -2.63834 11
    endloop
  endfacet
  facet normal -0.975759 -0.207429 -0.0697708
    outer loop
      vertex -10.5933 -3.06955 10.6667
      vertex -10.7088 -2.63834 11
      vertex -10.926 -1.50451 10.6667
    endloop
  endfacet
  facet normal -0.948727 -0.308243 0.0700258
    outer loop
      vertex -10.5933 -3.06955 10.6667
      vertex -10.2144 -4.16003 11
      vertex -10.7088 -2.63834 11
    endloop
  endfacet
  facet normal 0.0581655 -0.273513 -0.960108
    outer loop
      vertex -10.2144 -4.16003 11
      vertex -4.03593 -1.9903 10.7562
      vertex -3.96331 -2.12615 10.7993
    endloop
  endfacet
  facet normal 0.0580881 -0.273299 -0.960174
    outer loop
      vertex -10.2144 -4.16003 11
      vertex -4.15746 -1.72207 10.6725
      vertex -4.03593 -1.9903 10.7562
    endloop
  endfacet
  facet normal 0.0575066 -0.271912 -0.960602
    outer loop
      vertex -10.2144 -4.16003 11
      vertex -4.1646 -1.70309 10.6667
      vertex -4.15746 -1.72207 10.6725
    endloop
  endfacet
  facet normal 0.0580894 -0.273289 -0.960176
    outer loop
      vertex -4.1646 -1.70309 10.6667
      vertex -10.2144 -4.16003 11
      vertex -10.5933 -3.06955 10.6667
    endloop
  endfacet
  facet normal 0.30899 -0.950974 -0.0131696
    outer loop
      vertex -3.96331 -2.12615 10.7993
      vertex -3.96205 -2.12852 11
      vertex -10.2144 -4.16003 11
    endloop
  endfacet
  facet normal -0.308992 0.950974 0.0131533
    outer loop
      vertex -4.45776 -0.610019 11.2007
      vertex -4.4582 -0.607386 11
      vertex -10.7088 -2.63834 11
    endloop
  endfacet
  facet normal -0.11364 0.255238 0.960177
    outer loop
      vertex -10.7088 -2.63834 11
      vertex -4.36887 -1.06944 11.3333
      vertex -4.41353 -0.877906 11.2771
    endloop
  endfacet
  facet normal -0.113601 0.255093 0.96022
    outer loop
      vertex -10.7088 -2.63834 11
      vertex -4.41353 -0.877906 11.2771
      vertex -4.45776 -0.610019 11.2007
    endloop
  endfacet
  facet normal -0.113641 0.255242 0.960176
    outer loop
      vertex -4.36887 -1.06944 11.3333
      vertex -10.7088 -2.63834 11
      vertex -10.3744 -3.74327 11.3333
    endloop
  endfacet
  facet normal -0.948728 -0.308244 -0.0700057
    outer loop
      vertex -10.2144 -4.16003 11
      vertex -10.3744 -3.74327 11.3333
      vertex -10.7088 -2.63834 11
    endloop
  endfacet
  facet normal -0.911309 -0.405749 0.0698783
    outer loop
      vertex -10.2144 -4.16003 11
      vertex -9.72361 -5.20494 11.3333
      vertex -10.3744 -3.74327 11.3333
    endloop
  endfacet
  facet normal 0.0853999 -0.263677 -0.960823
    outer loop
      vertex -9.72361 -5.20494 11.3333
      vertex -3.74161 -2.50007 11.1227
      vertex -3.72063 -2.52935 11.1326
    endloop
  endfacet
  facet normal 0.0863613 -0.265752 -0.960165
    outer loop
      vertex -9.72361 -5.20494 11.3333
      vertex -3.89711 -2.25 11.0395
      vertex -3.74161 -2.50007 11.1227
    endloop
  endfacet
  facet normal 0.0864692 -0.265958 -0.960099
    outer loop
      vertex -9.72361 -5.20494 11.3333
      vertex -3.96205 -2.12852 11
      vertex -3.89711 -2.25 11.0395
    endloop
  endfacet
  facet normal 0.0863375 -0.26572 -0.960176
    outer loop
      vertex -3.96205 -2.12852 11
      vertex -9.72361 -5.20494 11.3333
      vertex -10.2144 -4.16003 11
    endloop
  endfacet
  facet normal 0.406702 -0.913466 -0.013149
    outer loop
      vertex -3.72063 -2.52935 11.1326
      vertex -3.71906 -2.53154 11.3333
      vertex -9.72361 -5.20494 11.3333
    endloop
  endfacet
  facet normal -0.406701 0.913467 0.0131542
    outer loop
      vertex -4.36826 -1.07206 11.5341
      vertex -4.36887 -1.06944 11.3333
      vertex -10.3744 -3.74327 11.3333
    endloop
  endfacet
  facet normal -0.139825 0.242289 0.960075
    outer loop
      vertex -10.3744 -3.74327 11.3333
      vertex -4.23337 -1.52038 11.6667
      vertex -4.26118 -1.44648 11.644
    endloop
  endfacet
  facet normal -0.139759 0.242106 0.960131
    outer loop
      vertex -10.3744 -3.74327 11.3333
      vertex -4.26118 -1.44648 11.644
      vertex -4.34667 -1.16469 11.5605
    endloop
  endfacet
  facet normal -0.139395 0.24123 0.960405
    outer loop
      vertex -10.3744 -3.74327 11.3333
      vertex -4.34667 -1.16469 11.5605
      vertex -4.36826 -1.07206 11.5341
    endloop
  endfacet
  facet normal -0.139735 0.242029 0.960154
    outer loop
      vertex -4.23337 -1.52038 11.6667
      vertex -10.3744 -3.74327 11.3333
      vertex -9.92628 -4.80718 11.6667
    endloop
  endfacet
  facet normal -0.911308 -0.405748 -0.0698991
    outer loop
      vertex -9.72361 -5.20494 11.3333
      vertex -9.92628 -4.80718 11.6667
      vertex -10.3744 -3.74327 11.3333
    endloop
  endfacet
  facet normal -0.863907 -0.498777 0.0699027
    outer loop
      vertex -9.72361 -5.20494 11.3333
      vertex -9.12628 -6.19282 11.6667
      vertex -9.92628 -4.80718 11.6667
    endloop
  endfacet
  facet normal 0.113824 -0.255554 -0.960071
    outer loop
      vertex -9.12628 -6.19282 11.6667
      vertex -3.57009 -2.73943 11.4062
      vertex -3.43507 -2.90395 11.466
    endloop
  endfacet
  facet normal 0.113641 -0.255266 -0.960169
    outer loop
      vertex -9.12628 -6.19282 11.6667
      vertex -3.71906 -2.53154 11.3333
      vertex -3.57009 -2.73943 11.4062
    endloop
  endfacet
  facet normal 0.113672 -0.25531 -0.960154
    outer loop
      vertex -3.71906 -2.53154 11.3333
      vertex -9.12628 -6.19282 11.6667
      vertex -9.72361 -5.20494 11.3333
    endloop
  endfacet
  facet normal 0.499956 -0.865951 -0.0131661
    outer loop
      vertex -3.43507 -2.90395 11.466
      vertex -3.43337 -2.90602 11.6667
      vertex -9.12628 -6.19282 11.6667
    endloop
  endfacet
  facet normal -0.499957 0.865951 0.0131282
    outer loop
      vertex -4.23243 -1.52288 11.8674
      vertex -4.23337 -1.52038 11.6667
      vertex -9.92628 -4.80718 11.6667
    endloop
  endfacet
  facet normal -0.164233 0.226054 0.96017
    outer loop
      vertex -9.92628 -4.80718 11.6667
      vertex -4.05191 -1.95503 12
      vertex -4.15746 -1.72207 11.9271
    endloop
  endfacet
  facet normal -0.164196 0.225984 0.960193
    outer loop
      vertex -9.92628 -4.80718 11.6667
      vertex -4.15746 -1.72207 11.9271
      vertex -4.23243 -1.52288 11.8674
    endloop
  endfacet
  facet normal -0.164224 0.226035 0.960176
    outer loop
      vertex -4.05191 -1.95503 12
      vertex -9.92628 -4.80718 11.6667
      vertex -9.36941 -5.81842 12
    endloop
  endfacet
  facet normal -0.863907 -0.498777 -0.0699056
    outer loop
      vertex -9.12628 -6.19282 11.6667
      vertex -9.36941 -5.81842 12
      vertex -9.92628 -4.80718 11.6667
    endloop
  endfacet
  facet normal -0.807038 -0.586342 0.0699411
    outer loop
      vertex -9.12628 -6.19282 11.6667
      vertex -8.42896 -7.11285 12
      vertex -9.36941 -5.81842 12
    endloop
  endfacet
  facet normal 0.139782 -0.242078 -0.960135
    outer loop
      vertex -8.42896 -7.11285 12
      vertex -3.18198 -3.18198 11.7728
      vertex -3.11256 -3.247 11.7993
    endloop
  endfacet
  facet normal 0.139793 -0.242092 -0.96013
    outer loop
      vertex -8.42896 -7.11285 12
      vertex -3.38328 -2.96706 11.6893
      vertex -3.18198 -3.18198 11.7728
    endloop
  endfacet
  facet normal 0.139184 -0.241371 -0.9604
    outer loop
      vertex -8.42896 -7.11285 12
      vertex -3.43337 -2.90602 11.6667
      vertex -3.38328 -2.96706 11.6893
    endloop
  endfacet
  facet normal 0.139697 -0.241963 -0.960176
    outer loop
      vertex -3.43337 -2.90602 11.6667
      vertex -8.42896 -7.11285 12
      vertex -9.12628 -6.19282 11.6667
    endloop
  endfacet
  facet normal 0.587734 -0.808947 -0.0131561
    outer loop
      vertex -3.11256 -3.247 11.7993
      vertex -3.1106 -3.24884 12
      vertex -8.42896 -7.11285 12
    endloop
  endfacet
  facet normal -0.587735 0.808947 0.0131256
    outer loop
      vertex -4.0508 -1.95748 12.2007
      vertex -4.05191 -1.95503 12
      vertex -9.36941 -5.81842 12
    endloop
  endfacet
  facet normal -0.186755 0.207306 0.960285
    outer loop
      vertex -9.36941 -5.81842 12
      vertex -3.82437 -2.36698 12.3333
      vertex -3.89711 -2.25 12.2939
    endloop
  endfacet
  facet normal -0.18698 0.20766 0.960165
    outer loop
      vertex -9.36941 -5.81842 12
      vertex -3.89711 -2.25 12.2939
      vertex -4.03593 -1.9903 12.2107
    endloop
  endfacet
  facet normal -0.187068 0.207785 0.96012
    outer loop
      vertex -9.36941 -5.81842 12
      vertex -4.03593 -1.9903 12.2107
      vertex -4.0508 -1.95748 12.2007
    endloop
  endfacet
  facet normal -0.186951 0.207631 0.960176
    outer loop
      vertex -3.82437 -2.36698 12.3333
      vertex -9.36941 -5.81842 12
      vertex -8.7099 -6.76592 12.3333
    endloop
  endfacet
  facet normal -0.807039 -0.586343 -0.0699358
    outer loop
      vertex -8.42896 -7.11285 12
      vertex -8.7099 -6.76592 12.3333
      vertex -9.36941 -5.81842 12
    endloop
  endfacet
  facet normal -0.741325 -0.667494 0.0699242
    outer loop
      vertex -8.42896 -7.11285 12
      vertex -7.63929 -7.95495 12.3333
      vertex -8.7099 -6.76592 12.3333
    endloop
  endfacet
  facet normal 0.164351 -0.226161 -0.960125
    outer loop
      vertex -7.63929 -7.95495 12.3333
      vertex -2.96706 -3.38328 12.0562
      vertex -2.75717 -3.55552 12.1327
    endloop
  endfacet
  facet normal 0.164228 -0.226038 -0.960175
    outer loop
      vertex -7.63929 -7.95495 12.3333
      vertex -3.1106 -3.24884 12
      vertex -2.96706 -3.38328 12.0562
    endloop
  endfacet
  facet normal 0.164224 -0.226035 -0.960176
    outer loop
      vertex -3.1106 -3.24884 12
      vertex -7.63929 -7.95495 12.3333
      vertex -8.42896 -7.11285 12
    endloop
  endfacet
  facet normal 0.669072 -0.743081 -0.0131681
    outer loop
      vertex -2.75717 -3.55552 12.1327
      vertex -2.75511 -3.55722 12.3333
      vertex -7.63929 -7.95495 12.3333
    endloop
  endfacet
  facet normal -0.669072 0.743082 0.0130985
    outer loop
      vertex -3.82296 -2.36925 12.5341
      vertex -3.82437 -2.36698 12.3333
      vertex -8.7099 -6.76592 12.3333
    endloop
  endfacet
  facet normal -0.209327 0.189174 0.959372
    outer loop
      vertex -8.7099 -6.76592 12.3333
      vertex -3.55722 -2.75511 12.6667
      vertex -3.57009 -2.73943 12.6608
    endloop
  endfacet
  facet normal -0.207645 0.186962 0.960171
    outer loop
      vertex -8.7099 -6.76592 12.3333
      vertex -3.57009 -2.73943 12.6608
      vertex -3.74161 -2.50007 12.5771
    endloop
  endfacet
  facet normal -0.2074 0.18667 0.960281
    outer loop
      vertex -8.7099 -6.76592 12.3333
      vertex -3.74161 -2.50007 12.5771
      vertex -3.82296 -2.36925 12.5341
    endloop
  endfacet
  facet normal -0.207687 0.187002 0.960154
    outer loop
      vertex -3.55722 -2.75511 12.6667
      vertex -8.7099 -6.76592 12.3333
      vertex -7.95495 -7.63929 12.6667
    endloop
  endfacet
  facet normal -0.741326 -0.667495 -0.069903
    outer loop
      vertex -7.63929 -7.95495 12.3333
      vertex -7.95495 -7.63929 12.6667
      vertex -8.7099 -6.76592 12.3333
    endloop
  endfacet
  facet normal -0.667495 -0.741326 0.069903
    outer loop
      vertex -7.63929 -7.95495 12.3333
      vertex -6.76592 -8.7099 12.6667
      vertex -7.95495 -7.63929 12.6667
    endloop
  endfacet
  facet normal 0.18667 -0.2074 -0.960281
    outer loop
      vertex -6.76592 -8.7099 12.6667
      vertex -2.50007 -3.74161 12.4229
      vertex -2.36925 -3.82296 12.4659
    endloop
  endfacet
  facet normal 0.186962 -0.207645 -0.960171
    outer loop
      vertex -6.76592 -8.7099 12.6667
      vertex -2.73943 -3.57009 12.3392
      vertex -2.50007 -3.74161 12.4229
    endloop
  endfacet
  facet normal 0.189174 -0.209327 -0.959372
    outer loop
      vertex -6.76592 -8.7099 12.6667
      vertex -2.75511 -3.55722 12.3333
      vertex -2.73943 -3.57009 12.3392
    endloop
  endfacet
  facet normal 0.187002 -0.207687 -0.960154
    outer loop
      vertex -2.75511 -3.55722 12.3333
      vertex -6.76592 -8.7099 12.6667
      vertex -7.63929 -7.95495 12.3333
    endloop
  endfacet
  facet normal 0.743082 -0.669072 -0.0130985
    outer loop
      vertex -2.36925 -3.82296 12.4659
      vertex -2.36698 -3.82437 12.6667
      vertex -6.76592 -8.7099 12.6667
    endloop
  endfacet
  facet normal -0.743081 0.669072 0.0131681
    outer loop
      vertex -3.55552 -2.75717 12.8673
      vertex -3.55722 -2.75511 12.6667
      vertex -7.95495 -7.63929 12.6667
    endloop
  endfacet
  facet normal -0.226038 0.164228 0.960175
    outer loop
      vertex -7.95495 -7.63929 12.6667
      vertex -3.24884 -3.1106 13
      vertex -3.38328 -2.96706 12.9438
    endloop
  endfacet
  facet normal -0.226161 0.164351 0.960125
    outer loop
      vertex -7.95495 -7.63929 12.6667
      vertex -3.38328 -2.96706 12.9438
      vertex -3.55552 -2.75717 12.8673
    endloop
  endfacet
  facet normal -0.226035 0.164224 0.960176
    outer loop
      vertex -3.24884 -3.1106 13
      vertex -7.95495 -7.63929 12.6667
      vertex -7.11285 -8.42896 13
    endloop
  endfacet
  facet normal -0.667494 -0.741325 -0.0699242
    outer loop
      vertex -6.76592 -8.7099 12.6667
      vertex -7.11285 -8.42896 13
      vertex -7.95495 -7.63929 12.6667
    endloop
  endfacet
  facet normal -0.586343 -0.807039 0.0699358
    outer loop
      vertex -6.76592 -8.7099 12.6667
      vertex -5.81842 -9.36941 13
      vertex -7.11285 -8.42896 13
    endloop
  endfacet
  facet normal 0.207785 -0.187068 -0.96012
    outer loop
      vertex -5.81842 -9.36941 13
      vertex -1.9903 -4.03593 12.7893
      vertex -1.95748 -4.0508 12.7993
    endloop
  endfacet
  facet normal 0.20766 -0.18698 -0.960165
    outer loop
      vertex -5.81842 -9.36941 13
      vertex -2.25 -3.89711 12.7061
      vertex -1.9903 -4.03593 12.7893
    endloop
  endfacet
  facet normal 0.207306 -0.186755 -0.960285
    outer loop
      vertex -5.81842 -9.36941 13
      vertex -2.36698 -3.82437 12.6667
      vertex -2.25 -3.89711 12.7061
    endloop
  endfacet
  facet normal 0.207631 -0.186951 -0.960176
    outer loop
      vertex -2.36698 -3.82437 12.6667
      vertex -5.81842 -9.36941 13
      vertex -6.76592 -8.7099 12.6667
    endloop
  endfacet
  facet normal 0.808947 -0.587735 -0.0131256
    outer loop
      vertex -1.95748 -4.0508 12.7993
      vertex -1.95503 -4.05191 13
      vertex -5.81842 -9.36941 13
    endloop
  endfacet
  facet normal -0.808947 0.587734 0.0131561
    outer loop
      vertex -3.247 -3.11256 13.2007
      vertex -3.24884 -3.1106 13
      vertex -7.11285 -8.42896 13
    endloop
  endfacet
  facet normal -0.241371 0.139184 0.9604
    outer loop
      vertex -7.11285 -8.42896 13
      vertex -2.90602 -3.43337 13.3333
      vertex -2.96706 -3.38328 13.3107
    endloop
  endfacet
  facet normal -0.242092 0.139793 0.96013
    outer loop
      vertex -7.11285 -8.42896 13
      vertex -2.96706 -3.38328 13.3107
      vertex -3.18198 -3.18198 13.2272
    endloop
  endfacet
  facet normal -0.242078 0.139782 0.960135
    outer loop
      vertex -7.11285 -8.42896 13
      vertex -3.18198 -3.18198 13.2272
      vertex -3.247 -3.11256 13.2007
    endloop
  endfacet
  facet normal -0.241963 0.139697 0.960176
    outer loop
      vertex -2.90602 -3.43337 13.3333
      vertex -7.11285 -8.42896 13
      vertex -6.19282 -9.12628 13.3333
    endloop
  endfacet
  facet normal -0.586342 -0.807038 -0.0699411
    outer loop
      vertex -5.81842 -9.36941 13
      vertex -6.19282 -9.12628 13.3333
      vertex -7.11285 -8.42896 13
    endloop
  endfacet
  facet normal -0.498777 -0.863907 0.0699056
    outer loop
      vertex -5.81842 -9.36941 13
      vertex -4.80718 -9.92628 13.3333
      vertex -6.19282 -9.12628 13.3333
    endloop
  endfacet
  facet normal 0.225984 -0.164196 -0.960193
    outer loop
      vertex -4.80718 -9.92628 13.3333
      vertex -1.72207 -4.15746 13.0729
      vertex -1.52288 -4.23243 13.1326
    endloop
  endfacet
  facet normal 0.226054 -0.164233 -0.96017
    outer loop
      vertex -4.80718 -9.92628 13.3333
      vertex -1.95503 -4.05191 13
      vertex -1.72207 -4.15746 13.0729
    endloop
  endfacet
  facet normal 0.226035 -0.164224 -0.960176
    outer loop
      vertex -1.95503 -4.05191 13
      vertex -4.80718 -9.92628 13.3333
      vertex -5.81842 -9.36941 13
    endloop
  endfacet
  facet normal 0.865951 -0.499957 -0.0131282
    outer loop
      vertex -1.52288 -4.23243 13.1326
      vertex -1.52038 -4.23337 13.3333
      vertex -4.80718 -9.92628 13.3333
    endloop
  endfacet
  facet normal -0.865951 0.499956 0.0131661
    outer loop
      vertex -2.90395 -3.43507 13.534
      vertex -2.90602 -3.43337 13.3333
      vertex -6.19282 -9.12628 13.3333
    endloop
  endfacet
  facet normal -0.255266 0.113641 0.960169
    outer loop
      vertex -6.19282 -9.12628 13.3333
      vertex -2.53154 -3.71906 13.6667
      vertex -2.73943 -3.57009 13.5938
    endloop
  endfacet
  facet normal -0.255554 0.113824 0.960071
    outer loop
      vertex -6.19282 -9.12628 13.3333
      vertex -2.73943 -3.57009 13.5938
      vertex -2.90395 -3.43507 13.534
    endloop
  endfacet
  facet normal -0.25531 0.113672 0.960154
    outer loop
      vertex -2.53154 -3.71906 13.6667
      vertex -6.19282 -9.12628 13.3333
      vertex -5.20494 -9.72361 13.6667
    endloop
  endfacet
  facet normal -0.498777 -0.863907 -0.0699027
    outer loop
      vertex -4.80718 -9.92628 13.3333
      vertex -5.20494 -9.72361 13.6667
      vertex -6.19282 -9.12628 13.3333
    endloop
  endfacet
  facet normal -0.405748 -0.911308 0.0698991
    outer loop
      vertex -4.80718 -9.92628 13.3333
      vertex -3.74327 -10.3744 13.6667
      vertex -5.20494 -9.72361 13.6667
    endloop
  endfacet
  facet normal 0.24123 -0.139395 -0.960405
    outer loop
      vertex -3.74327 -10.3744 13.6667
      vertex -1.16469 -4.34667 13.4395
      vertex -1.07206 -4.36826 13.4659
    endloop
  endfacet
  facet normal 0.242106 -0.139759 -0.960131
    outer loop
      vertex -3.74327 -10.3744 13.6667
      vertex -1.44648 -4.26118 13.356
      vertex -1.16469 -4.34667 13.4395
    endloop
  endfacet
  facet normal 0.242289 -0.139825 -0.960075
    outer loop
      vertex -3.74327 -10.3744 13.6667
      vertex -1.52038 -4.23337 13.3333
      vertex -1.44648 -4.26118 13.356
    endloop
  endfacet
  facet normal 0.242029 -0.139735 -0.960154
    outer loop
      vertex -1.52038 -4.23337 13.3333
      vertex -3.74327 -10.3744 13.6667
      vertex -4.80718 -9.92628 13.3333
    endloop
  endfacet
  facet normal 0.913467 -0.406701 -0.0131542
    outer loop
      vertex -1.07206 -4.36826 13.4659
      vertex -1.06944 -4.36887 13.6667
      vertex -3.74327 -10.3744 13.6667
    endloop
  endfacet
  facet normal -0.913466 0.406702 0.013149
    outer loop
      vertex -2.52935 -3.72063 13.8674
      vertex -2.53154 -3.71906 13.6667
      vertex -5.20494 -9.72361 13.6667
    endloop
  endfacet
  facet normal -0.265958 0.0864692 0.960099
    outer loop
      vertex -5.20494 -9.72361 13.6667
      vertex -2.12852 -3.96205 14
      vertex -2.25 -3.89711 13.9605
    endloop
  endfacet
  facet normal -0.265752 0.0863613 0.960165
    outer loop
      vertex -5.20494 -9.72361 13.6667
      vertex -2.25 -3.89711 13.9605
      vertex -2.50007 -3.74161 13.8773
    endloop
  endfacet
  facet normal -0.263677 0.0853999 0.960823
    outer loop
      vertex -5.20494 -9.72361 13.6667
      vertex -2.50007 -3.74161 13.8773
      vertex -2.52935 -3.72063 13.8674
    endloop
  endfacet
  facet normal -0.26572 0.0863375 0.960176
    outer loop
      vertex -2.12852 -3.96205 14
      vertex -5.20494 -9.72361 13.6667
      vertex -4.16003 -10.2144 14
    endloop
  endfacet
  facet normal -0.405749 -0.911309 -0.0698783
    outer loop
      vertex -3.74327 -10.3744 13.6667
      vertex -4.16003 -10.2144 14
      vertex -5.20494 -9.72361 13.6667
    endloop
  endfacet
  facet normal -0.308244 -0.948728 0.0700057
    outer loop
      vertex -3.74327 -10.3744 13.6667
      vertex -2.63834 -10.7088 14
      vertex -4.16003 -10.2144 14
    endloop
  endfacet
  facet normal 0.255093 -0.113601 -0.96022
    outer loop
      vertex -2.63834 -10.7088 14
      vertex -0.877906 -4.41353 13.7229
      vertex -0.610019 -4.45776 13.7993
    endloop
  endfacet
  facet normal 0.255238 -0.11364 -0.960177
    outer loop
      vertex -2.63834 -10.7088 14
      vertex -1.06944 -4.36887 13.6667
      vertex -0.877906 -4.41353 13.7229
    endloop
  endfacet
  facet normal 0.255242 -0.113641 -0.960176
    outer loop
      vertex -1.06944 -4.36887 13.6667
      vertex -2.63834 -10.7088 14
      vertex -3.74327 -10.3744 13.6667
    endloop
  endfacet
  facet normal 0.950974 -0.308992 -0.0131533
    outer loop
      vertex -0.610019 -4.45776 13.7993
      vertex -0.607386 -4.4582 14
      vertex -2.63834 -10.7088 14
    endloop
  endfacet
  facet normal -0.950974 0.30899 0.0131696
    outer loop
      vertex -2.12615 -3.96331 14.2007
      vertex -2.12852 -3.96205 14
      vertex -4.16003 -10.2144 14
    endloop
  endfacet
  facet normal -0.271912 0.0575066 0.960602
    outer loop
      vertex -4.16003 -10.2144 14
      vertex -1.70309 -4.1646 14.3333
      vertex -1.72207 -4.15746 14.3275
    endloop
  endfacet
  facet normal -0.273299 0.0580881 0.960174
    outer loop
      vertex -4.16003 -10.2144 14
      vertex -1.72207 -4.15746 14.3275
      vertex -1.9903 -4.03593 14.2438
    endloop
  endfacet
  facet normal -0.273513 0.0581655 0.960108
    outer loop
      vertex -4.16003 -10.2144 14
      vertex -1.9903 -4.03593 14.2438
      vertex -2.12615 -3.96331 14.2007
    endloop
  endfacet
  facet normal -0.273289 0.0580894 0.960176
    outer loop
      vertex -1.70309 -4.1646 14.3333
      vertex -4.16003 -10.2144 14
      vertex -3.06955 -10.5933 14.3333
    endloop
  endfacet
  facet normal -0.308243 -0.948727 -0.0700258
    outer loop
      vertex -2.63834 -10.7088 14
      vertex -3.06955 -10.5933 14.3333
      vertex -4.16003 -10.2144 14
    endloop
  endfacet
  facet normal -0.207429 -0.975759 0.0697708
    outer loop
      vertex -2.63834 -10.7088 14
      vertex -1.50451 -10.926 14.3333
      vertex -3.06955 -10.5933 14.3333
    endloop
  endfacet
  facet normal 0.265948 -0.0863822 -0.960109
    outer loop
      vertex -1.50451 -10.926 14.3333
      vertex -0.294313 -4.49037 14.0895
      vertex -0.140353 -4.49541 14.1326
    endloop
  endfacet
  facet normal 0.265732 -0.0863439 -0.960173
    outer loop
      vertex -1.50451 -10.926 14.3333
      vertex -0.587367 -4.4615 14.0058
      vertex -0.294313 -4.49037 14.0895
    endloop
  endfacet
  facet normal 0.26412 -0.0861388 -0.960635
    outer loop
      vertex -1.50451 -10.926 14.3333
      vertex -0.607386 -4.4582 14
      vertex -0.587367 -4.4615 14.0058
    endloop
  endfacet
  facet normal 0.265715 -0.0863363 -0.960178
    outer loop
      vertex -0.607386 -4.4582 14
      vertex -1.50451 -10.926 14.3333
      vertex -2.63834 -10.7088 14
    endloop
  endfacet
  facet normal 0.978064 -0.207892 -0.0131383
    outer loop
      vertex -0.140353 -4.49541 14.1326
      vertex -0.137674 -4.49549 14.3333
      vertex -1.50451 -10.926 14.3333
    endloop
  endfacet
  facet normal -0.978063 0.207893 0.0131568
    outer loop
      vertex -1.70059 -4.16554 14.534
      vertex -1.70309 -4.1646 14.3333
      vertex -3.06955 -10.5933 14.3333
    endloop
  endfacet
  facet normal -0.277871 0.0291914 0.960175
    outer loop
      vertex -3.06955 -10.5933 14.3333
      vertex -1.25828 -4.31827 14.6667
      vertex -1.44648 -4.26118 14.6105
    endloop
  endfacet
  facet normal -0.278042 0.0292374 0.960124
    outer loop
      vertex -3.06955 -10.5933 14.3333
      vertex -1.44648 -4.26118 14.6105
      vertex -1.70059 -4.16554 14.534
    endloop
  endfacet
  facet normal -0.27794 0.0292126 0.960154
    outer loop
      vertex -1.25828 -4.31827 14.6667
      vertex -3.06955 -10.5933 14.3333
      vertex -1.94543 -10.8561 14.6667
    endloop
  endfacet
  facet normal -0.207429 -0.97576 -0.0697485
    outer loop
      vertex -1.50451 -10.926 14.3333
      vertex -1.94543 -10.8561 14.6667
      vertex -3.06955 -10.5933 14.3333
    endloop
  endfacet
  facet normal -0.104305 -0.992075 0.0700533
    outer loop
      vertex -1.50451 -10.926 14.3333
      vertex -0.354195 -11.0234 14.6667
      vertex -1.94543 -10.8561 14.6667
    endloop
  endfacet
  facet normal 0.273514 -0.0581156 -0.960111
    outer loop
      vertex -0.354195 -11.0234 14.6667
      vertex 0.294313 -4.49037 14.456
      vertex 0.330168 -4.48683 14.466
    endloop
  endfacet
  facet normal 0.273332 -0.0580993 -0.960164
    outer loop
      vertex -0.354195 -11.0234 14.6667
      vertex 0 -4.5 14.3728
      vertex 0.294313 -4.49037 14.456
    endloop
  endfacet
  facet normal 0.273558 -0.0581086 -0.960099
    outer loop
      vertex -0.354195 -11.0234 14.6667
      vertex -0.137674 -4.49549 14.3333
      vertex 0 -4.5 14.3728
    endloop
  endfacet
  facet normal 0.273365 -0.0581051 -0.960154
    outer loop
      vertex -0.137674 -4.49549 14.3333
      vertex -0.354195 -11.0234 14.6667
      vertex -1.50451 -10.926 14.3333
    endloop
  endfacet
  facet normal 0.994436 -0.104519 -0.0131485
    outer loop
      vertex 0.330168 -4.48683 14.466
      vertex 0.332849 -4.48657 14.6667
      vertex -0.354195 -11.0234 14.6667
    endloop
  endfacet
  facet normal -0.994435 0.104519 0.0131949
    outer loop
      vertex -1.2557 -4.31906 14.8674
      vertex -1.25828 -4.31827 14.6667
      vertex -1.94543 -10.8561 14.6667
    endloop
  endfacet
  facet normal -0.27973 6.49422e-05 0.960079
    outer loop
      vertex -1.94543 -10.8561 14.6667
      vertex -0.799999 -4.4264 15
      vertex -0.877906 -4.41353 14.9773
    endloop
  endfacet
  facet normal -0.279248 -2.18207e-05 0.960219
    outer loop
      vertex -1.94543 -10.8561 14.6667
      vertex -0.877906 -4.41353 14.9773
      vertex -1.16469 -4.34667 14.8939
    endloop
  endfacet
  facet normal -0.279561 1.89811e-05 0.960128
    outer loop
      vertex -1.94543 -10.8561 14.6667
      vertex -1.16469 -4.34667 14.8939
      vertex -1.2557 -4.31906 14.8674
    endloop
  endfacet
  facet normal -0.279394 0 0.960176
    outer loop
      vertex -0.799999 -4.4264 15
      vertex -1.94543 -10.8561 14.6667
      vertex -0.799999 -11 15
    endloop
  endfacet
  facet normal -0.104307 -0.992088 -0.0698633
    outer loop
      vertex -0.354195 -11.0234 14.6667
      vertex -0.799999 -11 15
      vertex -1.94543 -10.8561 14.6667
    endloop
  endfacet
  facet normal 0 -0.997545 0.0700346
    outer loop
      vertex -0.354195 -11.0234 14.6667
      vertex 0.799999 -11 15
      vertex -0.799999 -11 15
    endloop
  endfacet
  facet normal 0.277799 -0.0292063 -0.960195
    outer loop
      vertex 0.799999 -11 15
      vertex 0.587367 -4.4615 14.7396
      vertex 0.797361 -4.42683 14.7993
    endloop
  endfacet
  facet normal 0.277891 -0.0292023 -0.960168
    outer loop
      vertex 0.799999 -11 15
      vertex 0.332849 -4.48657 14.6667
      vertex 0.587367 -4.4615 14.7396
    endloop
  endfacet
  facet normal 0.277865 -0.0292046 -0.960176
    outer loop
      vertex 0.332849 -4.48657 14.6667
      vertex 0.799999 -11 15
      vertex -0.354195 -11.0234 14.6667
    endloop
  endfacet
  facet normal 0.999914 0 -0.0131429
    outer loop
      vertex 0.799999 -4.4264 15
      vertex 0.799999 -11 15
      vertex 0.797361 -4.42683 14.7993
    endloop
  endfacet
  facet normal -0.999914 0 0.0131429
    outer loop
      vertex -0.797361 -4.42683 15.2007
      vertex -0.799999 -4.4264 15
      vertex -0.799999 -11 15
    endloop
  endfacet
  facet normal -0.277891 -0.0292023 0.960168
    outer loop
      vertex -0.799999 -11 15
      vertex -0.332849 -4.48657 15.3333
      vertex -0.587367 -4.4615 15.2604
    endloop
  endfacet
  facet normal -0.277799 -0.0292063 0.960195
    outer loop
      vertex -0.799999 -11 15
      vertex -0.587367 -4.4615 15.2604
      vertex -0.797361 -4.42683 15.2007
    endloop
  endfacet
  facet normal -0.277865 -0.0292046 0.960176
    outer loop
      vertex -0.332849 -4.48657 15.3333
      vertex -0.799999 -11 15
      vertex 0.354195 -11.0234 15.3333
    endloop
  endfacet
  facet normal -0 -0.997545 -0.0700346
    outer loop
      vertex 0.799999 -11 15
      vertex 0.354195 -11.0234 15.3333
      vertex -0.799999 -11 15
    endloop
  endfacet
  facet normal 0.104307 -0.992088 0.0698633
    outer loop
      vertex 0.799999 -11 15
      vertex 1.94543 -10.8561 15.3333
      vertex 0.354195 -11.0234 15.3333
    endloop
  endfacet
  facet normal 0.279561 1.89811e-05 -0.960128
    outer loop
      vertex 1.94543 -10.8561 15.3333
      vertex 1.16469 -4.34667 15.1061
      vertex 1.2557 -4.31906 15.1326
    endloop
  endfacet
  facet normal 0.279248 -2.18207e-05 -0.960219
    outer loop
      vertex 1.94543 -10.8561 15.3333
      vertex 0.877906 -4.41353 15.0227
      vertex 1.16469 -4.34667 15.1061
    endloop
  endfacet
  facet normal 0.279394 0 -0.960176
    outer loop
      vertex 0.799999 -4.4264 15
      vertex 1.94543 -10.8561 15.3333
      vertex 0.799999 -11 15
    endloop
  endfacet
  facet normal 0.27973 6.49422e-05 -0.960079
    outer loop
      vertex 1.94543 -10.8561 15.3333
      vertex 0.799999 -4.4264 15
      vertex 0.877906 -4.41353 15.0227
    endloop
  endfacet
  facet normal 0.994435 0.104519 -0.0131949
    outer loop
      vertex 1.25828 -4.31827 15.3333
      vertex 1.94543 -10.8561 15.3333
      vertex 1.2557 -4.31906 15.1326
    endloop
  endfacet
  facet normal -0.994436 -0.104519 0.0131485
    outer loop
      vertex 0.354195 -11.0234 15.3333
      vertex -0.330168 -4.48683 15.534
      vertex -0.332849 -4.48657 15.3333
    endloop
  endfacet
  facet normal -0.273365 -0.0581051 0.960154
    outer loop
      vertex 0.137674 -4.49549 15.6667
      vertex 0.354195 -11.0234 15.3333
      vertex 1.50451 -10.926 15.6667
    endloop
  endfacet
  facet normal -0.273558 -0.0581086 0.960099
    outer loop
      vertex 0 -4.5 15.6272
      vertex 0.354195 -11.0234 15.3333
      vertex 0.137674 -4.49549 15.6667
    endloop
  endfacet
  facet normal -0.273332 -0.0580993 0.960164
    outer loop
      vertex -0.294313 -4.49037 15.544
      vertex 0.354195 -11.0234 15.3333
      vertex 0 -4.5 15.6272
    endloop
  endfacet
  facet normal -0.273514 -0.0581156 0.960111
    outer loop
      vertex 0.354195 -11.0234 15.3333
      vertex -0.294313 -4.49037 15.544
      vertex -0.330168 -4.48683 15.534
    endloop
  endfacet
  facet normal 0.104305 -0.992075 -0.0700533
    outer loop
      vertex 1.94543 -10.8561 15.3333
      vertex 1.50451 -10.926 15.6667
      vertex 0.354195 -11.0234 15.3333
    endloop
  endfacet
  facet normal 0.207429 -0.97576 0.0697485
    outer loop
      vertex 1.94543 -10.8561 15.3333
      vertex 3.06955 -10.5933 15.6667
      vertex 1.50451 -10.926 15.6667
    endloop
  endfacet
  facet normal 0.27794 0.0292126 -0.960154
    outer loop
      vertex 1.25828 -4.31827 15.3333
      vertex 3.06955 -10.5933 15.6667
      vertex 1.94543 -10.8561 15.3333
    endloop
  endfacet
  facet normal 0.278042 0.0292374 -0.960124
    outer loop
      vertex 3.06955 -10.5933 15.6667
      vertex 1.44648 -4.26118 15.3895
      vertex 1.70059 -4.16554 15.466
    endloop
  endfacet
  facet normal 0.277871 0.0291914 -0.960175
    outer loop
      vertex 3.06955 -10.5933 15.6667
      vertex 1.25828 -4.31827 15.3333
      vertex 1.44648 -4.26118 15.3895
    endloop
  endfacet
  facet normal 0.978063 0.207893 -0.0131568
    outer loop
      vertex 1.70309 -4.1646 15.6667
      vertex 3.06955 -10.5933 15.6667
      vertex 1.70059 -4.16554 15.466
    endloop
  endfacet
  facet normal -0.978064 -0.207892 0.0131383
    outer loop
      vertex 1.50451 -10.926 15.6667
      vertex 0.140353 -4.49541 15.8674
      vertex 0.137674 -4.49549 15.6667
    endloop
  endfacet
  facet normal -0.265715 -0.0863363 0.960178
    outer loop
      vertex 0.607386 -4.4582 16
      vertex 1.50451 -10.926 15.6667
      vertex 2.63834 -10.7088 16
    endloop
  endfacet
  facet normal -0.26412 -0.0861388 0.960635
    outer loop
      vertex 0.587367 -4.4615 15.9942
      vertex 1.50451 -10.926 15.6667
      vertex 0.607386 -4.4582 16
    endloop
  endfacet
  facet normal -0.265732 -0.0863439 0.960173
    outer loop
      vertex 0.294313 -4.49037 15.9105
      vertex 1.50451 -10.926 15.6667
      vertex 0.587367 -4.4615 15.9942
    endloop
  endfacet
  facet normal -0.265948 -0.0863822 0.960109
    outer loop
      vertex 1.50451 -10.926 15.6667
      vertex 0.294313 -4.49037 15.9105
      vertex 0.140353 -4.49541 15.8674
    endloop
  endfacet
  facet normal 0.207429 -0.975759 -0.0697708
    outer loop
      vertex 3.06955 -10.5933 15.6667
      vertex 2.63834 -10.7088 16
      vertex 1.50451 -10.926 15.6667
    endloop
  endfacet
  facet normal 0.308243 -0.948727 0.0700258
    outer loop
      vertex 3.06955 -10.5933 15.6667
      vertex 4.16003 -10.2144 16
      vertex 2.63834 -10.7088 16
    endloop
  endfacet
  facet normal 0.273289 0.0580894 -0.960176
    outer loop
      vertex 1.70309 -4.1646 15.6667
      vertex 4.16003 -10.2144 16
      vertex 3.06955 -10.5933 15.6667
    endloop
  endfacet
  facet normal 0.273513 0.0581655 -0.960108
    outer loop
      vertex 4.16003 -10.2144 16
      vertex 1.9903 -4.03593 15.7562
      vertex 2.12615 -3.96331 15.7993
    endloop
  endfacet
  facet normal 0.273299 0.0580881 -0.960174
    outer loop
      vertex 4.16003 -10.2144 16
      vertex 1.72207 -4.15746 15.6725
      vertex 1.9903 -4.03593 15.7562
    endloop
  endfacet
  facet normal 0.271912 0.0575066 -0.960602
    outer loop
      vertex 4.16003 -10.2144 16
      vertex 1.70309 -4.1646 15.6667
      vertex 1.72207 -4.15746 15.6725
    endloop
  endfacet
  facet normal 0.950974 0.30899 -0.0131696
    outer loop
      vertex 2.12852 -3.96205 16
      vertex 4.16003 -10.2144 16
      vertex 2.12615 -3.96331 15.7993
    endloop
  endfacet
  facet normal -0.950974 -0.308992 0.0131533
    outer loop
      vertex 2.63834 -10.7088 16
      vertex 0.610019 -4.45776 16.2007
      vertex 0.607386 -4.4582 16
    endloop
  endfacet
  facet normal -0.255242 -0.113641 0.960176
    outer loop
      vertex 1.06944 -4.36887 16.3333
      vertex 2.63834 -10.7088 16
      vertex 3.74327 -10.3744 16.3333
    endloop
  endfacet
  facet normal -0.255238 -0.11364 0.960177
    outer loop
      vertex 0.877906 -4.41353 16.2771
      vertex 2.63834 -10.7088 16
      vertex 1.06944 -4.36887 16.3333
    endloop
  endfacet
  facet normal -0.255093 -0.113601 0.96022
    outer loop
      vertex 2.63834 -10.7088 16
      vertex 0.877906 -4.41353 16.2771
      vertex 0.610019 -4.45776 16.2007
    endloop
  endfacet
  facet normal 0.308244 -0.948728 -0.0700057
    outer loop
      vertex 4.16003 -10.2144 16
      vertex 3.74327 -10.3744 16.3333
      vertex 2.63834 -10.7088 16
    endloop
  endfacet
  facet normal 0.405749 -0.911309 0.0698783
    outer loop
      vertex 4.16003 -10.2144 16
      vertex 5.20494 -9.72361 16.3333
      vertex 3.74327 -10.3744 16.3333
    endloop
  endfacet
  facet normal 0.26572 0.0863375 -0.960176
    outer loop
      vertex 2.12852 -3.96205 16
      vertex 5.20494 -9.72361 16.3333
      vertex 4.16003 -10.2144 16
    endloop
  endfacet
  facet normal 0.263677 0.0853999 -0.960823
    outer loop
      vertex 5.20494 -9.72361 16.3333
      vertex 2.50007 -3.74161 16.1227
      vertex 2.52935 -3.72063 16.1326
    endloop
  endfacet
  facet normal 0.265752 0.0863613 -0.960165
    outer loop
      vertex 5.20494 -9.72361 16.3333
      vertex 2.25 -3.89711 16.0395
      vertex 2.50007 -3.74161 16.1227
    endloop
  endfacet
  facet normal 0.265958 0.0864692 -0.960099
    outer loop
      vertex 5.20494 -9.72361 16.3333
      vertex 2.12852 -3.96205 16
      vertex 2.25 -3.89711 16.0395
    endloop
  endfacet
  facet normal 0.913466 0.406702 -0.013149
    outer loop
      vertex 2.53154 -3.71906 16.3333
      vertex 5.20494 -9.72361 16.3333
      vertex 2.52935 -3.72063 16.1326
    endloop
  endfacet
  facet normal -0.913467 -0.406701 0.0131542
    outer loop
      vertex 3.74327 -10.3744 16.3333
      vertex 1.07206 -4.36826 16.5341
      vertex 1.06944 -4.36887 16.3333
    endloop
  endfacet
  facet normal -0.242029 -0.139735 0.960154
    outer loop
      vertex 1.52038 -4.23337 16.6667
      vertex 3.74327 -10.3744 16.3333
      vertex 4.80718 -9.92628 16.6667
    endloop
  endfacet
  facet normal -0.242289 -0.139825 0.960075
    outer loop
      vertex 1.44648 -4.26118 16.644
      vertex 3.74327 -10.3744 16.3333
      vertex 1.52038 -4.23337 16.6667
    endloop
  endfacet
  facet normal -0.242106 -0.139759 0.960131
    outer loop
      vertex 1.16469 -4.34667 16.5605
      vertex 3.74327 -10.3744 16.3333
      vertex 1.44648 -4.26118 16.644
    endloop
  endfacet
  facet normal -0.24123 -0.139395 0.960405
    outer loop
      vertex 3.74327 -10.3744 16.3333
      vertex 1.16469 -4.34667 16.5605
      vertex 1.07206 -4.36826 16.5341
    endloop
  endfacet
  facet normal 0.405748 -0.911308 -0.0698991
    outer loop
      vertex 5.20494 -9.72361 16.3333
      vertex 4.80718 -9.92628 16.6667
      vertex 3.74327 -10.3744 16.3333
    endloop
  endfacet
  facet normal 0.498777 -0.863907 0.0699027
    outer loop
      vertex 5.20494 -9.72361 16.3333
      vertex 6.19282 -9.12628 16.6667
      vertex 4.80718 -9.92628 16.6667
    endloop
  endfacet
  facet normal 0.25531 0.113672 -0.960154
    outer loop
      vertex 2.53154 -3.71906 16.3333
      vertex 6.19282 -9.12628 16.6667
      vertex 5.20494 -9.72361 16.3333
    endloop
  endfacet
  facet normal 0.255554 0.113824 -0.960071
    outer loop
      vertex 6.19282 -9.12628 16.6667
      vertex 2.73943 -3.57009 16.4062
      vertex 2.90395 -3.43507 16.466
    endloop
  endfacet
  facet normal 0.255266 0.113641 -0.960169
    outer loop
      vertex 6.19282 -9.12628 16.6667
      vertex 2.53154 -3.71906 16.3333
      vertex 2.73943 -3.57009 16.4062
    endloop
  endfacet
  facet normal 0.865951 0.499956 -0.0131661
    outer loop
      vertex 2.90602 -3.43337 16.6667
      vertex 6.19282 -9.12628 16.6667
      vertex 2.90395 -3.43507 16.466
    endloop
  endfacet
  facet normal -0.865951 -0.499957 0.0131282
    outer loop
      vertex 4.80718 -9.92628 16.6667
      vertex 1.52288 -4.23243 16.8674
      vertex 1.52038 -4.23337 16.6667
    endloop
  endfacet
  facet normal -0.226035 -0.164224 0.960176
    outer loop
      vertex 1.95503 -4.05191 17
      vertex 4.80718 -9.92628 16.6667
      vertex 5.81842 -9.36941 17
    endloop
  endfacet
  facet normal -0.226054 -0.164233 0.96017
    outer loop
      vertex 1.72207 -4.15746 16.9271
      vertex 4.80718 -9.92628 16.6667
      vertex 1.95503 -4.05191 17
    endloop
  endfacet
  facet normal -0.225984 -0.164196 0.960193
    outer loop
      vertex 4.80718 -9.92628 16.6667
      vertex 1.72207 -4.15746 16.9271
      vertex 1.52288 -4.23243 16.8674
    endloop
  endfacet
  facet normal 0.498777 -0.863907 -0.0699056
    outer loop
      vertex 6.19282 -9.12628 16.6667
      vertex 5.81842 -9.36941 17
      vertex 4.80718 -9.92628 16.6667
    endloop
  endfacet
  facet normal 0.586342 -0.807038 0.0699411
    outer loop
      vertex 6.19282 -9.12628 16.6667
      vertex 7.11285 -8.42896 17
      vertex 5.81842 -9.36941 17
    endloop
  endfacet
  facet normal 0.241963 0.139697 -0.960176
    outer loop
      vertex 2.90602 -3.43337 16.6667
      vertex 7.11285 -8.42896 17
      vertex 6.19282 -9.12628 16.6667
    endloop
  endfacet
  facet normal 0.242078 0.139782 -0.960135
    outer loop
      vertex 7.11285 -8.42896 17
      vertex 3.18198 -3.18198 16.7728
      vertex 3.247 -3.11256 16.7993
    endloop
  endfacet
  facet normal 0.242092 0.139793 -0.96013
    outer loop
      vertex 7.11285 -8.42896 17
      vertex 2.96706 -3.38328 16.6893
      vertex 3.18198 -3.18198 16.7728
    endloop
  endfacet
  facet normal 0.241371 0.139184 -0.9604
    outer loop
      vertex 7.11285 -8.42896 17
      vertex 2.90602 -3.43337 16.6667
      vertex 2.96706 -3.38328 16.6893
    endloop
  endfacet
  facet normal 0.808947 0.587734 -0.0131561
    outer loop
      vertex 3.24884 -3.1106 17
      vertex 7.11285 -8.42896 17
      vertex 3.247 -3.11256 16.7993
    endloop
  endfacet
  facet normal -0.808947 -0.587735 0.0131256
    outer loop
      vertex 5.81842 -9.36941 17
      vertex 1.95748 -4.0508 17.2007
      vertex 1.95503 -4.05191 17
    endloop
  endfacet
  facet normal -0.207631 -0.186951 0.960176
    outer loop
      vertex 2.36698 -3.82437 17.3333
      vertex 5.81842 -9.36941 17
      vertex 6.76592 -8.7099 17.3333
    endloop
  endfacet
  facet normal -0.207306 -0.186755 0.960285
    outer loop
      vertex 2.25 -3.89711 17.2939
      vertex 5.81842 -9.36941 17
      vertex 2.36698 -3.82437 17.3333
    endloop
  endfacet
  facet normal -0.20766 -0.18698 0.960165
    outer loop
      vertex 1.9903 -4.03593 17.2107
      vertex 5.81842 -9.36941 17
      vertex 2.25 -3.89711 17.2939
    endloop
  endfacet
  facet normal -0.207785 -0.187068 0.96012
    outer loop
      vertex 5.81842 -9.36941 17
      vertex 1.9903 -4.03593 17.2107
      vertex 1.95748 -4.0508 17.2007
    endloop
  endfacet
  facet normal 0.586343 -0.807039 -0.0699358
    outer loop
      vertex 7.11285 -8.42896 17
      vertex 6.76592 -8.7099 17.3333
      vertex 5.81842 -9.36941 17
    endloop
  endfacet
  facet normal 0.667494 -0.741325 0.0699242
    outer loop
      vertex 7.11285 -8.42896 17
      vertex 7.95495 -7.63929 17.3333
      vertex 6.76592 -8.7099 17.3333
    endloop
  endfacet
  facet normal 0.226035 0.164224 -0.960176
    outer loop
      vertex 3.24884 -3.1106 17
      vertex 7.95495 -7.63929 17.3333
      vertex 7.11285 -8.42896 17
    endloop
  endfacet
  facet normal 0.226161 0.164351 -0.960125
    outer loop
      vertex 7.95495 -7.63929 17.3333
      vertex 3.38328 -2.96706 17.0562
      vertex 3.55552 -2.75717 17.1327
    endloop
  endfacet
  facet normal 0.226038 0.164228 -0.960175
    outer loop
      vertex 7.95495 -7.63929 17.3333
      vertex 3.24884 -3.1106 17
      vertex 3.38328 -2.96706 17.0562
    endloop
  endfacet
  facet normal 0.743081 0.669072 -0.0131681
    outer loop
      vertex 3.55722 -2.75511 17.3333
      vertex 7.95495 -7.63929 17.3333
      vertex 3.55552 -2.75717 17.1327
    endloop
  endfacet
  facet normal -0.743082 -0.669072 0.0130985
    outer loop
      vertex 6.76592 -8.7099 17.3333
      vertex 2.36925 -3.82296 17.5341
      vertex 2.36698 -3.82437 17.3333
    endloop
  endfacet
  facet normal -0.187002 -0.207687 0.960154
    outer loop
      vertex 2.75511 -3.55722 17.6667
      vertex 6.76592 -8.7099 17.3333
      vertex 7.63929 -7.95495 17.6667
    endloop
  endfacet
  facet normal -0.189174 -0.209327 0.959372
    outer loop
      vertex 2.73943 -3.57009 17.6608
      vertex 6.76592 -8.7099 17.3333
      vertex 2.75511 -3.55722 17.6667
    endloop
  endfacet
  facet normal -0.186962 -0.207645 0.960171
    outer loop
      vertex 2.50007 -3.74161 17.5771
      vertex 6.76592 -8.7099 17.3333
      vertex 2.73943 -3.57009 17.6608
    endloop
  endfacet
  facet normal -0.18667 -0.2074 0.960281
    outer loop
      vertex 6.76592 -8.7099 17.3333
      vertex 2.50007 -3.74161 17.5771
      vertex 2.36925 -3.82296 17.5341
    endloop
  endfacet
  facet normal 0.667495 -0.741326 -0.069903
    outer loop
      vertex 7.95495 -7.63929 17.3333
      vertex 7.63929 -7.95495 17.6667
      vertex 6.76592 -8.7099 17.3333
    endloop
  endfacet
  facet normal 0.741326 -0.667495 0.069903
    outer loop
      vertex 7.95495 -7.63929 17.3333
      vertex 8.7099 -6.76592 17.6667
      vertex 7.63929 -7.95495 17.6667
    endloop
  endfacet
  facet normal 0.207687 0.187002 -0.960154
    outer loop
      vertex 3.55722 -2.75511 17.3333
      vertex 8.7099 -6.76592 17.6667
      vertex 7.95495 -7.63929 17.3333
    endloop
  endfacet
  facet normal 0.2074 0.18667 -0.960281
    outer loop
      vertex 8.7099 -6.76592 17.6667
      vertex 3.74161 -2.50007 17.4229
      vertex 3.82296 -2.36925 17.4659
    endloop
  endfacet
  facet normal 0.207645 0.186962 -0.960171
    outer loop
      vertex 8.7099 -6.76592 17.6667
      vertex 3.57009 -2.73943 17.3392
      vertex 3.74161 -2.50007 17.4229
    endloop
  endfacet
  facet normal 0.209327 0.189174 -0.959372
    outer loop
      vertex 8.7099 -6.76592 17.6667
      vertex 3.55722 -2.75511 17.3333
      vertex 3.57009 -2.73943 17.3392
    endloop
  endfacet
  facet normal 0.669072 0.743082 -0.0130985
    outer loop
      vertex 3.82437 -2.36698 17.6667
      vertex 8.7099 -6.76592 17.6667
      vertex 3.82296 -2.36925 17.4659
    endloop
  endfacet
  facet normal -0.669072 -0.743081 0.0131681
    outer loop
      vertex 7.63929 -7.95495 17.6667
      vertex 2.75717 -3.55552 17.8673
      vertex 2.75511 -3.55722 17.6667
    endloop
  endfacet
  facet normal -0.164224 -0.226035 0.960176
    outer loop
      vertex 3.1106 -3.24884 18
      vertex 7.63929 -7.95495 17.6667
      vertex 8.42896 -7.11285 18
    endloop
  endfacet
  facet normal -0.164228 -0.226038 0.960175
    outer loop
      vertex 2.96706 -3.38328 17.9438
      vertex 7.63929 -7.95495 17.6667
      vertex 3.1106 -3.24884 18
    endloop
  endfacet
  facet normal -0.164351 -0.226161 0.960125
    outer loop
      vertex 7.63929 -7.95495 17.6667
      vertex 2.96706 -3.38328 17.9438
      vertex 2.75717 -3.55552 17.8673
    endloop
  endfacet
  facet normal 0.741325 -0.667494 -0.0699242
    outer loop
      vertex 8.7099 -6.76592 17.6667
      vertex 8.42896 -7.11285 18
      vertex 7.63929 -7.95495 17.6667
    endloop
  endfacet
  facet normal 0.807039 -0.586343 0.0699358
    outer loop
      vertex 8.7099 -6.76592 17.6667
      vertex 9.36941 -5.81842 18
      vertex 8.42896 -7.11285 18
    endloop
  endfacet
  facet normal 0.186951 0.207631 -0.960176
    outer loop
      vertex 3.82437 -2.36698 17.6667
      vertex 9.36941 -5.81842 18
      vertex 8.7099 -6.76592 17.6667
    endloop
  endfacet
  facet normal 0.187068 0.207785 -0.96012
    outer loop
      vertex 9.36941 -5.81842 18
      vertex 4.03593 -1.9903 17.7893
      vertex 4.0508 -1.95748 17.7993
    endloop
  endfacet
  facet normal 0.18698 0.20766 -0.960165
    outer loop
      vertex 9.36941 -5.81842 18
      vertex 3.89711 -2.25 17.7061
      vertex 4.03593 -1.9903 17.7893
    endloop
  endfacet
  facet normal 0.186755 0.207306 -0.960285
    outer loop
      vertex 9.36941 -5.81842 18
      vertex 3.82437 -2.36698 17.6667
      vertex 3.89711 -2.25 17.7061
    endloop
  endfacet
  facet normal 0.587735 0.808947 -0.0131256
    outer loop
      vertex 4.05191 -1.95503 18
      vertex 9.36941 -5.81842 18
      vertex 4.0508 -1.95748 17.7993
    endloop
  endfacet
  facet normal -0.587734 -0.808947 0.0131561
    outer loop
      vertex 8.42896 -7.11285 18
      vertex 3.11256 -3.247 18.2007
      vertex 3.1106 -3.24884 18
    endloop
  endfacet
  facet normal -0.139697 -0.241963 0.960176
    outer loop
      vertex 3.43337 -2.90602 18.3333
      vertex 8.42896 -7.11285 18
      vertex 9.12628 -6.19282 18.3333
    endloop
  endfacet
  facet normal -0.139184 -0.241371 0.9604
    outer loop
      vertex 3.38328 -2.96706 18.3107
      vertex 8.42896 -7.11285 18
      vertex 3.43337 -2.90602 18.3333
    endloop
  endfacet
  facet normal -0.139793 -0.242092 0.96013
    outer loop
      vertex 3.18198 -3.18198 18.2272
      vertex 8.42896 -7.11285 18
      vertex 3.38328 -2.96706 18.3107
    endloop
  endfacet
  facet normal -0.139782 -0.242078 0.960135
    outer loop
      vertex 8.42896 -7.11285 18
      vertex 3.18198 -3.18198 18.2272
      vertex 3.11256 -3.247 18.2007
    endloop
  endfacet
  facet normal 0.807038 -0.586342 -0.0699411
    outer loop
      vertex 9.36941 -5.81842 18
      vertex 9.12628 -6.19282 18.3333
      vertex 8.42896 -7.11285 18
    endloop
  endfacet
  facet normal 0.863907 -0.498777 0.0699056
    outer loop
      vertex 9.36941 -5.81842 18
      vertex 9.92628 -4.80718 18.3333
      vertex 9.12628 -6.19282 18.3333
    endloop
  endfacet
  facet normal 0.164224 0.226035 -0.960176
    outer loop
      vertex 4.05191 -1.95503 18
      vertex 9.92628 -4.80718 18.3333
      vertex 9.36941 -5.81842 18
    endloop
  endfacet
  facet normal 0.164196 0.225984 -0.960193
    outer loop
      vertex 9.92628 -4.80718 18.3333
      vertex 4.15746 -1.72207 18.0729
      vertex 4.23243 -1.52288 18.1326
    endloop
  endfacet
  facet normal 0.164233 0.226054 -0.96017
    outer loop
      vertex 9.92628 -4.80718 18.3333
      vertex 4.05191 -1.95503 18
      vertex 4.15746 -1.72207 18.0729
    endloop
  endfacet
  facet normal 0.499957 0.865951 -0.0131282
    outer loop
      vertex 4.23337 -1.52038 18.3333
      vertex 9.92628 -4.80718 18.3333
      vertex 4.23243 -1.52288 18.1326
    endloop
  endfacet
  facet normal -0.499956 -0.865951 0.0131661
    outer loop
      vertex 9.12628 -6.19282 18.3333
      vertex 3.43507 -2.90395 18.534
      vertex 3.43337 -2.90602 18.3333
    endloop
  endfacet
  facet normal -0.113672 -0.25531 0.960154
    outer loop
      vertex 3.71906 -2.53154 18.6667
      vertex 9.12628 -6.19282 18.3333
      vertex 9.72361 -5.20494 18.6667
    endloop
  endfacet
  facet normal -0.113641 -0.255266 0.960169
    outer loop
      vertex 3.57009 -2.73943 18.5938
      vertex 9.12628 -6.19282 18.3333
      vertex 3.71906 -2.53154 18.6667
    endloop
  endfacet
  facet normal -0.113824 -0.255554 0.960071
    outer loop
      vertex 9.12628 -6.19282 18.3333
      vertex 3.57009 -2.73943 18.5938
      vertex 3.43507 -2.90395 18.534
    endloop
  endfacet
  facet normal 0.863907 -0.498777 -0.0699027
    outer loop
      vertex 9.92628 -4.80718 18.3333
      vertex 9.72361 -5.20494 18.6667
      vertex 9.12628 -6.19282 18.3333
    endloop
  endfacet
  facet normal 0.911308 -0.405748 0.0698991
    outer loop
      vertex 9.92628 -4.80718 18.3333
      vertex 10.3744 -3.74327 18.6667
      vertex 9.72361 -5.20494 18.6667
    endloop
  endfacet
  facet normal 0.139735 0.242029 -0.960154
    outer loop
      vertex 4.23337 -1.52038 18.3333
      vertex 10.3744 -3.74327 18.6667
      vertex 9.92628 -4.80718 18.3333
    endloop
  endfacet
  facet normal 0.139395 0.24123 -0.960405
    outer loop
      vertex 10.3744 -3.74327 18.6667
      vertex 4.34667 -1.16469 18.4395
      vertex 4.36826 -1.07206 18.4659
    endloop
  endfacet
  facet normal 0.139759 0.242106 -0.960131
    outer loop
      vertex 10.3744 -3.74327 18.6667
      vertex 4.26118 -1.44648 18.356
      vertex 4.34667 -1.16469 18.4395
    endloop
  endfacet
  facet normal 0.139825 0.242289 -0.960075
    outer loop
      vertex 10.3744 -3.74327 18.6667
      vertex 4.23337 -1.52038 18.3333
      vertex 4.26118 -1.44648 18.356
    endloop
  endfacet
  facet normal 0.406701 0.913467 -0.0131542
    outer loop
      vertex 4.36887 -1.06944 18.6667
      vertex 10.3744 -3.74327 18.6667
      vertex 4.36826 -1.07206 18.4659
    endloop
  endfacet
  facet normal -0.406702 -0.913466 0.013149
    outer loop
      vertex 9.72361 -5.20494 18.6667
      vertex 3.72063 -2.52935 18.8674
      vertex 3.71906 -2.53154 18.6667
    endloop
  endfacet
  facet normal -0.0863375 -0.26572 0.960176
    outer loop
      vertex 3.96205 -2.12852 19
      vertex 9.72361 -5.20494 18.6667
      vertex 10.2144 -4.16003 19
    endloop
  endfacet
  facet normal -0.0864692 -0.265958 0.960099
    outer loop
      vertex 3.89711 -2.25 18.9605
      vertex 9.72361 -5.20494 18.6667
      vertex 3.96205 -2.12852 19
    endloop
  endfacet
  facet normal -0.0863613 -0.265752 0.960165
    outer loop
      vertex 3.74161 -2.50007 18.8773
      vertex 9.72361 -5.20494 18.6667
      vertex 3.89711 -2.25 18.9605
    endloop
  endfacet
  facet normal -0.0853999 -0.263677 0.960823
    outer loop
      vertex 9.72361 -5.20494 18.6667
      vertex 3.74161 -2.50007 18.8773
      vertex 3.72063 -2.52935 18.8674
    endloop
  endfacet
  facet normal 0.911309 -0.405749 -0.0698783
    outer loop
      vertex 10.3744 -3.74327 18.6667
      vertex 10.2144 -4.16003 19
      vertex 9.72361 -5.20494 18.6667
    endloop
  endfacet
  facet normal 0.948728 -0.308244 0.0700057
    outer loop
      vertex 10.3744 -3.74327 18.6667
      vertex 10.7088 -2.63834 19
      vertex 10.2144 -4.16003 19
    endloop
  endfacet
  facet normal 0.113641 0.255242 -0.960176
    outer loop
      vertex 4.36887 -1.06944 18.6667
      vertex 10.7088 -2.63834 19
      vertex 10.3744 -3.74327 18.6667
    endloop
  endfacet
  facet normal 0.113601 0.255093 -0.96022
    outer loop
      vertex 10.7088 -2.63834 19
      vertex 4.41353 -0.877906 18.7229
      vertex 4.45776 -0.610019 18.7993
    endloop
  endfacet
  facet normal 0.11364 0.255238 -0.960177
    outer loop
      vertex 10.7088 -2.63834 19
      vertex 4.36887 -1.06944 18.6667
      vertex 4.41353 -0.877906 18.7229
    endloop
  endfacet
  facet normal 0.308992 0.950974 -0.0131533
    outer loop
      vertex 4.4582 -0.607386 19
      vertex 10.7088 -2.63834 19
      vertex 4.45776 -0.610019 18.7993
    endloop
  endfacet
  facet normal -0.30899 -0.950974 0.0131696
    outer loop
      vertex 10.2144 -4.16003 19
      vertex 3.96331 -2.12615 19.2007
      vertex 3.96205 -2.12852 19
    endloop
  endfacet
  facet normal -0.0580894 -0.273289 0.960176
    outer loop
      vertex 4.1646 -1.70309 19.3333
      vertex 10.2144 -4.16003 19
      vertex 10.5933 -3.06955 19.3333
    endloop
  endfacet
  facet normal -0.0575066 -0.271912 0.960602
    outer loop
      vertex 4.15746 -1.72207 19.3275
      vertex 10.2144 -4.16003 19
      vertex 4.1646 -1.70309 19.3333
    endloop
  endfacet
  facet normal -0.0580881 -0.273299 0.960174
    outer loop
      vertex 4.03593 -1.9903 19.2438
      vertex 10.2144 -4.16003 19
      vertex 4.15746 -1.72207 19.3275
    endloop
  endfacet
  facet normal -0.0581655 -0.273513 0.960108
    outer loop
      vertex 10.2144 -4.16003 19
      vertex 4.03593 -1.9903 19.2438
      vertex 3.96331 -2.12615 19.2007
    endloop
  endfacet
  facet normal 0.948727 -0.308243 -0.0700258
    outer loop
      vertex 10.7088 -2.63834 19
      vertex 10.5933 -3.06955 19.3333
      vertex 10.2144 -4.16003 19
    endloop
  endfacet
  facet normal 0.975759 -0.207429 0.0697708
    outer loop
      vertex 10.7088 -2.63834 19
      vertex 10.926 -1.50451 19.3333
      vertex 10.5933 -3.06955 19.3333
    endloop
  endfacet
  facet normal 0.0863363 0.265715 -0.960178
    outer loop
      vertex 4.4582 -0.607386 19
      vertex 10.926 -1.50451 19.3333
      vertex 10.7088 -2.63834 19
    endloop
  endfacet
  facet normal 0.0863822 0.265948 -0.960109
    outer loop
      vertex 10.926 -1.50451 19.3333
      vertex 4.49037 -0.294313 19.0895
      vertex 4.49541 -0.140353 19.1326
    endloop
  endfacet
  facet normal 0.0863439 0.265732 -0.960173
    outer loop
      vertex 10.926 -1.50451 19.3333
      vertex 4.4615 -0.587367 19.0058
      vertex 4.49037 -0.294313 19.0895
    endloop
  endfacet
  facet normal 0.0861388 0.26412 -0.960635
    outer loop
      vertex 10.926 -1.50451 19.3333
      vertex 4.4582 -0.607386 19
      vertex 4.4615 -0.587367 19.0058
    endloop
  endfacet
  facet normal 0.207892 0.978064 -0.0131383
    outer loop
      vertex 4.49549 -0.137674 19.3333
      vertex 10.926 -1.50451 19.3333
      vertex 4.49541 -0.140353 19.1326
    endloop
  endfacet
  facet normal -0.207893 -0.978063 0.0131568
    outer loop
      vertex 10.5933 -3.06955 19.3333
      vertex 4.16554 -1.70059 19.534
      vertex 4.1646 -1.70309 19.3333
    endloop
  endfacet
  facet normal -0.0292126 -0.27794 0.960154
    outer loop
      vertex 4.31827 -1.25828 19.6667
      vertex 10.5933 -3.06955 19.3333
      vertex 10.8561 -1.94543 19.6667
    endloop
  endfacet
  facet normal -0.0291914 -0.277871 0.960175
    outer loop
      vertex 4.26118 -1.44648 19.6105
      vertex 10.5933 -3.06955 19.3333
      vertex 4.31827 -1.25828 19.6667
    endloop
  endfacet
  facet normal -0.0292374 -0.278042 0.960124
    outer loop
      vertex 10.5933 -3.06955 19.3333
      vertex 4.26118 -1.44648 19.6105
      vertex 4.16554 -1.70059 19.534
    endloop
  endfacet
  facet normal 0.97576 -0.207429 -0.0697485
    outer loop
      vertex 10.926 -1.50451 19.3333
      vertex 10.8561 -1.94543 19.6667
      vertex 10.5933 -3.06955 19.3333
    endloop
  endfacet
  facet normal 0.992075 -0.104305 0.0700533
    outer loop
      vertex 10.926 -1.50451 19.3333
      vertex 11.0234 -0.354195 19.6667
      vertex 10.8561 -1.94543 19.6667
    endloop
  endfacet
  facet normal 0.0581086 0.273558 -0.960099
    outer loop
      vertex 11.0234 -0.354195 19.6667
      vertex 4.49549 -0.137674 19.3333
      vertex 4.5 0 19.3728
    endloop
  endfacet
  facet normal 0.0581051 0.273365 -0.960154
    outer loop
      vertex 4.49549 -0.137674 19.3333
      vertex 11.0234 -0.354195 19.6667
      vertex 10.926 -1.50451 19.3333
    endloop
  endfacet
  facet normal 0.0580993 0.273332 -0.960164
    outer loop
      vertex 4.49037 0.294313 19.456
      vertex 11.0234 -0.354195 19.6667
      vertex 4.5 0 19.3728
    endloop
  endfacet
  facet normal 0.0581156 0.273514 -0.960111
    outer loop
      vertex 11.0234 -0.354195 19.6667
      vertex 4.49037 0.294313 19.456
      vertex 4.48683 0.330168 19.466
    endloop
  endfacet
  facet normal 0.104519 0.994436 -0.0131485
    outer loop
      vertex 11.0234 -0.354195 19.6667
      vertex 4.48683 0.330168 19.466
      vertex 4.48657 0.332849 19.6667
    endloop
  endfacet
  facet normal -0.104519 -0.994435 0.0131949
    outer loop
      vertex 10.8561 -1.94543 19.6667
      vertex 4.31906 -1.2557 19.8674
      vertex 4.31827 -1.25828 19.6667
    endloop
  endfacet
  facet normal 0 -0.279394 0.960176
    outer loop
      vertex 4.4264 -0.799999 20
      vertex 10.8561 -1.94543 19.6667
      vertex 11 -0.799999 20
    endloop
  endfacet
  facet normal -6.49422e-05 -0.27973 0.960079
    outer loop
      vertex 4.41353 -0.877906 19.9773
      vertex 10.8561 -1.94543 19.6667
      vertex 4.4264 -0.799999 20
    endloop
  endfacet
  facet normal 2.18207e-05 -0.279248 0.960219
    outer loop
      vertex 4.34667 -1.16469 19.8939
      vertex 10.8561 -1.94543 19.6667
      vertex 4.41353 -0.877906 19.9773
    endloop
  endfacet
  facet normal -1.89811e-05 -0.279561 0.960128
    outer loop
      vertex 10.8561 -1.94543 19.6667
      vertex 4.34667 -1.16469 19.8939
      vertex 4.31906 -1.2557 19.8674
    endloop
  endfacet
  facet normal 0.992088 -0.104307 -0.0698633
    outer loop
      vertex 11.0234 -0.354195 19.6667
      vertex 11 -0.799999 20
      vertex 10.8561 -1.94543 19.6667
    endloop
  endfacet
  facet normal 0.997545 0 0.0700346
    outer loop
      vertex 11.0234 -0.354195 19.6667
      vertex 11 0.799999 20
      vertex 11 -0.799999 20
    endloop
  endfacet
  facet normal 0.0292046 0.277865 -0.960176
    outer loop
      vertex 4.48657 0.332849 19.6667
      vertex 11 0.799999 20
      vertex 11.0234 -0.354195 19.6667
    endloop
  endfacet
  facet normal 0.0292023 0.277891 -0.960168
    outer loop
      vertex 4.4615 0.587367 19.7396
      vertex 11 0.799999 20
      vertex 4.48657 0.332849 19.6667
    endloop
  endfacet
  facet normal 0.0292063 0.277799 -0.960195
    outer loop
      vertex 11 0.799999 20
      vertex 4.4615 0.587367 19.7396
      vertex 4.42683 0.797361 19.7993
    endloop
  endfacet
  facet normal 0 0.999914 -0.0131429
    outer loop
      vertex 11 0.799999 20
      vertex 4.42683 0.797361 19.7993
      vertex 4.4264 0.799999 20
    endloop
  endfacet
  facet normal 0 -0.999914 0.0131429
    outer loop
      vertex 11 -0.799999 20
      vertex 4.42683 -0.797361 20.2007
      vertex 4.4264 -0.799999 20
    endloop
  endfacet
  facet normal 0.0292046 -0.277865 0.960176
    outer loop
      vertex 4.48657 -0.332849 20.3333
      vertex 11 -0.799999 20
      vertex 11.0234 0.354195 20.3333
    endloop
  endfacet
  facet normal 0.0292023 -0.277891 0.960168
    outer loop
      vertex 4.4615 -0.587367 20.2604
      vertex 11 -0.799999 20
      vertex 4.48657 -0.332849 20.3333
    endloop
  endfacet
  facet normal 0.0292063 -0.277799 0.960195
    outer loop
      vertex 11 -0.799999 20
      vertex 4.4615 -0.587367 20.2604
      vertex 4.42683 -0.797361 20.2007
    endloop
  endfacet
  facet normal 0.997545 0 -0.0700346
    outer loop
      vertex 11 0.799999 20
      vertex 11.0234 0.354195 20.3333
      vertex 11 -0.799999 20
    endloop
  endfacet
  facet normal 0.992088 0.104307 0.0698633
    outer loop
      vertex 11.0234 0.354195 20.3333
      vertex 11 0.799999 20
      vertex 10.8561 1.94543 20.3333
    endloop
  endfacet
  facet normal 0 0.279394 -0.960176
    outer loop
      vertex 4.4264 0.799999 20
      vertex 10.8561 1.94543 20.3333
      vertex 11 0.799999 20
    endloop
  endfacet
  facet normal -6.49422e-05 0.27973 -0.960079
    outer loop
      vertex 4.41353 0.877906 20.0227
      vertex 10.8561 1.94543 20.3333
      vertex 4.4264 0.799999 20
    endloop
  endfacet
  facet normal 2.18207e-05 0.279248 -0.960219
    outer loop
      vertex 4.34667 1.16469 20.1061
      vertex 10.8561 1.94543 20.3333
      vertex 4.41353 0.877906 20.0227
    endloop
  endfacet
  facet normal -1.89811e-05 0.279561 -0.960128
    outer loop
      vertex 10.8561 1.94543 20.3333
      vertex 4.34667 1.16469 20.1061
      vertex 4.31906 1.2557 20.1326
    endloop
  endfacet
  facet normal -0.104519 0.994435 -0.0131949
    outer loop
      vertex 10.8561 1.94543 20.3333
      vertex 4.31906 1.2557 20.1326
      vertex 4.31827 1.25828 20.3333
    endloop
  endfacet
  facet normal 0.104519 -0.994436 0.0131485
    outer loop
      vertex 11.0234 0.354195 20.3333
      vertex 4.48683 -0.330168 20.534
      vertex 4.48657 -0.332849 20.3333
    endloop
  endfacet
  facet normal 0.0581086 -0.273558 0.960099
    outer loop
      vertex 11.0234 0.354195 20.3333
      vertex 4.49549 0.137674 20.6667
      vertex 4.5 0 20.6272
    endloop
  endfacet
  facet normal 0.0581051 -0.273365 0.960154
    outer loop
      vertex 4.49549 0.137674 20.6667
      vertex 11.0234 0.354195 20.3333
      vertex 10.926 1.50451 20.6667
    endloop
  endfacet
  facet normal 0.0580993 -0.273332 0.960164
    outer loop
      vertex 4.49037 -0.294313 20.544
      vertex 11.0234 0.354195 20.3333
      vertex 4.5 0 20.6272
    endloop
  endfacet
  facet normal 0.0581156 -0.273514 0.960111
    outer loop
      vertex 11.0234 0.354195 20.3333
      vertex 4.49037 -0.294313 20.544
      vertex 4.48683 -0.330168 20.534
    endloop
  endfacet
  facet normal 0.992075 0.104305 -0.0700533
    outer loop
      vertex 10.926 1.50451 20.6667
      vertex 11.0234 0.354195 20.3333
      vertex 10.8561 1.94543 20.3333
    endloop
  endfacet
  facet normal 0.97576 0.207429 0.0697485
    outer loop
      vertex 10.926 1.50451 20.6667
      vertex 10.8561 1.94543 20.3333
      vertex 10.5933 3.06955 20.6667
    endloop
  endfacet
  facet normal -0.0292126 0.27794 -0.960154
    outer loop
      vertex 4.31827 1.25828 20.3333
      vertex 10.5933 3.06955 20.6667
      vertex 10.8561 1.94543 20.3333
    endloop
  endfacet
  facet normal -0.0291914 0.277871 -0.960175
    outer loop
      vertex 4.26118 1.44648 20.3895
      vertex 10.5933 3.06955 20.6667
      vertex 4.31827 1.25828 20.3333
    endloop
  endfacet
  facet normal -0.0292374 0.278042 -0.960124
    outer loop
      vertex 10.5933 3.06955 20.6667
      vertex 4.26118 1.44648 20.3895
      vertex 4.16554 1.70059 20.466
    endloop
  endfacet
  facet normal -0.207893 0.978063 -0.0131568
    outer loop
      vertex 10.5933 3.06955 20.6667
      vertex 4.16554 1.70059 20.466
      vertex 4.1646 1.70309 20.6667
    endloop
  endfacet
  facet normal 0.207892 -0.978064 0.0131383
    outer loop
      vertex 4.49549 0.137674 20.6667
      vertex 10.926 1.50451 20.6667
      vertex 4.49541 0.140353 20.8674
    endloop
  endfacet
  facet normal 0.0863363 -0.265715 0.960178
    outer loop
      vertex 4.4582 0.607386 21
      vertex 10.926 1.50451 20.6667
      vertex 10.7088 2.63834 21
    endloop
  endfacet
  facet normal 0.0863822 -0.265948 0.960109
    outer loop
      vertex 10.926 1.50451 20.6667
      vertex 4.49037 0.294313 20.9105
      vertex 4.49541 0.140353 20.8674
    endloop
  endfacet
  facet normal 0.0863439 -0.265732 0.960173
    outer loop
      vertex 10.926 1.50451 20.6667
      vertex 4.4615 0.587367 20.9942
      vertex 4.49037 0.294313 20.9105
    endloop
  endfacet
  facet normal 0.0861388 -0.26412 0.960635
    outer loop
      vertex 10.926 1.50451 20.6667
      vertex 4.4582 0.607386 21
      vertex 4.4615 0.587367 20.9942
    endloop
  endfacet
  facet normal 0.975759 0.207429 -0.0697708
    outer loop
      vertex 10.7088 2.63834 21
      vertex 10.926 1.50451 20.6667
      vertex 10.5933 3.06955 20.6667
    endloop
  endfacet
  facet normal 0.948727 0.308243 0.0700258
    outer loop
      vertex 10.7088 2.63834 21
      vertex 10.5933 3.06955 20.6667
      vertex 10.2144 4.16003 21
    endloop
  endfacet
  facet normal -0.0580894 0.273289 -0.960176
    outer loop
      vertex 4.1646 1.70309 20.6667
      vertex 10.2144 4.16003 21
      vertex 10.5933 3.06955 20.6667
    endloop
  endfacet
  facet normal -0.0575066 0.271912 -0.960602
    outer loop
      vertex 4.15746 1.72207 20.6725
      vertex 10.2144 4.16003 21
      vertex 4.1646 1.70309 20.6667
    endloop
  endfacet
  facet normal -0.0580881 0.273299 -0.960174
    outer loop
      vertex 4.03593 1.9903 20.7562
      vertex 10.2144 4.16003 21
      vertex 4.15746 1.72207 20.6725
    endloop
  endfacet
  facet normal -0.0581655 0.273513 -0.960108
    outer loop
      vertex 10.2144 4.16003 21
      vertex 4.03593 1.9903 20.7562
      vertex 3.96331 2.12615 20.7993
    endloop
  endfacet
  facet normal -0.30899 0.950974 -0.0131696
    outer loop
      vertex 10.2144 4.16003 21
      vertex 3.96331 2.12615 20.7993
      vertex 3.96205 2.12852 21
    endloop
  endfacet
  facet normal 0.308992 -0.950974 0.0131533
    outer loop
      vertex 4.4582 0.607386 21
      vertex 10.7088 2.63834 21
      vertex 4.45776 0.610019 21.2007
    endloop
  endfacet
  facet normal 0.113641 -0.255242 0.960176
    outer loop
      vertex 4.36887 1.06944 21.3333
      vertex 10.7088 2.63834 21
      vertex 10.3744 3.74327 21.3333
    endloop
  endfacet
  facet normal 0.113601 -0.255093 0.96022
    outer loop
      vertex 10.7088 2.63834 21
      vertex 4.41353 0.877906 21.2771
      vertex 4.45776 0.610019 21.2007
    endloop
  endfacet
  facet normal 0.11364 -0.255238 0.960177
    outer loop
      vertex 10.7088 2.63834 21
      vertex 4.36887 1.06944 21.3333
      vertex 4.41353 0.877906 21.2771
    endloop
  endfacet
  facet normal 0.948728 0.308244 -0.0700057
    outer loop
      vertex 10.3744 3.74327 21.3333
      vertex 10.7088 2.63834 21
      vertex 10.2144 4.16003 21
    endloop
  endfacet
  facet normal 0.911309 0.405749 0.0698783
    outer loop
      vertex 10.3744 3.74327 21.3333
      vertex 10.2144 4.16003 21
      vertex 9.72361 5.20494 21.3333
    endloop
  endfacet
  facet normal -0.0863375 0.26572 -0.960176
    outer loop
      vertex 3.96205 2.12852 21
      vertex 9.72361 5.20494 21.3333
      vertex 10.2144 4.16003 21
    endloop
  endfacet
  facet normal -0.0864692 0.265958 -0.960099
    outer loop
      vertex 3.89711 2.25 21.0395
      vertex 9.72361 5.20494 21.3333
      vertex 3.96205 2.12852 21
    endloop
  endfacet
  facet normal -0.0863613 0.265752 -0.960165
    outer loop
      vertex 3.74161 2.50007 21.1227
      vertex 9.72361 5.20494 21.3333
      vertex 3.89711 2.25 21.0395
    endloop
  endfacet
  facet normal -0.0853999 0.263677 -0.960823
    outer loop
      vertex 9.72361 5.20494 21.3333
      vertex 3.74161 2.50007 21.1227
      vertex 3.72063 2.52935 21.1326
    endloop
  endfacet
  facet normal -0.406702 0.913466 -0.013149
    outer loop
      vertex 9.72361 5.20494 21.3333
      vertex 3.72063 2.52935 21.1326
      vertex 3.71906 2.53154 21.3333
    endloop
  endfacet
  facet normal 0.406701 -0.913467 0.0131542
    outer loop
      vertex 4.36887 1.06944 21.3333
      vertex 10.3744 3.74327 21.3333
      vertex 4.36826 1.07206 21.5341
    endloop
  endfacet
  facet normal 0.139735 -0.242029 0.960154
    outer loop
      vertex 4.23337 1.52038 21.6667
      vertex 10.3744 3.74327 21.3333
      vertex 9.92628 4.80718 21.6667
    endloop
  endfacet
  facet normal 0.139395 -0.24123 0.960405
    outer loop
      vertex 10.3744 3.74327 21.3333
      vertex 4.34667 1.16469 21.5605
      vertex 4.36826 1.07206 21.5341
    endloop
  endfacet
  facet normal 0.139759 -0.242106 0.960131
    outer loop
      vertex 10.3744 3.74327 21.3333
      vertex 4.26118 1.44648 21.644
      vertex 4.34667 1.16469 21.5605
    endloop
  endfacet
  facet normal 0.139825 -0.242289 0.960075
    outer loop
      vertex 10.3744 3.74327 21.3333
      vertex 4.23337 1.52038 21.6667
      vertex 4.26118 1.44648 21.644
    endloop
  endfacet
  facet normal 0.911308 0.405748 -0.0698991
    outer loop
      vertex 9.92628 4.80718 21.6667
      vertex 10.3744 3.74327 21.3333
      vertex 9.72361 5.20494 21.3333
    endloop
  endfacet
  facet normal 0.863907 0.498777 0.0699027
    outer loop
      vertex 9.92628 4.80718 21.6667
      vertex 9.72361 5.20494 21.3333
      vertex 9.12628 6.19282 21.6667
    endloop
  endfacet
  facet normal -0.113672 0.25531 -0.960154
    outer loop
      vertex 3.71906 2.53154 21.3333
      vertex 9.12628 6.19282 21.6667
      vertex 9.72361 5.20494 21.3333
    endloop
  endfacet
  facet normal -0.113641 0.255266 -0.960169
    outer loop
      vertex 3.57009 2.73943 21.4062
      vertex 9.12628 6.19282 21.6667
      vertex 3.71906 2.53154 21.3333
    endloop
  endfacet
  facet normal -0.113824 0.255554 -0.960071
    outer loop
      vertex 9.12628 6.19282 21.6667
      vertex 3.57009 2.73943 21.4062
      vertex 3.43507 2.90395 21.466
    endloop
  endfacet
  facet normal -0.499956 0.865951 -0.0131661
    outer loop
      vertex 9.12628 6.19282 21.6667
      vertex 3.43507 2.90395 21.466
      vertex 3.43337 2.90602 21.6667
    endloop
  endfacet
  facet normal 0.499957 -0.865951 0.0131282
    outer loop
      vertex 4.23337 1.52038 21.6667
      vertex 9.92628 4.80718 21.6667
      vertex 4.23243 1.52288 21.8674
    endloop
  endfacet
  facet normal 0.164224 -0.226035 0.960176
    outer loop
      vertex 4.05191 1.95503 22
      vertex 9.92628 4.80718 21.6667
      vertex 9.36941 5.81842 22
    endloop
  endfacet
  facet normal 0.164196 -0.225984 0.960193
    outer loop
      vertex 9.92628 4.80718 21.6667
      vertex 4.15746 1.72207 21.9271
      vertex 4.23243 1.52288 21.8674
    endloop
  endfacet
  facet normal 0.164233 -0.226054 0.96017
    outer loop
      vertex 9.92628 4.80718 21.6667
      vertex 4.05191 1.95503 22
      vertex 4.15746 1.72207 21.9271
    endloop
  endfacet
  facet normal 0.863907 0.498777 -0.0699056
    outer loop
      vertex 9.36941 5.81842 22
      vertex 9.92628 4.80718 21.6667
      vertex 9.12628 6.19282 21.6667
    endloop
  endfacet
  facet normal 0.807038 0.586342 0.0699411
    outer loop
      vertex 9.36941 5.81842 22
      vertex 9.12628 6.19282 21.6667
      vertex 8.42896 7.11285 22
    endloop
  endfacet
  facet normal -0.139697 0.241963 -0.960176
    outer loop
      vertex 3.43337 2.90602 21.6667
      vertex 8.42896 7.11285 22
      vertex 9.12628 6.19282 21.6667
    endloop
  endfacet
  facet normal -0.139184 0.241371 -0.9604
    outer loop
      vertex 3.38328 2.96706 21.6893
      vertex 8.42896 7.11285 22
      vertex 3.43337 2.90602 21.6667
    endloop
  endfacet
  facet normal -0.139793 0.242092 -0.96013
    outer loop
      vertex 3.18198 3.18198 21.7728
      vertex 8.42896 7.11285 22
      vertex 3.38328 2.96706 21.6893
    endloop
  endfacet
  facet normal -0.139782 0.242078 -0.960135
    outer loop
      vertex 8.42896 7.11285 22
      vertex 3.18198 3.18198 21.7728
      vertex 3.11256 3.247 21.7993
    endloop
  endfacet
  facet normal -0.587734 0.808947 -0.0131561
    outer loop
      vertex 8.42896 7.11285 22
      vertex 3.11256 3.247 21.7993
      vertex 3.1106 3.24884 22
    endloop
  endfacet
  facet normal 0.587735 -0.808947 0.0131256
    outer loop
      vertex 4.05191 1.95503 22
      vertex 9.36941 5.81842 22
      vertex 4.0508 1.95748 22.2007
    endloop
  endfacet
  facet normal 0.186951 -0.207631 0.960176
    outer loop
      vertex 3.82437 2.36698 22.3333
      vertex 9.36941 5.81842 22
      vertex 8.7099 6.76592 22.3333
    endloop
  endfacet
  facet normal 0.187068 -0.207785 0.96012
    outer loop
      vertex 9.36941 5.81842 22
      vertex 4.03593 1.9903 22.2107
      vertex 4.0508 1.95748 22.2007
    endloop
  endfacet
  facet normal 0.18698 -0.20766 0.960165
    outer loop
      vertex 9.36941 5.81842 22
      vertex 3.89711 2.25 22.2939
      vertex 4.03593 1.9903 22.2107
    endloop
  endfacet
  facet normal 0.186755 -0.207306 0.960285
    outer loop
      vertex 9.36941 5.81842 22
      vertex 3.82437 2.36698 22.3333
      vertex 3.89711 2.25 22.2939
    endloop
  endfacet
  facet normal 0.807039 0.586343 -0.0699358
    outer loop
      vertex 8.7099 6.76592 22.3333
      vertex 9.36941 5.81842 22
      vertex 8.42896 7.11285 22
    endloop
  endfacet
  facet normal 0.741325 0.667494 0.0699242
    outer loop
      vertex 8.7099 6.76592 22.3333
      vertex 8.42896 7.11285 22
      vertex 7.63929 7.95495 22.3333
    endloop
  endfacet
  facet normal -0.164224 0.226035 -0.960176
    outer loop
      vertex 3.1106 3.24884 22
      vertex 7.63929 7.95495 22.3333
      vertex 8.42896 7.11285 22
    endloop
  endfacet
  facet normal -0.164228 0.226038 -0.960175
    outer loop
      vertex 2.96706 3.38328 22.0562
      vertex 7.63929 7.95495 22.3333
      vertex 3.1106 3.24884 22
    endloop
  endfacet
  facet normal -0.164351 0.226161 -0.960125
    outer loop
      vertex 7.63929 7.95495 22.3333
      vertex 2.96706 3.38328 22.0562
      vertex 2.75717 3.55552 22.1327
    endloop
  endfacet
  facet normal -0.669072 0.743081 -0.0131681
    outer loop
      vertex 7.63929 7.95495 22.3333
      vertex 2.75717 3.55552 22.1327
      vertex 2.75511 3.55722 22.3333
    endloop
  endfacet
  facet normal 0.669072 -0.743082 0.0130985
    outer loop
      vertex 3.82437 2.36698 22.3333
      vertex 8.7099 6.76592 22.3333
      vertex 3.82296 2.36925 22.5341
    endloop
  endfacet
  facet normal 0.207687 -0.187002 0.960154
    outer loop
      vertex 3.55722 2.75511 22.6667
      vertex 8.7099 6.76592 22.3333
      vertex 7.95495 7.63929 22.6667
    endloop
  endfacet
  facet normal 0.2074 -0.18667 0.960281
    outer loop
      vertex 8.7099 6.76592 22.3333
      vertex 3.74161 2.50007 22.5771
      vertex 3.82296 2.36925 22.5341
    endloop
  endfacet
  facet normal 0.207645 -0.186962 0.960171
    outer loop
      vertex 8.7099 6.76592 22.3333
      vertex 3.57009 2.73943 22.6608
      vertex 3.74161 2.50007 22.5771
    endloop
  endfacet
  facet normal 0.209327 -0.189174 0.959372
    outer loop
      vertex 8.7099 6.76592 22.3333
      vertex 3.55722 2.75511 22.6667
      vertex 3.57009 2.73943 22.6608
    endloop
  endfacet
  facet normal 0.741326 0.667495 -0.069903
    outer loop
      vertex 7.95495 7.63929 22.6667
      vertex 8.7099 6.76592 22.3333
      vertex 7.63929 7.95495 22.3333
    endloop
  endfacet
  facet normal 0.667495 0.741326 0.069903
    outer loop
      vertex 7.95495 7.63929 22.6667
      vertex 7.63929 7.95495 22.3333
      vertex 6.76592 8.7099 22.6667
    endloop
  endfacet
  facet normal -0.187002 0.207687 -0.960154
    outer loop
      vertex 2.75511 3.55722 22.3333
      vertex 6.76592 8.7099 22.6667
      vertex 7.63929 7.95495 22.3333
    endloop
  endfacet
  facet normal -0.189174 0.209327 -0.959372
    outer loop
      vertex 2.73943 3.57009 22.3392
      vertex 6.76592 8.7099 22.6667
      vertex 2.75511 3.55722 22.3333
    endloop
  endfacet
  facet normal -0.186962 0.207645 -0.960171
    outer loop
      vertex 2.50007 3.74161 22.4229
      vertex 6.76592 8.7099 22.6667
      vertex 2.73943 3.57009 22.3392
    endloop
  endfacet
  facet normal -0.18667 0.2074 -0.960281
    outer loop
      vertex 6.76592 8.7099 22.6667
      vertex 2.50007 3.74161 22.4229
      vertex 2.36925 3.82296 22.4659
    endloop
  endfacet
  facet normal -0.743082 0.669072 -0.0130985
    outer loop
      vertex 6.76592 8.7099 22.6667
      vertex 2.36925 3.82296 22.4659
      vertex 2.36698 3.82437 22.6667
    endloop
  endfacet
  facet normal 0.743081 -0.669072 0.0131681
    outer loop
      vertex 3.55722 2.75511 22.6667
      vertex 7.95495 7.63929 22.6667
      vertex 3.55552 2.75717 22.8673
    endloop
  endfacet
  facet normal 0.226035 -0.164224 0.960176
    outer loop
      vertex 3.24884 3.1106 23
      vertex 7.95495 7.63929 22.6667
      vertex 7.11285 8.42896 23
    endloop
  endfacet
  facet normal 0.226161 -0.164351 0.960125
    outer loop
      vertex 7.95495 7.63929 22.6667
      vertex 3.38328 2.96706 22.9438
      vertex 3.55552 2.75717 22.8673
    endloop
  endfacet
  facet normal 0.226038 -0.164228 0.960175
    outer loop
      vertex 7.95495 7.63929 22.6667
      vertex 3.24884 3.1106 23
      vertex 3.38328 2.96706 22.9438
    endloop
  endfacet
  facet normal 0.667494 0.741325 -0.0699242
    outer loop
      vertex 7.11285 8.42896 23
      vertex 7.95495 7.63929 22.6667
      vertex 6.76592 8.7099 22.6667
    endloop
  endfacet
  facet normal 0.586343 0.807039 0.0699358
    outer loop
      vertex 7.11285 8.42896 23
      vertex 6.76592 8.7099 22.6667
      vertex 5.81842 9.36941 23
    endloop
  endfacet
  facet normal -0.207631 0.186951 -0.960176
    outer loop
      vertex 2.36698 3.82437 22.6667
      vertex 5.81842 9.36941 23
      vertex 6.76592 8.7099 22.6667
    endloop
  endfacet
  facet normal -0.207306 0.186755 -0.960285
    outer loop
      vertex 2.25 3.89711 22.7061
      vertex 5.81842 9.36941 23
      vertex 2.36698 3.82437 22.6667
    endloop
  endfacet
  facet normal -0.20766 0.18698 -0.960165
    outer loop
      vertex 1.9903 4.03593 22.7893
      vertex 5.81842 9.36941 23
      vertex 2.25 3.89711 22.7061
    endloop
  endfacet
  facet normal -0.207785 0.187068 -0.96012
    outer loop
      vertex 5.81842 9.36941 23
      vertex 1.9903 4.03593 22.7893
      vertex 1.95748 4.0508 22.7993
    endloop
  endfacet
  facet normal -0.808947 0.587735 -0.0131256
    outer loop
      vertex 5.81842 9.36941 23
      vertex 1.95748 4.0508 22.7993
      vertex 1.95503 4.05191 23
    endloop
  endfacet
  facet normal 0.808947 -0.587734 0.0131561
    outer loop
      vertex 3.24884 3.1106 23
      vertex 7.11285 8.42896 23
      vertex 3.247 3.11256 23.2007
    endloop
  endfacet
  facet normal 0.241963 -0.139697 0.960176
    outer loop
      vertex 2.90602 3.43337 23.3333
      vertex 7.11285 8.42896 23
      vertex 6.19282 9.12628 23.3333
    endloop
  endfacet
  facet normal 0.242078 -0.139782 0.960135
    outer loop
      vertex 7.11285 8.42896 23
      vertex 3.18198 3.18198 23.2272
      vertex 3.247 3.11256 23.2007
    endloop
  endfacet
  facet normal 0.242092 -0.139793 0.96013
    outer loop
      vertex 7.11285 8.42896 23
      vertex 2.96706 3.38328 23.3107
      vertex 3.18198 3.18198 23.2272
    endloop
  endfacet
  facet normal 0.241371 -0.139184 0.9604
    outer loop
      vertex 7.11285 8.42896 23
      vertex 2.90602 3.43337 23.3333
      vertex 2.96706 3.38328 23.3107
    endloop
  endfacet
  facet normal 0.586342 0.807038 -0.0699411
    outer loop
      vertex 6.19282 9.12628 23.3333
      vertex 7.11285 8.42896 23
      vertex 5.81842 9.36941 23
    endloop
  endfacet
  facet normal 0.498777 0.863907 0.0699056
    outer loop
      vertex 6.19282 9.12628 23.3333
      vertex 5.81842 9.36941 23
      vertex 4.80718 9.92628 23.3333
    endloop
  endfacet
  facet normal -0.226035 0.164224 -0.960176
    outer loop
      vertex 1.95503 4.05191 23
      vertex 4.80718 9.92628 23.3333
      vertex 5.81842 9.36941 23
    endloop
  endfacet
  facet normal -0.226054 0.164233 -0.96017
    outer loop
      vertex 1.72207 4.15746 23.0729
      vertex 4.80718 9.92628 23.3333
      vertex 1.95503 4.05191 23
    endloop
  endfacet
  facet normal -0.225984 0.164196 -0.960193
    outer loop
      vertex 4.80718 9.92628 23.3333
      vertex 1.72207 4.15746 23.0729
      vertex 1.52288 4.23243 23.1326
    endloop
  endfacet
  facet normal -0.865951 0.499957 -0.0131282
    outer loop
      vertex 4.80718 9.92628 23.3333
      vertex 1.52288 4.23243 23.1326
      vertex 1.52038 4.23337 23.3333
    endloop
  endfacet
  facet normal 0.865951 -0.499956 0.0131661
    outer loop
      vertex 2.90602 3.43337 23.3333
      vertex 6.19282 9.12628 23.3333
      vertex 2.90395 3.43507 23.534
    endloop
  endfacet
  facet normal 0.25531 -0.113672 0.960154
    outer loop
      vertex 2.53154 3.71906 23.6667
      vertex 6.19282 9.12628 23.3333
      vertex 5.20494 9.72361 23.6667
    endloop
  endfacet
  facet normal 0.255554 -0.113824 0.960071
    outer loop
      vertex 6.19282 9.12628 23.3333
      vertex 2.73943 3.57009 23.5938
      vertex 2.90395 3.43507 23.534
    endloop
  endfacet
  facet normal 0.255266 -0.113641 0.960169
    outer loop
      vertex 6.19282 9.12628 23.3333
      vertex 2.53154 3.71906 23.6667
      vertex 2.73943 3.57009 23.5938
    endloop
  endfacet
  facet normal 0.498777 0.863907 -0.0699027
    outer loop
      vertex 5.20494 9.72361 23.6667
      vertex 6.19282 9.12628 23.3333
      vertex 4.80718 9.92628 23.3333
    endloop
  endfacet
  facet normal 0.405748 0.911308 0.0698991
    outer loop
      vertex 5.20494 9.72361 23.6667
      vertex 4.80718 9.92628 23.3333
      vertex 3.74327 10.3744 23.6667
    endloop
  endfacet
  facet normal -0.242029 0.139735 -0.960154
    outer loop
      vertex 1.52038 4.23337 23.3333
      vertex 3.74327 10.3744 23.6667
      vertex 4.80718 9.92628 23.3333
    endloop
  endfacet
  facet normal -0.242289 0.139825 -0.960075
    outer loop
      vertex 1.44648 4.26118 23.356
      vertex 3.74327 10.3744 23.6667
      vertex 1.52038 4.23337 23.3333
    endloop
  endfacet
  facet normal -0.242106 0.139759 -0.960131
    outer loop
      vertex 1.16469 4.34667 23.4395
      vertex 3.74327 10.3744 23.6667
      vertex 1.44648 4.26118 23.356
    endloop
  endfacet
  facet normal -0.24123 0.139395 -0.960405
    outer loop
      vertex 3.74327 10.3744 23.6667
      vertex 1.16469 4.34667 23.4395
      vertex 1.07206 4.36826 23.4659
    endloop
  endfacet
  facet normal -0.913467 0.406701 -0.0131542
    outer loop
      vertex 3.74327 10.3744 23.6667
      vertex 1.07206 4.36826 23.4659
      vertex 1.06944 4.36887 23.6667
    endloop
  endfacet
  facet normal 0.913466 -0.406702 0.013149
    outer loop
      vertex 2.53154 3.71906 23.6667
      vertex 5.20494 9.72361 23.6667
      vertex 2.52935 3.72063 23.8674
    endloop
  endfacet
  facet normal 0.26572 -0.0863375 0.960176
    outer loop
      vertex 2.12852 3.96205 24
      vertex 5.20494 9.72361 23.6667
      vertex 4.16003 10.2144 24
    endloop
  endfacet
  facet normal 0.263677 -0.0853999 0.960823
    outer loop
      vertex 5.20494 9.72361 23.6667
      vertex 2.50007 3.74161 23.8773
      vertex 2.52935 3.72063 23.8674
    endloop
  endfacet
  facet normal 0.265752 -0.0863613 0.960165
    outer loop
      vertex 5.20494 9.72361 23.6667
      vertex 2.25 3.89711 23.9605
      vertex 2.50007 3.74161 23.8773
    endloop
  endfacet
  facet normal 0.265958 -0.0864692 0.960099
    outer loop
      vertex 5.20494 9.72361 23.6667
      vertex 2.12852 3.96205 24
      vertex 2.25 3.89711 23.9605
    endloop
  endfacet
  facet normal 0.405749 0.911309 -0.0698783
    outer loop
      vertex 4.16003 10.2144 24
      vertex 5.20494 9.72361 23.6667
      vertex 3.74327 10.3744 23.6667
    endloop
  endfacet
  facet normal 0.308244 0.948728 0.0700057
    outer loop
      vertex 4.16003 10.2144 24
      vertex 3.74327 10.3744 23.6667
      vertex 2.63834 10.7088 24
    endloop
  endfacet
  facet normal -0.255242 0.113641 -0.960176
    outer loop
      vertex 1.06944 4.36887 23.6667
      vertex 2.63834 10.7088 24
      vertex 3.74327 10.3744 23.6667
    endloop
  endfacet
  facet normal -0.255238 0.11364 -0.960177
    outer loop
      vertex 0.877906 4.41353 23.7229
      vertex 2.63834 10.7088 24
      vertex 1.06944 4.36887 23.6667
    endloop
  endfacet
  facet normal -0.255093 0.113601 -0.96022
    outer loop
      vertex 2.63834 10.7088 24
      vertex 0.877906 4.41353 23.7229
      vertex 0.610019 4.45776 23.7993
    endloop
  endfacet
  facet normal -0.950974 0.308992 -0.0131533
    outer loop
      vertex 2.63834 10.7088 24
      vertex 0.610019 4.45776 23.7993
      vertex 0.607386 4.4582 24
    endloop
  endfacet
  facet normal 0.950974 -0.30899 0.0131696
    outer loop
      vertex 2.12852 3.96205 24
      vertex 4.16003 10.2144 24
      vertex 2.12615 3.96331 24.2007
    endloop
  endfacet
  facet normal 0.273289 -0.0580894 0.960176
    outer loop
      vertex 1.70309 4.1646 24.3333
      vertex 4.16003 10.2144 24
      vertex 3.06955 10.5933 24.3333
    endloop
  endfacet
  facet normal 0.273513 -0.0581655 0.960108
    outer loop
      vertex 4.16003 10.2144 24
      vertex 1.9903 4.03593 24.2438
      vertex 2.12615 3.96331 24.2007
    endloop
  endfacet
  facet normal 0.273299 -0.0580881 0.960174
    outer loop
      vertex 4.16003 10.2144 24
      vertex 1.72207 4.15746 24.3275
      vertex 1.9903 4.03593 24.2438
    endloop
  endfacet
  facet normal 0.271912 -0.0575066 0.960602
    outer loop
      vertex 4.16003 10.2144 24
      vertex 1.70309 4.1646 24.3333
      vertex 1.72207 4.15746 24.3275
    endloop
  endfacet
  facet normal 0.308243 0.948727 -0.0700258
    outer loop
      vertex 3.06955 10.5933 24.3333
      vertex 4.16003 10.2144 24
      vertex 2.63834 10.7088 24
    endloop
  endfacet
  facet normal 0.207429 0.975759 0.0697708
    outer loop
      vertex 3.06955 10.5933 24.3333
      vertex 2.63834 10.7088 24
      vertex 1.50451 10.926 24.3333
    endloop
  endfacet
  facet normal -0.265715 0.0863363 -0.960178
    outer loop
      vertex 0.607386 4.4582 24
      vertex 1.50451 10.926 24.3333
      vertex 2.63834 10.7088 24
    endloop
  endfacet
  facet normal -0.26412 0.0861388 -0.960635
    outer loop
      vertex 0.587367 4.4615 24.0058
      vertex 1.50451 10.926 24.3333
      vertex 0.607386 4.4582 24
    endloop
  endfacet
  facet normal -0.265732 0.0863439 -0.960173
    outer loop
      vertex 0.294313 4.49037 24.0895
      vertex 1.50451 10.926 24.3333
      vertex 0.587367 4.4615 24.0058
    endloop
  endfacet
  facet normal -0.265948 0.0863822 -0.960109
    outer loop
      vertex 1.50451 10.926 24.3333
      vertex 0.294313 4.49037 24.0895
      vertex 0.140353 4.49541 24.1326
    endloop
  endfacet
  facet normal -0.978064 0.207892 -0.0131383
    outer loop
      vertex 1.50451 10.926 24.3333
      vertex 0.140353 4.49541 24.1326
      vertex 0.137674 4.49549 24.3333
    endloop
  endfacet
  facet normal 0.978063 -0.207893 0.0131568
    outer loop
      vertex 1.70309 4.1646 24.3333
      vertex 3.06955 10.5933 24.3333
      vertex 1.70059 4.16554 24.534
    endloop
  endfacet
  facet normal 0.27794 -0.0292126 0.960154
    outer loop
      vertex 1.25828 4.31827 24.6667
      vertex 3.06955 10.5933 24.3333
      vertex 1.94543 10.8561 24.6667
    endloop
  endfacet
  facet normal 0.278042 -0.0292374 0.960124
    outer loop
      vertex 3.06955 10.5933 24.3333
      vertex 1.44648 4.26118 24.6105
      vertex 1.70059 4.16554 24.534
    endloop
  endfacet
  facet normal 0.277871 -0.0291914 0.960175
    outer loop
      vertex 3.06955 10.5933 24.3333
      vertex 1.25828 4.31827 24.6667
      vertex 1.44648 4.26118 24.6105
    endloop
  endfacet
  facet normal 0.207429 0.97576 -0.0697485
    outer loop
      vertex 1.94543 10.8561 24.6667
      vertex 3.06955 10.5933 24.3333
      vertex 1.50451 10.926 24.3333
    endloop
  endfacet
  facet normal 0.104305 0.992075 0.0700533
    outer loop
      vertex 1.94543 10.8561 24.6667
      vertex 1.50451 10.926 24.3333
      vertex 0.354195 11.0234 24.6667
    endloop
  endfacet
  facet normal -0.273365 0.0581051 -0.960154
    outer loop
      vertex 0.137674 4.49549 24.3333
      vertex 0.354195 11.0234 24.6667
      vertex 1.50451 10.926 24.3333
    endloop
  endfacet
  facet normal -0.273558 0.0581086 -0.960099
    outer loop
      vertex 0 4.5 24.3728
      vertex 0.354195 11.0234 24.6667
      vertex 0.137674 4.49549 24.3333
    endloop
  endfacet
  facet normal -0.273332 0.0580993 -0.960164
    outer loop
      vertex -0.294313 4.49037 24.456
      vertex 0.354195 11.0234 24.6667
      vertex 0 4.5 24.3728
    endloop
  endfacet
  facet normal -0.273514 0.0581156 -0.960111
    outer loop
      vertex 0.354195 11.0234 24.6667
      vertex -0.294313 4.49037 24.456
      vertex -0.330168 4.48683 24.466
    endloop
  endfacet
  facet normal -0.994436 0.104519 -0.0131485
    outer loop
      vertex 0.354195 11.0234 24.6667
      vertex -0.330168 4.48683 24.466
      vertex -0.332849 4.48657 24.6667
    endloop
  endfacet
  facet normal 0.994435 -0.104519 0.0131949
    outer loop
      vertex 1.25828 4.31827 24.6667
      vertex 1.94543 10.8561 24.6667
      vertex 1.2557 4.31906 24.8674
    endloop
  endfacet
  facet normal 0.279561 -1.89811e-05 0.960128
    outer loop
      vertex 1.94543 10.8561 24.6667
      vertex 1.16469 4.34667 24.8939
      vertex 1.2557 4.31906 24.8674
    endloop
  endfacet
  facet normal 0.279248 2.18207e-05 0.960219
    outer loop
      vertex 1.94543 10.8561 24.6667
      vertex 0.877906 4.41353 24.9773
      vertex 1.16469 4.34667 24.8939
    endloop
  endfacet
  facet normal 0.279394 -0 0.960176
    outer loop
      vertex 0.799999 4.4264 25
      vertex 1.94543 10.8561 24.6667
      vertex 0.799999 11 25
    endloop
  endfacet
  facet normal 0.27973 -6.49422e-05 0.960079
    outer loop
      vertex 1.94543 10.8561 24.6667
      vertex 0.799999 4.4264 25
      vertex 0.877906 4.41353 24.9773
    endloop
  endfacet
  facet normal 0.104307 0.992088 -0.0698633
    outer loop
      vertex 0.799999 11 25
      vertex 1.94543 10.8561 24.6667
      vertex 0.354195 11.0234 24.6667
    endloop
  endfacet
  facet normal 0 0.997545 0.0700346
    outer loop
      vertex 0.799999 11 25
      vertex 0.354195 11.0234 24.6667
      vertex -0.799999 11 25
    endloop
  endfacet
  facet normal -0.277891 0.0292023 -0.960168
    outer loop
      vertex -0.799999 11 25
      vertex -0.332849 4.48657 24.6667
      vertex -0.587367 4.4615 24.7396
    endloop
  endfacet
  facet normal -0.277799 0.0292063 -0.960195
    outer loop
      vertex -0.799999 11 25
      vertex -0.587367 4.4615 24.7396
      vertex -0.797361 4.42683 24.7993
    endloop
  endfacet
  facet normal -0.277865 0.0292046 -0.960176
    outer loop
      vertex -0.332849 4.48657 24.6667
      vertex -0.799999 11 25
      vertex 0.354195 11.0234 24.6667
    endloop
  endfacet
  facet normal -0.999914 -0 -0.0131429
    outer loop
      vertex -0.799999 11 25
      vertex -0.797361 4.42683 24.7993
      vertex -0.799999 4.4264 25
    endloop
  endfacet
  facet normal 0.999914 -0 0.0131429
    outer loop
      vertex 0.799999 4.4264 25
      vertex 0.799999 11 25
      vertex 0.797361 4.42683 25.2007
    endloop
  endfacet
  facet normal 0.277799 0.0292063 0.960195
    outer loop
      vertex 0.799999 11 25
      vertex 0.587367 4.4615 25.2604
      vertex 0.797361 4.42683 25.2007
    endloop
  endfacet
  facet normal 0.277891 0.0292023 0.960168
    outer loop
      vertex 0.799999 11 25
      vertex 0.332849 4.48657 25.3333
      vertex 0.587367 4.4615 25.2604
    endloop
  endfacet
  facet normal 0.277865 0.0292046 0.960176
    outer loop
      vertex 0.332849 4.48657 25.3333
      vertex 0.799999 11 25
      vertex -0.354195 11.0234 25.3333
    endloop
  endfacet
  facet normal 0 0.997545 -0.0700346
    outer loop
      vertex -0.354195 11.0234 25.3333
      vertex 0.799999 11 25
      vertex -0.799999 11 25
    endloop
  endfacet
  facet normal -0.104307 0.992088 0.0698633
    outer loop
      vertex -0.354195 11.0234 25.3333
      vertex -0.799999 11 25
      vertex -1.94543 10.8561 25.3333
    endloop
  endfacet
  facet normal -0.27973 -6.49422e-05 -0.960079
    outer loop
      vertex -1.94543 10.8561 25.3333
      vertex -0.799999 4.4264 25
      vertex -0.877906 4.41353 25.0227
    endloop
  endfacet
  facet normal -0.279248 2.18207e-05 -0.960219
    outer loop
      vertex -1.94543 10.8561 25.3333
      vertex -0.877906 4.41353 25.0227
      vertex -1.16469 4.34667 25.1061
    endloop
  endfacet
  facet normal -0.279561 -1.89811e-05 -0.960128
    outer loop
      vertex -1.94543 10.8561 25.3333
      vertex -1.16469 4.34667 25.1061
      vertex -1.2557 4.31906 25.1326
    endloop
  endfacet
  facet normal -0.279394 0 -0.960176
    outer loop
      vertex -0.799999 4.4264 25
      vertex -1.94543 10.8561 25.3333
      vertex -0.799999 11 25
    endloop
  endfacet
  facet normal -0.994435 -0.104519 -0.0131949
    outer loop
      vertex -1.2557 4.31906 25.1326
      vertex -1.25828 4.31827 25.3333
      vertex -1.94543 10.8561 25.3333
    endloop
  endfacet
  facet normal 0.994436 0.104519 0.0131485
    outer loop
      vertex 0.330168 4.48683 25.534
      vertex 0.332849 4.48657 25.3333
      vertex -0.354195 11.0234 25.3333
    endloop
  endfacet
  facet normal 0.273514 0.0581156 0.960111
    outer loop
      vertex -0.354195 11.0234 25.3333
      vertex 0.294313 4.49037 25.544
      vertex 0.330168 4.48683 25.534
    endloop
  endfacet
  facet normal 0.273332 0.0580993 0.960164
    outer loop
      vertex -0.354195 11.0234 25.3333
      vertex 0 4.5 25.6272
      vertex 0.294313 4.49037 25.544
    endloop
  endfacet
  facet normal 0.273558 0.0581086 0.960099
    outer loop
      vertex -0.354195 11.0234 25.3333
      vertex -0.137674 4.49549 25.6667
      vertex 0 4.5 25.6272
    endloop
  endfacet
  facet normal 0.273365 0.0581051 0.960154
    outer loop
      vertex -0.137674 4.49549 25.6667
      vertex -0.354195 11.0234 25.3333
      vertex -1.50451 10.926 25.6667
    endloop
  endfacet
  facet normal -0.104305 0.992075 -0.0700533
    outer loop
      vertex -1.50451 10.926 25.6667
      vertex -0.354195 11.0234 25.3333
      vertex -1.94543 10.8561 25.3333
    endloop
  endfacet
  facet normal -0.207429 0.97576 0.0697485
    outer loop
      vertex -1.50451 10.926 25.6667
      vertex -1.94543 10.8561 25.3333
      vertex -3.06955 10.5933 25.6667
    endloop
  endfacet
  facet normal -0.277871 -0.0291914 -0.960175
    outer loop
      vertex -3.06955 10.5933 25.6667
      vertex -1.25828 4.31827 25.3333
      vertex -1.44648 4.26118 25.3895
    endloop
  endfacet
  facet normal -0.278042 -0.0292374 -0.960124
    outer loop
      vertex -3.06955 10.5933 25.6667
      vertex -1.44648 4.26118 25.3895
      vertex -1.70059 4.16554 25.466
    endloop
  endfacet
  facet normal -0.27794 -0.0292126 -0.960154
    outer loop
      vertex -1.25828 4.31827 25.3333
      vertex -3.06955 10.5933 25.6667
      vertex -1.94543 10.8561 25.3333
    endloop
  endfacet
  facet normal -0.978063 -0.207893 -0.0131568
    outer loop
      vertex -1.70059 4.16554 25.466
      vertex -1.70309 4.1646 25.6667
      vertex -3.06955 10.5933 25.6667
    endloop
  endfacet
  facet normal 0.978064 0.207892 0.0131383
    outer loop
      vertex -0.140353 4.49541 25.8674
      vertex -0.137674 4.49549 25.6667
      vertex -1.50451 10.926 25.6667
    endloop
  endfacet
  facet normal 0.265948 0.0863822 0.960109
    outer loop
      vertex -1.50451 10.926 25.6667
      vertex -0.294313 4.49037 25.9105
      vertex -0.140353 4.49541 25.8674
    endloop
  endfacet
  facet normal 0.265732 0.0863439 0.960173
    outer loop
      vertex -1.50451 10.926 25.6667
      vertex -0.587367 4.4615 25.9942
      vertex -0.294313 4.49037 25.9105
    endloop
  endfacet
  facet normal 0.26412 0.0861388 0.960635
    outer loop
      vertex -1.50451 10.926 25.6667
      vertex -0.607386 4.4582 26
      vertex -0.587367 4.4615 25.9942
    endloop
  endfacet
  facet normal 0.265715 0.0863363 0.960178
    outer loop
      vertex -0.607386 4.4582 26
      vertex -1.50451 10.926 25.6667
      vertex -2.63834 10.7088 26
    endloop
  endfacet
  facet normal -0.207429 0.975759 -0.0697708
    outer loop
      vertex -2.63834 10.7088 26
      vertex -1.50451 10.926 25.6667
      vertex -3.06955 10.5933 25.6667
    endloop
  endfacet
  facet normal -0.308243 0.948727 0.0700258
    outer loop
      vertex -2.63834 10.7088 26
      vertex -3.06955 10.5933 25.6667
      vertex -4.16003 10.2144 26
    endloop
  endfacet
  facet normal -0.271912 -0.0575066 -0.960602
    outer loop
      vertex -4.16003 10.2144 26
      vertex -1.70309 4.1646 25.6667
      vertex -1.72207 4.15746 25.6725
    endloop
  endfacet
  facet normal -0.273299 -0.0580881 -0.960174
    outer loop
      vertex -4.16003 10.2144 26
      vertex -1.72207 4.15746 25.6725
      vertex -1.9903 4.03593 25.7562
    endloop
  endfacet
  facet normal -0.273513 -0.0581655 -0.960108
    outer loop
      vertex -4.16003 10.2144 26
      vertex -1.9903 4.03593 25.7562
      vertex -2.12615 3.96331 25.7993
    endloop
  endfacet
  facet normal -0.273289 -0.0580894 -0.960176
    outer loop
      vertex -1.70309 4.1646 25.6667
      vertex -4.16003 10.2144 26
      vertex -3.06955 10.5933 25.6667
    endloop
  endfacet
  facet normal -0.950974 -0.30899 -0.0131696
    outer loop
      vertex -2.12615 3.96331 25.7993
      vertex -2.12852 3.96205 26
      vertex -4.16003 10.2144 26
    endloop
  endfacet
  facet normal 0.950974 0.308992 0.0131533
    outer loop
      vertex -0.610019 4.45776 26.2007
      vertex -0.607386 4.4582 26
      vertex -2.63834 10.7088 26
    endloop
  endfacet
  facet normal 0.255093 0.113601 0.96022
    outer loop
      vertex -2.63834 10.7088 26
      vertex -0.877906 4.41353 26.2771
      vertex -0.610019 4.45776 26.2007
    endloop
  endfacet
  facet normal 0.255238 0.11364 0.960177
    outer loop
      vertex -2.63834 10.7088 26
      vertex -1.06944 4.36887 26.3333
      vertex -0.877906 4.41353 26.2771
    endloop
  endfacet
  facet normal 0.255242 0.113641 0.960176
    outer loop
      vertex -1.06944 4.36887 26.3333
      vertex -2.63834 10.7088 26
      vertex -3.74327 10.3744 26.3333
    endloop
  endfacet
  facet normal -0.308244 0.948728 -0.0700057
    outer loop
      vertex -3.74327 10.3744 26.3333
      vertex -2.63834 10.7088 26
      vertex -4.16003 10.2144 26
    endloop
  endfacet
  facet normal -0.405749 0.911309 0.0698783
    outer loop
      vertex -3.74327 10.3744 26.3333
      vertex -4.16003 10.2144 26
      vertex -5.20494 9.72361 26.3333
    endloop
  endfacet
  facet normal -0.265958 -0.0864692 -0.960099
    outer loop
      vertex -5.20494 9.72361 26.3333
      vertex -2.12852 3.96205 26
      vertex -2.25 3.89711 26.0395
    endloop
  endfacet
  facet normal -0.265752 -0.0863613 -0.960165
    outer loop
      vertex -5.20494 9.72361 26.3333
      vertex -2.25 3.89711 26.0395
      vertex -2.50007 3.74161 26.1227
    endloop
  endfacet
  facet normal -0.263677 -0.0853999 -0.960823
    outer loop
      vertex -5.20494 9.72361 26.3333
      vertex -2.50007 3.74161 26.1227
      vertex -2.52935 3.72063 26.1326
    endloop
  endfacet
  facet normal -0.26572 -0.0863375 -0.960176
    outer loop
      vertex -2.12852 3.96205 26
      vertex -5.20494 9.72361 26.3333
      vertex -4.16003 10.2144 26
    endloop
  endfacet
  facet normal -0.913466 -0.406702 -0.013149
    outer loop
      vertex -2.52935 3.72063 26.1326
      vertex -2.53154 3.71906 26.3333
      vertex -5.20494 9.72361 26.3333
    endloop
  endfacet
  facet normal 0.913467 0.406701 0.0131542
    outer loop
      vertex -1.07206 4.36826 26.5341
      vertex -1.06944 4.36887 26.3333
      vertex -3.74327 10.3744 26.3333
    endloop
  endfacet
  facet normal 0.24123 0.139395 0.960405
    outer loop
      vertex -3.74327 10.3744 26.3333
      vertex -1.16469 4.34667 26.5605
      vertex -1.07206 4.36826 26.5341
    endloop
  endfacet
  facet normal 0.242106 0.139759 0.960131
    outer loop
      vertex -3.74327 10.3744 26.3333
      vertex -1.44648 4.26118 26.644
      vertex -1.16469 4.34667 26.5605
    endloop
  endfacet
  facet normal 0.242289 0.139825 0.960075
    outer loop
      vertex -3.74327 10.3744 26.3333
      vertex -1.52038 4.23337 26.6667
      vertex -1.44648 4.26118 26.644
    endloop
  endfacet
  facet normal 0.242029 0.139735 0.960154
    outer loop
      vertex -1.52038 4.23337 26.6667
      vertex -3.74327 10.3744 26.3333
      vertex -4.80718 9.92628 26.6667
    endloop
  endfacet
  facet normal -0.405748 0.911308 -0.0698991
    outer loop
      vertex -4.80718 9.92628 26.6667
      vertex -3.74327 10.3744 26.3333
      vertex -5.20494 9.72361 26.3333
    endloop
  endfacet
  facet normal -0.498777 0.863907 0.0699027
    outer loop
      vertex -4.80718 9.92628 26.6667
      vertex -5.20494 9.72361 26.3333
      vertex -6.19282 9.12628 26.6667
    endloop
  endfacet
  facet normal -0.255266 -0.113641 -0.960169
    outer loop
      vertex -6.19282 9.12628 26.6667
      vertex -2.53154 3.71906 26.3333
      vertex -2.73943 3.57009 26.4062
    endloop
  endfacet
  facet normal -0.255554 -0.113824 -0.960071
    outer loop
      vertex -6.19282 9.12628 26.6667
      vertex -2.73943 3.57009 26.4062
      vertex -2.90395 3.43507 26.466
    endloop
  endfacet
  facet normal -0.25531 -0.113672 -0.960154
    outer loop
      vertex -2.53154 3.71906 26.3333
      vertex -6.19282 9.12628 26.6667
      vertex -5.20494 9.72361 26.3333
    endloop
  endfacet
  facet normal -0.865951 -0.499956 -0.0131661
    outer loop
      vertex -2.90395 3.43507 26.466
      vertex -2.90602 3.43337 26.6667
      vertex -6.19282 9.12628 26.6667
    endloop
  endfacet
  facet normal 0.865951 0.499957 0.0131282
    outer loop
      vertex -1.52288 4.23243 26.8674
      vertex -1.52038 4.23337 26.6667
      vertex -4.80718 9.92628 26.6667
    endloop
  endfacet
  facet normal 0.225984 0.164196 0.960193
    outer loop
      vertex -4.80718 9.92628 26.6667
      vertex -1.72207 4.15746 26.9271
      vertex -1.52288 4.23243 26.8674
    endloop
  endfacet
  facet normal 0.226054 0.164233 0.96017
    outer loop
      vertex -4.80718 9.92628 26.6667
      vertex -1.95503 4.05191 27
      vertex -1.72207 4.15746 26.9271
    endloop
  endfacet
  facet normal 0.226035 0.164224 0.960176
    outer loop
      vertex -1.95503 4.05191 27
      vertex -4.80718 9.92628 26.6667
      vertex -5.81842 9.36941 27
    endloop
  endfacet
  facet normal -0.498777 0.863907 -0.0699056
    outer loop
      vertex -5.81842 9.36941 27
      vertex -4.80718 9.92628 26.6667
      vertex -6.19282 9.12628 26.6667
    endloop
  endfacet
  facet normal -0.586342 0.807038 0.0699411
    outer loop
      vertex -5.81842 9.36941 27
      vertex -6.19282 9.12628 26.6667
      vertex -7.11285 8.42896 27
    endloop
  endfacet
  facet normal -0.241371 -0.139184 -0.9604
    outer loop
      vertex -7.11285 8.42896 27
      vertex -2.90602 3.43337 26.6667
      vertex -2.96706 3.38328 26.6893
    endloop
  endfacet
  facet normal -0.242092 -0.139793 -0.96013
    outer loop
      vertex -7.11285 8.42896 27
      vertex -2.96706 3.38328 26.6893
      vertex -3.18198 3.18198 26.7728
    endloop
  endfacet
  facet normal -0.242078 -0.139782 -0.960135
    outer loop
      vertex -7.11285 8.42896 27
      vertex -3.18198 3.18198 26.7728
      vertex -3.247 3.11256 26.7993
    endloop
  endfacet
  facet normal -0.241963 -0.139697 -0.960176
    outer loop
      vertex -2.90602 3.43337 26.6667
      vertex -7.11285 8.42896 27
      vertex -6.19282 9.12628 26.6667
    endloop
  endfacet
  facet normal -0.808947 -0.587734 -0.0131561
    outer loop
      vertex -3.247 3.11256 26.7993
      vertex -3.24884 3.1106 27
      vertex -7.11285 8.42896 27
    endloop
  endfacet
  facet normal 0.808947 0.587735 0.0131256
    outer loop
      vertex -1.95748 4.0508 27.2007
      vertex -1.95503 4.05191 27
      vertex -5.81842 9.36941 27
    endloop
  endfacet
  facet normal 0.207785 0.187068 0.96012
    outer loop
      vertex -5.81842 9.36941 27
      vertex -1.9903 4.03593 27.2107
      vertex -1.95748 4.0508 27.2007
    endloop
  endfacet
  facet normal 0.20766 0.18698 0.960165
    outer loop
      vertex -5.81842 9.36941 27
      vertex -2.25 3.89711 27.2939
      vertex -1.9903 4.03593 27.2107
    endloop
  endfacet
  facet normal 0.207306 0.186755 0.960285
    outer loop
      vertex -5.81842 9.36941 27
      vertex -2.36698 3.82437 27.3333
      vertex -2.25 3.89711 27.2939
    endloop
  endfacet
  facet normal 0.207631 0.186951 0.960176
    outer loop
      vertex -2.36698 3.82437 27.3333
      vertex -5.81842 9.36941 27
      vertex -6.76592 8.7099 27.3333
    endloop
  endfacet
  facet normal -0.586343 0.807039 -0.0699358
    outer loop
      vertex -6.76592 8.7099 27.3333
      vertex -5.81842 9.36941 27
      vertex -7.11285 8.42896 27
    endloop
  endfacet
  facet normal -0.667494 0.741325 0.0699242
    outer loop
      vertex -6.76592 8.7099 27.3333
      vertex -7.11285 8.42896 27
      vertex -7.95495 7.63929 27.3333
    endloop
  endfacet
  facet normal -0.226038 -0.164228 -0.960175
    outer loop
      vertex -7.95495 7.63929 27.3333
      vertex -3.24884 3.1106 27
      vertex -3.38328 2.96706 27.0562
    endloop
  endfacet
  facet normal -0.226161 -0.164351 -0.960125
    outer loop
      vertex -7.95495 7.63929 27.3333
      vertex -3.38328 2.96706 27.0562
      vertex -3.55552 2.75717 27.1327
    endloop
  endfacet
  facet normal -0.226035 -0.164224 -0.960176
    outer loop
      vertex -3.24884 3.1106 27
      vertex -7.95495 7.63929 27.3333
      vertex -7.11285 8.42896 27
    endloop
  endfacet
  facet normal -0.743081 -0.669072 -0.0131681
    outer loop
      vertex -3.55552 2.75717 27.1327
      vertex -3.55722 2.75511 27.3333
      vertex -7.95495 7.63929 27.3333
    endloop
  endfacet
  facet normal 0.743082 0.669072 0.0130985
    outer loop
      vertex -2.36925 3.82296 27.5341
      vertex -2.36698 3.82437 27.3333
      vertex -6.76592 8.7099 27.3333
    endloop
  endfacet
  facet normal 0.18667 0.2074 0.960281
    outer loop
      vertex -6.76592 8.7099 27.3333
      vertex -2.50007 3.74161 27.5771
      vertex -2.36925 3.82296 27.5341
    endloop
  endfacet
  facet normal 0.186962 0.207645 0.960171
    outer loop
      vertex -6.76592 8.7099 27.3333
      vertex -2.73943 3.57009 27.6608
      vertex -2.50007 3.74161 27.5771
    endloop
  endfacet
  facet normal 0.189174 0.209327 0.959372
    outer loop
      vertex -6.76592 8.7099 27.3333
      vertex -2.75511 3.55722 27.6667
      vertex -2.73943 3.57009 27.6608
    endloop
  endfacet
  facet normal 0.187002 0.207687 0.960154
    outer loop
      vertex -2.75511 3.55722 27.6667
      vertex -6.76592 8.7099 27.3333
      vertex -7.63929 7.95495 27.6667
    endloop
  endfacet
  facet normal -0.667495 0.741326 -0.069903
    outer loop
      vertex -7.63929 7.95495 27.6667
      vertex -6.76592 8.7099 27.3333
      vertex -7.95495 7.63929 27.3333
    endloop
  endfacet
  facet normal -0.741326 0.667495 0.069903
    outer loop
      vertex -7.63929 7.95495 27.6667
      vertex -7.95495 7.63929 27.3333
      vertex -8.7099 6.76592 27.6667
    endloop
  endfacet
  facet normal -0.209327 -0.189174 -0.959372
    outer loop
      vertex -8.7099 6.76592 27.6667
      vertex -3.55722 2.75511 27.3333
      vertex -3.57009 2.73943 27.3392
    endloop
  endfacet
  facet normal -0.207645 -0.186962 -0.960171
    outer loop
      vertex -8.7099 6.76592 27.6667
      vertex -3.57009 2.73943 27.3392
      vertex -3.74161 2.50007 27.4229
    endloop
  endfacet
  facet normal -0.2074 -0.18667 -0.960281
    outer loop
      vertex -8.7099 6.76592 27.6667
      vertex -3.74161 2.50007 27.4229
      vertex -3.82296 2.36925 27.4659
    endloop
  endfacet
  facet normal -0.207687 -0.187002 -0.960154
    outer loop
      vertex -3.55722 2.75511 27.3333
      vertex -8.7099 6.76592 27.6667
      vertex -7.95495 7.63929 27.3333
    endloop
  endfacet
  facet normal -0.669072 -0.743082 -0.0130985
    outer loop
      vertex -3.82296 2.36925 27.4659
      vertex -3.82437 2.36698 27.6667
      vertex -8.7099 6.76592 27.6667
    endloop
  endfacet
  facet normal 0.669072 0.743081 0.0131681
    outer loop
      vertex -2.75717 3.55552 27.8673
      vertex -2.75511 3.55722 27.6667
      vertex -7.63929 7.95495 27.6667
    endloop
  endfacet
  facet normal 0.164351 0.226161 0.960125
    outer loop
      vertex -7.63929 7.95495 27.6667
      vertex -2.96706 3.38328 27.9438
      vertex -2.75717 3.55552 27.8673
    endloop
  endfacet
  facet normal 0.164228 0.226038 0.960175
    outer loop
      vertex -7.63929 7.95495 27.6667
      vertex -3.1106 3.24884 28
      vertex -2.96706 3.38328 27.9438
    endloop
  endfacet
  facet normal 0.164224 0.226035 0.960176
    outer loop
      vertex -3.1106 3.24884 28
      vertex -7.63929 7.95495 27.6667
      vertex -8.42896 7.11285 28
    endloop
  endfacet
  facet normal -0.741325 0.667494 -0.0699242
    outer loop
      vertex -8.42896 7.11285 28
      vertex -7.63929 7.95495 27.6667
      vertex -8.7099 6.76592 27.6667
    endloop
  endfacet
  facet normal -0.807039 0.586343 0.0699358
    outer loop
      vertex -8.42896 7.11285 28
      vertex -8.7099 6.76592 27.6667
      vertex -9.36941 5.81842 28
    endloop
  endfacet
  facet normal -0.186755 -0.207306 -0.960285
    outer loop
      vertex -9.36941 5.81842 28
      vertex -3.82437 2.36698 27.6667
      vertex -3.89711 2.25 27.7061
    endloop
  endfacet
  facet normal -0.18698 -0.20766 -0.960165
    outer loop
      vertex -9.36941 5.81842 28
      vertex -3.89711 2.25 27.7061
      vertex -4.03593 1.9903 27.7893
    endloop
  endfacet
  facet normal -0.187068 -0.207785 -0.96012
    outer loop
      vertex -9.36941 5.81842 28
      vertex -4.03593 1.9903 27.7893
      vertex -4.0508 1.95748 27.7993
    endloop
  endfacet
  facet normal -0.186951 -0.207631 -0.960176
    outer loop
      vertex -3.82437 2.36698 27.6667
      vertex -9.36941 5.81842 28
      vertex -8.7099 6.76592 27.6667
    endloop
  endfacet
  facet normal -0.587735 -0.808947 -0.0131256
    outer loop
      vertex -4.0508 1.95748 27.7993
      vertex -4.05191 1.95503 28
      vertex -9.36941 5.81842 28
    endloop
  endfacet
  facet normal 0.587734 0.808947 0.0131561
    outer loop
      vertex -3.11256 3.247 28.2007
      vertex -3.1106 3.24884 28
      vertex -8.42896 7.11285 28
    endloop
  endfacet
  facet normal 0.139782 0.242078 0.960135
    outer loop
      vertex -8.42896 7.11285 28
      vertex -3.18198 3.18198 28.2272
      vertex -3.11256 3.247 28.2007
    endloop
  endfacet
  facet normal 0.139793 0.242092 0.96013
    outer loop
      vertex -8.42896 7.11285 28
      vertex -3.38328 2.96706 28.3107
      vertex -3.18198 3.18198 28.2272
    endloop
  endfacet
  facet normal 0.139184 0.241371 0.9604
    outer loop
      vertex -8.42896 7.11285 28
      vertex -3.43337 2.90602 28.3333
      vertex -3.38328 2.96706 28.3107
    endloop
  endfacet
  facet normal 0.139697 0.241963 0.960176
    outer loop
      vertex -3.43337 2.90602 28.3333
      vertex -8.42896 7.11285 28
      vertex -9.12628 6.19282 28.3333
    endloop
  endfacet
  facet normal -0.807038 0.586342 -0.0699411
    outer loop
      vertex -9.12628 6.19282 28.3333
      vertex -8.42896 7.11285 28
      vertex -9.36941 5.81842 28
    endloop
  endfacet
  facet normal -0.863907 0.498777 0.0699056
    outer loop
      vertex -9.12628 6.19282 28.3333
      vertex -9.36941 5.81842 28
      vertex -9.92628 4.80718 28.3333
    endloop
  endfacet
  facet normal -0.164233 -0.226054 -0.96017
    outer loop
      vertex -9.92628 4.80718 28.3333
      vertex -4.05191 1.95503 28
      vertex -4.15746 1.72207 28.0729
    endloop
  endfacet
  facet normal -0.164196 -0.225984 -0.960193
    outer loop
      vertex -9.92628 4.80718 28.3333
      vertex -4.15746 1.72207 28.0729
      vertex -4.23243 1.52288 28.1326
    endloop
  endfacet
  facet normal -0.164224 -0.226035 -0.960176
    outer loop
      vertex -4.05191 1.95503 28
      vertex -9.92628 4.80718 28.3333
      vertex -9.36941 5.81842 28
    endloop
  endfacet
  facet normal -0.499957 -0.865951 -0.0131282
    outer loop
      vertex -4.23243 1.52288 28.1326
      vertex -4.23337 1.52038 28.3333
      vertex -9.92628 4.80718 28.3333
    endloop
  endfacet
  facet normal 0.499956 0.865951 0.0131661
    outer loop
      vertex -3.43507 2.90395 28.534
      vertex -3.43337 2.90602 28.3333
      vertex -9.12628 6.19282 28.3333
    endloop
  endfacet
  facet normal 0.113824 0.255554 0.960071
    outer loop
      vertex -9.12628 6.19282 28.3333
      vertex -3.57009 2.73943 28.5938
      vertex -3.43507 2.90395 28.534
    endloop
  endfacet
  facet normal 0.113641 0.255266 0.960169
    outer loop
      vertex -9.12628 6.19282 28.3333
      vertex -3.71906 2.53154 28.6667
      vertex -3.57009 2.73943 28.5938
    endloop
  endfacet
  facet normal 0.113672 0.25531 0.960154
    outer loop
      vertex -3.71906 2.53154 28.6667
      vertex -9.12628 6.19282 28.3333
      vertex -9.72361 5.20494 28.6667
    endloop
  endfacet
  facet normal -0.863907 0.498777 -0.0699027
    outer loop
      vertex -9.72361 5.20494 28.6667
      vertex -9.12628 6.19282 28.3333
      vertex -9.92628 4.80718 28.3333
    endloop
  endfacet
  facet normal -0.911308 0.405748 0.0698991
    outer loop
      vertex -9.72361 5.20494 28.6667
      vertex -9.92628 4.80718 28.3333
      vertex -10.3744 3.74327 28.6667
    endloop
  endfacet
  facet normal -0.139825 -0.242289 -0.960075
    outer loop
      vertex -10.3744 3.74327 28.6667
      vertex -4.23337 1.52038 28.3333
      vertex -4.26118 1.44648 28.356
    endloop
  endfacet
  facet normal -0.139759 -0.242106 -0.960131
    outer loop
      vertex -10.3744 3.74327 28.6667
      vertex -4.26118 1.44648 28.356
      vertex -4.34667 1.16469 28.4395
    endloop
  endfacet
  facet normal -0.139395 -0.24123 -0.960405
    outer loop
      vertex -10.3744 3.74327 28.6667
      vertex -4.34667 1.16469 28.4395
      vertex -4.36826 1.07206 28.4659
    endloop
  endfacet
  facet normal -0.139735 -0.242029 -0.960154
    outer loop
      vertex -4.23337 1.52038 28.3333
      vertex -10.3744 3.74327 28.6667
      vertex -9.92628 4.80718 28.3333
    endloop
  endfacet
  facet normal -0.406701 -0.913467 -0.0131542
    outer loop
      vertex -4.36826 1.07206 28.4659
      vertex -4.36887 1.06944 28.6667
      vertex -10.3744 3.74327 28.6667
    endloop
  endfacet
  facet normal 0.406702 0.913466 0.013149
    outer loop
      vertex -3.72063 2.52935 28.8674
      vertex -3.71906 2.53154 28.6667
      vertex -9.72361 5.20494 28.6667
    endloop
  endfacet
  facet normal 0.0853999 0.263677 0.960823
    outer loop
      vertex -9.72361 5.20494 28.6667
      vertex -3.74161 2.50007 28.8773
      vertex -3.72063 2.52935 28.8674
    endloop
  endfacet
  facet normal 0.0863613 0.265752 0.960165
    outer loop
      vertex -9.72361 5.20494 28.6667
      vertex -3.89711 2.25 28.9605
      vertex -3.74161 2.50007 28.8773
    endloop
  endfacet
  facet normal 0.0864692 0.265958 0.960099
    outer loop
      vertex -9.72361 5.20494 28.6667
      vertex -3.96205 2.12852 29
      vertex -3.89711 2.25 28.9605
    endloop
  endfacet
  facet normal 0.0863375 0.26572 0.960176
    outer loop
      vertex -3.96205 2.12852 29
      vertex -9.72361 5.20494 28.6667
      vertex -10.2144 4.16003 29
    endloop
  endfacet
  facet normal -0.911309 0.405749 -0.0698783
    outer loop
      vertex -10.2144 4.16003 29
      vertex -9.72361 5.20494 28.6667
      vertex -10.3744 3.74327 28.6667
    endloop
  endfacet
  facet normal -0.948728 0.308244 0.0700057
    outer loop
      vertex -10.2144 4.16003 29
      vertex -10.3744 3.74327 28.6667
      vertex -10.7088 2.63834 29
    endloop
  endfacet
  facet normal -0.11364 -0.255238 -0.960177
    outer loop
      vertex -10.7088 2.63834 29
      vertex -4.36887 1.06944 28.6667
      vertex -4.41353 0.877906 28.7229
    endloop
  endfacet
  facet normal -0.113601 -0.255093 -0.96022
    outer loop
      vertex -10.7088 2.63834 29
      vertex -4.41353 0.877906 28.7229
      vertex -4.45776 0.610019 28.7993
    endloop
  endfacet
  facet normal -0.113641 -0.255242 -0.960176
    outer loop
      vertex -4.36887 1.06944 28.6667
      vertex -10.7088 2.63834 29
      vertex -10.3744 3.74327 28.6667
    endloop
  endfacet
  facet normal -0.308992 -0.950974 -0.0131533
    outer loop
      vertex -4.45776 0.610019 28.7993
      vertex -4.4582 0.607386 29
      vertex -10.7088 2.63834 29
    endloop
  endfacet
  facet normal 0.30899 0.950974 0.0131696
    outer loop
      vertex -3.96331 2.12615 29.2007
      vertex -3.96205 2.12852 29
      vertex -10.2144 4.16003 29
    endloop
  endfacet
  facet normal 0.0581655 0.273513 0.960108
    outer loop
      vertex -10.2144 4.16003 29
      vertex -4.03593 1.9903 29.2438
      vertex -3.96331 2.12615 29.2007
    endloop
  endfacet
  facet normal 0.0580881 0.273299 0.960174
    outer loop
      vertex -10.2144 4.16003 29
      vertex -4.15746 1.72207 29.3275
      vertex -4.03593 1.9903 29.2438
    endloop
  endfacet
  facet normal 0.0575066 0.271912 0.960602
    outer loop
      vertex -10.2144 4.16003 29
      vertex -4.1646 1.70309 29.3333
      vertex -4.15746 1.72207 29.3275
    endloop
  endfacet
  facet normal 0.0580894 0.273289 0.960176
    outer loop
      vertex -4.1646 1.70309 29.3333
      vertex -10.2144 4.16003 29
      vertex -10.5933 3.06955 29.3333
    endloop
  endfacet
  facet normal -0.948727 0.308243 -0.0700258
    outer loop
      vertex -10.5933 3.06955 29.3333
      vertex -10.2144 4.16003 29
      vertex -10.7088 2.63834 29
    endloop
  endfacet
  facet normal -0.975759 0.207429 0.0697708
    outer loop
      vertex -10.5933 3.06955 29.3333
      vertex -10.7088 2.63834 29
      vertex -10.926 1.50451 29.3333
    endloop
  endfacet
  facet normal -0.0861388 -0.26412 -0.960635
    outer loop
      vertex -10.926 1.50451 29.3333
      vertex -4.4582 0.607386 29
      vertex -4.4615 0.587367 29.0058
    endloop
  endfacet
  facet normal -0.0863439 -0.265732 -0.960173
    outer loop
      vertex -10.926 1.50451 29.3333
      vertex -4.4615 0.587367 29.0058
      vertex -4.49037 0.294313 29.0895
    endloop
  endfacet
  facet normal -0.0863822 -0.265948 -0.960109
    outer loop
      vertex -10.926 1.50451 29.3333
      vertex -4.49037 0.294313 29.0895
      vertex -4.49541 0.140353 29.1326
    endloop
  endfacet
  facet normal -0.0863363 -0.265715 -0.960178
    outer loop
      vertex -4.4582 0.607386 29
      vertex -10.926 1.50451 29.3333
      vertex -10.7088 2.63834 29
    endloop
  endfacet
  facet normal -0.207892 -0.978064 -0.0131383
    outer loop
      vertex -4.49541 0.140353 29.1326
      vertex -4.49549 0.137674 29.3333
      vertex -10.926 1.50451 29.3333
    endloop
  endfacet
  facet normal 0.207893 0.978063 0.0131568
    outer loop
      vertex -4.16554 1.70059 29.534
      vertex -4.1646 1.70309 29.3333
      vertex -10.5933 3.06955 29.3333
    endloop
  endfacet
  facet normal 0.0292374 0.278042 0.960124
    outer loop
      vertex -10.5933 3.06955 29.3333
      vertex -4.26118 1.44648 29.6105
      vertex -4.16554 1.70059 29.534
    endloop
  endfacet
  facet normal 0.0291914 0.277871 0.960175
    outer loop
      vertex -10.5933 3.06955 29.3333
      vertex -4.31827 1.25828 29.6667
      vertex -4.26118 1.44648 29.6105
    endloop
  endfacet
  facet normal 0.0292126 0.27794 0.960154
    outer loop
      vertex -4.31827 1.25828 29.6667
      vertex -10.5933 3.06955 29.3333
      vertex -10.8561 1.94543 29.6667
    endloop
  endfacet
  facet normal -0.97576 0.207429 -0.0697485
    outer loop
      vertex -10.8561 1.94543 29.6667
      vertex -10.5933 3.06955 29.3333
      vertex -10.926 1.50451 29.3333
    endloop
  endfacet
  facet normal -0.992075 0.104305 0.0700533
    outer loop
      vertex -10.8561 1.94543 29.6667
      vertex -10.926 1.50451 29.3333
      vertex -11.0234 0.354195 29.6667
    endloop
  endfacet
  facet normal -0.0580993 -0.273332 -0.960164
    outer loop
      vertex -11.0234 0.354195 29.6667
      vertex -4.5 0 29.3728
      vertex -4.49037 -0.294313 29.456
    endloop
  endfacet
  facet normal -0.0581156 -0.273514 -0.960111
    outer loop
      vertex -11.0234 0.354195 29.6667
      vertex -4.49037 -0.294313 29.456
      vertex -4.48683 -0.330168 29.466
    endloop
  endfacet
  facet normal -0.0581007 -0.273365 -0.960154
    outer loop
      vertex -4.5 0 29.3728
      vertex -11.0234 0.354195 29.6667
      vertex -10.926 1.50451 29.3333
    endloop
  endfacet
  facet normal -0.0581457 -0.273556 -0.960097
    outer loop
      vertex -4.49549 0.137674 29.3333
      vertex -4.5 0 29.3728
      vertex -10.926 1.50451 29.3333
    endloop
  endfacet
  facet normal -0.104519 -0.994436 -0.0131485
    outer loop
      vertex -4.48683 -0.330168 29.466
      vertex -4.48657 -0.332849 29.6667
      vertex -11.0234 0.354195 29.6667
    endloop
  endfacet
  facet normal 0.104519 0.994435 0.0131949
    outer loop
      vertex -4.31906 1.2557 29.8674
      vertex -4.31827 1.25828 29.6667
      vertex -10.8561 1.94543 29.6667
    endloop
  endfacet
  facet normal 1.89811e-05 0.279561 0.960128
    outer loop
      vertex -10.8561 1.94543 29.6667
      vertex -4.34667 1.16469 29.8939
      vertex -4.31906 1.2557 29.8674
    endloop
  endfacet
  facet normal -2.18207e-05 0.279248 0.960219
    outer loop
      vertex -10.8561 1.94543 29.6667
      vertex -4.41353 0.877906 29.9773
      vertex -4.34667 1.16469 29.8939
    endloop
  endfacet
  facet normal 6.49422e-05 0.27973 0.960079
    outer loop
      vertex -10.8561 1.94543 29.6667
      vertex -4.4264 0.799999 30
      vertex -4.41353 0.877906 29.9773
    endloop
  endfacet
  facet normal 0 0.279394 0.960176
    outer loop
      vertex -4.4264 0.799999 30
      vertex -10.8561 1.94543 29.6667
      vertex -11 0.799999 30
    endloop
  endfacet
  facet normal -0.992088 0.104307 -0.0698633
    outer loop
      vertex -11 0.799999 30
      vertex -10.8561 1.94543 29.6667
      vertex -11.0234 0.354195 29.6667
    endloop
  endfacet
  facet normal -0.997545 0 0.0700346
    outer loop
      vertex -11 -0.799999 30
      vertex -11 0.799999 30
      vertex -11.0234 0.354195 29.6667
    endloop
  endfacet
  facet normal -0.0292063 -0.277799 -0.960195
    outer loop
      vertex -11 -0.799999 30
      vertex -4.4615 -0.587367 29.7396
      vertex -4.42683 -0.797361 29.7993
    endloop
  endfacet
  facet normal -0.0292023 -0.277891 -0.960168
    outer loop
      vertex -11 -0.799999 30
      vertex -4.48657 -0.332849 29.6667
      vertex -4.4615 -0.587367 29.7396
    endloop
  endfacet
  facet normal -0.0292046 -0.277865 -0.960176
    outer loop
      vertex -4.48657 -0.332849 29.6667
      vertex -11 -0.799999 30
      vertex -11.0234 0.354195 29.6667
    endloop
  endfacet
  facet normal 0 -0.999914 -0.0131429
    outer loop
      vertex -4.42683 -0.797361 29.7993
      vertex -4.4264 -0.799999 30
      vertex -11 -0.799999 30
    endloop
  endfacet
  facet normal 0 0.999914 0.0131429
    outer loop
      vertex -4.42683 0.797361 30.2007
      vertex -4.4264 0.799999 30
      vertex -11 0.799999 30
    endloop
  endfacet
  facet normal -0.0292063 0.277799 0.960195
    outer loop
      vertex -11 0.799999 30
      vertex -4.4615 0.587367 30.2604
      vertex -4.42683 0.797361 30.2007
    endloop
  endfacet
  facet normal -0.0292023 0.277891 0.960168
    outer loop
      vertex -11 0.799999 30
      vertex -4.48657 0.332849 30.3333
      vertex -4.4615 0.587367 30.2604
    endloop
  endfacet
  facet normal -0.0292046 0.277865 0.960176
    outer loop
      vertex -4.48657 0.332849 30.3333
      vertex -11 0.799999 30
      vertex -11.0234 -0.354195 30.3333
    endloop
  endfacet
  facet normal -0.997545 -0 -0.0700346
    outer loop
      vertex -11 0.799999 30
      vertex -11 -0.799999 30
      vertex -11.0234 -0.354195 30.3333
    endloop
  endfacet
  facet normal -0.992088 -0.104307 0.0698633
    outer loop
      vertex -11 -0.799999 30
      vertex -10.8561 -1.94543 30.3333
      vertex -11.0234 -0.354195 30.3333
    endloop
  endfacet
  facet normal 1.89811e-05 -0.279561 -0.960128
    outer loop
      vertex -10.8561 -1.94543 30.3333
      vertex -4.34667 -1.16469 30.1061
      vertex -4.31906 -1.2557 30.1326
    endloop
  endfacet
  facet normal -2.18207e-05 -0.279248 -0.960219
    outer loop
      vertex -10.8561 -1.94543 30.3333
      vertex -4.41353 -0.877906 30.0227
      vertex -4.34667 -1.16469 30.1061
    endloop
  endfacet
  facet normal 6.49422e-05 -0.27973 -0.960079
    outer loop
      vertex -10.8561 -1.94543 30.3333
      vertex -4.4264 -0.799999 30
      vertex -4.41353 -0.877906 30.0227
    endloop
  endfacet
  facet normal -0 -0.279394 -0.960176
    outer loop
      vertex -4.4264 -0.799999 30
      vertex -10.8561 -1.94543 30.3333
      vertex -11 -0.799999 30
    endloop
  endfacet
  facet normal 0.104519 -0.994435 -0.0131949
    outer loop
      vertex -4.31906 -1.2557 30.1326
      vertex -4.31827 -1.25828 30.3333
      vertex -10.8561 -1.94543 30.3333
    endloop
  endfacet
  facet normal -0.104519 0.994436 0.0131485
    outer loop
      vertex -4.48683 0.330168 30.534
      vertex -4.48657 0.332849 30.3333
      vertex -11.0234 -0.354195 30.3333
    endloop
  endfacet
  facet normal -0.0580993 0.273332 0.960164
    outer loop
      vertex -11.0234 -0.354195 30.3333
      vertex -4.5 0 30.6272
      vertex -4.49037 0.294313 30.544
    endloop
  endfacet
  facet normal -0.0581156 0.273514 0.960111
    outer loop
      vertex -11.0234 -0.354195 30.3333
      vertex -4.49037 0.294313 30.544
      vertex -4.48683 0.330168 30.534
    endloop
  endfacet
  facet normal -0.0581007 0.273365 0.960154
    outer loop
      vertex -4.5 0 30.6272
      vertex -11.0234 -0.354195 30.3333
      vertex -10.926 -1.50451 30.6667
    endloop
  endfacet
  facet normal -0.0581457 0.273556 0.960097
    outer loop
      vertex -4.49549 -0.137674 30.6667
      vertex -4.5 0 30.6272
      vertex -10.926 -1.50451 30.6667
    endloop
  endfacet
  facet normal -0.992075 -0.104305 -0.0700533
    outer loop
      vertex -10.8561 -1.94543 30.3333
      vertex -10.926 -1.50451 30.6667
      vertex -11.0234 -0.354195 30.3333
    endloop
  endfacet
  facet normal -0.97576 -0.207429 0.0697485
    outer loop
      vertex -10.8561 -1.94543 30.3333
      vertex -10.5933 -3.06955 30.6667
      vertex -10.926 -1.50451 30.6667
    endloop
  endfacet
  facet normal 0.0292374 -0.278042 -0.960124
    outer loop
      vertex -10.5933 -3.06955 30.6667
      vertex -4.26118 -1.44648 30.3895
      vertex -4.16554 -1.70059 30.466
    endloop
  endfacet
  facet normal 0.0291914 -0.277871 -0.960175
    outer loop
      vertex -10.5933 -3.06955 30.6667
      vertex -4.31827 -1.25828 30.3333
      vertex -4.26118 -1.44648 30.3895
    endloop
  endfacet
  facet normal 0.0292126 -0.27794 -0.960154
    outer loop
      vertex -4.31827 -1.25828 30.3333
      vertex -10.5933 -3.06955 30.6667
      vertex -10.8561 -1.94543 30.3333
    endloop
  endfacet
  facet normal 0.207893 -0.978063 -0.0131568
    outer loop
      vertex -4.16554 -1.70059 30.466
      vertex -4.1646 -1.70309 30.6667
      vertex -10.5933 -3.06955 30.6667
    endloop
  endfacet
  facet normal -0.207892 0.978064 0.0131383
    outer loop
      vertex -4.49541 -0.140353 30.8674
      vertex -4.49549 -0.137674 30.6667
      vertex -10.926 -1.50451 30.6667
    endloop
  endfacet
  facet normal -0.0861388 0.26412 0.960635
    outer loop
      vertex -10.926 -1.50451 30.6667
      vertex -4.4582 -0.607386 31
      vertex -4.4615 -0.587367 30.9942
    endloop
  endfacet
  facet normal -0.0863439 0.265732 0.960173
    outer loop
      vertex -10.926 -1.50451 30.6667
      vertex -4.4615 -0.587367 30.9942
      vertex -4.49037 -0.294313 30.9105
    endloop
  endfacet
  facet normal -0.0863822 0.265948 0.960109
    outer loop
      vertex -10.926 -1.50451 30.6667
      vertex -4.49037 -0.294313 30.9105
      vertex -4.49541 -0.140353 30.8674
    endloop
  endfacet
  facet normal -0.0863363 0.265715 0.960178
    outer loop
      vertex -4.4582 -0.607386 31
      vertex -10.926 -1.50451 30.6667
      vertex -10.7088 -2.63834 31
    endloop
  endfacet
  facet normal -0.975759 -0.207429 -0.0697708
    outer loop
      vertex -10.5933 -3.06955 30.6667
      vertex -10.7088 -2.63834 31
      vertex -10.926 -1.50451 30.6667
    endloop
  endfacet
  facet normal -0.948727 -0.308243 0.0700258
    outer loop
      vertex -10.5933 -3.06955 30.6667
      vertex -10.2144 -4.16003 31
      vertex -10.7088 -2.63834 31
    endloop
  endfacet
  facet normal 0.0581655 -0.273513 -0.960108
    outer loop
      vertex -10.2144 -4.16003 31
      vertex -4.03593 -1.9903 30.7562
      vertex -3.96331 -2.12615 30.7993
    endloop
  endfacet
  facet normal 0.0580881 -0.273299 -0.960174
    outer loop
      vertex -10.2144 -4.16003 31
      vertex -4.15746 -1.72207 30.6725
      vertex -4.03593 -1.9903 30.7562
    endloop
  endfacet
  facet normal 0.0575066 -0.271912 -0.960602
    outer loop
      vertex -10.2144 -4.16003 31
      vertex -4.1646 -1.70309 30.6667
      vertex -4.15746 -1.72207 30.6725
    endloop
  endfacet
  facet normal 0.0580894 -0.273289 -0.960176
    outer loop
      vertex -4.1646 -1.70309 30.6667
      vertex -10.2144 -4.16003 31
      vertex -10.5933 -3.06955 30.6667
    endloop
  endfacet
  facet normal 0.30899 -0.950974 -0.0131696
    outer loop
      vertex -3.96331 -2.12615 30.7993
      vertex -3.96205 -2.12852 31
      vertex -10.2144 -4.16003 31
    endloop
  endfacet
  facet normal -0.308992 0.950974 0.0131533
    outer loop
      vertex -4.45776 -0.610019 31.2007
      vertex -4.4582 -0.607386 31
      vertex -10.7088 -2.63834 31
    endloop
  endfacet
  facet normal -0.11364 0.255238 0.960177
    outer loop
      vertex -10.7088 -2.63834 31
      vertex -4.36887 -1.06944 31.3333
      vertex -4.41353 -0.877906 31.2771
    endloop
  endfacet
  facet normal -0.113601 0.255093 0.96022
    outer loop
      vertex -10.7088 -2.63834 31
      vertex -4.41353 -0.877906 31.2771
      vertex -4.45776 -0.610019 31.2007
    endloop
  endfacet
  facet normal -0.113641 0.255242 0.960176
    outer loop
      vertex -4.36887 -1.06944 31.3333
      vertex -10.7088 -2.63834 31
      vertex -10.3744 -3.74327 31.3333
    endloop
  endfacet
  facet normal -0.948728 -0.308244 -0.0700057
    outer loop
      vertex -10.2144 -4.16003 31
      vertex -10.3744 -3.74327 31.3333
      vertex -10.7088 -2.63834 31
    endloop
  endfacet
  facet normal -0.911309 -0.405749 0.0698783
    outer loop
      vertex -10.2144 -4.16003 31
      vertex -9.72361 -5.20494 31.3333
      vertex -10.3744 -3.74327 31.3333
    endloop
  endfacet
  facet normal 0.0853999 -0.263677 -0.960823
    outer loop
      vertex -9.72361 -5.20494 31.3333
      vertex -3.74161 -2.50007 31.1227
      vertex -3.72063 -2.52935 31.1326
    endloop
  endfacet
  facet normal 0.0863613 -0.265752 -0.960165
    outer loop
      vertex -9.72361 -5.20494 31.3333
      vertex -3.89711 -2.25 31.0395
      vertex -3.74161 -2.50007 31.1227
    endloop
  endfacet
  facet normal 0.0864692 -0.265958 -0.960099
    outer loop
      vertex -9.72361 -5.20494 31.3333
      vertex -3.96205 -2.12852 31
      vertex -3.89711 -2.25 31.0395
    endloop
  endfacet
  facet normal 0.0863375 -0.26572 -0.960176
    outer loop
      vertex -3.96205 -2.12852 31
      vertex -9.72361 -5.20494 31.3333
      vertex -10.2144 -4.16003 31
    endloop
  endfacet
  facet normal 0.406702 -0.913466 -0.013149
    outer loop
      vertex -3.72063 -2.52935 31.1326
      vertex -3.71906 -2.53154 31.3333
      vertex -9.72361 -5.20494 31.3333
    endloop
  endfacet
  facet normal -0.406701 0.913467 0.0131542
    outer loop
      vertex -4.36826 -1.07206 31.5341
      vertex -4.36887 -1.06944 31.3333
      vertex -10.3744 -3.74327 31.3333
    endloop
  endfacet
  facet normal -0.139825 0.242289 0.960075
    outer loop
      vertex -10.3744 -3.74327 31.3333
      vertex -4.23337 -1.52038 31.6667
      vertex -4.26118 -1.44648 31.644
    endloop
  endfacet
  facet normal -0.139759 0.242106 0.960131
    outer loop
      vertex -10.3744 -3.74327 31.3333
      vertex -4.26118 -1.44648 31.644
      vertex -4.34667 -1.16469 31.5605
    endloop
  endfacet
  facet normal -0.139395 0.24123 0.960405
    outer loop
      vertex -10.3744 -3.74327 31.3333
      vertex -4.34667 -1.16469 31.5605
      vertex -4.36826 -1.07206 31.5341
    endloop
  endfacet
  facet normal -0.139735 0.242029 0.960154
    outer loop
      vertex -4.23337 -1.52038 31.6667
      vertex -10.3744 -3.74327 31.3333
      vertex -9.92628 -4.80718 31.6667
    endloop
  endfacet
  facet normal -0.911308 -0.405748 -0.0698991
    outer loop
      vertex -9.72361 -5.20494 31.3333
      vertex -9.92628 -4.80718 31.6667
      vertex -10.3744 -3.74327 31.3333
    endloop
  endfacet
  facet normal -0.863907 -0.498777 0.0699027
    outer loop
      vertex -9.72361 -5.20494 31.3333
      vertex -9.12628 -6.19282 31.6667
      vertex -9.92628 -4.80718 31.6667
    endloop
  endfacet
  facet normal 0.113824 -0.255554 -0.960071
    outer loop
      vertex -9.12628 -6.19282 31.6667
      vertex -3.57009 -2.73943 31.4062
      vertex -3.43507 -2.90395 31.466
    endloop
  endfacet
  facet normal 0.113641 -0.255266 -0.960169
    outer loop
      vertex -9.12628 -6.19282 31.6667
      vertex -3.71906 -2.53154 31.3333
      vertex -3.57009 -2.73943 31.4062
    endloop
  endfacet
  facet normal 0.113672 -0.25531 -0.960154
    outer loop
      vertex -3.71906 -2.53154 31.3333
      vertex -9.12628 -6.19282 31.6667
      vertex -9.72361 -5.20494 31.3333
    endloop
  endfacet
  facet normal 0.499956 -0.865951 -0.0131661
    outer loop
      vertex -3.43507 -2.90395 31.466
      vertex -3.43337 -2.90602 31.6667
      vertex -9.12628 -6.19282 31.6667
    endloop
  endfacet
  facet normal -0.499957 0.865951 0.0131282
    outer loop
      vertex -4.23243 -1.52288 31.8674
      vertex -4.23337 -1.52038 31.6667
      vertex -9.92628 -4.80718 31.6667
    endloop
  endfacet
  facet normal -0.164233 0.226054 0.96017
    outer loop
      vertex -9.92628 -4.80718 31.6667
      vertex -4.05191 -1.95503 32
      vertex -4.15746 -1.72207 31.9271
    endloop
  endfacet
  facet normal -0.164196 0.225984 0.960193
    outer loop
      vertex -9.92628 -4.80718 31.6667
      vertex -4.15746 -1.72207 31.9271
      vertex -4.23243 -1.52288 31.8674
    endloop
  endfacet
  facet normal -0.164224 0.226035 0.960176
    outer loop
      vertex -4.05191 -1.95503 32
      vertex -9.92628 -4.80718 31.6667
      vertex -9.36941 -5.81842 32
    endloop
  endfacet
  facet normal -0.863907 -0.498777 -0.0699056
    outer loop
      vertex -9.12628 -6.19282 31.6667
      vertex -9.36941 -5.81842 32
      vertex -9.92628 -4.80718 31.6667
    endloop
  endfacet
  facet normal -0.807038 -0.586342 0.0699411
    outer loop
      vertex -9.12628 -6.19282 31.6667
      vertex -8.42896 -7.11285 32
      vertex -9.36941 -5.81842 32
    endloop
  endfacet
  facet normal 0.139782 -0.242078 -0.960135
    outer loop
      vertex -8.42896 -7.11285 32
      vertex -3.18198 -3.18198 31.7728
      vertex -3.11256 -3.247 31.7993
    endloop
  endfacet
  facet normal 0.139793 -0.242092 -0.96013
    outer loop
      vertex -8.42896 -7.11285 32
      vertex -3.38328 -2.96706 31.6893
      vertex -3.18198 -3.18198 31.7728
    endloop
  endfacet
  facet normal 0.139184 -0.241371 -0.9604
    outer loop
      vertex -8.42896 -7.11285 32
      vertex -3.43337 -2.90602 31.6667
      vertex -3.38328 -2.96706 31.6893
    endloop
  endfacet
  facet normal 0.139697 -0.241963 -0.960176
    outer loop
      vertex -3.43337 -2.90602 31.6667
      vertex -8.42896 -7.11285 32
      vertex -9.12628 -6.19282 31.6667
    endloop
  endfacet
  facet normal 0.587734 -0.808947 -0.0131561
    outer loop
      vertex -3.11256 -3.247 31.7993
      vertex -3.1106 -3.24884 32
      vertex -8.42896 -7.11285 32
    endloop
  endfacet
  facet normal -0.587735 0.808947 0.0131256
    outer loop
      vertex -4.0508 -1.95748 32.2007
      vertex -4.05191 -1.95503 32
      vertex -9.36941 -5.81842 32
    endloop
  endfacet
  facet normal -0.186755 0.207306 0.960285
    outer loop
      vertex -9.36941 -5.81842 32
      vertex -3.82437 -2.36698 32.3333
      vertex -3.89711 -2.25 32.2939
    endloop
  endfacet
  facet normal -0.18698 0.20766 0.960165
    outer loop
      vertex -9.36941 -5.81842 32
      vertex -3.89711 -2.25 32.2939
      vertex -4.03593 -1.9903 32.2107
    endloop
  endfacet
  facet normal -0.187068 0.207785 0.96012
    outer loop
      vertex -9.36941 -5.81842 32
      vertex -4.03593 -1.9903 32.2107
      vertex -4.0508 -1.95748 32.2007
    endloop
  endfacet
  facet normal -0.186951 0.207631 0.960176
    outer loop
      vertex -3.82437 -2.36698 32.3333
      vertex -9.36941 -5.81842 32
      vertex -8.7099 -6.76592 32.3333
    endloop
  endfacet
  facet normal -0.807039 -0.586343 -0.0699358
    outer loop
      vertex -8.42896 -7.11285 32
      vertex -8.7099 -6.76592 32.3333
      vertex -9.36941 -5.81842 32
    endloop
  endfacet
  facet normal -0.741325 -0.667494 0.0699242
    outer loop
      vertex -8.42896 -7.11285 32
      vertex -7.63929 -7.95495 32.3333
      vertex -8.7099 -6.76592 32.3333
    endloop
  endfacet
  facet normal 0.164351 -0.226161 -0.960125
    outer loop
      vertex -7.63929 -7.95495 32.3333
      vertex -2.96706 -3.38328 32.0562
      vertex -2.75717 -3.55552 32.1327
    endloop
  endfacet
  facet normal 0.164228 -0.226038 -0.960175
    outer loop
      vertex -7.63929 -7.95495 32.3333
      vertex -3.1106 -3.24884 32
      vertex -2.96706 -3.38328 32.0562
    endloop
  endfacet
  facet normal 0.164224 -0.226035 -0.960176
    outer loop
      vertex -3.1106 -3.24884 32
      vertex -7.63929 -7.95495 32.3333
      vertex -8.42896 -7.11285 32
    endloop
  endfacet
  facet normal 0.669072 -0.743081 -0.0131681
    outer loop
      vertex -2.75717 -3.55552 32.1327
      vertex -2.75511 -3.55722 32.3333
      vertex -7.63929 -7.95495 32.3333
    endloop
  endfacet
  facet normal -0.669072 0.743082 0.0130985
    outer loop
      vertex -3.82296 -2.36925 32.5341
      vertex -3.82437 -2.36698 32.3333
      vertex -8.7099 -6.76592 32.3333
    endloop
  endfacet
  facet normal -0.209327 0.189174 0.959372
    outer loop
      vertex -8.7099 -6.76592 32.3333
      vertex -3.55722 -2.75511 32.6667
      vertex -3.57009 -2.73943 32.6608
    endloop
  endfacet
  facet normal -0.207645 0.186962 0.960171
    outer loop
      vertex -8.7099 -6.76592 32.3333
      vertex -3.57009 -2.73943 32.6608
      vertex -3.74161 -2.50007 32.5771
    endloop
  endfacet
  facet normal -0.2074 0.18667 0.960281
    outer loop
      vertex -8.7099 -6.76592 32.3333
      vertex -3.74161 -2.50007 32.5771
      vertex -3.82296 -2.36925 32.5341
    endloop
  endfacet
  facet normal -0.207687 0.187002 0.960154
    outer loop
      vertex -3.55722 -2.75511 32.6667
      vertex -8.7099 -6.76592 32.3333
      vertex -7.95495 -7.63929 32.6667
    endloop
  endfacet
  facet normal -0.741326 -0.667495 -0.069903
    outer loop
      vertex -7.63929 -7.95495 32.3333
      vertex -7.95495 -7.63929 32.6667
      vertex -8.7099 -6.76592 32.3333
    endloop
  endfacet
  facet normal -0.667495 -0.741326 0.069903
    outer loop
      vertex -7.63929 -7.95495 32.3333
      vertex -6.76592 -8.7099 32.6667
      vertex -7.95495 -7.63929 32.6667
    endloop
  endfacet
  facet normal 0.18667 -0.2074 -0.960281
    outer loop
      vertex -6.76592 -8.7099 32.6667
      vertex -2.50007 -3.74161 32.4229
      vertex -2.36925 -3.82296 32.4659
    endloop
  endfacet
  facet normal 0.186962 -0.207645 -0.960171
    outer loop
      vertex -6.76592 -8.7099 32.6667
      vertex -2.73943 -3.57009 32.3392
      vertex -2.50007 -3.74161 32.4229
    endloop
  endfacet
  facet normal 0.189174 -0.209327 -0.959372
    outer loop
      vertex -6.76592 -8.7099 32.6667
      vertex -2.75511 -3.55722 32.3333
      vertex -2.73943 -3.57009 32.3392
    endloop
  endfacet
  facet normal 0.187002 -0.207687 -0.960154
    outer loop
      vertex -2.75511 -3.55722 32.3333
      vertex -6.76592 -8.7099 32.6667
      vertex -7.63929 -7.95495 32.3333
    endloop
  endfacet
  facet normal 0.743082 -0.669072 -0.0130985
    outer loop
      vertex -2.36925 -3.82296 32.4659
      vertex -2.36698 -3.82437 32.6667
      vertex -6.76592 -8.7099 32.6667
    endloop
  endfacet
  facet normal -0.743081 0.669072 0.0131681
    outer loop
      vertex -3.55552 -2.75717 32.8673
      vertex -3.55722 -2.75511 32.6667
      vertex -7.95495 -7.63929 32.6667
    endloop
  endfacet
  facet normal -0.226038 0.164228 0.960175
    outer loop
      vertex -7.95495 -7.63929 32.6667
      vertex -3.24884 -3.1106 33
      vertex -3.38328 -2.96706 32.9438
    endloop
  endfacet
  facet normal -0.226161 0.164351 0.960125
    outer loop
      vertex -7.95495 -7.63929 32.6667
      vertex -3.38328 -2.96706 32.9438
      vertex -3.55552 -2.75717 32.8673
    endloop
  endfacet
  facet normal -0.226035 0.164224 0.960176
    outer loop
      vertex -3.24884 -3.1106 33
      vertex -7.95495 -7.63929 32.6667
      vertex -7.11285 -8.42896 33
    endloop
  endfacet
  facet normal -0.667494 -0.741325 -0.0699242
    outer loop
      vertex -6.76592 -8.7099 32.6667
      vertex -7.11285 -8.42896 33
      vertex -7.95495 -7.63929 32.6667
    endloop
  endfacet
  facet normal -0.586343 -0.807039 0.0699358
    outer loop
      vertex -6.76592 -8.7099 32.6667
      vertex -5.81842 -9.36941 33
      vertex -7.11285 -8.42896 33
    endloop
  endfacet
  facet normal 0.207785 -0.187068 -0.96012
    outer loop
      vertex -5.81842 -9.36941 33
      vertex -1.9903 -4.03593 32.7893
      vertex -1.95748 -4.0508 32.7993
    endloop
  endfacet
  facet normal 0.20766 -0.18698 -0.960165
    outer loop
      vertex -5.81842 -9.36941 33
      vertex -2.25 -3.89711 32.7061
      vertex -1.9903 -4.03593 32.7893
    endloop
  endfacet
  facet normal 0.207306 -0.186755 -0.960285
    outer loop
      vertex -5.81842 -9.36941 33
      vertex -2.36698 -3.82437 32.6667
      vertex -2.25 -3.89711 32.7061
    endloop
  endfacet
  facet normal 0.207631 -0.186951 -0.960176
    outer loop
      vertex -2.36698 -3.82437 32.6667
      vertex -5.81842 -9.36941 33
      vertex -6.76592 -8.7099 32.6667
    endloop
  endfacet
  facet normal 0.808947 -0.587735 -0.0131256
    outer loop
      vertex -1.95748 -4.0508 32.7993
      vertex -1.95503 -4.05191 33
      vertex -5.81842 -9.36941 33
    endloop
  endfacet
  facet normal -0.808947 0.587734 0.0131561
    outer loop
      vertex -3.247 -3.11256 33.2007
      vertex -3.24884 -3.1106 33
      vertex -7.11285 -8.42896 33
    endloop
  endfacet
  facet normal -0.241371 0.139184 0.9604
    outer loop
      vertex -7.11285 -8.42896 33
      vertex -2.90602 -3.43337 33.3333
      vertex -2.96706 -3.38328 33.3107
    endloop
  endfacet
  facet normal -0.242092 0.139793 0.96013
    outer loop
      vertex -7.11285 -8.42896 33
      vertex -2.96706 -3.38328 33.3107
      vertex -3.18198 -3.18198 33.2272
    endloop
  endfacet
  facet normal -0.242078 0.139782 0.960135
    outer loop
      vertex -7.11285 -8.42896 33
      vertex -3.18198 -3.18198 33.2272
      vertex -3.247 -3.11256 33.2007
    endloop
  endfacet
  facet normal -0.241963 0.139697 0.960176
    outer loop
      vertex -2.90602 -3.43337 33.3333
      vertex -7.11285 -8.42896 33
      vertex -6.19282 -9.12628 33.3333
    endloop
  endfacet
  facet normal -0.586342 -0.807038 -0.0699411
    outer loop
      vertex -5.81842 -9.36941 33
      vertex -6.19282 -9.12628 33.3333
      vertex -7.11285 -8.42896 33
    endloop
  endfacet
  facet normal -0.498777 -0.863907 0.0699056
    outer loop
      vertex -5.81842 -9.36941 33
      vertex -4.80718 -9.92628 33.3333
      vertex -6.19282 -9.12628 33.3333
    endloop
  endfacet
  facet normal 0.225984 -0.164196 -0.960193
    outer loop
      vertex -4.80718 -9.92628 33.3333
      vertex -1.72207 -4.15746 33.0729
      vertex -1.52288 -4.23243 33.1326
    endloop
  endfacet
  facet normal 0.226054 -0.164233 -0.96017
    outer loop
      vertex -4.80718 -9.92628 33.3333
      vertex -1.95503 -4.05191 33
      vertex -1.72207 -4.15746 33.0729
    endloop
  endfacet
  facet normal 0.226035 -0.164224 -0.960176
    outer loop
      vertex -1.95503 -4.05191 33
      vertex -4.80718 -9.92628 33.3333
      vertex -5.81842 -9.36941 33
    endloop
  endfacet
  facet normal 0.865951 -0.499957 -0.0131282
    outer loop
      vertex -1.52288 -4.23243 33.1326
      vertex -1.52038 -4.23337 33.3333
      vertex -4.80718 -9.92628 33.3333
    endloop
  endfacet
  facet normal -0.865951 0.499956 0.0131661
    outer loop
      vertex -2.90395 -3.43507 33.534
      vertex -2.90602 -3.43337 33.3333
      vertex -6.19282 -9.12628 33.3333
    endloop
  endfacet
  facet normal -0.255266 0.113641 0.960169
    outer loop
      vertex -6.19282 -9.12628 33.3333
      vertex -2.53154 -3.71906 33.6667
      vertex -2.73943 -3.57009 33.5938
    endloop
  endfacet
  facet normal -0.255554 0.113824 0.960071
    outer loop
      vertex -6.19282 -9.12628 33.3333
      vertex -2.73943 -3.57009 33.5938
      vertex -2.90395 -3.43507 33.534
    endloop
  endfacet
  facet normal -0.25531 0.113672 0.960154
    outer loop
      vertex -2.53154 -3.71906 33.6667
      vertex -6.19282 -9.12628 33.3333
      vertex -5.20494 -9.72361 33.6667
    endloop
  endfacet
  facet normal -0.498777 -0.863907 -0.0699027
    outer loop
      vertex -4.80718 -9.92628 33.3333
      vertex -5.20494 -9.72361 33.6667
      vertex -6.19282 -9.12628 33.3333
    endloop
  endfacet
  facet normal -0.405748 -0.911308 0.0698991
    outer loop
      vertex -4.80718 -9.92628 33.3333
      vertex -3.74327 -10.3744 33.6667
      vertex -5.20494 -9.72361 33.6667
    endloop
  endfacet
  facet normal 0.24123 -0.139395 -0.960405
    outer loop
      vertex -3.74327 -10.3744 33.6667
      vertex -1.16469 -4.34667 33.4395
      vertex -1.07206 -4.36826 33.4659
    endloop
  endfacet
  facet normal 0.242106 -0.139759 -0.960131
    outer loop
      vertex -3.74327 -10.3744 33.6667
      vertex -1.44648 -4.26118 33.356
      vertex -1.16469 -4.34667 33.4395
    endloop
  endfacet
  facet normal 0.242289 -0.139825 -0.960075
    outer loop
      vertex -3.74327 -10.3744 33.6667
      vertex -1.52038 -4.23337 33.3333
      vertex -1.44648 -4.26118 33.356
    endloop
  endfacet
  facet normal 0.242029 -0.139735 -0.960154
    outer loop
      vertex -1.52038 -4.23337 33.3333
      vertex -3.74327 -10.3744 33.6667
      vertex -4.80718 -9.92628 33.3333
    endloop
  endfacet
  facet normal 0.913467 -0.406701 -0.0131542
    outer loop
      vertex -1.07206 -4.36826 33.4659
      vertex -1.06944 -4.36887 33.6667
      vertex -3.74327 -10.3744 33.6667
    endloop
  endfacet
  facet normal -0.913466 0.406702 0.013149
    outer loop
      vertex -2.52935 -3.72063 33.8674
      vertex -2.53154 -3.71906 33.6667
      vertex -5.20494 -9.72361 33.6667
    endloop
  endfacet
  facet normal -0.265958 0.0864692 0.960099
    outer loop
      vertex -5.20494 -9.72361 33.6667
      vertex -2.12852 -3.96205 34
      vertex -2.25 -3.89711 33.9605
    endloop
  endfacet
  facet normal -0.265752 0.0863613 0.960165
    outer loop
      vertex -5.20494 -9.72361 33.6667
      vertex -2.25 -3.89711 33.9605
      vertex -2.50007 -3.74161 33.8773
    endloop
  endfacet
  facet normal -0.263677 0.0853999 0.960823
    outer loop
      vertex -5.20494 -9.72361 33.6667
      vertex -2.50007 -3.74161 33.8773
      vertex -2.52935 -3.72063 33.8674
    endloop
  endfacet
  facet normal -0.26572 0.0863375 0.960176
    outer loop
      vertex -2.12852 -3.96205 34
      vertex -5.20494 -9.72361 33.6667
      vertex -4.16003 -10.2144 34
    endloop
  endfacet
  facet normal -0.405749 -0.911309 -0.0698783
    outer loop
      vertex -3.74327 -10.3744 33.6667
      vertex -4.16003 -10.2144 34
      vertex -5.20494 -9.72361 33.6667
    endloop
  endfacet
  facet normal -0.308244 -0.948728 0.0700057
    outer loop
      vertex -3.74327 -10.3744 33.6667
      vertex -2.63834 -10.7088 34
      vertex -4.16003 -10.2144 34
    endloop
  endfacet
  facet normal 0.255093 -0.113601 -0.96022
    outer loop
      vertex -2.63834 -10.7088 34
      vertex -0.877906 -4.41353 33.7229
      vertex -0.610019 -4.45776 33.7993
    endloop
  endfacet
  facet normal 0.255238 -0.11364 -0.960177
    outer loop
      vertex -2.63834 -10.7088 34
      vertex -1.06944 -4.36887 33.6667
      vertex -0.877906 -4.41353 33.7229
    endloop
  endfacet
  facet normal 0.255242 -0.113641 -0.960176
    outer loop
      vertex -1.06944 -4.36887 33.6667
      vertex -2.63834 -10.7088 34
      vertex -3.74327 -10.3744 33.6667
    endloop
  endfacet
  facet normal 0.950974 -0.308992 -0.0131533
    outer loop
      vertex -0.610019 -4.45776 33.7993
      vertex -0.607386 -4.4582 34
      vertex -2.63834 -10.7088 34
    endloop
  endfacet
  facet normal -0.950974 0.30899 0.0131696
    outer loop
      vertex -2.12615 -3.96331 34.2007
      vertex -2.12852 -3.96205 34
      vertex -4.16003 -10.2144 34
    endloop
  endfacet
  facet normal -0.271912 0.0575066 0.960602
    outer loop
      vertex -4.16003 -10.2144 34
      vertex -1.70309 -4.1646 34.3333
      vertex -1.72207 -4.15746 34.3275
    endloop
  endfacet
  facet normal -0.273299 0.0580881 0.960174
    outer loop
      vertex -4.16003 -10.2144 34
      vertex -1.72207 -4.15746 34.3275
      vertex -1.9903 -4.03593 34.2438
    endloop
  endfacet
  facet normal -0.273513 0.0581655 0.960108
    outer loop
      vertex -4.16003 -10.2144 34
      vertex -1.9903 -4.03593 34.2438
      vertex -2.12615 -3.96331 34.2007
    endloop
  endfacet
  facet normal -0.273289 0.0580894 0.960176
    outer loop
      vertex -1.70309 -4.1646 34.3333
      vertex -4.16003 -10.2144 34
      vertex -3.06955 -10.5933 34.3333
    endloop
  endfacet
  facet normal -0.308243 -0.948727 -0.0700258
    outer loop
      vertex -2.63834 -10.7088 34
      vertex -3.06955 -10.5933 34.3333
      vertex -4.16003 -10.2144 34
    endloop
  endfacet
  facet normal -0.207429 -0.975759 0.0697708
    outer loop
      vertex -2.63834 -10.7088 34
      vertex -1.50451 -10.926 34.3333
      vertex -3.06955 -10.5933 34.3333
    endloop
  endfacet
  facet normal 0.265948 -0.0863822 -0.960109
    outer loop
      vertex -1.50451 -10.926 34.3333
      vertex -0.294313 -4.49037 34.0895
      vertex -0.140353 -4.49541 34.1326
    endloop
  endfacet
  facet normal 0.265732 -0.0863439 -0.960173
    outer loop
      vertex -1.50451 -10.926 34.3333
      vertex -0.587367 -4.4615 34.0058
      vertex -0.294313 -4.49037 34.0895
    endloop
  endfacet
  facet normal 0.26412 -0.0861388 -0.960635
    outer loop
      vertex -1.50451 -10.926 34.3333
      vertex -0.607386 -4.4582 34
      vertex -0.587367 -4.4615 34.0058
    endloop
  endfacet
  facet normal 0.265715 -0.0863363 -0.960178
    outer loop
      vertex -0.607386 -4.4582 34
      vertex -1.50451 -10.926 34.3333
      vertex -2.63834 -10.7088 34
    endloop
  endfacet
  facet normal 0.978064 -0.207892 -0.0131383
    outer loop
      vertex -0.140353 -4.49541 34.1326
      vertex -0.137674 -4.49549 34.3333
      vertex -1.50451 -10.926 34.3333
    endloop
  endfacet
  facet normal -0.978063 0.207893 0.0131568
    outer loop
      vertex -1.70059 -4.16554 34.534
      vertex -1.70309 -4.1646 34.3333
      vertex -3.06955 -10.5933 34.3333
    endloop
  endfacet
  facet normal -0.277871 0.0291914 0.960175
    outer loop
      vertex -3.06955 -10.5933 34.3333
      vertex -1.25828 -4.31827 34.6667
      vertex -1.44648 -4.26118 34.6105
    endloop
  endfacet
  facet normal -0.278042 0.0292374 0.960124
    outer loop
      vertex -3.06955 -10.5933 34.3333
      vertex -1.44648 -4.26118 34.6105
      vertex -1.70059 -4.16554 34.534
    endloop
  endfacet
  facet normal -0.27794 0.0292126 0.960154
    outer loop
      vertex -1.25828 -4.31827 34.6667
      vertex -3.06955 -10.5933 34.3333
      vertex -1.94543 -10.8561 34.6667
    endloop
  endfacet
  facet normal -0.207429 -0.97576 -0.0697485
    outer loop
      vertex -1.50451 -10.926 34.3333
      vertex -1.94543 -10.8561 34.6667
      vertex -3.06955 -10.5933 34.3333
    endloop
  endfacet
  facet normal -0.104305 -0.992075 0.0700533
    outer loop
      vertex -1.50451 -10.926 34.3333
      vertex -0.354195 -11.0234 34.6667
      vertex -1.94543 -10.8561 34.6667
    endloop
  endfacet
  facet normal 0.273514 -0.0581156 -0.960111
    outer loop
      vertex -0.354195 -11.0234 34.6667
      vertex 0.294313 -4.49037 34.456
      vertex 0.330168 -4.48683 34.466
    endloop
  endfacet
  facet normal 0.273332 -0.0580993 -0.960164
    outer loop
      vertex -0.354195 -11.0234 34.6667
      vertex 0 -4.5 34.3728
      vertex 0.294313 -4.49037 34.456
    endloop
  endfacet
  facet normal 0.273558 -0.0581086 -0.960099
    outer loop
      vertex -0.354195 -11.0234 34.6667
      vertex -0.137674 -4.49549 34.3333
      vertex 0 -4.5 34.3728
    endloop
  endfacet
  facet normal 0.273365 -0.0581051 -0.960154
    outer loop
      vertex -0.137674 -4.49549 34.3333
      vertex -0.354195 -11.0234 34.6667
      vertex -1.50451 -10.926 34.3333
    endloop
  endfacet
  facet normal 0.994436 -0.104519 -0.0131485
    outer loop
      vertex 0.330168 -4.48683 34.466
      vertex 0.332849 -4.48657 34.6667
      vertex -0.354195 -11.0234 34.6667
    endloop
  endfacet
  facet normal -0.994435 0.104519 0.0131949
    outer loop
      vertex -1.2557 -4.31906 34.8674
      vertex -1.25828 -4.31827 34.6667
      vertex -1.94543 -10.8561 34.6667
    endloop
  endfacet
  facet normal -0.27973 6.49422e-05 0.960079
    outer loop
      vertex -1.94543 -10.8561 34.6667
      vertex -0.799999 -4.4264 35
      vertex -0.877906 -4.41353 34.9773
    endloop
  endfacet
  facet normal -0.279248 -2.18207e-05 0.960219
    outer loop
      vertex -1.94543 -10.8561 34.6667
      vertex -0.877906 -4.41353 34.9773
      vertex -1.16469 -4.34667 34.8939
    endloop
  endfacet
  facet normal -0.279561 1.89811e-05 0.960128
    outer loop
      vertex -1.94543 -10.8561 34.6667
      vertex -1.16469 -4.34667 34.8939
      vertex -1.2557 -4.31906 34.8674
    endloop
  endfacet
  facet normal -0.279394 0 0.960176
    outer loop
      vertex -0.799999 -4.4264 35
      vertex -1.94543 -10.8561 34.6667
      vertex -0.799999 -11 35
    endloop
  endfacet
  facet normal -0.104307 -0.992088 -0.0698633
    outer loop
      vertex -0.354195 -11.0234 34.6667
      vertex -0.799999 -11 35
      vertex -1.94543 -10.8561 34.6667
    endloop
  endfacet
  facet normal 0 -0.997545 0.0700346
    outer loop
      vertex -0.354195 -11.0234 34.6667
      vertex 0.799999 -11 35
      vertex -0.799999 -11 35
    endloop
  endfacet
  facet normal 0.277799 -0.0292063 -0.960195
    outer loop
      vertex 0.799999 -11 35
      vertex 0.587367 -4.4615 34.7396
      vertex 0.797361 -4.42683 34.7993
    endloop
  endfacet
  facet normal 0.277891 -0.0292023 -0.960168
    outer loop
      vertex 0.799999 -11 35
      vertex 0.332849 -4.48657 34.6667
      vertex 0.587367 -4.4615 34.7396
    endloop
  endfacet
  facet normal 0.277865 -0.0292046 -0.960176
    outer loop
      vertex 0.332849 -4.48657 34.6667
      vertex 0.799999 -11 35
      vertex -0.354195 -11.0234 34.6667
    endloop
  endfacet
  facet normal 0.999914 0 -0.0131429
    outer loop
      vertex 0.799999 -4.4264 35
      vertex 0.799999 -11 35
      vertex 0.797361 -4.42683 34.7993
    endloop
  endfacet
  facet normal -0.999914 0 0.0131429
    outer loop
      vertex -0.797361 -4.42683 35.2007
      vertex -0.799999 -4.4264 35
      vertex -0.799999 -11 35
    endloop
  endfacet
  facet normal -0.277891 -0.0292023 0.960168
    outer loop
      vertex -0.799999 -11 35
      vertex -0.332849 -4.48657 35.3333
      vertex -0.587367 -4.4615 35.2604
    endloop
  endfacet
  facet normal -0.277799 -0.0292063 0.960195
    outer loop
      vertex -0.799999 -11 35
      vertex -0.587367 -4.4615 35.2604
      vertex -0.797361 -4.42683 35.2007
    endloop
  endfacet
  facet normal -0.277865 -0.0292046 0.960176
    outer loop
      vertex -0.332849 -4.48657 35.3333
      vertex -0.799999 -11 35
      vertex 0.354195 -11.0234 35.3333
    endloop
  endfacet
  facet normal -0 -0.997545 -0.0700346
    outer loop
      vertex 0.799999 -11 35
      vertex 0.354195 -11.0234 35.3333
      vertex -0.799999 -11 35
    endloop
  endfacet
  facet normal 0.104307 -0.992088 0.0698633
    outer loop
      vertex 0.799999 -11 35
      vertex 1.94543 -10.8561 35.3333
      vertex 0.354195 -11.0234 35.3333
    endloop
  endfacet
  facet normal 0.279561 1.89811e-05 -0.960128
    outer loop
      vertex 1.94543 -10.8561 35.3333
      vertex 1.16469 -4.34667 35.1061
      vertex 1.2557 -4.31906 35.1326
    endloop
  endfacet
  facet normal 0.279248 -2.18207e-05 -0.960219
    outer loop
      vertex 1.94543 -10.8561 35.3333
      vertex 0.877906 -4.41353 35.0227
      vertex 1.16469 -4.34667 35.1061
    endloop
  endfacet
  facet normal 0.279394 0 -0.960176
    outer loop
      vertex 0.799999 -4.4264 35
      vertex 1.94543 -10.8561 35.3333
      vertex 0.799999 -11 35
    endloop
  endfacet
  facet normal 0.27973 6.49422e-05 -0.960079
    outer loop
      vertex 1.94543 -10.8561 35.3333
      vertex 0.799999 -4.4264 35
      vertex 0.877906 -4.41353 35.0227
    endloop
  endfacet
  facet normal 0.994435 0.104519 -0.0131949
    outer loop
      vertex 1.25828 -4.31827 35.3333
      vertex 1.94543 -10.8561 35.3333
      vertex 1.2557 -4.31906 35.1326
    endloop
  endfacet
  facet normal -0.994436 -0.104519 0.0131485
    outer loop
      vertex 0.354195 -11.0234 35.3333
      vertex -0.330168 -4.48683 35.534
      vertex -0.332849 -4.48657 35.3333
    endloop
  endfacet
  facet normal -0.273365 -0.0581051 0.960154
    outer loop
      vertex 0.137674 -4.49549 35.6667
      vertex 0.354195 -11.0234 35.3333
      vertex 1.50451 -10.926 35.6667
    endloop
  endfacet
  facet normal -0.273558 -0.0581086 0.960099
    outer loop
      vertex 0 -4.5 35.6272
      vertex 0.354195 -11.0234 35.3333
      vertex 0.137674 -4.49549 35.6667
    endloop
  endfacet
  facet normal -0.273332 -0.0580993 0.960164
    outer loop
      vertex -0.294313 -4.49037 35.544
      vertex 0.354195 -11.0234 35.3333
      vertex 0 -4.5 35.6272
    endloop
  endfacet
  facet normal -0.273514 -0.0581156 0.960111
    outer loop
      vertex 0.354195 -11.0234 35.3333
      vertex -0.294313 -4.49037 35.544
      vertex -0.330168 -4.48683 35.534
    endloop
  endfacet
  facet normal 0.104305 -0.992075 -0.0700533
    outer loop
      vertex 1.94543 -10.8561 35.3333
      vertex 1.50451 -10.926 35.6667
      vertex 0.354195 -11.0234 35.3333
    endloop
  endfacet
  facet normal 0.207429 -0.97576 0.0697485
    outer loop
      vertex 1.94543 -10.8561 35.3333
      vertex 3.06955 -10.5933 35.6667
      vertex 1.50451 -10.926 35.6667
    endloop
  endfacet
  facet normal 0.27794 0.0292126 -0.960154
    outer loop
      vertex 1.25828 -4.31827 35.3333
      vertex 3.06955 -10.5933 35.6667
      vertex 1.94543 -10.8561 35.3333
    endloop
  endfacet
  facet normal 0.278042 0.0292374 -0.960124
    outer loop
      vertex 3.06955 -10.5933 35.6667
      vertex 1.44648 -4.26118 35.3895
      vertex 1.70059 -4.16554 35.466
    endloop
  endfacet
  facet normal 0.277871 0.0291914 -0.960175
    outer loop
      vertex 3.06955 -10.5933 35.6667
      vertex 1.25828 -4.31827 35.3333
      vertex 1.44648 -4.26118 35.3895
    endloop
  endfacet
  facet normal 0.978063 0.207893 -0.0131568
    outer loop
      vertex 1.70309 -4.1646 35.6667
      vertex 3.06955 -10.5933 35.6667
      vertex 1.70059 -4.16554 35.466
    endloop
  endfacet
  facet normal -0.978064 -0.207892 0.0131383
    outer loop
      vertex 1.50451 -10.926 35.6667
      vertex 0.140353 -4.49541 35.8674
      vertex 0.137674 -4.49549 35.6667
    endloop
  endfacet
  facet normal -0.265715 -0.0863363 0.960178
    outer loop
      vertex 0.607386 -4.4582 36
      vertex 1.50451 -10.926 35.6667
      vertex 2.63834 -10.7088 36
    endloop
  endfacet
  facet normal -0.26412 -0.0861388 0.960635
    outer loop
      vertex 0.587367 -4.4615 35.9942
      vertex 1.50451 -10.926 35.6667
      vertex 0.607386 -4.4582 36
    endloop
  endfacet
  facet normal -0.265732 -0.0863439 0.960173
    outer loop
      vertex 0.294313 -4.49037 35.9105
      vertex 1.50451 -10.926 35.6667
      vertex 0.587367 -4.4615 35.9942
    endloop
  endfacet
  facet normal -0.265948 -0.0863822 0.960109
    outer loop
      vertex 1.50451 -10.926 35.6667
      vertex 0.294313 -4.49037 35.9105
      vertex 0.140353 -4.49541 35.8674
    endloop
  endfacet
  facet normal 0.207429 -0.975759 -0.0697708
    outer loop
      vertex 3.06955 -10.5933 35.6667
      vertex 2.63834 -10.7088 36
      vertex 1.50451 -10.926 35.6667
    endloop
  endfacet
  facet normal 0.308243 -0.948727 0.0700258
    outer loop
      vertex 3.06955 -10.5933 35.6667
      vertex 4.16003 -10.2144 36
      vertex 2.63834 -10.7088 36
    endloop
  endfacet
  facet normal 0.273289 0.0580894 -0.960176
    outer loop
      vertex 1.70309 -4.1646 35.6667
      vertex 4.16003 -10.2144 36
      vertex 3.06955 -10.5933 35.6667
    endloop
  endfacet
  facet normal 0.273513 0.0581655 -0.960108
    outer loop
      vertex 4.16003 -10.2144 36
      vertex 1.9903 -4.03593 35.7562
      vertex 2.12615 -3.96331 35.7993
    endloop
  endfacet
  facet normal 0.273299 0.0580881 -0.960174
    outer loop
      vertex 4.16003 -10.2144 36
      vertex 1.72207 -4.15746 35.6725
      vertex 1.9903 -4.03593 35.7562
    endloop
  endfacet
  facet normal 0.271912 0.0575066 -0.960602
    outer loop
      vertex 4.16003 -10.2144 36
      vertex 1.70309 -4.1646 35.6667
      vertex 1.72207 -4.15746 35.6725
    endloop
  endfacet
  facet normal 0.950974 0.30899 -0.0131696
    outer loop
      vertex 2.12852 -3.96205 36
      vertex 4.16003 -10.2144 36
      vertex 2.12615 -3.96331 35.7993
    endloop
  endfacet
  facet normal -0.950974 -0.308992 0.0131533
    outer loop
      vertex 2.63834 -10.7088 36
      vertex 0.610019 -4.45776 36.2007
      vertex 0.607386 -4.4582 36
    endloop
  endfacet
  facet normal -0.255242 -0.113641 0.960176
    outer loop
      vertex 1.06944 -4.36887 36.3333
      vertex 2.63834 -10.7088 36
      vertex 3.74327 -10.3744 36.3333
    endloop
  endfacet
  facet normal -0.255238 -0.11364 0.960177
    outer loop
      vertex 0.877906 -4.41353 36.2771
      vertex 2.63834 -10.7088 36
      vertex 1.06944 -4.36887 36.3333
    endloop
  endfacet
  facet normal -0.255093 -0.113601 0.96022
    outer loop
      vertex 2.63834 -10.7088 36
      vertex 0.877906 -4.41353 36.2771
      vertex 0.610019 -4.45776 36.2007
    endloop
  endfacet
  facet normal 0.308244 -0.948728 -0.0700057
    outer loop
      vertex 4.16003 -10.2144 36
      vertex 3.74327 -10.3744 36.3333
      vertex 2.63834 -10.7088 36
    endloop
  endfacet
  facet normal 0.405749 -0.911309 0.0698783
    outer loop
      vertex 4.16003 -10.2144 36
      vertex 5.20494 -9.72361 36.3333
      vertex 3.74327 -10.3744 36.3333
    endloop
  endfacet
  facet normal 0.26572 0.0863375 -0.960176
    outer loop
      vertex 2.12852 -3.96205 36
      vertex 5.20494 -9.72361 36.3333
      vertex 4.16003 -10.2144 36
    endloop
  endfacet
  facet normal 0.263677 0.0853999 -0.960823
    outer loop
      vertex 5.20494 -9.72361 36.3333
      vertex 2.50007 -3.74161 36.1227
      vertex 2.52935 -3.72063 36.1326
    endloop
  endfacet
  facet normal 0.265752 0.0863613 -0.960165
    outer loop
      vertex 5.20494 -9.72361 36.3333
      vertex 2.25 -3.89711 36.0395
      vertex 2.50007 -3.74161 36.1227
    endloop
  endfacet
  facet normal 0.265958 0.0864692 -0.960099
    outer loop
      vertex 5.20494 -9.72361 36.3333
      vertex 2.12852 -3.96205 36
      vertex 2.25 -3.89711 36.0395
    endloop
  endfacet
  facet normal 0.913466 0.406702 -0.013149
    outer loop
      vertex 2.53154 -3.71906 36.3333
      vertex 5.20494 -9.72361 36.3333
      vertex 2.52935 -3.72063 36.1326
    endloop
  endfacet
  facet normal -0.913467 -0.406701 0.0131608
    outer loop
      vertex 3.74327 -10.3744 36.3333
      vertex 1.07206 -4.36826 36.534
      vertex 1.06944 -4.36887 36.3333
    endloop
  endfacet
  facet normal -0.242029 -0.139735 0.960154
    outer loop
      vertex 1.52038 -4.23337 36.6667
      vertex 3.74327 -10.3744 36.3333
      vertex 4.80718 -9.92628 36.6667
    endloop
  endfacet
  facet normal -0.242289 -0.139825 0.960075
    outer loop
      vertex 1.44648 -4.26118 36.644
      vertex 3.74327 -10.3744 36.3333
      vertex 1.52038 -4.23337 36.6667
    endloop
  endfacet
  facet normal -0.242106 -0.139759 0.960131
    outer loop
      vertex 1.16469 -4.34667 36.5605
      vertex 3.74327 -10.3744 36.3333
      vertex 1.44648 -4.26118 36.644
    endloop
  endfacet
  facet normal -0.242104 -0.139759 0.960132
    outer loop
      vertex 3.74327 -10.3744 36.3333
      vertex 1.16469 -4.34667 36.5605
      vertex 1.07206 -4.36826 36.534
    endloop
  endfacet
  facet normal 0.405748 -0.911308 -0.0698991
    outer loop
      vertex 5.20494 -9.72361 36.3333
      vertex 4.80718 -9.92628 36.6667
      vertex 3.74327 -10.3744 36.3333
    endloop
  endfacet
  facet normal 0.498777 -0.863907 0.0699027
    outer loop
      vertex 5.20494 -9.72361 36.3333
      vertex 6.19282 -9.12628 36.6667
      vertex 4.80718 -9.92628 36.6667
    endloop
  endfacet
  facet normal 0.25531 0.113672 -0.960154
    outer loop
      vertex 2.53154 -3.71906 36.3333
      vertex 6.19282 -9.12628 36.6667
      vertex 5.20494 -9.72361 36.3333
    endloop
  endfacet
  facet normal 0.255554 0.113824 -0.960071
    outer loop
      vertex 6.19282 -9.12628 36.6667
      vertex 2.73943 -3.57009 36.4062
      vertex 2.90395 -3.43507 36.466
    endloop
  endfacet
  facet normal 0.255266 0.113641 -0.960169
    outer loop
      vertex 6.19282 -9.12628 36.6667
      vertex 2.53154 -3.71906 36.3333
      vertex 2.73943 -3.57009 36.4062
    endloop
  endfacet
  facet normal 0.865951 0.499956 -0.0131661
    outer loop
      vertex 2.90602 -3.43337 36.6667
      vertex 6.19282 -9.12628 36.6667
      vertex 2.90395 -3.43507 36.466
    endloop
  endfacet
  facet normal -0.865951 -0.499957 0.0131282
    outer loop
      vertex 4.80718 -9.92628 36.6667
      vertex 1.52288 -4.23243 36.8674
      vertex 1.52038 -4.23337 36.6667
    endloop
  endfacet
  facet normal -0.226035 -0.164224 0.960176
    outer loop
      vertex 1.95503 -4.05191 37
      vertex 4.80718 -9.92628 36.6667
      vertex 5.81842 -9.36941 37
    endloop
  endfacet
  facet normal -0.226054 -0.164233 0.96017
    outer loop
      vertex 1.72207 -4.15746 36.9271
      vertex 4.80718 -9.92628 36.6667
      vertex 1.95503 -4.05191 37
    endloop
  endfacet
  facet normal -0.225984 -0.164196 0.960193
    outer loop
      vertex 4.80718 -9.92628 36.6667
      vertex 1.72207 -4.15746 36.9271
      vertex 1.52288 -4.23243 36.8674
    endloop
  endfacet
  facet normal 0.498777 -0.863907 -0.0699056
    outer loop
      vertex 6.19282 -9.12628 36.6667
      vertex 5.81842 -9.36941 37
      vertex 4.80718 -9.92628 36.6667
    endloop
  endfacet
  facet normal 0.586342 -0.807038 0.0699411
    outer loop
      vertex 6.19282 -9.12628 36.6667
      vertex 7.11285 -8.42896 37
      vertex 5.81842 -9.36941 37
    endloop
  endfacet
  facet normal 0.241963 0.139697 -0.960176
    outer loop
      vertex 2.90602 -3.43337 36.6667
      vertex 7.11285 -8.42896 37
      vertex 6.19282 -9.12628 36.6667
    endloop
  endfacet
  facet normal 0.242078 0.139782 -0.960135
    outer loop
      vertex 7.11285 -8.42896 37
      vertex 3.18198 -3.18198 36.7728
      vertex 3.247 -3.11256 36.7993
    endloop
  endfacet
  facet normal 0.242092 0.139793 -0.96013
    outer loop
      vertex 7.11285 -8.42896 37
      vertex 2.96706 -3.38328 36.6893
      vertex 3.18198 -3.18198 36.7728
    endloop
  endfacet
  facet normal 0.241371 0.139184 -0.9604
    outer loop
      vertex 7.11285 -8.42896 37
      vertex 2.90602 -3.43337 36.6667
      vertex 2.96706 -3.38328 36.6893
    endloop
  endfacet
  facet normal 0.808947 0.587734 -0.0131561
    outer loop
      vertex 3.24884 -3.1106 37
      vertex 7.11285 -8.42896 37
      vertex 3.247 -3.11256 36.7993
    endloop
  endfacet
  facet normal -0.808947 -0.587735 0.0131256
    outer loop
      vertex 5.81842 -9.36941 37
      vertex 1.95748 -4.0508 37.2007
      vertex 1.95503 -4.05191 37
    endloop
  endfacet
  facet normal -0.207631 -0.186951 0.960176
    outer loop
      vertex 2.36698 -3.82437 37.3333
      vertex 5.81842 -9.36941 37
      vertex 6.76592 -8.7099 37.3333
    endloop
  endfacet
  facet normal -0.207306 -0.186755 0.960285
    outer loop
      vertex 2.25 -3.89711 37.2939
      vertex 5.81842 -9.36941 37
      vertex 2.36698 -3.82437 37.3333
    endloop
  endfacet
  facet normal -0.20766 -0.18698 0.960165
    outer loop
      vertex 1.9903 -4.03593 37.2107
      vertex 5.81842 -9.36941 37
      vertex 2.25 -3.89711 37.2939
    endloop
  endfacet
  facet normal -0.207785 -0.187068 0.96012
    outer loop
      vertex 5.81842 -9.36941 37
      vertex 1.9903 -4.03593 37.2107
      vertex 1.95748 -4.0508 37.2007
    endloop
  endfacet
  facet normal 0.586343 -0.807039 -0.0699358
    outer loop
      vertex 7.11285 -8.42896 37
      vertex 6.76592 -8.7099 37.3333
      vertex 5.81842 -9.36941 37
    endloop
  endfacet
  facet normal 0.667494 -0.741325 0.0699242
    outer loop
      vertex 7.11285 -8.42896 37
      vertex 7.95495 -7.63929 37.3333
      vertex 6.76592 -8.7099 37.3333
    endloop
  endfacet
  facet normal 0.226035 0.164224 -0.960176
    outer loop
      vertex 3.24884 -3.1106 37
      vertex 7.95495 -7.63929 37.3333
      vertex 7.11285 -8.42896 37
    endloop
  endfacet
  facet normal 0.226161 0.164351 -0.960125
    outer loop
      vertex 7.95495 -7.63929 37.3333
      vertex 3.38328 -2.96706 37.0562
      vertex 3.55552 -2.75717 37.1327
    endloop
  endfacet
  facet normal 0.226038 0.164228 -0.960175
    outer loop
      vertex 7.95495 -7.63929 37.3333
      vertex 3.24884 -3.1106 37
      vertex 3.38328 -2.96706 37.0562
    endloop
  endfacet
  facet normal 0.743081 0.669072 -0.0131681
    outer loop
      vertex 3.55722 -2.75511 37.3333
      vertex 7.95495 -7.63929 37.3333
      vertex 3.55552 -2.75717 37.1327
    endloop
  endfacet
  facet normal -0.743082 -0.669072 0.0130985
    outer loop
      vertex 6.76592 -8.7099 37.3333
      vertex 2.36925 -3.82296 37.5341
      vertex 2.36698 -3.82437 37.3333
    endloop
  endfacet
  facet normal -0.187002 -0.207687 0.960154
    outer loop
      vertex 2.75511 -3.55722 37.6667
      vertex 6.76592 -8.7099 37.3333
      vertex 7.63929 -7.95495 37.6667
    endloop
  endfacet
  facet normal -0.189174 -0.209327 0.959372
    outer loop
      vertex 2.73943 -3.57009 37.6608
      vertex 6.76592 -8.7099 37.3333
      vertex 2.75511 -3.55722 37.6667
    endloop
  endfacet
  facet normal -0.186962 -0.207645 0.960171
    outer loop
      vertex 2.50007 -3.74161 37.5771
      vertex 6.76592 -8.7099 37.3333
      vertex 2.73943 -3.57009 37.6608
    endloop
  endfacet
  facet normal -0.18667 -0.2074 0.960281
    outer loop
      vertex 6.76592 -8.7099 37.3333
      vertex 2.50007 -3.74161 37.5771
      vertex 2.36925 -3.82296 37.5341
    endloop
  endfacet
  facet normal 0.667495 -0.741326 -0.069903
    outer loop
      vertex 7.95495 -7.63929 37.3333
      vertex 7.63929 -7.95495 37.6667
      vertex 6.76592 -8.7099 37.3333
    endloop
  endfacet
  facet normal 0.741326 -0.667495 0.069903
    outer loop
      vertex 7.95495 -7.63929 37.3333
      vertex 8.7099 -6.76592 37.6667
      vertex 7.63929 -7.95495 37.6667
    endloop
  endfacet
  facet normal 0.207687 0.187002 -0.960154
    outer loop
      vertex 3.55722 -2.75511 37.3333
      vertex 8.7099 -6.76592 37.6667
      vertex 7.95495 -7.63929 37.3333
    endloop
  endfacet
  facet normal 0.2074 0.18667 -0.960281
    outer loop
      vertex 8.7099 -6.76592 37.6667
      vertex 3.74161 -2.50007 37.4229
      vertex 3.82296 -2.36925 37.4659
    endloop
  endfacet
  facet normal 0.207645 0.186962 -0.960171
    outer loop
      vertex 8.7099 -6.76592 37.6667
      vertex 3.57009 -2.73943 37.3392
      vertex 3.74161 -2.50007 37.4229
    endloop
  endfacet
  facet normal 0.209327 0.189174 -0.959372
    outer loop
      vertex 8.7099 -6.76592 37.6667
      vertex 3.55722 -2.75511 37.3333
      vertex 3.57009 -2.73943 37.3392
    endloop
  endfacet
  facet normal 0.669072 0.743082 -0.0130985
    outer loop
      vertex 3.82437 -2.36698 37.6667
      vertex 8.7099 -6.76592 37.6667
      vertex 3.82296 -2.36925 37.4659
    endloop
  endfacet
  facet normal -0.669072 -0.743081 0.0131681
    outer loop
      vertex 7.63929 -7.95495 37.6667
      vertex 2.75717 -3.55552 37.8673
      vertex 2.75511 -3.55722 37.6667
    endloop
  endfacet
  facet normal -0.164224 -0.226035 0.960176
    outer loop
      vertex 3.1106 -3.24884 38
      vertex 7.63929 -7.95495 37.6667
      vertex 8.42896 -7.11285 38
    endloop
  endfacet
  facet normal -0.164228 -0.226038 0.960175
    outer loop
      vertex 2.96706 -3.38328 37.9438
      vertex 7.63929 -7.95495 37.6667
      vertex 3.1106 -3.24884 38
    endloop
  endfacet
  facet normal -0.164351 -0.226161 0.960125
    outer loop
      vertex 7.63929 -7.95495 37.6667
      vertex 2.96706 -3.38328 37.9438
      vertex 2.75717 -3.55552 37.8673
    endloop
  endfacet
  facet normal 0.741325 -0.667494 -0.0699242
    outer loop
      vertex 8.7099 -6.76592 37.6667
      vertex 8.42896 -7.11285 38
      vertex 7.63929 -7.95495 37.6667
    endloop
  endfacet
  facet normal 0.807039 -0.586343 0.0699358
    outer loop
      vertex 8.7099 -6.76592 37.6667
      vertex 9.36941 -5.81842 38
      vertex 8.42896 -7.11285 38
    endloop
  endfacet
  facet normal 0.186951 0.207631 -0.960176
    outer loop
      vertex 3.82437 -2.36698 37.6667
      vertex 9.36941 -5.81842 38
      vertex 8.7099 -6.76592 37.6667
    endloop
  endfacet
  facet normal 0.187068 0.207785 -0.96012
    outer loop
      vertex 9.36941 -5.81842 38
      vertex 4.03593 -1.9903 37.7893
      vertex 4.0508 -1.95748 37.7993
    endloop
  endfacet
  facet normal 0.18698 0.20766 -0.960165
    outer loop
      vertex 9.36941 -5.81842 38
      vertex 3.89711 -2.25 37.7061
      vertex 4.03593 -1.9903 37.7893
    endloop
  endfacet
  facet normal 0.186755 0.207306 -0.960285
    outer loop
      vertex 9.36941 -5.81842 38
      vertex 3.82437 -2.36698 37.6667
      vertex 3.89711 -2.25 37.7061
    endloop
  endfacet
  facet normal 0.587735 0.808947 -0.0131256
    outer loop
      vertex 4.05191 -1.95503 38
      vertex 9.36941 -5.81842 38
      vertex 4.0508 -1.95748 37.7993
    endloop
  endfacet
  facet normal -0.587734 -0.808947 0.0131561
    outer loop
      vertex 8.42896 -7.11285 38
      vertex 3.11256 -3.247 38.2007
      vertex 3.1106 -3.24884 38
    endloop
  endfacet
  facet normal -0.139697 -0.241963 0.960176
    outer loop
      vertex 3.43337 -2.90602 38.3333
      vertex 8.42896 -7.11285 38
      vertex 9.12628 -6.19282 38.3333
    endloop
  endfacet
  facet normal -0.139184 -0.241371 0.9604
    outer loop
      vertex 3.38328 -2.96706 38.3107
      vertex 8.42896 -7.11285 38
      vertex 3.43337 -2.90602 38.3333
    endloop
  endfacet
  facet normal -0.139793 -0.242092 0.96013
    outer loop
      vertex 3.18198 -3.18198 38.2272
      vertex 8.42896 -7.11285 38
      vertex 3.38328 -2.96706 38.3107
    endloop
  endfacet
  facet normal -0.139782 -0.242078 0.960135
    outer loop
      vertex 8.42896 -7.11285 38
      vertex 3.18198 -3.18198 38.2272
      vertex 3.11256 -3.247 38.2007
    endloop
  endfacet
  facet normal 0.807038 -0.586342 -0.0699411
    outer loop
      vertex 9.36941 -5.81842 38
      vertex 9.12628 -6.19282 38.3333
      vertex 8.42896 -7.11285 38
    endloop
  endfacet
  facet normal 0.863907 -0.498777 0.0699056
    outer loop
      vertex 9.36941 -5.81842 38
      vertex 9.92628 -4.80718 38.3333
      vertex 9.12628 -6.19282 38.3333
    endloop
  endfacet
  facet normal 0.164224 0.226035 -0.960176
    outer loop
      vertex 4.05191 -1.95503 38
      vertex 9.92628 -4.80718 38.3333
      vertex 9.36941 -5.81842 38
    endloop
  endfacet
  facet normal 0.164196 0.225984 -0.960193
    outer loop
      vertex 9.92628 -4.80718 38.3333
      vertex 4.15746 -1.72207 38.0729
      vertex 4.23243 -1.52288 38.1326
    endloop
  endfacet
  facet normal 0.164233 0.226054 -0.96017
    outer loop
      vertex 9.92628 -4.80718 38.3333
      vertex 4.05191 -1.95503 38
      vertex 4.15746 -1.72207 38.0729
    endloop
  endfacet
  facet normal 0.499957 0.865951 -0.0131282
    outer loop
      vertex 4.23337 -1.52038 38.3333
      vertex 9.92628 -4.80718 38.3333
      vertex 4.23243 -1.52288 38.1326
    endloop
  endfacet
  facet normal -0.499956 -0.865951 0.0131661
    outer loop
      vertex 9.12628 -6.19282 38.3333
      vertex 3.43507 -2.90395 38.534
      vertex 3.43337 -2.90602 38.3333
    endloop
  endfacet
  facet normal -0.113672 -0.25531 0.960154
    outer loop
      vertex 3.71906 -2.53154 38.6667
      vertex 9.12628 -6.19282 38.3333
      vertex 9.72361 -5.20494 38.6667
    endloop
  endfacet
  facet normal -0.113641 -0.255266 0.960169
    outer loop
      vertex 3.57009 -2.73943 38.5938
      vertex 9.12628 -6.19282 38.3333
      vertex 3.71906 -2.53154 38.6667
    endloop
  endfacet
  facet normal -0.113824 -0.255554 0.960071
    outer loop
      vertex 9.12628 -6.19282 38.3333
      vertex 3.57009 -2.73943 38.5938
      vertex 3.43507 -2.90395 38.534
    endloop
  endfacet
  facet normal 0.863907 -0.498777 -0.0699027
    outer loop
      vertex 9.92628 -4.80718 38.3333
      vertex 9.72361 -5.20494 38.6667
      vertex 9.12628 -6.19282 38.3333
    endloop
  endfacet
  facet normal 0.911308 -0.405748 0.0698991
    outer loop
      vertex 9.92628 -4.80718 38.3333
      vertex 10.3744 -3.74327 38.6667
      vertex 9.72361 -5.20494 38.6667
    endloop
  endfacet
  facet normal 0.139735 0.242029 -0.960154
    outer loop
      vertex 4.23337 -1.52038 38.3333
      vertex 10.3744 -3.74327 38.6667
      vertex 9.92628 -4.80718 38.3333
    endloop
  endfacet
  facet normal 0.139395 0.24123 -0.960405
    outer loop
      vertex 10.3744 -3.74327 38.6667
      vertex 4.34667 -1.16469 38.4395
      vertex 4.36826 -1.07206 38.4659
    endloop
  endfacet
  facet normal 0.139759 0.242106 -0.960131
    outer loop
      vertex 10.3744 -3.74327 38.6667
      vertex 4.26118 -1.44648 38.356
      vertex 4.34667 -1.16469 38.4395
    endloop
  endfacet
  facet normal 0.139825 0.242289 -0.960075
    outer loop
      vertex 10.3744 -3.74327 38.6667
      vertex 4.23337 -1.52038 38.3333
      vertex 4.26118 -1.44648 38.356
    endloop
  endfacet
  facet normal 0.406701 0.913467 -0.0131542
    outer loop
      vertex 4.36887 -1.06944 38.6667
      vertex 10.3744 -3.74327 38.6667
      vertex 4.36826 -1.07206 38.4659
    endloop
  endfacet
  facet normal -0.406702 -0.913466 0.013149
    outer loop
      vertex 9.72361 -5.20494 38.6667
      vertex 3.72063 -2.52935 38.8674
      vertex 3.71906 -2.53154 38.6667
    endloop
  endfacet
  facet normal -0.0863375 -0.26572 0.960176
    outer loop
      vertex 3.96205 -2.12852 39
      vertex 9.72361 -5.20494 38.6667
      vertex 10.2144 -4.16003 39
    endloop
  endfacet
  facet normal -0.0864692 -0.265958 0.960099
    outer loop
      vertex 3.89711 -2.25 38.9605
      vertex 9.72361 -5.20494 38.6667
      vertex 3.96205 -2.12852 39
    endloop
  endfacet
  facet normal -0.0863613 -0.265752 0.960165
    outer loop
      vertex 3.74161 -2.50007 38.8773
      vertex 9.72361 -5.20494 38.6667
      vertex 3.89711 -2.25 38.9605
    endloop
  endfacet
  facet normal -0.0853999 -0.263677 0.960823
    outer loop
      vertex 9.72361 -5.20494 38.6667
      vertex 3.74161 -2.50007 38.8773
      vertex 3.72063 -2.52935 38.8674
    endloop
  endfacet
  facet normal 0.911309 -0.405749 -0.0698783
    outer loop
      vertex 10.3744 -3.74327 38.6667
      vertex 10.2144 -4.16003 39
      vertex 9.72361 -5.20494 38.6667
    endloop
  endfacet
  facet normal 0.948728 -0.308244 0.0700057
    outer loop
      vertex 10.3744 -3.74327 38.6667
      vertex 10.7088 -2.63834 39
      vertex 10.2144 -4.16003 39
    endloop
  endfacet
  facet normal 0.113641 0.255242 -0.960176
    outer loop
      vertex 4.36887 -1.06944 38.6667
      vertex 10.7088 -2.63834 39
      vertex 10.3744 -3.74327 38.6667
    endloop
  endfacet
  facet normal 0.113601 0.255093 -0.96022
    outer loop
      vertex 10.7088 -2.63834 39
      vertex 4.41353 -0.877906 38.7229
      vertex 4.45776 -0.610019 38.7993
    endloop
  endfacet
  facet normal 0.11364 0.255238 -0.960177
    outer loop
      vertex 10.7088 -2.63834 39
      vertex 4.36887 -1.06944 38.6667
      vertex 4.41353 -0.877906 38.7229
    endloop
  endfacet
  facet normal 0.308992 0.950974 -0.0131533
    outer loop
      vertex 4.4582 -0.607386 39
      vertex 10.7088 -2.63834 39
      vertex 4.45776 -0.610019 38.7993
    endloop
  endfacet
  facet normal -0.30899 -0.950974 0.0131696
    outer loop
      vertex 10.2144 -4.16003 39
      vertex 3.96331 -2.12615 39.2007
      vertex 3.96205 -2.12852 39
    endloop
  endfacet
  facet normal -0.0580894 -0.273289 0.960176
    outer loop
      vertex 4.1646 -1.70309 39.3333
      vertex 10.2144 -4.16003 39
      vertex 10.5933 -3.06955 39.3333
    endloop
  endfacet
  facet normal -0.0575066 -0.271912 0.960602
    outer loop
      vertex 4.15746 -1.72207 39.3275
      vertex 10.2144 -4.16003 39
      vertex 4.1646 -1.70309 39.3333
    endloop
  endfacet
  facet normal -0.0580881 -0.273299 0.960174
    outer loop
      vertex 4.03593 -1.9903 39.2438
      vertex 10.2144 -4.16003 39
      vertex 4.15746 -1.72207 39.3275
    endloop
  endfacet
  facet normal -0.0581655 -0.273513 0.960108
    outer loop
      vertex 10.2144 -4.16003 39
      vertex 4.03593 -1.9903 39.2438
      vertex 3.96331 -2.12615 39.2007
    endloop
  endfacet
  facet normal 0.948727 -0.308243 -0.0700258
    outer loop
      vertex 10.7088 -2.63834 39
      vertex 10.5933 -3.06955 39.3333
      vertex 10.2144 -4.16003 39
    endloop
  endfacet
  facet normal 0.975759 -0.207429 0.0697708
    outer loop
      vertex 10.7088 -2.63834 39
      vertex 10.926 -1.50451 39.3333
      vertex 10.5933 -3.06955 39.3333
    endloop
  endfacet
  facet normal 0.0863363 0.265715 -0.960178
    outer loop
      vertex 4.4582 -0.607386 39
      vertex 10.926 -1.50451 39.3333
      vertex 10.7088 -2.63834 39
    endloop
  endfacet
  facet normal 0.0863822 0.265948 -0.960109
    outer loop
      vertex 10.926 -1.50451 39.3333
      vertex 4.49037 -0.294313 39.0895
      vertex 4.49541 -0.140353 39.1326
    endloop
  endfacet
  facet normal 0.0863439 0.265732 -0.960173
    outer loop
      vertex 10.926 -1.50451 39.3333
      vertex 4.4615 -0.587367 39.0058
      vertex 4.49037 -0.294313 39.0895
    endloop
  endfacet
  facet normal 0.0861388 0.26412 -0.960635
    outer loop
      vertex 10.926 -1.50451 39.3333
      vertex 4.4582 -0.607386 39
      vertex 4.4615 -0.587367 39.0058
    endloop
  endfacet
  facet normal 0.207892 0.978064 -0.0131383
    outer loop
      vertex 4.49549 -0.137674 39.3333
      vertex 10.926 -1.50451 39.3333
      vertex 4.49541 -0.140353 39.1326
    endloop
  endfacet
  facet normal -0.207893 -0.978063 0.0131568
    outer loop
      vertex 10.5933 -3.06955 39.3333
      vertex 4.16554 -1.70059 39.534
      vertex 4.1646 -1.70309 39.3333
    endloop
  endfacet
  facet normal -0.0292126 -0.27794 0.960154
    outer loop
      vertex 4.31827 -1.25828 39.6667
      vertex 10.5933 -3.06955 39.3333
      vertex 10.8561 -1.94543 39.6667
    endloop
  endfacet
  facet normal -0.0291914 -0.277871 0.960175
    outer loop
      vertex 4.26118 -1.44648 39.6105
      vertex 10.5933 -3.06955 39.3333
      vertex 4.31827 -1.25828 39.6667
    endloop
  endfacet
  facet normal -0.0292374 -0.278042 0.960124
    outer loop
      vertex 10.5933 -3.06955 39.3333
      vertex 4.26118 -1.44648 39.6105
      vertex 4.16554 -1.70059 39.534
    endloop
  endfacet
  facet normal 0.97576 -0.207429 -0.0697485
    outer loop
      vertex 10.926 -1.50451 39.3333
      vertex 10.8561 -1.94543 39.6667
      vertex 10.5933 -3.06955 39.3333
    endloop
  endfacet
  facet normal 0.992075 -0.104305 0.0700533
    outer loop
      vertex 10.926 -1.50451 39.3333
      vertex 11.0234 -0.354195 39.6667
      vertex 10.8561 -1.94543 39.6667
    endloop
  endfacet
  facet normal 0.0581086 0.273558 -0.960099
    outer loop
      vertex 11.0234 -0.354195 39.6667
      vertex 4.49549 -0.137674 39.3333
      vertex 4.5 0 39.3728
    endloop
  endfacet
  facet normal 0.0581051 0.273365 -0.960154
    outer loop
      vertex 4.49549 -0.137674 39.3333
      vertex 11.0234 -0.354195 39.6667
      vertex 10.926 -1.50451 39.3333
    endloop
  endfacet
  facet normal 0.0580993 0.273332 -0.960164
    outer loop
      vertex 4.49037 0.294313 39.456
      vertex 11.0234 -0.354195 39.6667
      vertex 4.5 0 39.3728
    endloop
  endfacet
  facet normal 0.0581156 0.273514 -0.960111
    outer loop
      vertex 11.0234 -0.354195 39.6667
      vertex 4.49037 0.294313 39.456
      vertex 4.48683 0.330168 39.466
    endloop
  endfacet
  facet normal 0.104519 0.994436 -0.0131485
    outer loop
      vertex 11.0234 -0.354195 39.6667
      vertex 4.48683 0.330168 39.466
      vertex 4.48657 0.332849 39.6667
    endloop
  endfacet
  facet normal -0.104519 -0.994435 0.0131949
    outer loop
      vertex 10.8561 -1.94543 39.6667
      vertex 4.31906 -1.2557 39.8674
      vertex 4.31827 -1.25828 39.6667
    endloop
  endfacet
  facet normal 0 -0.279394 0.960176
    outer loop
      vertex 4.4264 -0.799999 40
      vertex 10.8561 -1.94543 39.6667
      vertex 11 -0.799999 40
    endloop
  endfacet
  facet normal -6.49422e-05 -0.27973 0.960079
    outer loop
      vertex 4.41353 -0.877906 39.9773
      vertex 10.8561 -1.94543 39.6667
      vertex 4.4264 -0.799999 40
    endloop
  endfacet
  facet normal 2.18207e-05 -0.279248 0.960219
    outer loop
      vertex 4.34667 -1.16469 39.8939
      vertex 10.8561 -1.94543 39.6667
      vertex 4.41353 -0.877906 39.9773
    endloop
  endfacet
  facet normal -1.89811e-05 -0.279561 0.960128
    outer loop
      vertex 10.8561 -1.94543 39.6667
      vertex 4.34667 -1.16469 39.8939
      vertex 4.31906 -1.2557 39.8674
    endloop
  endfacet
  facet normal 0.992088 -0.104307 -0.0698633
    outer loop
      vertex 11.0234 -0.354195 39.6667
      vertex 11 -0.799999 40
      vertex 10.8561 -1.94543 39.6667
    endloop
  endfacet
  facet normal 0.997545 0 0.0700346
    outer loop
      vertex 11.0234 -0.354195 39.6667
      vertex 11 0.799999 40
      vertex 11 -0.799999 40
    endloop
  endfacet
  facet normal 0.0292046 0.277865 -0.960176
    outer loop
      vertex 4.48657 0.332849 39.6667
      vertex 11 0.799999 40
      vertex 11.0234 -0.354195 39.6667
    endloop
  endfacet
  facet normal 0.0292023 0.277891 -0.960168
    outer loop
      vertex 4.4615 0.587367 39.7396
      vertex 11 0.799999 40
      vertex 4.48657 0.332849 39.6667
    endloop
  endfacet
  facet normal 0.0292063 0.277799 -0.960195
    outer loop
      vertex 11 0.799999 40
      vertex 4.4615 0.587367 39.7396
      vertex 4.42683 0.797361 39.7993
    endloop
  endfacet
  facet normal 0 0.999914 -0.0131429
    outer loop
      vertex 11 0.799999 40
      vertex 4.42683 0.797361 39.7993
      vertex 4.4264 0.799999 40
    endloop
  endfacet
  facet normal 0 -0.999914 0.0131429
    outer loop
      vertex 11 -0.799999 40
      vertex 4.42683 -0.797361 40.2007
      vertex 4.4264 -0.799999 40
    endloop
  endfacet
  facet normal 0.0292046 -0.277865 0.960176
    outer loop
      vertex 4.48657 -0.332849 40.3333
      vertex 11 -0.799999 40
      vertex 11.0234 0.354195 40.3333
    endloop
  endfacet
  facet normal 0.0292023 -0.277891 0.960168
    outer loop
      vertex 4.4615 -0.587367 40.2604
      vertex 11 -0.799999 40
      vertex 4.48657 -0.332849 40.3333
    endloop
  endfacet
  facet normal 0.0292063 -0.277799 0.960195
    outer loop
      vertex 11 -0.799999 40
      vertex 4.4615 -0.587367 40.2604
      vertex 4.42683 -0.797361 40.2007
    endloop
  endfacet
  facet normal 0.997545 0 -0.0700346
    outer loop
      vertex 11 0.799999 40
      vertex 11.0234 0.354195 40.3333
      vertex 11 -0.799999 40
    endloop
  endfacet
  facet normal 0.992088 0.104307 0.0698633
    outer loop
      vertex 11.0234 0.354195 40.3333
      vertex 11 0.799999 40
      vertex 10.8561 1.94543 40.3333
    endloop
  endfacet
  facet normal 0 0.279394 -0.960176
    outer loop
      vertex 4.4264 0.799999 40
      vertex 10.8561 1.94543 40.3333
      vertex 11 0.799999 40
    endloop
  endfacet
  facet normal -6.49422e-05 0.27973 -0.960079
    outer loop
      vertex 4.41353 0.877906 40.0227
      vertex 10.8561 1.94543 40.3333
      vertex 4.4264 0.799999 40
    endloop
  endfacet
  facet normal 2.18207e-05 0.279248 -0.960219
    outer loop
      vertex 4.34667 1.16469 40.1061
      vertex 10.8561 1.94543 40.3333
      vertex 4.41353 0.877906 40.0227
    endloop
  endfacet
  facet normal -1.89811e-05 0.279561 -0.960128
    outer loop
      vertex 10.8561 1.94543 40.3333
      vertex 4.34667 1.16469 40.1061
      vertex 4.31906 1.2557 40.1326
    endloop
  endfacet
  facet normal -0.104519 0.994435 -0.0131949
    outer loop
      vertex 10.8561 1.94543 40.3333
      vertex 4.31906 1.2557 40.1326
      vertex 4.31827 1.25828 40.3333
    endloop
  endfacet
  facet normal 0.104519 -0.994436 0.0131485
    outer loop
      vertex 11.0234 0.354195 40.3333
      vertex 4.48683 -0.330168 40.534
      vertex 4.48657 -0.332849 40.3333
    endloop
  endfacet
  facet normal 0.0581086 -0.273558 0.960099
    outer loop
      vertex 11.0234 0.354195 40.3333
      vertex 4.49549 0.137674 40.6667
      vertex 4.5 0 40.6272
    endloop
  endfacet
  facet normal 0.0581051 -0.273365 0.960154
    outer loop
      vertex 4.49549 0.137674 40.6667
      vertex 11.0234 0.354195 40.3333
      vertex 10.926 1.50451 40.6667
    endloop
  endfacet
  facet normal 0.0580993 -0.273332 0.960164
    outer loop
      vertex 4.49037 -0.294313 40.544
      vertex 11.0234 0.354195 40.3333
      vertex 4.5 0 40.6272
    endloop
  endfacet
  facet normal 0.0581156 -0.273514 0.960111
    outer loop
      vertex 11.0234 0.354195 40.3333
      vertex 4.49037 -0.294313 40.544
      vertex 4.48683 -0.330168 40.534
    endloop
  endfacet
  facet normal 0.992075 0.104305 -0.0700533
    outer loop
      vertex 10.926 1.50451 40.6667
      vertex 11.0234 0.354195 40.3333
      vertex 10.8561 1.94543 40.3333
    endloop
  endfacet
  facet normal 0.97576 0.207429 0.0697485
    outer loop
      vertex 10.926 1.50451 40.6667
      vertex 10.8561 1.94543 40.3333
      vertex 10.5933 3.06955 40.6667
    endloop
  endfacet
  facet normal -0.0292126 0.27794 -0.960154
    outer loop
      vertex 4.31827 1.25828 40.3333
      vertex 10.5933 3.06955 40.6667
      vertex 10.8561 1.94543 40.3333
    endloop
  endfacet
  facet normal -0.0291914 0.277871 -0.960175
    outer loop
      vertex 4.26118 1.44648 40.3895
      vertex 10.5933 3.06955 40.6667
      vertex 4.31827 1.25828 40.3333
    endloop
  endfacet
  facet normal -0.0292374 0.278042 -0.960124
    outer loop
      vertex 10.5933 3.06955 40.6667
      vertex 4.26118 1.44648 40.3895
      vertex 4.16554 1.70059 40.466
    endloop
  endfacet
  facet normal -0.207893 0.978063 -0.0131568
    outer loop
      vertex 10.5933 3.06955 40.6667
      vertex 4.16554 1.70059 40.466
      vertex 4.1646 1.70309 40.6667
    endloop
  endfacet
  facet normal 0.207892 -0.978064 0.0131383
    outer loop
      vertex 4.49549 0.137674 40.6667
      vertex 10.926 1.50451 40.6667
      vertex 4.49541 0.140353 40.8674
    endloop
  endfacet
  facet normal 0.0863363 -0.265715 0.960178
    outer loop
      vertex 4.4582 0.607386 41
      vertex 10.926 1.50451 40.6667
      vertex 10.7088 2.63834 41
    endloop
  endfacet
  facet normal 0.0863822 -0.265948 0.960109
    outer loop
      vertex 10.926 1.50451 40.6667
      vertex 4.49037 0.294313 40.9105
      vertex 4.49541 0.140353 40.8674
    endloop
  endfacet
  facet normal 0.0863439 -0.265732 0.960173
    outer loop
      vertex 10.926 1.50451 40.6667
      vertex 4.4615 0.587367 40.9942
      vertex 4.49037 0.294313 40.9105
    endloop
  endfacet
  facet normal 0.0861388 -0.26412 0.960635
    outer loop
      vertex 10.926 1.50451 40.6667
      vertex 4.4582 0.607386 41
      vertex 4.4615 0.587367 40.9942
    endloop
  endfacet
  facet normal 0.975759 0.207429 -0.0697708
    outer loop
      vertex 10.7088 2.63834 41
      vertex 10.926 1.50451 40.6667
      vertex 10.5933 3.06955 40.6667
    endloop
  endfacet
  facet normal 0.948727 0.308243 0.0700258
    outer loop
      vertex 10.7088 2.63834 41
      vertex 10.5933 3.06955 40.6667
      vertex 10.2144 4.16003 41
    endloop
  endfacet
  facet normal -0.0580894 0.273289 -0.960176
    outer loop
      vertex 4.1646 1.70309 40.6667
      vertex 10.2144 4.16003 41
      vertex 10.5933 3.06955 40.6667
    endloop
  endfacet
  facet normal -0.0575066 0.271912 -0.960602
    outer loop
      vertex 4.15746 1.72207 40.6725
      vertex 10.2144 4.16003 41
      vertex 4.1646 1.70309 40.6667
    endloop
  endfacet
  facet normal -0.0580881 0.273299 -0.960174
    outer loop
      vertex 4.03593 1.9903 40.7562
      vertex 10.2144 4.16003 41
      vertex 4.15746 1.72207 40.6725
    endloop
  endfacet
  facet normal -0.0581655 0.273513 -0.960108
    outer loop
      vertex 10.2144 4.16003 41
      vertex 4.03593 1.9903 40.7562
      vertex 3.96331 2.12615 40.7993
    endloop
  endfacet
  facet normal -0.30899 0.950974 -0.0131696
    outer loop
      vertex 10.2144 4.16003 41
      vertex 3.96331 2.12615 40.7993
      vertex 3.96205 2.12852 41
    endloop
  endfacet
  facet normal 0.308992 -0.950974 0.0131533
    outer loop
      vertex 4.4582 0.607386 41
      vertex 10.7088 2.63834 41
      vertex 4.45776 0.610019 41.2007
    endloop
  endfacet
  facet normal 0.113641 -0.255242 0.960176
    outer loop
      vertex 4.36887 1.06944 41.3333
      vertex 10.7088 2.63834 41
      vertex 10.3744 3.74327 41.3333
    endloop
  endfacet
  facet normal 0.113601 -0.255093 0.96022
    outer loop
      vertex 10.7088 2.63834 41
      vertex 4.41353 0.877906 41.2771
      vertex 4.45776 0.610019 41.2007
    endloop
  endfacet
  facet normal 0.11364 -0.255238 0.960177
    outer loop
      vertex 10.7088 2.63834 41
      vertex 4.36887 1.06944 41.3333
      vertex 4.41353 0.877906 41.2771
    endloop
  endfacet
  facet normal 0.948728 0.308244 -0.0700057
    outer loop
      vertex 10.3744 3.74327 41.3333
      vertex 10.7088 2.63834 41
      vertex 10.2144 4.16003 41
    endloop
  endfacet
  facet normal 0.911309 0.405749 0.0698783
    outer loop
      vertex 10.3744 3.74327 41.3333
      vertex 10.2144 4.16003 41
      vertex 9.72361 5.20494 41.3333
    endloop
  endfacet
  facet normal -0.0863375 0.26572 -0.960176
    outer loop
      vertex 3.96205 2.12852 41
      vertex 9.72361 5.20494 41.3333
      vertex 10.2144 4.16003 41
    endloop
  endfacet
  facet normal -0.0864692 0.265958 -0.960099
    outer loop
      vertex 3.89711 2.25 41.0395
      vertex 9.72361 5.20494 41.3333
      vertex 3.96205 2.12852 41
    endloop
  endfacet
  facet normal -0.0863613 0.265752 -0.960165
    outer loop
      vertex 3.74161 2.50007 41.1227
      vertex 9.72361 5.20494 41.3333
      vertex 3.89711 2.25 41.0395
    endloop
  endfacet
  facet normal -0.0853999 0.263677 -0.960823
    outer loop
      vertex 9.72361 5.20494 41.3333
      vertex 3.74161 2.50007 41.1227
      vertex 3.72063 2.52935 41.1326
    endloop
  endfacet
  facet normal -0.406702 0.913466 -0.013149
    outer loop
      vertex 9.72361 5.20494 41.3333
      vertex 3.72063 2.52935 41.1326
      vertex 3.71906 2.53154 41.3333
    endloop
  endfacet
  facet normal 0.406701 -0.913467 0.0131608
    outer loop
      vertex 4.36887 1.06944 41.3333
      vertex 10.3744 3.74327 41.3333
      vertex 4.36826 1.07206 41.534
    endloop
  endfacet
  facet normal 0.139735 -0.242029 0.960154
    outer loop
      vertex 4.23337 1.52038 41.6667
      vertex 10.3744 3.74327 41.3333
      vertex 9.92628 4.80718 41.6667
    endloop
  endfacet
  facet normal 0.139759 -0.242104 0.960132
    outer loop
      vertex 10.3744 3.74327 41.3333
      vertex 4.34667 1.16469 41.5605
      vertex 4.36826 1.07206 41.534
    endloop
  endfacet
  facet normal 0.139759 -0.242106 0.960131
    outer loop
      vertex 10.3744 3.74327 41.3333
      vertex 4.26118 1.44648 41.644
      vertex 4.34667 1.16469 41.5605
    endloop
  endfacet
  facet normal 0.139825 -0.242289 0.960075
    outer loop
      vertex 10.3744 3.74327 41.3333
      vertex 4.23337 1.52038 41.6667
      vertex 4.26118 1.44648 41.644
    endloop
  endfacet
  facet normal 0.911308 0.405748 -0.0698991
    outer loop
      vertex 9.92628 4.80718 41.6667
      vertex 10.3744 3.74327 41.3333
      vertex 9.72361 5.20494 41.3333
    endloop
  endfacet
  facet normal 0.863907 0.498777 0.0699027
    outer loop
      vertex 9.92628 4.80718 41.6667
      vertex 9.72361 5.20494 41.3333
      vertex 9.12628 6.19282 41.6667
    endloop
  endfacet
  facet normal -0.113672 0.25531 -0.960154
    outer loop
      vertex 3.71906 2.53154 41.3333
      vertex 9.12628 6.19282 41.6667
      vertex 9.72361 5.20494 41.3333
    endloop
  endfacet
  facet normal -0.113641 0.255266 -0.960169
    outer loop
      vertex 3.57009 2.73943 41.4062
      vertex 9.12628 6.19282 41.6667
      vertex 3.71906 2.53154 41.3333
    endloop
  endfacet
  facet normal -0.113824 0.255554 -0.960071
    outer loop
      vertex 9.12628 6.19282 41.6667
      vertex 3.57009 2.73943 41.4062
      vertex 3.43507 2.90395 41.466
    endloop
  endfacet
  facet normal -0.499956 0.865951 -0.0131661
    outer loop
      vertex 9.12628 6.19282 41.6667
      vertex 3.43507 2.90395 41.466
      vertex 3.43337 2.90602 41.6667
    endloop
  endfacet
  facet normal 0.499957 -0.865951 0.0131282
    outer loop
      vertex 4.23337 1.52038 41.6667
      vertex 9.92628 4.80718 41.6667
      vertex 4.23243 1.52288 41.8674
    endloop
  endfacet
  facet normal 0.164224 -0.226035 0.960176
    outer loop
      vertex 4.05191 1.95503 42
      vertex 9.92628 4.80718 41.6667
      vertex 9.36941 5.81842 42
    endloop
  endfacet
  facet normal 0.164196 -0.225984 0.960193
    outer loop
      vertex 9.92628 4.80718 41.6667
      vertex 4.15746 1.72207 41.9271
      vertex 4.23243 1.52288 41.8674
    endloop
  endfacet
  facet normal 0.164233 -0.226054 0.96017
    outer loop
      vertex 9.92628 4.80718 41.6667
      vertex 4.05191 1.95503 42
      vertex 4.15746 1.72207 41.9271
    endloop
  endfacet
  facet normal 0.863907 0.498777 -0.0699056
    outer loop
      vertex 9.36941 5.81842 42
      vertex 9.92628 4.80718 41.6667
      vertex 9.12628 6.19282 41.6667
    endloop
  endfacet
  facet normal 0.807038 0.586342 0.0699411
    outer loop
      vertex 9.36941 5.81842 42
      vertex 9.12628 6.19282 41.6667
      vertex 8.42896 7.11285 42
    endloop
  endfacet
  facet normal -0.139697 0.241963 -0.960176
    outer loop
      vertex 3.43337 2.90602 41.6667
      vertex 8.42896 7.11285 42
      vertex 9.12628 6.19282 41.6667
    endloop
  endfacet
  facet normal -0.139184 0.241371 -0.9604
    outer loop
      vertex 3.38328 2.96706 41.6893
      vertex 8.42896 7.11285 42
      vertex 3.43337 2.90602 41.6667
    endloop
  endfacet
  facet normal -0.139793 0.242092 -0.96013
    outer loop
      vertex 3.18198 3.18198 41.7728
      vertex 8.42896 7.11285 42
      vertex 3.38328 2.96706 41.6893
    endloop
  endfacet
  facet normal -0.139782 0.242078 -0.960135
    outer loop
      vertex 8.42896 7.11285 42
      vertex 3.18198 3.18198 41.7728
      vertex 3.11256 3.247 41.7993
    endloop
  endfacet
  facet normal -0.587734 0.808947 -0.0131561
    outer loop
      vertex 8.42896 7.11285 42
      vertex 3.11256 3.247 41.7993
      vertex 3.1106 3.24884 42
    endloop
  endfacet
  facet normal 0.587735 -0.808947 0.0131256
    outer loop
      vertex 4.05191 1.95503 42
      vertex 9.36941 5.81842 42
      vertex 4.0508 1.95748 42.2007
    endloop
  endfacet
  facet normal 0.186951 -0.207631 0.960176
    outer loop
      vertex 3.82437 2.36698 42.3333
      vertex 9.36941 5.81842 42
      vertex 8.7099 6.76592 42.3333
    endloop
  endfacet
  facet normal 0.187068 -0.207785 0.96012
    outer loop
      vertex 9.36941 5.81842 42
      vertex 4.03593 1.9903 42.2107
      vertex 4.0508 1.95748 42.2007
    endloop
  endfacet
  facet normal 0.18698 -0.20766 0.960165
    outer loop
      vertex 9.36941 5.81842 42
      vertex 3.89711 2.25 42.2939
      vertex 4.03593 1.9903 42.2107
    endloop
  endfacet
  facet normal 0.186755 -0.207306 0.960285
    outer loop
      vertex 9.36941 5.81842 42
      vertex 3.82437 2.36698 42.3333
      vertex 3.89711 2.25 42.2939
    endloop
  endfacet
  facet normal 0.807039 0.586343 -0.0699358
    outer loop
      vertex 8.7099 6.76592 42.3333
      vertex 9.36941 5.81842 42
      vertex 8.42896 7.11285 42
    endloop
  endfacet
  facet normal 0.741325 0.667494 0.0699242
    outer loop
      vertex 8.7099 6.76592 42.3333
      vertex 8.42896 7.11285 42
      vertex 7.63929 7.95495 42.3333
    endloop
  endfacet
  facet normal -0.164224 0.226035 -0.960176
    outer loop
      vertex 3.1106 3.24884 42
      vertex 7.63929 7.95495 42.3333
      vertex 8.42896 7.11285 42
    endloop
  endfacet
  facet normal -0.164228 0.226038 -0.960175
    outer loop
      vertex 2.96706 3.38328 42.0562
      vertex 7.63929 7.95495 42.3333
      vertex 3.1106 3.24884 42
    endloop
  endfacet
  facet normal -0.164351 0.226161 -0.960125
    outer loop
      vertex 7.63929 7.95495 42.3333
      vertex 2.96706 3.38328 42.0562
      vertex 2.75717 3.55552 42.1327
    endloop
  endfacet
  facet normal -0.669072 0.743081 -0.0131681
    outer loop
      vertex 7.63929 7.95495 42.3333
      vertex 2.75717 3.55552 42.1327
      vertex 2.75511 3.55722 42.3333
    endloop
  endfacet
  facet normal 0.669072 -0.743082 0.0130985
    outer loop
      vertex 3.82437 2.36698 42.3333
      vertex 8.7099 6.76592 42.3333
      vertex 3.82296 2.36925 42.5341
    endloop
  endfacet
  facet normal 0.207687 -0.187002 0.960154
    outer loop
      vertex 3.55722 2.75511 42.6667
      vertex 8.7099 6.76592 42.3333
      vertex 7.95495 7.63929 42.6667
    endloop
  endfacet
  facet normal 0.2074 -0.18667 0.960281
    outer loop
      vertex 8.7099 6.76592 42.3333
      vertex 3.74161 2.50007 42.5771
      vertex 3.82296 2.36925 42.5341
    endloop
  endfacet
  facet normal 0.207645 -0.186962 0.960171
    outer loop
      vertex 8.7099 6.76592 42.3333
      vertex 3.57009 2.73943 42.6608
      vertex 3.74161 2.50007 42.5771
    endloop
  endfacet
  facet normal 0.209327 -0.189174 0.959372
    outer loop
      vertex 8.7099 6.76592 42.3333
      vertex 3.55722 2.75511 42.6667
      vertex 3.57009 2.73943 42.6608
    endloop
  endfacet
  facet normal 0.741326 0.667495 -0.069903
    outer loop
      vertex 7.95495 7.63929 42.6667
      vertex 8.7099 6.76592 42.3333
      vertex 7.63929 7.95495 42.3333
    endloop
  endfacet
  facet normal 0.667495 0.741326 0.069903
    outer loop
      vertex 7.95495 7.63929 42.6667
      vertex 7.63929 7.95495 42.3333
      vertex 6.76592 8.7099 42.6667
    endloop
  endfacet
  facet normal -0.187002 0.207687 -0.960154
    outer loop
      vertex 2.75511 3.55722 42.3333
      vertex 6.76592 8.7099 42.6667
      vertex 7.63929 7.95495 42.3333
    endloop
  endfacet
  facet normal -0.189174 0.209327 -0.959372
    outer loop
      vertex 2.73943 3.57009 42.3392
      vertex 6.76592 8.7099 42.6667
      vertex 2.75511 3.55722 42.3333
    endloop
  endfacet
  facet normal -0.186962 0.207645 -0.960171
    outer loop
      vertex 2.50007 3.74161 42.4229
      vertex 6.76592 8.7099 42.6667
      vertex 2.73943 3.57009 42.3392
    endloop
  endfacet
  facet normal -0.18667 0.2074 -0.960281
    outer loop
      vertex 6.76592 8.7099 42.6667
      vertex 2.50007 3.74161 42.4229
      vertex 2.36925 3.82296 42.4659
    endloop
  endfacet
  facet normal -0.743082 0.669072 -0.0130985
    outer loop
      vertex 6.76592 8.7099 42.6667
      vertex 2.36925 3.82296 42.4659
      vertex 2.36698 3.82437 42.6667
    endloop
  endfacet
  facet normal 0.743081 -0.669072 0.0131681
    outer loop
      vertex 3.55722 2.75511 42.6667
      vertex 7.95495 7.63929 42.6667
      vertex 3.55552 2.75717 42.8673
    endloop
  endfacet
  facet normal 0.226035 -0.164224 0.960176
    outer loop
      vertex 3.24884 3.1106 43
      vertex 7.95495 7.63929 42.6667
      vertex 7.11285 8.42896 43
    endloop
  endfacet
  facet normal 0.226161 -0.164351 0.960125
    outer loop
      vertex 7.95495 7.63929 42.6667
      vertex 3.38328 2.96706 42.9438
      vertex 3.55552 2.75717 42.8673
    endloop
  endfacet
  facet normal 0.226038 -0.164228 0.960175
    outer loop
      vertex 7.95495 7.63929 42.6667
      vertex 3.24884 3.1106 43
      vertex 3.38328 2.96706 42.9438
    endloop
  endfacet
  facet normal 0.667494 0.741325 -0.0699242
    outer loop
      vertex 7.11285 8.42896 43
      vertex 7.95495 7.63929 42.6667
      vertex 6.76592 8.7099 42.6667
    endloop
  endfacet
  facet normal 0.586343 0.807039 0.0699358
    outer loop
      vertex 7.11285 8.42896 43
      vertex 6.76592 8.7099 42.6667
      vertex 5.81842 9.36941 43
    endloop
  endfacet
  facet normal -0.207631 0.186951 -0.960176
    outer loop
      vertex 2.36698 3.82437 42.6667
      vertex 5.81842 9.36941 43
      vertex 6.76592 8.7099 42.6667
    endloop
  endfacet
  facet normal -0.207306 0.186755 -0.960285
    outer loop
      vertex 2.25 3.89711 42.7061
      vertex 5.81842 9.36941 43
      vertex 2.36698 3.82437 42.6667
    endloop
  endfacet
  facet normal -0.20766 0.18698 -0.960165
    outer loop
      vertex 1.9903 4.03593 42.7893
      vertex 5.81842 9.36941 43
      vertex 2.25 3.89711 42.7061
    endloop
  endfacet
  facet normal -0.207785 0.187068 -0.96012
    outer loop
      vertex 5.81842 9.36941 43
      vertex 1.9903 4.03593 42.7893
      vertex 1.95748 4.0508 42.7993
    endloop
  endfacet
  facet normal -0.808947 0.587735 -0.0131256
    outer loop
      vertex 5.81842 9.36941 43
      vertex 1.95748 4.0508 42.7993
      vertex 1.95503 4.05191 43
    endloop
  endfacet
  facet normal 0.808947 -0.587734 0.0131561
    outer loop
      vertex 3.24884 3.1106 43
      vertex 7.11285 8.42896 43
      vertex 3.247 3.11256 43.2007
    endloop
  endfacet
  facet normal 0.241963 -0.139697 0.960176
    outer loop
      vertex 2.90602 3.43337 43.3333
      vertex 7.11285 8.42896 43
      vertex 6.19282 9.12628 43.3333
    endloop
  endfacet
  facet normal 0.242078 -0.139782 0.960135
    outer loop
      vertex 7.11285 8.42896 43
      vertex 3.18198 3.18198 43.2272
      vertex 3.247 3.11256 43.2007
    endloop
  endfacet
  facet normal 0.242092 -0.139793 0.96013
    outer loop
      vertex 7.11285 8.42896 43
      vertex 2.96706 3.38328 43.3107
      vertex 3.18198 3.18198 43.2272
    endloop
  endfacet
  facet normal 0.241371 -0.139184 0.9604
    outer loop
      vertex 7.11285 8.42896 43
      vertex 2.90602 3.43337 43.3333
      vertex 2.96706 3.38328 43.3107
    endloop
  endfacet
  facet normal 0.586342 0.807038 -0.0699411
    outer loop
      vertex 6.19282 9.12628 43.3333
      vertex 7.11285 8.42896 43
      vertex 5.81842 9.36941 43
    endloop
  endfacet
  facet normal 0.498777 0.863907 0.0699056
    outer loop
      vertex 6.19282 9.12628 43.3333
      vertex 5.81842 9.36941 43
      vertex 4.80718 9.92628 43.3333
    endloop
  endfacet
  facet normal -0.226035 0.164224 -0.960176
    outer loop
      vertex 1.95503 4.05191 43
      vertex 4.80718 9.92628 43.3333
      vertex 5.81842 9.36941 43
    endloop
  endfacet
  facet normal -0.226054 0.164233 -0.96017
    outer loop
      vertex 1.72207 4.15746 43.0729
      vertex 4.80718 9.92628 43.3333
      vertex 1.95503 4.05191 43
    endloop
  endfacet
  facet normal -0.225984 0.164196 -0.960193
    outer loop
      vertex 4.80718 9.92628 43.3333
      vertex 1.72207 4.15746 43.0729
      vertex 1.52288 4.23243 43.1326
    endloop
  endfacet
  facet normal -0.865951 0.499957 -0.0131282
    outer loop
      vertex 4.80718 9.92628 43.3333
      vertex 1.52288 4.23243 43.1326
      vertex 1.52038 4.23337 43.3333
    endloop
  endfacet
  facet normal 0.865951 -0.499956 0.0131661
    outer loop
      vertex 2.90602 3.43337 43.3333
      vertex 6.19282 9.12628 43.3333
      vertex 2.90395 3.43507 43.534
    endloop
  endfacet
  facet normal 0.25531 -0.113672 0.960154
    outer loop
      vertex 2.53154 3.71906 43.6667
      vertex 6.19282 9.12628 43.3333
      vertex 5.20494 9.72361 43.6667
    endloop
  endfacet
  facet normal 0.255554 -0.113824 0.960071
    outer loop
      vertex 6.19282 9.12628 43.3333
      vertex 2.73943 3.57009 43.5938
      vertex 2.90395 3.43507 43.534
    endloop
  endfacet
  facet normal 0.255266 -0.113641 0.960169
    outer loop
      vertex 6.19282 9.12628 43.3333
      vertex 2.53154 3.71906 43.6667
      vertex 2.73943 3.57009 43.5938
    endloop
  endfacet
  facet normal 0.498777 0.863907 -0.0699027
    outer loop
      vertex 5.20494 9.72361 43.6667
      vertex 6.19282 9.12628 43.3333
      vertex 4.80718 9.92628 43.3333
    endloop
  endfacet
  facet normal 0.405748 0.911308 0.0698991
    outer loop
      vertex 5.20494 9.72361 43.6667
      vertex 4.80718 9.92628 43.3333
      vertex 3.74327 10.3744 43.6667
    endloop
  endfacet
  facet normal -0.242029 0.139735 -0.960154
    outer loop
      vertex 1.52038 4.23337 43.3333
      vertex 3.74327 10.3744 43.6667
      vertex 4.80718 9.92628 43.3333
    endloop
  endfacet
  facet normal -0.242289 0.139825 -0.960075
    outer loop
      vertex 1.44648 4.26118 43.356
      vertex 3.74327 10.3744 43.6667
      vertex 1.52038 4.23337 43.3333
    endloop
  endfacet
  facet normal -0.242106 0.139759 -0.960131
    outer loop
      vertex 1.16469 4.34667 43.4395
      vertex 3.74327 10.3744 43.6667
      vertex 1.44648 4.26118 43.356
    endloop
  endfacet
  facet normal -0.24123 0.139395 -0.960405
    outer loop
      vertex 3.74327 10.3744 43.6667
      vertex 1.16469 4.34667 43.4395
      vertex 1.07206 4.36826 43.4659
    endloop
  endfacet
  facet normal -0.913467 0.406701 -0.0131542
    outer loop
      vertex 3.74327 10.3744 43.6667
      vertex 1.07206 4.36826 43.4659
      vertex 1.06944 4.36887 43.6667
    endloop
  endfacet
  facet normal 0.913466 -0.406702 0.013149
    outer loop
      vertex 2.53154 3.71906 43.6667
      vertex 5.20494 9.72361 43.6667
      vertex 2.52935 3.72063 43.8674
    endloop
  endfacet
  facet normal 0.26572 -0.0863375 0.960176
    outer loop
      vertex 2.12852 3.96205 44
      vertex 5.20494 9.72361 43.6667
      vertex 4.16003 10.2144 44
    endloop
  endfacet
  facet normal 0.263677 -0.0853999 0.960823
    outer loop
      vertex 5.20494 9.72361 43.6667
      vertex 2.50007 3.74161 43.8773
      vertex 2.52935 3.72063 43.8674
    endloop
  endfacet
  facet normal 0.265752 -0.0863613 0.960165
    outer loop
      vertex 5.20494 9.72361 43.6667
      vertex 2.25 3.89711 43.9605
      vertex 2.50007 3.74161 43.8773
    endloop
  endfacet
  facet normal 0.265958 -0.0864692 0.960099
    outer loop
      vertex 5.20494 9.72361 43.6667
      vertex 2.12852 3.96205 44
      vertex 2.25 3.89711 43.9605
    endloop
  endfacet
  facet normal 0.405749 0.911309 -0.0698783
    outer loop
      vertex 4.16003 10.2144 44
      vertex 5.20494 9.72361 43.6667
      vertex 3.74327 10.3744 43.6667
    endloop
  endfacet
  facet normal 0.308244 0.948728 0.0700057
    outer loop
      vertex 4.16003 10.2144 44
      vertex 3.74327 10.3744 43.6667
      vertex 2.63834 10.7088 44
    endloop
  endfacet
  facet normal -0.255242 0.113641 -0.960176
    outer loop
      vertex 1.06944 4.36887 43.6667
      vertex 2.63834 10.7088 44
      vertex 3.74327 10.3744 43.6667
    endloop
  endfacet
  facet normal -0.255238 0.11364 -0.960177
    outer loop
      vertex 0.877906 4.41353 43.7229
      vertex 2.63834 10.7088 44
      vertex 1.06944 4.36887 43.6667
    endloop
  endfacet
  facet normal -0.255093 0.113601 -0.96022
    outer loop
      vertex 2.63834 10.7088 44
      vertex 0.877906 4.41353 43.7229
      vertex 0.610019 4.45776 43.7993
    endloop
  endfacet
  facet normal -0.950974 0.308992 -0.0131533
    outer loop
      vertex 2.63834 10.7088 44
      vertex 0.610019 4.45776 43.7993
      vertex 0.607386 4.4582 44
    endloop
  endfacet
  facet normal 0.950974 -0.30899 0.0131696
    outer loop
      vertex 2.12852 3.96205 44
      vertex 4.16003 10.2144 44
      vertex 2.12615 3.96331 44.2007
    endloop
  endfacet
  facet normal 0.273289 -0.0580894 0.960176
    outer loop
      vertex 1.70309 4.1646 44.3333
      vertex 4.16003 10.2144 44
      vertex 3.06955 10.5933 44.3333
    endloop
  endfacet
  facet normal 0.273513 -0.0581655 0.960108
    outer loop
      vertex 4.16003 10.2144 44
      vertex 1.9903 4.03593 44.2438
      vertex 2.12615 3.96331 44.2007
    endloop
  endfacet
  facet normal 0.273299 -0.0580881 0.960174
    outer loop
      vertex 4.16003 10.2144 44
      vertex 1.72207 4.15746 44.3275
      vertex 1.9903 4.03593 44.2438
    endloop
  endfacet
  facet normal 0.271912 -0.0575066 0.960602
    outer loop
      vertex 4.16003 10.2144 44
      vertex 1.70309 4.1646 44.3333
      vertex 1.72207 4.15746 44.3275
    endloop
  endfacet
  facet normal 0.308243 0.948727 -0.0700258
    outer loop
      vertex 3.06955 10.5933 44.3333
      vertex 4.16003 10.2144 44
      vertex 2.63834 10.7088 44
    endloop
  endfacet
  facet normal 0.207429 0.975759 0.0697708
    outer loop
      vertex 3.06955 10.5933 44.3333
      vertex 2.63834 10.7088 44
      vertex 1.50451 10.926 44.3333
    endloop
  endfacet
  facet normal -0.265715 0.0863363 -0.960178
    outer loop
      vertex 0.607386 4.4582 44
      vertex 1.50451 10.926 44.3333
      vertex 2.63834 10.7088 44
    endloop
  endfacet
  facet normal -0.26412 0.0861388 -0.960635
    outer loop
      vertex 0.587367 4.4615 44.0058
      vertex 1.50451 10.926 44.3333
      vertex 0.607386 4.4582 44
    endloop
  endfacet
  facet normal -0.265732 0.0863439 -0.960173
    outer loop
      vertex 0.294313 4.49037 44.0895
      vertex 1.50451 10.926 44.3333
      vertex 0.587367 4.4615 44.0058
    endloop
  endfacet
  facet normal -0.265948 0.0863822 -0.960109
    outer loop
      vertex 1.50451 10.926 44.3333
      vertex 0.294313 4.49037 44.0895
      vertex 0.140353 4.49541 44.1326
    endloop
  endfacet
  facet normal -0.978064 0.207892 -0.0131383
    outer loop
      vertex 1.50451 10.926 44.3333
      vertex 0.140353 4.49541 44.1326
      vertex 0.137674 4.49549 44.3333
    endloop
  endfacet
  facet normal 0.978063 -0.207893 0.0131568
    outer loop
      vertex 1.70309 4.1646 44.3333
      vertex 3.06955 10.5933 44.3333
      vertex 1.70059 4.16554 44.534
    endloop
  endfacet
  facet normal 0.27794 -0.0292126 0.960154
    outer loop
      vertex 1.25828 4.31827 44.6667
      vertex 3.06955 10.5933 44.3333
      vertex 1.94543 10.8561 44.6667
    endloop
  endfacet
  facet normal 0.278042 -0.0292374 0.960124
    outer loop
      vertex 3.06955 10.5933 44.3333
      vertex 1.44648 4.26118 44.6105
      vertex 1.70059 4.16554 44.534
    endloop
  endfacet
  facet normal 0.277871 -0.0291914 0.960175
    outer loop
      vertex 3.06955 10.5933 44.3333
      vertex 1.25828 4.31827 44.6667
      vertex 1.44648 4.26118 44.6105
    endloop
  endfacet
  facet normal 0.207429 0.97576 -0.0697485
    outer loop
      vertex 1.94543 10.8561 44.6667
      vertex 3.06955 10.5933 44.3333
      vertex 1.50451 10.926 44.3333
    endloop
  endfacet
  facet normal 0.104305 0.992075 0.0700533
    outer loop
      vertex 1.94543 10.8561 44.6667
      vertex 1.50451 10.926 44.3333
      vertex 0.354195 11.0234 44.6667
    endloop
  endfacet
  facet normal -0.273365 0.0581051 -0.960154
    outer loop
      vertex 0.137674 4.49549 44.3333
      vertex 0.354195 11.0234 44.6667
      vertex 1.50451 10.926 44.3333
    endloop
  endfacet
  facet normal -0.273558 0.0581086 -0.960099
    outer loop
      vertex 0 4.5 44.3728
      vertex 0.354195 11.0234 44.6667
      vertex 0.137674 4.49549 44.3333
    endloop
  endfacet
  facet normal -0.273332 0.0580993 -0.960164
    outer loop
      vertex -0.294313 4.49037 44.456
      vertex 0.354195 11.0234 44.6667
      vertex 0 4.5 44.3728
    endloop
  endfacet
  facet normal -0.273514 0.0581156 -0.960111
    outer loop
      vertex 0.354195 11.0234 44.6667
      vertex -0.294313 4.49037 44.456
      vertex -0.330168 4.48683 44.466
    endloop
  endfacet
  facet normal -0.994436 0.104519 -0.0131485
    outer loop
      vertex 0.354195 11.0234 44.6667
      vertex -0.330168 4.48683 44.466
      vertex -0.332849 4.48657 44.6667
    endloop
  endfacet
  facet normal 0.994435 -0.104519 0.0131949
    outer loop
      vertex 1.25828 4.31827 44.6667
      vertex 1.94543 10.8561 44.6667
      vertex 1.2557 4.31906 44.8674
    endloop
  endfacet
  facet normal 0.279561 -1.89811e-05 0.960128
    outer loop
      vertex 1.94543 10.8561 44.6667
      vertex 1.16469 4.34667 44.8939
      vertex 1.2557 4.31906 44.8674
    endloop
  endfacet
  facet normal 0.279248 2.18207e-05 0.960219
    outer loop
      vertex 1.94543 10.8561 44.6667
      vertex 0.877906 4.41353 44.9773
      vertex 1.16469 4.34667 44.8939
    endloop
  endfacet
  facet normal 0.279394 -0 0.960176
    outer loop
      vertex 0.799999 4.4264 45
      vertex 1.94543 10.8561 44.6667
      vertex 0.799999 11 45
    endloop
  endfacet
  facet normal 0.27973 -6.49422e-05 0.960079
    outer loop
      vertex 1.94543 10.8561 44.6667
      vertex 0.799999 4.4264 45
      vertex 0.877906 4.41353 44.9773
    endloop
  endfacet
  facet normal 0.104307 0.992088 -0.0698633
    outer loop
      vertex 0.799999 11 45
      vertex 1.94543 10.8561 44.6667
      vertex 0.354195 11.0234 44.6667
    endloop
  endfacet
  facet normal 0 0.997545 0.0700346
    outer loop
      vertex 0.799999 11 45
      vertex 0.354195 11.0234 44.6667
      vertex -0.799999 11 45
    endloop
  endfacet
  facet normal -0.277891 0.0292023 -0.960168
    outer loop
      vertex -0.799999 11 45
      vertex -0.332849 4.48657 44.6667
      vertex -0.587367 4.4615 44.7396
    endloop
  endfacet
  facet normal -0.277799 0.0292063 -0.960195
    outer loop
      vertex -0.799999 11 45
      vertex -0.587367 4.4615 44.7396
      vertex -0.797361 4.42683 44.7993
    endloop
  endfacet
  facet normal -0.277865 0.0292046 -0.960176
    outer loop
      vertex -0.332849 4.48657 44.6667
      vertex -0.799999 11 45
      vertex 0.354195 11.0234 44.6667
    endloop
  endfacet
  facet normal -0.999914 -0 -0.0131429
    outer loop
      vertex -0.799999 11 45
      vertex -0.797361 4.42683 44.7993
      vertex -0.799999 4.4264 45
    endloop
  endfacet
  facet normal 0.999914 -0 0.0131429
    outer loop
      vertex 0.799999 4.4264 45
      vertex 0.799999 11 45
      vertex 0.797361 4.42683 45.2007
    endloop
  endfacet
  facet normal 0.277799 0.0292063 0.960195
    outer loop
      vertex 0.799999 11 45
      vertex 0.587367 4.4615 45.2604
      vertex 0.797361 4.42683 45.2007
    endloop
  endfacet
  facet normal 0.277891 0.0292023 0.960168
    outer loop
      vertex 0.799999 11 45
      vertex 0.332849 4.48657 45.3333
      vertex 0.587367 4.4615 45.2604
    endloop
  endfacet
  facet normal 0.277865 0.0292046 0.960176
    outer loop
      vertex 0.332849 4.48657 45.3333
      vertex 0.799999 11 45
      vertex -0.354195 11.0234 45.3333
    endloop
  endfacet
  facet normal 0 0.997545 -0.0700346
    outer loop
      vertex -0.354195 11.0234 45.3333
      vertex 0.799999 11 45
      vertex -0.799999 11 45
    endloop
  endfacet
  facet normal -0.104307 0.992088 0.0698633
    outer loop
      vertex -0.354195 11.0234 45.3333
      vertex -0.799999 11 45
      vertex -1.94543 10.8561 45.3333
    endloop
  endfacet
  facet normal -0.27973 -6.49422e-05 -0.960079
    outer loop
      vertex -1.94543 10.8561 45.3333
      vertex -0.799999 4.4264 45
      vertex -0.877906 4.41353 45.0227
    endloop
  endfacet
  facet normal -0.279248 2.18207e-05 -0.960219
    outer loop
      vertex -1.94543 10.8561 45.3333
      vertex -0.877906 4.41353 45.0227
      vertex -1.16469 4.34667 45.1061
    endloop
  endfacet
  facet normal -0.279561 -1.89811e-05 -0.960128
    outer loop
      vertex -1.94543 10.8561 45.3333
      vertex -1.16469 4.34667 45.1061
      vertex -1.2557 4.31906 45.1326
    endloop
  endfacet
  facet normal -0.279394 0 -0.960176
    outer loop
      vertex -0.799999 4.4264 45
      vertex -1.94543 10.8561 45.3333
      vertex -0.799999 11 45
    endloop
  endfacet
  facet normal -0.994435 -0.104519 -0.0131949
    outer loop
      vertex -1.2557 4.31906 45.1326
      vertex -1.25828 4.31827 45.3333
      vertex -1.94543 10.8561 45.3333
    endloop
  endfacet
  facet normal 0.994436 0.104519 0.0131485
    outer loop
      vertex 0.330168 4.48683 45.534
      vertex 0.332849 4.48657 45.3333
      vertex -0.354195 11.0234 45.3333
    endloop
  endfacet
  facet normal 0.273514 0.0581156 0.960111
    outer loop
      vertex -0.354195 11.0234 45.3333
      vertex 0.294313 4.49037 45.544
      vertex 0.330168 4.48683 45.534
    endloop
  endfacet
  facet normal 0.273332 0.0580993 0.960164
    outer loop
      vertex -0.354195 11.0234 45.3333
      vertex 0 4.5 45.6272
      vertex 0.294313 4.49037 45.544
    endloop
  endfacet
  facet normal 0.273558 0.0581086 0.960099
    outer loop
      vertex -0.354195 11.0234 45.3333
      vertex -0.137674 4.49549 45.6667
      vertex 0 4.5 45.6272
    endloop
  endfacet
  facet normal 0.273365 0.0581051 0.960154
    outer loop
      vertex -0.137674 4.49549 45.6667
      vertex -0.354195 11.0234 45.3333
      vertex -1.50451 10.926 45.6667
    endloop
  endfacet
  facet normal -0.104305 0.992075 -0.0700533
    outer loop
      vertex -1.50451 10.926 45.6667
      vertex -0.354195 11.0234 45.3333
      vertex -1.94543 10.8561 45.3333
    endloop
  endfacet
  facet normal -0.207429 0.97576 0.0697485
    outer loop
      vertex -1.50451 10.926 45.6667
      vertex -1.94543 10.8561 45.3333
      vertex -3.06955 10.5933 45.6667
    endloop
  endfacet
  facet normal -0.277871 -0.0291914 -0.960175
    outer loop
      vertex -3.06955 10.5933 45.6667
      vertex -1.25828 4.31827 45.3333
      vertex -1.44648 4.26118 45.3895
    endloop
  endfacet
  facet normal -0.278042 -0.0292374 -0.960124
    outer loop
      vertex -3.06955 10.5933 45.6667
      vertex -1.44648 4.26118 45.3895
      vertex -1.70059 4.16554 45.466
    endloop
  endfacet
  facet normal -0.27794 -0.0292126 -0.960154
    outer loop
      vertex -1.25828 4.31827 45.3333
      vertex -3.06955 10.5933 45.6667
      vertex -1.94543 10.8561 45.3333
    endloop
  endfacet
  facet normal -0.978063 -0.207893 -0.0131568
    outer loop
      vertex -1.70059 4.16554 45.466
      vertex -1.70309 4.1646 45.6667
      vertex -3.06955 10.5933 45.6667
    endloop
  endfacet
  facet normal 0.978064 0.207892 0.0131383
    outer loop
      vertex -0.140353 4.49541 45.8674
      vertex -0.137674 4.49549 45.6667
      vertex -1.50451 10.926 45.6667
    endloop
  endfacet
  facet normal 0.265948 0.0863822 0.960109
    outer loop
      vertex -1.50451 10.926 45.6667
      vertex -0.294313 4.49037 45.9105
      vertex -0.140353 4.49541 45.8674
    endloop
  endfacet
  facet normal 0.265732 0.0863439 0.960173
    outer loop
      vertex -1.50451 10.926 45.6667
      vertex -0.587367 4.4615 45.9942
      vertex -0.294313 4.49037 45.9105
    endloop
  endfacet
  facet normal 0.26412 0.0861388 0.960635
    outer loop
      vertex -1.50451 10.926 45.6667
      vertex -0.607386 4.4582 46
      vertex -0.587367 4.4615 45.9942
    endloop
  endfacet
  facet normal 0.265715 0.0863363 0.960178
    outer loop
      vertex -0.607386 4.4582 46
      vertex -1.50451 10.926 45.6667
      vertex -2.63834 10.7088 46
    endloop
  endfacet
  facet normal -0.207429 0.975759 -0.0697708
    outer loop
      vertex -2.63834 10.7088 46
      vertex -1.50451 10.926 45.6667
      vertex -3.06955 10.5933 45.6667
    endloop
  endfacet
  facet normal -0.308243 0.948727 0.0700258
    outer loop
      vertex -2.63834 10.7088 46
      vertex -3.06955 10.5933 45.6667
      vertex -4.16003 10.2144 46
    endloop
  endfacet
  facet normal -0.271912 -0.0575066 -0.960602
    outer loop
      vertex -4.16003 10.2144 46
      vertex -1.70309 4.1646 45.6667
      vertex -1.72207 4.15746 45.6725
    endloop
  endfacet
  facet normal -0.273299 -0.0580881 -0.960174
    outer loop
      vertex -4.16003 10.2144 46
      vertex -1.72207 4.15746 45.6725
      vertex -1.9903 4.03593 45.7562
    endloop
  endfacet
  facet normal -0.273513 -0.0581655 -0.960108
    outer loop
      vertex -4.16003 10.2144 46
      vertex -1.9903 4.03593 45.7562
      vertex -2.12615 3.96331 45.7993
    endloop
  endfacet
  facet normal -0.273289 -0.0580894 -0.960176
    outer loop
      vertex -1.70309 4.1646 45.6667
      vertex -4.16003 10.2144 46
      vertex -3.06955 10.5933 45.6667
    endloop
  endfacet
  facet normal -0.950974 -0.30899 -0.0131696
    outer loop
      vertex -2.12615 3.96331 45.7993
      vertex -2.12852 3.96205 46
      vertex -4.16003 10.2144 46
    endloop
  endfacet
  facet normal 0.950974 0.308992 0.0131533
    outer loop
      vertex -0.610019 4.45776 46.2007
      vertex -0.607386 4.4582 46
      vertex -2.63834 10.7088 46
    endloop
  endfacet
  facet normal 0.255093 0.113601 0.96022
    outer loop
      vertex -2.63834 10.7088 46
      vertex -0.877906 4.41353 46.2771
      vertex -0.610019 4.45776 46.2007
    endloop
  endfacet
  facet normal 0.255238 0.11364 0.960177
    outer loop
      vertex -2.63834 10.7088 46
      vertex -1.06944 4.36887 46.3333
      vertex -0.877906 4.41353 46.2771
    endloop
  endfacet
  facet normal 0.255242 0.113641 0.960176
    outer loop
      vertex -1.06944 4.36887 46.3333
      vertex -2.63834 10.7088 46
      vertex -3.74327 10.3744 46.3333
    endloop
  endfacet
  facet normal -0.308244 0.948728 -0.0700057
    outer loop
      vertex -3.74327 10.3744 46.3333
      vertex -2.63834 10.7088 46
      vertex -4.16003 10.2144 46
    endloop
  endfacet
  facet normal -0.405749 0.911309 0.0698783
    outer loop
      vertex -3.74327 10.3744 46.3333
      vertex -4.16003 10.2144 46
      vertex -5.20494 9.72361 46.3333
    endloop
  endfacet
  facet normal -0.265958 -0.0864692 -0.960099
    outer loop
      vertex -5.20494 9.72361 46.3333
      vertex -2.12852 3.96205 46
      vertex -2.25 3.89711 46.0395
    endloop
  endfacet
  facet normal -0.265752 -0.0863613 -0.960165
    outer loop
      vertex -5.20494 9.72361 46.3333
      vertex -2.25 3.89711 46.0395
      vertex -2.50007 3.74161 46.1227
    endloop
  endfacet
  facet normal -0.263677 -0.0853999 -0.960823
    outer loop
      vertex -5.20494 9.72361 46.3333
      vertex -2.50007 3.74161 46.1227
      vertex -2.52935 3.72063 46.1326
    endloop
  endfacet
  facet normal -0.26572 -0.0863375 -0.960176
    outer loop
      vertex -2.12852 3.96205 46
      vertex -5.20494 9.72361 46.3333
      vertex -4.16003 10.2144 46
    endloop
  endfacet
  facet normal -0.913466 -0.406702 -0.013149
    outer loop
      vertex -2.52935 3.72063 46.1326
      vertex -2.53154 3.71906 46.3333
      vertex -5.20494 9.72361 46.3333
    endloop
  endfacet
  facet normal 0.913467 0.406701 0.0131608
    outer loop
      vertex -1.07206 4.36826 46.534
      vertex -1.06944 4.36887 46.3333
      vertex -3.74327 10.3744 46.3333
    endloop
  endfacet
  facet normal 0.242104 0.139759 0.960132
    outer loop
      vertex -3.74327 10.3744 46.3333
      vertex -1.16469 4.34667 46.5605
      vertex -1.07206 4.36826 46.534
    endloop
  endfacet
  facet normal 0.242106 0.139759 0.960131
    outer loop
      vertex -3.74327 10.3744 46.3333
      vertex -1.44648 4.26118 46.644
      vertex -1.16469 4.34667 46.5605
    endloop
  endfacet
  facet normal 0.242289 0.139825 0.960075
    outer loop
      vertex -3.74327 10.3744 46.3333
      vertex -1.52038 4.23337 46.6667
      vertex -1.44648 4.26118 46.644
    endloop
  endfacet
  facet normal 0.242029 0.139735 0.960154
    outer loop
      vertex -1.52038 4.23337 46.6667
      vertex -3.74327 10.3744 46.3333
      vertex -4.80718 9.92628 46.6667
    endloop
  endfacet
  facet normal -0.405748 0.911308 -0.0698991
    outer loop
      vertex -4.80718 9.92628 46.6667
      vertex -3.74327 10.3744 46.3333
      vertex -5.20494 9.72361 46.3333
    endloop
  endfacet
  facet normal -0.498777 0.863907 0.0699027
    outer loop
      vertex -4.80718 9.92628 46.6667
      vertex -5.20494 9.72361 46.3333
      vertex -6.19282 9.12628 46.6667
    endloop
  endfacet
  facet normal -0.255266 -0.113641 -0.960169
    outer loop
      vertex -6.19282 9.12628 46.6667
      vertex -2.53154 3.71906 46.3333
      vertex -2.73943 3.57009 46.4062
    endloop
  endfacet
  facet normal -0.255554 -0.113824 -0.960071
    outer loop
      vertex -6.19282 9.12628 46.6667
      vertex -2.73943 3.57009 46.4062
      vertex -2.90395 3.43507 46.466
    endloop
  endfacet
  facet normal -0.25531 -0.113672 -0.960154
    outer loop
      vertex -2.53154 3.71906 46.3333
      vertex -6.19282 9.12628 46.6667
      vertex -5.20494 9.72361 46.3333
    endloop
  endfacet
  facet normal -0.865951 -0.499956 -0.0131661
    outer loop
      vertex -2.90395 3.43507 46.466
      vertex -2.90602 3.43337 46.6667
      vertex -6.19282 9.12628 46.6667
    endloop
  endfacet
  facet normal 0.865951 0.499957 0.0131282
    outer loop
      vertex -1.52288 4.23243 46.8674
      vertex -1.52038 4.23337 46.6667
      vertex -4.80718 9.92628 46.6667
    endloop
  endfacet
  facet normal 0.225984 0.164196 0.960193
    outer loop
      vertex -4.80718 9.92628 46.6667
      vertex -1.72207 4.15746 46.9271
      vertex -1.52288 4.23243 46.8674
    endloop
  endfacet
  facet normal 0.226054 0.164233 0.96017
    outer loop
      vertex -4.80718 9.92628 46.6667
      vertex -1.95503 4.05191 47
      vertex -1.72207 4.15746 46.9271
    endloop
  endfacet
  facet normal 0.226035 0.164224 0.960176
    outer loop
      vertex -1.95503 4.05191 47
      vertex -4.80718 9.92628 46.6667
      vertex -5.81842 9.36941 47
    endloop
  endfacet
  facet normal -0.498777 0.863907 -0.0699056
    outer loop
      vertex -5.81842 9.36941 47
      vertex -4.80718 9.92628 46.6667
      vertex -6.19282 9.12628 46.6667
    endloop
  endfacet
  facet normal -0.586342 0.807038 0.0699411
    outer loop
      vertex -5.81842 9.36941 47
      vertex -6.19282 9.12628 46.6667
      vertex -7.11285 8.42896 47
    endloop
  endfacet
  facet normal -0.241371 -0.139184 -0.9604
    outer loop
      vertex -7.11285 8.42896 47
      vertex -2.90602 3.43337 46.6667
      vertex -2.96706 3.38328 46.6893
    endloop
  endfacet
  facet normal -0.242092 -0.139793 -0.96013
    outer loop
      vertex -7.11285 8.42896 47
      vertex -2.96706 3.38328 46.6893
      vertex -3.18198 3.18198 46.7728
    endloop
  endfacet
  facet normal -0.242078 -0.139782 -0.960135
    outer loop
      vertex -7.11285 8.42896 47
      vertex -3.18198 3.18198 46.7728
      vertex -3.247 3.11256 46.7993
    endloop
  endfacet
  facet normal -0.241963 -0.139697 -0.960176
    outer loop
      vertex -2.90602 3.43337 46.6667
      vertex -7.11285 8.42896 47
      vertex -6.19282 9.12628 46.6667
    endloop
  endfacet
  facet normal -0.808947 -0.587734 -0.0131561
    outer loop
      vertex -3.247 3.11256 46.7993
      vertex -3.24884 3.1106 47
      vertex -7.11285 8.42896 47
    endloop
  endfacet
  facet normal 0.808947 0.587735 0.0131256
    outer loop
      vertex -1.95748 4.0508 47.2007
      vertex -1.95503 4.05191 47
      vertex -5.81842 9.36941 47
    endloop
  endfacet
  facet normal 0.207785 0.187068 0.96012
    outer loop
      vertex -5.81842 9.36941 47
      vertex -1.9903 4.03593 47.2107
      vertex -1.95748 4.0508 47.2007
    endloop
  endfacet
  facet normal 0.20766 0.18698 0.960165
    outer loop
      vertex -5.81842 9.36941 47
      vertex -2.25 3.89711 47.2939
      vertex -1.9903 4.03593 47.2107
    endloop
  endfacet
  facet normal 0.207306 0.186755 0.960285
    outer loop
      vertex -5.81842 9.36941 47
      vertex -2.36698 3.82437 47.3333
      vertex -2.25 3.89711 47.2939
    endloop
  endfacet
  facet normal 0.207631 0.186951 0.960176
    outer loop
      vertex -2.36698 3.82437 47.3333
      vertex -5.81842 9.36941 47
      vertex -6.76592 8.7099 47.3333
    endloop
  endfacet
  facet normal -0.586343 0.807039 -0.0699358
    outer loop
      vertex -6.76592 8.7099 47.3333
      vertex -5.81842 9.36941 47
      vertex -7.11285 8.42896 47
    endloop
  endfacet
  facet normal -0.667494 0.741325 0.0699242
    outer loop
      vertex -6.76592 8.7099 47.3333
      vertex -7.11285 8.42896 47
      vertex -7.95495 7.63929 47.3333
    endloop
  endfacet
  facet normal -0.226038 -0.164228 -0.960175
    outer loop
      vertex -7.95495 7.63929 47.3333
      vertex -3.24884 3.1106 47
      vertex -3.38328 2.96706 47.0562
    endloop
  endfacet
  facet normal -0.226161 -0.164351 -0.960125
    outer loop
      vertex -7.95495 7.63929 47.3333
      vertex -3.38328 2.96706 47.0562
      vertex -3.55552 2.75717 47.1327
    endloop
  endfacet
  facet normal -0.226035 -0.164224 -0.960176
    outer loop
      vertex -3.24884 3.1106 47
      vertex -7.95495 7.63929 47.3333
      vertex -7.11285 8.42896 47
    endloop
  endfacet
  facet normal -0.743081 -0.669072 -0.0131681
    outer loop
      vertex -3.55552 2.75717 47.1327
      vertex -3.55722 2.75511 47.3333
      vertex -7.95495 7.63929 47.3333
    endloop
  endfacet
  facet normal 0.743082 0.669072 0.0130985
    outer loop
      vertex -2.36925 3.82296 47.5341
      vertex -2.36698 3.82437 47.3333
      vertex -6.76592 8.7099 47.3333
    endloop
  endfacet
  facet normal 0.18667 0.2074 0.960281
    outer loop
      vertex -6.76592 8.7099 47.3333
      vertex -2.50007 3.74161 47.5771
      vertex -2.36925 3.82296 47.5341
    endloop
  endfacet
  facet normal 0.186962 0.207645 0.960171
    outer loop
      vertex -6.76592 8.7099 47.3333
      vertex -2.73943 3.57009 47.6608
      vertex -2.50007 3.74161 47.5771
    endloop
  endfacet
  facet normal 0.189174 0.209327 0.959372
    outer loop
      vertex -6.76592 8.7099 47.3333
      vertex -2.75511 3.55722 47.6667
      vertex -2.73943 3.57009 47.6608
    endloop
  endfacet
  facet normal 0.187002 0.207687 0.960154
    outer loop
      vertex -2.75511 3.55722 47.6667
      vertex -6.76592 8.7099 47.3333
      vertex -7.63929 7.95495 47.6667
    endloop
  endfacet
  facet normal -0.667495 0.741326 -0.069903
    outer loop
      vertex -7.63929 7.95495 47.6667
      vertex -6.76592 8.7099 47.3333
      vertex -7.95495 7.63929 47.3333
    endloop
  endfacet
  facet normal -0.741326 0.667495 0.069903
    outer loop
      vertex -7.63929 7.95495 47.6667
      vertex -7.95495 7.63929 47.3333
      vertex -8.7099 6.76592 47.6667
    endloop
  endfacet
  facet normal -0.209327 -0.189174 -0.959372
    outer loop
      vertex -8.7099 6.76592 47.6667
      vertex -3.55722 2.75511 47.3333
      vertex -3.57009 2.73943 47.3392
    endloop
  endfacet
  facet normal -0.207645 -0.186962 -0.960171
    outer loop
      vertex -8.7099 6.76592 47.6667
      vertex -3.57009 2.73943 47.3392
      vertex -3.74161 2.50007 47.4229
    endloop
  endfacet
  facet normal -0.2074 -0.18667 -0.960281
    outer loop
      vertex -8.7099 6.76592 47.6667
      vertex -3.74161 2.50007 47.4229
      vertex -3.82296 2.36925 47.4659
    endloop
  endfacet
  facet normal -0.207687 -0.187002 -0.960154
    outer loop
      vertex -3.55722 2.75511 47.3333
      vertex -8.7099 6.76592 47.6667
      vertex -7.95495 7.63929 47.3333
    endloop
  endfacet
  facet normal -0.669072 -0.743082 -0.0130985
    outer loop
      vertex -3.82296 2.36925 47.4659
      vertex -3.82437 2.36698 47.6667
      vertex -8.7099 6.76592 47.6667
    endloop
  endfacet
  facet normal 0.669072 0.743081 0.0131681
    outer loop
      vertex -2.75717 3.55552 47.8673
      vertex -2.75511 3.55722 47.6667
      vertex -7.63929 7.95495 47.6667
    endloop
  endfacet
  facet normal 0.164351 0.226161 0.960125
    outer loop
      vertex -7.63929 7.95495 47.6667
      vertex -2.96706 3.38328 47.9438
      vertex -2.75717 3.55552 47.8673
    endloop
  endfacet
  facet normal 0.164228 0.226038 0.960175
    outer loop
      vertex -7.63929 7.95495 47.6667
      vertex -3.1106 3.24884 48
      vertex -2.96706 3.38328 47.9438
    endloop
  endfacet
  facet normal 0.164224 0.226035 0.960176
    outer loop
      vertex -3.1106 3.24884 48
      vertex -7.63929 7.95495 47.6667
      vertex -8.42896 7.11285 48
    endloop
  endfacet
  facet normal -0.741325 0.667494 -0.0699242
    outer loop
      vertex -8.42896 7.11285 48
      vertex -7.63929 7.95495 47.6667
      vertex -8.7099 6.76592 47.6667
    endloop
  endfacet
  facet normal -0.807039 0.586343 0.0699358
    outer loop
      vertex -8.42896 7.11285 48
      vertex -8.7099 6.76592 47.6667
      vertex -9.36941 5.81842 48
    endloop
  endfacet
  facet normal -0.186755 -0.207306 -0.960285
    outer loop
      vertex -9.36941 5.81842 48
      vertex -3.82437 2.36698 47.6667
      vertex -3.89711 2.25 47.7061
    endloop
  endfacet
  facet normal -0.18698 -0.20766 -0.960165
    outer loop
      vertex -9.36941 5.81842 48
      vertex -3.89711 2.25 47.7061
      vertex -4.03593 1.9903 47.7893
    endloop
  endfacet
  facet normal -0.187068 -0.207785 -0.96012
    outer loop
      vertex -9.36941 5.81842 48
      vertex -4.03593 1.9903 47.7893
      vertex -4.0508 1.95748 47.7993
    endloop
  endfacet
  facet normal -0.186951 -0.207631 -0.960176
    outer loop
      vertex -3.82437 2.36698 47.6667
      vertex -9.36941 5.81842 48
      vertex -8.7099 6.76592 47.6667
    endloop
  endfacet
  facet normal -0.587735 -0.808947 -0.0131256
    outer loop
      vertex -4.0508 1.95748 47.7993
      vertex -4.05191 1.95503 48
      vertex -9.36941 5.81842 48
    endloop
  endfacet
  facet normal 0.587734 0.808947 0.0131561
    outer loop
      vertex -3.11256 3.247 48.2007
      vertex -3.1106 3.24884 48
      vertex -8.42896 7.11285 48
    endloop
  endfacet
  facet normal 0.139782 0.242078 0.960135
    outer loop
      vertex -8.42896 7.11285 48
      vertex -3.18198 3.18198 48.2272
      vertex -3.11256 3.247 48.2007
    endloop
  endfacet
  facet normal 0.139793 0.242092 0.96013
    outer loop
      vertex -8.42896 7.11285 48
      vertex -3.38328 2.96706 48.3107
      vertex -3.18198 3.18198 48.2272
    endloop
  endfacet
  facet normal 0.139184 0.241371 0.9604
    outer loop
      vertex -8.42896 7.11285 48
      vertex -3.43337 2.90602 48.3333
      vertex -3.38328 2.96706 48.3107
    endloop
  endfacet
  facet normal 0.139697 0.241963 0.960176
    outer loop
      vertex -3.43337 2.90602 48.3333
      vertex -8.42896 7.11285 48
      vertex -9.12628 6.19282 48.3333
    endloop
  endfacet
  facet normal -0.807038 0.586342 -0.0699411
    outer loop
      vertex -9.12628 6.19282 48.3333
      vertex -8.42896 7.11285 48
      vertex -9.36941 5.81842 48
    endloop
  endfacet
  facet normal -0.863907 0.498777 0.0699056
    outer loop
      vertex -9.12628 6.19282 48.3333
      vertex -9.36941 5.81842 48
      vertex -9.92628 4.80718 48.3333
    endloop
  endfacet
  facet normal -0.164233 -0.226054 -0.96017
    outer loop
      vertex -9.92628 4.80718 48.3333
      vertex -4.05191 1.95503 48
      vertex -4.15746 1.72207 48.0729
    endloop
  endfacet
  facet normal -0.164196 -0.225984 -0.960193
    outer loop
      vertex -9.92628 4.80718 48.3333
      vertex -4.15746 1.72207 48.0729
      vertex -4.23243 1.52288 48.1326
    endloop
  endfacet
  facet normal -0.164224 -0.226035 -0.960176
    outer loop
      vertex -4.05191 1.95503 48
      vertex -9.92628 4.80718 48.3333
      vertex -9.36941 5.81842 48
    endloop
  endfacet
  facet normal -0.499957 -0.865951 -0.0131282
    outer loop
      vertex -4.23243 1.52288 48.1326
      vertex -4.23337 1.52038 48.3333
      vertex -9.92628 4.80718 48.3333
    endloop
  endfacet
  facet normal 0.499956 0.865951 0.0131661
    outer loop
      vertex -3.43507 2.90395 48.534
      vertex -3.43337 2.90602 48.3333
      vertex -9.12628 6.19282 48.3333
    endloop
  endfacet
  facet normal 0.113824 0.255554 0.960071
    outer loop
      vertex -9.12628 6.19282 48.3333
      vertex -3.57009 2.73943 48.5938
      vertex -3.43507 2.90395 48.534
    endloop
  endfacet
  facet normal 0.113641 0.255266 0.960169
    outer loop
      vertex -9.12628 6.19282 48.3333
      vertex -3.71906 2.53154 48.6667
      vertex -3.57009 2.73943 48.5938
    endloop
  endfacet
  facet normal 0.113672 0.25531 0.960154
    outer loop
      vertex -3.71906 2.53154 48.6667
      vertex -9.12628 6.19282 48.3333
      vertex -9.72361 5.20494 48.6667
    endloop
  endfacet
  facet normal -0.863907 0.498777 -0.0699027
    outer loop
      vertex -9.72361 5.20494 48.6667
      vertex -9.12628 6.19282 48.3333
      vertex -9.92628 4.80718 48.3333
    endloop
  endfacet
  facet normal -0.911308 0.405748 0.0698991
    outer loop
      vertex -9.72361 5.20494 48.6667
      vertex -9.92628 4.80718 48.3333
      vertex -10.3744 3.74327 48.6667
    endloop
  endfacet
  facet normal -0.139825 -0.242289 -0.960075
    outer loop
      vertex -10.3744 3.74327 48.6667
      vertex -4.23337 1.52038 48.3333
      vertex -4.26118 1.44648 48.356
    endloop
  endfacet
  facet normal -0.139759 -0.242106 -0.960131
    outer loop
      vertex -10.3744 3.74327 48.6667
      vertex -4.26118 1.44648 48.356
      vertex -4.34667 1.16469 48.4395
    endloop
  endfacet
  facet normal -0.139395 -0.24123 -0.960405
    outer loop
      vertex -10.3744 3.74327 48.6667
      vertex -4.34667 1.16469 48.4395
      vertex -4.36826 1.07206 48.4659
    endloop
  endfacet
  facet normal -0.139735 -0.242029 -0.960154
    outer loop
      vertex -4.23337 1.52038 48.3333
      vertex -10.3744 3.74327 48.6667
      vertex -9.92628 4.80718 48.3333
    endloop
  endfacet
  facet normal -0.406701 -0.913467 -0.0131542
    outer loop
      vertex -4.36826 1.07206 48.4659
      vertex -4.36887 1.06944 48.6667
      vertex -10.3744 3.74327 48.6667
    endloop
  endfacet
  facet normal 0.406702 0.913466 0.013149
    outer loop
      vertex -3.72063 2.52935 48.8674
      vertex -3.71906 2.53154 48.6667
      vertex -9.72361 5.20494 48.6667
    endloop
  endfacet
  facet normal 0.0853999 0.263677 0.960823
    outer loop
      vertex -9.72361 5.20494 48.6667
      vertex -3.74161 2.50007 48.8773
      vertex -3.72063 2.52935 48.8674
    endloop
  endfacet
  facet normal 0.0863613 0.265752 0.960165
    outer loop
      vertex -9.72361 5.20494 48.6667
      vertex -3.89711 2.25 48.9605
      vertex -3.74161 2.50007 48.8773
    endloop
  endfacet
  facet normal 0.0864692 0.265958 0.960099
    outer loop
      vertex -9.72361 5.20494 48.6667
      vertex -3.96205 2.12852 49
      vertex -3.89711 2.25 48.9605
    endloop
  endfacet
  facet normal 0.0863375 0.26572 0.960176
    outer loop
      vertex -3.96205 2.12852 49
      vertex -9.72361 5.20494 48.6667
      vertex -10.2144 4.16003 49
    endloop
  endfacet
  facet normal -0.911309 0.405749 -0.0698783
    outer loop
      vertex -10.2144 4.16003 49
      vertex -9.72361 5.20494 48.6667
      vertex -10.3744 3.74327 48.6667
    endloop
  endfacet
  facet normal -0.948728 0.308244 0.0700057
    outer loop
      vertex -10.2144 4.16003 49
      vertex -10.3744 3.74327 48.6667
      vertex -10.7088 2.63834 49
    endloop
  endfacet
  facet normal -0.11364 -0.255238 -0.960177
    outer loop
      vertex -10.7088 2.63834 49
      vertex -4.36887 1.06944 48.6667
      vertex -4.41353 0.877906 48.7229
    endloop
  endfacet
  facet normal -0.113601 -0.255093 -0.96022
    outer loop
      vertex -10.7088 2.63834 49
      vertex -4.41353 0.877906 48.7229
      vertex -4.45776 0.610019 48.7993
    endloop
  endfacet
  facet normal -0.113641 -0.255242 -0.960176
    outer loop
      vertex -4.36887 1.06944 48.6667
      vertex -10.7088 2.63834 49
      vertex -10.3744 3.74327 48.6667
    endloop
  endfacet
  facet normal -0.308992 -0.950974 -0.0131533
    outer loop
      vertex -4.45776 0.610019 48.7993
      vertex -4.4582 0.607386 49
      vertex -10.7088 2.63834 49
    endloop
  endfacet
  facet normal 0.30899 0.950974 0.0131696
    outer loop
      vertex -3.96331 2.12615 49.2007
      vertex -3.96205 2.12852 49
      vertex -10.2144 4.16003 49
    endloop
  endfacet
  facet normal 0.0581655 0.273513 0.960108
    outer loop
      vertex -10.2144 4.16003 49
      vertex -4.03593 1.9903 49.2438
      vertex -3.96331 2.12615 49.2007
    endloop
  endfacet
  facet normal 0.0580881 0.273299 0.960174
    outer loop
      vertex -10.2144 4.16003 49
      vertex -4.15746 1.72207 49.3275
      vertex -4.03593 1.9903 49.2438
    endloop
  endfacet
  facet normal 0.0575066 0.271912 0.960602
    outer loop
      vertex -10.2144 4.16003 49
      vertex -4.1646 1.70309 49.3333
      vertex -4.15746 1.72207 49.3275
    endloop
  endfacet
  facet normal 0.0580894 0.273289 0.960176
    outer loop
      vertex -4.1646 1.70309 49.3333
      vertex -10.2144 4.16003 49
      vertex -10.5933 3.06955 49.3333
    endloop
  endfacet
  facet normal -0.948727 0.308243 -0.0700258
    outer loop
      vertex -10.5933 3.06955 49.3333
      vertex -10.2144 4.16003 49
      vertex -10.7088 2.63834 49
    endloop
  endfacet
  facet normal -0.975759 0.207429 0.0697708
    outer loop
      vertex -10.5933 3.06955 49.3333
      vertex -10.7088 2.63834 49
      vertex -10.926 1.50451 49.3333
    endloop
  endfacet
  facet normal -0.0861388 -0.26412 -0.960635
    outer loop
      vertex -10.926 1.50451 49.3333
      vertex -4.4582 0.607386 49
      vertex -4.4615 0.587367 49.0058
    endloop
  endfacet
  facet normal -0.0863439 -0.265732 -0.960173
    outer loop
      vertex -10.926 1.50451 49.3333
      vertex -4.4615 0.587367 49.0058
      vertex -4.49037 0.294313 49.0895
    endloop
  endfacet
  facet normal -0.0863822 -0.265948 -0.960109
    outer loop
      vertex -10.926 1.50451 49.3333
      vertex -4.49037 0.294313 49.0895
      vertex -4.49541 0.140353 49.1326
    endloop
  endfacet
  facet normal -0.0863363 -0.265715 -0.960178
    outer loop
      vertex -4.4582 0.607386 49
      vertex -10.926 1.50451 49.3333
      vertex -10.7088 2.63834 49
    endloop
  endfacet
  facet normal -0.207892 -0.978064 -0.0131383
    outer loop
      vertex -4.49541 0.140353 49.1326
      vertex -4.49549 0.137674 49.3333
      vertex -10.926 1.50451 49.3333
    endloop
  endfacet
  facet normal 0.207893 0.978063 0.0131568
    outer loop
      vertex -4.16554 1.70059 49.534
      vertex -4.1646 1.70309 49.3333
      vertex -10.5933 3.06955 49.3333
    endloop
  endfacet
  facet normal 0.0292374 0.278042 0.960124
    outer loop
      vertex -10.5933 3.06955 49.3333
      vertex -4.26118 1.44648 49.6105
      vertex -4.16554 1.70059 49.534
    endloop
  endfacet
  facet normal 0.0291914 0.277871 0.960175
    outer loop
      vertex -10.5933 3.06955 49.3333
      vertex -4.31827 1.25828 49.6667
      vertex -4.26118 1.44648 49.6105
    endloop
  endfacet
  facet normal 0.0292126 0.27794 0.960154
    outer loop
      vertex -4.31827 1.25828 49.6667
      vertex -10.5933 3.06955 49.3333
      vertex -10.8561 1.94543 49.6667
    endloop
  endfacet
  facet normal -0.97576 0.207429 -0.0697485
    outer loop
      vertex -10.8561 1.94543 49.6667
      vertex -10.5933 3.06955 49.3333
      vertex -10.926 1.50451 49.3333
    endloop
  endfacet
  facet normal -0.992075 0.104305 0.0700533
    outer loop
      vertex -10.8561 1.94543 49.6667
      vertex -10.926 1.50451 49.3333
      vertex -11.0234 0.354195 49.6667
    endloop
  endfacet
  facet normal -0.0580993 -0.273332 -0.960164
    outer loop
      vertex -11.0234 0.354195 49.6667
      vertex -4.5 0 49.3728
      vertex -4.49037 -0.294313 49.456
    endloop
  endfacet
  facet normal -0.0581156 -0.273514 -0.960111
    outer loop
      vertex -11.0234 0.354195 49.6667
      vertex -4.49037 -0.294313 49.456
      vertex -4.48683 -0.330168 49.466
    endloop
  endfacet
  facet normal -0.0581007 -0.273365 -0.960154
    outer loop
      vertex -4.5 0 49.3728
      vertex -11.0234 0.354195 49.6667
      vertex -10.926 1.50451 49.3333
    endloop
  endfacet
  facet normal -0.0581457 -0.273556 -0.960097
    outer loop
      vertex -4.49549 0.137674 49.3333
      vertex -4.5 0 49.3728
      vertex -10.926 1.50451 49.3333
    endloop
  endfacet
  facet normal -0.104519 -0.994436 -0.0131485
    outer loop
      vertex -4.48683 -0.330168 49.466
      vertex -4.48657 -0.332849 49.6667
      vertex -11.0234 0.354195 49.6667
    endloop
  endfacet
  facet normal 0.104519 0.994435 0.0131949
    outer loop
      vertex -4.31906 1.2557 49.8674
      vertex -4.31827 1.25828 49.6667
      vertex -10.8561 1.94543 49.6667
    endloop
  endfacet
  facet normal 1.89811e-05 0.279561 0.960128
    outer loop
      vertex -10.8561 1.94543 49.6667
      vertex -4.34667 1.16469 49.8939
      vertex -4.31906 1.2557 49.8674
    endloop
  endfacet
  facet normal -2.18207e-05 0.279248 0.960219
    outer loop
      vertex -10.8561 1.94543 49.6667
      vertex -4.41353 0.877906 49.9773
      vertex -4.34667 1.16469 49.8939
    endloop
  endfacet
  facet normal 6.49422e-05 0.27973 0.960079
    outer loop
      vertex -10.8561 1.94543 49.6667
      vertex -4.4264 0.799999 50
      vertex -4.41353 0.877906 49.9773
    endloop
  endfacet
  facet normal 0 0.279394 0.960176
    outer loop
      vertex -4.4264 0.799999 50
      vertex -10.8561 1.94543 49.6667
      vertex -11 0.799999 50
    endloop
  endfacet
  facet normal -0.992088 0.104307 -0.0698633
    outer loop
      vertex -11 0.799999 50
      vertex -10.8561 1.94543 49.6667
      vertex -11.0234 0.354195 49.6667
    endloop
  endfacet
  facet normal -0.997545 0 0.0700346
    outer loop
      vertex -11 -0.799999 50
      vertex -11 0.799999 50
      vertex -11.0234 0.354195 49.6667
    endloop
  endfacet
  facet normal -0.0292063 -0.277799 -0.960195
    outer loop
      vertex -11 -0.799999 50
      vertex -4.4615 -0.587367 49.7396
      vertex -4.42683 -0.797361 49.7993
    endloop
  endfacet
  facet normal -0.0292023 -0.277891 -0.960168
    outer loop
      vertex -11 -0.799999 50
      vertex -4.48657 -0.332849 49.6667
      vertex -4.4615 -0.587367 49.7396
    endloop
  endfacet
  facet normal -0.0292046 -0.277865 -0.960176
    outer loop
      vertex -4.48657 -0.332849 49.6667
      vertex -11 -0.799999 50
      vertex -11.0234 0.354195 49.6667
    endloop
  endfacet
  facet normal 0 -0.999914 -0.0131429
    outer loop
      vertex -4.42683 -0.797361 49.7993
      vertex -4.4264 -0.799999 50
      vertex -11 -0.799999 50
    endloop
  endfacet
  facet normal 0 0.999914 0.0131429
    outer loop
      vertex -4.42683 0.797361 50.2007
      vertex -4.4264 0.799999 50
      vertex -11 0.799999 50
    endloop
  endfacet
  facet normal -0.0292063 0.277799 0.960195
    outer loop
      vertex -11 0.799999 50
      vertex -4.4615 0.587367 50.2604
      vertex -4.42683 0.797361 50.2007
    endloop
  endfacet
  facet normal -0.0292023 0.277891 0.960168
    outer loop
      vertex -11 0.799999 50
      vertex -4.48657 0.332849 50.3333
      vertex -4.4615 0.587367 50.2604
    endloop
  endfacet
  facet normal -0.0292046 0.277865 0.960176
    outer loop
      vertex -4.48657 0.332849 50.3333
      vertex -11 0.799999 50
      vertex -11.0234 -0.354195 50.3333
    endloop
  endfacet
  facet normal -0.997545 -0 -0.0700346
    outer loop
      vertex -11 0.799999 50
      vertex -11 -0.799999 50
      vertex -11.0234 -0.354195 50.3333
    endloop
  endfacet
  facet normal -0.992088 -0.104307 0.0698633
    outer loop
      vertex -11 -0.799999 50
      vertex -10.8561 -1.94543 50.3333
      vertex -11.0234 -0.354195 50.3333
    endloop
  endfacet
  facet normal 1.89811e-05 -0.279561 -0.960128
    outer loop
      vertex -10.8561 -1.94543 50.3333
      vertex -4.34667 -1.16469 50.1061
      vertex -4.31906 -1.2557 50.1326
    endloop
  endfacet
  facet normal -2.18207e-05 -0.279248 -0.960219
    outer loop
      vertex -10.8561 -1.94543 50.3333
      vertex -4.41353 -0.877906 50.0227
      vertex -4.34667 -1.16469 50.1061
    endloop
  endfacet
  facet normal 6.49422e-05 -0.27973 -0.960079
    outer loop
      vertex -10.8561 -1.94543 50.3333
      vertex -4.4264 -0.799999 50
      vertex -4.41353 -0.877906 50.0227
    endloop
  endfacet
  facet normal -0 -0.279394 -0.960176
    outer loop
      vertex -4.4264 -0.799999 50
      vertex -10.8561 -1.94543 50.3333
      vertex -11 -0.799999 50
    endloop
  endfacet
  facet normal 0.104519 -0.994435 -0.0131949
    outer loop
      vertex -4.31906 -1.2557 50.1326
      vertex -4.31827 -1.25828 50.3333
      vertex -10.8561 -1.94543 50.3333
    endloop
  endfacet
  facet normal -0.104519 0.994436 0.0131485
    outer loop
      vertex -4.48683 0.330168 50.534
      vertex -4.48657 0.332849 50.3333
      vertex -11.0234 -0.354195 50.3333
    endloop
  endfacet
  facet normal -0.0580993 0.273332 0.960164
    outer loop
      vertex -11.0234 -0.354195 50.3333
      vertex -4.5 0 50.6272
      vertex -4.49037 0.294313 50.544
    endloop
  endfacet
  facet normal -0.0581156 0.273514 0.960111
    outer loop
      vertex -11.0234 -0.354195 50.3333
      vertex -4.49037 0.294313 50.544
      vertex -4.48683 0.330168 50.534
    endloop
  endfacet
  facet normal -0.0581007 0.273365 0.960154
    outer loop
      vertex -4.5 0 50.6272
      vertex -11.0234 -0.354195 50.3333
      vertex -10.926 -1.50451 50.6667
    endloop
  endfacet
  facet normal -0.0581457 0.273556 0.960097
    outer loop
      vertex -4.49549 -0.137674 50.6667
      vertex -4.5 0 50.6272
      vertex -10.926 -1.50451 50.6667
    endloop
  endfacet
  facet normal -0.992075 -0.104305 -0.0700533
    outer loop
      vertex -10.8561 -1.94543 50.3333
      vertex -10.926 -1.50451 50.6667
      vertex -11.0234 -0.354195 50.3333
    endloop
  endfacet
  facet normal -0.97576 -0.207429 0.0697485
    outer loop
      vertex -10.8561 -1.94543 50.3333
      vertex -10.5933 -3.06955 50.6667
      vertex -10.926 -1.50451 50.6667
    endloop
  endfacet
  facet normal 0.0292374 -0.278042 -0.960124
    outer loop
      vertex -10.5933 -3.06955 50.6667
      vertex -4.26118 -1.44648 50.3895
      vertex -4.16554 -1.70059 50.466
    endloop
  endfacet
  facet normal 0.0291914 -0.277871 -0.960175
    outer loop
      vertex -10.5933 -3.06955 50.6667
      vertex -4.31827 -1.25828 50.3333
      vertex -4.26118 -1.44648 50.3895
    endloop
  endfacet
  facet normal 0.0292126 -0.27794 -0.960154
    outer loop
      vertex -4.31827 -1.25828 50.3333
      vertex -10.5933 -3.06955 50.6667
      vertex -10.8561 -1.94543 50.3333
    endloop
  endfacet
  facet normal 0.207893 -0.978063 -0.0131568
    outer loop
      vertex -4.16554 -1.70059 50.466
      vertex -4.1646 -1.70309 50.6667
      vertex -10.5933 -3.06955 50.6667
    endloop
  endfacet
  facet normal -0.207892 0.978064 0.0131383
    outer loop
      vertex -4.49541 -0.140353 50.8674
      vertex -4.49549 -0.137674 50.6667
      vertex -10.926 -1.50451 50.6667
    endloop
  endfacet
  facet normal -0.0861388 0.26412 0.960635
    outer loop
      vertex -10.926 -1.50451 50.6667
      vertex -4.4582 -0.607386 51
      vertex -4.4615 -0.587367 50.9942
    endloop
  endfacet
  facet normal -0.0863439 0.265732 0.960173
    outer loop
      vertex -10.926 -1.50451 50.6667
      vertex -4.4615 -0.587367 50.9942
      vertex -4.49037 -0.294313 50.9105
    endloop
  endfacet
  facet normal -0.0863822 0.265948 0.960109
    outer loop
      vertex -10.926 -1.50451 50.6667
      vertex -4.49037 -0.294313 50.9105
      vertex -4.49541 -0.140353 50.8674
    endloop
  endfacet
  facet normal -0.0863363 0.265715 0.960178
    outer loop
      vertex -4.4582 -0.607386 51
      vertex -10.926 -1.50451 50.6667
      vertex -10.7088 -2.63834 51
    endloop
  endfacet
  facet normal -0.975759 -0.207429 -0.0697708
    outer loop
      vertex -10.5933 -3.06955 50.6667
      vertex -10.7088 -2.63834 51
      vertex -10.926 -1.50451 50.6667
    endloop
  endfacet
  facet normal -0.948727 -0.308243 0.0700258
    outer loop
      vertex -10.5933 -3.06955 50.6667
      vertex -10.2144 -4.16003 51
      vertex -10.7088 -2.63834 51
    endloop
  endfacet
  facet normal 0.0581655 -0.273513 -0.960108
    outer loop
      vertex -10.2144 -4.16003 51
      vertex -4.03593 -1.9903 50.7562
      vertex -3.96331 -2.12615 50.7993
    endloop
  endfacet
  facet normal 0.0580881 -0.273299 -0.960174
    outer loop
      vertex -10.2144 -4.16003 51
      vertex -4.15746 -1.72207 50.6725
      vertex -4.03593 -1.9903 50.7562
    endloop
  endfacet
  facet normal 0.0575066 -0.271912 -0.960602
    outer loop
      vertex -10.2144 -4.16003 51
      vertex -4.1646 -1.70309 50.6667
      vertex -4.15746 -1.72207 50.6725
    endloop
  endfacet
  facet normal 0.0580894 -0.273289 -0.960176
    outer loop
      vertex -4.1646 -1.70309 50.6667
      vertex -10.2144 -4.16003 51
      vertex -10.5933 -3.06955 50.6667
    endloop
  endfacet
  facet normal 0.30899 -0.950974 -0.0131696
    outer loop
      vertex -3.96331 -2.12615 50.7993
      vertex -3.96205 -2.12852 51
      vertex -10.2144 -4.16003 51
    endloop
  endfacet
  facet normal -0.308992 0.950974 0.0131533
    outer loop
      vertex -4.45776 -0.610019 51.2007
      vertex -4.4582 -0.607386 51
      vertex -10.7088 -2.63834 51
    endloop
  endfacet
  facet normal -0.11364 0.255238 0.960177
    outer loop
      vertex -10.7088 -2.63834 51
      vertex -4.36887 -1.06944 51.3333
      vertex -4.41353 -0.877906 51.2771
    endloop
  endfacet
  facet normal -0.113601 0.255093 0.96022
    outer loop
      vertex -10.7088 -2.63834 51
      vertex -4.41353 -0.877906 51.2771
      vertex -4.45776 -0.610019 51.2007
    endloop
  endfacet
  facet normal -0.113641 0.255242 0.960176
    outer loop
      vertex -4.36887 -1.06944 51.3333
      vertex -10.7088 -2.63834 51
      vertex -10.3744 -3.74327 51.3333
    endloop
  endfacet
  facet normal -0.948728 -0.308244 -0.0700057
    outer loop
      vertex -10.2144 -4.16003 51
      vertex -10.3744 -3.74327 51.3333
      vertex -10.7088 -2.63834 51
    endloop
  endfacet
  facet normal -0.911309 -0.405749 0.0698783
    outer loop
      vertex -10.2144 -4.16003 51
      vertex -9.72361 -5.20494 51.3333
      vertex -10.3744 -3.74327 51.3333
    endloop
  endfacet
  facet normal 0.0853999 -0.263677 -0.960823
    outer loop
      vertex -9.72361 -5.20494 51.3333
      vertex -3.74161 -2.50007 51.1227
      vertex -3.72063 -2.52935 51.1326
    endloop
  endfacet
  facet normal 0.0863613 -0.265752 -0.960165
    outer loop
      vertex -9.72361 -5.20494 51.3333
      vertex -3.89711 -2.25 51.0395
      vertex -3.74161 -2.50007 51.1227
    endloop
  endfacet
  facet normal 0.0864692 -0.265958 -0.960099
    outer loop
      vertex -9.72361 -5.20494 51.3333
      vertex -3.96205 -2.12852 51
      vertex -3.89711 -2.25 51.0395
    endloop
  endfacet
  facet normal 0.0863375 -0.26572 -0.960176
    outer loop
      vertex -3.96205 -2.12852 51
      vertex -9.72361 -5.20494 51.3333
      vertex -10.2144 -4.16003 51
    endloop
  endfacet
  facet normal 0.406702 -0.913466 -0.013149
    outer loop
      vertex -3.72063 -2.52935 51.1326
      vertex -3.71906 -2.53154 51.3333
      vertex -9.72361 -5.20494 51.3333
    endloop
  endfacet
  facet normal -0.406701 0.913467 0.0131608
    outer loop
      vertex -4.36826 -1.07206 51.534
      vertex -4.36887 -1.06944 51.3333
      vertex -10.3744 -3.74327 51.3333
    endloop
  endfacet
  facet normal -0.139825 0.242289 0.960075
    outer loop
      vertex -10.3744 -3.74327 51.3333
      vertex -4.23337 -1.52038 51.6667
      vertex -4.26118 -1.44648 51.644
    endloop
  endfacet
  facet normal -0.139759 0.242106 0.960131
    outer loop
      vertex -10.3744 -3.74327 51.3333
      vertex -4.26118 -1.44648 51.644
      vertex -4.34667 -1.16469 51.5605
    endloop
  endfacet
  facet normal -0.139759 0.242104 0.960132
    outer loop
      vertex -10.3744 -3.74327 51.3333
      vertex -4.34667 -1.16469 51.5605
      vertex -4.36826 -1.07206 51.534
    endloop
  endfacet
  facet normal -0.139735 0.242029 0.960154
    outer loop
      vertex -4.23337 -1.52038 51.6667
      vertex -10.3744 -3.74327 51.3333
      vertex -9.92628 -4.80718 51.6667
    endloop
  endfacet
  facet normal -0.911308 -0.405748 -0.0698991
    outer loop
      vertex -9.72361 -5.20494 51.3333
      vertex -9.92628 -4.80718 51.6667
      vertex -10.3744 -3.74327 51.3333
    endloop
  endfacet
  facet normal -0.863907 -0.498777 0.0699027
    outer loop
      vertex -9.72361 -5.20494 51.3333
      vertex -9.12628 -6.19282 51.6667
      vertex -9.92628 -4.80718 51.6667
    endloop
  endfacet
  facet normal 0.113824 -0.255554 -0.960071
    outer loop
      vertex -9.12628 -6.19282 51.6667
      vertex -3.57009 -2.73943 51.4062
      vertex -3.43507 -2.90395 51.466
    endloop
  endfacet
  facet normal 0.113641 -0.255266 -0.960169
    outer loop
      vertex -9.12628 -6.19282 51.6667
      vertex -3.71906 -2.53154 51.3333
      vertex -3.57009 -2.73943 51.4062
    endloop
  endfacet
  facet normal 0.113672 -0.25531 -0.960154
    outer loop
      vertex -3.71906 -2.53154 51.3333
      vertex -9.12628 -6.19282 51.6667
      vertex -9.72361 -5.20494 51.3333
    endloop
  endfacet
  facet normal 0.499956 -0.865951 -0.0131661
    outer loop
      vertex -3.43507 -2.90395 51.466
      vertex -3.43337 -2.90602 51.6667
      vertex -9.12628 -6.19282 51.6667
    endloop
  endfacet
  facet normal -0.499957 0.865951 0.0131282
    outer loop
      vertex -4.23243 -1.52288 51.8674
      vertex -4.23337 -1.52038 51.6667
      vertex -9.92628 -4.80718 51.6667
    endloop
  endfacet
  facet normal -0.164233 0.226054 0.96017
    outer loop
      vertex -9.92628 -4.80718 51.6667
      vertex -4.05191 -1.95503 52
      vertex -4.15746 -1.72207 51.9271
    endloop
  endfacet
  facet normal -0.164196 0.225984 0.960193
    outer loop
      vertex -9.92628 -4.80718 51.6667
      vertex -4.15746 -1.72207 51.9271
      vertex -4.23243 -1.52288 51.8674
    endloop
  endfacet
  facet normal -0.164224 0.226035 0.960176
    outer loop
      vertex -4.05191 -1.95503 52
      vertex -9.92628 -4.80718 51.6667
      vertex -9.36941 -5.81842 52
    endloop
  endfacet
  facet normal -0.863907 -0.498777 -0.0699056
    outer loop
      vertex -9.12628 -6.19282 51.6667
      vertex -9.36941 -5.81842 52
      vertex -9.92628 -4.80718 51.6667
    endloop
  endfacet
  facet normal -0.807038 -0.586342 0.0699411
    outer loop
      vertex -9.12628 -6.19282 51.6667
      vertex -8.42896 -7.11285 52
      vertex -9.36941 -5.81842 52
    endloop
  endfacet
  facet normal 0.139782 -0.242078 -0.960135
    outer loop
      vertex -8.42896 -7.11285 52
      vertex -3.18198 -3.18198 51.7728
      vertex -3.11256 -3.247 51.7993
    endloop
  endfacet
  facet normal 0.139793 -0.242092 -0.96013
    outer loop
      vertex -8.42896 -7.11285 52
      vertex -3.38328 -2.96706 51.6893
      vertex -3.18198 -3.18198 51.7728
    endloop
  endfacet
  facet normal 0.139184 -0.241371 -0.9604
    outer loop
      vertex -8.42896 -7.11285 52
      vertex -3.43337 -2.90602 51.6667
      vertex -3.38328 -2.96706 51.6893
    endloop
  endfacet
  facet normal 0.139697 -0.241963 -0.960176
    outer loop
      vertex -3.43337 -2.90602 51.6667
      vertex -8.42896 -7.11285 52
      vertex -9.12628 -6.19282 51.6667
    endloop
  endfacet
  facet normal 0.587734 -0.808947 -0.0131561
    outer loop
      vertex -3.11256 -3.247 51.7993
      vertex -3.1106 -3.24884 52
      vertex -8.42896 -7.11285 52
    endloop
  endfacet
  facet normal -0.587735 0.808947 0.0131256
    outer loop
      vertex -4.0508 -1.95748 52.2007
      vertex -4.05191 -1.95503 52
      vertex -9.36941 -5.81842 52
    endloop
  endfacet
  facet normal -0.186755 0.207306 0.960285
    outer loop
      vertex -9.36941 -5.81842 52
      vertex -3.82437 -2.36698 52.3333
      vertex -3.89711 -2.25 52.2939
    endloop
  endfacet
  facet normal -0.18698 0.20766 0.960165
    outer loop
      vertex -9.36941 -5.81842 52
      vertex -3.89711 -2.25 52.2939
      vertex -4.03593 -1.9903 52.2107
    endloop
  endfacet
  facet normal -0.187068 0.207785 0.96012
    outer loop
      vertex -9.36941 -5.81842 52
      vertex -4.03593 -1.9903 52.2107
      vertex -4.0508 -1.95748 52.2007
    endloop
  endfacet
  facet normal -0.186951 0.207631 0.960176
    outer loop
      vertex -3.82437 -2.36698 52.3333
      vertex -9.36941 -5.81842 52
      vertex -8.7099 -6.76592 52.3333
    endloop
  endfacet
  facet normal -0.807039 -0.586343 -0.0699358
    outer loop
      vertex -8.42896 -7.11285 52
      vertex -8.7099 -6.76592 52.3333
      vertex -9.36941 -5.81842 52
    endloop
  endfacet
  facet normal -0.741325 -0.667494 0.0699242
    outer loop
      vertex -8.42896 -7.11285 52
      vertex -7.63929 -7.95495 52.3333
      vertex -8.7099 -6.76592 52.3333
    endloop
  endfacet
  facet normal 0.164351 -0.226161 -0.960125
    outer loop
      vertex -7.63929 -7.95495 52.3333
      vertex -2.96706 -3.38328 52.0562
      vertex -2.75717 -3.55552 52.1327
    endloop
  endfacet
  facet normal 0.164228 -0.226038 -0.960175
    outer loop
      vertex -7.63929 -7.95495 52.3333
      vertex -3.1106 -3.24884 52
      vertex -2.96706 -3.38328 52.0562
    endloop
  endfacet
  facet normal 0.164224 -0.226035 -0.960176
    outer loop
      vertex -3.1106 -3.24884 52
      vertex -7.63929 -7.95495 52.3333
      vertex -8.42896 -7.11285 52
    endloop
  endfacet
  facet normal 0.669072 -0.743081 -0.0131681
    outer loop
      vertex -2.75717 -3.55552 52.1327
      vertex -2.75511 -3.55722 52.3333
      vertex -7.63929 -7.95495 52.3333
    endloop
  endfacet
  facet normal -0.669072 0.743082 0.0130985
    outer loop
      vertex -3.82296 -2.36925 52.5341
      vertex -3.82437 -2.36698 52.3333
      vertex -8.7099 -6.76592 52.3333
    endloop
  endfacet
  facet normal -0.209327 0.189174 0.959372
    outer loop
      vertex -8.7099 -6.76592 52.3333
      vertex -3.55722 -2.75511 52.6667
      vertex -3.57009 -2.73943 52.6608
    endloop
  endfacet
  facet normal -0.207645 0.186962 0.960171
    outer loop
      vertex -8.7099 -6.76592 52.3333
      vertex -3.57009 -2.73943 52.6608
      vertex -3.74161 -2.50007 52.5771
    endloop
  endfacet
  facet normal -0.2074 0.18667 0.960281
    outer loop
      vertex -8.7099 -6.76592 52.3333
      vertex -3.74161 -2.50007 52.5771
      vertex -3.82296 -2.36925 52.5341
    endloop
  endfacet
  facet normal -0.207687 0.187002 0.960154
    outer loop
      vertex -3.55722 -2.75511 52.6667
      vertex -8.7099 -6.76592 52.3333
      vertex -7.95495 -7.63929 52.6667
    endloop
  endfacet
  facet normal -0.741326 -0.667495 -0.069903
    outer loop
      vertex -7.63929 -7.95495 52.3333
      vertex -7.95495 -7.63929 52.6667
      vertex -8.7099 -6.76592 52.3333
    endloop
  endfacet
  facet normal -0.667495 -0.741326 0.069903
    outer loop
      vertex -7.63929 -7.95495 52.3333
      vertex -6.76592 -8.7099 52.6667
      vertex -7.95495 -7.63929 52.6667
    endloop
  endfacet
  facet normal 0.18667 -0.2074 -0.960281
    outer loop
      vertex -6.76592 -8.7099 52.6667
      vertex -2.50007 -3.74161 52.4229
      vertex -2.36925 -3.82296 52.4659
    endloop
  endfacet
  facet normal 0.186962 -0.207645 -0.960171
    outer loop
      vertex -6.76592 -8.7099 52.6667
      vertex -2.73943 -3.57009 52.3392
      vertex -2.50007 -3.74161 52.4229
    endloop
  endfacet
  facet normal 0.189174 -0.209327 -0.959372
    outer loop
      vertex -6.76592 -8.7099 52.6667
      vertex -2.75511 -3.55722 52.3333
      vertex -2.73943 -3.57009 52.3392
    endloop
  endfacet
  facet normal 0.187002 -0.207687 -0.960154
    outer loop
      vertex -2.75511 -3.55722 52.3333
      vertex -6.76592 -8.7099 52.6667
      vertex -7.63929 -7.95495 52.3333
    endloop
  endfacet
  facet normal 0.743082 -0.669072 -0.0130985
    outer loop
      vertex -2.36925 -3.82296 52.4659
      vertex -2.36698 -3.82437 52.6667
      vertex -6.76592 -8.7099 52.6667
    endloop
  endfacet
  facet normal -0.743081 0.669072 0.0131681
    outer loop
      vertex -3.55552 -2.75717 52.8673
      vertex -3.55722 -2.75511 52.6667
      vertex -7.95495 -7.63929 52.6667
    endloop
  endfacet
  facet normal -0.226038 0.164228 0.960175
    outer loop
      vertex -7.95495 -7.63929 52.6667
      vertex -3.24884 -3.1106 53
      vertex -3.38328 -2.96706 52.9438
    endloop
  endfacet
  facet normal -0.226161 0.164351 0.960125
    outer loop
      vertex -7.95495 -7.63929 52.6667
      vertex -3.38328 -2.96706 52.9438
      vertex -3.55552 -2.75717 52.8673
    endloop
  endfacet
  facet normal -0.226035 0.164224 0.960176
    outer loop
      vertex -3.24884 -3.1106 53
      vertex -7.95495 -7.63929 52.6667
      vertex -7.11285 -8.42896 53
    endloop
  endfacet
  facet normal -0.667494 -0.741325 -0.0699242
    outer loop
      vertex -6.76592 -8.7099 52.6667
      vertex -7.11285 -8.42896 53
      vertex -7.95495 -7.63929 52.6667
    endloop
  endfacet
  facet normal -0.586343 -0.807039 0.0699358
    outer loop
      vertex -6.76592 -8.7099 52.6667
      vertex -5.81842 -9.36941 53
      vertex -7.11285 -8.42896 53
    endloop
  endfacet
  facet normal 0.207785 -0.187068 -0.96012
    outer loop
      vertex -5.81842 -9.36941 53
      vertex -1.9903 -4.03593 52.7893
      vertex -1.95748 -4.0508 52.7993
    endloop
  endfacet
  facet normal 0.20766 -0.18698 -0.960165
    outer loop
      vertex -5.81842 -9.36941 53
      vertex -2.25 -3.89711 52.7061
      vertex -1.9903 -4.03593 52.7893
    endloop
  endfacet
  facet normal 0.207306 -0.186755 -0.960285
    outer loop
      vertex -5.81842 -9.36941 53
      vertex -2.36698 -3.82437 52.6667
      vertex -2.25 -3.89711 52.7061
    endloop
  endfacet
  facet normal 0.207631 -0.186951 -0.960176
    outer loop
      vertex -2.36698 -3.82437 52.6667
      vertex -5.81842 -9.36941 53
      vertex -6.76592 -8.7099 52.6667
    endloop
  endfacet
  facet normal 0.808947 -0.587735 -0.0131256
    outer loop
      vertex -1.95748 -4.0508 52.7993
      vertex -1.95503 -4.05191 53
      vertex -5.81842 -9.36941 53
    endloop
  endfacet
  facet normal -0.808947 0.587734 0.0131561
    outer loop
      vertex -3.247 -3.11256 53.2007
      vertex -3.24884 -3.1106 53
      vertex -7.11285 -8.42896 53
    endloop
  endfacet
  facet normal -0.241371 0.139184 0.9604
    outer loop
      vertex -7.11285 -8.42896 53
      vertex -2.90602 -3.43337 53.3333
      vertex -2.96706 -3.38328 53.3107
    endloop
  endfacet
  facet normal -0.242092 0.139793 0.96013
    outer loop
      vertex -7.11285 -8.42896 53
      vertex -2.96706 -3.38328 53.3107
      vertex -3.18198 -3.18198 53.2272
    endloop
  endfacet
  facet normal -0.242078 0.139782 0.960135
    outer loop
      vertex -7.11285 -8.42896 53
      vertex -3.18198 -3.18198 53.2272
      vertex -3.247 -3.11256 53.2007
    endloop
  endfacet
  facet normal -0.241963 0.139697 0.960176
    outer loop
      vertex -2.90602 -3.43337 53.3333
      vertex -7.11285 -8.42896 53
      vertex -6.19282 -9.12628 53.3333
    endloop
  endfacet
  facet normal -0.586342 -0.807038 -0.0699411
    outer loop
      vertex -5.81842 -9.36941 53
      vertex -6.19282 -9.12628 53.3333
      vertex -7.11285 -8.42896 53
    endloop
  endfacet
  facet normal -0.498777 -0.863907 0.0699056
    outer loop
      vertex -5.81842 -9.36941 53
      vertex -4.80718 -9.92628 53.3333
      vertex -6.19282 -9.12628 53.3333
    endloop
  endfacet
  facet normal 0.225984 -0.164196 -0.960193
    outer loop
      vertex -4.80718 -9.92628 53.3333
      vertex -1.72207 -4.15746 53.0729
      vertex -1.52288 -4.23243 53.1326
    endloop
  endfacet
  facet normal 0.226054 -0.164233 -0.96017
    outer loop
      vertex -4.80718 -9.92628 53.3333
      vertex -1.95503 -4.05191 53
      vertex -1.72207 -4.15746 53.0729
    endloop
  endfacet
  facet normal 0.226035 -0.164224 -0.960176
    outer loop
      vertex -1.95503 -4.05191 53
      vertex -4.80718 -9.92628 53.3333
      vertex -5.81842 -9.36941 53
    endloop
  endfacet
  facet normal 0.865951 -0.499957 -0.0131282
    outer loop
      vertex -1.52288 -4.23243 53.1326
      vertex -1.52038 -4.23337 53.3333
      vertex -4.80718 -9.92628 53.3333
    endloop
  endfacet
  facet normal -0.865951 0.499956 0.0131661
    outer loop
      vertex -2.90395 -3.43507 53.534
      vertex -2.90602 -3.43337 53.3333
      vertex -6.19282 -9.12628 53.3333
    endloop
  endfacet
  facet normal -0.255266 0.113641 0.960169
    outer loop
      vertex -6.19282 -9.12628 53.3333
      vertex -2.53154 -3.71906 53.6667
      vertex -2.73943 -3.57009 53.5938
    endloop
  endfacet
  facet normal -0.255554 0.113824 0.960071
    outer loop
      vertex -6.19282 -9.12628 53.3333
      vertex -2.73943 -3.57009 53.5938
      vertex -2.90395 -3.43507 53.534
    endloop
  endfacet
  facet normal -0.25531 0.113672 0.960154
    outer loop
      vertex -2.53154 -3.71906 53.6667
      vertex -6.19282 -9.12628 53.3333
      vertex -5.20494 -9.72361 53.6667
    endloop
  endfacet
  facet normal -0.498777 -0.863907 -0.0699027
    outer loop
      vertex -4.80718 -9.92628 53.3333
      vertex -5.20494 -9.72361 53.6667
      vertex -6.19282 -9.12628 53.3333
    endloop
  endfacet
  facet normal -0.405748 -0.911308 0.0698991
    outer loop
      vertex -4.80718 -9.92628 53.3333
      vertex -3.74327 -10.3744 53.6667
      vertex -5.20494 -9.72361 53.6667
    endloop
  endfacet
  facet normal 0.24123 -0.139395 -0.960405
    outer loop
      vertex -3.74327 -10.3744 53.6667
      vertex -1.16469 -4.34667 53.4395
      vertex -1.07206 -4.36826 53.4659
    endloop
  endfacet
  facet normal 0.242106 -0.139759 -0.960131
    outer loop
      vertex -3.74327 -10.3744 53.6667
      vertex -1.44648 -4.26118 53.356
      vertex -1.16469 -4.34667 53.4395
    endloop
  endfacet
  facet normal 0.242289 -0.139825 -0.960075
    outer loop
      vertex -3.74327 -10.3744 53.6667
      vertex -1.52038 -4.23337 53.3333
      vertex -1.44648 -4.26118 53.356
    endloop
  endfacet
  facet normal 0.242029 -0.139735 -0.960154
    outer loop
      vertex -1.52038 -4.23337 53.3333
      vertex -3.74327 -10.3744 53.6667
      vertex -4.80718 -9.92628 53.3333
    endloop
  endfacet
  facet normal 0.913467 -0.406701 -0.0131542
    outer loop
      vertex -1.07206 -4.36826 53.4659
      vertex -1.06944 -4.36887 53.6667
      vertex -3.74327 -10.3744 53.6667
    endloop
  endfacet
  facet normal -0.913466 0.406702 0.013149
    outer loop
      vertex -2.52935 -3.72063 53.8674
      vertex -2.53154 -3.71906 53.6667
      vertex -5.20494 -9.72361 53.6667
    endloop
  endfacet
  facet normal -0.265958 0.0864692 0.960099
    outer loop
      vertex -5.20494 -9.72361 53.6667
      vertex -2.12852 -3.96205 54
      vertex -2.25 -3.89711 53.9605
    endloop
  endfacet
  facet normal -0.265752 0.0863613 0.960165
    outer loop
      vertex -5.20494 -9.72361 53.6667
      vertex -2.25 -3.89711 53.9605
      vertex -2.50007 -3.74161 53.8773
    endloop
  endfacet
  facet normal -0.263677 0.0853999 0.960823
    outer loop
      vertex -5.20494 -9.72361 53.6667
      vertex -2.50007 -3.74161 53.8773
      vertex -2.52935 -3.72063 53.8674
    endloop
  endfacet
  facet normal -0.26572 0.0863375 0.960176
    outer loop
      vertex -2.12852 -3.96205 54
      vertex -5.20494 -9.72361 53.6667
      vertex -4.16003 -10.2144 54
    endloop
  endfacet
  facet normal -0.405749 -0.911309 -0.0698783
    outer loop
      vertex -3.74327 -10.3744 53.6667
      vertex -4.16003 -10.2144 54
      vertex -5.20494 -9.72361 53.6667
    endloop
  endfacet
  facet normal -0.308244 -0.948728 0.0700057
    outer loop
      vertex -3.74327 -10.3744 53.6667
      vertex -2.63834 -10.7088 54
      vertex -4.16003 -10.2144 54
    endloop
  endfacet
  facet normal 0.255093 -0.113601 -0.96022
    outer loop
      vertex -2.63834 -10.7088 54
      vertex -0.877906 -4.41353 53.7229
      vertex -0.610019 -4.45776 53.7993
    endloop
  endfacet
  facet normal 0.255238 -0.11364 -0.960177
    outer loop
      vertex -2.63834 -10.7088 54
      vertex -1.06944 -4.36887 53.6667
      vertex -0.877906 -4.41353 53.7229
    endloop
  endfacet
  facet normal 0.255242 -0.113641 -0.960176
    outer loop
      vertex -1.06944 -4.36887 53.6667
      vertex -2.63834 -10.7088 54
      vertex -3.74327 -10.3744 53.6667
    endloop
  endfacet
  facet normal 0.950974 -0.308992 -0.0131533
    outer loop
      vertex -0.610019 -4.45776 53.7993
      vertex -0.607386 -4.4582 54
      vertex -2.63834 -10.7088 54
    endloop
  endfacet
  facet normal -0.950974 0.30899 0.0131696
    outer loop
      vertex -2.12615 -3.96331 54.2007
      vertex -2.12852 -3.96205 54
      vertex -4.16003 -10.2144 54
    endloop
  endfacet
  facet normal -0.271912 0.0575066 0.960602
    outer loop
      vertex -4.16003 -10.2144 54
      vertex -1.70309 -4.1646 54.3333
      vertex -1.72207 -4.15746 54.3275
    endloop
  endfacet
  facet normal -0.273299 0.0580881 0.960174
    outer loop
      vertex -4.16003 -10.2144 54
      vertex -1.72207 -4.15746 54.3275
      vertex -1.9903 -4.03593 54.2438
    endloop
  endfacet
  facet normal -0.273513 0.0581655 0.960108
    outer loop
      vertex -4.16003 -10.2144 54
      vertex -1.9903 -4.03593 54.2438
      vertex -2.12615 -3.96331 54.2007
    endloop
  endfacet
  facet normal -0.273289 0.0580894 0.960176
    outer loop
      vertex -1.70309 -4.1646 54.3333
      vertex -4.16003 -10.2144 54
      vertex -3.06955 -10.5933 54.3333
    endloop
  endfacet
  facet normal -0.308243 -0.948727 -0.0700258
    outer loop
      vertex -2.63834 -10.7088 54
      vertex -3.06955 -10.5933 54.3333
      vertex -4.16003 -10.2144 54
    endloop
  endfacet
  facet normal -0.207429 -0.975759 0.0697708
    outer loop
      vertex -2.63834 -10.7088 54
      vertex -1.50451 -10.926 54.3333
      vertex -3.06955 -10.5933 54.3333
    endloop
  endfacet
  facet normal 0.265948 -0.0863822 -0.960109
    outer loop
      vertex -1.50451 -10.926 54.3333
      vertex -0.294313 -4.49037 54.0895
      vertex -0.140353 -4.49541 54.1326
    endloop
  endfacet
  facet normal 0.265732 -0.0863439 -0.960173
    outer loop
      vertex -1.50451 -10.926 54.3333
      vertex -0.587367 -4.4615 54.0058
      vertex -0.294313 -4.49037 54.0895
    endloop
  endfacet
  facet normal 0.26412 -0.0861388 -0.960635
    outer loop
      vertex -1.50451 -10.926 54.3333
      vertex -0.607386 -4.4582 54
      vertex -0.587367 -4.4615 54.0058
    endloop
  endfacet
  facet normal 0.265715 -0.0863363 -0.960178
    outer loop
      vertex -0.607386 -4.4582 54
      vertex -1.50451 -10.926 54.3333
      vertex -2.63834 -10.7088 54
    endloop
  endfacet
  facet normal 0.978064 -0.207892 -0.0131383
    outer loop
      vertex -0.140353 -4.49541 54.1326
      vertex -0.137674 -4.49549 54.3333
      vertex -1.50451 -10.926 54.3333
    endloop
  endfacet
  facet normal -0.978063 0.207893 0.0131568
    outer loop
      vertex -1.70059 -4.16554 54.534
      vertex -1.70309 -4.1646 54.3333
      vertex -3.06955 -10.5933 54.3333
    endloop
  endfacet
  facet normal -0.277871 0.0291914 0.960175
    outer loop
      vertex -3.06955 -10.5933 54.3333
      vertex -1.25828 -4.31827 54.6667
      vertex -1.44648 -4.26118 54.6105
    endloop
  endfacet
  facet normal -0.278042 0.0292374 0.960124
    outer loop
      vertex -3.06955 -10.5933 54.3333
      vertex -1.44648 -4.26118 54.6105
      vertex -1.70059 -4.16554 54.534
    endloop
  endfacet
  facet normal -0.27794 0.0292126 0.960154
    outer loop
      vertex -1.25828 -4.31827 54.6667
      vertex -3.06955 -10.5933 54.3333
      vertex -1.94543 -10.8561 54.6667
    endloop
  endfacet
  facet normal -0.207429 -0.97576 -0.0697485
    outer loop
      vertex -1.50451 -10.926 54.3333
      vertex -1.94543 -10.8561 54.6667
      vertex -3.06955 -10.5933 54.3333
    endloop
  endfacet
  facet normal -0.104305 -0.992075 0.0700533
    outer loop
      vertex -1.50451 -10.926 54.3333
      vertex -0.354195 -11.0234 54.6667
      vertex -1.94543 -10.8561 54.6667
    endloop
  endfacet
  facet normal 0.273514 -0.0581156 -0.960111
    outer loop
      vertex -0.354195 -11.0234 54.6667
      vertex 0.294313 -4.49037 54.456
      vertex 0.330168 -4.48683 54.466
    endloop
  endfacet
  facet normal 0.273332 -0.0580993 -0.960164
    outer loop
      vertex -0.354195 -11.0234 54.6667
      vertex 0 -4.5 54.3728
      vertex 0.294313 -4.49037 54.456
    endloop
  endfacet
  facet normal 0.273558 -0.0581086 -0.960099
    outer loop
      vertex -0.354195 -11.0234 54.6667
      vertex -0.137674 -4.49549 54.3333
      vertex 0 -4.5 54.3728
    endloop
  endfacet
  facet normal 0.273365 -0.0581051 -0.960154
    outer loop
      vertex -0.137674 -4.49549 54.3333
      vertex -0.354195 -11.0234 54.6667
      vertex -1.50451 -10.926 54.3333
    endloop
  endfacet
  facet normal 0.994436 -0.104519 -0.0131485
    outer loop
      vertex 0.330168 -4.48683 54.466
      vertex 0.332849 -4.48657 54.6667
      vertex -0.354195 -11.0234 54.6667
    endloop
  endfacet
  facet normal -0.994435 0.104519 0.0131949
    outer loop
      vertex -1.2557 -4.31906 54.8674
      vertex -1.25828 -4.31827 54.6667
      vertex -1.94543 -10.8561 54.6667
    endloop
  endfacet
  facet normal -0.27973 6.49422e-05 0.960079
    outer loop
      vertex -1.94543 -10.8561 54.6667
      vertex -0.799999 -4.4264 55
      vertex -0.877906 -4.41353 54.9773
    endloop
  endfacet
  facet normal -0.279248 -2.18207e-05 0.960219
    outer loop
      vertex -1.94543 -10.8561 54.6667
      vertex -0.877906 -4.41353 54.9773
      vertex -1.16469 -4.34667 54.8939
    endloop
  endfacet
  facet normal -0.279561 1.89811e-05 0.960128
    outer loop
      vertex -1.94543 -10.8561 54.6667
      vertex -1.16469 -4.34667 54.8939
      vertex -1.2557 -4.31906 54.8674
    endloop
  endfacet
  facet normal -0.279394 0 0.960176
    outer loop
      vertex -0.799999 -4.4264 55
      vertex -1.94543 -10.8561 54.6667
      vertex -0.799999 -11 55
    endloop
  endfacet
  facet normal -0.104307 -0.992088 -0.0698633
    outer loop
      vertex -0.354195 -11.0234 54.6667
      vertex -0.799999 -11 55
      vertex -1.94543 -10.8561 54.6667
    endloop
  endfacet
  facet normal 0 -0.997545 0.0700346
    outer loop
      vertex -0.354195 -11.0234 54.6667
      vertex 0.799999 -11 55
      vertex -0.799999 -11 55
    endloop
  endfacet
  facet normal 0.277799 -0.0292063 -0.960195
    outer loop
      vertex 0.799999 -11 55
      vertex 0.587367 -4.4615 54.7396
      vertex 0.797361 -4.42683 54.7993
    endloop
  endfacet
  facet normal 0.277891 -0.0292023 -0.960168
    outer loop
      vertex 0.799999 -11 55
      vertex 0.332849 -4.48657 54.6667
      vertex 0.587367 -4.4615 54.7396
    endloop
  endfacet
  facet normal 0.277865 -0.0292046 -0.960176
    outer loop
      vertex 0.332849 -4.48657 54.6667
      vertex 0.799999 -11 55
      vertex -0.354195 -11.0234 54.6667
    endloop
  endfacet
  facet normal 0.999914 0 -0.0131429
    outer loop
      vertex 0.799999 -4.4264 55
      vertex 0.799999 -11 55
      vertex 0.797361 -4.42683 54.7993
    endloop
  endfacet
  facet normal -0.999914 0 0.0131429
    outer loop
      vertex -0.797361 -4.42683 55.2007
      vertex -0.799999 -4.4264 55
      vertex -0.799999 -11 55
    endloop
  endfacet
  facet normal -0.277891 -0.0292023 0.960168
    outer loop
      vertex -0.799999 -11 55
      vertex -0.332849 -4.48657 55.3333
      vertex -0.587367 -4.4615 55.2604
    endloop
  endfacet
  facet normal -0.277799 -0.0292063 0.960195
    outer loop
      vertex -0.799999 -11 55
      vertex -0.587367 -4.4615 55.2604
      vertex -0.797361 -4.42683 55.2007
    endloop
  endfacet
  facet normal -0.277865 -0.0292046 0.960176
    outer loop
      vertex -0.332849 -4.48657 55.3333
      vertex -0.799999 -11 55
      vertex 0.354195 -11.0234 55.3333
    endloop
  endfacet
  facet normal -0 -0.997545 -0.0700346
    outer loop
      vertex 0.799999 -11 55
      vertex 0.354195 -11.0234 55.3333
      vertex -0.799999 -11 55
    endloop
  endfacet
  facet normal 0.104307 -0.992088 0.0698633
    outer loop
      vertex 0.799999 -11 55
      vertex 1.94543 -10.8561 55.3333
      vertex 0.354195 -11.0234 55.3333
    endloop
  endfacet
  facet normal 0.279561 1.89811e-05 -0.960128
    outer loop
      vertex 1.94543 -10.8561 55.3333
      vertex 1.16469 -4.34667 55.1061
      vertex 1.2557 -4.31906 55.1326
    endloop
  endfacet
  facet normal 0.279248 -2.18207e-05 -0.960219
    outer loop
      vertex 1.94543 -10.8561 55.3333
      vertex 0.877906 -4.41353 55.0227
      vertex 1.16469 -4.34667 55.1061
    endloop
  endfacet
  facet normal 0.279394 0 -0.960176
    outer loop
      vertex 0.799999 -4.4264 55
      vertex 1.94543 -10.8561 55.3333
      vertex 0.799999 -11 55
    endloop
  endfacet
  facet normal 0.27973 6.49422e-05 -0.960079
    outer loop
      vertex 1.94543 -10.8561 55.3333
      vertex 0.799999 -4.4264 55
      vertex 0.877906 -4.41353 55.0227
    endloop
  endfacet
  facet normal 0.994435 0.104519 -0.0131949
    outer loop
      vertex 1.25828 -4.31827 55.3333
      vertex 1.94543 -10.8561 55.3333
      vertex 1.2557 -4.31906 55.1326
    endloop
  endfacet
  facet normal -0.994436 -0.104519 0.0131485
    outer loop
      vertex 0.354195 -11.0234 55.3333
      vertex -0.330168 -4.48683 55.534
      vertex -0.332849 -4.48657 55.3333
    endloop
  endfacet
  facet normal -0.273365 -0.0581051 0.960154
    outer loop
      vertex 0.137674 -4.49549 55.6667
      vertex 0.354195 -11.0234 55.3333
      vertex 1.50451 -10.926 55.6667
    endloop
  endfacet
  facet normal -0.273558 -0.0581086 0.960099
    outer loop
      vertex 0 -4.5 55.6272
      vertex 0.354195 -11.0234 55.3333
      vertex 0.137674 -4.49549 55.6667
    endloop
  endfacet
  facet normal -0.273332 -0.0580993 0.960164
    outer loop
      vertex -0.294313 -4.49037 55.544
      vertex 0.354195 -11.0234 55.3333
      vertex 0 -4.5 55.6272
    endloop
  endfacet
  facet normal -0.273514 -0.0581156 0.960111
    outer loop
      vertex 0.354195 -11.0234 55.3333
      vertex -0.294313 -4.49037 55.544
      vertex -0.330168 -4.48683 55.534
    endloop
  endfacet
  facet normal 0.104305 -0.992075 -0.0700533
    outer loop
      vertex 1.94543 -10.8561 55.3333
      vertex 1.50451 -10.926 55.6667
      vertex 0.354195 -11.0234 55.3333
    endloop
  endfacet
  facet normal 0.207429 -0.97576 0.0697485
    outer loop
      vertex 1.94543 -10.8561 55.3333
      vertex 3.06955 -10.5933 55.6667
      vertex 1.50451 -10.926 55.6667
    endloop
  endfacet
  facet normal 0.27794 0.0292126 -0.960154
    outer loop
      vertex 1.25828 -4.31827 55.3333
      vertex 3.06955 -10.5933 55.6667
      vertex 1.94543 -10.8561 55.3333
    endloop
  endfacet
  facet normal 0.278042 0.0292374 -0.960124
    outer loop
      vertex 3.06955 -10.5933 55.6667
      vertex 1.44648 -4.26118 55.3895
      vertex 1.70059 -4.16554 55.466
    endloop
  endfacet
  facet normal 0.277871 0.0291914 -0.960175
    outer loop
      vertex 3.06955 -10.5933 55.6667
      vertex 1.25828 -4.31827 55.3333
      vertex 1.44648 -4.26118 55.3895
    endloop
  endfacet
  facet normal 0.978063 0.207893 -0.0131568
    outer loop
      vertex 1.70309 -4.1646 55.6667
      vertex 3.06955 -10.5933 55.6667
      vertex 1.70059 -4.16554 55.466
    endloop
  endfacet
  facet normal -0.978064 -0.207892 0.0131383
    outer loop
      vertex 1.50451 -10.926 55.6667
      vertex 0.140353 -4.49541 55.8674
      vertex 0.137674 -4.49549 55.6667
    endloop
  endfacet
  facet normal -0.265715 -0.0863363 0.960178
    outer loop
      vertex 0.607386 -4.4582 56
      vertex 1.50451 -10.926 55.6667
      vertex 2.63834 -10.7088 56
    endloop
  endfacet
  facet normal -0.26412 -0.0861388 0.960635
    outer loop
      vertex 0.587367 -4.4615 55.9942
      vertex 1.50451 -10.926 55.6667
      vertex 0.607386 -4.4582 56
    endloop
  endfacet
  facet normal -0.265732 -0.0863439 0.960173
    outer loop
      vertex 0.294313 -4.49037 55.9105
      vertex 1.50451 -10.926 55.6667
      vertex 0.587367 -4.4615 55.9942
    endloop
  endfacet
  facet normal -0.265948 -0.0863822 0.960109
    outer loop
      vertex 1.50451 -10.926 55.6667
      vertex 0.294313 -4.49037 55.9105
      vertex 0.140353 -4.49541 55.8674
    endloop
  endfacet
  facet normal 0.207429 -0.975759 -0.0697708
    outer loop
      vertex 3.06955 -10.5933 55.6667
      vertex 2.63834 -10.7088 56
      vertex 1.50451 -10.926 55.6667
    endloop
  endfacet
  facet normal 0.308243 -0.948727 0.0700258
    outer loop
      vertex 3.06955 -10.5933 55.6667
      vertex 4.16003 -10.2144 56
      vertex 2.63834 -10.7088 56
    endloop
  endfacet
  facet normal 0.273289 0.0580894 -0.960176
    outer loop
      vertex 1.70309 -4.1646 55.6667
      vertex 4.16003 -10.2144 56
      vertex 3.06955 -10.5933 55.6667
    endloop
  endfacet
  facet normal 0.273513 0.0581655 -0.960108
    outer loop
      vertex 4.16003 -10.2144 56
      vertex 1.9903 -4.03593 55.7562
      vertex 2.12615 -3.96331 55.7993
    endloop
  endfacet
  facet normal 0.273299 0.0580881 -0.960174
    outer loop
      vertex 4.16003 -10.2144 56
      vertex 1.72207 -4.15746 55.6725
      vertex 1.9903 -4.03593 55.7562
    endloop
  endfacet
  facet normal 0.271912 0.0575066 -0.960602
    outer loop
      vertex 4.16003 -10.2144 56
      vertex 1.70309 -4.1646 55.6667
      vertex 1.72207 -4.15746 55.6725
    endloop
  endfacet
  facet normal 0.950974 0.30899 -0.0131696
    outer loop
      vertex 2.12852 -3.96205 56
      vertex 4.16003 -10.2144 56
      vertex 2.12615 -3.96331 55.7993
    endloop
  endfacet
  facet normal -0.950974 -0.308992 0.0131533
    outer loop
      vertex 2.63834 -10.7088 56
      vertex 0.610019 -4.45776 56.2007
      vertex 0.607386 -4.4582 56
    endloop
  endfacet
  facet normal -0.255242 -0.113641 0.960176
    outer loop
      vertex 1.06944 -4.36887 56.3333
      vertex 2.63834 -10.7088 56
      vertex 3.74327 -10.3744 56.3333
    endloop
  endfacet
  facet normal -0.255238 -0.11364 0.960177
    outer loop
      vertex 0.877906 -4.41353 56.2771
      vertex 2.63834 -10.7088 56
      vertex 1.06944 -4.36887 56.3333
    endloop
  endfacet
  facet normal -0.255093 -0.113601 0.96022
    outer loop
      vertex 2.63834 -10.7088 56
      vertex 0.877906 -4.41353 56.2771
      vertex 0.610019 -4.45776 56.2007
    endloop
  endfacet
  facet normal 0.308244 -0.948728 -0.0700057
    outer loop
      vertex 4.16003 -10.2144 56
      vertex 3.74327 -10.3744 56.3333
      vertex 2.63834 -10.7088 56
    endloop
  endfacet
  facet normal 0.405749 -0.911309 0.0698783
    outer loop
      vertex 4.16003 -10.2144 56
      vertex 5.20494 -9.72361 56.3333
      vertex 3.74327 -10.3744 56.3333
    endloop
  endfacet
  facet normal 0.26572 0.0863375 -0.960176
    outer loop
      vertex 2.12852 -3.96205 56
      vertex 5.20494 -9.72361 56.3333
      vertex 4.16003 -10.2144 56
    endloop
  endfacet
  facet normal 0.263677 0.0853999 -0.960823
    outer loop
      vertex 5.20494 -9.72361 56.3333
      vertex 2.50007 -3.74161 56.1227
      vertex 2.52935 -3.72063 56.1326
    endloop
  endfacet
  facet normal 0.265752 0.0863613 -0.960165
    outer loop
      vertex 5.20494 -9.72361 56.3333
      vertex 2.25 -3.89711 56.0395
      vertex 2.50007 -3.74161 56.1227
    endloop
  endfacet
  facet normal 0.265958 0.0864692 -0.960099
    outer loop
      vertex 5.20494 -9.72361 56.3333
      vertex 2.12852 -3.96205 56
      vertex 2.25 -3.89711 56.0395
    endloop
  endfacet
  facet normal 0.913466 0.406702 -0.013149
    outer loop
      vertex 2.53154 -3.71906 56.3333
      vertex 5.20494 -9.72361 56.3333
      vertex 2.52935 -3.72063 56.1326
    endloop
  endfacet
  facet normal -0.913467 -0.406701 0.0131608
    outer loop
      vertex 3.74327 -10.3744 56.3333
      vertex 1.07206 -4.36826 56.534
      vertex 1.06944 -4.36887 56.3333
    endloop
  endfacet
  facet normal -0.242029 -0.139735 0.960154
    outer loop
      vertex 1.52038 -4.23337 56.6667
      vertex 3.74327 -10.3744 56.3333
      vertex 4.80718 -9.92628 56.6667
    endloop
  endfacet
  facet normal -0.242289 -0.139825 0.960075
    outer loop
      vertex 1.44648 -4.26118 56.644
      vertex 3.74327 -10.3744 56.3333
      vertex 1.52038 -4.23337 56.6667
    endloop
  endfacet
  facet normal -0.242106 -0.139759 0.960131
    outer loop
      vertex 1.16469 -4.34667 56.5605
      vertex 3.74327 -10.3744 56.3333
      vertex 1.44648 -4.26118 56.644
    endloop
  endfacet
  facet normal -0.242104 -0.139759 0.960132
    outer loop
      vertex 3.74327 -10.3744 56.3333
      vertex 1.16469 -4.34667 56.5605
      vertex 1.07206 -4.36826 56.534
    endloop
  endfacet
  facet normal 0.405748 -0.911308 -0.0698991
    outer loop
      vertex 5.20494 -9.72361 56.3333
      vertex 4.80718 -9.92628 56.6667
      vertex 3.74327 -10.3744 56.3333
    endloop
  endfacet
  facet normal 0.498777 -0.863907 0.0699027
    outer loop
      vertex 5.20494 -9.72361 56.3333
      vertex 6.19282 -9.12628 56.6667
      vertex 4.80718 -9.92628 56.6667
    endloop
  endfacet
  facet normal 0.25531 0.113672 -0.960154
    outer loop
      vertex 2.53154 -3.71906 56.3333
      vertex 6.19282 -9.12628 56.6667
      vertex 5.20494 -9.72361 56.3333
    endloop
  endfacet
  facet normal 0.255554 0.113824 -0.960071
    outer loop
      vertex 6.19282 -9.12628 56.6667
      vertex 2.73943 -3.57009 56.4062
      vertex 2.90395 -3.43507 56.466
    endloop
  endfacet
  facet normal 0.255266 0.113641 -0.960169
    outer loop
      vertex 6.19282 -9.12628 56.6667
      vertex 2.53154 -3.71906 56.3333
      vertex 2.73943 -3.57009 56.4062
    endloop
  endfacet
  facet normal 0.865951 0.499956 -0.0131661
    outer loop
      vertex 2.90602 -3.43337 56.6667
      vertex 6.19282 -9.12628 56.6667
      vertex 2.90395 -3.43507 56.466
    endloop
  endfacet
  facet normal -0.865951 -0.499957 0.0131282
    outer loop
      vertex 4.80718 -9.92628 56.6667
      vertex 1.52288 -4.23243 56.8674
      vertex 1.52038 -4.23337 56.6667
    endloop
  endfacet
  facet normal -0.226035 -0.164224 0.960176
    outer loop
      vertex 1.95503 -4.05191 57
      vertex 4.80718 -9.92628 56.6667
      vertex 5.81842 -9.36941 57
    endloop
  endfacet
  facet normal -0.226054 -0.164233 0.96017
    outer loop
      vertex 1.72207 -4.15746 56.9271
      vertex 4.80718 -9.92628 56.6667
      vertex 1.95503 -4.05191 57
    endloop
  endfacet
  facet normal -0.225984 -0.164196 0.960193
    outer loop
      vertex 4.80718 -9.92628 56.6667
      vertex 1.72207 -4.15746 56.9271
      vertex 1.52288 -4.23243 56.8674
    endloop
  endfacet
  facet normal 0.498777 -0.863907 -0.0699056
    outer loop
      vertex 6.19282 -9.12628 56.6667
      vertex 5.81842 -9.36941 57
      vertex 4.80718 -9.92628 56.6667
    endloop
  endfacet
  facet normal 0.586342 -0.807038 0.0699411
    outer loop
      vertex 6.19282 -9.12628 56.6667
      vertex 7.11285 -8.42896 57
      vertex 5.81842 -9.36941 57
    endloop
  endfacet
  facet normal 0.241963 0.139697 -0.960176
    outer loop
      vertex 2.90602 -3.43337 56.6667
      vertex 7.11285 -8.42896 57
      vertex 6.19282 -9.12628 56.6667
    endloop
  endfacet
  facet normal 0.242078 0.139782 -0.960135
    outer loop
      vertex 7.11285 -8.42896 57
      vertex 3.18198 -3.18198 56.7728
      vertex 3.247 -3.11256 56.7993
    endloop
  endfacet
  facet normal 0.242092 0.139793 -0.96013
    outer loop
      vertex 7.11285 -8.42896 57
      vertex 2.96706 -3.38328 56.6893
      vertex 3.18198 -3.18198 56.7728
    endloop
  endfacet
  facet normal 0.241371 0.139184 -0.9604
    outer loop
      vertex 7.11285 -8.42896 57
      vertex 2.90602 -3.43337 56.6667
      vertex 2.96706 -3.38328 56.6893
    endloop
  endfacet
  facet normal 0.808947 0.587734 -0.0131561
    outer loop
      vertex 3.24884 -3.1106 57
      vertex 7.11285 -8.42896 57
      vertex 3.247 -3.11256 56.7993
    endloop
  endfacet
  facet normal -0.808947 -0.587735 0.0131256
    outer loop
      vertex 5.81842 -9.36941 57
      vertex 1.95748 -4.0508 57.2007
      vertex 1.95503 -4.05191 57
    endloop
  endfacet
  facet normal -0.207631 -0.186951 0.960176
    outer loop
      vertex 2.36698 -3.82437 57.3333
      vertex 5.81842 -9.36941 57
      vertex 6.76592 -8.7099 57.3333
    endloop
  endfacet
  facet normal -0.207306 -0.186755 0.960285
    outer loop
      vertex 2.25 -3.89711 57.2939
      vertex 5.81842 -9.36941 57
      vertex 2.36698 -3.82437 57.3333
    endloop
  endfacet
  facet normal -0.20766 -0.18698 0.960165
    outer loop
      vertex 1.9903 -4.03593 57.2107
      vertex 5.81842 -9.36941 57
      vertex 2.25 -3.89711 57.2939
    endloop
  endfacet
  facet normal -0.207785 -0.187068 0.96012
    outer loop
      vertex 5.81842 -9.36941 57
      vertex 1.9903 -4.03593 57.2107
      vertex 1.95748 -4.0508 57.2007
    endloop
  endfacet
  facet normal 0.586343 -0.807039 -0.0699358
    outer loop
      vertex 7.11285 -8.42896 57
      vertex 6.76592 -8.7099 57.3333
      vertex 5.81842 -9.36941 57
    endloop
  endfacet
  facet normal 0.667494 -0.741325 0.0699242
    outer loop
      vertex 7.11285 -8.42896 57
      vertex 7.95495 -7.63929 57.3333
      vertex 6.76592 -8.7099 57.3333
    endloop
  endfacet
  facet normal 0.226035 0.164224 -0.960176
    outer loop
      vertex 3.24884 -3.1106 57
      vertex 7.95495 -7.63929 57.3333
      vertex 7.11285 -8.42896 57
    endloop
  endfacet
  facet normal 0.226161 0.164351 -0.960125
    outer loop
      vertex 7.95495 -7.63929 57.3333
      vertex 3.38328 -2.96706 57.0562
      vertex 3.55552 -2.75717 57.1327
    endloop
  endfacet
  facet normal 0.226038 0.164228 -0.960175
    outer loop
      vertex 7.95495 -7.63929 57.3333
      vertex 3.24884 -3.1106 57
      vertex 3.38328 -2.96706 57.0562
    endloop
  endfacet
  facet normal 0.743081 0.669072 -0.0131681
    outer loop
      vertex 3.55722 -2.75511 57.3333
      vertex 7.95495 -7.63929 57.3333
      vertex 3.55552 -2.75717 57.1327
    endloop
  endfacet
  facet normal -0.743082 -0.669072 0.0130985
    outer loop
      vertex 6.76592 -8.7099 57.3333
      vertex 2.36925 -3.82296 57.5341
      vertex 2.36698 -3.82437 57.3333
    endloop
  endfacet
  facet normal -0.187002 -0.207687 0.960154
    outer loop
      vertex 2.75511 -3.55722 57.6667
      vertex 6.76592 -8.7099 57.3333
      vertex 7.63929 -7.95495 57.6667
    endloop
  endfacet
  facet normal -0.189174 -0.209327 0.959372
    outer loop
      vertex 2.73943 -3.57009 57.6608
      vertex 6.76592 -8.7099 57.3333
      vertex 2.75511 -3.55722 57.6667
    endloop
  endfacet
  facet normal -0.186962 -0.207645 0.960171
    outer loop
      vertex 2.50007 -3.74161 57.5771
      vertex 6.76592 -8.7099 57.3333
      vertex 2.73943 -3.57009 57.6608
    endloop
  endfacet
  facet normal -0.18667 -0.2074 0.960281
    outer loop
      vertex 6.76592 -8.7099 57.3333
      vertex 2.50007 -3.74161 57.5771
      vertex 2.36925 -3.82296 57.5341
    endloop
  endfacet
  facet normal 0.667495 -0.741326 -0.069903
    outer loop
      vertex 7.95495 -7.63929 57.3333
      vertex 7.63929 -7.95495 57.6667
      vertex 6.76592 -8.7099 57.3333
    endloop
  endfacet
  facet normal 0.741326 -0.667495 0.069903
    outer loop
      vertex 7.95495 -7.63929 57.3333
      vertex 8.7099 -6.76592 57.6667
      vertex 7.63929 -7.95495 57.6667
    endloop
  endfacet
  facet normal 0.207687 0.187002 -0.960154
    outer loop
      vertex 3.55722 -2.75511 57.3333
      vertex 8.7099 -6.76592 57.6667
      vertex 7.95495 -7.63929 57.3333
    endloop
  endfacet
  facet normal 0.2074 0.18667 -0.960281
    outer loop
      vertex 8.7099 -6.76592 57.6667
      vertex 3.74161 -2.50007 57.4229
      vertex 3.82296 -2.36925 57.4659
    endloop
  endfacet
  facet normal 0.207645 0.186962 -0.960171
    outer loop
      vertex 8.7099 -6.76592 57.6667
      vertex 3.57009 -2.73943 57.3392
      vertex 3.74161 -2.50007 57.4229
    endloop
  endfacet
  facet normal 0.209327 0.189174 -0.959372
    outer loop
      vertex 8.7099 -6.76592 57.6667
      vertex 3.55722 -2.75511 57.3333
      vertex 3.57009 -2.73943 57.3392
    endloop
  endfacet
  facet normal 0.669072 0.743082 -0.0130985
    outer loop
      vertex 3.82437 -2.36698 57.6667
      vertex 8.7099 -6.76592 57.6667
      vertex 3.82296 -2.36925 57.4659
    endloop
  endfacet
  facet normal -0.669072 -0.743081 0.0131681
    outer loop
      vertex 7.63929 -7.95495 57.6667
      vertex 2.75717 -3.55552 57.8673
      vertex 2.75511 -3.55722 57.6667
    endloop
  endfacet
  facet normal -0.164224 -0.226035 0.960176
    outer loop
      vertex 3.1106 -3.24884 58
      vertex 7.63929 -7.95495 57.6667
      vertex 8.42896 -7.11285 58
    endloop
  endfacet
  facet normal -0.164228 -0.226038 0.960175
    outer loop
      vertex 2.96706 -3.38328 57.9438
      vertex 7.63929 -7.95495 57.6667
      vertex 3.1106 -3.24884 58
    endloop
  endfacet
  facet normal -0.164351 -0.226161 0.960125
    outer loop
      vertex 7.63929 -7.95495 57.6667
      vertex 2.96706 -3.38328 57.9438
      vertex 2.75717 -3.55552 57.8673
    endloop
  endfacet
  facet normal 0.741325 -0.667494 -0.0699242
    outer loop
      vertex 8.7099 -6.76592 57.6667
      vertex 8.42896 -7.11285 58
      vertex 7.63929 -7.95495 57.6667
    endloop
  endfacet
  facet normal 0.807039 -0.586343 0.0699358
    outer loop
      vertex 8.7099 -6.76592 57.6667
      vertex 9.36941 -5.81842 58
      vertex 8.42896 -7.11285 58
    endloop
  endfacet
  facet normal 0.186951 0.207631 -0.960176
    outer loop
      vertex 3.82437 -2.36698 57.6667
      vertex 9.36941 -5.81842 58
      vertex 8.7099 -6.76592 57.6667
    endloop
  endfacet
  facet normal 0.187068 0.207785 -0.96012
    outer loop
      vertex 9.36941 -5.81842 58
      vertex 4.03593 -1.9903 57.7893
      vertex 4.0508 -1.95748 57.7993
    endloop
  endfacet
  facet normal 0.18698 0.20766 -0.960165
    outer loop
      vertex 9.36941 -5.81842 58
      vertex 3.89711 -2.25 57.7061
      vertex 4.03593 -1.9903 57.7893
    endloop
  endfacet
  facet normal 0.186755 0.207306 -0.960285
    outer loop
      vertex 9.36941 -5.81842 58
      vertex 3.82437 -2.36698 57.6667
      vertex 3.89711 -2.25 57.7061
    endloop
  endfacet
  facet normal 0.587735 0.808947 -0.0131256
    outer loop
      vertex 4.05191 -1.95503 58
      vertex 9.36941 -5.81842 58
      vertex 4.0508 -1.95748 57.7993
    endloop
  endfacet
  facet normal -0.587734 -0.808947 0.0131561
    outer loop
      vertex 8.42896 -7.11285 58
      vertex 3.11256 -3.247 58.2007
      vertex 3.1106 -3.24884 58
    endloop
  endfacet
  facet normal -0.139697 -0.241963 0.960176
    outer loop
      vertex 3.43337 -2.90602 58.3333
      vertex 8.42896 -7.11285 58
      vertex 9.12628 -6.19282 58.3333
    endloop
  endfacet
  facet normal -0.139184 -0.241371 0.9604
    outer loop
      vertex 3.38328 -2.96706 58.3107
      vertex 8.42896 -7.11285 58
      vertex 3.43337 -2.90602 58.3333
    endloop
  endfacet
  facet normal -0.139793 -0.242092 0.96013
    outer loop
      vertex 3.18198 -3.18198 58.2272
      vertex 8.42896 -7.11285 58
      vertex 3.38328 -2.96706 58.3107
    endloop
  endfacet
  facet normal -0.139782 -0.242078 0.960135
    outer loop
      vertex 8.42896 -7.11285 58
      vertex 3.18198 -3.18198 58.2272
      vertex 3.11256 -3.247 58.2007
    endloop
  endfacet
  facet normal 0.807038 -0.586342 -0.0699411
    outer loop
      vertex 9.36941 -5.81842 58
      vertex 9.12628 -6.19282 58.3333
      vertex 8.42896 -7.11285 58
    endloop
  endfacet
  facet normal 0.863907 -0.498777 0.0699056
    outer loop
      vertex 9.36941 -5.81842 58
      vertex 9.92628 -4.80718 58.3333
      vertex 9.12628 -6.19282 58.3333
    endloop
  endfacet
  facet normal 0.164224 0.226035 -0.960176
    outer loop
      vertex 4.05191 -1.95503 58
      vertex 9.92628 -4.80718 58.3333
      vertex 9.36941 -5.81842 58
    endloop
  endfacet
  facet normal 0.164196 0.225984 -0.960193
    outer loop
      vertex 9.92628 -4.80718 58.3333
      vertex 4.15746 -1.72207 58.0729
      vertex 4.23243 -1.52288 58.1326
    endloop
  endfacet
  facet normal 0.164233 0.226054 -0.96017
    outer loop
      vertex 9.92628 -4.80718 58.3333
      vertex 4.05191 -1.95503 58
      vertex 4.15746 -1.72207 58.0729
    endloop
  endfacet
  facet normal 0.499957 0.865951 -0.0131282
    outer loop
      vertex 4.23337 -1.52038 58.3333
      vertex 9.92628 -4.80718 58.3333
      vertex 4.23243 -1.52288 58.1326
    endloop
  endfacet
  facet normal -0.499956 -0.865951 0.0131661
    outer loop
      vertex 9.12628 -6.19282 58.3333
      vertex 3.43507 -2.90395 58.534
      vertex 3.43337 -2.90602 58.3333
    endloop
  endfacet
  facet normal -0.113672 -0.25531 0.960154
    outer loop
      vertex 3.71906 -2.53154 58.6667
      vertex 9.12628 -6.19282 58.3333
      vertex 9.72361 -5.20494 58.6667
    endloop
  endfacet
  facet normal -0.113641 -0.255266 0.960169
    outer loop
      vertex 3.57009 -2.73943 58.5938
      vertex 9.12628 -6.19282 58.3333
      vertex 3.71906 -2.53154 58.6667
    endloop
  endfacet
  facet normal -0.113824 -0.255554 0.960071
    outer loop
      vertex 9.12628 -6.19282 58.3333
      vertex 3.57009 -2.73943 58.5938
      vertex 3.43507 -2.90395 58.534
    endloop
  endfacet
  facet normal 0.863907 -0.498777 -0.0699027
    outer loop
      vertex 9.92628 -4.80718 58.3333
      vertex 9.72361 -5.20494 58.6667
      vertex 9.12628 -6.19282 58.3333
    endloop
  endfacet
  facet normal 0.911308 -0.405748 0.0698991
    outer loop
      vertex 9.92628 -4.80718 58.3333
      vertex 10.3744 -3.74327 58.6667
      vertex 9.72361 -5.20494 58.6667
    endloop
  endfacet
  facet normal 0.139735 0.242029 -0.960154
    outer loop
      vertex 4.23337 -1.52038 58.3333
      vertex 10.3744 -3.74327 58.6667
      vertex 9.92628 -4.80718 58.3333
    endloop
  endfacet
  facet normal 0.139395 0.24123 -0.960405
    outer loop
      vertex 10.3744 -3.74327 58.6667
      vertex 4.34667 -1.16469 58.4395
      vertex 4.36826 -1.07206 58.4659
    endloop
  endfacet
  facet normal 0.139759 0.242106 -0.960131
    outer loop
      vertex 10.3744 -3.74327 58.6667
      vertex 4.26118 -1.44648 58.356
      vertex 4.34667 -1.16469 58.4395
    endloop
  endfacet
  facet normal 0.139825 0.242289 -0.960075
    outer loop
      vertex 10.3744 -3.74327 58.6667
      vertex 4.23337 -1.52038 58.3333
      vertex 4.26118 -1.44648 58.356
    endloop
  endfacet
  facet normal 0.406701 0.913467 -0.0131542
    outer loop
      vertex 4.36887 -1.06944 58.6667
      vertex 10.3744 -3.74327 58.6667
      vertex 4.36826 -1.07206 58.4659
    endloop
  endfacet
  facet normal -0.406702 -0.913466 0.013149
    outer loop
      vertex 9.72361 -5.20494 58.6667
      vertex 3.72063 -2.52935 58.8674
      vertex 3.71906 -2.53154 58.6667
    endloop
  endfacet
  facet normal -0.0863375 -0.26572 0.960176
    outer loop
      vertex 3.96205 -2.12852 59
      vertex 9.72361 -5.20494 58.6667
      vertex 10.2144 -4.16003 59
    endloop
  endfacet
  facet normal -0.0864692 -0.265958 0.960099
    outer loop
      vertex 3.89711 -2.25 58.9605
      vertex 9.72361 -5.20494 58.6667
      vertex 3.96205 -2.12852 59
    endloop
  endfacet
  facet normal -0.0863613 -0.265752 0.960165
    outer loop
      vertex 3.74161 -2.50007 58.8773
      vertex 9.72361 -5.20494 58.6667
      vertex 3.89711 -2.25 58.9605
    endloop
  endfacet
  facet normal -0.0853999 -0.263677 0.960823
    outer loop
      vertex 9.72361 -5.20494 58.6667
      vertex 3.74161 -2.50007 58.8773
      vertex 3.72063 -2.52935 58.8674
    endloop
  endfacet
  facet normal 0.911309 -0.405749 -0.0698783
    outer loop
      vertex 10.3744 -3.74327 58.6667
      vertex 10.2144 -4.16003 59
      vertex 9.72361 -5.20494 58.6667
    endloop
  endfacet
  facet normal 0.948728 -0.308244 0.0700057
    outer loop
      vertex 10.3744 -3.74327 58.6667
      vertex 10.7088 -2.63834 59
      vertex 10.2144 -4.16003 59
    endloop
  endfacet
  facet normal 0.113641 0.255242 -0.960176
    outer loop
      vertex 4.36887 -1.06944 58.6667
      vertex 10.7088 -2.63834 59
      vertex 10.3744 -3.74327 58.6667
    endloop
  endfacet
  facet normal 0.113601 0.255093 -0.96022
    outer loop
      vertex 10.7088 -2.63834 59
      vertex 4.41353 -0.877906 58.7229
      vertex 4.45776 -0.610019 58.7993
    endloop
  endfacet
  facet normal 0.11364 0.255238 -0.960177
    outer loop
      vertex 10.7088 -2.63834 59
      vertex 4.36887 -1.06944 58.6667
      vertex 4.41353 -0.877906 58.7229
    endloop
  endfacet
  facet normal 0.308992 0.950974 -0.0131533
    outer loop
      vertex 4.4582 -0.607386 59
      vertex 10.7088 -2.63834 59
      vertex 4.45776 -0.610019 58.7993
    endloop
  endfacet
  facet normal -0.30899 -0.950974 0.0131696
    outer loop
      vertex 10.2144 -4.16003 59
      vertex 3.96331 -2.12615 59.2007
      vertex 3.96205 -2.12852 59
    endloop
  endfacet
  facet normal -0.0580894 -0.273289 0.960176
    outer loop
      vertex 4.1646 -1.70309 59.3333
      vertex 10.2144 -4.16003 59
      vertex 10.5933 -3.06955 59.3333
    endloop
  endfacet
  facet normal -0.0575066 -0.271912 0.960602
    outer loop
      vertex 4.15746 -1.72207 59.3275
      vertex 10.2144 -4.16003 59
      vertex 4.1646 -1.70309 59.3333
    endloop
  endfacet
  facet normal -0.0580881 -0.273299 0.960174
    outer loop
      vertex 4.03593 -1.9903 59.2438
      vertex 10.2144 -4.16003 59
      vertex 4.15746 -1.72207 59.3275
    endloop
  endfacet
  facet normal -0.0581655 -0.273513 0.960108
    outer loop
      vertex 10.2144 -4.16003 59
      vertex 4.03593 -1.9903 59.2438
      vertex 3.96331 -2.12615 59.2007
    endloop
  endfacet
  facet normal 0.948727 -0.308243 -0.0700258
    outer loop
      vertex 10.7088 -2.63834 59
      vertex 10.5933 -3.06955 59.3333
      vertex 10.2144 -4.16003 59
    endloop
  endfacet
  facet normal 0.975759 -0.207429 0.0697708
    outer loop
      vertex 10.7088 -2.63834 59
      vertex 10.926 -1.50451 59.3333
      vertex 10.5933 -3.06955 59.3333
    endloop
  endfacet
  facet normal 0.0863363 0.265715 -0.960178
    outer loop
      vertex 4.4582 -0.607386 59
      vertex 10.926 -1.50451 59.3333
      vertex 10.7088 -2.63834 59
    endloop
  endfacet
  facet normal 0.0863822 0.265948 -0.960109
    outer loop
      vertex 10.926 -1.50451 59.3333
      vertex 4.49037 -0.294313 59.0895
      vertex 4.49541 -0.140353 59.1326
    endloop
  endfacet
  facet normal 0.0863439 0.265732 -0.960173
    outer loop
      vertex 10.926 -1.50451 59.3333
      vertex 4.4615 -0.587367 59.0058
      vertex 4.49037 -0.294313 59.0895
    endloop
  endfacet
  facet normal 0.0861388 0.26412 -0.960635
    outer loop
      vertex 10.926 -1.50451 59.3333
      vertex 4.4582 -0.607386 59
      vertex 4.4615 -0.587367 59.0058
    endloop
  endfacet
  facet normal 0.207892 0.978064 -0.0131383
    outer loop
      vertex 4.49549 -0.137674 59.3333
      vertex 10.926 -1.50451 59.3333
      vertex 4.49541 -0.140353 59.1326
    endloop
  endfacet
  facet normal -0.207893 -0.978063 0.0131568
    outer loop
      vertex 10.5933 -3.06955 59.3333
      vertex 4.16554 -1.70059 59.534
      vertex 4.1646 -1.70309 59.3333
    endloop
  endfacet
  facet normal -0.0292126 -0.27794 0.960154
    outer loop
      vertex 4.31827 -1.25828 59.6667
      vertex 10.5933 -3.06955 59.3333
      vertex 10.8561 -1.94543 59.6667
    endloop
  endfacet
  facet normal -0.0291914 -0.277871 0.960175
    outer loop
      vertex 4.26118 -1.44648 59.6105
      vertex 10.5933 -3.06955 59.3333
      vertex 4.31827 -1.25828 59.6667
    endloop
  endfacet
  facet normal -0.0292374 -0.278042 0.960124
    outer loop
      vertex 10.5933 -3.06955 59.3333
      vertex 4.26118 -1.44648 59.6105
      vertex 4.16554 -1.70059 59.534
    endloop
  endfacet
  facet normal 0.97576 -0.207429 -0.0697485
    outer loop
      vertex 10.926 -1.50451 59.3333
      vertex 10.8561 -1.94543 59.6667
      vertex 10.5933 -3.06955 59.3333
    endloop
  endfacet
  facet normal 0.992075 -0.104305 0.0700533
    outer loop
      vertex 10.926 -1.50451 59.3333
      vertex 11.0234 -0.354195 59.6667
      vertex 10.8561 -1.94543 59.6667
    endloop
  endfacet
  facet normal 0.0581086 0.273558 -0.960099
    outer loop
      vertex 11.0234 -0.354195 59.6667
      vertex 4.49549 -0.137674 59.3333
      vertex 4.5 0 59.3728
    endloop
  endfacet
  facet normal 0.0581051 0.273365 -0.960154
    outer loop
      vertex 4.49549 -0.137674 59.3333
      vertex 11.0234 -0.354195 59.6667
      vertex 10.926 -1.50451 59.3333
    endloop
  endfacet
  facet normal 0.0580993 0.273332 -0.960164
    outer loop
      vertex 4.49037 0.294313 59.456
      vertex 11.0234 -0.354195 59.6667
      vertex 4.5 0 59.3728
    endloop
  endfacet
  facet normal 0.0581156 0.273514 -0.960111
    outer loop
      vertex 11.0234 -0.354195 59.6667
      vertex 4.49037 0.294313 59.456
      vertex 4.48683 0.330168 59.466
    endloop
  endfacet
  facet normal 0.104519 0.994436 -0.0131485
    outer loop
      vertex 11.0234 -0.354195 59.6667
      vertex 4.48683 0.330168 59.466
      vertex 4.48657 0.332849 59.6667
    endloop
  endfacet
  facet normal -0.104519 -0.994435 0.0131949
    outer loop
      vertex 10.8561 -1.94543 59.6667
      vertex 4.31906 -1.2557 59.8674
      vertex 4.31827 -1.25828 59.6667
    endloop
  endfacet
  facet normal 0 -0.279394 0.960176
    outer loop
      vertex 4.4264 -0.799999 60
      vertex 10.8561 -1.94543 59.6667
      vertex 11 -0.799999 60
    endloop
  endfacet
  facet normal -6.49422e-05 -0.27973 0.960079
    outer loop
      vertex 4.41353 -0.877906 59.9773
      vertex 10.8561 -1.94543 59.6667
      vertex 4.4264 -0.799999 60
    endloop
  endfacet
  facet normal 2.18207e-05 -0.279248 0.960219
    outer loop
      vertex 4.34667 -1.16469 59.8939
      vertex 10.8561 -1.94543 59.6667
      vertex 4.41353 -0.877906 59.9773
    endloop
  endfacet
  facet normal -1.89811e-05 -0.279561 0.960128
    outer loop
      vertex 10.8561 -1.94543 59.6667
      vertex 4.34667 -1.16469 59.8939
      vertex 4.31906 -1.2557 59.8674
    endloop
  endfacet
  facet normal 0.992088 -0.104307 -0.0698633
    outer loop
      vertex 11.0234 -0.354195 59.6667
      vertex 11 -0.799999 60
      vertex 10.8561 -1.94543 59.6667
    endloop
  endfacet
  facet normal 0.997545 0 0.0700346
    outer loop
      vertex 11.0234 -0.354195 59.6667
      vertex 11 0.799999 60
      vertex 11 -0.799999 60
    endloop
  endfacet
  facet normal 0.0292046 0.277865 -0.960176
    outer loop
      vertex 4.48657 0.332849 59.6667
      vertex 11 0.799999 60
      vertex 11.0234 -0.354195 59.6667
    endloop
  endfacet
  facet normal 0.0292023 0.277891 -0.960168
    outer loop
      vertex 4.4615 0.587367 59.7396
      vertex 11 0.799999 60
      vertex 4.48657 0.332849 59.6667
    endloop
  endfacet
  facet normal 0.0292063 0.277799 -0.960195
    outer loop
      vertex 11 0.799999 60
      vertex 4.4615 0.587367 59.7396
      vertex 4.42683 0.797361 59.7993
    endloop
  endfacet
  facet normal 0 0.999914 -0.0131429
    outer loop
      vertex 11 0.799999 60
      vertex 4.42683 0.797361 59.7993
      vertex 4.4264 0.799999 60
    endloop
  endfacet
  facet normal 0 -0.999914 0.0131429
    outer loop
      vertex 11 -0.799999 60
      vertex 4.42683 -0.797361 60.2007
      vertex 4.4264 -0.799999 60
    endloop
  endfacet
  facet normal 0.0292046 -0.277865 0.960176
    outer loop
      vertex 4.48657 -0.332849 60.3333
      vertex 11 -0.799999 60
      vertex 11.0234 0.354195 60.3333
    endloop
  endfacet
  facet normal 0.0292023 -0.277891 0.960168
    outer loop
      vertex 4.4615 -0.587367 60.2604
      vertex 11 -0.799999 60
      vertex 4.48657 -0.332849 60.3333
    endloop
  endfacet
  facet normal 0.0292063 -0.277799 0.960195
    outer loop
      vertex 11 -0.799999 60
      vertex 4.4615 -0.587367 60.2604
      vertex 4.42683 -0.797361 60.2007
    endloop
  endfacet
  facet normal 0.997545 0 -0.0700346
    outer loop
      vertex 11 0.799999 60
      vertex 11.0234 0.354195 60.3333
      vertex 11 -0.799999 60
    endloop
  endfacet
  facet normal 0.992088 0.104307 0.0698633
    outer loop
      vertex 11.0234 0.354195 60.3333
      vertex 11 0.799999 60
      vertex 10.8561 1.94543 60.3333
    endloop
  endfacet
  facet normal 0 0.279394 -0.960176
    outer loop
      vertex 4.4264 0.799999 60
      vertex 10.8561 1.94543 60.3333
      vertex 11 0.799999 60
    endloop
  endfacet
  facet normal -6.49422e-05 0.27973 -0.960079
    outer loop
      vertex 4.41353 0.877906 60.0227
      vertex 10.8561 1.94543 60.3333
      vertex 4.4264 0.799999 60
    endloop
  endfacet
  facet normal 2.18207e-05 0.279248 -0.960219
    outer loop
      vertex 4.34667 1.16469 60.1061
      vertex 10.8561 1.94543 60.3333
      vertex 4.41353 0.877906 60.0227
    endloop
  endfacet
  facet normal -1.89811e-05 0.279561 -0.960128
    outer loop
      vertex 10.8561 1.94543 60.3333
      vertex 4.34667 1.16469 60.1061
      vertex 4.31906 1.2557 60.1326
    endloop
  endfacet
  facet normal -0.104519 0.994435 -0.0131949
    outer loop
      vertex 10.8561 1.94543 60.3333
      vertex 4.31906 1.2557 60.1326
      vertex 4.31827 1.25828 60.3333
    endloop
  endfacet
  facet normal 0.104519 -0.994436 0.0131485
    outer loop
      vertex 11.0234 0.354195 60.3333
      vertex 4.48683 -0.330168 60.534
      vertex 4.48657 -0.332849 60.3333
    endloop
  endfacet
  facet normal 0.0581086 -0.273558 0.960099
    outer loop
      vertex 11.0234 0.354195 60.3333
      vertex 4.49549 0.137674 60.6667
      vertex 4.5 0 60.6272
    endloop
  endfacet
  facet normal 0.0581051 -0.273365 0.960154
    outer loop
      vertex 4.49549 0.137674 60.6667
      vertex 11.0234 0.354195 60.3333
      vertex 10.926 1.50451 60.6667
    endloop
  endfacet
  facet normal 0.0580993 -0.273332 0.960164
    outer loop
      vertex 4.49037 -0.294313 60.544
      vertex 11.0234 0.354195 60.3333
      vertex 4.5 0 60.6272
    endloop
  endfacet
  facet normal 0.0581156 -0.273514 0.960111
    outer loop
      vertex 11.0234 0.354195 60.3333
      vertex 4.49037 -0.294313 60.544
      vertex 4.48683 -0.330168 60.534
    endloop
  endfacet
  facet normal 0.992075 0.104305 -0.0700533
    outer loop
      vertex 10.926 1.50451 60.6667
      vertex 11.0234 0.354195 60.3333
      vertex 10.8561 1.94543 60.3333
    endloop
  endfacet
  facet normal 0.97576 0.207429 0.0697485
    outer loop
      vertex 10.926 1.50451 60.6667
      vertex 10.8561 1.94543 60.3333
      vertex 10.5933 3.06955 60.6667
    endloop
  endfacet
  facet normal -0.0292126 0.27794 -0.960154
    outer loop
      vertex 4.31827 1.25828 60.3333
      vertex 10.5933 3.06955 60.6667
      vertex 10.8561 1.94543 60.3333
    endloop
  endfacet
  facet normal -0.0291914 0.277871 -0.960175
    outer loop
      vertex 4.26118 1.44648 60.3895
      vertex 10.5933 3.06955 60.6667
      vertex 4.31827 1.25828 60.3333
    endloop
  endfacet
  facet normal -0.0292374 0.278042 -0.960124
    outer loop
      vertex 10.5933 3.06955 60.6667
      vertex 4.26118 1.44648 60.3895
      vertex 4.16554 1.70059 60.466
    endloop
  endfacet
  facet normal -0.207893 0.978063 -0.0131568
    outer loop
      vertex 10.5933 3.06955 60.6667
      vertex 4.16554 1.70059 60.466
      vertex 4.1646 1.70309 60.6667
    endloop
  endfacet
  facet normal 0.207892 -0.978064 0.0131383
    outer loop
      vertex 4.49549 0.137674 60.6667
      vertex 10.926 1.50451 60.6667
      vertex 4.49541 0.140353 60.8674
    endloop
  endfacet
  facet normal 0.0863363 -0.265715 0.960178
    outer loop
      vertex 4.4582 0.607386 61
      vertex 10.926 1.50451 60.6667
      vertex 10.7088 2.63834 61
    endloop
  endfacet
  facet normal 0.0863822 -0.265948 0.960109
    outer loop
      vertex 10.926 1.50451 60.6667
      vertex 4.49037 0.294313 60.9105
      vertex 4.49541 0.140353 60.8674
    endloop
  endfacet
  facet normal 0.0863439 -0.265732 0.960173
    outer loop
      vertex 10.926 1.50451 60.6667
      vertex 4.4615 0.587367 60.9942
      vertex 4.49037 0.294313 60.9105
    endloop
  endfacet
  facet normal 0.0861388 -0.26412 0.960635
    outer loop
      vertex 10.926 1.50451 60.6667
      vertex 4.4582 0.607386 61
      vertex 4.4615 0.587367 60.9942
    endloop
  endfacet
  facet normal 0.975759 0.207429 -0.0697708
    outer loop
      vertex 10.7088 2.63834 61
      vertex 10.926 1.50451 60.6667
      vertex 10.5933 3.06955 60.6667
    endloop
  endfacet
  facet normal 0.948727 0.308243 0.0700258
    outer loop
      vertex 10.7088 2.63834 61
      vertex 10.5933 3.06955 60.6667
      vertex 10.2144 4.16003 61
    endloop
  endfacet
  facet normal -0.0580894 0.273289 -0.960176
    outer loop
      vertex 4.1646 1.70309 60.6667
      vertex 10.2144 4.16003 61
      vertex 10.5933 3.06955 60.6667
    endloop
  endfacet
  facet normal -0.0575066 0.271912 -0.960602
    outer loop
      vertex 4.15746 1.72207 60.6725
      vertex 10.2144 4.16003 61
      vertex 4.1646 1.70309 60.6667
    endloop
  endfacet
  facet normal -0.0580881 0.273299 -0.960174
    outer loop
      vertex 4.03593 1.9903 60.7562
      vertex 10.2144 4.16003 61
      vertex 4.15746 1.72207 60.6725
    endloop
  endfacet
  facet normal -0.0581655 0.273513 -0.960108
    outer loop
      vertex 10.2144 4.16003 61
      vertex 4.03593 1.9903 60.7562
      vertex 3.96331 2.12615 60.7993
    endloop
  endfacet
  facet normal -0.30899 0.950974 -0.0131696
    outer loop
      vertex 10.2144 4.16003 61
      vertex 3.96331 2.12615 60.7993
      vertex 3.96205 2.12852 61
    endloop
  endfacet
  facet normal 0.308992 -0.950974 0.0131533
    outer loop
      vertex 4.4582 0.607386 61
      vertex 10.7088 2.63834 61
      vertex 4.45776 0.610019 61.2007
    endloop
  endfacet
  facet normal 0.113641 -0.255242 0.960176
    outer loop
      vertex 4.36887 1.06944 61.3333
      vertex 10.7088 2.63834 61
      vertex 10.3744 3.74327 61.3333
    endloop
  endfacet
  facet normal 0.113601 -0.255093 0.96022
    outer loop
      vertex 10.7088 2.63834 61
      vertex 4.41353 0.877906 61.2771
      vertex 4.45776 0.610019 61.2007
    endloop
  endfacet
  facet normal 0.11364 -0.255238 0.960177
    outer loop
      vertex 10.7088 2.63834 61
      vertex 4.36887 1.06944 61.3333
      vertex 4.41353 0.877906 61.2771
    endloop
  endfacet
  facet normal 0.948728 0.308244 -0.0700057
    outer loop
      vertex 10.3744 3.74327 61.3333
      vertex 10.7088 2.63834 61
      vertex 10.2144 4.16003 61
    endloop
  endfacet
  facet normal 0.911309 0.405749 0.0698783
    outer loop
      vertex 10.3744 3.74327 61.3333
      vertex 10.2144 4.16003 61
      vertex 9.72361 5.20494 61.3333
    endloop
  endfacet
  facet normal -0.0863375 0.26572 -0.960176
    outer loop
      vertex 3.96205 2.12852 61
      vertex 9.72361 5.20494 61.3333
      vertex 10.2144 4.16003 61
    endloop
  endfacet
  facet normal -0.0864692 0.265958 -0.960099
    outer loop
      vertex 3.89711 2.25 61.0395
      vertex 9.72361 5.20494 61.3333
      vertex 3.96205 2.12852 61
    endloop
  endfacet
  facet normal -0.0863613 0.265752 -0.960165
    outer loop
      vertex 3.74161 2.50007 61.1227
      vertex 9.72361 5.20494 61.3333
      vertex 3.89711 2.25 61.0395
    endloop
  endfacet
  facet normal -0.0853999 0.263677 -0.960823
    outer loop
      vertex 9.72361 5.20494 61.3333
      vertex 3.74161 2.50007 61.1227
      vertex 3.72063 2.52935 61.1326
    endloop
  endfacet
  facet normal -0.406702 0.913466 -0.013149
    outer loop
      vertex 9.72361 5.20494 61.3333
      vertex 3.72063 2.52935 61.1326
      vertex 3.71906 2.53154 61.3333
    endloop
  endfacet
  facet normal 0.406701 -0.913467 0.0131608
    outer loop
      vertex 4.36887 1.06944 61.3333
      vertex 10.3744 3.74327 61.3333
      vertex 4.36826 1.07206 61.534
    endloop
  endfacet
  facet normal 0.139735 -0.242029 0.960154
    outer loop
      vertex 4.23337 1.52038 61.6667
      vertex 10.3744 3.74327 61.3333
      vertex 9.92628 4.80718 61.6667
    endloop
  endfacet
  facet normal 0.139759 -0.242104 0.960132
    outer loop
      vertex 10.3744 3.74327 61.3333
      vertex 4.34667 1.16469 61.5605
      vertex 4.36826 1.07206 61.534
    endloop
  endfacet
  facet normal 0.139759 -0.242106 0.960131
    outer loop
      vertex 10.3744 3.74327 61.3333
      vertex 4.26118 1.44648 61.644
      vertex 4.34667 1.16469 61.5605
    endloop
  endfacet
  facet normal 0.139825 -0.242289 0.960075
    outer loop
      vertex 10.3744 3.74327 61.3333
      vertex 4.23337 1.52038 61.6667
      vertex 4.26118 1.44648 61.644
    endloop
  endfacet
  facet normal 0.911308 0.405748 -0.0698991
    outer loop
      vertex 9.92628 4.80718 61.6667
      vertex 10.3744 3.74327 61.3333
      vertex 9.72361 5.20494 61.3333
    endloop
  endfacet
  facet normal 0.863907 0.498777 0.0699027
    outer loop
      vertex 9.92628 4.80718 61.6667
      vertex 9.72361 5.20494 61.3333
      vertex 9.12628 6.19282 61.6667
    endloop
  endfacet
  facet normal -0.113672 0.25531 -0.960154
    outer loop
      vertex 3.71906 2.53154 61.3333
      vertex 9.12628 6.19282 61.6667
      vertex 9.72361 5.20494 61.3333
    endloop
  endfacet
  facet normal -0.113641 0.255266 -0.960169
    outer loop
      vertex 3.57009 2.73943 61.4062
      vertex 9.12628 6.19282 61.6667
      vertex 3.71906 2.53154 61.3333
    endloop
  endfacet
  facet normal -0.113824 0.255554 -0.960071
    outer loop
      vertex 9.12628 6.19282 61.6667
      vertex 3.57009 2.73943 61.4062
      vertex 3.43507 2.90395 61.466
    endloop
  endfacet
  facet normal -0.499956 0.865951 -0.0131661
    outer loop
      vertex 9.12628 6.19282 61.6667
      vertex 3.43507 2.90395 61.466
      vertex 3.43337 2.90602 61.6667
    endloop
  endfacet
  facet normal 0.499957 -0.865951 0.0131282
    outer loop
      vertex 4.23337 1.52038 61.6667
      vertex 9.92628 4.80718 61.6667
      vertex 4.23243 1.52288 61.8674
    endloop
  endfacet
  facet normal 0.164224 -0.226035 0.960176
    outer loop
      vertex 4.05191 1.95503 62
      vertex 9.92628 4.80718 61.6667
      vertex 9.36941 5.81842 62
    endloop
  endfacet
  facet normal 0.164196 -0.225984 0.960193
    outer loop
      vertex 9.92628 4.80718 61.6667
      vertex 4.15746 1.72207 61.9271
      vertex 4.23243 1.52288 61.8674
    endloop
  endfacet
  facet normal 0.164233 -0.226054 0.96017
    outer loop
      vertex 9.92628 4.80718 61.6667
      vertex 4.05191 1.95503 62
      vertex 4.15746 1.72207 61.9271
    endloop
  endfacet
  facet normal 0.863907 0.498777 -0.0699056
    outer loop
      vertex 9.36941 5.81842 62
      vertex 9.92628 4.80718 61.6667
      vertex 9.12628 6.19282 61.6667
    endloop
  endfacet
  facet normal 0.807038 0.586342 0.0699411
    outer loop
      vertex 9.36941 5.81842 62
      vertex 9.12628 6.19282 61.6667
      vertex 8.42896 7.11285 62
    endloop
  endfacet
  facet normal -0.139697 0.241963 -0.960176
    outer loop
      vertex 3.43337 2.90602 61.6667
      vertex 8.42896 7.11285 62
      vertex 9.12628 6.19282 61.6667
    endloop
  endfacet
  facet normal -0.139184 0.241371 -0.9604
    outer loop
      vertex 3.38328 2.96706 61.6893
      vertex 8.42896 7.11285 62
      vertex 3.43337 2.90602 61.6667
    endloop
  endfacet
  facet normal -0.139793 0.242092 -0.96013
    outer loop
      vertex 3.18198 3.18198 61.7728
      vertex 8.42896 7.11285 62
      vertex 3.38328 2.96706 61.6893
    endloop
  endfacet
  facet normal -0.139782 0.242078 -0.960135
    outer loop
      vertex 8.42896 7.11285 62
      vertex 3.18198 3.18198 61.7728
      vertex 3.11256 3.247 61.7993
    endloop
  endfacet
  facet normal -0.587734 0.808947 -0.0131561
    outer loop
      vertex 8.42896 7.11285 62
      vertex 3.11256 3.247 61.7993
      vertex 3.1106 3.24884 62
    endloop
  endfacet
  facet normal 0.587735 -0.808947 0.0131256
    outer loop
      vertex 4.05191 1.95503 62
      vertex 9.36941 5.81842 62
      vertex 4.0508 1.95748 62.2007
    endloop
  endfacet
  facet normal 0.186951 -0.207631 0.960176
    outer loop
      vertex 3.82437 2.36698 62.3333
      vertex 9.36941 5.81842 62
      vertex 8.7099 6.76592 62.3333
    endloop
  endfacet
  facet normal 0.187068 -0.207785 0.96012
    outer loop
      vertex 9.36941 5.81842 62
      vertex 4.03593 1.9903 62.2107
      vertex 4.0508 1.95748 62.2007
    endloop
  endfacet
  facet normal 0.18698 -0.20766 0.960165
    outer loop
      vertex 9.36941 5.81842 62
      vertex 3.89711 2.25 62.2939
      vertex 4.03593 1.9903 62.2107
    endloop
  endfacet
  facet normal 0.186755 -0.207306 0.960285
    outer loop
      vertex 9.36941 5.81842 62
      vertex 3.82437 2.36698 62.3333
      vertex 3.89711 2.25 62.2939
    endloop
  endfacet
  facet normal 0.807039 0.586343 -0.0699358
    outer loop
      vertex 8.7099 6.76592 62.3333
      vertex 9.36941 5.81842 62
      vertex 8.42896 7.11285 62
    endloop
  endfacet
  facet normal 0.741325 0.667494 0.0699242
    outer loop
      vertex 8.7099 6.76592 62.3333
      vertex 8.42896 7.11285 62
      vertex 7.63929 7.95495 62.3333
    endloop
  endfacet
  facet normal -0.164224 0.226035 -0.960176
    outer loop
      vertex 3.1106 3.24884 62
      vertex 7.63929 7.95495 62.3333
      vertex 8.42896 7.11285 62
    endloop
  endfacet
  facet normal -0.164228 0.226038 -0.960175
    outer loop
      vertex 2.96706 3.38328 62.0562
      vertex 7.63929 7.95495 62.3333
      vertex 3.1106 3.24884 62
    endloop
  endfacet
  facet normal -0.164351 0.226161 -0.960125
    outer loop
      vertex 7.63929 7.95495 62.3333
      vertex 2.96706 3.38328 62.0562
      vertex 2.75717 3.55552 62.1327
    endloop
  endfacet
  facet normal -0.669072 0.743081 -0.0131681
    outer loop
      vertex 7.63929 7.95495 62.3333
      vertex 2.75717 3.55552 62.1327
      vertex 2.75511 3.55722 62.3333
    endloop
  endfacet
  facet normal 0.669072 -0.743082 0.0130985
    outer loop
      vertex 3.82437 2.36698 62.3333
      vertex 8.7099 6.76592 62.3333
      vertex 3.82296 2.36925 62.5341
    endloop
  endfacet
  facet normal 0.207687 -0.187002 0.960154
    outer loop
      vertex 3.55722 2.75511 62.6667
      vertex 8.7099 6.76592 62.3333
      vertex 7.95495 7.63929 62.6667
    endloop
  endfacet
  facet normal 0.2074 -0.18667 0.960281
    outer loop
      vertex 8.7099 6.76592 62.3333
      vertex 3.74161 2.50007 62.5771
      vertex 3.82296 2.36925 62.5341
    endloop
  endfacet
  facet normal 0.207645 -0.186962 0.960171
    outer loop
      vertex 8.7099 6.76592 62.3333
      vertex 3.57009 2.73943 62.6608
      vertex 3.74161 2.50007 62.5771
    endloop
  endfacet
  facet normal 0.209327 -0.189174 0.959372
    outer loop
      vertex 8.7099 6.76592 62.3333
      vertex 3.55722 2.75511 62.6667
      vertex 3.57009 2.73943 62.6608
    endloop
  endfacet
  facet normal 0.741326 0.667495 -0.069903
    outer loop
      vertex 7.95495 7.63929 62.6667
      vertex 8.7099 6.76592 62.3333
      vertex 7.63929 7.95495 62.3333
    endloop
  endfacet
  facet normal 0.667495 0.741326 0.069903
    outer loop
      vertex 7.95495 7.63929 62.6667
      vertex 7.63929 7.95495 62.3333
      vertex 6.76592 8.7099 62.6667
    endloop
  endfacet
  facet normal -0.187002 0.207687 -0.960154
    outer loop
      vertex 2.75511 3.55722 62.3333
      vertex 6.76592 8.7099 62.6667
      vertex 7.63929 7.95495 62.3333
    endloop
  endfacet
  facet normal -0.189174 0.209327 -0.959372
    outer loop
      vertex 2.73943 3.57009 62.3392
      vertex 6.76592 8.7099 62.6667
      vertex 2.75511 3.55722 62.3333
    endloop
  endfacet
  facet normal -0.186962 0.207645 -0.960171
    outer loop
      vertex 2.50007 3.74161 62.4229
      vertex 6.76592 8.7099 62.6667
      vertex 2.73943 3.57009 62.3392
    endloop
  endfacet
  facet normal -0.18667 0.2074 -0.960281
    outer loop
      vertex 6.76592 8.7099 62.6667
      vertex 2.50007 3.74161 62.4229
      vertex 2.36925 3.82296 62.4659
    endloop
  endfacet
  facet normal -0.743082 0.669072 -0.0130985
    outer loop
      vertex 6.76592 8.7099 62.6667
      vertex 2.36925 3.82296 62.4659
      vertex 2.36698 3.82437 62.6667
    endloop
  endfacet
  facet normal 0.743081 -0.669072 0.0131681
    outer loop
      vertex 3.55722 2.75511 62.6667
      vertex 7.95495 7.63929 62.6667
      vertex 3.55552 2.75717 62.8673
    endloop
  endfacet
  facet normal 0.226035 -0.164224 0.960176
    outer loop
      vertex 3.24884 3.1106 63
      vertex 7.95495 7.63929 62.6667
      vertex 7.11285 8.42896 63
    endloop
  endfacet
  facet normal 0.226161 -0.164351 0.960125
    outer loop
      vertex 7.95495 7.63929 62.6667
      vertex 3.38328 2.96706 62.9438
      vertex 3.55552 2.75717 62.8673
    endloop
  endfacet
  facet normal 0.226038 -0.164228 0.960175
    outer loop
      vertex 7.95495 7.63929 62.6667
      vertex 3.24884 3.1106 63
      vertex 3.38328 2.96706 62.9438
    endloop
  endfacet
  facet normal 0.667494 0.741325 -0.0699242
    outer loop
      vertex 7.11285 8.42896 63
      vertex 7.95495 7.63929 62.6667
      vertex 6.76592 8.7099 62.6667
    endloop
  endfacet
  facet normal 0.586343 0.807039 0.0699358
    outer loop
      vertex 7.11285 8.42896 63
      vertex 6.76592 8.7099 62.6667
      vertex 5.81842 9.36941 63
    endloop
  endfacet
  facet normal -0.207631 0.186951 -0.960176
    outer loop
      vertex 2.36698 3.82437 62.6667
      vertex 5.81842 9.36941 63
      vertex 6.76592 8.7099 62.6667
    endloop
  endfacet
  facet normal -0.207306 0.186755 -0.960285
    outer loop
      vertex 2.25 3.89711 62.7061
      vertex 5.81842 9.36941 63
      vertex 2.36698 3.82437 62.6667
    endloop
  endfacet
  facet normal -0.20766 0.18698 -0.960165
    outer loop
      vertex 1.9903 4.03593 62.7893
      vertex 5.81842 9.36941 63
      vertex 2.25 3.89711 62.7061
    endloop
  endfacet
  facet normal -0.207785 0.187068 -0.96012
    outer loop
      vertex 5.81842 9.36941 63
      vertex 1.9903 4.03593 62.7893
      vertex 1.95748 4.0508 62.7993
    endloop
  endfacet
  facet normal -0.808947 0.587735 -0.0131256
    outer loop
      vertex 5.81842 9.36941 63
      vertex 1.95748 4.0508 62.7993
      vertex 1.95503 4.05191 63
    endloop
  endfacet
  facet normal 0.808947 -0.587734 0.0131561
    outer loop
      vertex 3.24884 3.1106 63
      vertex 7.11285 8.42896 63
      vertex 3.247 3.11256 63.2007
    endloop
  endfacet
  facet normal 0.241963 -0.139697 0.960176
    outer loop
      vertex 2.90602 3.43337 63.3333
      vertex 7.11285 8.42896 63
      vertex 6.19282 9.12628 63.3333
    endloop
  endfacet
  facet normal 0.242078 -0.139782 0.960135
    outer loop
      vertex 7.11285 8.42896 63
      vertex 3.18198 3.18198 63.2272
      vertex 3.247 3.11256 63.2007
    endloop
  endfacet
  facet normal 0.242092 -0.139793 0.96013
    outer loop
      vertex 7.11285 8.42896 63
      vertex 2.96706 3.38328 63.3107
      vertex 3.18198 3.18198 63.2272
    endloop
  endfacet
  facet normal 0.241371 -0.139184 0.9604
    outer loop
      vertex 7.11285 8.42896 63
      vertex 2.90602 3.43337 63.3333
      vertex 2.96706 3.38328 63.3107
    endloop
  endfacet
  facet normal 0.586342 0.807038 -0.0699411
    outer loop
      vertex 6.19282 9.12628 63.3333
      vertex 7.11285 8.42896 63
      vertex 5.81842 9.36941 63
    endloop
  endfacet
  facet normal 0.498777 0.863907 0.0699056
    outer loop
      vertex 6.19282 9.12628 63.3333
      vertex 5.81842 9.36941 63
      vertex 4.80718 9.92628 63.3333
    endloop
  endfacet
  facet normal -0.226035 0.164224 -0.960176
    outer loop
      vertex 1.95503 4.05191 63
      vertex 4.80718 9.92628 63.3333
      vertex 5.81842 9.36941 63
    endloop
  endfacet
  facet normal -0.226054 0.164233 -0.96017
    outer loop
      vertex 1.72207 4.15746 63.0729
      vertex 4.80718 9.92628 63.3333
      vertex 1.95503 4.05191 63
    endloop
  endfacet
  facet normal -0.225984 0.164196 -0.960193
    outer loop
      vertex 4.80718 9.92628 63.3333
      vertex 1.72207 4.15746 63.0729
      vertex 1.52288 4.23243 63.1326
    endloop
  endfacet
  facet normal -0.865951 0.499957 -0.0131282
    outer loop
      vertex 4.80718 9.92628 63.3333
      vertex 1.52288 4.23243 63.1326
      vertex 1.52038 4.23337 63.3333
    endloop
  endfacet
  facet normal 0.865951 -0.499956 0.0131661
    outer loop
      vertex 2.90602 3.43337 63.3333
      vertex 6.19282 9.12628 63.3333
      vertex 2.90395 3.43507 63.534
    endloop
  endfacet
  facet normal 0.25531 -0.113672 0.960154
    outer loop
      vertex 2.53154 3.71906 63.6667
      vertex 6.19282 9.12628 63.3333
      vertex 5.20494 9.72361 63.6667
    endloop
  endfacet
  facet normal 0.255554 -0.113824 0.960071
    outer loop
      vertex 6.19282 9.12628 63.3333
      vertex 2.73943 3.57009 63.5938
      vertex 2.90395 3.43507 63.534
    endloop
  endfacet
  facet normal 0.255266 -0.113641 0.960169
    outer loop
      vertex 6.19282 9.12628 63.3333
      vertex 2.53154 3.71906 63.6667
      vertex 2.73943 3.57009 63.5938
    endloop
  endfacet
  facet normal 0.498777 0.863907 -0.0699027
    outer loop
      vertex 5.20494 9.72361 63.6667
      vertex 6.19282 9.12628 63.3333
      vertex 4.80718 9.92628 63.3333
    endloop
  endfacet
  facet normal 0.405748 0.911308 0.0698991
    outer loop
      vertex 5.20494 9.72361 63.6667
      vertex 4.80718 9.92628 63.3333
      vertex 3.74327 10.3744 63.6667
    endloop
  endfacet
  facet normal -0.242029 0.139735 -0.960154
    outer loop
      vertex 1.52038 4.23337 63.3333
      vertex 3.74327 10.3744 63.6667
      vertex 4.80718 9.92628 63.3333
    endloop
  endfacet
  facet normal -0.242289 0.139825 -0.960075
    outer loop
      vertex 1.44648 4.26118 63.356
      vertex 3.74327 10.3744 63.6667
      vertex 1.52038 4.23337 63.3333
    endloop
  endfacet
  facet normal -0.242106 0.139759 -0.960131
    outer loop
      vertex 1.16469 4.34667 63.4395
      vertex 3.74327 10.3744 63.6667
      vertex 1.44648 4.26118 63.356
    endloop
  endfacet
  facet normal -0.24123 0.139395 -0.960405
    outer loop
      vertex 3.74327 10.3744 63.6667
      vertex 1.16469 4.34667 63.4395
      vertex 1.07206 4.36826 63.4659
    endloop
  endfacet
  facet normal -0.913467 0.406701 -0.0131542
    outer loop
      vertex 3.74327 10.3744 63.6667
      vertex 1.07206 4.36826 63.4659
      vertex 1.06944 4.36887 63.6667
    endloop
  endfacet
  facet normal 0.913466 -0.406702 0.013149
    outer loop
      vertex 2.53154 3.71906 63.6667
      vertex 5.20494 9.72361 63.6667
      vertex 2.52935 3.72063 63.8674
    endloop
  endfacet
  facet normal 0.26572 -0.0863375 0.960176
    outer loop
      vertex 2.12852 3.96205 64
      vertex 5.20494 9.72361 63.6667
      vertex 4.16003 10.2144 64
    endloop
  endfacet
  facet normal 0.263677 -0.0853999 0.960823
    outer loop
      vertex 5.20494 9.72361 63.6667
      vertex 2.50007 3.74161 63.8773
      vertex 2.52935 3.72063 63.8674
    endloop
  endfacet
  facet normal 0.265752 -0.0863613 0.960165
    outer loop
      vertex 5.20494 9.72361 63.6667
      vertex 2.25 3.89711 63.9605
      vertex 2.50007 3.74161 63.8773
    endloop
  endfacet
  facet normal 0.265958 -0.0864692 0.960099
    outer loop
      vertex 5.20494 9.72361 63.6667
      vertex 2.12852 3.96205 64
      vertex 2.25 3.89711 63.9605
    endloop
  endfacet
  facet normal 0.405749 0.911309 -0.0698783
    outer loop
      vertex 4.16003 10.2144 64
      vertex 5.20494 9.72361 63.6667
      vertex 3.74327 10.3744 63.6667
    endloop
  endfacet
  facet normal 0.308244 0.948728 0.0700057
    outer loop
      vertex 4.16003 10.2144 64
      vertex 3.74327 10.3744 63.6667
      vertex 2.63834 10.7088 64
    endloop
  endfacet
  facet normal -0.255242 0.113641 -0.960176
    outer loop
      vertex 1.06944 4.36887 63.6667
      vertex 2.63834 10.7088 64
      vertex 3.74327 10.3744 63.6667
    endloop
  endfacet
  facet normal -0.255238 0.11364 -0.960177
    outer loop
      vertex 0.877906 4.41353 63.7229
      vertex 2.63834 10.7088 64
      vertex 1.06944 4.36887 63.6667
    endloop
  endfacet
  facet normal -0.255093 0.113601 -0.96022
    outer loop
      vertex 2.63834 10.7088 64
      vertex 0.877906 4.41353 63.7229
      vertex 0.610019 4.45776 63.7993
    endloop
  endfacet
  facet normal -0.950974 0.308992 -0.0131533
    outer loop
      vertex 2.63834 10.7088 64
      vertex 0.610019 4.45776 63.7993
      vertex 0.607386 4.4582 64
    endloop
  endfacet
  facet normal 0.950974 -0.30899 0.0131696
    outer loop
      vertex 2.12852 3.96205 64
      vertex 4.16003 10.2144 64
      vertex 2.12615 3.96331 64.2007
    endloop
  endfacet
  facet normal 0.273289 -0.0580894 0.960176
    outer loop
      vertex 1.70309 4.1646 64.3333
      vertex 4.16003 10.2144 64
      vertex 3.06955 10.5933 64.3333
    endloop
  endfacet
  facet normal 0.273513 -0.0581655 0.960108
    outer loop
      vertex 4.16003 10.2144 64
      vertex 1.9903 4.03593 64.2438
      vertex 2.12615 3.96331 64.2007
    endloop
  endfacet
  facet normal 0.273299 -0.0580881 0.960174
    outer loop
      vertex 4.16003 10.2144 64
      vertex 1.72207 4.15746 64.3275
      vertex 1.9903 4.03593 64.2438
    endloop
  endfacet
  facet normal 0.271912 -0.0575066 0.960602
    outer loop
      vertex 4.16003 10.2144 64
      vertex 1.70309 4.1646 64.3333
      vertex 1.72207 4.15746 64.3275
    endloop
  endfacet
  facet normal 0.308243 0.948727 -0.0700258
    outer loop
      vertex 3.06955 10.5933 64.3333
      vertex 4.16003 10.2144 64
      vertex 2.63834 10.7088 64
    endloop
  endfacet
  facet normal 0.207429 0.975759 0.0697708
    outer loop
      vertex 3.06955 10.5933 64.3333
      vertex 2.63834 10.7088 64
      vertex 1.50451 10.926 64.3333
    endloop
  endfacet
  facet normal -0.265715 0.0863363 -0.960178
    outer loop
      vertex 0.607386 4.4582 64
      vertex 1.50451 10.926 64.3333
      vertex 2.63834 10.7088 64
    endloop
  endfacet
  facet normal -0.26412 0.0861388 -0.960635
    outer loop
      vertex 0.587367 4.4615 64.0058
      vertex 1.50451 10.926 64.3333
      vertex 0.607386 4.4582 64
    endloop
  endfacet
  facet normal -0.265732 0.0863439 -0.960173
    outer loop
      vertex 0.294313 4.49037 64.0895
      vertex 1.50451 10.926 64.3333
      vertex 0.587367 4.4615 64.0058
    endloop
  endfacet
  facet normal -0.265948 0.0863822 -0.960109
    outer loop
      vertex 1.50451 10.926 64.3333
      vertex 0.294313 4.49037 64.0895
      vertex 0.140353 4.49541 64.1326
    endloop
  endfacet
  facet normal -0.978064 0.207892 -0.0131383
    outer loop
      vertex 1.50451 10.926 64.3333
      vertex 0.140353 4.49541 64.1326
      vertex 0.137674 4.49549 64.3333
    endloop
  endfacet
  facet normal 0.978063 -0.207893 0.0131568
    outer loop
      vertex 1.70309 4.1646 64.3333
      vertex 3.06955 10.5933 64.3333
      vertex 1.70059 4.16554 64.534
    endloop
  endfacet
  facet normal 0.27794 -0.0292126 0.960154
    outer loop
      vertex 1.25828 4.31827 64.6667
      vertex 3.06955 10.5933 64.3333
      vertex 1.94543 10.8561 64.6667
    endloop
  endfacet
  facet normal 0.278042 -0.0292374 0.960124
    outer loop
      vertex 3.06955 10.5933 64.3333
      vertex 1.44648 4.26118 64.6105
      vertex 1.70059 4.16554 64.534
    endloop
  endfacet
  facet normal 0.277871 -0.0291914 0.960175
    outer loop
      vertex 3.06955 10.5933 64.3333
      vertex 1.25828 4.31827 64.6667
      vertex 1.44648 4.26118 64.6105
    endloop
  endfacet
  facet normal 0.207429 0.97576 -0.0697485
    outer loop
      vertex 1.94543 10.8561 64.6667
      vertex 3.06955 10.5933 64.3333
      vertex 1.50451 10.926 64.3333
    endloop
  endfacet
  facet normal 0.104305 0.992075 0.0700533
    outer loop
      vertex 1.94543 10.8561 64.6667
      vertex 1.50451 10.926 64.3333
      vertex 0.354195 11.0234 64.6667
    endloop
  endfacet
  facet normal -0.273365 0.0581051 -0.960154
    outer loop
      vertex 0.137674 4.49549 64.3333
      vertex 0.354195 11.0234 64.6667
      vertex 1.50451 10.926 64.3333
    endloop
  endfacet
  facet normal -0.273558 0.0581086 -0.960099
    outer loop
      vertex 0 4.5 64.3728
      vertex 0.354195 11.0234 64.6667
      vertex 0.137674 4.49549 64.3333
    endloop
  endfacet
  facet normal -0.273332 0.0580993 -0.960164
    outer loop
      vertex -0.294313 4.49037 64.456
      vertex 0.354195 11.0234 64.6667
      vertex 0 4.5 64.3728
    endloop
  endfacet
  facet normal -0.273514 0.0581156 -0.960111
    outer loop
      vertex 0.354195 11.0234 64.6667
      vertex -0.294313 4.49037 64.456
      vertex -0.330168 4.48683 64.466
    endloop
  endfacet
  facet normal -0.994436 0.104519 -0.0131485
    outer loop
      vertex 0.354195 11.0234 64.6667
      vertex -0.330168 4.48683 64.466
      vertex -0.332849 4.48657 64.6667
    endloop
  endfacet
  facet normal 0.994435 -0.104519 0.0131949
    outer loop
      vertex 1.25828 4.31827 64.6667
      vertex 1.94543 10.8561 64.6667
      vertex 1.2557 4.31906 64.8674
    endloop
  endfacet
  facet normal 0.279561 -1.89811e-05 0.960128
    outer loop
      vertex 1.94543 10.8561 64.6667
      vertex 1.16469 4.34667 64.8939
      vertex 1.2557 4.31906 64.8674
    endloop
  endfacet
  facet normal 0.279248 2.18207e-05 0.960219
    outer loop
      vertex 1.94543 10.8561 64.6667
      vertex 0.877906 4.41353 64.9773
      vertex 1.16469 4.34667 64.8939
    endloop
  endfacet
  facet normal 0.279394 -0 0.960176
    outer loop
      vertex 0.799999 4.4264 65
      vertex 1.94543 10.8561 64.6667
      vertex 0.799999 11 65
    endloop
  endfacet
  facet normal 0.27973 -6.49422e-05 0.960079
    outer loop
      vertex 1.94543 10.8561 64.6667
      vertex 0.799999 4.4264 65
      vertex 0.877906 4.41353 64.9773
    endloop
  endfacet
  facet normal 0.104307 0.992088 -0.0698633
    outer loop
      vertex 0.799999 11 65
      vertex 1.94543 10.8561 64.6667
      vertex 0.354195 11.0234 64.6667
    endloop
  endfacet
  facet normal 0 0.997545 0.0700346
    outer loop
      vertex 0.799999 11 65
      vertex 0.354195 11.0234 64.6667
      vertex -0.799999 11 65
    endloop
  endfacet
  facet normal -0.277891 0.0292023 -0.960168
    outer loop
      vertex -0.799999 11 65
      vertex -0.332849 4.48657 64.6667
      vertex -0.587367 4.4615 64.7396
    endloop
  endfacet
  facet normal -0.277799 0.0292063 -0.960195
    outer loop
      vertex -0.799999 11 65
      vertex -0.587367 4.4615 64.7396
      vertex -0.797361 4.42683 64.7993
    endloop
  endfacet
  facet normal -0.277865 0.0292046 -0.960176
    outer loop
      vertex -0.332849 4.48657 64.6667
      vertex -0.799999 11 65
      vertex 0.354195 11.0234 64.6667
    endloop
  endfacet
  facet normal -0.999914 -0 -0.0131429
    outer loop
      vertex -0.799999 11 65
      vertex -0.797361 4.42683 64.7993
      vertex -0.799999 4.4264 65
    endloop
  endfacet
  facet normal 0.999914 -0 0.0131429
    outer loop
      vertex 0.799999 4.4264 65
      vertex 0.799999 11 65
      vertex 0.797361 4.42683 65.2007
    endloop
  endfacet
  facet normal 0.277799 0.0292063 0.960195
    outer loop
      vertex 0.799999 11 65
      vertex 0.587367 4.4615 65.2604
      vertex 0.797361 4.42683 65.2007
    endloop
  endfacet
  facet normal 0.277891 0.0292023 0.960168
    outer loop
      vertex 0.799999 11 65
      vertex 0.332849 4.48657 65.3333
      vertex 0.587367 4.4615 65.2604
    endloop
  endfacet
  facet normal 0.277865 0.0292046 0.960176
    outer loop
      vertex 0.332849 4.48657 65.3333
      vertex 0.799999 11 65
      vertex -0.354195 11.0234 65.3333
    endloop
  endfacet
  facet normal 0 0.997545 -0.0700346
    outer loop
      vertex -0.354195 11.0234 65.3333
      vertex 0.799999 11 65
      vertex -0.799999 11 65
    endloop
  endfacet
  facet normal -0.104307 0.992088 0.0698633
    outer loop
      vertex -0.354195 11.0234 65.3333
      vertex -0.799999 11 65
      vertex -1.94543 10.8561 65.3333
    endloop
  endfacet
  facet normal -0.27973 -6.49422e-05 -0.960079
    outer loop
      vertex -1.94543 10.8561 65.3333
      vertex -0.799999 4.4264 65
      vertex -0.877906 4.41353 65.0227
    endloop
  endfacet
  facet normal -0.279248 2.18207e-05 -0.960219
    outer loop
      vertex -1.94543 10.8561 65.3333
      vertex -0.877906 4.41353 65.0227
      vertex -1.16469 4.34667 65.1061
    endloop
  endfacet
  facet normal -0.279561 -1.89811e-05 -0.960128
    outer loop
      vertex -1.94543 10.8561 65.3333
      vertex -1.16469 4.34667 65.1061
      vertex -1.2557 4.31906 65.1326
    endloop
  endfacet
  facet normal -0.279394 0 -0.960176
    outer loop
      vertex -0.799999 4.4264 65
      vertex -1.94543 10.8561 65.3333
      vertex -0.799999 11 65
    endloop
  endfacet
  facet normal -0.994435 -0.104519 -0.0131949
    outer loop
      vertex -1.2557 4.31906 65.1326
      vertex -1.25828 4.31827 65.3333
      vertex -1.94543 10.8561 65.3333
    endloop
  endfacet
  facet normal 0.994436 0.104519 0.0131485
    outer loop
      vertex 0.330168 4.48683 65.534
      vertex 0.332849 4.48657 65.3333
      vertex -0.354195 11.0234 65.3333
    endloop
  endfacet
  facet normal 0.273514 0.0581156 0.960111
    outer loop
      vertex -0.354195 11.0234 65.3333
      vertex 0.294313 4.49037 65.544
      vertex 0.330168 4.48683 65.534
    endloop
  endfacet
  facet normal 0.273332 0.0580993 0.960164
    outer loop
      vertex -0.354195 11.0234 65.3333
      vertex 0 4.5 65.6272
      vertex 0.294313 4.49037 65.544
    endloop
  endfacet
  facet normal 0.273558 0.0581086 0.960099
    outer loop
      vertex -0.354195 11.0234 65.3333
      vertex -0.137674 4.49549 65.6667
      vertex 0 4.5 65.6272
    endloop
  endfacet
  facet normal 0.273365 0.0581051 0.960154
    outer loop
      vertex -0.137674 4.49549 65.6667
      vertex -0.354195 11.0234 65.3333
      vertex -1.50451 10.926 65.6667
    endloop
  endfacet
  facet normal -0.104305 0.992075 -0.0700533
    outer loop
      vertex -1.50451 10.926 65.6667
      vertex -0.354195 11.0234 65.3333
      vertex -1.94543 10.8561 65.3333
    endloop
  endfacet
  facet normal -0.207429 0.97576 0.0697485
    outer loop
      vertex -1.50451 10.926 65.6667
      vertex -1.94543 10.8561 65.3333
      vertex -3.06955 10.5933 65.6667
    endloop
  endfacet
  facet normal -0.277871 -0.0291914 -0.960175
    outer loop
      vertex -3.06955 10.5933 65.6667
      vertex -1.25828 4.31827 65.3333
      vertex -1.44648 4.26118 65.3895
    endloop
  endfacet
  facet normal -0.278042 -0.0292374 -0.960124
    outer loop
      vertex -3.06955 10.5933 65.6667
      vertex -1.44648 4.26118 65.3895
      vertex -1.70059 4.16554 65.466
    endloop
  endfacet
  facet normal -0.27794 -0.0292126 -0.960154
    outer loop
      vertex -1.25828 4.31827 65.3333
      vertex -3.06955 10.5933 65.6667
      vertex -1.94543 10.8561 65.3333
    endloop
  endfacet
  facet normal -0.978063 -0.207893 -0.0131568
    outer loop
      vertex -1.70059 4.16554 65.466
      vertex -1.70309 4.1646 65.6667
      vertex -3.06955 10.5933 65.6667
    endloop
  endfacet
  facet normal 0.978064 0.207892 0.0131383
    outer loop
      vertex -0.140353 4.49541 65.8674
      vertex -0.137674 4.49549 65.6667
      vertex -1.50451 10.926 65.6667
    endloop
  endfacet
  facet normal 0.265948 0.0863822 0.960109
    outer loop
      vertex -1.50451 10.926 65.6667
      vertex -0.294313 4.49037 65.9105
      vertex -0.140353 4.49541 65.8674
    endloop
  endfacet
  facet normal 0.265732 0.0863439 0.960173
    outer loop
      vertex -1.50451 10.926 65.6667
      vertex -0.587367 4.4615 65.9942
      vertex -0.294313 4.49037 65.9105
    endloop
  endfacet
  facet normal 0.26412 0.0861388 0.960635
    outer loop
      vertex -1.50451 10.926 65.6667
      vertex -0.607386 4.4582 66
      vertex -0.587367 4.4615 65.9942
    endloop
  endfacet
  facet normal 0.265715 0.0863363 0.960178
    outer loop
      vertex -0.607386 4.4582 66
      vertex -1.50451 10.926 65.6667
      vertex -2.63834 10.7088 66
    endloop
  endfacet
  facet normal -0.207429 0.975759 -0.0697708
    outer loop
      vertex -2.63834 10.7088 66
      vertex -1.50451 10.926 65.6667
      vertex -3.06955 10.5933 65.6667
    endloop
  endfacet
  facet normal -0.308243 0.948727 0.0700258
    outer loop
      vertex -2.63834 10.7088 66
      vertex -3.06955 10.5933 65.6667
      vertex -4.16003 10.2144 66
    endloop
  endfacet
  facet normal -0.271912 -0.0575066 -0.960602
    outer loop
      vertex -4.16003 10.2144 66
      vertex -1.70309 4.1646 65.6667
      vertex -1.72207 4.15746 65.6725
    endloop
  endfacet
  facet normal -0.273299 -0.0580881 -0.960174
    outer loop
      vertex -4.16003 10.2144 66
      vertex -1.72207 4.15746 65.6725
      vertex -1.9903 4.03593 65.7562
    endloop
  endfacet
  facet normal -0.273513 -0.0581655 -0.960108
    outer loop
      vertex -4.16003 10.2144 66
      vertex -1.9903 4.03593 65.7562
      vertex -2.12615 3.96331 65.7993
    endloop
  endfacet
  facet normal -0.273289 -0.0580894 -0.960176
    outer loop
      vertex -1.70309 4.1646 65.6667
      vertex -4.16003 10.2144 66
      vertex -3.06955 10.5933 65.6667
    endloop
  endfacet
  facet normal -0.950974 -0.30899 -0.0131696
    outer loop
      vertex -2.12615 3.96331 65.7993
      vertex -2.12852 3.96205 66
      vertex -4.16003 10.2144 66
    endloop
  endfacet
  facet normal 0.950974 0.308992 0.0131533
    outer loop
      vertex -0.610019 4.45776 66.2007
      vertex -0.607386 4.4582 66
      vertex -2.63834 10.7088 66
    endloop
  endfacet
  facet normal 0.255093 0.113601 0.96022
    outer loop
      vertex -2.63834 10.7088 66
      vertex -0.877906 4.41353 66.2771
      vertex -0.610019 4.45776 66.2007
    endloop
  endfacet
  facet normal 0.255238 0.11364 0.960177
    outer loop
      vertex -2.63834 10.7088 66
      vertex -1.06944 4.36887 66.3333
      vertex -0.877906 4.41353 66.2771
    endloop
  endfacet
  facet normal 0.255242 0.113641 0.960176
    outer loop
      vertex -1.06944 4.36887 66.3333
      vertex -2.63834 10.7088 66
      vertex -3.74327 10.3744 66.3333
    endloop
  endfacet
  facet normal -0.308244 0.948728 -0.0700057
    outer loop
      vertex -3.74327 10.3744 66.3333
      vertex -2.63834 10.7088 66
      vertex -4.16003 10.2144 66
    endloop
  endfacet
  facet normal -0.405749 0.911309 0.0698783
    outer loop
      vertex -3.74327 10.3744 66.3333
      vertex -4.16003 10.2144 66
      vertex -5.20494 9.72361 66.3333
    endloop
  endfacet
  facet normal -0.265958 -0.0864692 -0.960099
    outer loop
      vertex -5.20494 9.72361 66.3333
      vertex -2.12852 3.96205 66
      vertex -2.25 3.89711 66.0395
    endloop
  endfacet
  facet normal -0.265752 -0.0863613 -0.960165
    outer loop
      vertex -5.20494 9.72361 66.3333
      vertex -2.25 3.89711 66.0395
      vertex -2.50007 3.74161 66.1227
    endloop
  endfacet
  facet normal -0.263677 -0.0853999 -0.960823
    outer loop
      vertex -5.20494 9.72361 66.3333
      vertex -2.50007 3.74161 66.1227
      vertex -2.52935 3.72063 66.1326
    endloop
  endfacet
  facet normal -0.26572 -0.0863375 -0.960176
    outer loop
      vertex -2.12852 3.96205 66
      vertex -5.20494 9.72361 66.3333
      vertex -4.16003 10.2144 66
    endloop
  endfacet
  facet normal -0.913466 -0.406702 -0.013149
    outer loop
      vertex -2.52935 3.72063 66.1326
      vertex -2.53154 3.71906 66.3333
      vertex -5.20494 9.72361 66.3333
    endloop
  endfacet
  facet normal 0.913467 0.406701 0.0131608
    outer loop
      vertex -1.07206 4.36826 66.534
      vertex -1.06944 4.36887 66.3333
      vertex -3.74327 10.3744 66.3333
    endloop
  endfacet
  facet normal 0.242104 0.139759 0.960132
    outer loop
      vertex -3.74327 10.3744 66.3333
      vertex -1.16469 4.34667 66.5605
      vertex -1.07206 4.36826 66.534
    endloop
  endfacet
  facet normal 0.242106 0.139759 0.960131
    outer loop
      vertex -3.74327 10.3744 66.3333
      vertex -1.44648 4.26118 66.644
      vertex -1.16469 4.34667 66.5605
    endloop
  endfacet
  facet normal 0.242289 0.139825 0.960075
    outer loop
      vertex -3.74327 10.3744 66.3333
      vertex -1.52038 4.23337 66.6667
      vertex -1.44648 4.26118 66.644
    endloop
  endfacet
  facet normal 0.242029 0.139735 0.960154
    outer loop
      vertex -1.52038 4.23337 66.6667
      vertex -3.74327 10.3744 66.3333
      vertex -4.80718 9.92628 66.6667
    endloop
  endfacet
  facet normal -0.405748 0.911308 -0.0698991
    outer loop
      vertex -4.80718 9.92628 66.6667
      vertex -3.74327 10.3744 66.3333
      vertex -5.20494 9.72361 66.3333
    endloop
  endfacet
  facet normal -0.498777 0.863907 0.0699027
    outer loop
      vertex -4.80718 9.92628 66.6667
      vertex -5.20494 9.72361 66.3333
      vertex -6.19282 9.12628 66.6667
    endloop
  endfacet
  facet normal -0.255266 -0.113641 -0.960169
    outer loop
      vertex -6.19282 9.12628 66.6667
      vertex -2.53154 3.71906 66.3333
      vertex -2.73943 3.57009 66.4062
    endloop
  endfacet
  facet normal -0.255554 -0.113824 -0.960071
    outer loop
      vertex -6.19282 9.12628 66.6667
      vertex -2.73943 3.57009 66.4062
      vertex -2.90395 3.43507 66.466
    endloop
  endfacet
  facet normal -0.25531 -0.113672 -0.960154
    outer loop
      vertex -2.53154 3.71906 66.3333
      vertex -6.19282 9.12628 66.6667
      vertex -5.20494 9.72361 66.3333
    endloop
  endfacet
  facet normal -0.865951 -0.499956 -0.0131661
    outer loop
      vertex -2.90395 3.43507 66.466
      vertex -2.90602 3.43337 66.6667
      vertex -6.19282 9.12628 66.6667
    endloop
  endfacet
  facet normal 0.865951 0.499957 0.0131282
    outer loop
      vertex -1.52288 4.23243 66.8674
      vertex -1.52038 4.23337 66.6667
      vertex -4.80718 9.92628 66.6667
    endloop
  endfacet
  facet normal 0.225984 0.164196 0.960193
    outer loop
      vertex -4.80718 9.92628 66.6667
      vertex -1.72207 4.15746 66.9271
      vertex -1.52288 4.23243 66.8674
    endloop
  endfacet
  facet normal 0.226054 0.164233 0.96017
    outer loop
      vertex -4.80718 9.92628 66.6667
      vertex -1.95503 4.05191 67
      vertex -1.72207 4.15746 66.9271
    endloop
  endfacet
  facet normal 0.226035 0.164224 0.960176
    outer loop
      vertex -1.95503 4.05191 67
      vertex -4.80718 9.92628 66.6667
      vertex -5.81842 9.36941 67
    endloop
  endfacet
  facet normal -0.498777 0.863907 -0.0699056
    outer loop
      vertex -5.81842 9.36941 67
      vertex -4.80718 9.92628 66.6667
      vertex -6.19282 9.12628 66.6667
    endloop
  endfacet
  facet normal -0.586342 0.807038 0.0699411
    outer loop
      vertex -5.81842 9.36941 67
      vertex -6.19282 9.12628 66.6667
      vertex -7.11285 8.42896 67
    endloop
  endfacet
  facet normal -0.241371 -0.139184 -0.9604
    outer loop
      vertex -7.11285 8.42896 67
      vertex -2.90602 3.43337 66.6667
      vertex -2.96706 3.38328 66.6893
    endloop
  endfacet
  facet normal -0.242092 -0.139793 -0.96013
    outer loop
      vertex -7.11285 8.42896 67
      vertex -2.96706 3.38328 66.6893
      vertex -3.18198 3.18198 66.7728
    endloop
  endfacet
  facet normal -0.242078 -0.139782 -0.960135
    outer loop
      vertex -7.11285 8.42896 67
      vertex -3.18198 3.18198 66.7728
      vertex -3.247 3.11256 66.7993
    endloop
  endfacet
  facet normal -0.241963 -0.139697 -0.960176
    outer loop
      vertex -2.90602 3.43337 66.6667
      vertex -7.11285 8.42896 67
      vertex -6.19282 9.12628 66.6667
    endloop
  endfacet
  facet normal -0.808947 -0.587734 -0.0131561
    outer loop
      vertex -3.247 3.11256 66.7993
      vertex -3.24884 3.1106 67
      vertex -7.11285 8.42896 67
    endloop
  endfacet
  facet normal 0.808947 0.587735 0.0131256
    outer loop
      vertex -1.95748 4.0508 67.2007
      vertex -1.95503 4.05191 67
      vertex -5.81842 9.36941 67
    endloop
  endfacet
  facet normal 0.207785 0.187068 0.96012
    outer loop
      vertex -5.81842 9.36941 67
      vertex -1.9903 4.03593 67.2107
      vertex -1.95748 4.0508 67.2007
    endloop
  endfacet
  facet normal 0.20766 0.18698 0.960165
    outer loop
      vertex -5.81842 9.36941 67
      vertex -2.25 3.89711 67.2939
      vertex -1.9903 4.03593 67.2107
    endloop
  endfacet
  facet normal 0.207306 0.186755 0.960285
    outer loop
      vertex -5.81842 9.36941 67
      vertex -2.36698 3.82437 67.3333
      vertex -2.25 3.89711 67.2939
    endloop
  endfacet
  facet normal 0.207631 0.186951 0.960176
    outer loop
      vertex -2.36698 3.82437 67.3333
      vertex -5.81842 9.36941 67
      vertex -6.76592 8.7099 67.3333
    endloop
  endfacet
  facet normal -0.586343 0.807039 -0.0699358
    outer loop
      vertex -6.76592 8.7099 67.3333
      vertex -5.81842 9.36941 67
      vertex -7.11285 8.42896 67
    endloop
  endfacet
  facet normal -0.667494 0.741325 0.0699242
    outer loop
      vertex -6.76592 8.7099 67.3333
      vertex -7.11285 8.42896 67
      vertex -7.95495 7.63929 67.3333
    endloop
  endfacet
  facet normal -0.226038 -0.164228 -0.960175
    outer loop
      vertex -7.95495 7.63929 67.3333
      vertex -3.24884 3.1106 67
      vertex -3.38328 2.96706 67.0562
    endloop
  endfacet
  facet normal -0.226161 -0.164351 -0.960125
    outer loop
      vertex -7.95495 7.63929 67.3333
      vertex -3.38328 2.96706 67.0562
      vertex -3.55552 2.75717 67.1327
    endloop
  endfacet
  facet normal -0.226035 -0.164224 -0.960176
    outer loop
      vertex -3.24884 3.1106 67
      vertex -7.95495 7.63929 67.3333
      vertex -7.11285 8.42896 67
    endloop
  endfacet
  facet normal -0.743081 -0.669072 -0.0131681
    outer loop
      vertex -3.55552 2.75717 67.1327
      vertex -3.55722 2.75511 67.3333
      vertex -7.95495 7.63929 67.3333
    endloop
  endfacet
  facet normal 0.743082 0.669072 0.0130985
    outer loop
      vertex -2.36925 3.82296 67.5341
      vertex -2.36698 3.82437 67.3333
      vertex -6.76592 8.7099 67.3333
    endloop
  endfacet
  facet normal 0.18667 0.2074 0.960281
    outer loop
      vertex -6.76592 8.7099 67.3333
      vertex -2.50007 3.74161 67.5771
      vertex -2.36925 3.82296 67.5341
    endloop
  endfacet
  facet normal 0.186962 0.207645 0.960171
    outer loop
      vertex -6.76592 8.7099 67.3333
      vertex -2.73943 3.57009 67.6608
      vertex -2.50007 3.74161 67.5771
    endloop
  endfacet
  facet normal 0.189174 0.209327 0.959372
    outer loop
      vertex -6.76592 8.7099 67.3333
      vertex -2.75511 3.55722 67.6667
      vertex -2.73943 3.57009 67.6608
    endloop
  endfacet
  facet normal 0.187002 0.207687 0.960154
    outer loop
      vertex -2.75511 3.55722 67.6667
      vertex -6.76592 8.7099 67.3333
      vertex -7.63929 7.95495 67.6667
    endloop
  endfacet
  facet normal -0.667495 0.741326 -0.069903
    outer loop
      vertex -7.63929 7.95495 67.6667
      vertex -6.76592 8.7099 67.3333
      vertex -7.95495 7.63929 67.3333
    endloop
  endfacet
  facet normal -0.741326 0.667495 0.069903
    outer loop
      vertex -7.63929 7.95495 67.6667
      vertex -7.95495 7.63929 67.3333
      vertex -8.7099 6.76592 67.6667
    endloop
  endfacet
  facet normal -0.209327 -0.189174 -0.959372
    outer loop
      vertex -8.7099 6.76592 67.6667
      vertex -3.55722 2.75511 67.3333
      vertex -3.57009 2.73943 67.3392
    endloop
  endfacet
  facet normal -0.207645 -0.186962 -0.960171
    outer loop
      vertex -8.7099 6.76592 67.6667
      vertex -3.57009 2.73943 67.3392
      vertex -3.74161 2.50007 67.4229
    endloop
  endfacet
  facet normal -0.2074 -0.18667 -0.960281
    outer loop
      vertex -8.7099 6.76592 67.6667
      vertex -3.74161 2.50007 67.4229
      vertex -3.82296 2.36925 67.4659
    endloop
  endfacet
  facet normal -0.207687 -0.187002 -0.960154
    outer loop
      vertex -3.55722 2.75511 67.3333
      vertex -8.7099 6.76592 67.6667
      vertex -7.95495 7.63929 67.3333
    endloop
  endfacet
  facet normal -0.669072 -0.743082 -0.0130985
    outer loop
      vertex -3.82296 2.36925 67.4659
      vertex -3.82437 2.36698 67.6667
      vertex -8.7099 6.76592 67.6667
    endloop
  endfacet
  facet normal 0.669072 0.743081 0.0131681
    outer loop
      vertex -2.75717 3.55552 67.8673
      vertex -2.75511 3.55722 67.6667
      vertex -7.63929 7.95495 67.6667
    endloop
  endfacet
  facet normal 0.164351 0.226161 0.960125
    outer loop
      vertex -7.63929 7.95495 67.6667
      vertex -2.96706 3.38328 67.9438
      vertex -2.75717 3.55552 67.8673
    endloop
  endfacet
  facet normal 0.164228 0.226038 0.960175
    outer loop
      vertex -7.63929 7.95495 67.6667
      vertex -3.1106 3.24884 68
      vertex -2.96706 3.38328 67.9438
    endloop
  endfacet
  facet normal 0.164224 0.226035 0.960176
    outer loop
      vertex -3.1106 3.24884 68
      vertex -7.63929 7.95495 67.6667
      vertex -8.42896 7.11285 68
    endloop
  endfacet
  facet normal -0.741325 0.667494 -0.0699242
    outer loop
      vertex -8.42896 7.11285 68
      vertex -7.63929 7.95495 67.6667
      vertex -8.7099 6.76592 67.6667
    endloop
  endfacet
  facet normal -0.807039 0.586343 0.0699358
    outer loop
      vertex -8.42896 7.11285 68
      vertex -8.7099 6.76592 67.6667
      vertex -9.36941 5.81842 68
    endloop
  endfacet
  facet normal -0.186755 -0.207306 -0.960285
    outer loop
      vertex -9.36941 5.81842 68
      vertex -3.82437 2.36698 67.6667
      vertex -3.89711 2.25 67.7061
    endloop
  endfacet
  facet normal -0.18698 -0.20766 -0.960165
    outer loop
      vertex -9.36941 5.81842 68
      vertex -3.89711 2.25 67.7061
      vertex -4.03593 1.9903 67.7893
    endloop
  endfacet
  facet normal -0.187068 -0.207785 -0.96012
    outer loop
      vertex -9.36941 5.81842 68
      vertex -4.03593 1.9903 67.7893
      vertex -4.0508 1.95748 67.7993
    endloop
  endfacet
  facet normal -0.186951 -0.207631 -0.960176
    outer loop
      vertex -3.82437 2.36698 67.6667
      vertex -9.36941 5.81842 68
      vertex -8.7099 6.76592 67.6667
    endloop
  endfacet
  facet normal -0.587735 -0.808947 -0.0131256
    outer loop
      vertex -4.0508 1.95748 67.7993
      vertex -4.05191 1.95503 68
      vertex -9.36941 5.81842 68
    endloop
  endfacet
  facet normal 0.587734 0.808947 0.0131561
    outer loop
      vertex -3.11256 3.247 68.2007
      vertex -3.1106 3.24884 68
      vertex -8.42896 7.11285 68
    endloop
  endfacet
  facet normal 0.139782 0.242078 0.960135
    outer loop
      vertex -8.42896 7.11285 68
      vertex -3.18198 3.18198 68.2272
      vertex -3.11256 3.247 68.2007
    endloop
  endfacet
  facet normal 0.139793 0.242092 0.96013
    outer loop
      vertex -8.42896 7.11285 68
      vertex -3.38328 2.96706 68.3107
      vertex -3.18198 3.18198 68.2272
    endloop
  endfacet
  facet normal 0.139184 0.241371 0.9604
    outer loop
      vertex -8.42896 7.11285 68
      vertex -3.43337 2.90602 68.3333
      vertex -3.38328 2.96706 68.3107
    endloop
  endfacet
  facet normal 0.139697 0.241963 0.960176
    outer loop
      vertex -3.43337 2.90602 68.3333
      vertex -8.42896 7.11285 68
      vertex -9.12628 6.19282 68.3333
    endloop
  endfacet
  facet normal -0.807038 0.586342 -0.0699411
    outer loop
      vertex -9.12628 6.19282 68.3333
      vertex -8.42896 7.11285 68
      vertex -9.36941 5.81842 68
    endloop
  endfacet
  facet normal -0.863907 0.498777 0.0699056
    outer loop
      vertex -9.12628 6.19282 68.3333
      vertex -9.36941 5.81842 68
      vertex -9.92628 4.80718 68.3333
    endloop
  endfacet
  facet normal -0.164233 -0.226054 -0.96017
    outer loop
      vertex -9.92628 4.80718 68.3333
      vertex -4.05191 1.95503 68
      vertex -4.15746 1.72207 68.0729
    endloop
  endfacet
  facet normal -0.164196 -0.225984 -0.960193
    outer loop
      vertex -9.92628 4.80718 68.3333
      vertex -4.15746 1.72207 68.0729
      vertex -4.23243 1.52288 68.1326
    endloop
  endfacet
  facet normal -0.164224 -0.226035 -0.960176
    outer loop
      vertex -4.05191 1.95503 68
      vertex -9.92628 4.80718 68.3333
      vertex -9.36941 5.81842 68
    endloop
  endfacet
  facet normal -0.499957 -0.865951 -0.0131282
    outer loop
      vertex -4.23243 1.52288 68.1326
      vertex -4.23337 1.52038 68.3333
      vertex -9.92628 4.80718 68.3333
    endloop
  endfacet
  facet normal 0.499956 0.865951 0.0131661
    outer loop
      vertex -3.43507 2.90395 68.534
      vertex -3.43337 2.90602 68.3333
      vertex -9.12628 6.19282 68.3333
    endloop
  endfacet
  facet normal 0.113824 0.255554 0.960071
    outer loop
      vertex -9.12628 6.19282 68.3333
      vertex -3.57009 2.73943 68.5938
      vertex -3.43507 2.90395 68.534
    endloop
  endfacet
  facet normal 0.113641 0.255266 0.960169
    outer loop
      vertex -9.12628 6.19282 68.3333
      vertex -3.71906 2.53154 68.6667
      vertex -3.57009 2.73943 68.5938
    endloop
  endfacet
  facet normal 0.113672 0.25531 0.960154
    outer loop
      vertex -3.71906 2.53154 68.6667
      vertex -9.12628 6.19282 68.3333
      vertex -9.72361 5.20494 68.6667
    endloop
  endfacet
  facet normal -0.863907 0.498777 -0.0699027
    outer loop
      vertex -9.72361 5.20494 68.6667
      vertex -9.12628 6.19282 68.3333
      vertex -9.92628 4.80718 68.3333
    endloop
  endfacet
  facet normal -0.911308 0.405748 0.0698991
    outer loop
      vertex -9.72361 5.20494 68.6667
      vertex -9.92628 4.80718 68.3333
      vertex -10.3744 3.74327 68.6667
    endloop
  endfacet
  facet normal -0.139825 -0.242289 -0.960075
    outer loop
      vertex -10.3744 3.74327 68.6667
      vertex -4.23337 1.52038 68.3333
      vertex -4.26118 1.44648 68.356
    endloop
  endfacet
  facet normal -0.139759 -0.242106 -0.960131
    outer loop
      vertex -10.3744 3.74327 68.6667
      vertex -4.26118 1.44648 68.356
      vertex -4.34667 1.16469 68.4395
    endloop
  endfacet
  facet normal -0.139759 -0.242104 -0.960132
    outer loop
      vertex -10.3744 3.74327 68.6667
      vertex -4.34667 1.16469 68.4395
      vertex -4.36826 1.07206 68.466
    endloop
  endfacet
  facet normal -0.139735 -0.242029 -0.960154
    outer loop
      vertex -4.23337 1.52038 68.3333
      vertex -10.3744 3.74327 68.6667
      vertex -9.92628 4.80718 68.3333
    endloop
  endfacet
  facet normal -0.406701 -0.913467 -0.0131608
    outer loop
      vertex -4.36826 1.07206 68.466
      vertex -4.36887 1.06944 68.6667
      vertex -10.3744 3.74327 68.6667
    endloop
  endfacet
  facet normal 0.406702 0.913466 0.0131556
    outer loop
      vertex -3.72063 2.52935 68.8673
      vertex -3.71906 2.53154 68.6667
      vertex -9.72361 5.20494 68.6667
    endloop
  endfacet
  facet normal 0.0864556 0.265955 0.960101
    outer loop
      vertex -9.72361 5.20494 68.6667
      vertex -3.74161 2.50007 68.8773
      vertex -3.72063 2.52935 68.8673
    endloop
  endfacet
  facet normal 0.0863613 0.265752 0.960165
    outer loop
      vertex -9.72361 5.20494 68.6667
      vertex -3.89711 2.25 68.9605
      vertex -3.74161 2.50007 68.8773
    endloop
  endfacet
  facet normal 0.0864692 0.265958 0.960099
    outer loop
      vertex -9.72361 5.20494 68.6667
      vertex -3.96205 2.12852 69
      vertex -3.89711 2.25 68.9605
    endloop
  endfacet
  facet normal 0.0863375 0.26572 0.960176
    outer loop
      vertex -3.96205 2.12852 69
      vertex -9.72361 5.20494 68.6667
      vertex -10.2144 4.16003 69
    endloop
  endfacet
  facet normal -0.911309 0.405749 -0.0698783
    outer loop
      vertex -10.2144 4.16003 69
      vertex -9.72361 5.20494 68.6667
      vertex -10.3744 3.74327 68.6667
    endloop
  endfacet
  facet normal -0.948728 0.308244 0.0700057
    outer loop
      vertex -10.2144 4.16003 69
      vertex -10.3744 3.74327 68.6667
      vertex -10.7088 2.63834 69
    endloop
  endfacet
  facet normal -0.11364 -0.255238 -0.960177
    outer loop
      vertex -10.7088 2.63834 69
      vertex -4.36887 1.06944 68.6667
      vertex -4.41353 0.877906 68.7229
    endloop
  endfacet
  facet normal -0.113601 -0.255093 -0.96022
    outer loop
      vertex -10.7088 2.63834 69
      vertex -4.41353 0.877906 68.7229
      vertex -4.45776 0.610019 68.7993
    endloop
  endfacet
  facet normal -0.113641 -0.255242 -0.960176
    outer loop
      vertex -4.36887 1.06944 68.6667
      vertex -10.7088 2.63834 69
      vertex -10.3744 3.74327 68.6667
    endloop
  endfacet
  facet normal -0.308992 -0.950974 -0.0131533
    outer loop
      vertex -4.45776 0.610019 68.7993
      vertex -4.4582 0.607386 69
      vertex -10.7088 2.63834 69
    endloop
  endfacet
  facet normal 0.30899 0.950974 0.0131696
    outer loop
      vertex -3.96331 2.12615 69.2007
      vertex -3.96205 2.12852 69
      vertex -10.2144 4.16003 69
    endloop
  endfacet
  facet normal 0.0581655 0.273513 0.960108
    outer loop
      vertex -10.2144 4.16003 69
      vertex -4.03593 1.9903 69.2438
      vertex -3.96331 2.12615 69.2007
    endloop
  endfacet
  facet normal 0.0580881 0.273299 0.960174
    outer loop
      vertex -10.2144 4.16003 69
      vertex -4.15746 1.72207 69.3275
      vertex -4.03593 1.9903 69.2438
    endloop
  endfacet
  facet normal 0.0575066 0.271912 0.960602
    outer loop
      vertex -10.2144 4.16003 69
      vertex -4.1646 1.70309 69.3333
      vertex -4.15746 1.72207 69.3275
    endloop
  endfacet
  facet normal 0.0580894 0.273289 0.960176
    outer loop
      vertex -4.1646 1.70309 69.3333
      vertex -10.2144 4.16003 69
      vertex -10.5933 3.06955 69.3333
    endloop
  endfacet
  facet normal -0.948727 0.308243 -0.0700258
    outer loop
      vertex -10.5933 3.06955 69.3333
      vertex -10.2144 4.16003 69
      vertex -10.7088 2.63834 69
    endloop
  endfacet
  facet normal -0.975759 0.207429 0.0697708
    outer loop
      vertex -10.5933 3.06955 69.3333
      vertex -10.7088 2.63834 69
      vertex -10.926 1.50451 69.3333
    endloop
  endfacet
  facet normal -0.0861388 -0.26412 -0.960635
    outer loop
      vertex -10.926 1.50451 69.3333
      vertex -4.4582 0.607386 69
      vertex -4.4615 0.587367 69.0058
    endloop
  endfacet
  facet normal -0.0863439 -0.265732 -0.960173
    outer loop
      vertex -10.926 1.50451 69.3333
      vertex -4.4615 0.587367 69.0058
      vertex -4.49037 0.294313 69.0895
    endloop
  endfacet
  facet normal -0.0863822 -0.265948 -0.960109
    outer loop
      vertex -10.926 1.50451 69.3333
      vertex -4.49037 0.294313 69.0895
      vertex -4.49541 0.140353 69.1326
    endloop
  endfacet
  facet normal -0.0863363 -0.265715 -0.960178
    outer loop
      vertex -4.4582 0.607386 69
      vertex -10.926 1.50451 69.3333
      vertex -10.7088 2.63834 69
    endloop
  endfacet
  facet normal -0.207892 -0.978064 -0.0131383
    outer loop
      vertex -4.49541 0.140353 69.1326
      vertex -4.49549 0.137674 69.3333
      vertex -10.926 1.50451 69.3333
    endloop
  endfacet
  facet normal 0.207893 0.978063 0.0131568
    outer loop
      vertex -4.16554 1.70059 69.534
      vertex -4.1646 1.70309 69.3333
      vertex -10.5933 3.06955 69.3333
    endloop
  endfacet
  facet normal 0.0292374 0.278042 0.960124
    outer loop
      vertex -10.5933 3.06955 69.3333
      vertex -4.26118 1.44648 69.6105
      vertex -4.16554 1.70059 69.534
    endloop
  endfacet
  facet normal 0.0291914 0.277871 0.960175
    outer loop
      vertex -10.5933 3.06955 69.3333
      vertex -4.31827 1.25828 69.6667
      vertex -4.26118 1.44648 69.6105
    endloop
  endfacet
  facet normal 0.0292126 0.27794 0.960154
    outer loop
      vertex -4.31827 1.25828 69.6667
      vertex -10.5933 3.06955 69.3333
      vertex -10.8561 1.94543 69.6667
    endloop
  endfacet
  facet normal -0.97576 0.207429 -0.0697485
    outer loop
      vertex -10.8561 1.94543 69.6667
      vertex -10.5933 3.06955 69.3333
      vertex -10.926 1.50451 69.3333
    endloop
  endfacet
  facet normal -0.992075 0.104305 0.0700533
    outer loop
      vertex -10.8561 1.94543 69.6667
      vertex -10.926 1.50451 69.3333
      vertex -11.0234 0.354195 69.6667
    endloop
  endfacet
  facet normal -0.0580993 -0.273332 -0.960164
    outer loop
      vertex -11.0234 0.354195 69.6667
      vertex -4.5 0 69.3728
      vertex -4.49037 -0.294313 69.456
    endloop
  endfacet
  facet normal -0.0581156 -0.273514 -0.960111
    outer loop
      vertex -11.0234 0.354195 69.6667
      vertex -4.49037 -0.294313 69.456
      vertex -4.48683 -0.330168 69.466
    endloop
  endfacet
  facet normal -0.0581007 -0.273365 -0.960154
    outer loop
      vertex -4.5 0 69.3728
      vertex -11.0234 0.354195 69.6667
      vertex -10.926 1.50451 69.3333
    endloop
  endfacet
  facet normal -0.0581457 -0.273556 -0.960097
    outer loop
      vertex -4.49549 0.137674 69.3333
      vertex -4.5 0 69.3728
      vertex -10.926 1.50451 69.3333
    endloop
  endfacet
  facet normal -0.104519 -0.994436 -0.0131485
    outer loop
      vertex -4.48683 -0.330168 69.466
      vertex -4.48657 -0.332849 69.6667
      vertex -11.0234 0.354195 69.6667
    endloop
  endfacet
  facet normal 0.104519 0.994435 0.0131949
    outer loop
      vertex -4.31906 1.2557 69.8674
      vertex -4.31827 1.25828 69.6667
      vertex -10.8561 1.94543 69.6667
    endloop
  endfacet
  facet normal 1.89811e-05 0.279561 0.960128
    outer loop
      vertex -10.8561 1.94543 69.6667
      vertex -4.34667 1.16469 69.8939
      vertex -4.31906 1.2557 69.8674
    endloop
  endfacet
  facet normal -2.18207e-05 0.279248 0.960219
    outer loop
      vertex -10.8561 1.94543 69.6667
      vertex -4.41353 0.877906 69.9773
      vertex -4.34667 1.16469 69.8939
    endloop
  endfacet
  facet normal 6.49422e-05 0.27973 0.960079
    outer loop
      vertex -10.8561 1.94543 69.6667
      vertex -4.4264 0.799999 70
      vertex -4.41353 0.877906 69.9773
    endloop
  endfacet
  facet normal 0 0.279394 0.960176
    outer loop
      vertex -4.4264 0.799999 70
      vertex -10.8561 1.94543 69.6667
      vertex -11 0.799999 70
    endloop
  endfacet
  facet normal -0.992088 0.104307 -0.0698633
    outer loop
      vertex -11 0.799999 70
      vertex -10.8561 1.94543 69.6667
      vertex -11.0234 0.354195 69.6667
    endloop
  endfacet
  facet normal -0.997545 0 0.0700346
    outer loop
      vertex -11 -0.799999 70
      vertex -11 0.799999 70
      vertex -11.0234 0.354195 69.6667
    endloop
  endfacet
  facet normal -0.0292063 -0.277799 -0.960195
    outer loop
      vertex -11 -0.799999 70
      vertex -4.4615 -0.587367 69.7396
      vertex -4.42683 -0.797361 69.7993
    endloop
  endfacet
  facet normal -0.0292023 -0.277891 -0.960168
    outer loop
      vertex -11 -0.799999 70
      vertex -4.48657 -0.332849 69.6667
      vertex -4.4615 -0.587367 69.7396
    endloop
  endfacet
  facet normal -0.0292046 -0.277865 -0.960176
    outer loop
      vertex -4.48657 -0.332849 69.6667
      vertex -11 -0.799999 70
      vertex -11.0234 0.354195 69.6667
    endloop
  endfacet
  facet normal 0 -0.999914 -0.0131429
    outer loop
      vertex -4.42683 -0.797361 69.7993
      vertex -4.4264 -0.799999 70
      vertex -11 -0.799999 70
    endloop
  endfacet
  facet normal 0 0.999914 0.0131429
    outer loop
      vertex -4.42683 0.797361 70.2007
      vertex -4.4264 0.799999 70
      vertex -11 0.799999 70
    endloop
  endfacet
  facet normal -0.0292063 0.277799 0.960195
    outer loop
      vertex -11 0.799999 70
      vertex -4.4615 0.587367 70.2604
      vertex -4.42683 0.797361 70.2007
    endloop
  endfacet
  facet normal -0.0292023 0.277891 0.960168
    outer loop
      vertex -11 0.799999 70
      vertex -4.48657 0.332849 70.3333
      vertex -4.4615 0.587367 70.2604
    endloop
  endfacet
  facet normal -0.0292046 0.277865 0.960176
    outer loop
      vertex -4.48657 0.332849 70.3333
      vertex -11 0.799999 70
      vertex -11.0234 -0.354195 70.3333
    endloop
  endfacet
  facet normal -0.997545 -0 -0.0700346
    outer loop
      vertex -11 0.799999 70
      vertex -11 -0.799999 70
      vertex -11.0234 -0.354195 70.3333
    endloop
  endfacet
  facet normal -0.992088 -0.104307 0.0698633
    outer loop
      vertex -11 -0.799999 70
      vertex -10.8561 -1.94543 70.3333
      vertex -11.0234 -0.354195 70.3333
    endloop
  endfacet
  facet normal 1.89811e-05 -0.279561 -0.960128
    outer loop
      vertex -10.8561 -1.94543 70.3333
      vertex -4.34667 -1.16469 70.1061
      vertex -4.31906 -1.2557 70.1326
    endloop
  endfacet
  facet normal -2.18207e-05 -0.279248 -0.960219
    outer loop
      vertex -10.8561 -1.94543 70.3333
      vertex -4.41353 -0.877906 70.0227
      vertex -4.34667 -1.16469 70.1061
    endloop
  endfacet
  facet normal 6.49422e-05 -0.27973 -0.960079
    outer loop
      vertex -10.8561 -1.94543 70.3333
      vertex -4.4264 -0.799999 70
      vertex -4.41353 -0.877906 70.0227
    endloop
  endfacet
  facet normal -0 -0.279394 -0.960176
    outer loop
      vertex -4.4264 -0.799999 70
      vertex -10.8561 -1.94543 70.3333
      vertex -11 -0.799999 70
    endloop
  endfacet
  facet normal 0.104519 -0.994435 -0.0131949
    outer loop
      vertex -4.31906 -1.2557 70.1326
      vertex -4.31827 -1.25828 70.3333
      vertex -10.8561 -1.94543 70.3333
    endloop
  endfacet
  facet normal -0.104519 0.994436 0.0131485
    outer loop
      vertex -4.48683 0.330168 70.534
      vertex -4.48657 0.332849 70.3333
      vertex -11.0234 -0.354195 70.3333
    endloop
  endfacet
  facet normal -0.0580993 0.273332 0.960164
    outer loop
      vertex -11.0234 -0.354195 70.3333
      vertex -4.5 0 70.6272
      vertex -4.49037 0.294313 70.544
    endloop
  endfacet
  facet normal -0.0581156 0.273514 0.960111
    outer loop
      vertex -11.0234 -0.354195 70.3333
      vertex -4.49037 0.294313 70.544
      vertex -4.48683 0.330168 70.534
    endloop
  endfacet
  facet normal -0.0581007 0.273365 0.960154
    outer loop
      vertex -4.5 0 70.6272
      vertex -11.0234 -0.354195 70.3333
      vertex -10.926 -1.50451 70.6667
    endloop
  endfacet
  facet normal -0.0581457 0.273556 0.960097
    outer loop
      vertex -4.49549 -0.137674 70.6667
      vertex -4.5 0 70.6272
      vertex -10.926 -1.50451 70.6667
    endloop
  endfacet
  facet normal -0.992075 -0.104305 -0.0700533
    outer loop
      vertex -10.8561 -1.94543 70.3333
      vertex -10.926 -1.50451 70.6667
      vertex -11.0234 -0.354195 70.3333
    endloop
  endfacet
  facet normal -0.97576 -0.207429 0.0697485
    outer loop
      vertex -10.8561 -1.94543 70.3333
      vertex -10.5933 -3.06955 70.6667
      vertex -10.926 -1.50451 70.6667
    endloop
  endfacet
  facet normal 0.0292374 -0.278042 -0.960124
    outer loop
      vertex -10.5933 -3.06955 70.6667
      vertex -4.26118 -1.44648 70.3895
      vertex -4.16554 -1.70059 70.466
    endloop
  endfacet
  facet normal 0.0291914 -0.277871 -0.960175
    outer loop
      vertex -10.5933 -3.06955 70.6667
      vertex -4.31827 -1.25828 70.3333
      vertex -4.26118 -1.44648 70.3895
    endloop
  endfacet
  facet normal 0.0292126 -0.27794 -0.960154
    outer loop
      vertex -4.31827 -1.25828 70.3333
      vertex -10.5933 -3.06955 70.6667
      vertex -10.8561 -1.94543 70.3333
    endloop
  endfacet
  facet normal 0.207893 -0.978063 -0.0131568
    outer loop
      vertex -4.16554 -1.70059 70.466
      vertex -4.1646 -1.70309 70.6667
      vertex -10.5933 -3.06955 70.6667
    endloop
  endfacet
  facet normal -0.207892 0.978064 0.0131383
    outer loop
      vertex -4.49541 -0.140353 70.8674
      vertex -4.49549 -0.137674 70.6667
      vertex -10.926 -1.50451 70.6667
    endloop
  endfacet
  facet normal -0.0861388 0.26412 0.960635
    outer loop
      vertex -10.926 -1.50451 70.6667
      vertex -4.4582 -0.607386 71
      vertex -4.4615 -0.587367 70.9942
    endloop
  endfacet
  facet normal -0.0863439 0.265732 0.960173
    outer loop
      vertex -10.926 -1.50451 70.6667
      vertex -4.4615 -0.587367 70.9942
      vertex -4.49037 -0.294313 70.9105
    endloop
  endfacet
  facet normal -0.0863822 0.265948 0.960109
    outer loop
      vertex -10.926 -1.50451 70.6667
      vertex -4.49037 -0.294313 70.9105
      vertex -4.49541 -0.140353 70.8674
    endloop
  endfacet
  facet normal -0.0863363 0.265715 0.960178
    outer loop
      vertex -4.4582 -0.607386 71
      vertex -10.926 -1.50451 70.6667
      vertex -10.7088 -2.63834 71
    endloop
  endfacet
  facet normal -0.975759 -0.207429 -0.0697708
    outer loop
      vertex -10.5933 -3.06955 70.6667
      vertex -10.7088 -2.63834 71
      vertex -10.926 -1.50451 70.6667
    endloop
  endfacet
  facet normal -0.948727 -0.308243 0.0700258
    outer loop
      vertex -10.5933 -3.06955 70.6667
      vertex -10.2144 -4.16003 71
      vertex -10.7088 -2.63834 71
    endloop
  endfacet
  facet normal 0.0581655 -0.273513 -0.960108
    outer loop
      vertex -10.2144 -4.16003 71
      vertex -4.03593 -1.9903 70.7562
      vertex -3.96331 -2.12615 70.7993
    endloop
  endfacet
  facet normal 0.0580881 -0.273299 -0.960174
    outer loop
      vertex -10.2144 -4.16003 71
      vertex -4.15746 -1.72207 70.6725
      vertex -4.03593 -1.9903 70.7562
    endloop
  endfacet
  facet normal 0.0575066 -0.271912 -0.960602
    outer loop
      vertex -10.2144 -4.16003 71
      vertex -4.1646 -1.70309 70.6667
      vertex -4.15746 -1.72207 70.6725
    endloop
  endfacet
  facet normal 0.0580894 -0.273289 -0.960176
    outer loop
      vertex -4.1646 -1.70309 70.6667
      vertex -10.2144 -4.16003 71
      vertex -10.5933 -3.06955 70.6667
    endloop
  endfacet
  facet normal 0.30899 -0.950974 -0.0131696
    outer loop
      vertex -3.96331 -2.12615 70.7993
      vertex -3.96205 -2.12852 71
      vertex -10.2144 -4.16003 71
    endloop
  endfacet
  facet normal -0.308992 0.950974 0.0131533
    outer loop
      vertex -4.45776 -0.610019 71.2007
      vertex -4.4582 -0.607386 71
      vertex -10.7088 -2.63834 71
    endloop
  endfacet
  facet normal -0.11364 0.255238 0.960177
    outer loop
      vertex -10.7088 -2.63834 71
      vertex -4.36887 -1.06944 71.3333
      vertex -4.41353 -0.877906 71.2771
    endloop
  endfacet
  facet normal -0.113601 0.255093 0.96022
    outer loop
      vertex -10.7088 -2.63834 71
      vertex -4.41353 -0.877906 71.2771
      vertex -4.45776 -0.610019 71.2007
    endloop
  endfacet
  facet normal -0.113641 0.255242 0.960176
    outer loop
      vertex -4.36887 -1.06944 71.3333
      vertex -10.7088 -2.63834 71
      vertex -10.3744 -3.74327 71.3333
    endloop
  endfacet
  facet normal -0.948728 -0.308244 -0.0700057
    outer loop
      vertex -10.2144 -4.16003 71
      vertex -10.3744 -3.74327 71.3333
      vertex -10.7088 -2.63834 71
    endloop
  endfacet
  facet normal -0.911309 -0.405749 0.0698783
    outer loop
      vertex -10.2144 -4.16003 71
      vertex -9.72361 -5.20494 71.3333
      vertex -10.3744 -3.74327 71.3333
    endloop
  endfacet
  facet normal 0.0853999 -0.263677 -0.960823
    outer loop
      vertex -9.72361 -5.20494 71.3333
      vertex -3.74161 -2.50007 71.1227
      vertex -3.72063 -2.52935 71.1326
    endloop
  endfacet
  facet normal 0.0863613 -0.265752 -0.960165
    outer loop
      vertex -9.72361 -5.20494 71.3333
      vertex -3.89711 -2.25 71.0395
      vertex -3.74161 -2.50007 71.1227
    endloop
  endfacet
  facet normal 0.0864692 -0.265958 -0.960099
    outer loop
      vertex -9.72361 -5.20494 71.3333
      vertex -3.96205 -2.12852 71
      vertex -3.89711 -2.25 71.0395
    endloop
  endfacet
  facet normal 0.0863375 -0.26572 -0.960176
    outer loop
      vertex -3.96205 -2.12852 71
      vertex -9.72361 -5.20494 71.3333
      vertex -10.2144 -4.16003 71
    endloop
  endfacet
  facet normal 0.406702 -0.913466 -0.013149
    outer loop
      vertex -3.72063 -2.52935 71.1326
      vertex -3.71906 -2.53154 71.3333
      vertex -9.72361 -5.20494 71.3333
    endloop
  endfacet
  facet normal -0.406701 0.913467 0.0131608
    outer loop
      vertex -4.36826 -1.07206 71.534
      vertex -4.36887 -1.06944 71.3333
      vertex -10.3744 -3.74327 71.3333
    endloop
  endfacet
  facet normal -0.139825 0.242289 0.960075
    outer loop
      vertex -10.3744 -3.74327 71.3333
      vertex -4.23337 -1.52038 71.6667
      vertex -4.26118 -1.44648 71.644
    endloop
  endfacet
  facet normal -0.139759 0.242106 0.960131
    outer loop
      vertex -10.3744 -3.74327 71.3333
      vertex -4.26118 -1.44648 71.644
      vertex -4.34667 -1.16469 71.5605
    endloop
  endfacet
  facet normal -0.139759 0.242104 0.960132
    outer loop
      vertex -10.3744 -3.74327 71.3333
      vertex -4.34667 -1.16469 71.5605
      vertex -4.36826 -1.07206 71.534
    endloop
  endfacet
  facet normal -0.139735 0.242029 0.960154
    outer loop
      vertex -4.23337 -1.52038 71.6667
      vertex -10.3744 -3.74327 71.3333
      vertex -9.92628 -4.80718 71.6667
    endloop
  endfacet
  facet normal -0.911308 -0.405748 -0.0698991
    outer loop
      vertex -9.72361 -5.20494 71.3333
      vertex -9.92628 -4.80718 71.6667
      vertex -10.3744 -3.74327 71.3333
    endloop
  endfacet
  facet normal -0.863907 -0.498777 0.0699027
    outer loop
      vertex -9.72361 -5.20494 71.3333
      vertex -9.12628 -6.19282 71.6667
      vertex -9.92628 -4.80718 71.6667
    endloop
  endfacet
  facet normal 0.113824 -0.255554 -0.960071
    outer loop
      vertex -9.12628 -6.19282 71.6667
      vertex -3.57009 -2.73943 71.4062
      vertex -3.43507 -2.90395 71.466
    endloop
  endfacet
  facet normal 0.113641 -0.255266 -0.960169
    outer loop
      vertex -9.12628 -6.19282 71.6667
      vertex -3.71906 -2.53154 71.3333
      vertex -3.57009 -2.73943 71.4062
    endloop
  endfacet
  facet normal 0.113672 -0.25531 -0.960154
    outer loop
      vertex -3.71906 -2.53154 71.3333
      vertex -9.12628 -6.19282 71.6667
      vertex -9.72361 -5.20494 71.3333
    endloop
  endfacet
  facet normal 0.499956 -0.865951 -0.0131661
    outer loop
      vertex -3.43507 -2.90395 71.466
      vertex -3.43337 -2.90602 71.6667
      vertex -9.12628 -6.19282 71.6667
    endloop
  endfacet
  facet normal -0.499957 0.865951 0.0131282
    outer loop
      vertex -4.23243 -1.52288 71.8674
      vertex -4.23337 -1.52038 71.6667
      vertex -9.92628 -4.80718 71.6667
    endloop
  endfacet
  facet normal -0.164233 0.226054 0.96017
    outer loop
      vertex -9.92628 -4.80718 71.6667
      vertex -4.05191 -1.95503 72
      vertex -4.15746 -1.72207 71.9271
    endloop
  endfacet
  facet normal -0.164196 0.225984 0.960193
    outer loop
      vertex -9.92628 -4.80718 71.6667
      vertex -4.15746 -1.72207 71.9271
      vertex -4.23243 -1.52288 71.8674
    endloop
  endfacet
  facet normal -0.164224 0.226035 0.960176
    outer loop
      vertex -4.05191 -1.95503 72
      vertex -9.92628 -4.80718 71.6667
      vertex -9.36941 -5.81842 72
    endloop
  endfacet
  facet normal -0.863907 -0.498777 -0.0699056
    outer loop
      vertex -9.12628 -6.19282 71.6667
      vertex -9.36941 -5.81842 72
      vertex -9.92628 -4.80718 71.6667
    endloop
  endfacet
  facet normal -0.807038 -0.586342 0.0699411
    outer loop
      vertex -9.12628 -6.19282 71.6667
      vertex -8.42896 -7.11285 72
      vertex -9.36941 -5.81842 72
    endloop
  endfacet
  facet normal 0.139782 -0.242078 -0.960135
    outer loop
      vertex -8.42896 -7.11285 72
      vertex -3.18198 -3.18198 71.7728
      vertex -3.11256 -3.247 71.7993
    endloop
  endfacet
  facet normal 0.139793 -0.242092 -0.96013
    outer loop
      vertex -8.42896 -7.11285 72
      vertex -3.38328 -2.96706 71.6893
      vertex -3.18198 -3.18198 71.7728
    endloop
  endfacet
  facet normal 0.139184 -0.241371 -0.9604
    outer loop
      vertex -8.42896 -7.11285 72
      vertex -3.43337 -2.90602 71.6667
      vertex -3.38328 -2.96706 71.6893
    endloop
  endfacet
  facet normal 0.139697 -0.241963 -0.960176
    outer loop
      vertex -3.43337 -2.90602 71.6667
      vertex -8.42896 -7.11285 72
      vertex -9.12628 -6.19282 71.6667
    endloop
  endfacet
  facet normal 0.587734 -0.808947 -0.0131561
    outer loop
      vertex -3.11256 -3.247 71.7993
      vertex -3.1106 -3.24884 72
      vertex -8.42896 -7.11285 72
    endloop
  endfacet
  facet normal -0.587735 0.808947 0.0131256
    outer loop
      vertex -4.0508 -1.95748 72.2007
      vertex -4.05191 -1.95503 72
      vertex -9.36941 -5.81842 72
    endloop
  endfacet
  facet normal -0.186755 0.207306 0.960285
    outer loop
      vertex -9.36941 -5.81842 72
      vertex -3.82437 -2.36698 72.3333
      vertex -3.89711 -2.25 72.2939
    endloop
  endfacet
  facet normal -0.18698 0.20766 0.960165
    outer loop
      vertex -9.36941 -5.81842 72
      vertex -3.89711 -2.25 72.2939
      vertex -4.03593 -1.9903 72.2107
    endloop
  endfacet
  facet normal -0.187068 0.207785 0.96012
    outer loop
      vertex -9.36941 -5.81842 72
      vertex -4.03593 -1.9903 72.2107
      vertex -4.0508 -1.95748 72.2007
    endloop
  endfacet
  facet normal -0.186951 0.207631 0.960176
    outer loop
      vertex -3.82437 -2.36698 72.3333
      vertex -9.36941 -5.81842 72
      vertex -8.7099 -6.76592 72.3333
    endloop
  endfacet
  facet normal -0.807039 -0.586343 -0.0699358
    outer loop
      vertex -8.42896 -7.11285 72
      vertex -8.7099 -6.76592 72.3333
      vertex -9.36941 -5.81842 72
    endloop
  endfacet
  facet normal -0.741325 -0.667494 0.0699242
    outer loop
      vertex -8.42896 -7.11285 72
      vertex -7.63929 -7.95495 72.3333
      vertex -8.7099 -6.76592 72.3333
    endloop
  endfacet
  facet normal 0.164351 -0.226161 -0.960125
    outer loop
      vertex -7.63929 -7.95495 72.3333
      vertex -2.96706 -3.38328 72.0562
      vertex -2.75717 -3.55552 72.1327
    endloop
  endfacet
  facet normal 0.164228 -0.226038 -0.960175
    outer loop
      vertex -7.63929 -7.95495 72.3333
      vertex -3.1106 -3.24884 72
      vertex -2.96706 -3.38328 72.0562
    endloop
  endfacet
  facet normal 0.164224 -0.226035 -0.960176
    outer loop
      vertex -3.1106 -3.24884 72
      vertex -7.63929 -7.95495 72.3333
      vertex -8.42896 -7.11285 72
    endloop
  endfacet
  facet normal 0.669072 -0.743081 -0.0131681
    outer loop
      vertex -2.75717 -3.55552 72.1327
      vertex -2.75511 -3.55722 72.3333
      vertex -7.63929 -7.95495 72.3333
    endloop
  endfacet
  facet normal -0.669072 0.743082 0.0130985
    outer loop
      vertex -3.82296 -2.36925 72.5341
      vertex -3.82437 -2.36698 72.3333
      vertex -8.7099 -6.76592 72.3333
    endloop
  endfacet
  facet normal -0.209327 0.189174 0.959372
    outer loop
      vertex -8.7099 -6.76592 72.3333
      vertex -3.55722 -2.75511 72.6667
      vertex -3.57009 -2.73943 72.6608
    endloop
  endfacet
  facet normal -0.207645 0.186962 0.960171
    outer loop
      vertex -8.7099 -6.76592 72.3333
      vertex -3.57009 -2.73943 72.6608
      vertex -3.74161 -2.50007 72.5771
    endloop
  endfacet
  facet normal -0.2074 0.18667 0.960281
    outer loop
      vertex -8.7099 -6.76592 72.3333
      vertex -3.74161 -2.50007 72.5771
      vertex -3.82296 -2.36925 72.5341
    endloop
  endfacet
  facet normal -0.207687 0.187002 0.960154
    outer loop
      vertex -3.55722 -2.75511 72.6667
      vertex -8.7099 -6.76592 72.3333
      vertex -7.95495 -7.63929 72.6667
    endloop
  endfacet
  facet normal -0.741326 -0.667495 -0.069903
    outer loop
      vertex -7.63929 -7.95495 72.3333
      vertex -7.95495 -7.63929 72.6667
      vertex -8.7099 -6.76592 72.3333
    endloop
  endfacet
  facet normal -0.667495 -0.741326 0.069903
    outer loop
      vertex -7.63929 -7.95495 72.3333
      vertex -6.76592 -8.7099 72.6667
      vertex -7.95495 -7.63929 72.6667
    endloop
  endfacet
  facet normal 0.18667 -0.2074 -0.960281
    outer loop
      vertex -6.76592 -8.7099 72.6667
      vertex -2.50007 -3.74161 72.4229
      vertex -2.36925 -3.82296 72.4659
    endloop
  endfacet
  facet normal 0.186962 -0.207645 -0.960171
    outer loop
      vertex -6.76592 -8.7099 72.6667
      vertex -2.73943 -3.57009 72.3392
      vertex -2.50007 -3.74161 72.4229
    endloop
  endfacet
  facet normal 0.189174 -0.209327 -0.959372
    outer loop
      vertex -6.76592 -8.7099 72.6667
      vertex -2.75511 -3.55722 72.3333
      vertex -2.73943 -3.57009 72.3392
    endloop
  endfacet
  facet normal 0.187002 -0.207687 -0.960154
    outer loop
      vertex -2.75511 -3.55722 72.3333
      vertex -6.76592 -8.7099 72.6667
      vertex -7.63929 -7.95495 72.3333
    endloop
  endfacet
  facet normal 0.743082 -0.669072 -0.0130985
    outer loop
      vertex -2.36925 -3.82296 72.4659
      vertex -2.36698 -3.82437 72.6667
      vertex -6.76592 -8.7099 72.6667
    endloop
  endfacet
  facet normal -0.743081 0.669072 0.0131681
    outer loop
      vertex -3.55552 -2.75717 72.8673
      vertex -3.55722 -2.75511 72.6667
      vertex -7.95495 -7.63929 72.6667
    endloop
  endfacet
  facet normal -0.226038 0.164228 0.960175
    outer loop
      vertex -7.95495 -7.63929 72.6667
      vertex -3.24884 -3.1106 73
      vertex -3.38328 -2.96706 72.9438
    endloop
  endfacet
  facet normal -0.226161 0.164351 0.960125
    outer loop
      vertex -7.95495 -7.63929 72.6667
      vertex -3.38328 -2.96706 72.9438
      vertex -3.55552 -2.75717 72.8673
    endloop
  endfacet
  facet normal -0.226035 0.164224 0.960176
    outer loop
      vertex -3.24884 -3.1106 73
      vertex -7.95495 -7.63929 72.6667
      vertex -7.11285 -8.42896 73
    endloop
  endfacet
  facet normal -0.667494 -0.741325 -0.0699242
    outer loop
      vertex -6.76592 -8.7099 72.6667
      vertex -7.11285 -8.42896 73
      vertex -7.95495 -7.63929 72.6667
    endloop
  endfacet
  facet normal -0.586343 -0.807039 0.0699358
    outer loop
      vertex -6.76592 -8.7099 72.6667
      vertex -5.81842 -9.36941 73
      vertex -7.11285 -8.42896 73
    endloop
  endfacet
  facet normal 0.207785 -0.187068 -0.96012
    outer loop
      vertex -5.81842 -9.36941 73
      vertex -1.9903 -4.03593 72.7893
      vertex -1.95748 -4.0508 72.7993
    endloop
  endfacet
  facet normal 0.20766 -0.18698 -0.960165
    outer loop
      vertex -5.81842 -9.36941 73
      vertex -2.25 -3.89711 72.7061
      vertex -1.9903 -4.03593 72.7893
    endloop
  endfacet
  facet normal 0.207306 -0.186755 -0.960285
    outer loop
      vertex -5.81842 -9.36941 73
      vertex -2.36698 -3.82437 72.6667
      vertex -2.25 -3.89711 72.7061
    endloop
  endfacet
  facet normal 0.207631 -0.186951 -0.960176
    outer loop
      vertex -2.36698 -3.82437 72.6667
      vertex -5.81842 -9.36941 73
      vertex -6.76592 -8.7099 72.6667
    endloop
  endfacet
  facet normal 0.808947 -0.587735 -0.0131256
    outer loop
      vertex -1.95748 -4.0508 72.7993
      vertex -1.95503 -4.05191 73
      vertex -5.81842 -9.36941 73
    endloop
  endfacet
  facet normal -0.808947 0.587734 0.0131561
    outer loop
      vertex -3.247 -3.11256 73.2007
      vertex -3.24884 -3.1106 73
      vertex -7.11285 -8.42896 73
    endloop
  endfacet
  facet normal -0.241371 0.139184 0.9604
    outer loop
      vertex -7.11285 -8.42896 73
      vertex -2.90602 -3.43337 73.3333
      vertex -2.96706 -3.38328 73.3107
    endloop
  endfacet
  facet normal -0.242092 0.139793 0.96013
    outer loop
      vertex -7.11285 -8.42896 73
      vertex -2.96706 -3.38328 73.3107
      vertex -3.18198 -3.18198 73.2272
    endloop
  endfacet
  facet normal -0.242078 0.139782 0.960135
    outer loop
      vertex -7.11285 -8.42896 73
      vertex -3.18198 -3.18198 73.2272
      vertex -3.247 -3.11256 73.2007
    endloop
  endfacet
  facet normal -0.241963 0.139697 0.960176
    outer loop
      vertex -2.90602 -3.43337 73.3333
      vertex -7.11285 -8.42896 73
      vertex -6.19282 -9.12628 73.3333
    endloop
  endfacet
  facet normal -0.586342 -0.807038 -0.0699411
    outer loop
      vertex -5.81842 -9.36941 73
      vertex -6.19282 -9.12628 73.3333
      vertex -7.11285 -8.42896 73
    endloop
  endfacet
  facet normal -0.498777 -0.863907 0.0699056
    outer loop
      vertex -5.81842 -9.36941 73
      vertex -4.80718 -9.92628 73.3333
      vertex -6.19282 -9.12628 73.3333
    endloop
  endfacet
  facet normal 0.225984 -0.164196 -0.960193
    outer loop
      vertex -4.80718 -9.92628 73.3333
      vertex -1.72207 -4.15746 73.0729
      vertex -1.52288 -4.23243 73.1326
    endloop
  endfacet
  facet normal 0.226054 -0.164233 -0.96017
    outer loop
      vertex -4.80718 -9.92628 73.3333
      vertex -1.95503 -4.05191 73
      vertex -1.72207 -4.15746 73.0729
    endloop
  endfacet
  facet normal 0.226035 -0.164224 -0.960176
    outer loop
      vertex -1.95503 -4.05191 73
      vertex -4.80718 -9.92628 73.3333
      vertex -5.81842 -9.36941 73
    endloop
  endfacet
  facet normal 0.865951 -0.499957 -0.0131282
    outer loop
      vertex -1.52288 -4.23243 73.1326
      vertex -1.52038 -4.23337 73.3333
      vertex -4.80718 -9.92628 73.3333
    endloop
  endfacet
  facet normal -0.865951 0.499956 0.0131661
    outer loop
      vertex -2.90395 -3.43507 73.534
      vertex -2.90602 -3.43337 73.3333
      vertex -6.19282 -9.12628 73.3333
    endloop
  endfacet
  facet normal -0.255266 0.113641 0.960169
    outer loop
      vertex -6.19282 -9.12628 73.3333
      vertex -2.53154 -3.71906 73.6667
      vertex -2.73943 -3.57009 73.5938
    endloop
  endfacet
  facet normal -0.255554 0.113824 0.960071
    outer loop
      vertex -6.19282 -9.12628 73.3333
      vertex -2.73943 -3.57009 73.5938
      vertex -2.90395 -3.43507 73.534
    endloop
  endfacet
  facet normal -0.25531 0.113672 0.960154
    outer loop
      vertex -2.53154 -3.71906 73.6667
      vertex -6.19282 -9.12628 73.3333
      vertex -5.20494 -9.72361 73.6667
    endloop
  endfacet
  facet normal -0.498777 -0.863907 -0.0699027
    outer loop
      vertex -4.80718 -9.92628 73.3333
      vertex -5.20494 -9.72361 73.6667
      vertex -6.19282 -9.12628 73.3333
    endloop
  endfacet
  facet normal -0.405748 -0.911308 0.0698991
    outer loop
      vertex -4.80718 -9.92628 73.3333
      vertex -3.74327 -10.3744 73.6667
      vertex -5.20494 -9.72361 73.6667
    endloop
  endfacet
  facet normal 0.242104 -0.139759 -0.960132
    outer loop
      vertex -3.74327 -10.3744 73.6667
      vertex -1.16469 -4.34667 73.4395
      vertex -1.07206 -4.36826 73.466
    endloop
  endfacet
  facet normal 0.242106 -0.139759 -0.960131
    outer loop
      vertex -3.74327 -10.3744 73.6667
      vertex -1.44648 -4.26118 73.356
      vertex -1.16469 -4.34667 73.4395
    endloop
  endfacet
  facet normal 0.242289 -0.139825 -0.960075
    outer loop
      vertex -3.74327 -10.3744 73.6667
      vertex -1.52038 -4.23337 73.3333
      vertex -1.44648 -4.26118 73.356
    endloop
  endfacet
  facet normal 0.242029 -0.139735 -0.960154
    outer loop
      vertex -1.52038 -4.23337 73.3333
      vertex -3.74327 -10.3744 73.6667
      vertex -4.80718 -9.92628 73.3333
    endloop
  endfacet
  facet normal 0.913467 -0.406701 -0.0131608
    outer loop
      vertex -1.07206 -4.36826 73.466
      vertex -1.06944 -4.36887 73.6667
      vertex -3.74327 -10.3744 73.6667
    endloop
  endfacet
  facet normal -0.913466 0.406702 0.0131556
    outer loop
      vertex -2.52935 -3.72063 73.8673
      vertex -2.53154 -3.71906 73.6667
      vertex -5.20494 -9.72361 73.6667
    endloop
  endfacet
  facet normal -0.265958 0.0864692 0.960099
    outer loop
      vertex -5.20494 -9.72361 73.6667
      vertex -2.12852 -3.96205 74
      vertex -2.25 -3.89711 73.9605
    endloop
  endfacet
  facet normal -0.265752 0.0863613 0.960165
    outer loop
      vertex -5.20494 -9.72361 73.6667
      vertex -2.25 -3.89711 73.9605
      vertex -2.50007 -3.74161 73.8773
    endloop
  endfacet
  facet normal -0.265955 0.0864556 0.960101
    outer loop
      vertex -5.20494 -9.72361 73.6667
      vertex -2.50007 -3.74161 73.8773
      vertex -2.52935 -3.72063 73.8673
    endloop
  endfacet
  facet normal -0.26572 0.0863375 0.960176
    outer loop
      vertex -2.12852 -3.96205 74
      vertex -5.20494 -9.72361 73.6667
      vertex -4.16003 -10.2144 74
    endloop
  endfacet
  facet normal -0.405749 -0.911309 -0.0698783
    outer loop
      vertex -3.74327 -10.3744 73.6667
      vertex -4.16003 -10.2144 74
      vertex -5.20494 -9.72361 73.6667
    endloop
  endfacet
  facet normal -0.308244 -0.948728 0.0700057
    outer loop
      vertex -3.74327 -10.3744 73.6667
      vertex -2.63834 -10.7088 74
      vertex -4.16003 -10.2144 74
    endloop
  endfacet
  facet normal 0.255093 -0.113601 -0.96022
    outer loop
      vertex -2.63834 -10.7088 74
      vertex -0.877906 -4.41353 73.7229
      vertex -0.610019 -4.45776 73.7993
    endloop
  endfacet
  facet normal 0.255238 -0.11364 -0.960177
    outer loop
      vertex -2.63834 -10.7088 74
      vertex -1.06944 -4.36887 73.6667
      vertex -0.877906 -4.41353 73.7229
    endloop
  endfacet
  facet normal 0.255242 -0.113641 -0.960176
    outer loop
      vertex -1.06944 -4.36887 73.6667
      vertex -2.63834 -10.7088 74
      vertex -3.74327 -10.3744 73.6667
    endloop
  endfacet
  facet normal 0.950974 -0.308992 -0.0131533
    outer loop
      vertex -0.610019 -4.45776 73.7993
      vertex -0.607386 -4.4582 74
      vertex -2.63834 -10.7088 74
    endloop
  endfacet
  facet normal -0.950974 0.30899 0.0131696
    outer loop
      vertex -2.12615 -3.96331 74.2007
      vertex -2.12852 -3.96205 74
      vertex -4.16003 -10.2144 74
    endloop
  endfacet
  facet normal -0.271912 0.0575066 0.960602
    outer loop
      vertex -4.16003 -10.2144 74
      vertex -1.70309 -4.1646 74.3333
      vertex -1.72207 -4.15746 74.3275
    endloop
  endfacet
  facet normal -0.273299 0.0580881 0.960174
    outer loop
      vertex -4.16003 -10.2144 74
      vertex -1.72207 -4.15746 74.3275
      vertex -1.9903 -4.03593 74.2438
    endloop
  endfacet
  facet normal -0.273513 0.0581655 0.960108
    outer loop
      vertex -4.16003 -10.2144 74
      vertex -1.9903 -4.03593 74.2438
      vertex -2.12615 -3.96331 74.2007
    endloop
  endfacet
  facet normal -0.273289 0.0580894 0.960176
    outer loop
      vertex -1.70309 -4.1646 74.3333
      vertex -4.16003 -10.2144 74
      vertex -3.06955 -10.5933 74.3333
    endloop
  endfacet
  facet normal -0.308243 -0.948727 -0.0700258
    outer loop
      vertex -2.63834 -10.7088 74
      vertex -3.06955 -10.5933 74.3333
      vertex -4.16003 -10.2144 74
    endloop
  endfacet
  facet normal -0.207429 -0.975759 0.0697708
    outer loop
      vertex -2.63834 -10.7088 74
      vertex -1.50451 -10.926 74.3333
      vertex -3.06955 -10.5933 74.3333
    endloop
  endfacet
  facet normal 0.265948 -0.0863822 -0.960109
    outer loop
      vertex -1.50451 -10.926 74.3333
      vertex -0.294313 -4.49037 74.0895
      vertex -0.140353 -4.49541 74.1326
    endloop
  endfacet
  facet normal 0.265732 -0.0863439 -0.960173
    outer loop
      vertex -1.50451 -10.926 74.3333
      vertex -0.587367 -4.4615 74.0058
      vertex -0.294313 -4.49037 74.0895
    endloop
  endfacet
  facet normal 0.26412 -0.0861388 -0.960635
    outer loop
      vertex -1.50451 -10.926 74.3333
      vertex -0.607386 -4.4582 74
      vertex -0.587367 -4.4615 74.0058
    endloop
  endfacet
  facet normal 0.265715 -0.0863363 -0.960178
    outer loop
      vertex -0.607386 -4.4582 74
      vertex -1.50451 -10.926 74.3333
      vertex -2.63834 -10.7088 74
    endloop
  endfacet
  facet normal 0.978064 -0.207892 -0.0131383
    outer loop
      vertex -0.140353 -4.49541 74.1326
      vertex -0.137674 -4.49549 74.3333
      vertex -1.50451 -10.926 74.3333
    endloop
  endfacet
  facet normal -0.978063 0.207893 0.0131568
    outer loop
      vertex -1.70059 -4.16554 74.534
      vertex -1.70309 -4.1646 74.3333
      vertex -3.06955 -10.5933 74.3333
    endloop
  endfacet
  facet normal -0.277871 0.0291914 0.960175
    outer loop
      vertex -3.06955 -10.5933 74.3333
      vertex -1.25828 -4.31827 74.6667
      vertex -1.44648 -4.26118 74.6105
    endloop
  endfacet
  facet normal -0.278042 0.0292374 0.960124
    outer loop
      vertex -3.06955 -10.5933 74.3333
      vertex -1.44648 -4.26118 74.6105
      vertex -1.70059 -4.16554 74.534
    endloop
  endfacet
  facet normal -0.27794 0.0292126 0.960154
    outer loop
      vertex -1.25828 -4.31827 74.6667
      vertex -3.06955 -10.5933 74.3333
      vertex -1.94543 -10.8561 74.6667
    endloop
  endfacet
  facet normal -0.207429 -0.97576 -0.0697485
    outer loop
      vertex -1.50451 -10.926 74.3333
      vertex -1.94543 -10.8561 74.6667
      vertex -3.06955 -10.5933 74.3333
    endloop
  endfacet
  facet normal -0.104305 -0.992075 0.0700533
    outer loop
      vertex -1.50451 -10.926 74.3333
      vertex -0.354195 -11.0234 74.6667
      vertex -1.94543 -10.8561 74.6667
    endloop
  endfacet
  facet normal 0.273514 -0.0581156 -0.960111
    outer loop
      vertex -0.354195 -11.0234 74.6667
      vertex 0.294313 -4.49037 74.456
      vertex 0.330168 -4.48683 74.466
    endloop
  endfacet
  facet normal 0.273332 -0.0580993 -0.960164
    outer loop
      vertex -0.354195 -11.0234 74.6667
      vertex 0 -4.5 74.3728
      vertex 0.294313 -4.49037 74.456
    endloop
  endfacet
  facet normal 0.273558 -0.0581086 -0.960099
    outer loop
      vertex -0.354195 -11.0234 74.6667
      vertex -0.137674 -4.49549 74.3333
      vertex 0 -4.5 74.3728
    endloop
  endfacet
  facet normal 0.273365 -0.0581051 -0.960154
    outer loop
      vertex -0.137674 -4.49549 74.3333
      vertex -0.354195 -11.0234 74.6667
      vertex -1.50451 -10.926 74.3333
    endloop
  endfacet
  facet normal 0.994436 -0.104519 -0.0131485
    outer loop
      vertex 0.330168 -4.48683 74.466
      vertex 0.332849 -4.48657 74.6667
      vertex -0.354195 -11.0234 74.6667
    endloop
  endfacet
  facet normal -0.994435 0.104519 0.0131949
    outer loop
      vertex -1.2557 -4.31906 74.8674
      vertex -1.25828 -4.31827 74.6667
      vertex -1.94543 -10.8561 74.6667
    endloop
  endfacet
  facet normal -0.27973 6.49422e-05 0.960079
    outer loop
      vertex -1.94543 -10.8561 74.6667
      vertex -0.799999 -4.4264 75
      vertex -0.877906 -4.41353 74.9773
    endloop
  endfacet
  facet normal -0.279248 -2.18207e-05 0.960219
    outer loop
      vertex -1.94543 -10.8561 74.6667
      vertex -0.877906 -4.41353 74.9773
      vertex -1.16469 -4.34667 74.8939
    endloop
  endfacet
  facet normal -0.279561 1.89811e-05 0.960128
    outer loop
      vertex -1.94543 -10.8561 74.6667
      vertex -1.16469 -4.34667 74.8939
      vertex -1.2557 -4.31906 74.8674
    endloop
  endfacet
  facet normal -0.279394 0 0.960176
    outer loop
      vertex -0.799999 -4.4264 75
      vertex -1.94543 -10.8561 74.6667
      vertex -0.799999 -11 75
    endloop
  endfacet
  facet normal -0.104307 -0.992088 -0.0698633
    outer loop
      vertex -0.354195 -11.0234 74.6667
      vertex -0.799999 -11 75
      vertex -1.94543 -10.8561 74.6667
    endloop
  endfacet
  facet normal 0 -0.997545 0.0700346
    outer loop
      vertex -0.354195 -11.0234 74.6667
      vertex 0.799999 -11 75
      vertex -0.799999 -11 75
    endloop
  endfacet
  facet normal 0.277799 -0.0292063 -0.960195
    outer loop
      vertex 0.799999 -11 75
      vertex 0.587367 -4.4615 74.7396
      vertex 0.797361 -4.42683 74.7993
    endloop
  endfacet
  facet normal 0.277891 -0.0292023 -0.960168
    outer loop
      vertex 0.799999 -11 75
      vertex 0.332849 -4.48657 74.6667
      vertex 0.587367 -4.4615 74.7396
    endloop
  endfacet
  facet normal 0.277865 -0.0292046 -0.960176
    outer loop
      vertex 0.332849 -4.48657 74.6667
      vertex 0.799999 -11 75
      vertex -0.354195 -11.0234 74.6667
    endloop
  endfacet
  facet normal 0.999914 0 -0.0131429
    outer loop
      vertex 0.799999 -4.4264 75
      vertex 0.799999 -11 75
      vertex 0.797361 -4.42683 74.7993
    endloop
  endfacet
  facet normal -0.999914 0 0.0131429
    outer loop
      vertex -0.797361 -4.42683 75.2007
      vertex -0.799999 -4.4264 75
      vertex -0.799999 -11 75
    endloop
  endfacet
  facet normal -0.277891 -0.0292023 0.960168
    outer loop
      vertex -0.799999 -11 75
      vertex -0.332849 -4.48657 75.3333
      vertex -0.587367 -4.4615 75.2604
    endloop
  endfacet
  facet normal -0.277799 -0.0292063 0.960195
    outer loop
      vertex -0.799999 -11 75
      vertex -0.587367 -4.4615 75.2604
      vertex -0.797361 -4.42683 75.2007
    endloop
  endfacet
  facet normal -0.277865 -0.0292046 0.960176
    outer loop
      vertex -0.332849 -4.48657 75.3333
      vertex -0.799999 -11 75
      vertex 0.354195 -11.0234 75.3333
    endloop
  endfacet
  facet normal -0 -0.997545 -0.0700346
    outer loop
      vertex 0.799999 -11 75
      vertex 0.354195 -11.0234 75.3333
      vertex -0.799999 -11 75
    endloop
  endfacet
  facet normal 0.104307 -0.992088 0.0698633
    outer loop
      vertex 0.799999 -11 75
      vertex 1.94543 -10.8561 75.3333
      vertex 0.354195 -11.0234 75.3333
    endloop
  endfacet
  facet normal 0.279561 1.89811e-05 -0.960128
    outer loop
      vertex 1.94543 -10.8561 75.3333
      vertex 1.16469 -4.34667 75.1061
      vertex 1.2557 -4.31906 75.1326
    endloop
  endfacet
  facet normal 0.279248 -2.18207e-05 -0.960219
    outer loop
      vertex 1.94543 -10.8561 75.3333
      vertex 0.877906 -4.41353 75.0227
      vertex 1.16469 -4.34667 75.1061
    endloop
  endfacet
  facet normal 0.279394 0 -0.960176
    outer loop
      vertex 0.799999 -4.4264 75
      vertex 1.94543 -10.8561 75.3333
      vertex 0.799999 -11 75
    endloop
  endfacet
  facet normal 0.27973 6.49422e-05 -0.960079
    outer loop
      vertex 1.94543 -10.8561 75.3333
      vertex 0.799999 -4.4264 75
      vertex 0.877906 -4.41353 75.0227
    endloop
  endfacet
  facet normal 0.994435 0.104519 -0.0131949
    outer loop
      vertex 1.25828 -4.31827 75.3333
      vertex 1.94543 -10.8561 75.3333
      vertex 1.2557 -4.31906 75.1326
    endloop
  endfacet
  facet normal -0.994436 -0.104519 0.0131485
    outer loop
      vertex 0.354195 -11.0234 75.3333
      vertex -0.330168 -4.48683 75.534
      vertex -0.332849 -4.48657 75.3333
    endloop
  endfacet
  facet normal -0.273365 -0.0581051 0.960154
    outer loop
      vertex 0.137674 -4.49549 75.6667
      vertex 0.354195 -11.0234 75.3333
      vertex 1.50451 -10.926 75.6667
    endloop
  endfacet
  facet normal -0.273558 -0.0581086 0.960099
    outer loop
      vertex 0 -4.5 75.6272
      vertex 0.354195 -11.0234 75.3333
      vertex 0.137674 -4.49549 75.6667
    endloop
  endfacet
  facet normal -0.273332 -0.0580993 0.960164
    outer loop
      vertex -0.294313 -4.49037 75.544
      vertex 0.354195 -11.0234 75.3333
      vertex 0 -4.5 75.6272
    endloop
  endfacet
  facet normal -0.273514 -0.0581156 0.960111
    outer loop
      vertex 0.354195 -11.0234 75.3333
      vertex -0.294313 -4.49037 75.544
      vertex -0.330168 -4.48683 75.534
    endloop
  endfacet
  facet normal 0.104305 -0.992075 -0.0700533
    outer loop
      vertex 1.94543 -10.8561 75.3333
      vertex 1.50451 -10.926 75.6667
      vertex 0.354195 -11.0234 75.3333
    endloop
  endfacet
  facet normal 0.207429 -0.97576 0.0697485
    outer loop
      vertex 1.94543 -10.8561 75.3333
      vertex 3.06955 -10.5933 75.6667
      vertex 1.50451 -10.926 75.6667
    endloop
  endfacet
  facet normal 0.27794 0.0292126 -0.960154
    outer loop
      vertex 1.25828 -4.31827 75.3333
      vertex 3.06955 -10.5933 75.6667
      vertex 1.94543 -10.8561 75.3333
    endloop
  endfacet
  facet normal 0.278042 0.0292374 -0.960124
    outer loop
      vertex 3.06955 -10.5933 75.6667
      vertex 1.44648 -4.26118 75.3895
      vertex 1.70059 -4.16554 75.466
    endloop
  endfacet
  facet normal 0.277871 0.0291914 -0.960175
    outer loop
      vertex 3.06955 -10.5933 75.6667
      vertex 1.25828 -4.31827 75.3333
      vertex 1.44648 -4.26118 75.3895
    endloop
  endfacet
  facet normal 0.978063 0.207893 -0.0131568
    outer loop
      vertex 1.70309 -4.1646 75.6667
      vertex 3.06955 -10.5933 75.6667
      vertex 1.70059 -4.16554 75.466
    endloop
  endfacet
  facet normal -0.978064 -0.207892 0.0131383
    outer loop
      vertex 1.50451 -10.926 75.6667
      vertex 0.140353 -4.49541 75.8674
      vertex 0.137674 -4.49549 75.6667
    endloop
  endfacet
  facet normal -0.265715 -0.0863363 0.960178
    outer loop
      vertex 0.607386 -4.4582 76
      vertex 1.50451 -10.926 75.6667
      vertex 2.63834 -10.7088 76
    endloop
  endfacet
  facet normal -0.26412 -0.0861388 0.960635
    outer loop
      vertex 0.587367 -4.4615 75.9942
      vertex 1.50451 -10.926 75.6667
      vertex 0.607386 -4.4582 76
    endloop
  endfacet
  facet normal -0.265732 -0.0863439 0.960173
    outer loop
      vertex 0.294313 -4.49037 75.9105
      vertex 1.50451 -10.926 75.6667
      vertex 0.587367 -4.4615 75.9942
    endloop
  endfacet
  facet normal -0.265948 -0.0863822 0.960109
    outer loop
      vertex 1.50451 -10.926 75.6667
      vertex 0.294313 -4.49037 75.9105
      vertex 0.140353 -4.49541 75.8674
    endloop
  endfacet
  facet normal 0.207429 -0.975759 -0.0697708
    outer loop
      vertex 3.06955 -10.5933 75.6667
      vertex 2.63834 -10.7088 76
      vertex 1.50451 -10.926 75.6667
    endloop
  endfacet
  facet normal 0.308243 -0.948727 0.0700258
    outer loop
      vertex 3.06955 -10.5933 75.6667
      vertex 4.16003 -10.2144 76
      vertex 2.63834 -10.7088 76
    endloop
  endfacet
  facet normal 0.273289 0.0580894 -0.960176
    outer loop
      vertex 1.70309 -4.1646 75.6667
      vertex 4.16003 -10.2144 76
      vertex 3.06955 -10.5933 75.6667
    endloop
  endfacet
  facet normal 0.273513 0.0581655 -0.960108
    outer loop
      vertex 4.16003 -10.2144 76
      vertex 1.9903 -4.03593 75.7562
      vertex 2.12615 -3.96331 75.7993
    endloop
  endfacet
  facet normal 0.273299 0.0580881 -0.960174
    outer loop
      vertex 4.16003 -10.2144 76
      vertex 1.72207 -4.15746 75.6725
      vertex 1.9903 -4.03593 75.7562
    endloop
  endfacet
  facet normal 0.271912 0.0575066 -0.960602
    outer loop
      vertex 4.16003 -10.2144 76
      vertex 1.70309 -4.1646 75.6667
      vertex 1.72207 -4.15746 75.6725
    endloop
  endfacet
  facet normal 0.950974 0.30899 -0.0131696
    outer loop
      vertex 2.12852 -3.96205 76
      vertex 4.16003 -10.2144 76
      vertex 2.12615 -3.96331 75.7993
    endloop
  endfacet
  facet normal -0.950974 -0.308992 0.0131533
    outer loop
      vertex 2.63834 -10.7088 76
      vertex 0.610019 -4.45776 76.2007
      vertex 0.607386 -4.4582 76
    endloop
  endfacet
  facet normal -0.255242 -0.113641 0.960176
    outer loop
      vertex 1.06944 -4.36887 76.3333
      vertex 2.63834 -10.7088 76
      vertex 3.74327 -10.3744 76.3333
    endloop
  endfacet
  facet normal -0.255238 -0.11364 0.960177
    outer loop
      vertex 0.877906 -4.41353 76.2771
      vertex 2.63834 -10.7088 76
      vertex 1.06944 -4.36887 76.3333
    endloop
  endfacet
  facet normal -0.255093 -0.113601 0.96022
    outer loop
      vertex 2.63834 -10.7088 76
      vertex 0.877906 -4.41353 76.2771
      vertex 0.610019 -4.45776 76.2007
    endloop
  endfacet
  facet normal 0.308244 -0.948728 -0.0700057
    outer loop
      vertex 4.16003 -10.2144 76
      vertex 3.74327 -10.3744 76.3333
      vertex 2.63834 -10.7088 76
    endloop
  endfacet
  facet normal 0.405749 -0.911309 0.0698783
    outer loop
      vertex 4.16003 -10.2144 76
      vertex 5.20494 -9.72361 76.3333
      vertex 3.74327 -10.3744 76.3333
    endloop
  endfacet
  facet normal 0.26572 0.0863375 -0.960176
    outer loop
      vertex 2.12852 -3.96205 76
      vertex 5.20494 -9.72361 76.3333
      vertex 4.16003 -10.2144 76
    endloop
  endfacet
  facet normal 0.263677 0.0853999 -0.960823
    outer loop
      vertex 5.20494 -9.72361 76.3333
      vertex 2.50007 -3.74161 76.1227
      vertex 2.52935 -3.72063 76.1326
    endloop
  endfacet
  facet normal 0.265752 0.0863613 -0.960165
    outer loop
      vertex 5.20494 -9.72361 76.3333
      vertex 2.25 -3.89711 76.0395
      vertex 2.50007 -3.74161 76.1227
    endloop
  endfacet
  facet normal 0.265958 0.0864692 -0.960099
    outer loop
      vertex 5.20494 -9.72361 76.3333
      vertex 2.12852 -3.96205 76
      vertex 2.25 -3.89711 76.0395
    endloop
  endfacet
  facet normal 0.913466 0.406702 -0.013149
    outer loop
      vertex 2.53154 -3.71906 76.3333
      vertex 5.20494 -9.72361 76.3333
      vertex 2.52935 -3.72063 76.1326
    endloop
  endfacet
  facet normal -0.913467 -0.406701 0.0131608
    outer loop
      vertex 3.74327 -10.3744 76.3333
      vertex 1.07206 -4.36826 76.534
      vertex 1.06944 -4.36887 76.3333
    endloop
  endfacet
  facet normal -0.242029 -0.139735 0.960154
    outer loop
      vertex 1.52038 -4.23337 76.6667
      vertex 3.74327 -10.3744 76.3333
      vertex 4.80718 -9.92628 76.6667
    endloop
  endfacet
  facet normal -0.242289 -0.139825 0.960075
    outer loop
      vertex 1.44648 -4.26118 76.644
      vertex 3.74327 -10.3744 76.3333
      vertex 1.52038 -4.23337 76.6667
    endloop
  endfacet
  facet normal -0.242106 -0.139759 0.960131
    outer loop
      vertex 1.16469 -4.34667 76.5605
      vertex 3.74327 -10.3744 76.3333
      vertex 1.44648 -4.26118 76.644
    endloop
  endfacet
  facet normal -0.242104 -0.139759 0.960132
    outer loop
      vertex 3.74327 -10.3744 76.3333
      vertex 1.16469 -4.34667 76.5605
      vertex 1.07206 -4.36826 76.534
    endloop
  endfacet
  facet normal 0.405748 -0.911308 -0.0698991
    outer loop
      vertex 5.20494 -9.72361 76.3333
      vertex 4.80718 -9.92628 76.6667
      vertex 3.74327 -10.3744 76.3333
    endloop
  endfacet
  facet normal 0.498777 -0.863907 0.0699027
    outer loop
      vertex 5.20494 -9.72361 76.3333
      vertex 6.19282 -9.12628 76.6667
      vertex 4.80718 -9.92628 76.6667
    endloop
  endfacet
  facet normal 0.25531 0.113672 -0.960154
    outer loop
      vertex 2.53154 -3.71906 76.3333
      vertex 6.19282 -9.12628 76.6667
      vertex 5.20494 -9.72361 76.3333
    endloop
  endfacet
  facet normal 0.255554 0.113824 -0.960071
    outer loop
      vertex 6.19282 -9.12628 76.6667
      vertex 2.73943 -3.57009 76.4062
      vertex 2.90395 -3.43507 76.466
    endloop
  endfacet
  facet normal 0.255266 0.113641 -0.960169
    outer loop
      vertex 6.19282 -9.12628 76.6667
      vertex 2.53154 -3.71906 76.3333
      vertex 2.73943 -3.57009 76.4062
    endloop
  endfacet
  facet normal 0.865951 0.499956 -0.0131661
    outer loop
      vertex 2.90602 -3.43337 76.6667
      vertex 6.19282 -9.12628 76.6667
      vertex 2.90395 -3.43507 76.466
    endloop
  endfacet
  facet normal -0.865951 -0.499957 0.0131282
    outer loop
      vertex 4.80718 -9.92628 76.6667
      vertex 1.52288 -4.23243 76.8674
      vertex 1.52038 -4.23337 76.6667
    endloop
  endfacet
  facet normal -0.226035 -0.164224 0.960176
    outer loop
      vertex 1.95503 -4.05191 77
      vertex 4.80718 -9.92628 76.6667
      vertex 5.81842 -9.36941 77
    endloop
  endfacet
  facet normal -0.226054 -0.164233 0.96017
    outer loop
      vertex 1.72207 -4.15746 76.9271
      vertex 4.80718 -9.92628 76.6667
      vertex 1.95503 -4.05191 77
    endloop
  endfacet
  facet normal -0.225984 -0.164196 0.960193
    outer loop
      vertex 4.80718 -9.92628 76.6667
      vertex 1.72207 -4.15746 76.9271
      vertex 1.52288 -4.23243 76.8674
    endloop
  endfacet
  facet normal 0.498777 -0.863907 -0.0699056
    outer loop
      vertex 6.19282 -9.12628 76.6667
      vertex 5.81842 -9.36941 77
      vertex 4.80718 -9.92628 76.6667
    endloop
  endfacet
  facet normal 0.586342 -0.807038 0.0699411
    outer loop
      vertex 6.19282 -9.12628 76.6667
      vertex 7.11285 -8.42896 77
      vertex 5.81842 -9.36941 77
    endloop
  endfacet
  facet normal 0.241963 0.139697 -0.960176
    outer loop
      vertex 2.90602 -3.43337 76.6667
      vertex 7.11285 -8.42896 77
      vertex 6.19282 -9.12628 76.6667
    endloop
  endfacet
  facet normal 0.242078 0.139782 -0.960135
    outer loop
      vertex 7.11285 -8.42896 77
      vertex 3.18198 -3.18198 76.7728
      vertex 3.247 -3.11256 76.7993
    endloop
  endfacet
  facet normal 0.242092 0.139793 -0.96013
    outer loop
      vertex 7.11285 -8.42896 77
      vertex 2.96706 -3.38328 76.6893
      vertex 3.18198 -3.18198 76.7728
    endloop
  endfacet
  facet normal 0.241371 0.139184 -0.9604
    outer loop
      vertex 7.11285 -8.42896 77
      vertex 2.90602 -3.43337 76.6667
      vertex 2.96706 -3.38328 76.6893
    endloop
  endfacet
  facet normal 0.808947 0.587734 -0.0131561
    outer loop
      vertex 3.24884 -3.1106 77
      vertex 7.11285 -8.42896 77
      vertex 3.247 -3.11256 76.7993
    endloop
  endfacet
  facet normal -0.808947 -0.587735 0.0131256
    outer loop
      vertex 5.81842 -9.36941 77
      vertex 1.95748 -4.0508 77.2007
      vertex 1.95503 -4.05191 77
    endloop
  endfacet
  facet normal -0.207631 -0.186951 0.960176
    outer loop
      vertex 2.36698 -3.82437 77.3333
      vertex 5.81842 -9.36941 77
      vertex 6.76592 -8.7099 77.3333
    endloop
  endfacet
  facet normal -0.207306 -0.186755 0.960285
    outer loop
      vertex 2.25 -3.89711 77.2939
      vertex 5.81842 -9.36941 77
      vertex 2.36698 -3.82437 77.3333
    endloop
  endfacet
  facet normal -0.20766 -0.18698 0.960165
    outer loop
      vertex 1.9903 -4.03593 77.2107
      vertex 5.81842 -9.36941 77
      vertex 2.25 -3.89711 77.2939
    endloop
  endfacet
  facet normal -0.207785 -0.187068 0.96012
    outer loop
      vertex 5.81842 -9.36941 77
      vertex 1.9903 -4.03593 77.2107
      vertex 1.95748 -4.0508 77.2007
    endloop
  endfacet
  facet normal 0.586343 -0.807039 -0.0699358
    outer loop
      vertex 7.11285 -8.42896 77
      vertex 6.76592 -8.7099 77.3333
      vertex 5.81842 -9.36941 77
    endloop
  endfacet
  facet normal 0.667494 -0.741325 0.0699242
    outer loop
      vertex 7.11285 -8.42896 77
      vertex 7.95495 -7.63929 77.3333
      vertex 6.76592 -8.7099 77.3333
    endloop
  endfacet
  facet normal 0.226035 0.164224 -0.960176
    outer loop
      vertex 3.24884 -3.1106 77
      vertex 7.95495 -7.63929 77.3333
      vertex 7.11285 -8.42896 77
    endloop
  endfacet
  facet normal 0.226161 0.164351 -0.960125
    outer loop
      vertex 7.95495 -7.63929 77.3333
      vertex 3.38328 -2.96706 77.0562
      vertex 3.55552 -2.75717 77.1327
    endloop
  endfacet
  facet normal 0.226038 0.164228 -0.960175
    outer loop
      vertex 7.95495 -7.63929 77.3333
      vertex 3.24884 -3.1106 77
      vertex 3.38328 -2.96706 77.0562
    endloop
  endfacet
  facet normal 0.743081 0.669072 -0.0131681
    outer loop
      vertex 3.55722 -2.75511 77.3333
      vertex 7.95495 -7.63929 77.3333
      vertex 3.55552 -2.75717 77.1327
    endloop
  endfacet
  facet normal -0.743082 -0.669072 0.0130985
    outer loop
      vertex 6.76592 -8.7099 77.3333
      vertex 2.36925 -3.82296 77.5341
      vertex 2.36698 -3.82437 77.3333
    endloop
  endfacet
  facet normal -0.187002 -0.207687 0.960154
    outer loop
      vertex 2.75511 -3.55722 77.6667
      vertex 6.76592 -8.7099 77.3333
      vertex 7.63929 -7.95495 77.6667
    endloop
  endfacet
  facet normal -0.189174 -0.209327 0.959372
    outer loop
      vertex 2.73943 -3.57009 77.6608
      vertex 6.76592 -8.7099 77.3333
      vertex 2.75511 -3.55722 77.6667
    endloop
  endfacet
  facet normal -0.186962 -0.207645 0.960171
    outer loop
      vertex 2.50007 -3.74161 77.5771
      vertex 6.76592 -8.7099 77.3333
      vertex 2.73943 -3.57009 77.6608
    endloop
  endfacet
  facet normal -0.18667 -0.2074 0.960281
    outer loop
      vertex 6.76592 -8.7099 77.3333
      vertex 2.50007 -3.74161 77.5771
      vertex 2.36925 -3.82296 77.5341
    endloop
  endfacet
  facet normal 0.667495 -0.741326 -0.069903
    outer loop
      vertex 7.95495 -7.63929 77.3333
      vertex 7.63929 -7.95495 77.6667
      vertex 6.76592 -8.7099 77.3333
    endloop
  endfacet
  facet normal 0.741326 -0.667495 0.069903
    outer loop
      vertex 7.95495 -7.63929 77.3333
      vertex 8.7099 -6.76592 77.6667
      vertex 7.63929 -7.95495 77.6667
    endloop
  endfacet
  facet normal 0.207687 0.187002 -0.960154
    outer loop
      vertex 3.55722 -2.75511 77.3333
      vertex 8.7099 -6.76592 77.6667
      vertex 7.95495 -7.63929 77.3333
    endloop
  endfacet
  facet normal 0.2074 0.18667 -0.960281
    outer loop
      vertex 8.7099 -6.76592 77.6667
      vertex 3.74161 -2.50007 77.4229
      vertex 3.82296 -2.36925 77.4659
    endloop
  endfacet
  facet normal 0.207645 0.186962 -0.960171
    outer loop
      vertex 8.7099 -6.76592 77.6667
      vertex 3.57009 -2.73943 77.3392
      vertex 3.74161 -2.50007 77.4229
    endloop
  endfacet
  facet normal 0.209327 0.189174 -0.959372
    outer loop
      vertex 8.7099 -6.76592 77.6667
      vertex 3.55722 -2.75511 77.3333
      vertex 3.57009 -2.73943 77.3392
    endloop
  endfacet
  facet normal 0.669072 0.743082 -0.0130985
    outer loop
      vertex 3.82437 -2.36698 77.6667
      vertex 8.7099 -6.76592 77.6667
      vertex 3.82296 -2.36925 77.4659
    endloop
  endfacet
  facet normal -0.669072 -0.743081 0.0131681
    outer loop
      vertex 7.63929 -7.95495 77.6667
      vertex 2.75717 -3.55552 77.8673
      vertex 2.75511 -3.55722 77.6667
    endloop
  endfacet
  facet normal -0.164224 -0.226035 0.960176
    outer loop
      vertex 3.1106 -3.24884 78
      vertex 7.63929 -7.95495 77.6667
      vertex 8.42896 -7.11285 78
    endloop
  endfacet
  facet normal -0.164228 -0.226038 0.960175
    outer loop
      vertex 2.96706 -3.38328 77.9438
      vertex 7.63929 -7.95495 77.6667
      vertex 3.1106 -3.24884 78
    endloop
  endfacet
  facet normal -0.164351 -0.226161 0.960125
    outer loop
      vertex 7.63929 -7.95495 77.6667
      vertex 2.96706 -3.38328 77.9438
      vertex 2.75717 -3.55552 77.8673
    endloop
  endfacet
  facet normal 0.741325 -0.667494 -0.0699242
    outer loop
      vertex 8.7099 -6.76592 77.6667
      vertex 8.42896 -7.11285 78
      vertex 7.63929 -7.95495 77.6667
    endloop
  endfacet
  facet normal 0.807039 -0.586343 0.0699358
    outer loop
      vertex 8.7099 -6.76592 77.6667
      vertex 9.36941 -5.81842 78
      vertex 8.42896 -7.11285 78
    endloop
  endfacet
  facet normal 0.186951 0.207631 -0.960176
    outer loop
      vertex 3.82437 -2.36698 77.6667
      vertex 9.36941 -5.81842 78
      vertex 8.7099 -6.76592 77.6667
    endloop
  endfacet
  facet normal 0.187068 0.207785 -0.96012
    outer loop
      vertex 9.36941 -5.81842 78
      vertex 4.03593 -1.9903 77.7893
      vertex 4.0508 -1.95748 77.7993
    endloop
  endfacet
  facet normal 0.18698 0.20766 -0.960165
    outer loop
      vertex 9.36941 -5.81842 78
      vertex 3.89711 -2.25 77.7061
      vertex 4.03593 -1.9903 77.7893
    endloop
  endfacet
  facet normal 0.186755 0.207306 -0.960285
    outer loop
      vertex 9.36941 -5.81842 78
      vertex 3.82437 -2.36698 77.6667
      vertex 3.89711 -2.25 77.7061
    endloop
  endfacet
  facet normal 0.587735 0.808947 -0.0131256
    outer loop
      vertex 4.05191 -1.95503 78
      vertex 9.36941 -5.81842 78
      vertex 4.0508 -1.95748 77.7993
    endloop
  endfacet
  facet normal -0.587734 -0.808947 0.0131561
    outer loop
      vertex 8.42896 -7.11285 78
      vertex 3.11256 -3.247 78.2007
      vertex 3.1106 -3.24884 78
    endloop
  endfacet
  facet normal -0.139697 -0.241963 0.960176
    outer loop
      vertex 3.43337 -2.90602 78.3333
      vertex 8.42896 -7.11285 78
      vertex 9.12628 -6.19282 78.3333
    endloop
  endfacet
  facet normal -0.139184 -0.241371 0.9604
    outer loop
      vertex 3.38328 -2.96706 78.3107
      vertex 8.42896 -7.11285 78
      vertex 3.43337 -2.90602 78.3333
    endloop
  endfacet
  facet normal -0.139793 -0.242092 0.96013
    outer loop
      vertex 3.18198 -3.18198 78.2272
      vertex 8.42896 -7.11285 78
      vertex 3.38328 -2.96706 78.3107
    endloop
  endfacet
  facet normal -0.139782 -0.242078 0.960135
    outer loop
      vertex 8.42896 -7.11285 78
      vertex 3.18198 -3.18198 78.2272
      vertex 3.11256 -3.247 78.2007
    endloop
  endfacet
  facet normal 0.807038 -0.586342 -0.0699411
    outer loop
      vertex 9.36941 -5.81842 78
      vertex 9.12628 -6.19282 78.3333
      vertex 8.42896 -7.11285 78
    endloop
  endfacet
  facet normal 0.863907 -0.498777 0.0699056
    outer loop
      vertex 9.36941 -5.81842 78
      vertex 9.92628 -4.80718 78.3333
      vertex 9.12628 -6.19282 78.3333
    endloop
  endfacet
  facet normal 0.164224 0.226035 -0.960176
    outer loop
      vertex 4.05191 -1.95503 78
      vertex 9.92628 -4.80718 78.3333
      vertex 9.36941 -5.81842 78
    endloop
  endfacet
  facet normal 0.164196 0.225984 -0.960193
    outer loop
      vertex 9.92628 -4.80718 78.3333
      vertex 4.15746 -1.72207 78.0729
      vertex 4.23243 -1.52288 78.1326
    endloop
  endfacet
  facet normal 0.164233 0.226054 -0.96017
    outer loop
      vertex 9.92628 -4.80718 78.3333
      vertex 4.05191 -1.95503 78
      vertex 4.15746 -1.72207 78.0729
    endloop
  endfacet
  facet normal 0.499957 0.865951 -0.0131282
    outer loop
      vertex 4.23337 -1.52038 78.3333
      vertex 9.92628 -4.80718 78.3333
      vertex 4.23243 -1.52288 78.1326
    endloop
  endfacet
  facet normal -0.499956 -0.865951 0.0131661
    outer loop
      vertex 9.12628 -6.19282 78.3333
      vertex 3.43507 -2.90395 78.534
      vertex 3.43337 -2.90602 78.3333
    endloop
  endfacet
  facet normal -0.113672 -0.25531 0.960154
    outer loop
      vertex 3.71906 -2.53154 78.6667
      vertex 9.12628 -6.19282 78.3333
      vertex 9.72361 -5.20494 78.6667
    endloop
  endfacet
  facet normal -0.113641 -0.255266 0.960169
    outer loop
      vertex 3.57009 -2.73943 78.5938
      vertex 9.12628 -6.19282 78.3333
      vertex 3.71906 -2.53154 78.6667
    endloop
  endfacet
  facet normal -0.113824 -0.255554 0.960071
    outer loop
      vertex 9.12628 -6.19282 78.3333
      vertex 3.57009 -2.73943 78.5938
      vertex 3.43507 -2.90395 78.534
    endloop
  endfacet
  facet normal 0.863907 -0.498777 -0.0699027
    outer loop
      vertex 9.92628 -4.80718 78.3333
      vertex 9.72361 -5.20494 78.6667
      vertex 9.12628 -6.19282 78.3333
    endloop
  endfacet
  facet normal 0.911308 -0.405748 0.0698991
    outer loop
      vertex 9.92628 -4.80718 78.3333
      vertex 10.3744 -3.74327 78.6667
      vertex 9.72361 -5.20494 78.6667
    endloop
  endfacet
  facet normal 0.139735 0.242029 -0.960154
    outer loop
      vertex 4.23337 -1.52038 78.3333
      vertex 10.3744 -3.74327 78.6667
      vertex 9.92628 -4.80718 78.3333
    endloop
  endfacet
  facet normal 0.139759 0.242104 -0.960132
    outer loop
      vertex 10.3744 -3.74327 78.6667
      vertex 4.34667 -1.16469 78.4395
      vertex 4.36826 -1.07206 78.466
    endloop
  endfacet
  facet normal 0.139759 0.242106 -0.960131
    outer loop
      vertex 10.3744 -3.74327 78.6667
      vertex 4.26118 -1.44648 78.356
      vertex 4.34667 -1.16469 78.4395
    endloop
  endfacet
  facet normal 0.139825 0.242289 -0.960075
    outer loop
      vertex 10.3744 -3.74327 78.6667
      vertex 4.23337 -1.52038 78.3333
      vertex 4.26118 -1.44648 78.356
    endloop
  endfacet
  facet normal 0.406701 0.913467 -0.0131608
    outer loop
      vertex 4.36887 -1.06944 78.6667
      vertex 10.3744 -3.74327 78.6667
      vertex 4.36826 -1.07206 78.466
    endloop
  endfacet
  facet normal -0.406702 -0.913466 0.0131556
    outer loop
      vertex 9.72361 -5.20494 78.6667
      vertex 3.72063 -2.52935 78.8673
      vertex 3.71906 -2.53154 78.6667
    endloop
  endfacet
  facet normal -0.0863375 -0.26572 0.960176
    outer loop
      vertex 3.96205 -2.12852 79
      vertex 9.72361 -5.20494 78.6667
      vertex 10.2144 -4.16003 79
    endloop
  endfacet
  facet normal -0.0864692 -0.265958 0.960099
    outer loop
      vertex 3.89711 -2.25 78.9605
      vertex 9.72361 -5.20494 78.6667
      vertex 3.96205 -2.12852 79
    endloop
  endfacet
  facet normal -0.0863613 -0.265752 0.960165
    outer loop
      vertex 3.74161 -2.50007 78.8773
      vertex 9.72361 -5.20494 78.6667
      vertex 3.89711 -2.25 78.9605
    endloop
  endfacet
  facet normal -0.0864556 -0.265955 0.960101
    outer loop
      vertex 9.72361 -5.20494 78.6667
      vertex 3.74161 -2.50007 78.8773
      vertex 3.72063 -2.52935 78.8673
    endloop
  endfacet
  facet normal 0.911309 -0.405749 -0.0698783
    outer loop
      vertex 10.3744 -3.74327 78.6667
      vertex 10.2144 -4.16003 79
      vertex 9.72361 -5.20494 78.6667
    endloop
  endfacet
  facet normal 0.948728 -0.308244 0.0700057
    outer loop
      vertex 10.3744 -3.74327 78.6667
      vertex 10.7088 -2.63834 79
      vertex 10.2144 -4.16003 79
    endloop
  endfacet
  facet normal 0.113641 0.255242 -0.960176
    outer loop
      vertex 4.36887 -1.06944 78.6667
      vertex 10.7088 -2.63834 79
      vertex 10.3744 -3.74327 78.6667
    endloop
  endfacet
  facet normal 0.113601 0.255093 -0.96022
    outer loop
      vertex 10.7088 -2.63834 79
      vertex 4.41353 -0.877906 78.7229
      vertex 4.45776 -0.610019 78.7993
    endloop
  endfacet
  facet normal 0.11364 0.255238 -0.960177
    outer loop
      vertex 10.7088 -2.63834 79
      vertex 4.36887 -1.06944 78.6667
      vertex 4.41353 -0.877906 78.7229
    endloop
  endfacet
  facet normal 0.308992 0.950974 -0.0131533
    outer loop
      vertex 4.4582 -0.607386 79
      vertex 10.7088 -2.63834 79
      vertex 4.45776 -0.610019 78.7993
    endloop
  endfacet
  facet normal -0.30899 -0.950974 0.0131696
    outer loop
      vertex 10.2144 -4.16003 79
      vertex 3.96331 -2.12615 79.2007
      vertex 3.96205 -2.12852 79
    endloop
  endfacet
  facet normal -0.0580894 -0.273289 0.960176
    outer loop
      vertex 4.1646 -1.70309 79.3333
      vertex 10.2144 -4.16003 79
      vertex 10.5933 -3.06955 79.3333
    endloop
  endfacet
  facet normal -0.0575066 -0.271912 0.960602
    outer loop
      vertex 4.15746 -1.72207 79.3275
      vertex 10.2144 -4.16003 79
      vertex 4.1646 -1.70309 79.3333
    endloop
  endfacet
  facet normal -0.0580881 -0.273299 0.960174
    outer loop
      vertex 4.03593 -1.9903 79.2438
      vertex 10.2144 -4.16003 79
      vertex 4.15746 -1.72207 79.3275
    endloop
  endfacet
  facet normal -0.0581655 -0.273513 0.960108
    outer loop
      vertex 10.2144 -4.16003 79
      vertex 4.03593 -1.9903 79.2438
      vertex 3.96331 -2.12615 79.2007
    endloop
  endfacet
  facet normal 0.948727 -0.308243 -0.0700258
    outer loop
      vertex 10.7088 -2.63834 79
      vertex 10.5933 -3.06955 79.3333
      vertex 10.2144 -4.16003 79
    endloop
  endfacet
  facet normal 0.975759 -0.207429 0.0697708
    outer loop
      vertex 10.7088 -2.63834 79
      vertex 10.926 -1.50451 79.3333
      vertex 10.5933 -3.06955 79.3333
    endloop
  endfacet
  facet normal 0.0863363 0.265715 -0.960178
    outer loop
      vertex 4.4582 -0.607386 79
      vertex 10.926 -1.50451 79.3333
      vertex 10.7088 -2.63834 79
    endloop
  endfacet
  facet normal 0.0863822 0.265948 -0.960109
    outer loop
      vertex 10.926 -1.50451 79.3333
      vertex 4.49037 -0.294313 79.0895
      vertex 4.49541 -0.140353 79.1326
    endloop
  endfacet
  facet normal 0.0863439 0.265732 -0.960173
    outer loop
      vertex 10.926 -1.50451 79.3333
      vertex 4.4615 -0.587367 79.0058
      vertex 4.49037 -0.294313 79.0895
    endloop
  endfacet
  facet normal 0.0861388 0.26412 -0.960635
    outer loop
      vertex 10.926 -1.50451 79.3333
      vertex 4.4582 -0.607386 79
      vertex 4.4615 -0.587367 79.0058
    endloop
  endfacet
  facet normal 0.207892 0.978064 -0.0131383
    outer loop
      vertex 4.49549 -0.137674 79.3333
      vertex 10.926 -1.50451 79.3333
      vertex 4.49541 -0.140353 79.1326
    endloop
  endfacet
  facet normal -0.207893 -0.978063 0.0131568
    outer loop
      vertex 10.5933 -3.06955 79.3333
      vertex 4.16554 -1.70059 79.534
      vertex 4.1646 -1.70309 79.3333
    endloop
  endfacet
  facet normal -0.0292126 -0.27794 0.960154
    outer loop
      vertex 4.31827 -1.25828 79.6667
      vertex 10.5933 -3.06955 79.3333
      vertex 10.8561 -1.94543 79.6667
    endloop
  endfacet
  facet normal -0.0291914 -0.277871 0.960175
    outer loop
      vertex 4.26118 -1.44648 79.6105
      vertex 10.5933 -3.06955 79.3333
      vertex 4.31827 -1.25828 79.6667
    endloop
  endfacet
  facet normal -0.0292374 -0.278042 0.960124
    outer loop
      vertex 10.5933 -3.06955 79.3333
      vertex 4.26118 -1.44648 79.6105
      vertex 4.16554 -1.70059 79.534
    endloop
  endfacet
  facet normal 0.97576 -0.207429 -0.0697485
    outer loop
      vertex 10.926 -1.50451 79.3333
      vertex 10.8561 -1.94543 79.6667
      vertex 10.5933 -3.06955 79.3333
    endloop
  endfacet
  facet normal 0.992075 -0.104305 0.0700533
    outer loop
      vertex 10.926 -1.50451 79.3333
      vertex 11.0234 -0.354195 79.6667
      vertex 10.8561 -1.94543 79.6667
    endloop
  endfacet
  facet normal 0.0581086 0.273558 -0.960099
    outer loop
      vertex 11.0234 -0.354195 79.6667
      vertex 4.49549 -0.137674 79.3333
      vertex 4.5 0 79.3728
    endloop
  endfacet
  facet normal 0.0581051 0.273365 -0.960154
    outer loop
      vertex 4.49549 -0.137674 79.3333
      vertex 11.0234 -0.354195 79.6667
      vertex 10.926 -1.50451 79.3333
    endloop
  endfacet
  facet normal 0.0580993 0.273332 -0.960164
    outer loop
      vertex 4.49037 0.294313 79.456
      vertex 11.0234 -0.354195 79.6667
      vertex 4.5 0 79.3728
    endloop
  endfacet
  facet normal 0.0581156 0.273514 -0.960111
    outer loop
      vertex 11.0234 -0.354195 79.6667
      vertex 4.49037 0.294313 79.456
      vertex 4.48683 0.330168 79.466
    endloop
  endfacet
  facet normal 0.104519 0.994436 -0.0131485
    outer loop
      vertex 11.0234 -0.354195 79.6667
      vertex 4.48683 0.330168 79.466
      vertex 4.48657 0.332849 79.6667
    endloop
  endfacet
  facet normal -0.104519 -0.994435 0.0131949
    outer loop
      vertex 10.8561 -1.94543 79.6667
      vertex 4.31906 -1.2557 79.8674
      vertex 4.31827 -1.25828 79.6667
    endloop
  endfacet
  facet normal 0 -0.279394 0.960176
    outer loop
      vertex 4.4264 -0.799999 80
      vertex 10.8561 -1.94543 79.6667
      vertex 11 -0.799999 80
    endloop
  endfacet
  facet normal -6.49422e-05 -0.27973 0.960079
    outer loop
      vertex 4.41353 -0.877906 79.9773
      vertex 10.8561 -1.94543 79.6667
      vertex 4.4264 -0.799999 80
    endloop
  endfacet
  facet normal 2.18207e-05 -0.279248 0.960219
    outer loop
      vertex 4.34667 -1.16469 79.8939
      vertex 10.8561 -1.94543 79.6667
      vertex 4.41353 -0.877906 79.9773
    endloop
  endfacet
  facet normal -1.89811e-05 -0.279561 0.960128
    outer loop
      vertex 10.8561 -1.94543 79.6667
      vertex 4.34667 -1.16469 79.8939
      vertex 4.31906 -1.2557 79.8674
    endloop
  endfacet
  facet normal 0.992088 -0.104307 -0.0698633
    outer loop
      vertex 11.0234 -0.354195 79.6667
      vertex 11 -0.799999 80
      vertex 10.8561 -1.94543 79.6667
    endloop
  endfacet
  facet normal 0.997545 0 0.0700346
    outer loop
      vertex 11.0234 -0.354195 79.6667
      vertex 11 0.799999 80
      vertex 11 -0.799999 80
    endloop
  endfacet
  facet normal 0.0292046 0.277865 -0.960176
    outer loop
      vertex 4.48657 0.332849 79.6667
      vertex 11 0.799999 80
      vertex 11.0234 -0.354195 79.6667
    endloop
  endfacet
  facet normal 0.0292023 0.277891 -0.960168
    outer loop
      vertex 4.4615 0.587367 79.7396
      vertex 11 0.799999 80
      vertex 4.48657 0.332849 79.6667
    endloop
  endfacet
  facet normal 0.0292063 0.277799 -0.960195
    outer loop
      vertex 11 0.799999 80
      vertex 4.4615 0.587367 79.7396
      vertex 4.42683 0.797361 79.7993
    endloop
  endfacet
  facet normal 0 0.999914 -0.0131429
    outer loop
      vertex 11 0.799999 80
      vertex 4.42683 0.797361 79.7993
      vertex 4.4264 0.799999 80
    endloop
  endfacet
  facet normal -0.634408 -0.772998 0
    outer loop
      vertex 1.58278 2.06272 0
      vertex 1.7143 1.95478 80
      vertex 1.58278 2.06272 80
    endloop
  endfacet
  facet normal -0.634408 -0.772998 -0
    outer loop
      vertex 1.7143 1.95478 80
      vertex 1.58278 2.06272 0
      vertex 1.7143 1.95478 0
    endloop
  endfacet
  facet normal 0.227052 0.973883 -0
    outer loop
      vertex -0.507235 -2.55004 0
      vertex -0.672929 -2.51141 80
      vertex -0.507235 -2.55004 80
    endloop
  endfacet
  facet normal 0.227052 0.973883 0
    outer loop
      vertex -0.672929 -2.51141 80
      vertex -0.507235 -2.55004 0
      vertex -0.672929 -2.51141 0
    endloop
  endfacet
  facet normal 0.68357 0.729885 -0
    outer loop
      vertex -1.7143 -1.95478 0
      vertex -1.83848 -1.83848 80
      vertex -1.7143 -1.95478 80
    endloop
  endfacet
  facet normal 0.68357 0.729885 0
    outer loop
      vertex -1.83848 -1.83848 80
      vertex -1.7143 -1.95478 0
      vertex -1.83848 -1.83848 0
    endloop
  endfacet
  facet normal 0.412718 -0.910859 0
    outer loop
      vertex -1.14995 2.33187 0
      vertex -0.994976 2.40209 80
      vertex -1.14995 2.33187 80
    endloop
  endfacet
  facet normal 0.412718 -0.910859 0
    outer loop
      vertex -0.994976 2.40209 80
      vertex -1.14995 2.33187 0
      vertex -0.994976 2.40209 0
    endloop
  endfacet
  facet normal 0.162924 0.986639 -0
    outer loop
      vertex -0.339368 -2.57776 0
      vertex -0.507235 -2.55004 80
      vertex -0.339368 -2.57776 80
    endloop
  endfacet
  facet normal 0.162924 0.986639 0
    outer loop
      vertex -0.507235 -2.55004 80
      vertex -0.339368 -2.57776 0
      vertex -0.507235 -2.55004 0
    endloop
  endfacet
  facet normal 0.935909 0.352243 0
    outer loop
      vertex -2.40209 -0.994976 80
      vertex -2.46202 -0.835742 0
      vertex -2.46202 -0.835742 80
    endloop
  endfacet
  facet normal 0.935909 0.352243 0
    outer loop
      vertex -2.46202 -0.835742 0
      vertex -2.40209 -0.994976 80
      vertex -2.40209 -0.994976 0
    endloop
  endfacet
  facet normal 0.88193 -0.471381 0
    outer loop
      vertex -2.33187 1.14995 80
      vertex -2.25167 1.3 0
      vertex -2.25167 1.3 80
    endloop
  endfacet
  facet normal 0.88193 -0.471381 0
    outer loop
      vertex -2.25167 1.3 0
      vertex -2.33187 1.14995 80
      vertex -2.33187 1.14995 0
    endloop
  endfacet
  facet normal 0.227052 -0.973883 0
    outer loop
      vertex -0.672929 2.51141 0
      vertex -0.507235 2.55004 80
      vertex -0.672929 2.51141 80
    endloop
  endfacet
  facet normal 0.227052 -0.973883 0
    outer loop
      vertex -0.507235 2.55004 80
      vertex -0.672929 2.51141 0
      vertex -0.507235 2.55004 0
    endloop
  endfacet
  facet normal -0.352243 0.935909 0
    outer loop
      vertex 0.994976 -2.40209 0
      vertex 0.835742 -2.46202 80
      vertex 0.994976 -2.40209 80
    endloop
  endfacet
  facet normal -0.352243 0.935909 0
    outer loop
      vertex 0.835742 -2.46202 80
      vertex 0.994976 -2.40209 0
      vertex 0.835742 -2.46202 0
    endloop
  endfacet
  facet normal 0.471381 0.88193 -0
    outer loop
      vertex -1.14995 -2.33187 0
      vertex -1.3 -2.25167 80
      vertex -1.14995 -2.33187 80
    endloop
  endfacet
  facet normal 0.471381 0.88193 0
    outer loop
      vertex -1.3 -2.25167 80
      vertex -1.14995 -2.33187 0
      vertex -1.3 -2.25167 0
    endloop
  endfacet
  facet normal -0.162924 0.986639 0
    outer loop
      vertex 0.507235 -2.55004 0
      vertex 0.339368 -2.57776 80
      vertex 0.507235 -2.55004 80
    endloop
  endfacet
  facet normal -0.162924 0.986639 0
    outer loop
      vertex 0.339368 -2.57776 80
      vertex 0.507235 -2.55004 0
      vertex 0.339368 -2.57776 0
    endloop
  endfacet
  facet normal -0.412718 0.910859 0
    outer loop
      vertex 1.14995 -2.33187 0
      vertex 0.994976 -2.40209 80
      vertex 1.14995 -2.33187 80
    endloop
  endfacet
  facet normal -0.412718 0.910859 0
    outer loop
      vertex 0.994976 -2.40209 80
      vertex 1.14995 -2.33187 0
      vertex 0.994976 -2.40209 0
    endloop
  endfacet
  facet normal -0.0979789 0.995188 0
    outer loop
      vertex 0.339368 -2.57776 0
      vertex 0.170048 -2.59443 80
      vertex 0.339368 -2.57776 80
    endloop
  endfacet
  facet normal -0.0979789 0.995188 0
    outer loop
      vertex 0.170048 -2.59443 80
      vertex 0.339368 -2.57776 0
      vertex 0.170048 -2.59443 0
    endloop
  endfacet
  facet normal 0.812859 0.582461 0
    outer loop
      vertex -2.06272 -1.58278 80
      vertex -2.16182 -1.44448 0
      vertex -2.16182 -1.44448 80
    endloop
  endfacet
  facet normal 0.812859 0.582461 0
    outer loop
      vertex -2.16182 -1.44448 0
      vertex -2.06272 -1.58278 80
      vertex -2.06272 -1.58278 0
    endloop
  endfacet
  facet normal -0.290291 -0.956938 0
    outer loop
      vertex 0.672929 2.51141 0
      vertex 0.835742 2.46202 80
      vertex 0.672929 2.51141 80
    endloop
  endfacet
  facet normal -0.290291 -0.956938 -0
    outer loop
      vertex 0.835742 2.46202 80
      vertex 0.672929 2.51141 0
      vertex 0.835742 2.46202 0
    endloop
  endfacet
  facet normal 0.995188 -0.0979789 0
    outer loop
      vertex -2.59443 0.170048 80
      vertex -2.57776 0.339368 0
      vertex -2.57776 0.339368 80
    endloop
  endfacet
  facet normal 0.995188 -0.0979789 0
    outer loop
      vertex -2.57776 0.339368 0
      vertex -2.59443 0.170048 80
      vertex -2.59443 0.170048 0
    endloop
  endfacet
  facet normal 0.290291 0.956938 -0
    outer loop
      vertex -0.672929 -2.51141 0
      vertex -0.835742 -2.46202 80
      vertex -0.672929 -2.51141 80
    endloop
  endfacet
  facet normal 0.290291 0.956938 0
    outer loop
      vertex -0.835742 -2.46202 80
      vertex -0.672929 -2.51141 0
      vertex -0.835742 -2.46202 0
    endloop
  endfacet
  facet normal 0.986639 -0.162924 0
    outer loop
      vertex -2.57776 0.339368 80
      vertex -2.55004 0.507235 0
      vertex -2.55004 0.507235 80
    endloop
  endfacet
  facet normal 0.986639 -0.162924 0
    outer loop
      vertex -2.55004 0.507235 0
      vertex -2.57776 0.339368 80
      vertex -2.57776 0.339368 0
    endloop
  endfacet
  facet normal -0.683561 -0.729893 0
    outer loop
      vertex 1.7143 1.95478 0
      vertex 1.8 1.87452 80
      vertex 1.7143 1.95478 80
    endloop
  endfacet
  facet normal -0.683561 -0.729893 -0
    outer loop
      vertex 1.8 1.87452 80
      vertex 1.7143 1.95478 0
      vertex 1.8 1.87452 0
    endloop
  endfacet
  facet normal -0.162924 -0.986639 0
    outer loop
      vertex 0.339368 2.57776 0
      vertex 0.507235 2.55004 80
      vertex 0.339368 2.57776 80
    endloop
  endfacet
  facet normal -0.162924 -0.986639 -0
    outer loop
      vertex 0.507235 2.55004 80
      vertex 0.339368 2.57776 0
      vertex 0.507235 2.55004 0
    endloop
  endfacet
  facet normal 0.290291 -0.956938 0
    outer loop
      vertex -0.835742 2.46202 0
      vertex -0.672929 2.51141 80
      vertex -0.835742 2.46202 80
    endloop
  endfacet
  facet normal 0.290291 -0.956938 0
    outer loop
      vertex -0.672929 2.51141 80
      vertex -0.835742 2.46202 0
      vertex -0.672929 2.51141 0
    endloop
  endfacet
  facet normal 0.910859 0.412718 0
    outer loop
      vertex -2.33187 -1.14995 80
      vertex -2.40209 -0.994976 0
      vertex -2.40209 -0.994976 80
    endloop
  endfacet
  facet normal 0.910859 0.412718 0
    outer loop
      vertex -2.40209 -0.994976 0
      vertex -2.33187 -1.14995 80
      vertex -2.33187 -1.14995 0
    endloop
  endfacet
  facet normal 0.582461 -0.812859 0
    outer loop
      vertex -1.58278 2.06272 0
      vertex -1.44448 2.16182 80
      vertex -1.58278 2.06272 80
    endloop
  endfacet
  facet normal 0.582461 -0.812859 0
    outer loop
      vertex -1.44448 2.16182 80
      vertex -1.58278 2.06272 0
      vertex -1.44448 2.16182 0
    endloop
  endfacet
  facet normal -0.582461 -0.812859 0
    outer loop
      vertex 1.44448 2.16182 0
      vertex 1.58278 2.06272 80
      vertex 1.44448 2.16182 80
    endloop
  endfacet
  facet normal -0.582461 -0.812859 -0
    outer loop
      vertex 1.58278 2.06272 80
      vertex 1.44448 2.16182 0
      vertex 1.58278 2.06272 0
    endloop
  endfacet
  facet normal 0.0979789 0.995188 -0
    outer loop
      vertex -0.170048 -2.59443 0
      vertex -0.339368 -2.57776 80
      vertex -0.170048 -2.59443 80
    endloop
  endfacet
  facet normal 0.0979789 0.995188 0
    outer loop
      vertex -0.339368 -2.57776 80
      vertex -0.170048 -2.59443 0
      vertex -0.339368 -2.57776 0
    endloop
  endfacet
  facet normal 0.849185 -0.528096 0
    outer loop
      vertex -2.25167 1.3 80
      vertex -2.16182 1.44448 0
      vertex -2.16182 1.44448 80
    endloop
  endfacet
  facet normal 0.849185 -0.528096 0
    outer loop
      vertex -2.16182 1.44448 0
      vertex -2.25167 1.3 80
      vertex -2.25167 1.3 0
    endloop
  endfacet
  facet normal -0.683561 0.729893 0
    outer loop
      vertex 1.8 -1.87452 0
      vertex 1.7143 -1.95478 80
      vertex 1.8 -1.87452 80
    endloop
  endfacet
  facet normal -0.683561 0.729893 0
    outer loop
      vertex 1.7143 -1.95478 80
      vertex 1.8 -1.87452 0
      vertex 1.7143 -1.95478 0
    endloop
  endfacet
  facet normal -0.412718 -0.910859 0
    outer loop
      vertex 0.994976 2.40209 0
      vertex 1.14995 2.33187 80
      vertex 0.994976 2.40209 80
    endloop
  endfacet
  facet normal -0.412718 -0.910859 -0
    outer loop
      vertex 1.14995 2.33187 80
      vertex 0.994976 2.40209 0
      vertex 1.14995 2.33187 0
    endloop
  endfacet
  facet normal 0.812859 -0.582461 0
    outer loop
      vertex -2.16182 1.44448 80
      vertex -2.06272 1.58278 0
      vertex -2.06272 1.58278 80
    endloop
  endfacet
  facet normal 0.812859 -0.582461 0
    outer loop
      vertex -2.06272 1.58278 0
      vertex -2.16182 1.44448 80
      vertex -2.16182 1.44448 0
    endloop
  endfacet
  facet normal 0.582461 0.812859 -0
    outer loop
      vertex -1.44448 -2.16182 0
      vertex -1.58278 -2.06272 80
      vertex -1.44448 -2.16182 80
    endloop
  endfacet
  facet normal 0.582461 0.812859 0
    outer loop
      vertex -1.58278 -2.06272 80
      vertex -1.44448 -2.16182 0
      vertex -1.58278 -2.06272 0
    endloop
  endfacet
  facet normal 0.973883 0.227052 0
    outer loop
      vertex -2.51141 -0.672929 80
      vertex -2.55004 -0.507235 0
      vertex -2.55004 -0.507235 80
    endloop
  endfacet
  facet normal 0.973883 0.227052 0
    outer loop
      vertex -2.55004 -0.507235 0
      vertex -2.51141 -0.672929 80
      vertex -2.51141 -0.672929 0
    endloop
  endfacet
  facet normal -0.0327379 0.999464 0
    outer loop
      vertex 0.170048 -2.59443 0
      vertex 0 -2.6 80
      vertex 0.170048 -2.59443 80
    endloop
  endfacet
  facet normal -0.0327379 0.999464 0
    outer loop
      vertex 0 -2.6 80
      vertex 0.170048 -2.59443 0
      vertex 0 -2.6 0
    endloop
  endfacet
  facet normal 0.0979789 -0.995188 0
    outer loop
      vertex -0.339368 2.57776 0
      vertex -0.170048 2.59443 80
      vertex -0.339368 2.57776 80
    endloop
  endfacet
  facet normal 0.0979789 -0.995188 0
    outer loop
      vertex -0.170048 2.59443 80
      vertex -0.339368 2.57776 0
      vertex -0.170048 2.59443 0
    endloop
  endfacet
  facet normal 0.910859 -0.412718 0
    outer loop
      vertex -2.40209 0.994976 80
      vertex -2.33187 1.14995 0
      vertex -2.33187 1.14995 80
    endloop
  endfacet
  facet normal 0.910859 -0.412718 0
    outer loop
      vertex -2.33187 1.14995 0
      vertex -2.40209 0.994976 80
      vertex -2.40209 0.994976 0
    endloop
  endfacet
  facet normal -0.471381 -0.88193 0
    outer loop
      vertex 1.14995 2.33187 0
      vertex 1.3 2.25167 80
      vertex 1.14995 2.33187 80
    endloop
  endfacet
  facet normal -0.471381 -0.88193 -0
    outer loop
      vertex 1.3 2.25167 80
      vertex 1.14995 2.33187 0
      vertex 1.3 2.25167 0
    endloop
  endfacet
  facet normal -0.227052 -0.973883 0
    outer loop
      vertex 0.507235 2.55004 0
      vertex 0.672929 2.51141 80
      vertex 0.507235 2.55004 80
    endloop
  endfacet
  facet normal -0.227052 -0.973883 -0
    outer loop
      vertex 0.672929 2.51141 80
      vertex 0.507235 2.55004 0
      vertex 0.672929 2.51141 0
    endloop
  endfacet
  facet normal -0.227052 0.973883 0
    outer loop
      vertex 0.672929 -2.51141 0
      vertex 0.507235 -2.55004 80
      vertex 0.672929 -2.51141 80
    endloop
  endfacet
  facet normal -0.227052 0.973883 0
    outer loop
      vertex 0.507235 -2.55004 80
      vertex 0.672929 -2.51141 0
      vertex 0.507235 -2.55004 0
    endloop
  endfacet
  facet normal 0.634408 -0.772998 0
    outer loop
      vertex -1.7143 1.95478 0
      vertex -1.58278 2.06272 80
      vertex -1.7143 1.95478 80
    endloop
  endfacet
  facet normal 0.634408 -0.772998 0
    outer loop
      vertex -1.58278 2.06272 80
      vertex -1.7143 1.95478 0
      vertex -1.58278 2.06272 0
    endloop
  endfacet
  facet normal 0.986639 0.162924 0
    outer loop
      vertex -2.55004 -0.507235 80
      vertex -2.57776 -0.339368 0
      vertex -2.57776 -0.339368 80
    endloop
  endfacet
  facet normal 0.986639 0.162924 0
    outer loop
      vertex -2.57776 -0.339368 0
      vertex -2.55004 -0.507235 80
      vertex -2.55004 -0.507235 0
    endloop
  endfacet
  facet normal 0.162924 -0.986639 0
    outer loop
      vertex -0.507235 2.55004 0
      vertex -0.339368 2.57776 80
      vertex -0.507235 2.55004 80
    endloop
  endfacet
  facet normal 0.162924 -0.986639 0
    outer loop
      vertex -0.339368 2.57776 80
      vertex -0.507235 2.55004 0
      vertex -0.339368 2.57776 0
    endloop
  endfacet
  facet normal 0.999464 -0.0327379 0
    outer loop
      vertex -2.6 0 80
      vertex -2.59443 0.170048 0
      vertex -2.59443 0.170048 80
    endloop
  endfacet
  facet normal 0.999464 -0.0327379 0
    outer loop
      vertex -2.59443 0.170048 0
      vertex -2.6 0 80
      vertex -2.6 0 0
    endloop
  endfacet
  facet normal 0.995188 0.0979789 0
    outer loop
      vertex -2.57776 -0.339368 80
      vertex -2.59443 -0.170048 0
      vertex -2.59443 -0.170048 80
    endloop
  endfacet
  facet normal 0.995188 0.0979789 0
    outer loop
      vertex -2.59443 -0.170048 0
      vertex -2.57776 -0.339368 80
      vertex -2.57776 -0.339368 0
    endloop
  endfacet
  facet normal -0.528096 -0.849185 0
    outer loop
      vertex 1.3 2.25167 0
      vertex 1.44448 2.16182 80
      vertex 1.3 2.25167 80
    endloop
  endfacet
  facet normal -0.528096 -0.849185 -0
    outer loop
      vertex 1.44448 2.16182 80
      vertex 1.3 2.25167 0
      vertex 1.44448 2.16182 0
    endloop
  endfacet
  facet normal -0.634408 0.772998 0
    outer loop
      vertex 1.7143 -1.95478 0
      vertex 1.58278 -2.06272 80
      vertex 1.7143 -1.95478 80
    endloop
  endfacet
  facet normal -0.634408 0.772998 0
    outer loop
      vertex 1.58278 -2.06272 80
      vertex 1.7143 -1.95478 0
      vertex 1.58278 -2.06272 0
    endloop
  endfacet
  facet normal 0.973883 -0.227052 0
    outer loop
      vertex -2.55004 0.507235 80
      vertex -2.51141 0.672929 0
      vertex -2.51141 0.672929 80
    endloop
  endfacet
  facet normal 0.973883 -0.227052 0
    outer loop
      vertex -2.51141 0.672929 0
      vertex -2.55004 0.507235 80
      vertex -2.55004 0.507235 0
    endloop
  endfacet
  facet normal -0.582461 0.812859 0
    outer loop
      vertex 1.58278 -2.06272 0
      vertex 1.44448 -2.16182 80
      vertex 1.58278 -2.06272 80
    endloop
  endfacet
  facet normal -0.582461 0.812859 0
    outer loop
      vertex 1.44448 -2.16182 80
      vertex 1.58278 -2.06272 0
      vertex 1.44448 -2.16182 0
    endloop
  endfacet
  facet normal 0.68357 -0.729885 0
    outer loop
      vertex -1.83848 1.83848 0
      vertex -1.7143 1.95478 80
      vertex -1.83848 1.83848 80
    endloop
  endfacet
  facet normal 0.68357 -0.729885 0
    outer loop
      vertex -1.7143 1.95478 80
      vertex -1.83848 1.83848 0
      vertex -1.7143 1.95478 0
    endloop
  endfacet
  facet normal -0.528096 0.849185 0
    outer loop
      vertex 1.44448 -2.16182 0
      vertex 1.3 -2.25167 80
      vertex 1.44448 -2.16182 80
    endloop
  endfacet
  facet normal -0.528096 0.849185 0
    outer loop
      vertex 1.3 -2.25167 80
      vertex 1.44448 -2.16182 0
      vertex 1.3 -2.25167 0
    endloop
  endfacet
  facet normal 0.729885 -0.68357 0
    outer loop
      vertex -1.95478 1.7143 80
      vertex -1.83848 1.83848 0
      vertex -1.83848 1.83848 80
    endloop
  endfacet
  facet normal 0.729885 -0.68357 0
    outer loop
      vertex -1.83848 1.83848 0
      vertex -1.95478 1.7143 80
      vertex -1.95478 1.7143 0
    endloop
  endfacet
  facet normal -0.290291 0.956938 0
    outer loop
      vertex 0.835742 -2.46202 0
      vertex 0.672929 -2.51141 80
      vertex 0.835742 -2.46202 80
    endloop
  endfacet
  facet normal -0.290291 0.956938 0
    outer loop
      vertex 0.672929 -2.51141 80
      vertex 0.835742 -2.46202 0
      vertex 0.672929 -2.51141 0
    endloop
  endfacet
  facet normal -0.352243 -0.935909 0
    outer loop
      vertex 0.835742 2.46202 0
      vertex 0.994976 2.40209 80
      vertex 0.835742 2.46202 80
    endloop
  endfacet
  facet normal -0.352243 -0.935909 -0
    outer loop
      vertex 0.994976 2.40209 80
      vertex 0.835742 2.46202 0
      vertex 0.994976 2.40209 0
    endloop
  endfacet
  facet normal 0.528096 -0.849185 0
    outer loop
      vertex -1.44448 2.16182 0
      vertex -1.3 2.25167 80
      vertex -1.44448 2.16182 80
    endloop
  endfacet
  facet normal 0.528096 -0.849185 0
    outer loop
      vertex -1.3 2.25167 80
      vertex -1.44448 2.16182 0
      vertex -1.3 2.25167 0
    endloop
  endfacet
  facet normal -0.0979789 -0.995188 0
    outer loop
      vertex 0.170048 2.59443 0
      vertex 0.339368 2.57776 80
      vertex 0.170048 2.59443 80
    endloop
  endfacet
  facet normal -0.0979789 -0.995188 -0
    outer loop
      vertex 0.339368 2.57776 80
      vertex 0.170048 2.59443 0
      vertex 0.339368 2.57776 0
    endloop
  endfacet
  facet normal 0.729885 0.68357 0
    outer loop
      vertex -1.83848 -1.83848 80
      vertex -1.95478 -1.7143 0
      vertex -1.95478 -1.7143 80
    endloop
  endfacet
  facet normal 0.729885 0.68357 0
    outer loop
      vertex -1.95478 -1.7143 0
      vertex -1.83848 -1.83848 80
      vertex -1.83848 -1.83848 0
    endloop
  endfacet
  facet normal 0.772998 0.634408 0
    outer loop
      vertex -1.95478 -1.7143 80
      vertex -2.06272 -1.58278 0
      vertex -2.06272 -1.58278 80
    endloop
  endfacet
  facet normal 0.772998 0.634408 0
    outer loop
      vertex -2.06272 -1.58278 0
      vertex -1.95478 -1.7143 80
      vertex -1.95478 -1.7143 0
    endloop
  endfacet
  facet normal 0.956938 -0.290291 0
    outer loop
      vertex -2.51141 0.672929 80
      vertex -2.46202 0.835742 0
      vertex -2.46202 0.835742 80
    endloop
  endfacet
  facet normal 0.956938 -0.290291 0
    outer loop
      vertex -2.46202 0.835742 0
      vertex -2.51141 0.672929 80
      vertex -2.51141 0.672929 0
    endloop
  endfacet
  facet normal 0.88193 0.471381 0
    outer loop
      vertex -2.25167 -1.3 80
      vertex -2.33187 -1.14995 0
      vertex -2.33187 -1.14995 80
    endloop
  endfacet
  facet normal 0.88193 0.471381 0
    outer loop
      vertex -2.33187 -1.14995 0
      vertex -2.25167 -1.3 80
      vertex -2.25167 -1.3 0
    endloop
  endfacet
  facet normal 0.999464 0.0327379 0
    outer loop
      vertex -2.59443 -0.170048 80
      vertex -2.6 0 0
      vertex -2.6 0 80
    endloop
  endfacet
  facet normal 0.999464 0.0327379 0
    outer loop
      vertex -2.6 0 0
      vertex -2.59443 -0.170048 80
      vertex -2.59443 -0.170048 0
    endloop
  endfacet
  facet normal 0.0327379 0.999464 -0
    outer loop
      vertex 0 -2.6 0
      vertex -0.170048 -2.59443 80
      vertex 0 -2.6 80
    endloop
  endfacet
  facet normal 0.0327379 0.999464 0
    outer loop
      vertex -0.170048 -2.59443 80
      vertex 0 -2.6 0
      vertex -0.170048 -2.59443 0
    endloop
  endfacet
  facet normal 0.0327379 -0.999464 0
    outer loop
      vertex -0.170048 2.59443 0
      vertex 0 2.6 80
      vertex -0.170048 2.59443 80
    endloop
  endfacet
  facet normal 0.0327379 -0.999464 0
    outer loop
      vertex 0 2.6 80
      vertex -0.170048 2.59443 0
      vertex 0 2.6 0
    endloop
  endfacet
  facet normal 0.528096 0.849185 -0
    outer loop
      vertex -1.3 -2.25167 0
      vertex -1.44448 -2.16182 80
      vertex -1.3 -2.25167 80
    endloop
  endfacet
  facet normal 0.528096 0.849185 0
    outer loop
      vertex -1.44448 -2.16182 80
      vertex -1.3 -2.25167 0
      vertex -1.44448 -2.16182 0
    endloop
  endfacet
  facet normal 0.352243 -0.935909 0
    outer loop
      vertex -0.994976 2.40209 0
      vertex -0.835742 2.46202 80
      vertex -0.994976 2.40209 80
    endloop
  endfacet
  facet normal 0.352243 -0.935909 0
    outer loop
      vertex -0.835742 2.46202 80
      vertex -0.994976 2.40209 0
      vertex -0.835742 2.46202 0
    endloop
  endfacet
  facet normal 0.634408 0.772998 -0
    outer loop
      vertex -1.58278 -2.06272 0
      vertex -1.7143 -1.95478 80
      vertex -1.58278 -2.06272 80
    endloop
  endfacet
  facet normal 0.634408 0.772998 0
    outer loop
      vertex -1.7143 -1.95478 80
      vertex -1.58278 -2.06272 0
      vertex -1.7143 -1.95478 0
    endloop
  endfacet
  facet normal 0.352243 0.935909 -0
    outer loop
      vertex -0.835742 -2.46202 0
      vertex -0.994976 -2.40209 80
      vertex -0.835742 -2.46202 80
    endloop
  endfacet
  facet normal 0.352243 0.935909 0
    outer loop
      vertex -0.994976 -2.40209 80
      vertex -0.835742 -2.46202 0
      vertex -0.994976 -2.40209 0
    endloop
  endfacet
  facet normal 0.772998 -0.634408 0
    outer loop
      vertex -2.06272 1.58278 80
      vertex -1.95478 1.7143 0
      vertex -1.95478 1.7143 80
    endloop
  endfacet
  facet normal 0.772998 -0.634408 0
    outer loop
      vertex -1.95478 1.7143 0
      vertex -2.06272 1.58278 80
      vertex -2.06272 1.58278 0
    endloop
  endfacet
  facet normal -0.0327379 -0.999464 0
    outer loop
      vertex 0 2.6 0
      vertex 0.170048 2.59443 80
      vertex 0 2.6 80
    endloop
  endfacet
  facet normal -0.0327379 -0.999464 -0
    outer loop
      vertex 0.170048 2.59443 80
      vertex 0 2.6 0
      vertex 0.170048 2.59443 0
    endloop
  endfacet
  facet normal -0.471381 0.88193 0
    outer loop
      vertex 1.3 -2.25167 0
      vertex 1.14995 -2.33187 80
      vertex 1.3 -2.25167 80
    endloop
  endfacet
  facet normal -0.471381 0.88193 0
    outer loop
      vertex 1.14995 -2.33187 80
      vertex 1.3 -2.25167 0
      vertex 1.14995 -2.33187 0
    endloop
  endfacet
  facet normal 0.956938 0.290291 0
    outer loop
      vertex -2.46202 -0.835742 80
      vertex -2.51141 -0.672929 0
      vertex -2.51141 -0.672929 80
    endloop
  endfacet
  facet normal 0.956938 0.290291 0
    outer loop
      vertex -2.51141 -0.672929 0
      vertex -2.46202 -0.835742 80
      vertex -2.46202 -0.835742 0
    endloop
  endfacet
  facet normal 0.471381 -0.88193 0
    outer loop
      vertex -1.3 2.25167 0
      vertex -1.14995 2.33187 80
      vertex -1.3 2.25167 80
    endloop
  endfacet
  facet normal 0.471381 -0.88193 0
    outer loop
      vertex -1.14995 2.33187 80
      vertex -1.3 2.25167 0
      vertex -1.14995 2.33187 0
    endloop
  endfacet
  facet normal 0.935909 -0.352243 0
    outer loop
      vertex -2.46202 0.835742 80
      vertex -2.40209 0.994976 0
      vertex -2.40209 0.994976 80
    endloop
  endfacet
  facet normal 0.935909 -0.352243 0
    outer loop
      vertex -2.40209 0.994976 0
      vertex -2.46202 0.835742 80
      vertex -2.46202 0.835742 0
    endloop
  endfacet
  facet normal 0.412718 0.910859 -0
    outer loop
      vertex -0.994976 -2.40209 0
      vertex -1.14995 -2.33187 80
      vertex -0.994976 -2.40209 80
    endloop
  endfacet
  facet normal 0.412718 0.910859 0
    outer loop
      vertex -1.14995 -2.33187 80
      vertex -0.994976 -2.40209 0
      vertex -1.14995 -2.33187 0
    endloop
  endfacet
  facet normal 0.849185 0.528096 0
    outer loop
      vertex -2.16182 -1.44448 80
      vertex -2.25167 -1.3 0
      vertex -2.25167 -1.3 80
    endloop
  endfacet
  facet normal 0.849185 0.528096 0
    outer loop
      vertex -2.25167 -1.3 0
      vertex -2.16182 -1.44448 80
      vertex -2.16182 -1.44448 0
    endloop
  endfacet
  facet normal -1 0 0
    outer loop
      vertex 1.8 -1.87452 0
      vertex 1.8 1.87452 80
      vertex 1.8 1.87452 0
    endloop
  endfacet
  facet normal -1 -0 0
    outer loop
      vertex 1.8 1.87452 80
      vertex 1.8 -1.87452 0
      vertex 1.8 -1.87452 80
    endloop
  endfacet
endsolid OpenSCAD_Model
