solid OpenSCAD_Model
  facet normal -0.995188 0.0979881 0
    outer loop
      vertex -14.7683 0.967966 0
      vertex -14.6734 1.93179 0.5
      vertex -14.6734 1.93179 0
    endloop
  endfacet
  facet normal -0.995188 0.0979881 0
    outer loop
      vertex -14.6734 1.93179 0.5
      vertex -14.7683 0.967966 0
      vertex -14.7683 0.967966 0.5
    endloop
  endfacet
  facet normal -0.995188 0.0979881 0
    outer loop
      vertex -14.7683 0.967966 45.5
      vertex -14.6734 1.93179 84
      vertex -14.6734 1.93179 45.5
    endloop
  endfacet
  facet normal -0.995188 0.0979881 0
    outer loop
      vertex -14.6734 1.93179 84
      vertex -14.7683 0.967966 45.5
      vertex -14.7683 0.967966 84
    endloop
  endfacet
  facet normal 0.995188 0.0979881 0
    outer loop
      vertex 14.7683 0.967966 84
      vertex 14.6734 1.93179 0
      vertex 14.6734 1.93179 84
    endloop
  endfacet
  facet normal 0.995188 0.0979881 0
    outer loop
      vertex 14.6734 1.93179 0
      vertex 14.7683 0.967966 84
      vertex 14.7683 0.967966 0
    endloop
  endfacet
  facet normal 0.999464 0.0327315 0
    outer loop
      vertex 14.8 0 84
      vertex 14.7683 0.967966 0
      vertex 14.7683 0.967966 84
    endloop
  endfacet
  facet normal 0.999464 0.0327315 0
    outer loop
      vertex 14.7683 0.967966 0
      vertex 14.8 0 84
      vertex 14.8 0 0
    endloop
  endfacet
  facet normal 0.986637 0.162934 0
    outer loop
      vertex 14.6734 1.93179 84
      vertex 14.5156 2.88734 0
      vertex 14.5156 2.88734 84
    endloop
  endfacet
  facet normal 0.986637 0.162934 0
    outer loop
      vertex 14.5156 2.88734 0
      vertex 14.6734 1.93179 84
      vertex 14.6734 1.93179 0
    endloop
  endfacet
  facet normal 0.973881 0.227058 0
    outer loop
      vertex 14.5156 2.88734 84
      vertex 14.2957 3.83052 0
      vertex 14.2957 3.83052 84
    endloop
  endfacet
  facet normal 0.973881 0.227058 0
    outer loop
      vertex 14.2957 3.83052 0
      vertex 14.5156 2.88734 84
      vertex 14.5156 2.88734 0
    endloop
  endfacet
  facet normal -0.812857 0.582463 0
    outer loop
      vertex -12.3057 8.22244 0
      vertex -11.7416 9.00967 0.5
      vertex -11.7416 9.00967 0
    endloop
  endfacet
  facet normal -0.812857 0.582463 0
    outer loop
      vertex -11.7416 9.00967 0.5
      vertex -12.3057 8.22244 0
      vertex -12.3057 8.22244 0.5
    endloop
  endfacet
  facet normal -0.812857 0.582463 0
    outer loop
      vertex -12.3057 8.22244 45.5
      vertex -11.7416 9.00967 84
      vertex -11.7416 9.00967 45.5
    endloop
  endfacet
  facet normal -0.812857 0.582463 0
    outer loop
      vertex -11.7416 9.00967 84
      vertex -12.3057 8.22244 45.5
      vertex -12.3057 8.22244 84
    endloop
  endfacet
  facet normal -0.634393 0.773011 0
    outer loop
      vertex -9.00967 11.7416 0
      vertex -9.75832 11.1272 84
      vertex -9.00967 11.7416 84
    endloop
  endfacet
  facet normal -0.634393 0.773011 0
    outer loop
      vertex -9.75832 11.1272 84
      vertex -9.00967 11.7416 0
      vertex -9.75832 11.1272 0
    endloop
  endfacet
  facet normal 0.634393 0.773011 -0
    outer loop
      vertex 9.75832 11.1272 0
      vertex 9.00967 11.7416 84
      vertex 9.75832 11.1272 84
    endloop
  endfacet
  facet normal 0.634393 0.773011 0
    outer loop
      vertex 9.00967 11.7416 84
      vertex 9.75832 11.1272 0
      vertex 9.00967 11.7416 0
    endloop
  endfacet
  facet normal 0.412706 0.910864 -0
    outer loop
      vertex 6.54587 13.2737 0
      vertex 5.66371 13.6734 84
      vertex 6.54587 13.2737 84
    endloop
  endfacet
  facet normal 0.412706 0.910864 0
    outer loop
      vertex 5.66371 13.6734 84
      vertex 6.54587 13.2737 0
      vertex 5.66371 13.6734 0
    endloop
  endfacet
  facet normal -0.935888 0.352297 0
    outer loop
      vertex -14.0146 4.7573 0
      vertex -13.6734 5.66371 0.5
      vertex -13.6734 5.66371 0
    endloop
  endfacet
  facet normal -0.935888 0.352297 0
    outer loop
      vertex -13.6734 5.66371 0.5
      vertex -14.0146 4.7573 0
      vertex -14.0146 4.7573 0.5
    endloop
  endfacet
  facet normal -0.935888 0.352297 0
    outer loop
      vertex -14.0146 4.7573 45.5
      vertex -13.6734 5.66371 84
      vertex -13.6734 5.66371 45.5
    endloop
  endfacet
  facet normal -0.935888 0.352297 0
    outer loop
      vertex -13.6734 5.66371 84
      vertex -14.0146 4.7573 45.5
      vertex -14.0146 4.7573 84
    endloop
  endfacet
  facet normal -0.849168 0.528123 0
    outer loop
      vertex -12.8172 7.4 0
      vertex -12.3057 8.22244 0.5
      vertex -12.3057 8.22244 0
    endloop
  endfacet
  facet normal -0.849168 0.528123 0
    outer loop
      vertex -12.3057 8.22244 0.5
      vertex -12.8172 7.4 0
      vertex -12.8172 7.4 0.5
    endloop
  endfacet
  facet normal -0.849168 0.528123 0
    outer loop
      vertex -12.8172 7.4 45.5
      vertex -12.3057 8.22244 84
      vertex -12.3057 8.22244 45.5
    endloop
  endfacet
  facet normal -0.849168 0.528123 0
    outer loop
      vertex -12.3057 8.22244 84
      vertex -12.8172 7.4 45.5
      vertex -12.8172 7.4 84
    endloop
  endfacet
  facet normal -0.0979881 0.995188 0
    outer loop
      vertex -0.967966 14.7683 0
      vertex -1.93179 14.6734 84
      vertex -0.967966 14.7683 84
    endloop
  endfacet
  facet normal -0.0979881 0.995188 0
    outer loop
      vertex -1.93179 14.6734 84
      vertex -0.967966 14.7683 0
      vertex -1.93179 14.6734 0
    endloop
  endfacet
  facet normal 0.352297 0.935888 -0
    outer loop
      vertex 5.66371 13.6734 0
      vertex 4.7573 14.0146 84
      vertex 5.66371 13.6734 84
    endloop
  endfacet
  facet normal 0.352297 0.935888 0
    outer loop
      vertex 4.7573 14.0146 84
      vertex 5.66371 13.6734 0
      vertex 4.7573 14.0146 0
    endloop
  endfacet
  facet normal -0.956951 0.290251 0
    outer loop
      vertex -14.2957 3.83052 0
      vertex -14.0146 4.7573 0.5
      vertex -14.0146 4.7573 0
    endloop
  endfacet
  facet normal -0.956951 0.290251 0
    outer loop
      vertex -14.0146 4.7573 0.5
      vertex -14.2957 3.83052 0
      vertex -14.2957 3.83052 0.5
    endloop
  endfacet
  facet normal -0.956951 0.290251 0
    outer loop
      vertex -14.2957 3.83052 45.5
      vertex -14.0146 4.7573 84
      vertex -14.0146 4.7573 45.5
    endloop
  endfacet
  facet normal -0.956951 0.290251 0
    outer loop
      vertex -14.0146 4.7573 84
      vertex -14.2957 3.83052 45.5
      vertex -14.2957 3.83052 84
    endloop
  endfacet
  facet normal 0 0 -1
    outer loop
      vertex 11.8 0 0
      vertex 14.8 0 0
      vertex 14.7683 -0.967966 0
    endloop
  endfacet
  facet normal 0 0 -1
    outer loop
      vertex 11.7747 -0.771756 0
      vertex 14.7683 -0.967966 0
      vertex 14.6734 -1.93179 0
    endloop
  endfacet
  facet normal 0 0 -1
    outer loop
      vertex 14.8 0 0
      vertex 11.8 0 0
      vertex 14.7683 0.967966 0
    endloop
  endfacet
  facet normal 0 0 -1
    outer loop
      vertex 11.699 -1.54021 0
      vertex 14.6734 -1.93179 0
      vertex 14.5156 -2.88734 0
    endloop
  endfacet
  facet normal 0 0 -1
    outer loop
      vertex 11.7747 0.771756 0
      vertex 14.7683 0.967966 0
      vertex 11.8 0 0
    endloop
  endfacet
  facet normal 0 0 -1
    outer loop
      vertex 11.5733 -2.30206 0
      vertex 14.5156 -2.88734 0
      vertex 14.2957 -3.83052 0
    endloop
  endfacet
  facet normal -0 0 -1
    outer loop
      vertex 14.7683 0.967966 0
      vertex 11.7747 0.771756 0
      vertex 14.6734 1.93179 0
    endloop
  endfacet
  facet normal 0 0 -1
    outer loop
      vertex 11.3979 -3.05406 0
      vertex 14.2957 -3.83052 0
      vertex 14.0146 -4.7573 0
    endloop
  endfacet
  facet normal 0 0 -1
    outer loop
      vertex 11.699 1.54021 0
      vertex 14.6734 1.93179 0
      vertex 11.7747 0.771756 0
    endloop
  endfacet
  facet normal 0 0 -1
    outer loop
      vertex 11.1738 -3.79298 0
      vertex 14.0146 -4.7573 0
      vertex 13.6734 -5.66371 0
    endloop
  endfacet
  facet normal -0 0 -1
    outer loop
      vertex 14.6734 1.93179 0
      vertex 11.699 1.54021 0
      vertex 14.5156 2.88734 0
    endloop
  endfacet
  facet normal 0 0 -1
    outer loop
      vertex 10.9018 -4.51566 0
      vertex 13.6734 -5.66371 0
      vertex 13.2737 -6.54587 0
    endloop
  endfacet
  facet normal 0 0 -1
    outer loop
      vertex 11.5733 2.30206 0
      vertex 14.5156 2.88734 0
      vertex 11.699 1.54021 0
    endloop
  endfacet
  facet normal 0 0 -1
    outer loop
      vertex 10.5831 -5.21901 0
      vertex 13.2737 -6.54587 0
      vertex 12.8172 -7.4 0
    endloop
  endfacet
  facet normal -0 0 -1
    outer loop
      vertex 14.5156 2.88734 0
      vertex 11.5733 2.30206 0
      vertex 14.2957 3.83052 0
    endloop
  endfacet
  facet normal 0 0 -1
    outer loop
      vertex 10.2191 -5.9 0
      vertex 12.8172 -7.4 0
      vertex 12.3057 -8.22244 0
    endloop
  endfacet
  facet normal 0 0 -1
    outer loop
      vertex 11.3979 3.05406 0
      vertex 14.2957 3.83052 0
      vertex 11.5733 2.30206 0
    endloop
  endfacet
  facet normal -0 0 -1
    outer loop
      vertex 14.2957 3.83052 0
      vertex 11.3979 3.05406 0
      vertex 14.0146 4.7573 0
    endloop
  endfacet
  facet normal 0 0 -1
    outer loop
      vertex 14.7683 -0.967966 0
      vertex 11.7747 -0.771756 0
      vertex 11.8 0 0
    endloop
  endfacet
  facet normal 0 0 -1
    outer loop
      vertex 9.81134 -6.55573 0
      vertex 12.3057 -8.22244 0
      vertex 11.7416 -9.00967 0
    endloop
  endfacet
  facet normal 0 0 -1
    outer loop
      vertex 14.6734 -1.93179 0
      vertex 11.699 -1.54021 0
      vertex 11.7747 -0.771756 0
    endloop
  endfacet
  facet normal 0 0 -1
    outer loop
      vertex 14.5156 -2.88734 0
      vertex 11.5733 -2.30206 0
      vertex 11.699 -1.54021 0
    endloop
  endfacet
  facet normal 0 0 -1
    outer loop
      vertex 14.2957 -3.83052 0
      vertex 11.3979 -3.05406 0
      vertex 11.5733 -2.30206 0
    endloop
  endfacet
  facet normal 0 0 -1
    outer loop
      vertex 14.0146 -4.7573 0
      vertex 11.1738 -3.79298 0
      vertex 11.3979 -3.05406 0
    endloop
  endfacet
  facet normal 0 0 -1
    outer loop
      vertex 9.36157 -7.18338 0
      vertex 11.7416 -9.00967 0
      vertex 11.1272 -9.75832 0
    endloop
  endfacet
  facet normal 0 0 -1
    outer loop
      vertex 13.6734 -5.66371 0
      vertex 10.9018 -4.51566 0
      vertex 11.1738 -3.79298 0
    endloop
  endfacet
  facet normal 0 0 -1
    outer loop
      vertex 13.2737 -6.54587 0
      vertex 10.5831 -5.21901 0
      vertex 10.9018 -4.51566 0
    endloop
  endfacet
  facet normal 0 0 -1
    outer loop
      vertex 8.87171 -7.78028 0
      vertex 11.1272 -9.75832 0
      vertex 10.4652 -10.4652 0
    endloop
  endfacet
  facet normal 0 0 -1
    outer loop
      vertex 12.8172 -7.4 0
      vertex 10.2191 -5.9 0
      vertex 10.5831 -5.21901 0
    endloop
  endfacet
  facet normal 0 0 -1
    outer loop
      vertex 12.3057 -8.22244 0
      vertex 9.81134 -6.55573 0
      vertex 10.2191 -5.9 0
    endloop
  endfacet
  facet normal 0 0 -1
    outer loop
      vertex 8.34386 -8.34386 0
      vertex 10.4652 -10.4652 0
      vertex 9.75832 -11.1272 0
    endloop
  endfacet
  facet normal 0 0 -1
    outer loop
      vertex 11.7416 -9.00967 0
      vertex 9.36157 -7.18338 0
      vertex 9.81134 -6.55573 0
    endloop
  endfacet
  facet normal 0 0 -1
    outer loop
      vertex 7.78028 -8.87171 0
      vertex 9.75832 -11.1272 0
      vertex 9.00967 -11.7416 0
    endloop
  endfacet
  facet normal 0 0 -1
    outer loop
      vertex 11.1272 -9.75832 0
      vertex 8.87171 -7.78028 0
      vertex 9.36157 -7.18338 0
    endloop
  endfacet
  facet normal 0 0 -1
    outer loop
      vertex 10.4652 -10.4652 0
      vertex 8.34386 -8.34386 0
      vertex 8.87171 -7.78028 0
    endloop
  endfacet
  facet normal 0 0 -1
    outer loop
      vertex 7.18338 -9.36157 0
      vertex 9.00967 -11.7416 0
      vertex 8.22244 -12.3057 0
    endloop
  endfacet
  facet normal 0 0 -1
    outer loop
      vertex 9.75832 -11.1272 0
      vertex 7.78028 -8.87171 0
      vertex 8.34386 -8.34386 0
    endloop
  endfacet
  facet normal 0 0 -1
    outer loop
      vertex 6.55573 -9.81134 0
      vertex 8.22244 -12.3057 0
      vertex 7.4 -12.8172 0
    endloop
  endfacet
  facet normal 0 0 -1
    outer loop
      vertex 9.00967 -11.7416 0
      vertex 7.18338 -9.36157 0
      vertex 7.78028 -8.87171 0
    endloop
  endfacet
  facet normal 0 0 -1
    outer loop
      vertex 8.22244 -12.3057 0
      vertex 6.55573 -9.81134 0
      vertex 7.18338 -9.36157 0
    endloop
  endfacet
  facet normal 0 0 -1
    outer loop
      vertex 5.9 -10.2191 0
      vertex 7.4 -12.8172 0
      vertex 6.54587 -13.2737 0
    endloop
  endfacet
  facet normal 0 0 -1
    outer loop
      vertex 7.4 -12.8172 0
      vertex 5.9 -10.2191 0
      vertex 6.55573 -9.81134 0
    endloop
  endfacet
  facet normal 0 0 -1
    outer loop
      vertex 5.21901 -10.5831 0
      vertex 6.54587 -13.2737 0
      vertex 5.66371 -13.6734 0
    endloop
  endfacet
  facet normal 0 0 -1
    outer loop
      vertex 6.54587 -13.2737 0
      vertex 5.21901 -10.5831 0
      vertex 5.9 -10.2191 0
    endloop
  endfacet
  facet normal 0 0 -1
    outer loop
      vertex 4.51566 -10.9018 0
      vertex 5.66371 -13.6734 0
      vertex 4.7573 -14.0146 0
    endloop
  endfacet
  facet normal 0 0 -1
    outer loop
      vertex 5.66371 -13.6734 0
      vertex 4.51566 -10.9018 0
      vertex 5.21901 -10.5831 0
    endloop
  endfacet
  facet normal 0 0 -1
    outer loop
      vertex 3.79298 -11.1738 0
      vertex 4.7573 -14.0146 0
      vertex 3.83052 -14.2957 0
    endloop
  endfacet
  facet normal 0 0 -1
    outer loop
      vertex 4.7573 -14.0146 0
      vertex 3.79298 -11.1738 0
      vertex 4.51566 -10.9018 0
    endloop
  endfacet
  facet normal 0 0 -1
    outer loop
      vertex 3.83052 -14.2957 0
      vertex 3.05406 -11.3979 0
      vertex 3.79298 -11.1738 0
    endloop
  endfacet
  facet normal 0 0 -1
    outer loop
      vertex 2.88734 -14.5156 0
      vertex 3.05406 -11.3979 0
      vertex 3.83052 -14.2957 0
    endloop
  endfacet
  facet normal 0 0 -1
    outer loop
      vertex 2.88734 -14.5156 0
      vertex 2.30206 -11.5733 0
      vertex 3.05406 -11.3979 0
    endloop
  endfacet
  facet normal 0 0 -1
    outer loop
      vertex 1.93179 -14.6734 0
      vertex 2.30206 -11.5733 0
      vertex 2.88734 -14.5156 0
    endloop
  endfacet
  facet normal 0 0 -1
    outer loop
      vertex 1.93179 -14.6734 0
      vertex 1.54021 -11.699 0
      vertex 2.30206 -11.5733 0
    endloop
  endfacet
  facet normal 0 0 -1
    outer loop
      vertex 0.967966 -14.7683 0
      vertex 1.54021 -11.699 0
      vertex 1.93179 -14.6734 0
    endloop
  endfacet
  facet normal 0 0 -1
    outer loop
      vertex 0.967966 -14.7683 0
      vertex 0.771756 -11.7747 0
      vertex 1.54021 -11.699 0
    endloop
  endfacet
  facet normal 0 0 -1
    outer loop
      vertex 0 -14.8 0
      vertex 0.771756 -11.7747 0
      vertex 0.967966 -14.7683 0
    endloop
  endfacet
  facet normal 0 0 -1
    outer loop
      vertex 0 -14.8 0
      vertex 0 -11.8 0
      vertex 0.771756 -11.7747 0
    endloop
  endfacet
  facet normal 0 0 -1
    outer loop
      vertex 0 -14.8 0
      vertex -0.771756 -11.7747 0
      vertex 0 -11.8 0
    endloop
  endfacet
  facet normal 0 0 -1
    outer loop
      vertex -0.967966 -14.7683 0
      vertex -0.771756 -11.7747 0
      vertex 0 -14.8 0
    endloop
  endfacet
  facet normal 0 0 -1
    outer loop
      vertex -0.967966 -14.7683 0
      vertex -1.54021 -11.699 0
      vertex -0.771756 -11.7747 0
    endloop
  endfacet
  facet normal 0 0 -1
    outer loop
      vertex -1.93179 -14.6734 0
      vertex -1.54021 -11.699 0
      vertex -0.967966 -14.7683 0
    endloop
  endfacet
  facet normal 0 0 -1
    outer loop
      vertex -1.93179 -14.6734 0
      vertex -2.30206 -11.5733 0
      vertex -1.54021 -11.699 0
    endloop
  endfacet
  facet normal 0 0 -1
    outer loop
      vertex -2.88734 -14.5156 0
      vertex -2.30206 -11.5733 0
      vertex -1.93179 -14.6734 0
    endloop
  endfacet
  facet normal 0 0 -1
    outer loop
      vertex -2.88734 -14.5156 0
      vertex -3.05406 -11.3979 0
      vertex -2.30206 -11.5733 0
    endloop
  endfacet
  facet normal 0 0 -1
    outer loop
      vertex -3.83052 -14.2957 0
      vertex -3.05406 -11.3979 0
      vertex -2.88734 -14.5156 0
    endloop
  endfacet
  facet normal -0 0 -1
    outer loop
      vertex -3.05406 -11.3979 0
      vertex -3.83052 -14.2957 0
      vertex -3.79298 -11.1738 0
    endloop
  endfacet
  facet normal 0 0 -1
    outer loop
      vertex -4.7573 -14.0146 0
      vertex -3.79298 -11.1738 0
      vertex -3.83052 -14.2957 0
    endloop
  endfacet
  facet normal -0 0 -1
    outer loop
      vertex -3.79298 -11.1738 0
      vertex -4.7573 -14.0146 0
      vertex -4.51566 -10.9018 0
    endloop
  endfacet
  facet normal 0 0 -1
    outer loop
      vertex -5.66371 -13.6734 0
      vertex -4.51566 -10.9018 0
      vertex -4.7573 -14.0146 0
    endloop
  endfacet
  facet normal -0 0 -1
    outer loop
      vertex -4.51566 -10.9018 0
      vertex -5.66371 -13.6734 0
      vertex -5.21901 -10.5831 0
    endloop
  endfacet
  facet normal 0 0 -1
    outer loop
      vertex -6.54587 -13.2737 0
      vertex -5.21901 -10.5831 0
      vertex -5.66371 -13.6734 0
    endloop
  endfacet
  facet normal -0 0 -1
    outer loop
      vertex -5.21901 -10.5831 0
      vertex -6.54587 -13.2737 0
      vertex -5.9 -10.2191 0
    endloop
  endfacet
  facet normal 0 0 -1
    outer loop
      vertex -7.4 -12.8172 0
      vertex -5.9 -10.2191 0
      vertex -6.54587 -13.2737 0
    endloop
  endfacet
  facet normal -0 0 -1
    outer loop
      vertex -5.9 -10.2191 0
      vertex -7.4 -12.8172 0
      vertex -6.55573 -9.81134 0
    endloop
  endfacet
  facet normal 0 0 -1
    outer loop
      vertex -8.22244 -12.3057 0
      vertex -6.55573 -9.81134 0
      vertex -7.4 -12.8172 0
    endloop
  endfacet
  facet normal -0 0 -1
    outer loop
      vertex -6.55573 -9.81134 0
      vertex -8.22244 -12.3057 0
      vertex -7.18338 -9.36157 0
    endloop
  endfacet
  facet normal 0 0 -1
    outer loop
      vertex -9.00967 -11.7416 0
      vertex -7.18338 -9.36157 0
      vertex -8.22244 -12.3057 0
    endloop
  endfacet
  facet normal -0 0 -1
    outer loop
      vertex -7.18338 -9.36157 0
      vertex -9.00967 -11.7416 0
      vertex -7.78028 -8.87171 0
    endloop
  endfacet
  facet normal 0 0 -1
    outer loop
      vertex -9.75832 -11.1272 0
      vertex -7.78028 -8.87171 0
      vertex -9.00967 -11.7416 0
    endloop
  endfacet
  facet normal -0 0 -1
    outer loop
      vertex -7.78028 -8.87171 0
      vertex -9.75832 -11.1272 0
      vertex -8.34386 -8.34386 0
    endloop
  endfacet
  facet normal 0 0 -1
    outer loop
      vertex -10.4652 -10.4652 0
      vertex -8.34386 -8.34386 0
      vertex -9.75832 -11.1272 0
    endloop
  endfacet
  facet normal -0 0 -1
    outer loop
      vertex -8.34386 -8.34386 0
      vertex -10.4652 -10.4652 0
      vertex -8.87171 -7.78028 0
    endloop
  endfacet
  facet normal 0 0 -1
    outer loop
      vertex -11.1272 -9.75832 0
      vertex -8.87171 -7.78028 0
      vertex -10.4652 -10.4652 0
    endloop
  endfacet
  facet normal -0 0 -1
    outer loop
      vertex -8.87171 -7.78028 0
      vertex -11.1272 -9.75832 0
      vertex -9.36157 -7.18338 0
    endloop
  endfacet
  facet normal 0 0 -1
    outer loop
      vertex -11.7416 -9.00967 0
      vertex -9.36157 -7.18338 0
      vertex -11.1272 -9.75832 0
    endloop
  endfacet
  facet normal -0 0 -1
    outer loop
      vertex -9.36157 -7.18338 0
      vertex -11.7416 -9.00967 0
      vertex -9.81134 -6.55573 0
    endloop
  endfacet
  facet normal 0 0 -1
    outer loop
      vertex -12.3057 -8.22244 0
      vertex -9.81134 -6.55573 0
      vertex -11.7416 -9.00967 0
    endloop
  endfacet
  facet normal -0 0 -1
    outer loop
      vertex -9.81134 -6.55573 0
      vertex -12.3057 -8.22244 0
      vertex -10.2191 -5.9 0
    endloop
  endfacet
  facet normal 0 0 -1
    outer loop
      vertex -12.8172 -7.4 0
      vertex -10.2191 -5.9 0
      vertex -12.3057 -8.22244 0
    endloop
  endfacet
  facet normal -0 0 -1
    outer loop
      vertex -10.2191 -5.9 0
      vertex -12.8172 -7.4 0
      vertex -10.5831 -5.21901 0
    endloop
  endfacet
  facet normal 0 0 -1
    outer loop
      vertex -13.2737 -6.54587 0
      vertex -10.5831 -5.21901 0
      vertex -12.8172 -7.4 0
    endloop
  endfacet
  facet normal -0 0 -1
    outer loop
      vertex -10.5831 -5.21901 0
      vertex -13.2737 -6.54587 0
      vertex -10.9018 -4.51566 0
    endloop
  endfacet
  facet normal 0 0 -1
    outer loop
      vertex -13.6734 -5.66371 0
      vertex -10.9018 -4.51566 0
      vertex -13.2737 -6.54587 0
    endloop
  endfacet
  facet normal -0 0 -1
    outer loop
      vertex -10.9018 -4.51566 0
      vertex -13.6734 -5.66371 0
      vertex -11.1738 -3.79298 0
    endloop
  endfacet
  facet normal 0 0 -1
    outer loop
      vertex -14.0146 -4.7573 0
      vertex -11.1738 -3.79298 0
      vertex -13.6734 -5.66371 0
    endloop
  endfacet
  facet normal -0 0 -1
    outer loop
      vertex -11.1738 -3.79298 0
      vertex -14.0146 -4.7573 0
      vertex -11.3979 -3.05406 0
    endloop
  endfacet
  facet normal 0 0 -1
    outer loop
      vertex 11.1738 3.79298 0
      vertex 14.0146 4.7573 0
      vertex 11.3979 3.05406 0
    endloop
  endfacet
  facet normal -0 0 -1
    outer loop
      vertex 14.0146 4.7573 0
      vertex 11.1738 3.79298 0
      vertex 13.6734 5.66371 0
    endloop
  endfacet
  facet normal 0 0 -1
    outer loop
      vertex 10.9018 4.51566 0
      vertex 13.6734 5.66371 0
      vertex 11.1738 3.79298 0
    endloop
  endfacet
  facet normal -0 0 -1
    outer loop
      vertex 13.6734 5.66371 0
      vertex 10.9018 4.51566 0
      vertex 13.2737 6.54587 0
    endloop
  endfacet
  facet normal 0 0 -1
    outer loop
      vertex 10.5831 5.21901 0
      vertex 13.2737 6.54587 0
      vertex 10.9018 4.51566 0
    endloop
  endfacet
  facet normal -0 0 -1
    outer loop
      vertex 13.2737 6.54587 0
      vertex 10.5831 5.21901 0
      vertex 12.8172 7.4 0
    endloop
  endfacet
  facet normal 0 0 -1
    outer loop
      vertex 10.2191 5.9 0
      vertex 12.8172 7.4 0
      vertex 10.5831 5.21901 0
    endloop
  endfacet
  facet normal -0 0 -1
    outer loop
      vertex 12.8172 7.4 0
      vertex 10.2191 5.9 0
      vertex 12.3057 8.22244 0
    endloop
  endfacet
  facet normal 0 0 -1
    outer loop
      vertex 9.81134 6.55573 0
      vertex 12.3057 8.22244 0
      vertex 10.2191 5.9 0
    endloop
  endfacet
  facet normal -0 0 -1
    outer loop
      vertex 12.3057 8.22244 0
      vertex 9.81134 6.55573 0
      vertex 11.7416 9.00967 0
    endloop
  endfacet
  facet normal 0 0 -1
    outer loop
      vertex 9.36157 7.18338 0
      vertex 11.7416 9.00967 0
      vertex 9.81134 6.55573 0
    endloop
  endfacet
  facet normal -0 0 -1
    outer loop
      vertex 11.7416 9.00967 0
      vertex 9.36157 7.18338 0
      vertex 11.1272 9.75832 0
    endloop
  endfacet
  facet normal 0 0 -1
    outer loop
      vertex 8.87171 7.78028 0
      vertex 11.1272 9.75832 0
      vertex 9.36157 7.18338 0
    endloop
  endfacet
  facet normal -0 0 -1
    outer loop
      vertex 11.1272 9.75832 0
      vertex 8.87171 7.78028 0
      vertex 10.4652 10.4652 0
    endloop
  endfacet
  facet normal 0 0 -1
    outer loop
      vertex 8.34386 8.34386 0
      vertex 10.4652 10.4652 0
      vertex 8.87171 7.78028 0
    endloop
  endfacet
  facet normal -0 0 -1
    outer loop
      vertex 10.4652 10.4652 0
      vertex 8.34386 8.34386 0
      vertex 9.75832 11.1272 0
    endloop
  endfacet
  facet normal 0 0 -1
    outer loop
      vertex 7.78028 8.87171 0
      vertex 9.75832 11.1272 0
      vertex 8.34386 8.34386 0
    endloop
  endfacet
  facet normal -0 0 -1
    outer loop
      vertex 9.75832 11.1272 0
      vertex 7.78028 8.87171 0
      vertex 9.00967 11.7416 0
    endloop
  endfacet
  facet normal 0 0 -1
    outer loop
      vertex 7.18338 9.36157 0
      vertex 9.00967 11.7416 0
      vertex 7.78028 8.87171 0
    endloop
  endfacet
  facet normal -0 0 -1
    outer loop
      vertex 9.00967 11.7416 0
      vertex 7.18338 9.36157 0
      vertex 8.22244 12.3057 0
    endloop
  endfacet
  facet normal 0 0 -1
    outer loop
      vertex 6.55573 9.81134 0
      vertex 8.22244 12.3057 0
      vertex 7.18338 9.36157 0
    endloop
  endfacet
  facet normal -0 0 -1
    outer loop
      vertex 8.22244 12.3057 0
      vertex 6.55573 9.81134 0
      vertex 7.4 12.8172 0
    endloop
  endfacet
  facet normal 0 0 -1
    outer loop
      vertex 5.9 10.2191 0
      vertex 7.4 12.8172 0
      vertex 6.55573 9.81134 0
    endloop
  endfacet
  facet normal -0 0 -1
    outer loop
      vertex 7.4 12.8172 0
      vertex 5.9 10.2191 0
      vertex 6.54587 13.2737 0
    endloop
  endfacet
  facet normal 0 0 -1
    outer loop
      vertex 5.21901 10.5831 0
      vertex 6.54587 13.2737 0
      vertex 5.9 10.2191 0
    endloop
  endfacet
  facet normal -0 0 -1
    outer loop
      vertex 6.54587 13.2737 0
      vertex 5.21901 10.5831 0
      vertex 5.66371 13.6734 0
    endloop
  endfacet
  facet normal 0 0 -1
    outer loop
      vertex 4.51566 10.9018 0
      vertex 5.66371 13.6734 0
      vertex 5.21901 10.5831 0
    endloop
  endfacet
  facet normal -0 0 -1
    outer loop
      vertex 5.66371 13.6734 0
      vertex 4.51566 10.9018 0
      vertex 4.7573 14.0146 0
    endloop
  endfacet
  facet normal 0 0 -1
    outer loop
      vertex 3.79298 11.1738 0
      vertex 4.7573 14.0146 0
      vertex 4.51566 10.9018 0
    endloop
  endfacet
  facet normal -0 0 -1
    outer loop
      vertex 4.7573 14.0146 0
      vertex 3.79298 11.1738 0
      vertex 3.83052 14.2957 0
    endloop
  endfacet
  facet normal 0 0 -1
    outer loop
      vertex 3.05406 11.3979 0
      vertex 3.83052 14.2957 0
      vertex 3.79298 11.1738 0
    endloop
  endfacet
  facet normal 0 0 -1
    outer loop
      vertex 3.05406 11.3979 0
      vertex 2.88734 14.5156 0
      vertex 3.83052 14.2957 0
    endloop
  endfacet
  facet normal 0 0 -1
    outer loop
      vertex 2.30206 11.5733 0
      vertex 2.88734 14.5156 0
      vertex 3.05406 11.3979 0
    endloop
  endfacet
  facet normal 0 0 -1
    outer loop
      vertex 2.30206 11.5733 0
      vertex 1.93179 14.6734 0
      vertex 2.88734 14.5156 0
    endloop
  endfacet
  facet normal 0 0 -1
    outer loop
      vertex 1.54021 11.699 0
      vertex 1.93179 14.6734 0
      vertex 2.30206 11.5733 0
    endloop
  endfacet
  facet normal 0 0 -1
    outer loop
      vertex 1.54021 11.699 0
      vertex 0.967966 14.7683 0
      vertex 1.93179 14.6734 0
    endloop
  endfacet
  facet normal 0 0 -1
    outer loop
      vertex 0.771756 11.7747 0
      vertex 0.967966 14.7683 0
      vertex 1.54021 11.699 0
    endloop
  endfacet
  facet normal 0 0 -1
    outer loop
      vertex 0 11.8 0
      vertex 0.967966 14.7683 0
      vertex 0.771756 11.7747 0
    endloop
  endfacet
  facet normal 0 0 -1
    outer loop
      vertex 0 11.8 0
      vertex 0 14.8 0
      vertex 0.967966 14.7683 0
    endloop
  endfacet
  facet normal 0 0 -1
    outer loop
      vertex -0.771756 11.7747 0
      vertex 0 14.8 0
      vertex 0 11.8 0
    endloop
  endfacet
  facet normal 0 0 -1
    outer loop
      vertex -0.771756 11.7747 0
      vertex -0.967966 14.7683 0
      vertex 0 14.8 0
    endloop
  endfacet
  facet normal 0 0 -1
    outer loop
      vertex -1.54021 11.699 0
      vertex -0.967966 14.7683 0
      vertex -0.771756 11.7747 0
    endloop
  endfacet
  facet normal 0 0 -1
    outer loop
      vertex -1.54021 11.699 0
      vertex -1.93179 14.6734 0
      vertex -0.967966 14.7683 0
    endloop
  endfacet
  facet normal 0 0 -1
    outer loop
      vertex -2.30206 11.5733 0
      vertex -1.93179 14.6734 0
      vertex -1.54021 11.699 0
    endloop
  endfacet
  facet normal 0 0 -1
    outer loop
      vertex -2.30206 11.5733 0
      vertex -2.88734 14.5156 0
      vertex -1.93179 14.6734 0
    endloop
  endfacet
  facet normal 0 0 -1
    outer loop
      vertex -3.05406 11.3979 0
      vertex -2.88734 14.5156 0
      vertex -2.30206 11.5733 0
    endloop
  endfacet
  facet normal 0 0 -1
    outer loop
      vertex -3.83052 14.2957 0
      vertex -3.05406 11.3979 0
      vertex -3.79298 11.1738 0
    endloop
  endfacet
  facet normal 0 0 -1
    outer loop
      vertex -3.05406 11.3979 0
      vertex -3.83052 14.2957 0
      vertex -2.88734 14.5156 0
    endloop
  endfacet
  facet normal 0 0 -1
    outer loop
      vertex -4.7573 14.0146 0
      vertex -3.79298 11.1738 0
      vertex -4.51566 10.9018 0
    endloop
  endfacet
  facet normal 0 0 -1
    outer loop
      vertex -3.79298 11.1738 0
      vertex -4.7573 14.0146 0
      vertex -3.83052 14.2957 0
    endloop
  endfacet
  facet normal 0 0 -1
    outer loop
      vertex -5.66371 13.6734 0
      vertex -4.51566 10.9018 0
      vertex -5.21901 10.5831 0
    endloop
  endfacet
  facet normal 0 0 -1
    outer loop
      vertex -4.51566 10.9018 0
      vertex -5.66371 13.6734 0
      vertex -4.7573 14.0146 0
    endloop
  endfacet
  facet normal 0 0 -1
    outer loop
      vertex -6.54587 13.2737 0
      vertex -5.21901 10.5831 0
      vertex -5.9 10.2191 0
    endloop
  endfacet
  facet normal 0 0 -1
    outer loop
      vertex -5.21901 10.5831 0
      vertex -6.54587 13.2737 0
      vertex -5.66371 13.6734 0
    endloop
  endfacet
  facet normal 0 0 -1
    outer loop
      vertex -7.4 12.8172 0
      vertex -5.9 10.2191 0
      vertex -6.55573 9.81134 0
    endloop
  endfacet
  facet normal 0 0 -1
    outer loop
      vertex -8.22244 12.3057 0
      vertex -6.55573 9.81134 0
      vertex -7.18338 9.36157 0
    endloop
  endfacet
  facet normal 0 0 -1
    outer loop
      vertex -5.9 10.2191 0
      vertex -7.4 12.8172 0
      vertex -6.54587 13.2737 0
    endloop
  endfacet
  facet normal 0 0 -1
    outer loop
      vertex -9.00967 11.7416 0
      vertex -7.18338 9.36157 0
      vertex -7.78028 8.87171 0
    endloop
  endfacet
  facet normal 0 0 -1
    outer loop
      vertex -6.55573 9.81134 0
      vertex -8.22244 12.3057 0
      vertex -7.4 12.8172 0
    endloop
  endfacet
  facet normal 0 0 -1
    outer loop
      vertex -9.75832 11.1272 0
      vertex -7.78028 8.87171 0
      vertex -8.34386 8.34386 0
    endloop
  endfacet
  facet normal 0 0 -1
    outer loop
      vertex -10.4652 10.4652 0
      vertex -8.34386 8.34386 0
      vertex -8.87171 7.78028 0
    endloop
  endfacet
  facet normal 0 0 -1
    outer loop
      vertex -7.18338 9.36157 0
      vertex -9.00967 11.7416 0
      vertex -8.22244 12.3057 0
    endloop
  endfacet
  facet normal 0 0 -1
    outer loop
      vertex -11.1272 9.75832 0
      vertex -8.87171 7.78028 0
      vertex -9.36157 7.18338 0
    endloop
  endfacet
  facet normal 0 0 -1
    outer loop
      vertex -7.78028 8.87171 0
      vertex -9.75832 11.1272 0
      vertex -9.00967 11.7416 0
    endloop
  endfacet
  facet normal 0 0 -1
    outer loop
      vertex -11.7416 9.00967 0
      vertex -9.36157 7.18338 0
      vertex -9.81134 6.55573 0
    endloop
  endfacet
  facet normal 0 0 -1
    outer loop
      vertex -12.3057 8.22244 0
      vertex -9.81134 6.55573 0
      vertex -10.2191 5.9 0
    endloop
  endfacet
  facet normal 0 0 -1
    outer loop
      vertex -8.34386 8.34386 0
      vertex -10.4652 10.4652 0
      vertex -9.75832 11.1272 0
    endloop
  endfacet
  facet normal 0 0 -1
    outer loop
      vertex -12.8172 7.4 0
      vertex -10.2191 5.9 0
      vertex -10.5831 5.21901 0
    endloop
  endfacet
  facet normal 0 0 -1
    outer loop
      vertex -13.2737 6.54587 0
      vertex -10.5831 5.21901 0
      vertex -10.9018 4.51566 0
    endloop
  endfacet
  facet normal 0 0 -1
    outer loop
      vertex -8.87171 7.78028 0
      vertex -11.1272 9.75832 0
      vertex -10.4652 10.4652 0
    endloop
  endfacet
  facet normal 0 0 -1
    outer loop
      vertex -13.6734 5.66371 0
      vertex -10.9018 4.51566 0
      vertex -11.1738 3.79298 0
    endloop
  endfacet
  facet normal 0 0 -1
    outer loop
      vertex -14.0146 4.7573 0
      vertex -11.1738 3.79298 0
      vertex -11.3979 3.05406 0
    endloop
  endfacet
  facet normal 0 0 -1
    outer loop
      vertex -14.2957 3.83052 0
      vertex -11.3979 3.05406 0
      vertex -11.5733 2.30206 0
    endloop
  endfacet
  facet normal 0 0 -1
    outer loop
      vertex -14.5156 2.88734 0
      vertex -11.5733 2.30206 0
      vertex -11.699 1.54021 0
    endloop
  endfacet
  facet normal 0 0 -1
    outer loop
      vertex -9.36157 7.18338 0
      vertex -11.7416 9.00967 0
      vertex -11.1272 9.75832 0
    endloop
  endfacet
  facet normal 0 0 -1
    outer loop
      vertex -14.6734 1.93179 0
      vertex -11.699 1.54021 0
      vertex -11.7747 0.771756 0
    endloop
  endfacet
  facet normal 0 0 -1
    outer loop
      vertex -14.7683 0.967966 0
      vertex -11.7747 0.771756 0
      vertex -11.8 0 0
    endloop
  endfacet
  facet normal 0 0 -1
    outer loop
      vertex -14.2957 -3.83052 0
      vertex -11.3979 -3.05406 0
      vertex -14.0146 -4.7573 0
    endloop
  endfacet
  facet normal 0 0 -1
    outer loop
      vertex -9.81134 6.55573 0
      vertex -12.3057 8.22244 0
      vertex -11.7416 9.00967 0
    endloop
  endfacet
  facet normal -0 0 -1
    outer loop
      vertex -11.3979 -3.05406 0
      vertex -14.2957 -3.83052 0
      vertex -11.5733 -2.30206 0
    endloop
  endfacet
  facet normal 0 0 -1
    outer loop
      vertex -10.2191 5.9 0
      vertex -12.8172 7.4 0
      vertex -12.3057 8.22244 0
    endloop
  endfacet
  facet normal 0 0 -1
    outer loop
      vertex -14.5156 -2.88734 0
      vertex -11.5733 -2.30206 0
      vertex -14.2957 -3.83052 0
    endloop
  endfacet
  facet normal 0 0 -1
    outer loop
      vertex -10.5831 5.21901 0
      vertex -13.2737 6.54587 0
      vertex -12.8172 7.4 0
    endloop
  endfacet
  facet normal -0 0 -1
    outer loop
      vertex -11.5733 -2.30206 0
      vertex -14.5156 -2.88734 0
      vertex -11.699 -1.54021 0
    endloop
  endfacet
  facet normal 0 0 -1
    outer loop
      vertex -10.9018 4.51566 0
      vertex -13.6734 5.66371 0
      vertex -13.2737 6.54587 0
    endloop
  endfacet
  facet normal 0 0 -1
    outer loop
      vertex -14.6734 -1.93179 0
      vertex -11.699 -1.54021 0
      vertex -14.5156 -2.88734 0
    endloop
  endfacet
  facet normal 0 0 -1
    outer loop
      vertex -11.1738 3.79298 0
      vertex -14.0146 4.7573 0
      vertex -13.6734 5.66371 0
    endloop
  endfacet
  facet normal -0 0 -1
    outer loop
      vertex -11.699 -1.54021 0
      vertex -14.6734 -1.93179 0
      vertex -11.7747 -0.771756 0
    endloop
  endfacet
  facet normal 0 0 -1
    outer loop
      vertex -11.3979 3.05406 0
      vertex -14.2957 3.83052 0
      vertex -14.0146 4.7573 0
    endloop
  endfacet
  facet normal 0 0 -1
    outer loop
      vertex -14.7683 -0.967966 0
      vertex -11.7747 -0.771756 0
      vertex -14.6734 -1.93179 0
    endloop
  endfacet
  facet normal 0 0 -1
    outer loop
      vertex -11.5733 2.30206 0
      vertex -14.5156 2.88734 0
      vertex -14.2957 3.83052 0
    endloop
  endfacet
  facet normal -0 0 -1
    outer loop
      vertex -11.7747 -0.771756 0
      vertex -14.7683 -0.967966 0
      vertex -11.8 0 0
    endloop
  endfacet
  facet normal 0 0 -1
    outer loop
      vertex -11.699 1.54021 0
      vertex -14.6734 1.93179 0
      vertex -14.5156 2.88734 0
    endloop
  endfacet
  facet normal 0 0 -1
    outer loop
      vertex -14.8 0 0
      vertex -11.8 0 0
      vertex -14.7683 -0.967966 0
    endloop
  endfacet
  facet normal 0 0 -1
    outer loop
      vertex -11.7747 0.771756 0
      vertex -14.7683 0.967966 0
      vertex -14.6734 1.93179 0
    endloop
  endfacet
  facet normal 0 0 -1
    outer loop
      vertex -11.8 0 0
      vertex -14.8 0 0
      vertex -14.7683 0.967966 0
    endloop
  endfacet
  facet normal 0.910864 0.412706 0
    outer loop
      vertex 13.6734 5.66371 84
      vertex 13.2737 6.54587 0
      vertex 13.2737 6.54587 84
    endloop
  endfacet
  facet normal 0.910864 0.412706 0
    outer loop
      vertex 13.2737 6.54587 0
      vertex 13.6734 5.66371 84
      vertex 13.6734 5.66371 0
    endloop
  endfacet
  facet normal 0.0979881 -0.995188 0
    outer loop
      vertex 0.967966 -14.7683 0
      vertex 1.93179 -14.6734 84
      vertex 0.967966 -14.7683 84
    endloop
  endfacet
  facet normal 0.0979881 -0.995188 0
    outer loop
      vertex 1.93179 -14.6734 84
      vertex 0.967966 -14.7683 0
      vertex 1.93179 -14.6734 0
    endloop
  endfacet
  facet normal 0.849168 -0.528123 0
    outer loop
      vertex 12.3057 -8.22244 84
      vertex 12.8172 -7.4 0
      vertex 12.8172 -7.4 84
    endloop
  endfacet
  facet normal 0.849168 -0.528123 0
    outer loop
      vertex 12.8172 -7.4 0
      vertex 12.3057 -8.22244 84
      vertex 12.3057 -8.22244 0
    endloop
  endfacet
  facet normal -0.683556 0.729898 0
    outer loop
      vertex -9.75832 11.1272 84
      vertex -10.4652 10.4652 39.1107
      vertex -10.4652 10.4652 84
    endloop
  endfacet
  facet normal -0.683557 0.729897 2.36304e-08
    outer loop
      vertex -9.75832 11.1272 84
      vertex -9.93077 10.9657 38.9657
      vertex -10.4652 10.4652 39.1107
    endloop
  endfacet
  facet normal -0.683554 0.7299 0
    outer loop
      vertex -9.75832 11.1272 0
      vertex -9.93077 10.9657 38.9657
      vertex -9.75832 11.1272 84
    endloop
  endfacet
  facet normal -0.683554 0.7299 0
    outer loop
      vertex -9.93077 10.9657 38.9657
      vertex -9.75832 11.1272 0
      vertex -9.93077 10.9657 7.03429
    endloop
  endfacet
  facet normal -0.683557 0.729897 -1.50441e-07
    outer loop
      vertex -9.75832 11.1272 0
      vertex -10.4652 10.4652 6.88929
      vertex -9.93077 10.9657 7.03429
    endloop
  endfacet
  facet normal -0.683556 0.729898 0
    outer loop
      vertex -10.4652 10.4652 6.88929
      vertex -9.75832 11.1272 0
      vertex -10.4652 10.4652 0
    endloop
  endfacet
  facet normal 0.634393 -0.773011 0
    outer loop
      vertex 9.00967 -11.7416 0
      vertex 9.75832 -11.1272 84
      vertex 9.00967 -11.7416 84
    endloop
  endfacet
  facet normal 0.634393 -0.773011 0
    outer loop
      vertex 9.75832 -11.1272 84
      vertex 9.00967 -11.7416 0
      vertex 9.75832 -11.1272 0
    endloop
  endfacet
  facet normal 0.352297 -0.935888 0
    outer loop
      vertex 4.7573 -14.0146 0
      vertex 5.66371 -13.6734 84
      vertex 4.7573 -14.0146 84
    endloop
  endfacet
  facet normal 0.352297 -0.935888 0
    outer loop
      vertex 5.66371 -13.6734 84
      vertex 4.7573 -14.0146 0
      vertex 5.66371 -13.6734 0
    endloop
  endfacet
  facet normal -0.0327315 -0.999464 0
    outer loop
      vertex -0.967966 -14.7683 0
      vertex 0 -14.8 84
      vertex -0.967966 -14.7683 84
    endloop
  endfacet
  facet normal -0.0327315 -0.999464 -0
    outer loop
      vertex 0 -14.8 84
      vertex -0.967966 -14.7683 0
      vertex 0 -14.8 0
    endloop
  endfacet
  facet normal 0.995188 -0.0979881 0
    outer loop
      vertex 14.6734 -1.93179 84
      vertex 14.7683 -0.967966 0
      vertex 14.7683 -0.967966 84
    endloop
  endfacet
  facet normal 0.995188 -0.0979881 0
    outer loop
      vertex 14.7683 -0.967966 0
      vertex 14.6734 -1.93179 84
      vertex 14.6734 -1.93179 0
    endloop
  endfacet
  facet normal -0.227058 -0.973881 0
    outer loop
      vertex -3.83052 -14.2957 0
      vertex -2.88734 -14.5156 84
      vertex -3.83052 -14.2957 84
    endloop
  endfacet
  facet normal -0.227058 -0.973881 -0
    outer loop
      vertex -2.88734 -14.5156 84
      vertex -3.83052 -14.2957 0
      vertex -2.88734 -14.5156 0
    endloop
  endfacet
  facet normal 0.999464 -0.0327315 0
    outer loop
      vertex 14.7683 -0.967966 84
      vertex 14.8 0 0
      vertex 14.8 0 84
    endloop
  endfacet
  facet normal 0.999464 -0.0327315 0
    outer loop
      vertex 14.8 0 0
      vertex 14.7683 -0.967966 84
      vertex 14.7683 -0.967966 0
    endloop
  endfacet
  facet normal -0.999464 0.0327315 0
    outer loop
      vertex -14.8 0 0
      vertex -14.7683 0.967966 0.5
      vertex -14.7683 0.967966 0
    endloop
  endfacet
  facet normal -0.999464 0.0327315 0
    outer loop
      vertex -14.7683 0.967966 0.5
      vertex -14.8 0 0
      vertex -14.8 0 0.5
    endloop
  endfacet
  facet normal -0.999464 0.0327315 0
    outer loop
      vertex -14.8 0 45.5
      vertex -14.7683 0.967966 84
      vertex -14.7683 0.967966 45.5
    endloop
  endfacet
  facet normal -0.999464 0.0327315 0
    outer loop
      vertex -14.7683 0.967966 84
      vertex -14.8 0 45.5
      vertex -14.8 0 84
    endloop
  endfacet
  facet normal -0.986637 0.162934 0
    outer loop
      vertex -14.6734 1.93179 45.5
      vertex -14.5156 2.88734 84
      vertex -14.5156 2.88734 45.5
    endloop
  endfacet
  facet normal -0.986637 0.162934 0
    outer loop
      vertex -14.5156 2.88734 84
      vertex -14.6734 1.93179 45.5
      vertex -14.6734 1.93179 84
    endloop
  endfacet
  facet normal -0.986637 0.162934 0
    outer loop
      vertex -14.6734 1.93179 0
      vertex -14.5156 2.88734 0.5
      vertex -14.5156 2.88734 0
    endloop
  endfacet
  facet normal -0.986637 0.162934 0
    outer loop
      vertex -14.5156 2.88734 0.5
      vertex -14.6734 1.93179 0
      vertex -14.6734 1.93179 0.5
    endloop
  endfacet
  facet normal -0.973881 -0.227058 0
    outer loop
      vertex -14.2957 -3.83052 45.5
      vertex -14.5156 -2.88734 84
      vertex -14.5156 -2.88734 45.5
    endloop
  endfacet
  facet normal -0.973881 -0.227058 0
    outer loop
      vertex -14.5156 -2.88734 84
      vertex -14.2957 -3.83052 45.5
      vertex -14.2957 -3.83052 84
    endloop
  endfacet
  facet normal -0.973881 -0.227058 0
    outer loop
      vertex -14.2957 -3.83052 0
      vertex -14.5156 -2.88734 0.5
      vertex -14.5156 -2.88734 0
    endloop
  endfacet
  facet normal -0.973881 -0.227058 0
    outer loop
      vertex -14.5156 -2.88734 0.5
      vertex -14.2957 -3.83052 0
      vertex -14.2957 -3.83052 0.5
    endloop
  endfacet
  facet normal 0.910864 -0.412706 0
    outer loop
      vertex 13.2737 -6.54587 84
      vertex 13.6734 -5.66371 0
      vertex 13.6734 -5.66371 84
    endloop
  endfacet
  facet normal 0.910864 -0.412706 0
    outer loop
      vertex 13.6734 -5.66371 0
      vertex 13.2737 -6.54587 84
      vertex 13.2737 -6.54587 0
    endloop
  endfacet
  facet normal -0.227058 0.973881 0
    outer loop
      vertex -2.88734 14.5156 0
      vertex -3.83052 14.2957 84
      vertex -2.88734 14.5156 84
    endloop
  endfacet
  facet normal -0.227058 0.973881 0
    outer loop
      vertex -3.83052 14.2957 84
      vertex -2.88734 14.5156 0
      vertex -3.83052 14.2957 0
    endloop
  endfacet
  facet normal 0.935888 -0.352297 0
    outer loop
      vertex 13.6734 -5.66371 84
      vertex 14.0146 -4.7573 0
      vertex 14.0146 -4.7573 84
    endloop
  endfacet
  facet normal 0.935888 -0.352297 0
    outer loop
      vertex 14.0146 -4.7573 0
      vertex 13.6734 -5.66371 84
      vertex 13.6734 -5.66371 0
    endloop
  endfacet
  facet normal -0.812857 -0.582463 0
    outer loop
      vertex -11.7416 -9.00967 0
      vertex -12.3057 -8.22244 0.5
      vertex -12.3057 -8.22244 0
    endloop
  endfacet
  facet normal -0.812857 -0.582463 0
    outer loop
      vertex -12.3057 -8.22244 0.5
      vertex -11.7416 -9.00967 0
      vertex -11.7416 -9.00967 0.5
    endloop
  endfacet
  facet normal -0.812857 -0.582463 0
    outer loop
      vertex -11.7416 -9.00967 45.5
      vertex -12.3057 -8.22244 84
      vertex -12.3057 -8.22244 45.5
    endloop
  endfacet
  facet normal -0.812857 -0.582463 0
    outer loop
      vertex -12.3057 -8.22244 84
      vertex -11.7416 -9.00967 45.5
      vertex -11.7416 -9.00967 84
    endloop
  endfacet
  facet normal -0.0327315 0.999464 0
    outer loop
      vertex 0 14.8 0
      vertex -0.967966 14.7683 84
      vertex 0 14.8 84
    endloop
  endfacet
  facet normal -0.0327315 0.999464 0
    outer loop
      vertex -0.967966 14.7683 84
      vertex 0 14.8 0
      vertex -0.967966 14.7683 0
    endloop
  endfacet
  facet normal -0.412706 -0.910864 0
    outer loop
      vertex -6.54587 -13.2737 0
      vertex -5.66371 -13.6734 84
      vertex -6.54587 -13.2737 84
    endloop
  endfacet
  facet normal -0.412706 -0.910864 -0
    outer loop
      vertex -5.66371 -13.6734 84
      vertex -6.54587 -13.2737 0
      vertex -5.66371 -13.6734 0
    endloop
  endfacet
  facet normal 0.528123 0.849168 -0
    outer loop
      vertex 8.22244 12.3057 0
      vertex 7.4 12.8172 84
      vertex 8.22244 12.3057 84
    endloop
  endfacet
  facet normal 0.528123 0.849168 0
    outer loop
      vertex 7.4 12.8172 84
      vertex 8.22244 12.3057 0
      vertex 7.4 12.8172 0
    endloop
  endfacet
  facet normal -0.290251 0.956951 0
    outer loop
      vertex -3.83052 14.2957 0
      vertex -4.7573 14.0146 84
      vertex -3.83052 14.2957 84
    endloop
  endfacet
  facet normal -0.290251 0.956951 0
    outer loop
      vertex -4.7573 14.0146 84
      vertex -3.83052 14.2957 0
      vertex -4.7573 14.0146 0
    endloop
  endfacet
  facet normal -0.683556 -0.729898 0
    outer loop
      vertex -10.4652 -10.4652 39.1107
      vertex -9.75832 -11.1272 84
      vertex -10.4652 -10.4652 84
    endloop
  endfacet
  facet normal -0.683557 -0.729897 2.36304e-08
    outer loop
      vertex -9.93077 -10.9657 38.9657
      vertex -9.75832 -11.1272 84
      vertex -10.4652 -10.4652 39.1107
    endloop
  endfacet
  facet normal -0.683554 -0.7299 0
    outer loop
      vertex -9.75832 -11.1272 0
      vertex -9.93077 -10.9657 38.9657
      vertex -9.93077 -10.9657 7.03429
    endloop
  endfacet
  facet normal -0.683556 -0.729898 0
    outer loop
      vertex -9.75832 -11.1272 0
      vertex -10.4652 -10.4652 6.88929
      vertex -10.4652 -10.4652 0
    endloop
  endfacet
  facet normal -0.683554 -0.7299 0
    outer loop
      vertex -9.93077 -10.9657 38.9657
      vertex -9.75832 -11.1272 0
      vertex -9.75832 -11.1272 84
    endloop
  endfacet
  facet normal -0.683557 -0.729897 -1.50441e-07
    outer loop
      vertex -10.4652 -10.4652 6.88929
      vertex -9.75832 -11.1272 0
      vertex -9.93077 -10.9657 7.03429
    endloop
  endfacet
  facet normal -0.973881 0.227058 0
    outer loop
      vertex -14.5156 2.88734 0
      vertex -14.2957 3.83052 0.5
      vertex -14.2957 3.83052 0
    endloop
  endfacet
  facet normal -0.973881 0.227058 0
    outer loop
      vertex -14.2957 3.83052 0.5
      vertex -14.5156 2.88734 0
      vertex -14.5156 2.88734 0.5
    endloop
  endfacet
  facet normal -0.973881 0.227058 0
    outer loop
      vertex -14.5156 2.88734 45.5
      vertex -14.2957 3.83052 84
      vertex -14.2957 3.83052 45.5
    endloop
  endfacet
  facet normal -0.973881 0.227058 0
    outer loop
      vertex -14.2957 3.83052 84
      vertex -14.5156 2.88734 45.5
      vertex -14.5156 2.88734 84
    endloop
  endfacet
  facet normal 0.528123 -0.849168 0
    outer loop
      vertex 7.4 -12.8172 0
      vertex 8.22244 -12.3057 84
      vertex 7.4 -12.8172 84
    endloop
  endfacet
  facet normal 0.528123 -0.849168 0
    outer loop
      vertex 8.22244 -12.3057 84
      vertex 7.4 -12.8172 0
      vertex 8.22244 -12.3057 0
    endloop
  endfacet
  facet normal -0.881939 -0.471363 0
    outer loop
      vertex -12.8172 -7.4 45.5
      vertex -13.2737 -6.54587 84
      vertex -13.2737 -6.54587 45.5
    endloop
  endfacet
  facet normal -0.881939 -0.471363 0
    outer loop
      vertex -13.2737 -6.54587 84
      vertex -12.8172 -7.4 45.5
      vertex -12.8172 -7.4 84
    endloop
  endfacet
  facet normal -0.881939 -0.471363 0
    outer loop
      vertex -12.8172 -7.4 0
      vertex -13.2737 -6.54587 0.5
      vertex -13.2737 -6.54587 0
    endloop
  endfacet
  facet normal -0.881939 -0.471363 0
    outer loop
      vertex -13.2737 -6.54587 0.5
      vertex -12.8172 -7.4 0
      vertex -12.8172 -7.4 0.5
    endloop
  endfacet
  facet normal 0.227058 0.973881 -0
    outer loop
      vertex 3.83052 14.2957 0
      vertex 2.88734 14.5156 84
      vertex 3.83052 14.2957 84
    endloop
  endfacet
  facet normal 0.227058 0.973881 0
    outer loop
      vertex 2.88734 14.5156 84
      vertex 3.83052 14.2957 0
      vertex 2.88734 14.5156 0
    endloop
  endfacet
  facet normal -0.352297 0.935888 0
    outer loop
      vertex -4.7573 14.0146 0
      vertex -5.66371 13.6734 84
      vertex -4.7573 14.0146 84
    endloop
  endfacet
  facet normal -0.352297 0.935888 0
    outer loop
      vertex -5.66371 13.6734 84
      vertex -4.7573 14.0146 0
      vertex -5.66371 13.6734 0
    endloop
  endfacet
  facet normal 0.881939 -0.471363 0
    outer loop
      vertex 12.8172 -7.4 84
      vertex 13.2737 -6.54587 0
      vertex 13.2737 -6.54587 84
    endloop
  endfacet
  facet normal 0.881939 -0.471363 0
    outer loop
      vertex 13.2737 -6.54587 0
      vertex 12.8172 -7.4 84
      vertex 12.8172 -7.4 0
    endloop
  endfacet
  facet normal -0.471363 0.881939 0
    outer loop
      vertex -6.54587 13.2737 0
      vertex -7.4 12.8172 84
      vertex -6.54587 13.2737 84
    endloop
  endfacet
  facet normal -0.471363 0.881939 0
    outer loop
      vertex -7.4 12.8172 84
      vertex -6.54587 13.2737 0
      vertex -7.4 12.8172 0
    endloop
  endfacet
  facet normal -0.849168 -0.528123 0
    outer loop
      vertex -12.3057 -8.22244 0
      vertex -12.8172 -7.4 0.5
      vertex -12.8172 -7.4 0
    endloop
  endfacet
  facet normal -0.849168 -0.528123 0
    outer loop
      vertex -12.8172 -7.4 0.5
      vertex -12.3057 -8.22244 0
      vertex -12.3057 -8.22244 0.5
    endloop
  endfacet
  facet normal -0.849168 -0.528123 0
    outer loop
      vertex -12.3057 -8.22244 45.5
      vertex -12.8172 -7.4 84
      vertex -12.8172 -7.4 45.5
    endloop
  endfacet
  facet normal -0.849168 -0.528123 0
    outer loop
      vertex -12.8172 -7.4 84
      vertex -12.3057 -8.22244 45.5
      vertex -12.3057 -8.22244 84
    endloop
  endfacet
  facet normal 0.849168 0.528123 0
    outer loop
      vertex 12.8172 7.4 84
      vertex 12.3057 8.22244 0
      vertex 12.3057 8.22244 84
    endloop
  endfacet
  facet normal 0.849168 0.528123 0
    outer loop
      vertex 12.3057 8.22244 0
      vertex 12.8172 7.4 84
      vertex 12.8172 7.4 0
    endloop
  endfacet
  facet normal 0.812857 0.582463 0
    outer loop
      vertex 12.3057 8.22244 84
      vertex 11.7416 9.00967 0
      vertex 11.7416 9.00967 84
    endloop
  endfacet
  facet normal 0.812857 0.582463 0
    outer loop
      vertex 11.7416 9.00967 0
      vertex 12.3057 8.22244 84
      vertex 12.3057 8.22244 0
    endloop
  endfacet
  facet normal -0.7299 0.683554 0
    outer loop
      vertex -10.4652 10.4652 0
      vertex -10.8 10.1077 0.5
      vertex -10.4652 10.4652 6.88929
    endloop
  endfacet
  facet normal -0.729898 0.683556 3.25464e-06
    outer loop
      vertex -11.1272 9.75832 0
      vertex -10.8 10.1077 0.5
      vertex -10.4652 10.4652 0
    endloop
  endfacet
  facet normal -0.729895 0.683559 0
    outer loop
      vertex -10.8 10.1077 0.5
      vertex -11.1272 9.75832 0
      vertex -11.1272 9.75832 0.5
    endloop
  endfacet
  facet normal -0.7299 0.683554 0
    outer loop
      vertex -10.4652 10.4652 6.88929
      vertex -10.8 10.1077 0.5
      vertex -10.8 10.1077 6.79845
    endloop
  endfacet
  facet normal -0.7299 0.683554 0
    outer loop
      vertex -10.8 10.1077 45.5
      vertex -10.4652 10.4652 39.1107
      vertex -10.8 10.1077 39.2015
    endloop
  endfacet
  facet normal -0.7299 0.683554 0
    outer loop
      vertex -10.4652 10.4652 39.1107
      vertex -10.8 10.1077 45.5
      vertex -10.4652 10.4652 84
    endloop
  endfacet
  facet normal -0.729895 0.683559 -8.55181e-08
    outer loop
      vertex -11.1272 9.75832 45.5
      vertex -10.4652 10.4652 84
      vertex -10.8 10.1077 45.5
    endloop
  endfacet
  facet normal -0.729898 0.683556 0
    outer loop
      vertex -10.4652 10.4652 84
      vertex -11.1272 9.75832 45.5
      vertex -11.1272 9.75832 84
    endloop
  endfacet
  facet normal 0.471363 -0.881939 0
    outer loop
      vertex 6.54587 -13.2737 0
      vertex 7.4 -12.8172 84
      vertex 6.54587 -13.2737 84
    endloop
  endfacet
  facet normal 0.471363 -0.881939 0
    outer loop
      vertex 7.4 -12.8172 84
      vertex 6.54587 -13.2737 0
      vertex 7.4 -12.8172 0
    endloop
  endfacet
  facet normal 0.935888 0.352297 0
    outer loop
      vertex 14.0146 4.7573 84
      vertex 13.6734 5.66371 0
      vertex 13.6734 5.66371 84
    endloop
  endfacet
  facet normal 0.935888 0.352297 0
    outer loop
      vertex 13.6734 5.66371 0
      vertex 14.0146 4.7573 84
      vertex 14.0146 4.7573 0
    endloop
  endfacet
  facet normal 0.956951 0.290251 0
    outer loop
      vertex 14.2957 3.83052 84
      vertex 14.0146 4.7573 0
      vertex 14.0146 4.7573 84
    endloop
  endfacet
  facet normal 0.956951 0.290251 0
    outer loop
      vertex 14.0146 4.7573 0
      vertex 14.2957 3.83052 84
      vertex 14.2957 3.83052 0
    endloop
  endfacet
  facet normal 0.881939 0.471363 0
    outer loop
      vertex 13.2737 6.54587 84
      vertex 12.8172 7.4 0
      vertex 12.8172 7.4 84
    endloop
  endfacet
  facet normal 0.881939 0.471363 0
    outer loop
      vertex 12.8172 7.4 0
      vertex 13.2737 6.54587 84
      vertex 13.2737 6.54587 0
    endloop
  endfacet
  facet normal 0.412706 -0.910864 0
    outer loop
      vertex 5.66371 -13.6734 0
      vertex 6.54587 -13.2737 84
      vertex 5.66371 -13.6734 84
    endloop
  endfacet
  facet normal 0.412706 -0.910864 0
    outer loop
      vertex 6.54587 -13.2737 84
      vertex 5.66371 -13.6734 0
      vertex 6.54587 -13.2737 0
    endloop
  endfacet
  facet normal 0.729898 0.683556 0
    outer loop
      vertex 11.1272 9.75832 84
      vertex 10.4652 10.4652 0
      vertex 10.4652 10.4652 84
    endloop
  endfacet
  facet normal 0.729898 0.683556 0
    outer loop
      vertex 10.4652 10.4652 0
      vertex 11.1272 9.75832 84
      vertex 11.1272 9.75832 0
    endloop
  endfacet
  facet normal -0.986637 -0.162934 0
    outer loop
      vertex -14.5156 -2.88734 45.5
      vertex -14.6734 -1.93179 84
      vertex -14.6734 -1.93179 45.5
    endloop
  endfacet
  facet normal -0.986637 -0.162934 0
    outer loop
      vertex -14.6734 -1.93179 84
      vertex -14.5156 -2.88734 45.5
      vertex -14.5156 -2.88734 84
    endloop
  endfacet
  facet normal -0.986637 -0.162934 0
    outer loop
      vertex -14.5156 -2.88734 0
      vertex -14.6734 -1.93179 0.5
      vertex -14.6734 -1.93179 0
    endloop
  endfacet
  facet normal -0.986637 -0.162934 0
    outer loop
      vertex -14.6734 -1.93179 0.5
      vertex -14.5156 -2.88734 0
      vertex -14.5156 -2.88734 0.5
    endloop
  endfacet
  facet normal 0.471363 0.881939 -0
    outer loop
      vertex 7.4 12.8172 0
      vertex 6.54587 13.2737 84
      vertex 7.4 12.8172 84
    endloop
  endfacet
  facet normal 0.471363 0.881939 0
    outer loop
      vertex 6.54587 13.2737 84
      vertex 7.4 12.8172 0
      vertex 6.54587 13.2737 0
    endloop
  endfacet
  facet normal 0.582463 0.812857 -0
    outer loop
      vertex 9.00967 11.7416 0
      vertex 8.22244 12.3057 84
      vertex 9.00967 11.7416 84
    endloop
  endfacet
  facet normal 0.582463 0.812857 0
    outer loop
      vertex 8.22244 12.3057 84
      vertex 9.00967 11.7416 0
      vertex 8.22244 12.3057 0
    endloop
  endfacet
  facet normal 0.162934 -0.986637 0
    outer loop
      vertex 1.93179 -14.6734 0
      vertex 2.88734 -14.5156 84
      vertex 1.93179 -14.6734 84
    endloop
  endfacet
  facet normal 0.162934 -0.986637 0
    outer loop
      vertex 2.88734 -14.5156 84
      vertex 1.93179 -14.6734 0
      vertex 2.88734 -14.5156 0
    endloop
  endfacet
  facet normal 0.986637 -0.162934 0
    outer loop
      vertex 14.5156 -2.88734 84
      vertex 14.6734 -1.93179 0
      vertex 14.6734 -1.93179 84
    endloop
  endfacet
  facet normal 0.986637 -0.162934 0
    outer loop
      vertex 14.6734 -1.93179 0
      vertex 14.5156 -2.88734 84
      vertex 14.5156 -2.88734 0
    endloop
  endfacet
  facet normal 0.683556 -0.729898 0
    outer loop
      vertex 9.75832 -11.1272 0
      vertex 10.4652 -10.4652 84
      vertex 9.75832 -11.1272 84
    endloop
  endfacet
  facet normal 0.683556 -0.729898 0
    outer loop
      vertex 10.4652 -10.4652 84
      vertex 9.75832 -11.1272 0
      vertex 10.4652 -10.4652 0
    endloop
  endfacet
  facet normal 0.290251 0.956951 -0
    outer loop
      vertex 4.7573 14.0146 0
      vertex 3.83052 14.2957 84
      vertex 4.7573 14.0146 84
    endloop
  endfacet
  facet normal 0.290251 0.956951 0
    outer loop
      vertex 3.83052 14.2957 84
      vertex 4.7573 14.0146 0
      vertex 3.83052 14.2957 0
    endloop
  endfacet
  facet normal 0.582463 -0.812857 0
    outer loop
      vertex 8.22244 -12.3057 0
      vertex 9.00967 -11.7416 84
      vertex 8.22244 -12.3057 84
    endloop
  endfacet
  facet normal 0.582463 -0.812857 0
    outer loop
      vertex 9.00967 -11.7416 84
      vertex 8.22244 -12.3057 0
      vertex 9.00967 -11.7416 0
    endloop
  endfacet
  facet normal -0.582463 -0.812857 0
    outer loop
      vertex -9.00967 -11.7416 0
      vertex -8.22244 -12.3057 84
      vertex -9.00967 -11.7416 84
    endloop
  endfacet
  facet normal -0.582463 -0.812857 -0
    outer loop
      vertex -8.22244 -12.3057 84
      vertex -9.00967 -11.7416 0
      vertex -8.22244 -12.3057 0
    endloop
  endfacet
  facet normal -0.634393 -0.773011 0
    outer loop
      vertex -9.75832 -11.1272 0
      vertex -9.00967 -11.7416 84
      vertex -9.75832 -11.1272 84
    endloop
  endfacet
  facet normal -0.634393 -0.773011 -0
    outer loop
      vertex -9.00967 -11.7416 84
      vertex -9.75832 -11.1272 0
      vertex -9.00967 -11.7416 0
    endloop
  endfacet
  facet normal 0.0979881 0.995188 -0
    outer loop
      vertex 1.93179 14.6734 0
      vertex 0.967966 14.7683 84
      vertex 1.93179 14.6734 84
    endloop
  endfacet
  facet normal 0.0979881 0.995188 0
    outer loop
      vertex 0.967966 14.7683 84
      vertex 1.93179 14.6734 0
      vertex 0.967966 14.7683 0
    endloop
  endfacet
  facet normal 0.773011 0.634393 0
    outer loop
      vertex 11.7416 9.00967 84
      vertex 11.1272 9.75832 0
      vertex 11.1272 9.75832 84
    endloop
  endfacet
  facet normal 0.773011 0.634393 0
    outer loop
      vertex 11.1272 9.75832 0
      vertex 11.7416 9.00967 84
      vertex 11.7416 9.00967 0
    endloop
  endfacet
  facet normal 0.729898 -0.683556 0
    outer loop
      vertex 10.4652 -10.4652 84
      vertex 11.1272 -9.75832 0
      vertex 11.1272 -9.75832 84
    endloop
  endfacet
  facet normal 0.729898 -0.683556 0
    outer loop
      vertex 11.1272 -9.75832 0
      vertex 10.4652 -10.4652 84
      vertex 10.4652 -10.4652 0
    endloop
  endfacet
  facet normal -0.412706 0.910864 0
    outer loop
      vertex -5.66371 13.6734 0
      vertex -6.54587 13.2737 84
      vertex -5.66371 13.6734 84
    endloop
  endfacet
  facet normal -0.412706 0.910864 0
    outer loop
      vertex -6.54587 13.2737 84
      vertex -5.66371 13.6734 0
      vertex -6.54587 13.2737 0
    endloop
  endfacet
  facet normal 0.956951 -0.290251 0
    outer loop
      vertex 14.0146 -4.7573 84
      vertex 14.2957 -3.83052 0
      vertex 14.2957 -3.83052 84
    endloop
  endfacet
  facet normal 0.956951 -0.290251 0
    outer loop
      vertex 14.2957 -3.83052 0
      vertex 14.0146 -4.7573 84
      vertex 14.0146 -4.7573 0
    endloop
  endfacet
  facet normal 0.290251 -0.956951 0
    outer loop
      vertex 3.83052 -14.2957 0
      vertex 4.7573 -14.0146 84
      vertex 3.83052 -14.2957 84
    endloop
  endfacet
  facet normal 0.290251 -0.956951 0
    outer loop
      vertex 4.7573 -14.0146 84
      vertex 3.83052 -14.2957 0
      vertex 4.7573 -14.0146 0
    endloop
  endfacet
  facet normal -0.290251 -0.956951 0
    outer loop
      vertex -4.7573 -14.0146 0
      vertex -3.83052 -14.2957 84
      vertex -4.7573 -14.0146 84
    endloop
  endfacet
  facet normal -0.290251 -0.956951 -0
    outer loop
      vertex -3.83052 -14.2957 84
      vertex -4.7573 -14.0146 0
      vertex -3.83052 -14.2957 0
    endloop
  endfacet
  facet normal 0.973881 -0.227058 0
    outer loop
      vertex 14.2957 -3.83052 84
      vertex 14.5156 -2.88734 0
      vertex 14.5156 -2.88734 84
    endloop
  endfacet
  facet normal 0.973881 -0.227058 0
    outer loop
      vertex 14.5156 -2.88734 0
      vertex 14.2957 -3.83052 84
      vertex 14.2957 -3.83052 0
    endloop
  endfacet
  facet normal 0.0327315 0.999464 -0
    outer loop
      vertex 0.967966 14.7683 0
      vertex 0 14.8 84
      vertex 0.967966 14.7683 84
    endloop
  endfacet
  facet normal 0.0327315 0.999464 0
    outer loop
      vertex 0 14.8 84
      vertex 0.967966 14.7683 0
      vertex 0 14.8 0
    endloop
  endfacet
  facet normal -0.910864 -0.412706 0
    outer loop
      vertex -13.2737 -6.54587 45.5
      vertex -13.6734 -5.66371 84
      vertex -13.6734 -5.66371 45.5
    endloop
  endfacet
  facet normal -0.910864 -0.412706 0
    outer loop
      vertex -13.6734 -5.66371 84
      vertex -13.2737 -6.54587 45.5
      vertex -13.2737 -6.54587 84
    endloop
  endfacet
  facet normal -0.910864 -0.412706 0
    outer loop
      vertex -13.2737 -6.54587 0
      vertex -13.6734 -5.66371 0.5
      vertex -13.6734 -5.66371 0
    endloop
  endfacet
  facet normal -0.910864 -0.412706 0
    outer loop
      vertex -13.6734 -5.66371 0.5
      vertex -13.2737 -6.54587 0
      vertex -13.2737 -6.54587 0.5
    endloop
  endfacet
  facet normal -0.995188 -0.0979881 0
    outer loop
      vertex -14.6734 -1.93179 0
      vertex -14.7683 -0.967966 0.5
      vertex -14.7683 -0.967966 0
    endloop
  endfacet
  facet normal -0.995188 -0.0979881 0
    outer loop
      vertex -14.7683 -0.967966 0.5
      vertex -14.6734 -1.93179 0
      vertex -14.6734 -1.93179 0.5
    endloop
  endfacet
  facet normal -0.995188 -0.0979881 0
    outer loop
      vertex -14.6734 -1.93179 45.5
      vertex -14.7683 -0.967966 84
      vertex -14.7683 -0.967966 45.5
    endloop
  endfacet
  facet normal -0.995188 -0.0979881 0
    outer loop
      vertex -14.7683 -0.967966 84
      vertex -14.6734 -1.93179 45.5
      vertex -14.6734 -1.93179 84
    endloop
  endfacet
  facet normal 0 0 1
    outer loop
      vertex 11.8 0 84
      vertex 14.8 0 84
      vertex 14.7683 0.967966 84
    endloop
  endfacet
  facet normal 0 0 1
    outer loop
      vertex 11.7747 0.771756 84
      vertex 14.7683 0.967966 84
      vertex 14.6734 1.93179 84
    endloop
  endfacet
  facet normal 0 0 1
    outer loop
      vertex 14.8 0 84
      vertex 11.8 0 84
      vertex 14.7683 -0.967966 84
    endloop
  endfacet
  facet normal 0 0 1
    outer loop
      vertex 11.699 1.54021 84
      vertex 14.6734 1.93179 84
      vertex 14.5156 2.88734 84
    endloop
  endfacet
  facet normal -0 0 1
    outer loop
      vertex 11.7747 -0.771756 84
      vertex 14.7683 -0.967966 84
      vertex 11.8 0 84
    endloop
  endfacet
  facet normal 0 0 1
    outer loop
      vertex 11.5733 2.30206 84
      vertex 14.5156 2.88734 84
      vertex 14.2957 3.83052 84
    endloop
  endfacet
  facet normal 0 0 1
    outer loop
      vertex 14.7683 -0.967966 84
      vertex 11.7747 -0.771756 84
      vertex 14.6734 -1.93179 84
    endloop
  endfacet
  facet normal 0 0 1
    outer loop
      vertex 11.3979 3.05406 84
      vertex 14.2957 3.83052 84
      vertex 14.0146 4.7573 84
    endloop
  endfacet
  facet normal -0 0 1
    outer loop
      vertex 11.699 -1.54021 84
      vertex 14.6734 -1.93179 84
      vertex 11.7747 -0.771756 84
    endloop
  endfacet
  facet normal 0 0 1
    outer loop
      vertex 11.1738 3.79298 84
      vertex 14.0146 4.7573 84
      vertex 13.6734 5.66371 84
    endloop
  endfacet
  facet normal 0 0 1
    outer loop
      vertex 14.6734 -1.93179 84
      vertex 11.699 -1.54021 84
      vertex 14.5156 -2.88734 84
    endloop
  endfacet
  facet normal 0 0 1
    outer loop
      vertex 10.9018 4.51566 84
      vertex 13.6734 5.66371 84
      vertex 13.2737 6.54587 84
    endloop
  endfacet
  facet normal -0 0 1
    outer loop
      vertex 11.5733 -2.30206 84
      vertex 14.5156 -2.88734 84
      vertex 11.699 -1.54021 84
    endloop
  endfacet
  facet normal 0 0 1
    outer loop
      vertex 10.5831 5.21901 84
      vertex 13.2737 6.54587 84
      vertex 12.8172 7.4 84
    endloop
  endfacet
  facet normal 0 0 1
    outer loop
      vertex 14.5156 -2.88734 84
      vertex 11.5733 -2.30206 84
      vertex 14.2957 -3.83052 84
    endloop
  endfacet
  facet normal 0 0 1
    outer loop
      vertex 10.2191 5.9 84
      vertex 12.8172 7.4 84
      vertex 12.3057 8.22244 84
    endloop
  endfacet
  facet normal -0 0 1
    outer loop
      vertex 11.3979 -3.05406 84
      vertex 14.2957 -3.83052 84
      vertex 11.5733 -2.30206 84
    endloop
  endfacet
  facet normal 0 0 1
    outer loop
      vertex 14.2957 -3.83052 84
      vertex 11.3979 -3.05406 84
      vertex 14.0146 -4.7573 84
    endloop
  endfacet
  facet normal 0 0 1
    outer loop
      vertex 14.7683 0.967966 84
      vertex 11.7747 0.771756 84
      vertex 11.8 0 84
    endloop
  endfacet
  facet normal 0 0 1
    outer loop
      vertex 9.81134 6.55573 84
      vertex 12.3057 8.22244 84
      vertex 11.7416 9.00967 84
    endloop
  endfacet
  facet normal 0 0 1
    outer loop
      vertex 14.6734 1.93179 84
      vertex 11.699 1.54021 84
      vertex 11.7747 0.771756 84
    endloop
  endfacet
  facet normal 0 0 1
    outer loop
      vertex 14.5156 2.88734 84
      vertex 11.5733 2.30206 84
      vertex 11.699 1.54021 84
    endloop
  endfacet
  facet normal 0 0 1
    outer loop
      vertex 14.2957 3.83052 84
      vertex 11.3979 3.05406 84
      vertex 11.5733 2.30206 84
    endloop
  endfacet
  facet normal 0 0 1
    outer loop
      vertex 14.0146 4.7573 84
      vertex 11.1738 3.79298 84
      vertex 11.3979 3.05406 84
    endloop
  endfacet
  facet normal 0 0 1
    outer loop
      vertex 9.36157 7.18338 84
      vertex 11.7416 9.00967 84
      vertex 11.1272 9.75832 84
    endloop
  endfacet
  facet normal 0 0 1
    outer loop
      vertex 13.6734 5.66371 84
      vertex 10.9018 4.51566 84
      vertex 11.1738 3.79298 84
    endloop
  endfacet
  facet normal 0 0 1
    outer loop
      vertex 13.2737 6.54587 84
      vertex 10.5831 5.21901 84
      vertex 10.9018 4.51566 84
    endloop
  endfacet
  facet normal 0 0 1
    outer loop
      vertex 8.87171 7.78028 84
      vertex 11.1272 9.75832 84
      vertex 10.4652 10.4652 84
    endloop
  endfacet
  facet normal 0 0 1
    outer loop
      vertex 12.8172 7.4 84
      vertex 10.2191 5.9 84
      vertex 10.5831 5.21901 84
    endloop
  endfacet
  facet normal 0 0 1
    outer loop
      vertex 12.3057 8.22244 84
      vertex 9.81134 6.55573 84
      vertex 10.2191 5.9 84
    endloop
  endfacet
  facet normal 0 0 1
    outer loop
      vertex 8.34386 8.34386 84
      vertex 10.4652 10.4652 84
      vertex 9.75832 11.1272 84
    endloop
  endfacet
  facet normal 0 0 1
    outer loop
      vertex 11.7416 9.00967 84
      vertex 9.36157 7.18338 84
      vertex 9.81134 6.55573 84
    endloop
  endfacet
  facet normal 0 0 1
    outer loop
      vertex 7.78028 8.87171 84
      vertex 9.75832 11.1272 84
      vertex 9.00967 11.7416 84
    endloop
  endfacet
  facet normal 0 0 1
    outer loop
      vertex 11.1272 9.75832 84
      vertex 8.87171 7.78028 84
      vertex 9.36157 7.18338 84
    endloop
  endfacet
  facet normal 0 0 1
    outer loop
      vertex 10.4652 10.4652 84
      vertex 8.34386 8.34386 84
      vertex 8.87171 7.78028 84
    endloop
  endfacet
  facet normal 0 0 1
    outer loop
      vertex 7.18338 9.36157 84
      vertex 9.00967 11.7416 84
      vertex 8.22244 12.3057 84
    endloop
  endfacet
  facet normal 0 0 1
    outer loop
      vertex 9.75832 11.1272 84
      vertex 7.78028 8.87171 84
      vertex 8.34386 8.34386 84
    endloop
  endfacet
  facet normal 0 0 1
    outer loop
      vertex 6.55573 9.81134 84
      vertex 8.22244 12.3057 84
      vertex 7.4 12.8172 84
    endloop
  endfacet
  facet normal 0 0 1
    outer loop
      vertex 9.00967 11.7416 84
      vertex 7.18338 9.36157 84
      vertex 7.78028 8.87171 84
    endloop
  endfacet
  facet normal 0 0 1
    outer loop
      vertex 8.22244 12.3057 84
      vertex 6.55573 9.81134 84
      vertex 7.18338 9.36157 84
    endloop
  endfacet
  facet normal 0 0 1
    outer loop
      vertex 5.9 10.2191 84
      vertex 7.4 12.8172 84
      vertex 6.54587 13.2737 84
    endloop
  endfacet
  facet normal 0 0 1
    outer loop
      vertex 7.4 12.8172 84
      vertex 5.9 10.2191 84
      vertex 6.55573 9.81134 84
    endloop
  endfacet
  facet normal 0 0 1
    outer loop
      vertex 5.21901 10.5831 84
      vertex 6.54587 13.2737 84
      vertex 5.66371 13.6734 84
    endloop
  endfacet
  facet normal 0 0 1
    outer loop
      vertex 6.54587 13.2737 84
      vertex 5.21901 10.5831 84
      vertex 5.9 10.2191 84
    endloop
  endfacet
  facet normal 0 0 1
    outer loop
      vertex 4.51566 10.9018 84
      vertex 5.66371 13.6734 84
      vertex 4.7573 14.0146 84
    endloop
  endfacet
  facet normal 0 0 1
    outer loop
      vertex 5.66371 13.6734 84
      vertex 4.51566 10.9018 84
      vertex 5.21901 10.5831 84
    endloop
  endfacet
  facet normal 0 0 1
    outer loop
      vertex 3.79298 11.1738 84
      vertex 4.7573 14.0146 84
      vertex 3.83052 14.2957 84
    endloop
  endfacet
  facet normal 0 0 1
    outer loop
      vertex 4.7573 14.0146 84
      vertex 3.79298 11.1738 84
      vertex 4.51566 10.9018 84
    endloop
  endfacet
  facet normal 0 0 1
    outer loop
      vertex 3.83052 14.2957 84
      vertex 3.05406 11.3979 84
      vertex 3.79298 11.1738 84
    endloop
  endfacet
  facet normal 0 0 1
    outer loop
      vertex 2.88734 14.5156 84
      vertex 3.05406 11.3979 84
      vertex 3.83052 14.2957 84
    endloop
  endfacet
  facet normal 0 0 1
    outer loop
      vertex 2.88734 14.5156 84
      vertex 2.30206 11.5733 84
      vertex 3.05406 11.3979 84
    endloop
  endfacet
  facet normal 0 0 1
    outer loop
      vertex 1.93179 14.6734 84
      vertex 2.30206 11.5733 84
      vertex 2.88734 14.5156 84
    endloop
  endfacet
  facet normal 0 0 1
    outer loop
      vertex 1.93179 14.6734 84
      vertex 1.54021 11.699 84
      vertex 2.30206 11.5733 84
    endloop
  endfacet
  facet normal 0 0 1
    outer loop
      vertex 0.967966 14.7683 84
      vertex 1.54021 11.699 84
      vertex 1.93179 14.6734 84
    endloop
  endfacet
  facet normal 0 0 1
    outer loop
      vertex 0.967966 14.7683 84
      vertex 0.771756 11.7747 84
      vertex 1.54021 11.699 84
    endloop
  endfacet
  facet normal 0 0 1
    outer loop
      vertex 0 14.8 84
      vertex 0.771756 11.7747 84
      vertex 0.967966 14.7683 84
    endloop
  endfacet
  facet normal 0 0 1
    outer loop
      vertex 0 14.8 84
      vertex 0 11.8 84
      vertex 0.771756 11.7747 84
    endloop
  endfacet
  facet normal 0 0 1
    outer loop
      vertex 0 14.8 84
      vertex -0.771756 11.7747 84
      vertex 0 11.8 84
    endloop
  endfacet
  facet normal -0 0 1
    outer loop
      vertex -0.967966 14.7683 84
      vertex -0.771756 11.7747 84
      vertex 0 14.8 84
    endloop
  endfacet
  facet normal 0 0 1
    outer loop
      vertex -0.967966 14.7683 84
      vertex -1.54021 11.699 84
      vertex -0.771756 11.7747 84
    endloop
  endfacet
  facet normal -0 0 1
    outer loop
      vertex -1.93179 14.6734 84
      vertex -1.54021 11.699 84
      vertex -0.967966 14.7683 84
    endloop
  endfacet
  facet normal 0 0 1
    outer loop
      vertex -1.93179 14.6734 84
      vertex -2.30206 11.5733 84
      vertex -1.54021 11.699 84
    endloop
  endfacet
  facet normal -0 0 1
    outer loop
      vertex -2.88734 14.5156 84
      vertex -2.30206 11.5733 84
      vertex -1.93179 14.6734 84
    endloop
  endfacet
  facet normal 0 0 1
    outer loop
      vertex -2.88734 14.5156 84
      vertex -3.05406 11.3979 84
      vertex -2.30206 11.5733 84
    endloop
  endfacet
  facet normal -0 0 1
    outer loop
      vertex -3.83052 14.2957 84
      vertex -3.05406 11.3979 84
      vertex -2.88734 14.5156 84
    endloop
  endfacet
  facet normal 0 0 1
    outer loop
      vertex -3.05406 11.3979 84
      vertex -3.83052 14.2957 84
      vertex -3.79298 11.1738 84
    endloop
  endfacet
  facet normal -0 0 1
    outer loop
      vertex -4.7573 14.0146 84
      vertex -3.79298 11.1738 84
      vertex -3.83052 14.2957 84
    endloop
  endfacet
  facet normal 0 0 1
    outer loop
      vertex -3.79298 11.1738 84
      vertex -4.7573 14.0146 84
      vertex -4.51566 10.9018 84
    endloop
  endfacet
  facet normal -0 0 1
    outer loop
      vertex -5.66371 13.6734 84
      vertex -4.51566 10.9018 84
      vertex -4.7573 14.0146 84
    endloop
  endfacet
  facet normal 0 0 1
    outer loop
      vertex -4.51566 10.9018 84
      vertex -5.66371 13.6734 84
      vertex -5.21901 10.5831 84
    endloop
  endfacet
  facet normal -0 0 1
    outer loop
      vertex -6.54587 13.2737 84
      vertex -5.21901 10.5831 84
      vertex -5.66371 13.6734 84
    endloop
  endfacet
  facet normal 0 0 1
    outer loop
      vertex -5.21901 10.5831 84
      vertex -6.54587 13.2737 84
      vertex -5.9 10.2191 84
    endloop
  endfacet
  facet normal -0 0 1
    outer loop
      vertex -7.4 12.8172 84
      vertex -5.9 10.2191 84
      vertex -6.54587 13.2737 84
    endloop
  endfacet
  facet normal 0 0 1
    outer loop
      vertex -5.9 10.2191 84
      vertex -7.4 12.8172 84
      vertex -6.55573 9.81134 84
    endloop
  endfacet
  facet normal -0 0 1
    outer loop
      vertex -8.22244 12.3057 84
      vertex -6.55573 9.81134 84
      vertex -7.4 12.8172 84
    endloop
  endfacet
  facet normal 0 0 1
    outer loop
      vertex -6.55573 9.81134 84
      vertex -8.22244 12.3057 84
      vertex -7.18338 9.36157 84
    endloop
  endfacet
  facet normal -0 0 1
    outer loop
      vertex -9.00967 11.7416 84
      vertex -7.18338 9.36157 84
      vertex -8.22244 12.3057 84
    endloop
  endfacet
  facet normal 0 0 1
    outer loop
      vertex -7.18338 9.36157 84
      vertex -9.00967 11.7416 84
      vertex -7.78028 8.87171 84
    endloop
  endfacet
  facet normal -0 0 1
    outer loop
      vertex -9.75832 11.1272 84
      vertex -7.78028 8.87171 84
      vertex -9.00967 11.7416 84
    endloop
  endfacet
  facet normal 0 0 1
    outer loop
      vertex -7.78028 8.87171 84
      vertex -9.75832 11.1272 84
      vertex -8.34386 8.34386 84
    endloop
  endfacet
  facet normal -0 0 1
    outer loop
      vertex -10.4652 10.4652 84
      vertex -8.34386 8.34386 84
      vertex -9.75832 11.1272 84
    endloop
  endfacet
  facet normal 0 0 1
    outer loop
      vertex -8.34386 8.34386 84
      vertex -10.4652 10.4652 84
      vertex -8.87171 7.78028 84
    endloop
  endfacet
  facet normal -0 0 1
    outer loop
      vertex -11.1272 9.75832 84
      vertex -8.87171 7.78028 84
      vertex -10.4652 10.4652 84
    endloop
  endfacet
  facet normal 0 0 1
    outer loop
      vertex -8.87171 7.78028 84
      vertex -11.1272 9.75832 84
      vertex -9.36157 7.18338 84
    endloop
  endfacet
  facet normal -0 0 1
    outer loop
      vertex -11.7416 9.00967 84
      vertex -9.36157 7.18338 84
      vertex -11.1272 9.75832 84
    endloop
  endfacet
  facet normal 0 0 1
    outer loop
      vertex -9.36157 7.18338 84
      vertex -11.7416 9.00967 84
      vertex -9.81134 6.55573 84
    endloop
  endfacet
  facet normal -0 0 1
    outer loop
      vertex -12.3057 8.22244 84
      vertex -9.81134 6.55573 84
      vertex -11.7416 9.00967 84
    endloop
  endfacet
  facet normal 0 0 1
    outer loop
      vertex -9.81134 6.55573 84
      vertex -12.3057 8.22244 84
      vertex -10.2191 5.9 84
    endloop
  endfacet
  facet normal -0 0 1
    outer loop
      vertex -12.8172 7.4 84
      vertex -10.2191 5.9 84
      vertex -12.3057 8.22244 84
    endloop
  endfacet
  facet normal 0 0 1
    outer loop
      vertex -10.2191 5.9 84
      vertex -12.8172 7.4 84
      vertex -10.5831 5.21901 84
    endloop
  endfacet
  facet normal -0 0 1
    outer loop
      vertex -13.2737 6.54587 84
      vertex -10.5831 5.21901 84
      vertex -12.8172 7.4 84
    endloop
  endfacet
  facet normal 0 0 1
    outer loop
      vertex -10.5831 5.21901 84
      vertex -13.2737 6.54587 84
      vertex -10.9018 4.51566 84
    endloop
  endfacet
  facet normal -0 0 1
    outer loop
      vertex -13.6734 5.66371 84
      vertex -10.9018 4.51566 84
      vertex -13.2737 6.54587 84
    endloop
  endfacet
  facet normal 0 0 1
    outer loop
      vertex -10.9018 4.51566 84
      vertex -13.6734 5.66371 84
      vertex -11.1738 3.79298 84
    endloop
  endfacet
  facet normal -0 0 1
    outer loop
      vertex -14.0146 4.7573 84
      vertex -11.1738 3.79298 84
      vertex -13.6734 5.66371 84
    endloop
  endfacet
  facet normal 0 0 1
    outer loop
      vertex -11.1738 3.79298 84
      vertex -14.0146 4.7573 84
      vertex -11.3979 3.05406 84
    endloop
  endfacet
  facet normal -0 0 1
    outer loop
      vertex 11.1738 -3.79298 84
      vertex 14.0146 -4.7573 84
      vertex 11.3979 -3.05406 84
    endloop
  endfacet
  facet normal 0 0 1
    outer loop
      vertex 14.0146 -4.7573 84
      vertex 11.1738 -3.79298 84
      vertex 13.6734 -5.66371 84
    endloop
  endfacet
  facet normal -0 0 1
    outer loop
      vertex 10.9018 -4.51566 84
      vertex 13.6734 -5.66371 84
      vertex 11.1738 -3.79298 84
    endloop
  endfacet
  facet normal 0 0 1
    outer loop
      vertex 13.6734 -5.66371 84
      vertex 10.9018 -4.51566 84
      vertex 13.2737 -6.54587 84
    endloop
  endfacet
  facet normal -0 0 1
    outer loop
      vertex 10.5831 -5.21901 84
      vertex 13.2737 -6.54587 84
      vertex 10.9018 -4.51566 84
    endloop
  endfacet
  facet normal 0 0 1
    outer loop
      vertex 13.2737 -6.54587 84
      vertex 10.5831 -5.21901 84
      vertex 12.8172 -7.4 84
    endloop
  endfacet
  facet normal -0 0 1
    outer loop
      vertex 10.2191 -5.9 84
      vertex 12.8172 -7.4 84
      vertex 10.5831 -5.21901 84
    endloop
  endfacet
  facet normal 0 0 1
    outer loop
      vertex 12.8172 -7.4 84
      vertex 10.2191 -5.9 84
      vertex 12.3057 -8.22244 84
    endloop
  endfacet
  facet normal -0 0 1
    outer loop
      vertex 9.81134 -6.55573 84
      vertex 12.3057 -8.22244 84
      vertex 10.2191 -5.9 84
    endloop
  endfacet
  facet normal 0 0 1
    outer loop
      vertex 12.3057 -8.22244 84
      vertex 9.81134 -6.55573 84
      vertex 11.7416 -9.00967 84
    endloop
  endfacet
  facet normal -0 0 1
    outer loop
      vertex 9.36157 -7.18338 84
      vertex 11.7416 -9.00967 84
      vertex 9.81134 -6.55573 84
    endloop
  endfacet
  facet normal 0 0 1
    outer loop
      vertex 11.7416 -9.00967 84
      vertex 9.36157 -7.18338 84
      vertex 11.1272 -9.75832 84
    endloop
  endfacet
  facet normal -0 0 1
    outer loop
      vertex 8.87171 -7.78028 84
      vertex 11.1272 -9.75832 84
      vertex 9.36157 -7.18338 84
    endloop
  endfacet
  facet normal 0 0 1
    outer loop
      vertex 11.1272 -9.75832 84
      vertex 8.87171 -7.78028 84
      vertex 10.4652 -10.4652 84
    endloop
  endfacet
  facet normal -0 0 1
    outer loop
      vertex 8.34386 -8.34386 84
      vertex 10.4652 -10.4652 84
      vertex 8.87171 -7.78028 84
    endloop
  endfacet
  facet normal 0 0 1
    outer loop
      vertex 10.4652 -10.4652 84
      vertex 8.34386 -8.34386 84
      vertex 9.75832 -11.1272 84
    endloop
  endfacet
  facet normal -0 0 1
    outer loop
      vertex 7.78028 -8.87171 84
      vertex 9.75832 -11.1272 84
      vertex 8.34386 -8.34386 84
    endloop
  endfacet
  facet normal 0 0 1
    outer loop
      vertex 9.75832 -11.1272 84
      vertex 7.78028 -8.87171 84
      vertex 9.00967 -11.7416 84
    endloop
  endfacet
  facet normal -0 0 1
    outer loop
      vertex 7.18338 -9.36157 84
      vertex 9.00967 -11.7416 84
      vertex 7.78028 -8.87171 84
    endloop
  endfacet
  facet normal 0 0 1
    outer loop
      vertex 9.00967 -11.7416 84
      vertex 7.18338 -9.36157 84
      vertex 8.22244 -12.3057 84
    endloop
  endfacet
  facet normal -0 0 1
    outer loop
      vertex 6.55573 -9.81134 84
      vertex 8.22244 -12.3057 84
      vertex 7.18338 -9.36157 84
    endloop
  endfacet
  facet normal 0 0 1
    outer loop
      vertex 8.22244 -12.3057 84
      vertex 6.55573 -9.81134 84
      vertex 7.4 -12.8172 84
    endloop
  endfacet
  facet normal -0 0 1
    outer loop
      vertex 5.9 -10.2191 84
      vertex 7.4 -12.8172 84
      vertex 6.55573 -9.81134 84
    endloop
  endfacet
  facet normal 0 0 1
    outer loop
      vertex 7.4 -12.8172 84
      vertex 5.9 -10.2191 84
      vertex 6.54587 -13.2737 84
    endloop
  endfacet
  facet normal -0 0 1
    outer loop
      vertex 5.21901 -10.5831 84
      vertex 6.54587 -13.2737 84
      vertex 5.9 -10.2191 84
    endloop
  endfacet
  facet normal 0 0 1
    outer loop
      vertex 6.54587 -13.2737 84
      vertex 5.21901 -10.5831 84
      vertex 5.66371 -13.6734 84
    endloop
  endfacet
  facet normal -0 0 1
    outer loop
      vertex 4.51566 -10.9018 84
      vertex 5.66371 -13.6734 84
      vertex 5.21901 -10.5831 84
    endloop
  endfacet
  facet normal 0 0 1
    outer loop
      vertex 5.66371 -13.6734 84
      vertex 4.51566 -10.9018 84
      vertex 4.7573 -14.0146 84
    endloop
  endfacet
  facet normal -0 0 1
    outer loop
      vertex 3.79298 -11.1738 84
      vertex 4.7573 -14.0146 84
      vertex 4.51566 -10.9018 84
    endloop
  endfacet
  facet normal 0 0 1
    outer loop
      vertex 4.7573 -14.0146 84
      vertex 3.79298 -11.1738 84
      vertex 3.83052 -14.2957 84
    endloop
  endfacet
  facet normal -0 0 1
    outer loop
      vertex 3.05406 -11.3979 84
      vertex 3.83052 -14.2957 84
      vertex 3.79298 -11.1738 84
    endloop
  endfacet
  facet normal 0 0 1
    outer loop
      vertex 3.05406 -11.3979 84
      vertex 2.88734 -14.5156 84
      vertex 3.83052 -14.2957 84
    endloop
  endfacet
  facet normal -0 0 1
    outer loop
      vertex 2.30206 -11.5733 84
      vertex 2.88734 -14.5156 84
      vertex 3.05406 -11.3979 84
    endloop
  endfacet
  facet normal 0 0 1
    outer loop
      vertex 2.30206 -11.5733 84
      vertex 1.93179 -14.6734 84
      vertex 2.88734 -14.5156 84
    endloop
  endfacet
  facet normal -0 0 1
    outer loop
      vertex 1.54021 -11.699 84
      vertex 1.93179 -14.6734 84
      vertex 2.30206 -11.5733 84
    endloop
  endfacet
  facet normal 0 0 1
    outer loop
      vertex 1.54021 -11.699 84
      vertex 0.967966 -14.7683 84
      vertex 1.93179 -14.6734 84
    endloop
  endfacet
  facet normal -0 0 1
    outer loop
      vertex 0.771756 -11.7747 84
      vertex 0.967966 -14.7683 84
      vertex 1.54021 -11.699 84
    endloop
  endfacet
  facet normal -0 0 1
    outer loop
      vertex 0 -11.8 84
      vertex 0.967966 -14.7683 84
      vertex 0.771756 -11.7747 84
    endloop
  endfacet
  facet normal 0 0 1
    outer loop
      vertex 0 -11.8 84
      vertex 0 -14.8 84
      vertex 0.967966 -14.7683 84
    endloop
  endfacet
  facet normal 0 0 1
    outer loop
      vertex -0.771756 -11.7747 84
      vertex 0 -14.8 84
      vertex 0 -11.8 84
    endloop
  endfacet
  facet normal 0 0 1
    outer loop
      vertex -0.771756 -11.7747 84
      vertex -0.967966 -14.7683 84
      vertex 0 -14.8 84
    endloop
  endfacet
  facet normal 0 0 1
    outer loop
      vertex -1.54021 -11.699 84
      vertex -0.967966 -14.7683 84
      vertex -0.771756 -11.7747 84
    endloop
  endfacet
  facet normal 0 0 1
    outer loop
      vertex -1.54021 -11.699 84
      vertex -1.93179 -14.6734 84
      vertex -0.967966 -14.7683 84
    endloop
  endfacet
  facet normal 0 0 1
    outer loop
      vertex -2.30206 -11.5733 84
      vertex -1.93179 -14.6734 84
      vertex -1.54021 -11.699 84
    endloop
  endfacet
  facet normal 0 0 1
    outer loop
      vertex -2.30206 -11.5733 84
      vertex -2.88734 -14.5156 84
      vertex -1.93179 -14.6734 84
    endloop
  endfacet
  facet normal 0 0 1
    outer loop
      vertex -3.05406 -11.3979 84
      vertex -2.88734 -14.5156 84
      vertex -2.30206 -11.5733 84
    endloop
  endfacet
  facet normal 0 0 1
    outer loop
      vertex -3.83052 -14.2957 84
      vertex -3.05406 -11.3979 84
      vertex -3.79298 -11.1738 84
    endloop
  endfacet
  facet normal 0 0 1
    outer loop
      vertex -3.05406 -11.3979 84
      vertex -3.83052 -14.2957 84
      vertex -2.88734 -14.5156 84
    endloop
  endfacet
  facet normal 0 0 1
    outer loop
      vertex -4.7573 -14.0146 84
      vertex -3.79298 -11.1738 84
      vertex -4.51566 -10.9018 84
    endloop
  endfacet
  facet normal 0 0 1
    outer loop
      vertex -3.79298 -11.1738 84
      vertex -4.7573 -14.0146 84
      vertex -3.83052 -14.2957 84
    endloop
  endfacet
  facet normal 0 0 1
    outer loop
      vertex -5.66371 -13.6734 84
      vertex -4.51566 -10.9018 84
      vertex -5.21901 -10.5831 84
    endloop
  endfacet
  facet normal 0 0 1
    outer loop
      vertex -4.51566 -10.9018 84
      vertex -5.66371 -13.6734 84
      vertex -4.7573 -14.0146 84
    endloop
  endfacet
  facet normal 0 0 1
    outer loop
      vertex -6.54587 -13.2737 84
      vertex -5.21901 -10.5831 84
      vertex -5.9 -10.2191 84
    endloop
  endfacet
  facet normal 0 0 1
    outer loop
      vertex -5.21901 -10.5831 84
      vertex -6.54587 -13.2737 84
      vertex -5.66371 -13.6734 84
    endloop
  endfacet
  facet normal 0 0 1
    outer loop
      vertex -7.4 -12.8172 84
      vertex -5.9 -10.2191 84
      vertex -6.55573 -9.81134 84
    endloop
  endfacet
  facet normal 0 0 1
    outer loop
      vertex -8.22244 -12.3057 84
      vertex -6.55573 -9.81134 84
      vertex -7.18338 -9.36157 84
    endloop
  endfacet
  facet normal 0 0 1
    outer loop
      vertex -5.9 -10.2191 84
      vertex -7.4 -12.8172 84
      vertex -6.54587 -13.2737 84
    endloop
  endfacet
  facet normal 0 0 1
    outer loop
      vertex -9.00967 -11.7416 84
      vertex -7.18338 -9.36157 84
      vertex -7.78028 -8.87171 84
    endloop
  endfacet
  facet normal 0 0 1
    outer loop
      vertex -6.55573 -9.81134 84
      vertex -8.22244 -12.3057 84
      vertex -7.4 -12.8172 84
    endloop
  endfacet
  facet normal 0 0 1
    outer loop
      vertex -9.75832 -11.1272 84
      vertex -7.78028 -8.87171 84
      vertex -8.34386 -8.34386 84
    endloop
  endfacet
  facet normal 0 0 1
    outer loop
      vertex -10.4652 -10.4652 84
      vertex -8.34386 -8.34386 84
      vertex -8.87171 -7.78028 84
    endloop
  endfacet
  facet normal 0 0 1
    outer loop
      vertex -7.18338 -9.36157 84
      vertex -9.00967 -11.7416 84
      vertex -8.22244 -12.3057 84
    endloop
  endfacet
  facet normal 0 0 1
    outer loop
      vertex -11.1272 -9.75832 84
      vertex -8.87171 -7.78028 84
      vertex -9.36157 -7.18338 84
    endloop
  endfacet
  facet normal 0 0 1
    outer loop
      vertex -7.78028 -8.87171 84
      vertex -9.75832 -11.1272 84
      vertex -9.00967 -11.7416 84
    endloop
  endfacet
  facet normal 0 0 1
    outer loop
      vertex -11.7416 -9.00967 84
      vertex -9.36157 -7.18338 84
      vertex -9.81134 -6.55573 84
    endloop
  endfacet
  facet normal 0 0 1
    outer loop
      vertex -12.3057 -8.22244 84
      vertex -9.81134 -6.55573 84
      vertex -10.2191 -5.9 84
    endloop
  endfacet
  facet normal 0 0 1
    outer loop
      vertex -8.34386 -8.34386 84
      vertex -10.4652 -10.4652 84
      vertex -9.75832 -11.1272 84
    endloop
  endfacet
  facet normal 0 0 1
    outer loop
      vertex -12.8172 -7.4 84
      vertex -10.2191 -5.9 84
      vertex -10.5831 -5.21901 84
    endloop
  endfacet
  facet normal 0 0 1
    outer loop
      vertex -13.2737 -6.54587 84
      vertex -10.5831 -5.21901 84
      vertex -10.9018 -4.51566 84
    endloop
  endfacet
  facet normal 0 0 1
    outer loop
      vertex -8.87171 -7.78028 84
      vertex -11.1272 -9.75832 84
      vertex -10.4652 -10.4652 84
    endloop
  endfacet
  facet normal 0 0 1
    outer loop
      vertex -13.6734 -5.66371 84
      vertex -10.9018 -4.51566 84
      vertex -11.1738 -3.79298 84
    endloop
  endfacet
  facet normal 0 0 1
    outer loop
      vertex -14.0146 -4.7573 84
      vertex -11.1738 -3.79298 84
      vertex -11.3979 -3.05406 84
    endloop
  endfacet
  facet normal 0 0 1
    outer loop
      vertex -14.2957 -3.83052 84
      vertex -11.3979 -3.05406 84
      vertex -11.5733 -2.30206 84
    endloop
  endfacet
  facet normal 0 0 1
    outer loop
      vertex -14.5156 -2.88734 84
      vertex -11.5733 -2.30206 84
      vertex -11.699 -1.54021 84
    endloop
  endfacet
  facet normal 0 0 1
    outer loop
      vertex -9.36157 -7.18338 84
      vertex -11.7416 -9.00967 84
      vertex -11.1272 -9.75832 84
    endloop
  endfacet
  facet normal 0 0 1
    outer loop
      vertex -14.6734 -1.93179 84
      vertex -11.699 -1.54021 84
      vertex -11.7747 -0.771756 84
    endloop
  endfacet
  facet normal 0 0 1
    outer loop
      vertex -14.7683 -0.967966 84
      vertex -11.7747 -0.771756 84
      vertex -11.8 0 84
    endloop
  endfacet
  facet normal -0 0 1
    outer loop
      vertex -14.2957 3.83052 84
      vertex -11.3979 3.05406 84
      vertex -14.0146 4.7573 84
    endloop
  endfacet
  facet normal 0 0 1
    outer loop
      vertex -9.81134 -6.55573 84
      vertex -12.3057 -8.22244 84
      vertex -11.7416 -9.00967 84
    endloop
  endfacet
  facet normal 0 0 1
    outer loop
      vertex -11.3979 3.05406 84
      vertex -14.2957 3.83052 84
      vertex -11.5733 2.30206 84
    endloop
  endfacet
  facet normal 0 0 1
    outer loop
      vertex -10.2191 -5.9 84
      vertex -12.8172 -7.4 84
      vertex -12.3057 -8.22244 84
    endloop
  endfacet
  facet normal -0 0 1
    outer loop
      vertex -14.5156 2.88734 84
      vertex -11.5733 2.30206 84
      vertex -14.2957 3.83052 84
    endloop
  endfacet
  facet normal 0 0 1
    outer loop
      vertex -10.5831 -5.21901 84
      vertex -13.2737 -6.54587 84
      vertex -12.8172 -7.4 84
    endloop
  endfacet
  facet normal 0 0 1
    outer loop
      vertex -11.5733 2.30206 84
      vertex -14.5156 2.88734 84
      vertex -11.699 1.54021 84
    endloop
  endfacet
  facet normal 0 0 1
    outer loop
      vertex -10.9018 -4.51566 84
      vertex -13.6734 -5.66371 84
      vertex -13.2737 -6.54587 84
    endloop
  endfacet
  facet normal -0 0 1
    outer loop
      vertex -14.6734 1.93179 84
      vertex -11.699 1.54021 84
      vertex -14.5156 2.88734 84
    endloop
  endfacet
  facet normal 0 0 1
    outer loop
      vertex -11.1738 -3.79298 84
      vertex -14.0146 -4.7573 84
      vertex -13.6734 -5.66371 84
    endloop
  endfacet
  facet normal 0 0 1
    outer loop
      vertex -11.699 1.54021 84
      vertex -14.6734 1.93179 84
      vertex -11.7747 0.771756 84
    endloop
  endfacet
  facet normal 0 0 1
    outer loop
      vertex -11.3979 -3.05406 84
      vertex -14.2957 -3.83052 84
      vertex -14.0146 -4.7573 84
    endloop
  endfacet
  facet normal -0 0 1
    outer loop
      vertex -14.7683 0.967966 84
      vertex -11.7747 0.771756 84
      vertex -14.6734 1.93179 84
    endloop
  endfacet
  facet normal 0 0 1
    outer loop
      vertex -11.5733 -2.30206 84
      vertex -14.5156 -2.88734 84
      vertex -14.2957 -3.83052 84
    endloop
  endfacet
  facet normal 0 0 1
    outer loop
      vertex -11.7747 0.771756 84
      vertex -14.7683 0.967966 84
      vertex -11.8 0 84
    endloop
  endfacet
  facet normal 0 0 1
    outer loop
      vertex -11.699 -1.54021 84
      vertex -14.6734 -1.93179 84
      vertex -14.5156 -2.88734 84
    endloop
  endfacet
  facet normal 0 0 1
    outer loop
      vertex -14.8 0 84
      vertex -11.8 0 84
      vertex -14.7683 0.967966 84
    endloop
  endfacet
  facet normal 0 0 1
    outer loop
      vertex -11.7747 -0.771756 84
      vertex -14.7683 -0.967966 84
      vertex -14.6734 -1.93179 84
    endloop
  endfacet
  facet normal 0 0 1
    outer loop
      vertex -11.8 0 84
      vertex -14.8 0 84
      vertex -14.7683 -0.967966 84
    endloop
  endfacet
  facet normal -0.162934 0.986637 0
    outer loop
      vertex -1.93179 14.6734 0
      vertex -2.88734 14.5156 84
      vertex -1.93179 14.6734 84
    endloop
  endfacet
  facet normal -0.162934 0.986637 0
    outer loop
      vertex -2.88734 14.5156 84
      vertex -1.93179 14.6734 0
      vertex -2.88734 14.5156 0
    endloop
  endfacet
  facet normal 0.0327315 -0.999464 0
    outer loop
      vertex 0 -14.8 0
      vertex 0.967966 -14.7683 84
      vertex 0 -14.8 84
    endloop
  endfacet
  facet normal 0.0327315 -0.999464 0
    outer loop
      vertex 0.967966 -14.7683 84
      vertex 0 -14.8 0
      vertex 0.967966 -14.7683 0
    endloop
  endfacet
  facet normal -0.773011 0.634393 0
    outer loop
      vertex -11.7416 9.00967 45.5
      vertex -11.1272 9.75832 84
      vertex -11.1272 9.75832 45.5
    endloop
  endfacet
  facet normal -0.773011 0.634393 0
    outer loop
      vertex -11.1272 9.75832 84
      vertex -11.7416 9.00967 45.5
      vertex -11.7416 9.00967 84
    endloop
  endfacet
  facet normal -0.773011 0.634393 0
    outer loop
      vertex -11.7416 9.00967 0
      vertex -11.1272 9.75832 0.5
      vertex -11.1272 9.75832 0
    endloop
  endfacet
  facet normal -0.773011 0.634393 0
    outer loop
      vertex -11.1272 9.75832 0.5
      vertex -11.7416 9.00967 0
      vertex -11.7416 9.00967 0.5
    endloop
  endfacet
  facet normal -0.773011 -0.634393 0
    outer loop
      vertex -11.1272 -9.75832 0
      vertex -11.7416 -9.00967 0.5
      vertex -11.7416 -9.00967 0
    endloop
  endfacet
  facet normal -0.773011 -0.634393 0
    outer loop
      vertex -11.7416 -9.00967 0.5
      vertex -11.1272 -9.75832 0
      vertex -11.1272 -9.75832 0.5
    endloop
  endfacet
  facet normal -0.773011 -0.634393 0
    outer loop
      vertex -11.1272 -9.75832 45.5
      vertex -11.7416 -9.00967 84
      vertex -11.7416 -9.00967 45.5
    endloop
  endfacet
  facet normal -0.773011 -0.634393 0
    outer loop
      vertex -11.7416 -9.00967 84
      vertex -11.1272 -9.75832 45.5
      vertex -11.1272 -9.75832 84
    endloop
  endfacet
  facet normal -0.471363 -0.881939 0
    outer loop
      vertex -7.4 -12.8172 0
      vertex -6.54587 -13.2737 84
      vertex -7.4 -12.8172 84
    endloop
  endfacet
  facet normal -0.471363 -0.881939 -0
    outer loop
      vertex -6.54587 -13.2737 84
      vertex -7.4 -12.8172 0
      vertex -6.54587 -13.2737 0
    endloop
  endfacet
  facet normal -0.999464 -0.0327315 0
    outer loop
      vertex -14.7683 -0.967966 45.5
      vertex -14.8 0 84
      vertex -14.8 0 45.5
    endloop
  endfacet
  facet normal -0.999464 -0.0327315 0
    outer loop
      vertex -14.8 0 84
      vertex -14.7683 -0.967966 45.5
      vertex -14.7683 -0.967966 84
    endloop
  endfacet
  facet normal -0.999464 -0.0327315 0
    outer loop
      vertex -14.7683 -0.967966 0
      vertex -14.8 0 0.5
      vertex -14.8 0 0
    endloop
  endfacet
  facet normal -0.999464 -0.0327315 0
    outer loop
      vertex -14.8 0 0.5
      vertex -14.7683 -0.967966 0
      vertex -14.7683 -0.967966 0.5
    endloop
  endfacet
  facet normal -0.528123 -0.849168 0
    outer loop
      vertex -8.22244 -12.3057 0
      vertex -7.4 -12.8172 84
      vertex -8.22244 -12.3057 84
    endloop
  endfacet
  facet normal -0.528123 -0.849168 -0
    outer loop
      vertex -7.4 -12.8172 84
      vertex -8.22244 -12.3057 0
      vertex -7.4 -12.8172 0
    endloop
  endfacet
  facet normal 0.812857 -0.582463 0
    outer loop
      vertex 11.7416 -9.00967 84
      vertex 12.3057 -8.22244 0
      vertex 12.3057 -8.22244 84
    endloop
  endfacet
  facet normal 0.812857 -0.582463 0
    outer loop
      vertex 12.3057 -8.22244 0
      vertex 11.7416 -9.00967 84
      vertex 11.7416 -9.00967 0
    endloop
  endfacet
  facet normal -0.729895 -0.683559 0
    outer loop
      vertex -11.1272 -9.75832 0
      vertex -10.8 -10.1077 0.5
      vertex -11.1272 -9.75832 0.5
    endloop
  endfacet
  facet normal -0.729898 -0.683556 3.25464e-06
    outer loop
      vertex -10.4652 -10.4652 0
      vertex -10.8 -10.1077 0.5
      vertex -11.1272 -9.75832 0
    endloop
  endfacet
  facet normal -0.7299 -0.683554 -0
    outer loop
      vertex -10.4652 -10.4652 6.88929
      vertex -10.8 -10.1077 0.5
      vertex -10.4652 -10.4652 0
    endloop
  endfacet
  facet normal -0.7299 -0.683554 0
    outer loop
      vertex -10.8 -10.1077 0.5
      vertex -10.4652 -10.4652 6.88929
      vertex -10.8 -10.1077 6.79845
    endloop
  endfacet
  facet normal -0.7299 -0.683554 0
    outer loop
      vertex -10.8 -10.1077 39.2015
      vertex -10.4652 -10.4652 39.1107
      vertex -10.8 -10.1077 45.5
    endloop
  endfacet
  facet normal -0.729895 -0.683559 0
    outer loop
      vertex -10.8 -10.1077 45.5
      vertex -11.1272 -9.75832 84
      vertex -11.1272 -9.75832 45.5
    endloop
  endfacet
  facet normal -0.7299 -0.683554 -0
    outer loop
      vertex -10.4652 -10.4652 84
      vertex -10.8 -10.1077 45.5
      vertex -10.4652 -10.4652 39.1107
    endloop
  endfacet
  facet normal -0.729898 -0.683556 -4.2268e-08
    outer loop
      vertex -10.8 -10.1077 45.5
      vertex -10.4652 -10.4652 84
      vertex -11.1272 -9.75832 84
    endloop
  endfacet
  facet normal 0.683556 0.729898 -0
    outer loop
      vertex 10.4652 10.4652 0
      vertex 9.75832 11.1272 84
      vertex 10.4652 10.4652 84
    endloop
  endfacet
  facet normal 0.683556 0.729898 0
    outer loop
      vertex 9.75832 11.1272 84
      vertex 10.4652 10.4652 0
      vertex 9.75832 11.1272 0
    endloop
  endfacet
  facet normal 0.162934 0.986637 -0
    outer loop
      vertex 2.88734 14.5156 0
      vertex 1.93179 14.6734 84
      vertex 2.88734 14.5156 84
    endloop
  endfacet
  facet normal 0.162934 0.986637 0
    outer loop
      vertex 1.93179 14.6734 84
      vertex 2.88734 14.5156 0
      vertex 1.93179 14.6734 0
    endloop
  endfacet
  facet normal -0.528123 0.849168 0
    outer loop
      vertex -7.4 12.8172 0
      vertex -8.22244 12.3057 84
      vertex -7.4 12.8172 84
    endloop
  endfacet
  facet normal -0.528123 0.849168 0
    outer loop
      vertex -8.22244 12.3057 84
      vertex -7.4 12.8172 0
      vertex -8.22244 12.3057 0
    endloop
  endfacet
  facet normal -0.956951 -0.290251 0
    outer loop
      vertex -14.0146 -4.7573 0
      vertex -14.2957 -3.83052 0.5
      vertex -14.2957 -3.83052 0
    endloop
  endfacet
  facet normal -0.956951 -0.290251 0
    outer loop
      vertex -14.2957 -3.83052 0.5
      vertex -14.0146 -4.7573 0
      vertex -14.0146 -4.7573 0.5
    endloop
  endfacet
  facet normal -0.956951 -0.290251 0
    outer loop
      vertex -14.0146 -4.7573 45.5
      vertex -14.2957 -3.83052 84
      vertex -14.2957 -3.83052 45.5
    endloop
  endfacet
  facet normal -0.956951 -0.290251 0
    outer loop
      vertex -14.2957 -3.83052 84
      vertex -14.0146 -4.7573 45.5
      vertex -14.0146 -4.7573 84
    endloop
  endfacet
  facet normal -0.582463 0.812857 0
    outer loop
      vertex -8.22244 12.3057 0
      vertex -9.00967 11.7416 84
      vertex -8.22244 12.3057 84
    endloop
  endfacet
  facet normal -0.582463 0.812857 0
    outer loop
      vertex -9.00967 11.7416 84
      vertex -8.22244 12.3057 0
      vertex -9.00967 11.7416 0
    endloop
  endfacet
  facet normal -0.881939 0.471363 0
    outer loop
      vertex -13.2737 6.54587 0
      vertex -12.8172 7.4 0.5
      vertex -12.8172 7.4 0
    endloop
  endfacet
  facet normal -0.881939 0.471363 0
    outer loop
      vertex -12.8172 7.4 0.5
      vertex -13.2737 6.54587 0
      vertex -13.2737 6.54587 0.5
    endloop
  endfacet
  facet normal -0.881939 0.471363 0
    outer loop
      vertex -13.2737 6.54587 45.5
      vertex -12.8172 7.4 84
      vertex -12.8172 7.4 45.5
    endloop
  endfacet
  facet normal -0.881939 0.471363 0
    outer loop
      vertex -12.8172 7.4 84
      vertex -13.2737 6.54587 45.5
      vertex -13.2737 6.54587 84
    endloop
  endfacet
  facet normal -0.935888 -0.352297 0
    outer loop
      vertex -13.6734 -5.66371 0
      vertex -14.0146 -4.7573 0.5
      vertex -14.0146 -4.7573 0
    endloop
  endfacet
  facet normal -0.935888 -0.352297 0
    outer loop
      vertex -14.0146 -4.7573 0.5
      vertex -13.6734 -5.66371 0
      vertex -13.6734 -5.66371 0.5
    endloop
  endfacet
  facet normal -0.935888 -0.352297 0
    outer loop
      vertex -13.6734 -5.66371 45.5
      vertex -14.0146 -4.7573 84
      vertex -14.0146 -4.7573 45.5
    endloop
  endfacet
  facet normal -0.935888 -0.352297 0
    outer loop
      vertex -14.0146 -4.7573 84
      vertex -13.6734 -5.66371 45.5
      vertex -13.6734 -5.66371 84
    endloop
  endfacet
  facet normal -0.162934 -0.986637 0
    outer loop
      vertex -2.88734 -14.5156 0
      vertex -1.93179 -14.6734 84
      vertex -2.88734 -14.5156 84
    endloop
  endfacet
  facet normal -0.162934 -0.986637 -0
    outer loop
      vertex -1.93179 -14.6734 84
      vertex -2.88734 -14.5156 0
      vertex -1.93179 -14.6734 0
    endloop
  endfacet
  facet normal -0.0979881 -0.995188 0
    outer loop
      vertex -1.93179 -14.6734 0
      vertex -0.967966 -14.7683 84
      vertex -1.93179 -14.6734 84
    endloop
  endfacet
  facet normal -0.0979881 -0.995188 -0
    outer loop
      vertex -0.967966 -14.7683 84
      vertex -1.93179 -14.6734 0
      vertex -0.967966 -14.7683 0
    endloop
  endfacet
  facet normal 0.773011 -0.634393 0
    outer loop
      vertex 11.1272 -9.75832 84
      vertex 11.7416 -9.00967 0
      vertex 11.7416 -9.00967 84
    endloop
  endfacet
  facet normal 0.773011 -0.634393 0
    outer loop
      vertex 11.7416 -9.00967 0
      vertex 11.1272 -9.75832 84
      vertex 11.1272 -9.75832 0
    endloop
  endfacet
  facet normal -0.910864 0.412706 0
    outer loop
      vertex -13.6734 5.66371 0
      vertex -13.2737 6.54587 0.5
      vertex -13.2737 6.54587 0
    endloop
  endfacet
  facet normal -0.910864 0.412706 0
    outer loop
      vertex -13.2737 6.54587 0.5
      vertex -13.6734 5.66371 0
      vertex -13.6734 5.66371 0.5
    endloop
  endfacet
  facet normal -0.910864 0.412706 0
    outer loop
      vertex -13.6734 5.66371 45.5
      vertex -13.2737 6.54587 84
      vertex -13.2737 6.54587 45.5
    endloop
  endfacet
  facet normal -0.910864 0.412706 0
    outer loop
      vertex -13.2737 6.54587 84
      vertex -13.6734 5.66371 45.5
      vertex -13.6734 5.66371 84
    endloop
  endfacet
  facet normal 0.227058 -0.973881 0
    outer loop
      vertex 2.88734 -14.5156 0
      vertex 3.83052 -14.2957 84
      vertex 2.88734 -14.5156 84
    endloop
  endfacet
  facet normal 0.227058 -0.973881 0
    outer loop
      vertex 3.83052 -14.2957 84
      vertex 2.88734 -14.5156 0
      vertex 3.83052 -14.2957 0
    endloop
  endfacet
  facet normal -0.352297 -0.935888 0
    outer loop
      vertex -5.66371 -13.6734 0
      vertex -4.7573 -14.0146 84
      vertex -5.66371 -13.6734 84
    endloop
  endfacet
  facet normal -0.352297 -0.935888 -0
    outer loop
      vertex -4.7573 -14.0146 84
      vertex -5.66371 -13.6734 0
      vertex -4.7573 -14.0146 0
    endloop
  endfacet
  facet normal 1 0 0
    outer loop
      vertex -10.8 17.5 45.5
      vertex -10.8 11.2016 39.2015
      vertex -10.8 17.5 0.5
    endloop
  endfacet
  facet normal 1 -0 0
    outer loop
      vertex -10.8 10.1077 45.5
      vertex -10.8 11.2016 39.2015
      vertex -10.8 17.5 45.5
    endloop
  endfacet
  facet normal 1 0 0
    outer loop
      vertex -10.8 11.2016 39.2015
      vertex -10.8 10.1077 45.5
      vertex -10.8 10.1077 39.2015
    endloop
  endfacet
  facet normal 1 -0 0
    outer loop
      vertex -10.8 11.2016 6.79845
      vertex -10.8 17.5 0.5
      vertex -10.8 11.2016 39.2015
    endloop
  endfacet
  facet normal 1 0 0
    outer loop
      vertex -10.8 10.1077 0.5
      vertex -10.8 11.2016 6.79845
      vertex -10.8 10.1077 6.79845
    endloop
  endfacet
  facet normal 1 0 0
    outer loop
      vertex -10.8 11.2016 6.79845
      vertex -10.8 10.1077 0.5
      vertex -10.8 17.5 0.5
    endloop
  endfacet
  facet normal 1 0 0
    outer loop
      vertex -10.8 -10.1077 45.5
      vertex -10.8 -11.2016 39.2015
      vertex -10.8 -10.1077 39.2015
    endloop
  endfacet
  facet normal 1 0 0
    outer loop
      vertex -10.8 -11.2016 39.2015
      vertex -10.8 -17.5 45.5
      vertex -10.8 -11.2016 6.79845
    endloop
  endfacet
  facet normal 1 -0 0
    outer loop
      vertex -10.8 -17.5 45.5
      vertex -10.8 -11.2016 39.2015
      vertex -10.8 -10.1077 45.5
    endloop
  endfacet
  facet normal 1 -0 0
    outer loop
      vertex -10.8 -11.2016 6.79845
      vertex -10.8 -10.1077 0.5
      vertex -10.8 -10.1077 6.79845
    endloop
  endfacet
  facet normal 1 0 0
    outer loop
      vertex -10.8 -11.2016 6.79845
      vertex -10.8 -17.5 0.5
      vertex -10.8 -10.1077 0.5
    endloop
  endfacet
  facet normal 1 0 0
    outer loop
      vertex -10.8 -17.5 0.5
      vertex -10.8 -11.2016 6.79845
      vertex -10.8 -17.5 45.5
    endloop
  endfacet
  facet normal 0 0 1
    outer loop
      vertex -10.8 17.5 45.5
      vertex -11.1272 9.75832 45.5
      vertex -10.8 10.1077 45.5
    endloop
  endfacet
  facet normal 0 0 1
    outer loop
      vertex -10.8 17.5 45.5
      vertex -11.7416 9.00967 45.5
      vertex -11.1272 9.75832 45.5
    endloop
  endfacet
  facet normal -0 0 1
    outer loop
      vertex -26.8 17.5 45.5
      vertex -11.7416 9.00967 45.5
      vertex -10.8 17.5 45.5
    endloop
  endfacet
  facet normal 0 0 1
    outer loop
      vertex -11.7416 9.00967 45.5
      vertex -26.8 17.5 45.5
      vertex -12.3057 8.22244 45.5
    endloop
  endfacet
  facet normal 0 0 1
    outer loop
      vertex -12.3057 8.22244 45.5
      vertex -26.8 17.5 45.5
      vertex -12.8172 7.4 45.5
    endloop
  endfacet
  facet normal 0 0 1
    outer loop
      vertex -12.8172 7.4 45.5
      vertex -26.8 17.5 45.5
      vertex -13.2737 6.54587 45.5
    endloop
  endfacet
  facet normal 0 0 1
    outer loop
      vertex -13.2737 6.54587 45.5
      vertex -26.8 17.5 45.5
      vertex -13.6734 5.66371 45.5
    endloop
  endfacet
  facet normal 0 0 1
    outer loop
      vertex -13.6734 5.66371 45.5
      vertex -26.8 17.5 45.5
      vertex -14.0146 4.7573 45.5
    endloop
  endfacet
  facet normal 0 0 1
    outer loop
      vertex -14.7683 0.967966 45.5
      vertex -26.8 17.5 45.5
      vertex -14.8 0 45.5
    endloop
  endfacet
  facet normal 0 0 1
    outer loop
      vertex -14.6734 1.93179 45.5
      vertex -26.8 17.5 45.5
      vertex -14.7683 0.967966 45.5
    endloop
  endfacet
  facet normal 0 0 1
    outer loop
      vertex -14.5156 2.88734 45.5
      vertex -26.8 17.5 45.5
      vertex -14.6734 1.93179 45.5
    endloop
  endfacet
  facet normal 0 0 1
    outer loop
      vertex -14.2957 3.83052 45.5
      vertex -26.8 17.5 45.5
      vertex -14.5156 2.88734 45.5
    endloop
  endfacet
  facet normal 0 0 1
    outer loop
      vertex -14.0146 4.7573 45.5
      vertex -26.8 17.5 45.5
      vertex -14.2957 3.83052 45.5
    endloop
  endfacet
  facet normal 0 0 1
    outer loop
      vertex -11.1272 -9.75832 45.5
      vertex -10.8 -17.5 45.5
      vertex -10.8 -10.1077 45.5
    endloop
  endfacet
  facet normal 0 0 1
    outer loop
      vertex -11.7416 -9.00967 45.5
      vertex -10.8 -17.5 45.5
      vertex -11.1272 -9.75832 45.5
    endloop
  endfacet
  facet normal 0 0 1
    outer loop
      vertex -26.8 -17.5 45.5
      vertex -11.7416 -9.00967 45.5
      vertex -12.3057 -8.22244 45.5
    endloop
  endfacet
  facet normal 0 0 1
    outer loop
      vertex -26.8 -17.5 45.5
      vertex -12.3057 -8.22244 45.5
      vertex -12.8172 -7.4 45.5
    endloop
  endfacet
  facet normal 0 0 1
    outer loop
      vertex -26.8 -17.5 45.5
      vertex -12.8172 -7.4 45.5
      vertex -13.2737 -6.54587 45.5
    endloop
  endfacet
  facet normal 0 0 1
    outer loop
      vertex -26.8 -17.5 45.5
      vertex -13.2737 -6.54587 45.5
      vertex -13.6734 -5.66371 45.5
    endloop
  endfacet
  facet normal 0 0 1
    outer loop
      vertex -26.8 -17.5 45.5
      vertex -13.6734 -5.66371 45.5
      vertex -14.0146 -4.7573 45.5
    endloop
  endfacet
  facet normal 0 0 1
    outer loop
      vertex -26.8 -17.5 45.5
      vertex -14.0146 -4.7573 45.5
      vertex -14.2957 -3.83052 45.5
    endloop
  endfacet
  facet normal 0 0 1
    outer loop
      vertex -26.8 -17.5 45.5
      vertex -14.8 0 45.5
      vertex -26.8 17.5 45.5
    endloop
  endfacet
  facet normal 0 0 1
    outer loop
      vertex -14.8 0 45.5
      vertex -26.8 -17.5 45.5
      vertex -14.7683 -0.967966 45.5
    endloop
  endfacet
  facet normal 0 0 1
    outer loop
      vertex -14.7683 -0.967966 45.5
      vertex -26.8 -17.5 45.5
      vertex -14.6734 -1.93179 45.5
    endloop
  endfacet
  facet normal 0 0 1
    outer loop
      vertex -14.6734 -1.93179 45.5
      vertex -26.8 -17.5 45.5
      vertex -14.5156 -2.88734 45.5
    endloop
  endfacet
  facet normal 0 0 1
    outer loop
      vertex -14.5156 -2.88734 45.5
      vertex -26.8 -17.5 45.5
      vertex -14.2957 -3.83052 45.5
    endloop
  endfacet
  facet normal 0 0 1
    outer loop
      vertex -11.7416 -9.00967 45.5
      vertex -26.8 -17.5 45.5
      vertex -10.8 -17.5 45.5
    endloop
  endfacet
  facet normal 0 0 -1
    outer loop
      vertex -10.8 -17.5 0.5
      vertex -11.1272 -9.75832 0.5
      vertex -10.8 -10.1077 0.5
    endloop
  endfacet
  facet normal 0 0 -1
    outer loop
      vertex -10.8 -17.5 0.5
      vertex -11.7416 -9.00967 0.5
      vertex -11.1272 -9.75832 0.5
    endloop
  endfacet
  facet normal 0 0 -1
    outer loop
      vertex -26.8 -17.5 0.5
      vertex -11.7416 -9.00967 0.5
      vertex -10.8 -17.5 0.5
    endloop
  endfacet
  facet normal -0 0 -1
    outer loop
      vertex -11.7416 -9.00967 0.5
      vertex -26.8 -17.5 0.5
      vertex -12.3057 -8.22244 0.5
    endloop
  endfacet
  facet normal -0 0 -1
    outer loop
      vertex -12.3057 -8.22244 0.5
      vertex -26.8 -17.5 0.5
      vertex -12.8172 -7.4 0.5
    endloop
  endfacet
  facet normal -0 0 -1
    outer loop
      vertex -12.8172 -7.4 0.5
      vertex -26.8 -17.5 0.5
      vertex -13.2737 -6.54587 0.5
    endloop
  endfacet
  facet normal -0 0 -1
    outer loop
      vertex -13.2737 -6.54587 0.5
      vertex -26.8 -17.5 0.5
      vertex -13.6734 -5.66371 0.5
    endloop
  endfacet
  facet normal -0 0 -1
    outer loop
      vertex -13.6734 -5.66371 0.5
      vertex -26.8 -17.5 0.5
      vertex -14.0146 -4.7573 0.5
    endloop
  endfacet
  facet normal -0 0 -1
    outer loop
      vertex -14.7683 -0.967966 0.5
      vertex -26.8 -17.5 0.5
      vertex -14.8 0 0.5
    endloop
  endfacet
  facet normal -0 0 -1
    outer loop
      vertex -14.6734 -1.93179 0.5
      vertex -26.8 -17.5 0.5
      vertex -14.7683 -0.967966 0.5
    endloop
  endfacet
  facet normal -0 0 -1
    outer loop
      vertex -14.5156 -2.88734 0.5
      vertex -26.8 -17.5 0.5
      vertex -14.6734 -1.93179 0.5
    endloop
  endfacet
  facet normal -0 0 -1
    outer loop
      vertex -14.2957 -3.83052 0.5
      vertex -26.8 -17.5 0.5
      vertex -14.5156 -2.88734 0.5
    endloop
  endfacet
  facet normal -0 0 -1
    outer loop
      vertex -14.0146 -4.7573 0.5
      vertex -26.8 -17.5 0.5
      vertex -14.2957 -3.83052 0.5
    endloop
  endfacet
  facet normal 0 0 -1
    outer loop
      vertex -11.1272 9.75832 0.5
      vertex -10.8 17.5 0.5
      vertex -10.8 10.1077 0.5
    endloop
  endfacet
  facet normal 0 0 -1
    outer loop
      vertex -11.7416 9.00967 0.5
      vertex -10.8 17.5 0.5
      vertex -11.1272 9.75832 0.5
    endloop
  endfacet
  facet normal 0 0 -1
    outer loop
      vertex -26.8 17.5 0.5
      vertex -11.7416 9.00967 0.5
      vertex -12.3057 8.22244 0.5
    endloop
  endfacet
  facet normal 0 0 -1
    outer loop
      vertex -26.8 17.5 0.5
      vertex -12.3057 8.22244 0.5
      vertex -12.8172 7.4 0.5
    endloop
  endfacet
  facet normal 0 0 -1
    outer loop
      vertex -26.8 17.5 0.5
      vertex -12.8172 7.4 0.5
      vertex -13.2737 6.54587 0.5
    endloop
  endfacet
  facet normal 0 0 -1
    outer loop
      vertex -26.8 17.5 0.5
      vertex -13.2737 6.54587 0.5
      vertex -13.6734 5.66371 0.5
    endloop
  endfacet
  facet normal 0 0 -1
    outer loop
      vertex -26.8 17.5 0.5
      vertex -13.6734 5.66371 0.5
      vertex -14.0146 4.7573 0.5
    endloop
  endfacet
  facet normal 0 0 -1
    outer loop
      vertex -26.8 17.5 0.5
      vertex -14.0146 4.7573 0.5
      vertex -14.2957 3.83052 0.5
    endloop
  endfacet
  facet normal 0 0 -1
    outer loop
      vertex -26.8 17.5 0.5
      vertex -14.8 0 0.5
      vertex -26.8 -17.5 0.5
    endloop
  endfacet
  facet normal 0 0 -1
    outer loop
      vertex -14.8 0 0.5
      vertex -26.8 17.5 0.5
      vertex -14.7683 0.967966 0.5
    endloop
  endfacet
  facet normal 0 0 -1
    outer loop
      vertex -14.7683 0.967966 0.5
      vertex -26.8 17.5 0.5
      vertex -14.6734 1.93179 0.5
    endloop
  endfacet
  facet normal 0 0 -1
    outer loop
      vertex -14.6734 1.93179 0.5
      vertex -26.8 17.5 0.5
      vertex -14.5156 2.88734 0.5
    endloop
  endfacet
  facet normal 0 0 -1
    outer loop
      vertex -14.5156 2.88734 0.5
      vertex -26.8 17.5 0.5
      vertex -14.2957 3.83052 0.5
    endloop
  endfacet
  facet normal 0 0 -1
    outer loop
      vertex -11.7416 9.00967 0.5
      vertex -26.8 17.5 0.5
      vertex -10.8 17.5 0.5
    endloop
  endfacet
  facet normal -1 0 0
    outer loop
      vertex -26.8 17.5 0.5
      vertex -26.8 15 3
      vertex -26.8 17.5 45.5
    endloop
  endfacet
  facet normal -1 0 0
    outer loop
      vertex -26.8 17.5 0.5
      vertex -26.8 -15 3
      vertex -26.8 15 3
    endloop
  endfacet
  facet normal -1 -0 0
    outer loop
      vertex -26.8 -15 3
      vertex -26.8 -17.5 0.5
      vertex -26.8 -15 43
    endloop
  endfacet
  facet normal -1 0 0
    outer loop
      vertex -26.8 -17.5 0.5
      vertex -26.8 -15 3
      vertex -26.8 17.5 0.5
    endloop
  endfacet
  facet normal -1 0 0
    outer loop
      vertex -26.8 15 43
      vertex -26.8 17.5 45.5
      vertex -26.8 15 3
    endloop
  endfacet
  facet normal -1 0 0
    outer loop
      vertex -26.8 -15 43
      vertex -26.8 17.5 45.5
      vertex -26.8 15 43
    endloop
  endfacet
  facet normal -1 0 0
    outer loop
      vertex -26.8 -15 43
      vertex -26.8 -17.5 45.5
      vertex -26.8 17.5 45.5
    endloop
  endfacet
  facet normal -1 0 0
    outer loop
      vertex -26.8 -17.5 45.5
      vertex -26.8 -15 43
      vertex -26.8 -17.5 0.5
    endloop
  endfacet
  facet normal 0 1 -0
    outer loop
      vertex -10.8 17.5 0.5
      vertex -26.8 17.5 45.5
      vertex -10.8 17.5 45.5
    endloop
  endfacet
  facet normal 0 1 0
    outer loop
      vertex -26.8 17.5 45.5
      vertex -10.8 17.5 0.5
      vertex -26.8 17.5 0.5
    endloop
  endfacet
  facet normal 0 -1 0
    outer loop
      vertex -26.8 -17.5 0.5
      vertex -10.8 -17.5 45.5
      vertex -26.8 -17.5 45.5
    endloop
  endfacet
  facet normal 0 -1 -0
    outer loop
      vertex -10.8 -17.5 45.5
      vertex -26.8 -17.5 0.5
      vertex -10.8 -17.5 0.5
    endloop
  endfacet
  facet normal 0.995183 0.098035 -0
    outer loop
      vertex -11.699 -1.54021 0
      vertex -11.7747 -0.771756 6.53399
      vertex -11.699 -1.54021 6.55452
    endloop
  endfacet
  facet normal 0.995183 0.098035 0
    outer loop
      vertex -11.7747 -0.771756 6.53399
      vertex -11.699 -1.54021 0
      vertex -11.7747 -0.771756 0
    endloop
  endfacet
  facet normal 0.995183 0.098035 0
    outer loop
      vertex -11.699 -1.54021 84
      vertex -11.7747 -0.771756 39.466
      vertex -11.7747 -0.771756 84
    endloop
  endfacet
  facet normal 0.995183 0.098035 0
    outer loop
      vertex -11.7747 -0.771756 39.466
      vertex -11.699 -1.54021 84
      vertex -11.699 -1.54021 39.4455
    endloop
  endfacet
  facet normal 0.999463 -0.0327648 0
    outer loop
      vertex -11.8 0 6.52713
      vertex -11.7747 0.771756 0
      vertex -11.7747 0.771756 6.53399
    endloop
  endfacet
  facet normal 0.999463 -0.0327648 0
    outer loop
      vertex -11.7747 0.771756 0
      vertex -11.8 0 6.52713
      vertex -11.8 0 0
    endloop
  endfacet
  facet normal 0.999463 -0.0327648 0
    outer loop
      vertex -11.8 0 84
      vertex -11.7747 0.771756 39.466
      vertex -11.7747 0.771756 84
    endloop
  endfacet
  facet normal 0.999463 -0.0327648 0
    outer loop
      vertex -11.7747 0.771756 39.466
      vertex -11.8 0 84
      vertex -11.8 0 39.4729
    endloop
  endfacet
  facet normal 0.0327648 0.999463 -0
    outer loop
      vertex 0 -11.8 0
      vertex -0.771756 -11.7747 84
      vertex 0 -11.8 84
    endloop
  endfacet
  facet normal 0.0327648 0.999463 0
    outer loop
      vertex -0.771756 -11.7747 84
      vertex 0 -11.8 0
      vertex -0.771756 -11.7747 0
    endloop
  endfacet
  facet normal -0.956958 -0.290227 0
    outer loop
      vertex 11.3979 3.05406 0
      vertex 11.1738 3.79298 84
      vertex 11.1738 3.79298 0
    endloop
  endfacet
  facet normal -0.956958 -0.290227 0
    outer loop
      vertex 11.1738 3.79298 84
      vertex 11.3979 3.05406 0
      vertex 11.3979 3.05406 84
    endloop
  endfacet
  facet normal -0.290227 -0.956958 0
    outer loop
      vertex 3.05406 11.3979 0
      vertex 3.79298 11.1738 84
      vertex 3.05406 11.3979 84
    endloop
  endfacet
  facet normal -0.290227 -0.956958 -0
    outer loop
      vertex 3.79298 11.1738 84
      vertex 3.05406 11.3979 0
      vertex 3.79298 11.1738 0
    endloop
  endfacet
  facet normal 0.634391 -0.773012 0
    outer loop
      vertex -7.18338 9.36157 0
      vertex -7.78028 8.87171 7.61775
      vertex -7.78028 8.87171 0
    endloop
  endfacet
  facet normal 0.634391 -0.773012 0
    outer loop
      vertex -7.78028 8.87171 7.61775
      vertex -7.18338 9.36157 0
      vertex -7.18338 9.36157 7.7797
    endloop
  endfacet
  facet normal 0.634391 -0.773012 0
    outer loop
      vertex -7.78028 8.87171 38.3822
      vertex -7.18338 9.36157 84
      vertex -7.78028 8.87171 84
    endloop
  endfacet
  facet normal 0.634391 -0.773012 0
    outer loop
      vertex -7.18338 9.36157 84
      vertex -7.78028 8.87171 38.3822
      vertex -7.18338 9.36157 38.2203
    endloop
  endfacet
  facet normal 0.729864 0.683592 -0
    outer loop
      vertex -8.34386 -8.34386 0
      vertex -8.87171 -7.78028 7.32163
      vertex -8.34386 -8.34386 7.46484
    endloop
  endfacet
  facet normal 0.729864 0.683592 0
    outer loop
      vertex -8.87171 -7.78028 7.32163
      vertex -8.34386 -8.34386 0
      vertex -8.87171 -7.78028 0
    endloop
  endfacet
  facet normal 0.729864 0.683592 0
    outer loop
      vertex -8.34386 -8.34386 84
      vertex -8.87171 -7.78028 38.6784
      vertex -8.87171 -7.78028 84
    endloop
  endfacet
  facet normal 0.729864 0.683592 0
    outer loop
      vertex -8.87171 -7.78028 38.6784
      vertex -8.34386 -8.34386 84
      vertex -8.34386 -8.34386 38.5352
    endloop
  endfacet
  facet normal -0.4714 0.88192 0
    outer loop
      vertex 5.9 -10.2191 0
      vertex 5.21901 -10.5831 84
      vertex 5.9 -10.2191 84
    endloop
  endfacet
  facet normal -0.4714 0.88192 0
    outer loop
      vertex 5.21901 -10.5831 84
      vertex 5.9 -10.2191 0
      vertex 5.21901 -10.5831 0
    endloop
  endfacet
  facet normal -0.352253 0.935905 0
    outer loop
      vertex 4.51566 -10.9018 0
      vertex 3.79298 -11.1738 84
      vertex 4.51566 -10.9018 84
    endloop
  endfacet
  facet normal -0.352253 0.935905 0
    outer loop
      vertex 3.79298 -11.1738 84
      vertex 4.51566 -10.9018 0
      vertex 3.79298 -11.1738 0
    endloop
  endfacet
  facet normal 0.849202 -0.528069 0
    outer loop
      vertex -10.2191 5.9 6.95606
      vertex -9.81134 6.55573 0
      vertex -9.81134 6.55573 7.06669
    endloop
  endfacet
  facet normal 0.849202 -0.528069 0
    outer loop
      vertex -9.81134 6.55573 0
      vertex -10.2191 5.9 6.95606
      vertex -10.2191 5.9 0
    endloop
  endfacet
  facet normal 0.849202 -0.528069 0
    outer loop
      vertex -10.2191 5.9 39.0439
      vertex -9.81134 6.55573 84
      vertex -10.2191 5.9 84
    endloop
  endfacet
  facet normal 0.849202 -0.528069 0
    outer loop
      vertex -9.81134 6.55573 84
      vertex -10.2191 5.9 39.0439
      vertex -9.81134 6.55573 38.9333
    endloop
  endfacet
  facet normal -0.227148 0.97386 0
    outer loop
      vertex 3.05406 -11.3979 0
      vertex 2.30206 -11.5733 84
      vertex 3.05406 -11.3979 84
    endloop
  endfacet
  facet normal -0.227148 0.97386 0
    outer loop
      vertex 2.30206 -11.5733 84
      vertex 3.05406 -11.3979 0
      vertex 2.30206 -11.5733 0
    endloop
  endfacet
  facet normal 0.4714 0.88192 -0
    outer loop
      vertex -5.21901 -10.5831 0
      vertex -5.9 -10.2191 84
      vertex -5.21901 -10.5831 84
    endloop
  endfacet
  facet normal 0.4714 0.88192 0
    outer loop
      vertex -5.9 -10.2191 84
      vertex -5.21901 -10.5831 0
      vertex -5.9 -10.2191 0
    endloop
  endfacet
  facet normal 0.58248 0.812845 -0
    outer loop
      vertex -6.55573 -9.81134 0
      vertex -7.18338 -9.36157 7.7797
      vertex -6.55573 -9.81134 7.95
    endloop
  endfacet
  facet normal 0.58248 0.812845 0
    outer loop
      vertex -7.18338 -9.36157 7.7797
      vertex -6.55573 -9.81134 0
      vertex -7.18338 -9.36157 0
    endloop
  endfacet
  facet normal 0.58248 0.812845 0
    outer loop
      vertex -6.55573 -9.81134 84
      vertex -7.18338 -9.36157 38.2203
      vertex -7.18338 -9.36157 84
    endloop
  endfacet
  facet normal 0.58248 0.812845 0
    outer loop
      vertex -7.18338 -9.36157 38.2203
      vertex -6.55573 -9.81134 84
      vertex -6.55573 -9.81134 38.05
    endloop
  endfacet
  facet normal -0.58248 -0.812845 0
    outer loop
      vertex 6.55573 9.81134 0
      vertex 7.18338 9.36157 84
      vertex 6.55573 9.81134 84
    endloop
  endfacet
  facet normal -0.58248 -0.812845 -0
    outer loop
      vertex 7.18338 9.36157 84
      vertex 6.55573 9.81134 0
      vertex 7.18338 9.36157 0
    endloop
  endfacet
  facet normal -0.88192 0.4714 0
    outer loop
      vertex 10.2191 -5.9 0
      vertex 10.5831 -5.21901 84
      vertex 10.5831 -5.21901 0
    endloop
  endfacet
  facet normal -0.88192 0.4714 0
    outer loop
      vertex 10.5831 -5.21901 84
      vertex 10.2191 -5.9 0
      vertex 10.2191 -5.9 84
    endloop
  endfacet
  facet normal -0.995183 -0.098035 0
    outer loop
      vertex 11.7747 0.771756 0
      vertex 11.699 1.54021 84
      vertex 11.699 1.54021 0
    endloop
  endfacet
  facet normal -0.995183 -0.098035 0
    outer loop
      vertex 11.699 1.54021 84
      vertex 11.7747 0.771756 0
      vertex 11.7747 0.771756 84
    endloop
  endfacet
  facet normal -0.999463 -0.0327648 0
    outer loop
      vertex 11.8 0 0
      vertex 11.7747 0.771756 84
      vertex 11.7747 0.771756 0
    endloop
  endfacet
  facet normal -0.999463 -0.0327648 0
    outer loop
      vertex 11.7747 0.771756 84
      vertex 11.8 0 0
      vertex 11.8 0 84
    endloop
  endfacet
  facet normal -0.935905 0.352253 0
    outer loop
      vertex 10.9018 -4.51566 0
      vertex 11.1738 -3.79298 84
      vertex 11.1738 -3.79298 0
    endloop
  endfacet
  facet normal -0.935905 0.352253 0
    outer loop
      vertex 11.1738 -3.79298 84
      vertex 10.9018 -4.51566 0
      vertex 10.9018 -4.51566 84
    endloop
  endfacet
  facet normal -0.162792 0.98666 0
    outer loop
      vertex 2.30206 -11.5733 0
      vertex 1.54021 -11.699 84
      vertex 2.30206 -11.5733 84
    endloop
  endfacet
  facet normal -0.162792 0.98666 0
    outer loop
      vertex 1.54021 -11.699 84
      vertex 2.30206 -11.5733 0
      vertex 1.54021 -11.699 0
    endloop
  endfacet
  facet normal 0.58248 -0.812845 0
    outer loop
      vertex -6.55573 9.81134 0
      vertex -7.18338 9.36157 7.7797
      vertex -7.18338 9.36157 0
    endloop
  endfacet
  facet normal 0.58248 -0.812845 0
    outer loop
      vertex -7.18338 9.36157 7.7797
      vertex -6.55573 9.81134 0
      vertex -6.55573 9.81134 7.95
    endloop
  endfacet
  facet normal 0.58248 -0.812845 0
    outer loop
      vertex -7.18338 9.36157 38.2203
      vertex -6.55573 9.81134 84
      vertex -7.18338 9.36157 84
    endloop
  endfacet
  facet normal 0.58248 -0.812845 0
    outer loop
      vertex -6.55573 9.81134 84
      vertex -7.18338 9.36157 38.2203
      vertex -6.55573 9.81134 38.05
    endloop
  endfacet
  facet normal 0.97386 0.227148 -0
    outer loop
      vertex -11.3979 -3.05406 0
      vertex -11.5733 -2.30206 6.58865
      vertex -11.3979 -3.05406 6.63622
    endloop
  endfacet
  facet normal 0.97386 0.227148 0
    outer loop
      vertex -11.5733 -2.30206 6.58865
      vertex -11.3979 -3.05406 0
      vertex -11.5733 -2.30206 0
    endloop
  endfacet
  facet normal 0.97386 0.227148 0
    outer loop
      vertex -11.3979 -3.05406 84
      vertex -11.5733 -2.30206 39.4114
      vertex -11.5733 -2.30206 84
    endloop
  endfacet
  facet normal 0.97386 0.227148 0
    outer loop
      vertex -11.5733 -2.30206 39.4114
      vertex -11.3979 -3.05406 84
      vertex -11.3979 -3.05406 39.3638
    endloop
  endfacet
  facet normal -0.773012 -0.634391 0
    outer loop
      vertex 9.36157 7.18338 0
      vertex 8.87171 7.78028 84
      vertex 8.87171 7.78028 0
    endloop
  endfacet
  facet normal -0.773012 -0.634391 0
    outer loop
      vertex 8.87171 7.78028 84
      vertex 9.36157 7.18338 0
      vertex 9.36157 7.18338 84
    endloop
  endfacet
  facet normal 0.162792 -0.98666 0
    outer loop
      vertex -2.30206 11.5733 0
      vertex -1.54021 11.699 84
      vertex -2.30206 11.5733 84
    endloop
  endfacet
  facet normal 0.162792 -0.98666 0
    outer loop
      vertex -1.54021 11.699 84
      vertex -2.30206 11.5733 0
      vertex -1.54021 11.699 0
    endloop
  endfacet
  facet normal -0.528069 0.849202 0
    outer loop
      vertex 6.55573 -9.81134 0
      vertex 5.9 -10.2191 84
      vertex 6.55573 -9.81134 84
    endloop
  endfacet
  facet normal -0.528069 0.849202 0
    outer loop
      vertex 5.9 -10.2191 84
      vertex 6.55573 -9.81134 0
      vertex 5.9 -10.2191 0
    endloop
  endfacet
  facet normal -0.98666 -0.162792 0
    outer loop
      vertex 11.699 1.54021 0
      vertex 11.5733 2.30206 84
      vertex 11.5733 2.30206 0
    endloop
  endfacet
  facet normal -0.98666 -0.162792 0
    outer loop
      vertex 11.5733 2.30206 84
      vertex 11.699 1.54021 0
      vertex 11.699 1.54021 84
    endloop
  endfacet
  facet normal -0.812845 0.58248 0
    outer loop
      vertex 9.36157 -7.18338 0
      vertex 9.81134 -6.55573 84
      vertex 9.81134 -6.55573 0
    endloop
  endfacet
  facet normal -0.812845 0.58248 0
    outer loop
      vertex 9.81134 -6.55573 84
      vertex 9.36157 -7.18338 0
      vertex 9.36157 -7.18338 84
    endloop
  endfacet
  facet normal -0.729864 0.683592 0
    outer loop
      vertex 8.34386 -8.34386 0
      vertex 8.87171 -7.78028 84
      vertex 8.87171 -7.78028 0
    endloop
  endfacet
  facet normal -0.729864 0.683592 0
    outer loop
      vertex 8.87171 -7.78028 84
      vertex 8.34386 -8.34386 0
      vertex 8.34386 -8.34386 84
    endloop
  endfacet
  facet normal -0.812845 -0.58248 0
    outer loop
      vertex 9.81134 6.55573 0
      vertex 9.36157 7.18338 84
      vertex 9.36157 7.18338 0
    endloop
  endfacet
  facet normal -0.812845 -0.58248 0
    outer loop
      vertex 9.36157 7.18338 84
      vertex 9.81134 6.55573 0
      vertex 9.81134 6.55573 84
    endloop
  endfacet
  facet normal 0.935905 -0.352253 0
    outer loop
      vertex -11.1738 3.79298 6.69704
      vertex -10.9018 4.51566 0
      vertex -10.9018 4.51566 6.77084
    endloop
  endfacet
  facet normal 0.935905 -0.352253 0
    outer loop
      vertex -10.9018 4.51566 0
      vertex -11.1738 3.79298 6.69704
      vertex -11.1738 3.79298 0
    endloop
  endfacet
  facet normal 0.935905 -0.352253 0
    outer loop
      vertex -11.1738 3.79298 39.303
      vertex -10.9018 4.51566 84
      vertex -11.1738 3.79298 84
    endloop
  endfacet
  facet normal 0.935905 -0.352253 0
    outer loop
      vertex -10.9018 4.51566 84
      vertex -11.1738 3.79298 39.303
      vertex -10.9018 4.51566 39.2292
    endloop
  endfacet
  facet normal 0.098035 0.995183 -0
    outer loop
      vertex -0.771756 -11.7747 0
      vertex -1.54021 -11.699 84
      vertex -0.771756 -11.7747 84
    endloop
  endfacet
  facet normal 0.098035 0.995183 0
    outer loop
      vertex -1.54021 -11.699 84
      vertex -0.771756 -11.7747 0
      vertex -1.54021 -11.699 0
    endloop
  endfacet
  facet normal 0.773012 0.634391 -0
    outer loop
      vertex -8.87171 -7.78028 0
      vertex -9.36157 -7.18338 7.18872
      vertex -8.87171 -7.78028 7.32163
    endloop
  endfacet
  facet normal 0.773012 0.634391 0
    outer loop
      vertex -9.36157 -7.18338 7.18872
      vertex -8.87171 -7.78028 0
      vertex -9.36157 -7.18338 0
    endloop
  endfacet
  facet normal 0.773012 0.634391 0
    outer loop
      vertex -8.87171 -7.78028 84
      vertex -9.36157 -7.18338 38.8113
      vertex -9.36157 -7.18338 84
    endloop
  endfacet
  facet normal 0.773012 0.634391 0
    outer loop
      vertex -9.36157 -7.18338 38.8113
      vertex -8.87171 -7.78028 84
      vertex -8.87171 -7.78028 38.6784
    endloop
  endfacet
  facet normal -0.956958 0.290227 0
    outer loop
      vertex 11.1738 -3.79298 0
      vertex 11.3979 -3.05406 84
      vertex 11.3979 -3.05406 0
    endloop
  endfacet
  facet normal -0.956958 0.290227 0
    outer loop
      vertex 11.3979 -3.05406 84
      vertex 11.1738 -3.79298 0
      vertex 11.1738 -3.79298 84
    endloop
  endfacet
  facet normal 0.98666 0.162792 -0
    outer loop
      vertex -11.5733 -2.30206 0
      vertex -11.699 -1.54021 6.55452
      vertex -11.5733 -2.30206 6.58865
    endloop
  endfacet
  facet normal 0.98666 0.162792 0
    outer loop
      vertex -11.699 -1.54021 6.55452
      vertex -11.5733 -2.30206 0
      vertex -11.699 -1.54021 0
    endloop
  endfacet
  facet normal 0.98666 0.162792 0
    outer loop
      vertex -11.5733 -2.30206 84
      vertex -11.699 -1.54021 39.4455
      vertex -11.699 -1.54021 84
    endloop
  endfacet
  facet normal 0.98666 0.162792 0
    outer loop
      vertex -11.699 -1.54021 39.4455
      vertex -11.5733 -2.30206 84
      vertex -11.5733 -2.30206 39.4114
    endloop
  endfacet
  facet normal 0.634391 0.773012 -0
    outer loop
      vertex -7.18338 -9.36157 0
      vertex -7.78028 -8.87171 7.61775
      vertex -7.18338 -9.36157 7.7797
    endloop
  endfacet
  facet normal 0.634391 0.773012 0
    outer loop
      vertex -7.78028 -8.87171 7.61775
      vertex -7.18338 -9.36157 0
      vertex -7.78028 -8.87171 0
    endloop
  endfacet
  facet normal 0.634391 0.773012 0
    outer loop
      vertex -7.18338 -9.36157 84
      vertex -7.78028 -8.87171 38.3822
      vertex -7.78028 -8.87171 84
    endloop
  endfacet
  facet normal 0.634391 0.773012 0
    outer loop
      vertex -7.78028 -8.87171 38.3822
      vertex -7.18338 -9.36157 84
      vertex -7.18338 -9.36157 38.2203
    endloop
  endfacet
  facet normal 0.812845 0.58248 -0
    outer loop
      vertex -9.36157 -7.18338 0
      vertex -9.81134 -6.55573 7.06669
      vertex -9.36157 -7.18338 7.18872
    endloop
  endfacet
  facet normal 0.812845 0.58248 0
    outer loop
      vertex -9.81134 -6.55573 7.06669
      vertex -9.36157 -7.18338 0
      vertex -9.81134 -6.55573 0
    endloop
  endfacet
  facet normal 0.812845 0.58248 0
    outer loop
      vertex -9.36157 -7.18338 84
      vertex -9.81134 -6.55573 38.9333
      vertex -9.81134 -6.55573 84
    endloop
  endfacet
  facet normal 0.812845 0.58248 0
    outer loop
      vertex -9.81134 -6.55573 38.9333
      vertex -9.36157 -7.18338 84
      vertex -9.36157 -7.18338 38.8113
    endloop
  endfacet
  facet normal 0.97386 -0.227148 0
    outer loop
      vertex -11.5733 2.30206 6.58865
      vertex -11.3979 3.05406 0
      vertex -11.3979 3.05406 6.63622
    endloop
  endfacet
  facet normal 0.97386 -0.227148 0
    outer loop
      vertex -11.3979 3.05406 0
      vertex -11.5733 2.30206 6.58865
      vertex -11.5733 2.30206 0
    endloop
  endfacet
  facet normal 0.97386 -0.227148 0
    outer loop
      vertex -11.5733 2.30206 39.4114
      vertex -11.3979 3.05406 84
      vertex -11.5733 2.30206 84
    endloop
  endfacet
  facet normal 0.97386 -0.227148 0
    outer loop
      vertex -11.3979 3.05406 84
      vertex -11.5733 2.30206 39.4114
      vertex -11.3979 3.05406 39.3638
    endloop
  endfacet
  facet normal -0.683592 -0.729864 0
    outer loop
      vertex 7.78028 8.87171 0
      vertex 8.34386 8.34386 84
      vertex 7.78028 8.87171 84
    endloop
  endfacet
  facet normal -0.683592 -0.729864 -0
    outer loop
      vertex 8.34386 8.34386 84
      vertex 7.78028 8.87171 0
      vertex 8.34386 8.34386 0
    endloop
  endfacet
  facet normal 0.352253 -0.935905 0
    outer loop
      vertex -4.51566 10.9018 0
      vertex -3.79298 11.1738 84
      vertex -4.51566 10.9018 84
    endloop
  endfacet
  facet normal 0.352253 -0.935905 0
    outer loop
      vertex -3.79298 11.1738 84
      vertex -4.51566 10.9018 0
      vertex -3.79298 11.1738 0
    endloop
  endfacet
  facet normal -0.97386 -0.227148 0
    outer loop
      vertex 11.5733 2.30206 0
      vertex 11.3979 3.05406 84
      vertex 11.3979 3.05406 0
    endloop
  endfacet
  facet normal -0.97386 -0.227148 0
    outer loop
      vertex 11.3979 3.05406 84
      vertex 11.5733 2.30206 0
      vertex 11.5733 2.30206 84
    endloop
  endfacet
  facet normal 0.849202 0.528069 -0
    outer loop
      vertex -9.81134 -6.55573 0
      vertex -10.2191 -5.9 6.95606
      vertex -9.81134 -6.55573 7.06669
    endloop
  endfacet
  facet normal 0.849202 0.528069 0
    outer loop
      vertex -10.2191 -5.9 6.95606
      vertex -9.81134 -6.55573 0
      vertex -10.2191 -5.9 0
    endloop
  endfacet
  facet normal 0.849202 0.528069 0
    outer loop
      vertex -9.81134 -6.55573 84
      vertex -10.2191 -5.9 39.0439
      vertex -10.2191 -5.9 84
    endloop
  endfacet
  facet normal 0.849202 0.528069 0
    outer loop
      vertex -10.2191 -5.9 39.0439
      vertex -9.81134 -6.55573 84
      vertex -9.81134 -6.55573 38.9333
    endloop
  endfacet
  facet normal -0.0327648 -0.999463 0
    outer loop
      vertex 0 11.8 0
      vertex 0.771756 11.7747 84
      vertex 0 11.8 84
    endloop
  endfacet
  facet normal -0.0327648 -0.999463 -0
    outer loop
      vertex 0.771756 11.7747 84
      vertex 0 11.8 0
      vertex 0.771756 11.7747 0
    endloop
  endfacet
  facet normal -0.528069 -0.849202 0
    outer loop
      vertex 5.9 10.2191 0
      vertex 6.55573 9.81134 84
      vertex 5.9 10.2191 84
    endloop
  endfacet
  facet normal -0.528069 -0.849202 -0
    outer loop
      vertex 6.55573 9.81134 84
      vertex 5.9 10.2191 0
      vertex 6.55573 9.81134 0
    endloop
  endfacet
  facet normal 0.729864 -0.683592 0
    outer loop
      vertex -8.87171 7.78028 7.32163
      vertex -8.34386 8.34386 0
      vertex -8.34386 8.34386 7.46484
    endloop
  endfacet
  facet normal 0.729864 -0.683592 0
    outer loop
      vertex -8.34386 8.34386 0
      vertex -8.87171 7.78028 7.32163
      vertex -8.87171 7.78028 0
    endloop
  endfacet
  facet normal 0.729864 -0.683592 0
    outer loop
      vertex -8.87171 7.78028 38.6784
      vertex -8.34386 8.34386 84
      vertex -8.87171 7.78028 84
    endloop
  endfacet
  facet normal 0.729864 -0.683592 0
    outer loop
      vertex -8.34386 8.34386 84
      vertex -8.87171 7.78028 38.6784
      vertex -8.34386 8.34386 38.5352
    endloop
  endfacet
  facet normal -0.910856 0.412725 0
    outer loop
      vertex 10.5831 -5.21901 0
      vertex 10.9018 -4.51566 84
      vertex 10.9018 -4.51566 0
    endloop
  endfacet
  facet normal -0.910856 0.412725 0
    outer loop
      vertex 10.9018 -4.51566 84
      vertex 10.5831 -5.21901 0
      vertex 10.5831 -5.21901 84
    endloop
  endfacet
  facet normal -0.849202 -0.528069 0
    outer loop
      vertex 10.2191 5.9 0
      vertex 9.81134 6.55573 84
      vertex 9.81134 6.55573 0
    endloop
  endfacet
  facet normal -0.849202 -0.528069 0
    outer loop
      vertex 9.81134 6.55573 84
      vertex 10.2191 5.9 0
      vertex 10.2191 5.9 84
    endloop
  endfacet
  facet normal 0.956958 -0.290227 0
    outer loop
      vertex -11.3979 3.05406 6.63622
      vertex -11.1738 3.79298 0
      vertex -11.1738 3.79298 6.69704
    endloop
  endfacet
  facet normal 0.956958 -0.290227 0
    outer loop
      vertex -11.1738 3.79298 0
      vertex -11.3979 3.05406 6.63622
      vertex -11.3979 3.05406 0
    endloop
  endfacet
  facet normal 0.956958 -0.290227 0
    outer loop
      vertex -11.3979 3.05406 39.3638
      vertex -11.1738 3.79298 84
      vertex -11.3979 3.05406 84
    endloop
  endfacet
  facet normal 0.956958 -0.290227 0
    outer loop
      vertex -11.1738 3.79298 84
      vertex -11.3979 3.05406 39.3638
      vertex -11.1738 3.79298 39.303
    endloop
  endfacet
  facet normal 0.227148 -0.97386 0
    outer loop
      vertex -3.05406 11.3979 0
      vertex -2.30206 11.5733 84
      vertex -3.05406 11.3979 84
    endloop
  endfacet
  facet normal 0.227148 -0.97386 0
    outer loop
      vertex -2.30206 11.5733 84
      vertex -3.05406 11.3979 0
      vertex -2.30206 11.5733 0
    endloop
  endfacet
  facet normal -0.683592 0.729864 0
    outer loop
      vertex 8.34386 -8.34386 0
      vertex 7.78028 -8.87171 84
      vertex 8.34386 -8.34386 84
    endloop
  endfacet
  facet normal -0.683592 0.729864 0
    outer loop
      vertex 7.78028 -8.87171 84
      vertex 8.34386 -8.34386 0
      vertex 7.78028 -8.87171 0
    endloop
  endfacet
  facet normal 0.162792 0.98666 -0
    outer loop
      vertex -1.54021 -11.699 0
      vertex -2.30206 -11.5733 84
      vertex -1.54021 -11.699 84
    endloop
  endfacet
  facet normal 0.162792 0.98666 0
    outer loop
      vertex -2.30206 -11.5733 84
      vertex -1.54021 -11.699 0
      vertex -2.30206 -11.5733 0
    endloop
  endfacet
  facet normal 0.995183 -0.098035 0
    outer loop
      vertex -11.7747 0.771756 6.53399
      vertex -11.699 1.54021 0
      vertex -11.699 1.54021 6.55452
    endloop
  endfacet
  facet normal 0.995183 -0.098035 0
    outer loop
      vertex -11.699 1.54021 0
      vertex -11.7747 0.771756 6.53399
      vertex -11.7747 0.771756 0
    endloop
  endfacet
  facet normal 0.995183 -0.098035 0
    outer loop
      vertex -11.7747 0.771756 39.466
      vertex -11.699 1.54021 84
      vertex -11.7747 0.771756 84
    endloop
  endfacet
  facet normal 0.995183 -0.098035 0
    outer loop
      vertex -11.699 1.54021 84
      vertex -11.7747 0.771756 39.466
      vertex -11.699 1.54021 39.4455
    endloop
  endfacet
  facet normal -0.995183 0.098035 0
    outer loop
      vertex 11.699 -1.54021 0
      vertex 11.7747 -0.771756 84
      vertex 11.7747 -0.771756 0
    endloop
  endfacet
  facet normal -0.995183 0.098035 0
    outer loop
      vertex 11.7747 -0.771756 84
      vertex 11.699 -1.54021 0
      vertex 11.699 -1.54021 84
    endloop
  endfacet
  facet normal 0.812845 -0.58248 0
    outer loop
      vertex -9.81134 6.55573 7.06669
      vertex -9.36157 7.18338 0
      vertex -9.36157 7.18338 7.18872
    endloop
  endfacet
  facet normal 0.812845 -0.58248 0
    outer loop
      vertex -9.36157 7.18338 0
      vertex -9.81134 6.55573 7.06669
      vertex -9.81134 6.55573 0
    endloop
  endfacet
  facet normal 0.812845 -0.58248 0
    outer loop
      vertex -9.81134 6.55573 38.9333
      vertex -9.36157 7.18338 84
      vertex -9.81134 6.55573 84
    endloop
  endfacet
  facet normal 0.812845 -0.58248 0
    outer loop
      vertex -9.36157 7.18338 84
      vertex -9.81134 6.55573 38.9333
      vertex -9.36157 7.18338 38.8113
    endloop
  endfacet
  facet normal -0.999463 0.0327648 0
    outer loop
      vertex 11.7747 -0.771756 0
      vertex 11.8 0 84
      vertex 11.8 0 0
    endloop
  endfacet
  facet normal -0.999463 0.0327648 0
    outer loop
      vertex 11.8 0 84
      vertex 11.7747 -0.771756 0
      vertex 11.7747 -0.771756 84
    endloop
  endfacet
  facet normal -0.0327648 0.999463 0
    outer loop
      vertex 0.771756 -11.7747 0
      vertex 0 -11.8 84
      vertex 0.771756 -11.7747 84
    endloop
  endfacet
  facet normal -0.0327648 0.999463 0
    outer loop
      vertex 0 -11.8 84
      vertex 0.771756 -11.7747 0
      vertex 0 -11.8 0
    endloop
  endfacet
  facet normal -0.4714 -0.88192 0
    outer loop
      vertex 5.21901 10.5831 0
      vertex 5.9 10.2191 84
      vertex 5.21901 10.5831 84
    endloop
  endfacet
  facet normal -0.4714 -0.88192 -0
    outer loop
      vertex 5.9 10.2191 84
      vertex 5.21901 10.5831 0
      vertex 5.9 10.2191 0
    endloop
  endfacet
  facet normal 0.88192 -0.4714 0
    outer loop
      vertex -10.5831 5.21901 6.8573
      vertex -10.2191 5.9 0
      vertex -10.2191 5.9 6.95606
    endloop
  endfacet
  facet normal 0.88192 -0.4714 0
    outer loop
      vertex -10.2191 5.9 0
      vertex -10.5831 5.21901 6.8573
      vertex -10.5831 5.21901 0
    endloop
  endfacet
  facet normal 0.88192 -0.4714 0
    outer loop
      vertex -10.5831 5.21901 39.1427
      vertex -10.2191 5.9 84
      vertex -10.5831 5.21901 84
    endloop
  endfacet
  facet normal 0.88192 -0.4714 0
    outer loop
      vertex -10.2191 5.9 84
      vertex -10.5831 5.21901 39.1427
      vertex -10.2191 5.9 39.0439
    endloop
  endfacet
  facet normal 0.227148 0.97386 -0
    outer loop
      vertex -2.30206 -11.5733 0
      vertex -3.05406 -11.3979 84
      vertex -2.30206 -11.5733 84
    endloop
  endfacet
  facet normal 0.227148 0.97386 0
    outer loop
      vertex -3.05406 -11.3979 84
      vertex -2.30206 -11.5733 0
      vertex -3.05406 -11.3979 0
    endloop
  endfacet
  facet normal -0.412725 -0.910856 0
    outer loop
      vertex 4.51566 10.9018 0
      vertex 5.21901 10.5831 84
      vertex 4.51566 10.9018 84
    endloop
  endfacet
  facet normal -0.412725 -0.910856 -0
    outer loop
      vertex 5.21901 10.5831 84
      vertex 4.51566 10.9018 0
      vertex 5.21901 10.5831 0
    endloop
  endfacet
  facet normal 0.910856 0.412725 -0
    outer loop
      vertex -10.5831 -5.21901 0
      vertex -10.9018 -4.51566 6.77084
      vertex -10.5831 -5.21901 6.8573
    endloop
  endfacet
  facet normal 0.910856 0.412725 0
    outer loop
      vertex -10.9018 -4.51566 6.77084
      vertex -10.5831 -5.21901 0
      vertex -10.9018 -4.51566 0
    endloop
  endfacet
  facet normal 0.910856 0.412725 0
    outer loop
      vertex -10.5831 -5.21901 84
      vertex -10.9018 -4.51566 39.2292
      vertex -10.9018 -4.51566 84
    endloop
  endfacet
  facet normal 0.910856 0.412725 0
    outer loop
      vertex -10.9018 -4.51566 39.2292
      vertex -10.5831 -5.21901 84
      vertex -10.5831 -5.21901 39.1427
    endloop
  endfacet
  facet normal -0.098035 0.995183 0
    outer loop
      vertex 1.54021 -11.699 0
      vertex 0.771756 -11.7747 84
      vertex 1.54021 -11.699 84
    endloop
  endfacet
  facet normal -0.098035 0.995183 0
    outer loop
      vertex 0.771756 -11.7747 84
      vertex 1.54021 -11.699 0
      vertex 0.771756 -11.7747 0
    endloop
  endfacet
  facet normal 0.290227 0.956958 -0
    outer loop
      vertex -3.05406 -11.3979 0
      vertex -3.79298 -11.1738 84
      vertex -3.05406 -11.3979 84
    endloop
  endfacet
  facet normal 0.290227 0.956958 0
    outer loop
      vertex -3.79298 -11.1738 84
      vertex -3.05406 -11.3979 0
      vertex -3.79298 -11.1738 0
    endloop
  endfacet
  facet normal -0.910856 -0.412725 0
    outer loop
      vertex 10.9018 4.51566 0
      vertex 10.5831 5.21901 84
      vertex 10.5831 5.21901 0
    endloop
  endfacet
  facet normal -0.910856 -0.412725 0
    outer loop
      vertex 10.5831 5.21901 84
      vertex 10.9018 4.51566 0
      vertex 10.9018 4.51566 84
    endloop
  endfacet
  facet normal 0.098035 -0.995183 0
    outer loop
      vertex -1.54021 11.699 0
      vertex -0.771756 11.7747 84
      vertex -1.54021 11.699 84
    endloop
  endfacet
  facet normal 0.098035 -0.995183 0
    outer loop
      vertex -0.771756 11.7747 84
      vertex -1.54021 11.699 0
      vertex -0.771756 11.7747 0
    endloop
  endfacet
  facet normal 0.683592 0.729864 -0
    outer loop
      vertex -7.78028 -8.87171 0
      vertex -8.34386 -8.34386 7.46484
      vertex -7.78028 -8.87171 7.61775
    endloop
  endfacet
  facet normal 0.683592 0.729864 0
    outer loop
      vertex -8.34386 -8.34386 7.46484
      vertex -7.78028 -8.87171 0
      vertex -8.34386 -8.34386 0
    endloop
  endfacet
  facet normal 0.683592 0.729864 0
    outer loop
      vertex -7.78028 -8.87171 84
      vertex -8.34386 -8.34386 38.5352
      vertex -8.34386 -8.34386 84
    endloop
  endfacet
  facet normal 0.683592 0.729864 0
    outer loop
      vertex -8.34386 -8.34386 38.5352
      vertex -7.78028 -8.87171 84
      vertex -7.78028 -8.87171 38.3822
    endloop
  endfacet
  facet normal 0.935905 0.352253 -0
    outer loop
      vertex -10.9018 -4.51566 0
      vertex -11.1738 -3.79298 6.69704
      vertex -10.9018 -4.51566 6.77084
    endloop
  endfacet
  facet normal 0.935905 0.352253 0
    outer loop
      vertex -11.1738 -3.79298 6.69704
      vertex -10.9018 -4.51566 0
      vertex -11.1738 -3.79298 0
    endloop
  endfacet
  facet normal 0.935905 0.352253 0
    outer loop
      vertex -10.9018 -4.51566 84
      vertex -11.1738 -3.79298 39.303
      vertex -11.1738 -3.79298 84
    endloop
  endfacet
  facet normal 0.935905 0.352253 0
    outer loop
      vertex -11.1738 -3.79298 39.303
      vertex -10.9018 -4.51566 84
      vertex -10.9018 -4.51566 39.2292
    endloop
  endfacet
  facet normal -0.352253 -0.935905 0
    outer loop
      vertex 3.79298 11.1738 0
      vertex 4.51566 10.9018 84
      vertex 3.79298 11.1738 84
    endloop
  endfacet
  facet normal -0.352253 -0.935905 -0
    outer loop
      vertex 4.51566 10.9018 84
      vertex 3.79298 11.1738 0
      vertex 4.51566 10.9018 0
    endloop
  endfacet
  facet normal 0.98666 -0.162792 0
    outer loop
      vertex -11.699 1.54021 6.55452
      vertex -11.5733 2.30206 0
      vertex -11.5733 2.30206 6.58865
    endloop
  endfacet
  facet normal 0.98666 -0.162792 0
    outer loop
      vertex -11.5733 2.30206 0
      vertex -11.699 1.54021 6.55452
      vertex -11.699 1.54021 0
    endloop
  endfacet
  facet normal 0.98666 -0.162792 0
    outer loop
      vertex -11.699 1.54021 39.4455
      vertex -11.5733 2.30206 84
      vertex -11.699 1.54021 84
    endloop
  endfacet
  facet normal 0.98666 -0.162792 0
    outer loop
      vertex -11.5733 2.30206 84
      vertex -11.699 1.54021 39.4455
      vertex -11.5733 2.30206 39.4114
    endloop
  endfacet
  facet normal 0.88192 0.4714 -0
    outer loop
      vertex -10.2191 -5.9 0
      vertex -10.5831 -5.21901 6.8573
      vertex -10.2191 -5.9 6.95606
    endloop
  endfacet
  facet normal 0.88192 0.4714 0
    outer loop
      vertex -10.5831 -5.21901 6.8573
      vertex -10.2191 -5.9 0
      vertex -10.5831 -5.21901 0
    endloop
  endfacet
  facet normal 0.88192 0.4714 0
    outer loop
      vertex -10.2191 -5.9 84
      vertex -10.5831 -5.21901 39.1427
      vertex -10.5831 -5.21901 84
    endloop
  endfacet
  facet normal 0.88192 0.4714 0
    outer loop
      vertex -10.5831 -5.21901 39.1427
      vertex -10.2191 -5.9 84
      vertex -10.2191 -5.9 39.0439
    endloop
  endfacet
  facet normal -0.849202 0.528069 0
    outer loop
      vertex 9.81134 -6.55573 0
      vertex 10.2191 -5.9 84
      vertex 10.2191 -5.9 0
    endloop
  endfacet
  facet normal -0.849202 0.528069 0
    outer loop
      vertex 10.2191 -5.9 84
      vertex 9.81134 -6.55573 0
      vertex 9.81134 -6.55573 84
    endloop
  endfacet
  facet normal -0.162792 -0.98666 0
    outer loop
      vertex 1.54021 11.699 0
      vertex 2.30206 11.5733 84
      vertex 1.54021 11.699 84
    endloop
  endfacet
  facet normal -0.162792 -0.98666 -0
    outer loop
      vertex 2.30206 11.5733 84
      vertex 1.54021 11.699 0
      vertex 2.30206 11.5733 0
    endloop
  endfacet
  facet normal 0.683592 -0.729864 0
    outer loop
      vertex -7.78028 8.87171 0
      vertex -8.34386 8.34386 7.46484
      vertex -8.34386 8.34386 0
    endloop
  endfacet
  facet normal 0.683592 -0.729864 0
    outer loop
      vertex -8.34386 8.34386 7.46484
      vertex -7.78028 8.87171 0
      vertex -7.78028 8.87171 7.61775
    endloop
  endfacet
  facet normal 0.683592 -0.729864 0
    outer loop
      vertex -8.34386 8.34386 38.5352
      vertex -7.78028 8.87171 84
      vertex -8.34386 8.34386 84
    endloop
  endfacet
  facet normal 0.683592 -0.729864 0
    outer loop
      vertex -7.78028 8.87171 84
      vertex -8.34386 8.34386 38.5352
      vertex -7.78028 8.87171 38.3822
    endloop
  endfacet
  facet normal -0.88192 -0.4714 0
    outer loop
      vertex 10.5831 5.21901 0
      vertex 10.2191 5.9 84
      vertex 10.2191 5.9 0
    endloop
  endfacet
  facet normal -0.88192 -0.4714 0
    outer loop
      vertex 10.2191 5.9 84
      vertex 10.5831 5.21901 0
      vertex 10.5831 5.21901 84
    endloop
  endfacet
  facet normal 0.999463 0.0327648 0
    outer loop
      vertex -11.7747 -0.771756 6.53399
      vertex -11.8 0 0
      vertex -11.8 0 6.52713
    endloop
  endfacet
  facet normal 0.999463 0.0327648 0
    outer loop
      vertex -11.8 0 0
      vertex -11.7747 -0.771756 6.53399
      vertex -11.7747 -0.771756 0
    endloop
  endfacet
  facet normal 0.999463 0.0327648 0
    outer loop
      vertex -11.7747 -0.771756 84
      vertex -11.8 0 39.4729
      vertex -11.8 0 84
    endloop
  endfacet
  facet normal 0.999463 0.0327648 0
    outer loop
      vertex -11.8 0 39.4729
      vertex -11.7747 -0.771756 84
      vertex -11.7747 -0.771756 39.466
    endloop
  endfacet
  facet normal -0.634391 -0.773012 0
    outer loop
      vertex 7.18338 9.36157 0
      vertex 7.78028 8.87171 84
      vertex 7.18338 9.36157 84
    endloop
  endfacet
  facet normal -0.634391 -0.773012 -0
    outer loop
      vertex 7.78028 8.87171 84
      vertex 7.18338 9.36157 0
      vertex 7.78028 8.87171 0
    endloop
  endfacet
  facet normal 0.528069 -0.849202 0
    outer loop
      vertex -6.55573 9.81134 38.05
      vertex -5.9 10.2191 84
      vertex -6.55573 9.81134 84
    endloop
  endfacet
  facet normal 0.528064 -0.849205 1.00093e-07
    outer loop
      vertex -6.28852 9.9775 37.9775
      vertex -5.9 10.2191 84
      vertex -6.55573 9.81134 38.05
    endloop
  endfacet
  facet normal 0.528072 -0.849199 0
    outer loop
      vertex -5.9 10.2191 0
      vertex -6.28852 9.9775 37.9775
      vertex -6.28852 9.9775 8.0225
    endloop
  endfacet
  facet normal 0.528069 -0.849202 0
    outer loop
      vertex -5.9 10.2191 0
      vertex -6.55573 9.81134 7.95
      vertex -6.55573 9.81134 0
    endloop
  endfacet
  facet normal 0.528072 -0.849199 0
    outer loop
      vertex -6.28852 9.9775 37.9775
      vertex -5.9 10.2191 0
      vertex -5.9 10.2191 84
    endloop
  endfacet
  facet normal 0.528064 -0.849205 -5.6805e-07
    outer loop
      vertex -6.55573 9.81134 7.95
      vertex -5.9 10.2191 0
      vertex -6.28852 9.9775 8.0225
    endloop
  endfacet
  facet normal 0.0327648 -0.999463 0
    outer loop
      vertex -0.771756 11.7747 0
      vertex 0 11.8 84
      vertex -0.771756 11.7747 84
    endloop
  endfacet
  facet normal 0.0327648 -0.999463 0
    outer loop
      vertex 0 11.8 84
      vertex -0.771756 11.7747 0
      vertex 0 11.8 0
    endloop
  endfacet
  facet normal -0.098035 -0.995183 0
    outer loop
      vertex 0.771756 11.7747 0
      vertex 1.54021 11.699 84
      vertex 0.771756 11.7747 84
    endloop
  endfacet
  facet normal -0.098035 -0.995183 -0
    outer loop
      vertex 1.54021 11.699 84
      vertex 0.771756 11.7747 0
      vertex 1.54021 11.699 0
    endloop
  endfacet
  facet normal 0.290227 -0.956958 0
    outer loop
      vertex -3.79298 11.1738 0
      vertex -3.05406 11.3979 84
      vertex -3.79298 11.1738 84
    endloop
  endfacet
  facet normal 0.290227 -0.956958 0
    outer loop
      vertex -3.05406 11.3979 84
      vertex -3.79298 11.1738 0
      vertex -3.05406 11.3979 0
    endloop
  endfacet
  facet normal 0.956958 0.290227 -0
    outer loop
      vertex -11.1738 -3.79298 0
      vertex -11.3979 -3.05406 6.63622
      vertex -11.1738 -3.79298 6.69704
    endloop
  endfacet
  facet normal 0.956958 0.290227 0
    outer loop
      vertex -11.3979 -3.05406 6.63622
      vertex -11.1738 -3.79298 0
      vertex -11.3979 -3.05406 0
    endloop
  endfacet
  facet normal 0.956958 0.290227 0
    outer loop
      vertex -11.1738 -3.79298 84
      vertex -11.3979 -3.05406 39.3638
      vertex -11.3979 -3.05406 84
    endloop
  endfacet
  facet normal 0.956958 0.290227 0
    outer loop
      vertex -11.3979 -3.05406 39.3638
      vertex -11.1738 -3.79298 84
      vertex -11.1738 -3.79298 39.303
    endloop
  endfacet
  facet normal -0.729864 -0.683592 0
    outer loop
      vertex 8.87171 7.78028 0
      vertex 8.34386 8.34386 84
      vertex 8.34386 8.34386 0
    endloop
  endfacet
  facet normal -0.729864 -0.683592 0
    outer loop
      vertex 8.34386 8.34386 84
      vertex 8.87171 7.78028 0
      vertex 8.87171 7.78028 84
    endloop
  endfacet
  facet normal -0.97386 0.227148 0
    outer loop
      vertex 11.3979 -3.05406 0
      vertex 11.5733 -2.30206 84
      vertex 11.5733 -2.30206 0
    endloop
  endfacet
  facet normal -0.97386 0.227148 0
    outer loop
      vertex 11.5733 -2.30206 84
      vertex 11.3979 -3.05406 0
      vertex 11.3979 -3.05406 84
    endloop
  endfacet
  facet normal -0.98666 0.162792 0
    outer loop
      vertex 11.5733 -2.30206 0
      vertex 11.699 -1.54021 84
      vertex 11.699 -1.54021 0
    endloop
  endfacet
  facet normal -0.98666 0.162792 0
    outer loop
      vertex 11.699 -1.54021 84
      vertex 11.5733 -2.30206 0
      vertex 11.5733 -2.30206 84
    endloop
  endfacet
  facet normal -0.58248 0.812845 0
    outer loop
      vertex 7.18338 -9.36157 0
      vertex 6.55573 -9.81134 84
      vertex 7.18338 -9.36157 84
    endloop
  endfacet
  facet normal -0.58248 0.812845 0
    outer loop
      vertex 6.55573 -9.81134 84
      vertex 7.18338 -9.36157 0
      vertex 6.55573 -9.81134 0
    endloop
  endfacet
  facet normal -0.935905 -0.352253 0
    outer loop
      vertex 11.1738 3.79298 0
      vertex 10.9018 4.51566 84
      vertex 10.9018 4.51566 0
    endloop
  endfacet
  facet normal -0.935905 -0.352253 0
    outer loop
      vertex 10.9018 4.51566 84
      vertex 11.1738 3.79298 0
      vertex 11.1738 3.79298 84
    endloop
  endfacet
  facet normal 0.773012 -0.634391 0
    outer loop
      vertex -9.36157 7.18338 7.18872
      vertex -8.87171 7.78028 0
      vertex -8.87171 7.78028 7.32163
    endloop
  endfacet
  facet normal 0.773012 -0.634391 0
    outer loop
      vertex -8.87171 7.78028 0
      vertex -9.36157 7.18338 7.18872
      vertex -9.36157 7.18338 0
    endloop
  endfacet
  facet normal 0.773012 -0.634391 0
    outer loop
      vertex -9.36157 7.18338 38.8113
      vertex -8.87171 7.78028 84
      vertex -9.36157 7.18338 84
    endloop
  endfacet
  facet normal 0.773012 -0.634391 0
    outer loop
      vertex -8.87171 7.78028 84
      vertex -9.36157 7.18338 38.8113
      vertex -8.87171 7.78028 38.6784
    endloop
  endfacet
  facet normal -0.227148 -0.97386 0
    outer loop
      vertex 2.30206 11.5733 0
      vertex 3.05406 11.3979 84
      vertex 2.30206 11.5733 84
    endloop
  endfacet
  facet normal -0.227148 -0.97386 -0
    outer loop
      vertex 3.05406 11.3979 84
      vertex 2.30206 11.5733 0
      vertex 3.05406 11.3979 0
    endloop
  endfacet
  facet normal -0.773012 0.634391 0
    outer loop
      vertex 8.87171 -7.78028 0
      vertex 9.36157 -7.18338 84
      vertex 9.36157 -7.18338 0
    endloop
  endfacet
  facet normal -0.773012 0.634391 0
    outer loop
      vertex 9.36157 -7.18338 84
      vertex 8.87171 -7.78028 0
      vertex 8.87171 -7.78028 84
    endloop
  endfacet
  facet normal -0.412725 0.910856 0
    outer loop
      vertex 5.21901 -10.5831 0
      vertex 4.51566 -10.9018 84
      vertex 5.21901 -10.5831 84
    endloop
  endfacet
  facet normal -0.412725 0.910856 0
    outer loop
      vertex 4.51566 -10.9018 84
      vertex 5.21901 -10.5831 0
      vertex 4.51566 -10.9018 0
    endloop
  endfacet
  facet normal 0.910856 -0.412725 0
    outer loop
      vertex -10.9018 4.51566 6.77084
      vertex -10.5831 5.21901 0
      vertex -10.5831 5.21901 6.8573
    endloop
  endfacet
  facet normal 0.910856 -0.412725 0
    outer loop
      vertex -10.5831 5.21901 0
      vertex -10.9018 4.51566 6.77084
      vertex -10.9018 4.51566 0
    endloop
  endfacet
  facet normal 0.910856 -0.412725 0
    outer loop
      vertex -10.9018 4.51566 39.2292
      vertex -10.5831 5.21901 84
      vertex -10.9018 4.51566 84
    endloop
  endfacet
  facet normal 0.910856 -0.412725 0
    outer loop
      vertex -10.5831 5.21901 84
      vertex -10.9018 4.51566 39.2292
      vertex -10.5831 5.21901 39.1427
    endloop
  endfacet
  facet normal 0.352253 0.935905 -0
    outer loop
      vertex -3.79298 -11.1738 0
      vertex -4.51566 -10.9018 84
      vertex -3.79298 -11.1738 84
    endloop
  endfacet
  facet normal 0.352253 0.935905 0
    outer loop
      vertex -4.51566 -10.9018 84
      vertex -3.79298 -11.1738 0
      vertex -4.51566 -10.9018 0
    endloop
  endfacet
  facet normal 0.4714 -0.88192 0
    outer loop
      vertex -5.9 10.2191 0
      vertex -5.21901 10.5831 84
      vertex -5.9 10.2191 84
    endloop
  endfacet
  facet normal 0.4714 -0.88192 0
    outer loop
      vertex -5.21901 10.5831 84
      vertex -5.9 10.2191 0
      vertex -5.21901 10.5831 0
    endloop
  endfacet
  facet normal 0.412725 -0.910856 0
    outer loop
      vertex -5.21901 10.5831 0
      vertex -4.51566 10.9018 84
      vertex -5.21901 10.5831 84
    endloop
  endfacet
  facet normal 0.412725 -0.910856 0
    outer loop
      vertex -4.51566 10.9018 84
      vertex -5.21901 10.5831 0
      vertex -4.51566 10.9018 0
    endloop
  endfacet
  facet normal -0.290227 0.956958 0
    outer loop
      vertex 3.79298 -11.1738 0
      vertex 3.05406 -11.3979 84
      vertex 3.79298 -11.1738 84
    endloop
  endfacet
  facet normal -0.290227 0.956958 0
    outer loop
      vertex 3.05406 -11.3979 84
      vertex 3.79298 -11.1738 0
      vertex 3.05406 -11.3979 0
    endloop
  endfacet
  facet normal 0.412725 0.910856 -0
    outer loop
      vertex -4.51566 -10.9018 0
      vertex -5.21901 -10.5831 84
      vertex -4.51566 -10.9018 84
    endloop
  endfacet
  facet normal 0.412725 0.910856 0
    outer loop
      vertex -5.21901 -10.5831 84
      vertex -4.51566 -10.9018 0
      vertex -5.21901 -10.5831 0
    endloop
  endfacet
  facet normal -0.634391 0.773012 0
    outer loop
      vertex 7.78028 -8.87171 0
      vertex 7.18338 -9.36157 84
      vertex 7.78028 -8.87171 84
    endloop
  endfacet
  facet normal -0.634391 0.773012 0
    outer loop
      vertex 7.18338 -9.36157 84
      vertex 7.78028 -8.87171 0
      vertex 7.18338 -9.36157 0
    endloop
  endfacet
  facet normal 0.528069 0.849202 0
    outer loop
      vertex -5.9 -10.2191 84
      vertex -6.55573 -9.81134 38.05
      vertex -6.55573 -9.81134 84
    endloop
  endfacet
  facet normal 0.528064 0.849205 1.00093e-07
    outer loop
      vertex -5.9 -10.2191 84
      vertex -6.28852 -9.9775 37.9775
      vertex -6.55573 -9.81134 38.05
    endloop
  endfacet
  facet normal 0.528072 0.849199 -0
    outer loop
      vertex -5.9 -10.2191 0
      vertex -6.28852 -9.9775 37.9775
      vertex -5.9 -10.2191 84
    endloop
  endfacet
  facet normal 0.528072 0.849199 0
    outer loop
      vertex -6.28852 -9.9775 37.9775
      vertex -5.9 -10.2191 0
      vertex -6.28852 -9.9775 8.0225
    endloop
  endfacet
  facet normal 0.528064 0.849205 -5.6805e-07
    outer loop
      vertex -5.9 -10.2191 0
      vertex -6.55573 -9.81134 7.95
      vertex -6.28852 -9.9775 8.0225
    endloop
  endfacet
  facet normal 0.528069 0.849202 0
    outer loop
      vertex -6.55573 -9.81134 7.95
      vertex -5.9 -10.2191 0
      vertex -6.55573 -9.81134 0
    endloop
  endfacet
  facet normal 0 0 -1
    outer loop
      vertex -26.8 -15 43
      vertex -24.8 15 43
      vertex -24.8 -15 43
    endloop
  endfacet
  facet normal -0 0 -1
    outer loop
      vertex -24.8 15 43
      vertex -26.8 -15 43
      vertex -26.8 15 43
    endloop
  endfacet
  facet normal -0.261848 0.965109 0
    outer loop
      vertex -10.8 -11.2016 6.79845
      vertex -24.8 -15 43
      vertex -10.8 -11.2016 39.2015
    endloop
  endfacet
  facet normal -0.261848 0.965109 0
    outer loop
      vertex -24.8 -15 43
      vertex -10.8 -11.2016 6.79845
      vertex -24.8 -15 3
    endloop
  endfacet
  facet normal -0.261849 0.965109 0
    outer loop
      vertex -6.28852 -9.9775 8.0225
      vertex -9.93077 -10.9657 38.9657
      vertex -6.28852 -9.9775 37.9775
    endloop
  endfacet
  facet normal -0.261849 0.965109 0
    outer loop
      vertex -9.93077 -10.9657 38.9657
      vertex -6.28852 -9.9775 8.0225
      vertex -9.93077 -10.9657 7.03429
    endloop
  endfacet
  facet normal -0.261854 0 -0.965107
    outer loop
      vertex -24.8 -15 43
      vertex -10.8 -10.1077 39.2015
      vertex -10.8 -11.2016 39.2015
    endloop
  endfacet
  facet normal -0.261859 1.36302e-05 -0.965106
    outer loop
      vertex -10.8 -10.1077 39.2015
      vertex -24.8 -15 43
      vertex -10.9018 -4.51566 39.2292
    endloop
  endfacet
  facet normal -0.261851 2.21226e-06 -0.965108
    outer loop
      vertex -10.9018 -4.51566 39.2292
      vertex -24.8 -15 43
      vertex -11.1738 -3.79298 39.303
    endloop
  endfacet
  facet normal -0.261848 -1.89797e-06 -0.965109
    outer loop
      vertex -11.1738 -3.79298 39.303
      vertex -24.8 -15 43
      vertex -11.3979 -3.05406 39.3638
    endloop
  endfacet
  facet normal -0.261859 1.19298e-05 -0.965106
    outer loop
      vertex -11.3979 -3.05406 39.3638
      vertex -24.8 -15 43
      vertex -11.5733 -2.30206 39.4114
    endloop
  endfacet
  facet normal -0.261844 -4.67553e-06 -0.96511
    outer loop
      vertex -11.5733 -2.30206 39.4114
      vertex -24.8 -15 43
      vertex -11.699 -1.54021 39.4455
    endloop
  endfacet
  facet normal -0.261895 4.30415e-05 -0.965096
    outer loop
      vertex -11.7747 -0.771756 39.466
      vertex -24.8 -15 43
      vertex -11.8 0 39.4729
    endloop
  endfacet
  facet normal -0.261807 -4.39755e-05 -0.96512
    outer loop
      vertex -11.699 -1.54021 39.4455
      vertex -24.8 -15 43
      vertex -11.7747 -0.771756 39.466
    endloop
  endfacet
  facet normal -0.261851 6.88702e-06 -0.965108
    outer loop
      vertex -9.93077 -10.9657 38.9657
      vertex -6.55573 -9.81134 38.05
      vertex -6.28852 -9.9775 37.9775
    endloop
  endfacet
  facet normal -0.261853 1.30001e-05 -0.965108
    outer loop
      vertex -9.93077 -10.9657 38.9657
      vertex -7.18338 -9.36157 38.2203
      vertex -6.55573 -9.81134 38.05
    endloop
  endfacet
  facet normal -0.261817 -5.31381e-05 -0.965118
    outer loop
      vertex -9.93077 -10.9657 38.9657
      vertex -7.78028 -8.87171 38.3822
      vertex -7.18338 -9.36157 38.2203
    endloop
  endfacet
  facet normal -0.261932 7.33798e-05 -0.965086
    outer loop
      vertex -9.93077 -10.9657 38.9657
      vertex -8.34386 -8.34386 38.5352
      vertex -7.78028 -8.87171 38.3822
    endloop
  endfacet
  facet normal -0.261839 1.31154e-05 -0.965112
    outer loop
      vertex -10.4652 -10.4652 39.1107
      vertex -8.34386 -8.34386 38.5352
      vertex -9.93077 -10.9657 38.9657
    endloop
  endfacet
  facet normal -0.26179 -3.92516e-05 -0.965125
    outer loop
      vertex -10.8 -10.1077 39.2015
      vertex -8.34386 -8.34386 38.5352
      vertex -10.4652 -10.4652 39.1107
    endloop
  endfacet
  facet normal -0.26182 5.33273e-06 -0.965117
    outer loop
      vertex -8.34386 -8.34386 38.5352
      vertex -10.8 -10.1077 39.2015
      vertex -8.87171 -7.78028 38.6784
    endloop
  endfacet
  facet normal -0.261825 1.00993e-05 -0.965115
    outer loop
      vertex -8.87171 -7.78028 38.6784
      vertex -10.8 -10.1077 39.2015
      vertex -9.36157 -7.18338 38.8113
    endloop
  endfacet
  facet normal -0.261797 -5.13171e-06 -0.965123
    outer loop
      vertex -9.36157 -7.18338 38.8113
      vertex -10.8 -10.1077 39.2015
      vertex -9.81134 -6.55573 38.9333
    endloop
  endfacet
  facet normal -0.26179 -7.10548e-06 -0.965125
    outer loop
      vertex -9.81134 -6.55573 38.9333
      vertex -10.8 -10.1077 39.2015
      vertex -10.2191 -5.9 39.0439
    endloop
  endfacet
  facet normal -0.261927 1.32805e-05 -0.965088
    outer loop
      vertex -10.2191 -5.9 39.0439
      vertex -10.8 -10.1077 39.2015
      vertex -10.5831 -5.21901 39.1427
    endloop
  endfacet
  facet normal -0.261913 1.25758e-05 -0.965092
    outer loop
      vertex -10.5831 -5.21901 39.1427
      vertex -10.8 -10.1077 39.2015
      vertex -10.9018 -4.51566 39.2292
    endloop
  endfacet
  facet normal -0.261851 -6.88702e-06 -0.965108
    outer loop
      vertex -6.55573 9.81134 38.05
      vertex -9.93077 10.9657 38.9657
      vertex -6.28852 9.9775 37.9775
    endloop
  endfacet
  facet normal -0.261853 -1.30001e-05 -0.965108
    outer loop
      vertex -7.18338 9.36157 38.2203
      vertex -9.93077 10.9657 38.9657
      vertex -6.55573 9.81134 38.05
    endloop
  endfacet
  facet normal -0.261817 5.31381e-05 -0.965118
    outer loop
      vertex -7.78028 8.87171 38.3822
      vertex -9.93077 10.9657 38.9657
      vertex -7.18338 9.36157 38.2203
    endloop
  endfacet
  facet normal -0.261932 -7.33798e-05 -0.965086
    outer loop
      vertex -8.34386 8.34386 38.5352
      vertex -9.93077 10.9657 38.9657
      vertex -7.78028 8.87171 38.3822
    endloop
  endfacet
  facet normal -0.26182 -5.33273e-06 -0.965117
    outer loop
      vertex -10.8 10.1077 39.2015
      vertex -8.34386 8.34386 38.5352
      vertex -8.87171 7.78028 38.6784
    endloop
  endfacet
  facet normal -0.261825 -1.00993e-05 -0.965115
    outer loop
      vertex -10.8 10.1077 39.2015
      vertex -8.87171 7.78028 38.6784
      vertex -9.36157 7.18338 38.8113
    endloop
  endfacet
  facet normal -0.261797 5.13171e-06 -0.965123
    outer loop
      vertex -10.8 10.1077 39.2015
      vertex -9.36157 7.18338 38.8113
      vertex -9.81134 6.55573 38.9333
    endloop
  endfacet
  facet normal -0.26179 7.10548e-06 -0.965125
    outer loop
      vertex -10.8 10.1077 39.2015
      vertex -9.81134 6.55573 38.9333
      vertex -10.2191 5.9 39.0439
    endloop
  endfacet
  facet normal -0.261839 -1.31154e-05 -0.965112
    outer loop
      vertex -8.34386 8.34386 38.5352
      vertex -10.4652 10.4652 39.1107
      vertex -9.93077 10.9657 38.9657
    endloop
  endfacet
  facet normal -0.261927 -1.32805e-05 -0.965088
    outer loop
      vertex -10.8 10.1077 39.2015
      vertex -10.2191 5.9 39.0439
      vertex -10.5831 5.21901 39.1427
    endloop
  endfacet
  facet normal -0.26179 3.92516e-05 -0.965125
    outer loop
      vertex -8.34386 8.34386 38.5352
      vertex -10.8 10.1077 39.2015
      vertex -10.4652 10.4652 39.1107
    endloop
  endfacet
  facet normal -0.261913 -1.25758e-05 -0.965092
    outer loop
      vertex -10.9018 4.51566 39.2292
      vertex -10.8 10.1077 39.2015
      vertex -10.5831 5.21901 39.1427
    endloop
  endfacet
  facet normal -0.261859 -1.36302e-05 -0.965106
    outer loop
      vertex -24.8 15 43
      vertex -10.8 10.1077 39.2015
      vertex -10.9018 4.51566 39.2292
    endloop
  endfacet
  facet normal -0.261851 -2.21226e-06 -0.965108
    outer loop
      vertex -24.8 15 43
      vertex -10.9018 4.51566 39.2292
      vertex -11.1738 3.79298 39.303
    endloop
  endfacet
  facet normal -0.261848 1.89797e-06 -0.965109
    outer loop
      vertex -24.8 15 43
      vertex -11.1738 3.79298 39.303
      vertex -11.3979 3.05406 39.3638
    endloop
  endfacet
  facet normal -0.261859 -1.19298e-05 -0.965106
    outer loop
      vertex -24.8 15 43
      vertex -11.3979 3.05406 39.3638
      vertex -11.5733 2.30206 39.4114
    endloop
  endfacet
  facet normal -0.261844 4.67553e-06 -0.96511
    outer loop
      vertex -24.8 15 43
      vertex -11.5733 2.30206 39.4114
      vertex -11.699 1.54021 39.4455
    endloop
  endfacet
  facet normal -0.261807 4.39755e-05 -0.96512
    outer loop
      vertex -24.8 15 43
      vertex -11.699 1.54021 39.4455
      vertex -11.7747 0.771756 39.466
    endloop
  endfacet
  facet normal -0.261849 -0 -0.965109
    outer loop
      vertex -24.8 15 43
      vertex -11.8 0 39.4729
      vertex -24.8 -15 43
    endloop
  endfacet
  facet normal -0.261895 -4.30415e-05 -0.965096
    outer loop
      vertex -11.8 0 39.4729
      vertex -24.8 15 43
      vertex -11.7747 0.771756 39.466
    endloop
  endfacet
  facet normal -0.261854 0 -0.965107
    outer loop
      vertex -10.8 10.1077 39.2015
      vertex -24.8 15 43
      vertex -10.8 11.2016 39.2015
    endloop
  endfacet
  facet normal -0.261848 -0.965109 0
    outer loop
      vertex -24.8 15 43
      vertex -10.8 11.2016 6.79845
      vertex -10.8 11.2016 39.2015
    endloop
  endfacet
  facet normal -0.261848 -0.965109 0
    outer loop
      vertex -10.8 11.2016 6.79845
      vertex -24.8 15 43
      vertex -24.8 15 3
    endloop
  endfacet
  facet normal -0.261849 -0.965109 0
    outer loop
      vertex -9.93077 10.9657 38.9657
      vertex -6.28852 9.9775 8.0225
      vertex -6.28852 9.9775 37.9775
    endloop
  endfacet
  facet normal -0.261849 -0.965109 0
    outer loop
      vertex -6.28852 9.9775 8.0225
      vertex -9.93077 10.9657 38.9657
      vertex -9.93077 10.9657 7.03429
    endloop
  endfacet
  facet normal -0.261851 0 0.965108
    outer loop
      vertex -24.8 15 3
      vertex -10.8 10.1077 6.79845
      vertex -10.8 11.2016 6.79845
    endloop
  endfacet
  facet normal -0.261851 1.74202e-06 0.965108
    outer loop
      vertex -10.8 10.1077 6.79845
      vertex -24.8 15 3
      vertex -10.9018 4.51566 6.77084
    endloop
  endfacet
  facet normal -0.261853 -1.398e-06 0.965108
    outer loop
      vertex -10.9018 4.51566 6.77084
      vertex -24.8 15 3
      vertex -11.1738 3.79298 6.69704
    endloop
  endfacet
  facet normal -0.261866 -1.83214e-05 0.965104
    outer loop
      vertex -11.1738 3.79298 6.69704
      vertex -24.8 15 3
      vertex -11.3979 3.05406 6.63622
    endloop
  endfacet
  facet normal -0.261834 2.02232e-05 0.965113
    outer loop
      vertex -11.3979 3.05406 6.63622
      vertex -24.8 15 3
      vertex -11.5733 2.30206 6.58865
    endloop
  endfacet
  facet normal -0.261876 -2.76119e-05 0.965101
    outer loop
      vertex -11.5733 2.30206 6.58865
      vertex -24.8 15 3
      vertex -11.699 1.54021 6.55452
    endloop
  endfacet
  facet normal -0.261845 5.22665e-06 0.96511
    outer loop
      vertex -11.7747 0.771756 6.53399
      vertex -24.8 15 3
      vertex -11.8 0 6.52713
    endloop
  endfacet
  facet normal -0.261841 9.89223e-06 0.965111
    outer loop
      vertex -11.699 1.54021 6.55452
      vertex -24.8 15 3
      vertex -11.7747 0.771756 6.53399
    endloop
  endfacet
  facet normal -0.261853 -3.92026e-06 0.965108
    outer loop
      vertex -9.93077 10.9657 7.03429
      vertex -6.55573 9.81134 7.95
      vertex -6.28852 9.9775 8.0225
    endloop
  endfacet
  facet normal -0.261855 -1.02989e-05 0.965107
    outer loop
      vertex -9.93077 10.9657 7.03429
      vertex -7.18338 9.36157 7.7797
      vertex -6.55573 9.81134 7.95
    endloop
  endfacet
  facet normal -0.26185 -1.91967e-06 0.965109
    outer loop
      vertex -9.93077 10.9657 7.03429
      vertex -7.78028 8.87171 7.61775
      vertex -7.18338 9.36157 7.7797
    endloop
  endfacet
  facet normal -0.26185 -2.10053e-06 0.965108
    outer loop
      vertex -9.93077 10.9657 7.03429
      vertex -8.34386 8.34386 7.46484
      vertex -7.78028 8.87171 7.61775
    endloop
  endfacet
  facet normal -0.261849 -1.36869e-06 0.965109
    outer loop
      vertex -10.4652 10.4652 6.88929
      vertex -8.34386 8.34386 7.46484
      vertex -9.93077 10.9657 7.03429
    endloop
  endfacet
  facet normal -0.261853 -5.51068e-06 0.965108
    outer loop
      vertex -10.8 10.1077 6.79845
      vertex -8.34386 8.34386 7.46484
      vertex -10.4652 10.4652 6.88929
    endloop
  endfacet
  facet normal -0.261847 4.23185e-06 0.96511
    outer loop
      vertex -8.34386 8.34386 7.46484
      vertex -10.8 10.1077 6.79845
      vertex -8.87171 7.78028 7.32163
    endloop
  endfacet
  facet normal -0.261853 -1.71407e-06 0.965108
    outer loop
      vertex -8.87171 7.78028 7.32163
      vertex -10.8 10.1077 6.79845
      vertex -9.36157 7.18338 7.18872
    endloop
  endfacet
  facet normal -0.26185 5.43882e-08 0.965109
    outer loop
      vertex -9.36157 7.18338 7.18872
      vertex -10.8 10.1077 6.79845
      vertex -9.81134 6.55573 7.06669
    endloop
  endfacet
  facet normal -0.261847 9.60485e-07 0.965109
    outer loop
      vertex -9.81134 6.55573 7.06669
      vertex -10.8 10.1077 6.79845
      vertex -10.2191 5.9 6.95606
    endloop
  endfacet
  facet normal -0.261852 1.78279e-07 0.965108
    outer loop
      vertex -10.2191 5.9 6.95606
      vertex -10.8 10.1077 6.79845
      vertex -10.5831 5.21901 6.8573
    endloop
  endfacet
  facet normal -0.261828 1.30951e-06 0.965114
    outer loop
      vertex -10.5831 5.21901 6.8573
      vertex -10.8 10.1077 6.79845
      vertex -10.9018 4.51566 6.77084
    endloop
  endfacet
  facet normal -0.261853 3.92026e-06 0.965108
    outer loop
      vertex -6.55573 -9.81134 7.95
      vertex -9.93077 -10.9657 7.03429
      vertex -6.28852 -9.9775 8.0225
    endloop
  endfacet
  facet normal -0.261855 1.02989e-05 0.965107
    outer loop
      vertex -7.18338 -9.36157 7.7797
      vertex -9.93077 -10.9657 7.03429
      vertex -6.55573 -9.81134 7.95
    endloop
  endfacet
  facet normal -0.26185 1.91967e-06 0.965109
    outer loop
      vertex -7.78028 -8.87171 7.61775
      vertex -9.93077 -10.9657 7.03429
      vertex -7.18338 -9.36157 7.7797
    endloop
  endfacet
  facet normal -0.26185 2.10053e-06 0.965108
    outer loop
      vertex -8.34386 -8.34386 7.46484
      vertex -9.93077 -10.9657 7.03429
      vertex -7.78028 -8.87171 7.61775
    endloop
  endfacet
  facet normal -0.261847 -4.23185e-06 0.96511
    outer loop
      vertex -10.8 -10.1077 6.79845
      vertex -8.34386 -8.34386 7.46484
      vertex -8.87171 -7.78028 7.32163
    endloop
  endfacet
  facet normal -0.261853 1.71407e-06 0.965108
    outer loop
      vertex -10.8 -10.1077 6.79845
      vertex -8.87171 -7.78028 7.32163
      vertex -9.36157 -7.18338 7.18872
    endloop
  endfacet
  facet normal -0.26185 -5.43882e-08 0.965109
    outer loop
      vertex -10.8 -10.1077 6.79845
      vertex -9.36157 -7.18338 7.18872
      vertex -9.81134 -6.55573 7.06669
    endloop
  endfacet
  facet normal -0.261847 -9.60485e-07 0.965109
    outer loop
      vertex -10.8 -10.1077 6.79845
      vertex -9.81134 -6.55573 7.06669
      vertex -10.2191 -5.9 6.95606
    endloop
  endfacet
  facet normal -0.261849 1.36869e-06 0.965109
    outer loop
      vertex -8.34386 -8.34386 7.46484
      vertex -10.4652 -10.4652 6.88929
      vertex -9.93077 -10.9657 7.03429
    endloop
  endfacet
  facet normal -0.261852 -1.78279e-07 0.965108
    outer loop
      vertex -10.8 -10.1077 6.79845
      vertex -10.2191 -5.9 6.95606
      vertex -10.5831 -5.21901 6.8573
    endloop
  endfacet
  facet normal -0.261853 5.51068e-06 0.965108
    outer loop
      vertex -8.34386 -8.34386 7.46484
      vertex -10.8 -10.1077 6.79845
      vertex -10.4652 -10.4652 6.88929
    endloop
  endfacet
  facet normal -0.261828 -1.30951e-06 0.965114
    outer loop
      vertex -10.9018 -4.51566 6.77084
      vertex -10.8 -10.1077 6.79845
      vertex -10.5831 -5.21901 6.8573
    endloop
  endfacet
  facet normal -0.261851 -1.74202e-06 0.965108
    outer loop
      vertex -24.8 -15 3
      vertex -10.8 -10.1077 6.79845
      vertex -10.9018 -4.51566 6.77084
    endloop
  endfacet
  facet normal -0.261853 1.398e-06 0.965108
    outer loop
      vertex -24.8 -15 3
      vertex -10.9018 -4.51566 6.77084
      vertex -11.1738 -3.79298 6.69704
    endloop
  endfacet
  facet normal -0.261866 1.83214e-05 0.965104
    outer loop
      vertex -24.8 -15 3
      vertex -11.1738 -3.79298 6.69704
      vertex -11.3979 -3.05406 6.63622
    endloop
  endfacet
  facet normal -0.261834 -2.02232e-05 0.965113
    outer loop
      vertex -24.8 -15 3
      vertex -11.3979 -3.05406 6.63622
      vertex -11.5733 -2.30206 6.58865
    endloop
  endfacet
  facet normal -0.261876 2.76119e-05 0.965101
    outer loop
      vertex -24.8 -15 3
      vertex -11.5733 -2.30206 6.58865
      vertex -11.699 -1.54021 6.55452
    endloop
  endfacet
  facet normal -0.261841 -9.89223e-06 0.965111
    outer loop
      vertex -24.8 -15 3
      vertex -11.699 -1.54021 6.55452
      vertex -11.7747 -0.771756 6.53399
    endloop
  endfacet
  facet normal -0.261851 0 0.965108
    outer loop
      vertex -24.8 -15 3
      vertex -11.8 0 6.52713
      vertex -24.8 15 3
    endloop
  endfacet
  facet normal -0.261845 -5.22665e-06 0.96511
    outer loop
      vertex -11.8 0 6.52713
      vertex -24.8 -15 3
      vertex -11.7747 -0.771756 6.53399
    endloop
  endfacet
  facet normal -0.261851 0 0.965108
    outer loop
      vertex -10.8 -10.1077 6.79845
      vertex -24.8 -15 3
      vertex -10.8 -11.2016 6.79845
    endloop
  endfacet
  facet normal 0 1 -0
    outer loop
      vertex -24.8 -15 3
      vertex -26.8 -15 43
      vertex -24.8 -15 43
    endloop
  endfacet
  facet normal 0 1 0
    outer loop
      vertex -26.8 -15 43
      vertex -24.8 -15 3
      vertex -26.8 -15 3
    endloop
  endfacet
  facet normal -0 0 1
    outer loop
      vertex -26.8 15 3
      vertex -24.8 -15 3
      vertex -24.8 15 3
    endloop
  endfacet
  facet normal 0 0 1
    outer loop
      vertex -24.8 -15 3
      vertex -26.8 15 3
      vertex -26.8 -15 3
    endloop
  endfacet
  facet normal 0 -1 0
    outer loop
      vertex -26.8 15 3
      vertex -24.8 15 43
      vertex -26.8 15 43
    endloop
  endfacet
  facet normal 0 -1 -0
    outer loop
      vertex -24.8 15 43
      vertex -26.8 15 3
      vertex -24.8 15 3
    endloop
  endfacet
endsolid OpenSCAD_Model
