solid OpenSCAD_Model
  facet normal 0.380332 -0.919643 -0.0980013
    outer loop
      vertex 23.9586 -39.5039 11.5607
      vertex 23.9044 -39.36 10
      vertex 24.0253 -39.31 10
    endloop
  endfacet
  facet normal 0.995186 0 -0.0980073
    outer loop
      vertex 25.3537 -37.4882 11.5607
      vertex 25.2 37.4882 10
      vertex 25.3537 37.4882 11.5607
    endloop
  endfacet
  facet normal 0.995186 0 -0.0980073
    outer loop
      vertex 25.2 37.4882 10
      vertex 25.3537 -37.4882 11.5607
      vertex 25.2 -37.4882 10
    endloop
  endfacet
  facet normal -0.931515 -0.350263 -0.097959
    outer loop
      vertex -32.8704 -5.41391 11.5607
      vertex -32.92 -5.282 11.5607
      vertex -32.7284 -5.35507 10
    endloop
  endfacet
  facet normal -0.497776 0.861753 -0.0979865
    outer loop
      vertex 8.1581 34.4982 10
      vertex 7.96358 34.5633 11.5607
      vertex 8.08563 34.6338 11.5607
    endloop
  endfacet
  facet normal -0.748215 -0.656174 -0.0980309
    outer loop
      vertex -29.7843 -9.79947 10
      vertex -30.9344 -8.72121 11.5607
      vertex -30.8188 -8.61986 10
    endloop
  endfacet
  facet normal -0.748215 -0.656174 -0.0980309
    outer loop
      vertex -30.9344 -8.72121 11.5607
      vertex -29.7843 -9.79947 10
      vertex -29.8999 -9.90082 11.5607
    endloop
  endfacet
  facet normal -0.225992 -0.969185 -0.0980164
    outer loop
      vertex 17.7629 -38.4582 10
      vertex 20.1369 -39.1696 11.5607
      vertex 17.728 -38.6079 11.5607
    endloop
  endfacet
  facet normal -0.225992 -0.969185 -0.0980164
    outer loop
      vertex 20.1369 -39.1696 11.5607
      vertex 17.7629 -38.4582 10
      vertex 20.1718 -39.0199 10
    endloop
  endfacet
  facet normal 0.46891 0.877794 -0.0979904
    outer loop
      vertex 24.2769 39.3534 11.5607
      vertex 24.0846 39.2819 10
      vertex 24.1526 39.4198 11.5607
    endloop
  endfacet
  facet normal -0.994677 0.0319359 -0.0979718
    outer loop
      vertex -33.7935 -1.52588e-05 10
      vertex -33.9427 0.140854 11.5607
      vertex -33.7893 0.130798 10
    endloop
  endfacet
  facet normal 0.552908 -0.827461 -0.0979804
    outer loop
      vertex 24.4544 -39.2389 11.5607
      vertex 24.2561 -39.1866 10
      vertex 24.3649 -39.1139 10
    endloop
  endfacet
  facet normal 0.579809 0.808842 -0.0979597
    outer loop
      vertex 24.4175 39.0749 10
      vertex 24.3112 39.1511 10
      vertex 24.3966 39.2789 11.5607
    endloop
  endfacet
  facet normal -0.439969 -0.89265 -0.0979952
    outer loop
      vertex 10.3934 -35.8621 11.5607
      vertex 10.267 -35.7998 11.5607
      vertex 10.3395 -35.6642 10
    endloop
  endfacet
  facet normal -0.44019 -0.892544 -0.0979741
    outer loop
      vertex 10.3934 -35.8621 11.5607
      vertex 10.3395 -35.6642 10
      vertex 10.4569 -35.7221 10
    endloop
  endfacet
  facet normal 0.99466 0.032496 -0.0979556
    outer loop
      vertex 25.3537 37.4882 11.5607
      vertex 25.2 37.4882 10
      vertex 25.3491 37.629 11.5607
    endloop
  endfacet
  facet normal -0.320176 0.942276 -0.097999
    outer loop
      vertex 15.1457 37.6642 10
      vertex 15.0915 37.8081 11.5607
      vertex 15.2696 37.7063 10
    endloop
  endfacet
  facet normal 0.861905 -0.497516 -0.0979653
    outer loop
      vertex 25.0994 -38.5035 11.5607
      vertex 24.8984 -38.5444 10
      vertex 24.9638 -38.4311 10
    endloop
  endfacet
  facet normal 0.0656831 -0.993016 -0.0980041
    outer loop
      vertex 23.2704 -39.6408 11.5607
      vertex 23.2654 -39.4871 10
      vertex 23.411 -39.6315 11.5607
    endloop
  endfacet
  facet normal -0.680024 0.726615 -0.097969
    outer loop
      vertex -29.6949 9.895 10
      vertex -29.7007 10.1 11.5607
      vertex -29.5993 9.98447 10
    endloop
  endfacet
  facet normal 0.769486 0.6311 -0.0979998
    outer loop
      vertex 24.7867 38.7057 10
      vertex 24.7037 38.8069 10
      vertex 24.9087 38.7993 11.5607
    endloop
  endfacet
  facet normal -0.993053 0.0650827 -0.098026
    outer loop
      vertex -33.6867 1.6963 10
      vertex -33.9427 0.140854 11.5607
      vertex -33.8401 1.70636 11.5607
    endloop
  endfacet
  facet normal -0.993053 0.0650828 -0.0980258
    outer loop
      vertex -33.9427 0.140854 11.5607
      vertex -33.6867 1.6963 10
      vertex -33.7893 0.130798 10
    endloop
  endfacet
  facet normal 0.680369 0.726292 -0.0979714
    outer loop
      vertex 24.7229 39.0111 11.5607
      vertex 24.6142 38.9024 10
      vertex 24.6201 39.1074 11.5607
    endloop
  endfacet
  facet normal -0.808942 0.579663 -0.0979919
    outer loop
      vertex -30.978 8.41234 10
      vertex -31.0238 8.61226 11.5607
      vertex -30.9018 8.51868 10
    endloop
  endfacet
  facet normal -0.00070581 -0.995191 -0.0979464
    outer loop
      vertex 23.2704 -39.6408 11.5607
      vertex 23.1294 -39.6407 11.5607
      vertex 23.1345 -39.4871 10
    endloop
  endfacet
  facet normal 0.552846 -0.827504 -0.0979739
    outer loop
      vertex 24.3372 -39.3172 11.5607
      vertex 24.2561 -39.1866 10
      vertex 24.4544 -39.2389 11.5607
    endloop
  endfacet
  facet normal 0.130082 -0.986649 -0.0979943
    outer loop
      vertex 23.5508 -39.6132 11.5607
      vertex 23.396 -39.4786 10
      vertex 23.5257 -39.4615 10
    endloop
  endfacet
  facet normal 0.440539 -0.892375 -0.0979406
    outer loop
      vertex 24.2152 -39.3876 11.5607
      vertex 24.0888 -39.45 11.5607
      vertex 24.1427 -39.2521 10
    endloop
  endfacet
  facet normal 0.605602 -0.789717 -0.0979462
    outer loop
      vertex 24.5662 -39.1531 11.5607
      vertex 24.3649 -39.1139 10
      vertex 24.4687 -39.0343 10
    endloop
  endfacet
  facet normal -0.320176 -0.942276 -0.097999
    outer loop
      vertex 15.2696 -37.7063 10
      vertex 15.0915 -37.8081 11.5607
      vertex 15.1457 -37.6642 10
    endloop
  endfacet
  facet normal -0.288901 -0.952328 -0.0980153
    outer loop
      vertex 15.2696 -37.7063 10
      vertex 17.5918 -38.5714 11.5607
      vertex 15.225 -37.8534 11.5607
    endloop
  endfacet
  facet normal -0.28889 -0.95233 -0.0980336
    outer loop
      vertex 17.5918 -38.5714 11.5607
      vertex 15.2696 -37.7063 10
      vertex 17.6365 -38.4243 10
    endloop
  endfacet
  facet normal 0.990415 0.097368 -0.097971
    outer loop
      vertex 25.1957 37.619 10
      vertex 25.1829 37.7492 10
      vertex 25.3491 37.629 11.5607
    endloop
  endfacet
  facet normal 0.350285 0.931503 -0.0979887
    outer loop
      vertex 24.0242 39.478 11.5607
      vertex 23.8429 39.382 10
      vertex 23.8923 39.5276 11.5607
    endloop
  endfacet
  facet normal -0.0653914 -0.993037 -0.097983
    outer loop
      vertex 23.1345 -39.4871 10
      vertex 22.9888 -39.6315 11.5607
      vertex 23.0039 -39.4785 10
    endloop
  endfacet
  facet normal 0.844726 0.526148 -0.0980159
    outer loop
      vertex 24.9321 38.4882 10
      vertex 24.8629 38.5993 10
      vertex 24.9908 38.6847 11.5607
    endloop
  endfacet
  facet normal 0.655936 -0.748431 -0.0979771
    outer loop
      vertex 24.6722 -39.0602 11.5607
      vertex 24.5662 -39.1531 11.5607
      vertex 24.5671 -38.948 10
    endloop
  endfacet
  facet normal 0.993087 -0.0646343 -0.0979806
    outer loop
      vertex 25.3434 -37.6994 11.5607
      vertex 25.1904 -37.6843 10
      vertex 25.1989 -37.5537 10
    endloop
  endfacet
  facet normal 0.892544 -0.44019 -0.0979681
    outer loop
      vertex 25.0994 -38.5035 11.5607
      vertex 24.9638 -38.4311 10
      vertex 25.0217 -38.3137 10
    endloop
  endfacet
  facet normal -0.381261 -0.919264 -0.0979489
    outer loop
      vertex 12.7764 -36.9368 11.5607
      vertex 12.6462 -36.8828 11.5607
      vertex 12.7096 -36.7428 10
    endloop
  endfacet
  facet normal 0.656199 -0.748204 -0.0979471
    outer loop
      vertex 24.5662 -39.1531 11.5607
      vertex 24.4687 -39.0343 10
      vertex 24.5671 -38.948 10
    endloop
  endfacet
  facet normal 0.380658 -0.919511 -0.097971
    outer loop
      vertex 24.0888 -39.45 11.5607
      vertex 23.9586 -39.5039 11.5607
      vertex 24.0253 -39.31 10
    endloop
  endfacet
  facet normal -0.726556 -0.680087 -0.0979745
    outer loop
      vertex -29.8036 -10.0037 11.5607
      vertex -29.8999 -9.90082 11.5607
      vertex -29.6949 -9.89499 10
    endloop
  endfacet
  facet normal 0.809096 0.579446 -0.0980124
    outer loop
      vertex 24.8629 38.5993 10
      vertex 24.7867 38.7057 10
      vertex 24.9908 38.6847 11.5607
    endloop
  endfacet
  facet normal 0.319785 -0.942412 -0.0979633
    outer loop
      vertex 23.8251 -39.5492 11.5607
      vertex 23.7805 -39.4021 10
      vertex 23.9586 -39.5039 11.5607
    endloop
  endfacet
  facet normal 0.99041 0.0974174 -0.0979667
    outer loop
      vertex 25.3491 37.629 11.5607
      vertex 25.1829 37.7492 10
      vertex 25.3353 37.7693 11.5607
    endloop
  endfacet
  facet normal 0.497758 -0.861768 -0.0979413
    outer loop
      vertex 24.2152 -39.3876 11.5607
      vertex 24.1427 -39.2521 10
      vertex 24.2561 -39.1866 10
    endloop
  endfacet
  facet normal 0.703705 -0.703705 -0.0979785
    outer loop
      vertex 24.6722 -39.0602 11.5607
      vertex 24.5671 -38.948 10
      vertex 24.6597 -38.8554 10
    endloop
  endfacet
  facet normal 0.193856 -0.976123 -0.0979968
    outer loop
      vertex 23.5508 -39.6132 11.5607
      vertex 23.5257 -39.4615 10
      vertex 23.6541 -39.436 10
    endloop
  endfacet
  facet normal -0.350538 -0.931402 -0.0980508
    outer loop
      vertex 12.8306 -36.7929 10
      vertex 15.0915 -37.8081 11.5607
      vertex 12.7764 -36.9368 11.5607
    endloop
  endfacet
  facet normal -0.350538 -0.931402 -0.0980508
    outer loop
      vertex 15.0915 -37.8081 11.5607
      vertex 12.8306 -36.7929 10
      vertex 15.1457 -37.6642 10
    endloop
  endfacet
  facet normal 0.194222 -0.976054 -0.0979647
    outer loop
      vertex 23.689 -39.5857 11.5607
      vertex 23.5508 -39.6132 11.5607
      vertex 23.6541 -39.436 10
    endloop
  endfacet
  facet normal 0.4974 -0.861971 -0.0979769
    outer loop
      vertex 24.3372 -39.3172 11.5607
      vertex 24.2152 -39.3876 11.5607
      vertex 24.2561 -39.1866 10
    endloop
  endfacet
  facet normal -0.130083 -0.98665 -0.0979827
    outer loop
      vertex 22.8552 -39.6184 11.5607
      vertex 22.7406 -39.4483 10
      vertex 22.8703 -39.4654 10
    endloop
  endfacet
  facet normal -0.531421 -0.841417 -0.0980248
    outer loop
      vertex 5.8781 -33.0855 10
      vertex 5.77135 -33.1999 11.5607
      vertex 5.85435 -33.0705 10
    endloop
  endfacet
  facet normal -0.530257 -0.842154 -0.0979992
    outer loop
      vertex 5.79692 -33.216 11.5607
      vertex 5.77135 -33.1999 11.5607
      vertex 5.8781 -33.0855 10
    endloop
  endfacet
  facet normal 0.0972939 0.990421 -0.0979774
    outer loop
      vertex 23.4611 39.4711 10
      vertex 23.3308 39.4839 10
      vertex 23.3409 39.6373 11.5607
    endloop
  endfacet
  facet normal -0.769303 -0.631324 -0.0979908
    outer loop
      vertex -30.8188 -8.61986 10
      vertex -31.0238 -8.6123 11.5607
      vertex -30.9018 -8.51872 10
    endloop
  endfacet
  facet normal 0.226498 0.969076 -0.097927
    outer loop
      vertex 23.7177 39.42 10
      vertex 23.5902 39.4498 10
      vertex 23.6202 39.6005 11.5607
    endloop
  endfacet
  facet normal 0.789348 -0.606079 -0.0979652
    outer loop
      vertex 24.9506 -38.7428 11.5607
      vertex 24.746 -38.757 10
      vertex 24.8257 -38.6532 10
    endloop
  endfacet
  facet normal -0.726596 -0.680043 -0.0979796
    outer loop
      vertex -29.6949 -9.89499 10
      vertex -29.8999 -9.90082 11.5607
      vertex -29.7843 -9.79947 10
    endloop
  endfacet
  facet normal 0.6311 0.769486 -0.0979998
    outer loop
      vertex 24.5187 38.9919 10
      vertex 24.4175 39.0749 10
      vertex 24.5111 39.1969 11.5607
    endloop
  endfacet
  facet normal 0.827463 -0.55291 -0.0979562
    outer loop
      vertex 25.0289 -38.6256 11.5607
      vertex 24.8257 -38.6532 10
      vertex 24.8984 -38.5444 10
    endloop
  endfacet
  facet normal 0.44019 -0.892544 -0.0979741
    outer loop
      vertex 24.0888 -39.45 11.5607
      vertex 24.0253 -39.31 10
      vertex 24.1427 -39.2521 10
    endloop
  endfacet
  facet normal -0.543393 -0.833736 -0.0980246
    outer loop
      vertex -26.7362 -12.1639 10
      vertex -26.8192 -12.2933 11.5607
      vertex -26.7675 -12.1435 10
    endloop
  endfacet
  facet normal -0.877485 -0.469489 -0.0979823
    outer loop
      vertex -32.0519 -7.07359 11.5607
      vertex -32.1184 -6.9493 11.5607
      vertex -31.9805 -6.88132 10
    endloop
  endfacet
  facet normal -0.680064 -0.726577 -0.0979689
    outer loop
      vertex -29.5993 -9.98447 10
      vertex -29.7007 -10.1 11.5607
      vertex -29.6949 -9.89499 10
    endloop
  endfacet
  facet normal -0.380713 -0.919486 -0.098
    outer loop
      vertex 12.7764 -36.9368 11.5607
      vertex 12.7096 -36.7428 10
      vertex 12.8306 -36.7929 10
    endloop
  endfacet
  facet normal 0.877642 0.469206 -0.0979336
    outer loop
      vertex 25.1316 38.4408 11.5607
      vertex 24.9938 38.3728 10
      vertex 25.0652 38.565 11.5607
    endloop
  endfacet
  facet normal -0.552872 -0.827476 -0.0980646
    outer loop
      vertex -28.2124 -11.178 10
      vertex -26.8529 -12.2713 11.5607
      vertex -28.2978 -11.3059 11.5607
    endloop
  endfacet
  facet normal -0.552915 -0.827453 -0.0980121
    outer loop
      vertex -26.8529 -12.2713 11.5607
      vertex -28.2124 -11.178 10
      vertex -26.7675 -12.1435 10
    endloop
  endfacet
  facet normal -0.631112 0.769476 -0.0979985
    outer loop
      vertex -28.4199 11.0188 10
      vertex -28.5213 11.1344 11.5607
      vertex -28.4123 11.2238 11.5607
    endloop
  endfacet
  facet normal -0.680016 -0.726622 -0.0979745
    outer loop
      vertex -29.7007 -10.1 11.5607
      vertex -29.8036 -10.0037 11.5607
      vertex -29.6949 -9.89499 10
    endloop
  endfacet
  facet normal -0.769425 0.631175 -0.0979915
    outer loop
      vertex -30.9018 8.51868 10
      vertex -31.0238 8.61226 11.5607
      vertex -30.8188 8.61986 10
    endloop
  endfacet
  facet normal -0.497353 0.862002 -0.0979441
    outer loop
      vertex 8.04475 34.4328 10
      vertex 7.96358 34.5633 11.5607
      vertex 8.1581 34.4982 10
    endloop
  endfacet
  facet normal -0.544015 -0.833332 -0.0980065
    outer loop
      vertex -26.8192 -12.2933 11.5607
      vertex -26.8529 -12.2713 11.5607
      vertex -26.7675 -12.1435 10
    endloop
  endfacet
  facet normal -0.579446 0.809096 -0.0980124
    outer loop
      vertex -28.2124 11.178 10
      vertex -28.3188 11.1018 10
      vertex -28.2978 11.3059 11.5607
    endloop
  endfacet
  facet normal -0.28889 0.95233 -0.0980336
    outer loop
      vertex 15.2696 37.7063 10
      vertex 17.5918 38.5714 11.5607
      vertex 17.6365 38.4243 10
    endloop
  endfacet
  facet normal -0.288901 0.952328 -0.0980153
    outer loop
      vertex 17.5918 38.5714 11.5607
      vertex 15.2696 37.7063 10
      vertex 15.225 37.8534 11.5607
    endloop
  endfacet
  facet normal 0.726147 0.680525 -0.0979559
    outer loop
      vertex 24.7037 38.8069 10
      vertex 24.6142 38.9024 10
      vertex 24.8193 38.9082 11.5607
    endloop
  endfacet
  facet normal 0.995047 -0.0167107 -0.0979936
    outer loop
      vertex 25.3537 -37.4882 11.5607
      vertex 25.1989 -37.5537 10
      vertex 25.2 -37.4882 10
    endloop
  endfacet
  facet normal 0.0646347 -0.993094 -0.0979135
    outer loop
      vertex 23.411 -39.6315 11.5607
      vertex 23.2654 -39.4871 10
      vertex 23.396 -39.4786 10
    endloop
  endfacet
  facet normal 0.525262 0.845284 -0.097959
    outer loop
      vertex 24.3112 39.1511 10
      vertex 24.2 39.2202 10
      vertex 24.3966 39.2789 11.5607
    endloop
  endfacet
  facet normal -0.469136 -0.877667 -0.0980393
    outer loop
      vertex 8.1581 -34.4982 10
      vertex 10.267 -35.7998 11.5607
      vertex 8.08563 -34.6338 11.5607
    endloop
  endfacet
  facet normal -0.469131 -0.877669 -0.0980482
    outer loop
      vertex 10.267 -35.7998 11.5607
      vertex 8.1581 -34.4982 10
      vertex 10.3395 -35.6642 10
    endloop
  endfacet
  facet normal -0.257609 -0.961269 -0.0979802
    outer loop
      vertex 17.728 -38.6079 11.5607
      vertex 17.5918 -38.5714 11.5607
      vertex 17.6365 -38.4243 10
    endloop
  endfacet
  facet normal -0.877532 0.469401 -0.0979826
    outer loop
      vertex -31.9805 6.88132 10
      vertex -32.1184 6.9493 11.5607
      vertex -32.0519 7.07362 11.5607
    endloop
  endfacet
  facet normal 0.809005 0.579575 -0.0979989
    outer loop
      vertex 24.9908 38.6847 11.5607
      vertex 24.7867 38.7057 10
      vertex 24.9087 38.7993 11.5607
    endloop
  endfacet
  facet normal 0.827505 -0.552847 -0.0979627
    outer loop
      vertex 24.9506 -38.7428 11.5607
      vertex 24.8257 -38.6532 10
      vertex 25.0289 -38.6256 11.5607
    endloop
  endfacet
  facet normal 0.892654 -0.439971 -0.0979469
    outer loop
      vertex 25.0994 -38.5035 11.5607
      vertex 25.0217 -38.3137 10
      vertex 25.1617 -38.3771 11.5607
    endloop
  endfacet
  facet normal -0.892549 -0.440178 -0.0979794
    outer loop
      vertex -31.9805 -6.88132 10
      vertex -32.8122 -5.54228 11.5607
      vertex -32.6744 -5.4743 10
    endloop
  endfacet
  facet normal -0.892569 -0.440125 -0.0980361
    outer loop
      vertex -32.8122 -5.54228 11.5607
      vertex -31.9805 -6.88132 10
      vertex -32.1184 -6.9493 11.5607
    endloop
  endfacet
  facet normal -0.410709 -0.906482 -0.0980249
    outer loop
      vertex 10.4569 -35.7221 10
      vertex 12.6462 -36.8828 11.5607
      vertex 10.3934 -35.8621 11.5607
    endloop
  endfacet
  facet normal -0.410725 -0.906477 -0.0979988
    outer loop
      vertex 12.6462 -36.8828 11.5607
      vertex 10.4569 -35.7221 10
      vertex 12.7096 -36.7428 10
    endloop
  endfacet
  facet normal 0.289035 0.952293 -0.0979626
    outer loop
      vertex 23.8429 39.382 10
      vertex 23.7177 39.42 10
      vertex 23.7574 39.5685 11.5607
    endloop
  endfacet
  facet normal 0.257786 -0.961223 -0.0979645
    outer loop
      vertex 23.8251 -39.5492 11.5607
      vertex 23.689 -39.5857 11.5607
      vertex 23.7805 -39.4021 10
    endloop
  endfacet
  facet normal 0.257796 -0.96122 -0.0979636
    outer loop
      vertex 23.689 -39.5857 11.5607
      vertex 23.6541 -39.436 10
      vertex 23.7805 -39.4021 10
    endloop
  endfacet
  facet normal 0.0326988 0.994652 -0.0979751
    outer loop
      vertex 23.3308 39.4839 10
      vertex 23.2 39.4882 10
      vertex 23.3409 39.6373 11.5607
    endloop
  endfacet
  facet normal -0.827438 -0.552936 -0.0980156
    outer loop
      vertex -30.978 -8.41234 10
      vertex -31.9775 -7.1933 11.5607
      vertex -31.8497 -7.10789 10
    endloop
  endfacet
  facet normal -0.827462 -0.552893 -0.0980646
    outer loop
      vertex -31.9775 -7.1933 11.5607
      vertex -30.978 -8.41234 10
      vertex -31.1059 -8.49774 11.5607
    endloop
  endfacet
  facet normal -0.906547 -0.410581 -0.0979613
    outer loop
      vertex -32.6744 -5.4743 10
      vertex -32.8704 -5.41391 11.5607
      vertex -32.7284 -5.35507 10
    endloop
  endfacet
  facet normal -0.193856 -0.976123 -0.0979968
    outer loop
      vertex 20.2751 -39.1971 11.5607
      vertex 20.1718 -39.0199 10
      vertex 20.3002 -39.0454 10
    endloop
  endfacet
  facet normal -0.537344 0.837647 -0.0980272
    outer loop
      vertex -26.7362 12.1639 10
      vertex 5.77135 33.1999 11.5607
      vertex 5.85435 33.0705 10
    endloop
  endfacet
  facet normal -0.537344 0.837647 -0.0980272
    outer loop
      vertex 5.77135 33.1999 11.5607
      vertex -26.7362 12.1639 10
      vertex -26.8192 12.2933 11.5607
    endloop
  endfacet
  facet normal -0.931403 -0.350569 -0.0979309
    outer loop
      vertex -32.7284 -5.35507 10
      vertex -32.92 -5.282 11.5607
      vertex -32.7745 -5.23259 10
    endloop
  endfacet
  facet normal -0.319785 -0.942412 -0.0979633
    outer loop
      vertex 15.225 -37.8534 11.5607
      vertex 15.0915 -37.8081 11.5607
      vertex 15.2696 -37.7063 10
    endloop
  endfacet
  facet normal 0.60589 -0.789492 -0.0979776
    outer loop
      vertex 24.4544 -39.2389 11.5607
      vertex 24.3649 -39.1139 10
      vertex 24.5662 -39.1531 11.5607
    endloop
  endfacet
  facet normal -0.162106 0.98189 -0.0980468
    outer loop
      vertex 20.3002 39.0454 10
      vertex 22.7155 39.6 11.5607
      vertex 22.7406 39.4483 10
    endloop
  endfacet
  facet normal -0.162106 0.98189 -0.0980468
    outer loop
      vertex 22.7155 39.6 11.5607
      vertex 20.3002 39.0454 10
      vertex 20.2751 39.1971 11.5607
    endloop
  endfacet
  facet normal 0.12917 -0.986776 -0.0979148
    outer loop
      vertex 23.411 -39.6315 11.5607
      vertex 23.396 -39.4786 10
      vertex 23.5508 -39.6132 11.5607
    endloop
  endfacet
  facet normal 0.952361 0.288825 -0.0979212
    outer loop
      vertex 25.1319 38.0058 10
      vertex 25.0939 38.1311 10
      vertex 25.2803 38.0456 11.5607
    endloop
  endfacet
  facet normal -0.656204 -0.74819 -0.0980185
    outer loop
      vertex -29.5993 -9.98447 10
      vertex -28.5213 -11.1344 11.5607
      vertex -29.7007 -10.1 11.5607
    endloop
  endfacet
  facet normal -0.656177 -0.748209 -0.0980518
    outer loop
      vertex -28.5213 -11.1344 11.5607
      vertex -29.5993 -9.98447 10
      vertex -28.4199 -11.0188 10
    endloop
  endfacet
  facet normal 0.994652 0.0326988 -0.0979731
    outer loop
      vertex 25.2 37.4882 10
      vertex 25.1957 37.619 10
      vertex 25.3491 37.629 11.5607
    endloop
  endfacet
  facet normal -0.525521 -0.845117 -0.0980007
    outer loop
      vertex 5.8781 -33.0855 10
      vertex 7.96358 -34.5633 11.5607
      vertex 5.79692 -33.216 11.5607
    endloop
  endfacet
  facet normal -0.525523 -0.845116 -0.0979973
    outer loop
      vertex 7.96358 -34.5633 11.5607
      vertex 5.8781 -33.0855 10
      vertex 8.04475 -34.4328 10
    endloop
  endfacet
  facet normal 0.579443 0.8091 -0.0979983
    outer loop
      vertex 24.4175 39.0749 10
      vertex 24.3966 39.2789 11.5607
      vertex 24.5111 39.1969 11.5607
    endloop
  endfacet
  facet normal 0.288749 0.952377 -0.0979883
    outer loop
      vertex 23.8429 39.382 10
      vertex 23.7574 39.5685 11.5607
      vertex 23.8923 39.5276 11.5607
    endloop
  endfacet
  facet normal -0.990337 -0.0981581 -0.0979659
    outer loop
      vertex -33.8262 -1.8466 11.5607
      vertex -33.8401 -1.70636 11.5607
      vertex -33.6738 -1.82655 10
    endloop
  endfacet
  facet normal -0.969053 0.226599 -0.0979267
    outer loop
      vertex -33.3465 3.49434 10
      vertex -33.4972 3.52434 11.5607
      vertex -33.3167 3.62178 10
    endloop
  endfacet
  facet normal -0.952342 -0.288867 -0.0979797
    outer loop
      vertex -33.4243 -3.79643 11.5607
      vertex -33.4652 -3.66159 11.5607
      vertex -33.3167 -3.6218 10
    endloop
  endfacet
  facet normal -0.808812 0.579842 -0.0980109
    outer loop
      vertex -30.978 8.41234 10
      vertex -31.1059 8.49774 11.5607
      vertex -31.0238 8.61226 11.5607
    endloop
  endfacet
  facet normal 0.162349 0.981859 -0.0979575
    outer loop
      vertex 23.6202 39.6005 11.5607
      vertex 23.4611 39.4711 10
      vertex 23.4811 39.6235 11.5607
    endloop
  endfacet
  facet normal 0.986663 -0.129984 -0.0979857
    outer loop
      vertex 25.325 -37.8391 11.5607
      vertex 25.1733 -37.8141 10
      vertex 25.1904 -37.6843 10
    endloop
  endfacet
  facet normal 0.861844 -0.497625 -0.0979546
    outer loop
      vertex 25.0289 -38.6256 11.5607
      vertex 24.8984 -38.5444 10
      vertex 25.0994 -38.5035 11.5607
    endloop
  endfacet
  facet normal 0.703705 -0.703705 -0.0979785
    outer loop
      vertex 24.6722 -39.0602 11.5607
      vertex 24.6597 -38.8554 10
      vertex 24.7719 -38.9605 11.5607
    endloop
  endfacet
  facet normal 0.748201 -0.656196 -0.0979887
    outer loop
      vertex 24.8648 -38.8546 11.5607
      vertex 24.6597 -38.8554 10
      vertex 24.746 -38.757 10
    endloop
  endfacet
  facet normal 0.748124 -0.656286 -0.0979786
    outer loop
      vertex 24.6597 -38.8554 10
      vertex 24.8648 -38.8546 11.5607
      vertex 24.7719 -38.9605 11.5607
    endloop
  endfacet
  facet normal 0.975924 -0.194902 -0.097905
    outer loop
      vertex 25.2974 -37.9773 11.5607
      vertex 25.1478 -37.9424 10
      vertex 25.325 -37.8391 11.5607
    endloop
  endfacet
  facet normal -0.531421 0.841417 -0.0980248
    outer loop
      vertex 5.85435 33.0705 10
      vertex 5.77135 33.1999 11.5607
      vertex 5.8781 33.0855 10
    endloop
  endfacet
  facet normal -0.98197 -0.161673 -0.0979649
    outer loop
      vertex -33.8033 -1.98569 11.5607
      vertex -33.8262 -1.8466 11.5607
      vertex -33.6738 -1.82655 10
    endloop
  endfacet
  facet normal -0.809044 -0.579518 -0.0980122
    outer loop
      vertex -30.9018 -8.51872 10
      vertex -31.1059 -8.49774 11.5607
      vertex -30.978 -8.41234 10
    endloop
  endfacet
  facet normal 0.976095 -0.194002 -0.0979841
    outer loop
      vertex 25.325 -37.8391 11.5607
      vertex 25.1478 -37.9424 10
      vertex 25.1733 -37.8141 10
    endloop
  endfacet
  facet normal -0.877642 -0.469201 -0.0979541
    outer loop
      vertex -31.9188 -6.99673 10
      vertex -32.0519 -7.07359 11.5607
      vertex -31.9805 -6.88132 10
    endloop
  endfacet
  facet normal -0.469131 0.877669 -0.0980482
    outer loop
      vertex 8.1581 34.4982 10
      vertex 10.267 35.7998 11.5607
      vertex 10.3395 35.6642 10
    endloop
  endfacet
  facet normal -0.469136 0.877667 -0.0980393
    outer loop
      vertex 10.267 35.7998 11.5607
      vertex 8.1581 34.4982 10
      vertex 8.08563 34.6338 11.5607
    endloop
  endfacet
  facet normal -0.892569 0.440125 -0.0980361
    outer loop
      vertex -31.9805 6.88132 10
      vertex -32.8122 5.54228 11.5607
      vertex -32.1184 6.9493 11.5607
    endloop
  endfacet
  facet normal -0.892549 0.440178 -0.0979794
    outer loop
      vertex -32.8122 5.54228 11.5607
      vertex -31.9805 6.88132 10
      vertex -32.6744 5.4743 10
    endloop
  endfacet
  facet normal -0.631476 -0.769183 -0.0979582
    outer loop
      vertex -28.4123 -11.2238 11.5607
      vertex -28.4199 -11.0188 10
      vertex -28.3188 -11.1018 10
    endloop
  endfacet
  facet normal 0.320176 -0.942276 -0.097999
    outer loop
      vertex 23.9586 -39.5039 11.5607
      vertex 23.7805 -39.4021 10
      vertex 23.9044 -39.36 10
    endloop
  endfacet
  facet normal -0.981917 0.16198 -0.0979896
    outer loop
      vertex -33.6738 1.82657 10
      vertex -33.8033 1.98569 11.5607
      vertex -33.6525 1.95569 10
    endloop
  endfacet
  facet normal 0.72627 0.680393 -0.0979715
    outer loop
      vertex 24.8193 38.9082 11.5607
      vertex 24.6142 38.9024 10
      vertex 24.7229 39.0111 11.5607
    endloop
  endfacet
  facet normal -0.194222 -0.976054 -0.0979647
    outer loop
      vertex 20.2751 -39.1971 11.5607
      vertex 20.1369 -39.1696 11.5607
      vertex 20.1718 -39.0199 10
    endloop
  endfacet
  facet normal -0.225992 0.969185 -0.0980164
    outer loop
      vertex 17.7629 38.4582 10
      vertex 20.1369 39.1696 11.5607
      vertex 20.1718 39.0199 10
    endloop
  endfacet
  facet normal -0.225992 0.969185 -0.0980164
    outer loop
      vertex 20.1369 39.1696 11.5607
      vertex 17.7629 38.4582 10
      vertex 17.728 38.6079 11.5607
    endloop
  endfacet
  facet normal -0.769222 -0.631425 -0.0979797
    outer loop
      vertex -30.9344 -8.72121 11.5607
      vertex -31.0238 -8.6123 11.5607
      vertex -30.8188 -8.61986 10
    endloop
  endfacet
  facet normal -0.129955 -0.986666 -0.0979939
    outer loop
      vertex 22.8552 -39.6184 11.5607
      vertex 22.7155 -39.6 11.5607
      vertex 22.7406 -39.4483 10
    endloop
  endfacet
  facet normal -0.994654 0.0324798 -0.0980187
    outer loop
      vertex -33.7935 -1.52588e-05 10
      vertex -33.9473 -1.52588e-05 11.5607
      vertex -33.9427 0.140854 11.5607
    endloop
  endfacet
  facet normal -0.942384 -0.319844 -0.0980423
    outer loop
      vertex -32.7745 -5.23259 10
      vertex -33.4243 -3.79643 11.5607
      vertex -33.2787 -3.74702 10
    endloop
  endfacet
  facet normal -0.94237 -0.319902 -0.0979825
    outer loop
      vertex -33.4243 -3.79643 11.5607
      vertex -32.7745 -5.23259 10
      vertex -32.92 -5.282 11.5607
    endloop
  endfacet
  facet normal -0.537344 -0.837647 -0.0980272
    outer loop
      vertex -26.7362 -12.1639 10
      vertex 5.77135 -33.1999 11.5607
      vertex -26.8192 -12.2933 11.5607
    endloop
  endfacet
  facet normal -0.537344 -0.837647 -0.0980272
    outer loop
      vertex 5.77135 -33.1999 11.5607
      vertex -26.7362 -12.1639 10
      vertex 5.85435 -33.0705 10
    endloop
  endfacet
  facet normal -0.993053 -0.0650828 -0.0980258
    outer loop
      vertex -33.6867 -1.6963 10
      vertex -33.9427 -0.140854 11.5607
      vertex -33.7893 -0.130798 10
    endloop
  endfacet
  facet normal -0.993053 -0.0650827 -0.098026
    outer loop
      vertex -33.9427 -0.140854 11.5607
      vertex -33.6867 -1.6963 10
      vertex -33.8401 -1.70636 11.5607
    endloop
  endfacet
  facet normal -0.257796 -0.96122 -0.0979636
    outer loop
      vertex 17.728 -38.6079 11.5607
      vertex 17.6365 -38.4243 10
      vertex 17.7629 -38.4582 10
    endloop
  endfacet
  facet normal 0.411298 0.906223 -0.0979483
    outer loop
      vertex 24.0846 39.2819 10
      vertex 23.9654 39.336 10
      vertex 24.0242 39.478 11.5607
    endloop
  endfacet
  facet normal 0 -0.995186 -0.0980073
    outer loop
      vertex 23.2704 -39.6408 11.5607
      vertex 23.1345 -39.4871 10
      vertex 23.2654 -39.4871 10
    endloop
  endfacet
  facet normal -0.994676 -0.0319434 -0.0979718
    outer loop
      vertex -33.7893 -0.130798 10
      vertex -33.9427 -0.140854 11.5607
      vertex -33.7935 -1.52588e-05 10
    endloop
  endfacet
  facet normal -0.0649803 -0.993068 -0.0979475
    outer loop
      vertex 23.1294 -39.6407 11.5607
      vertex 22.9888 -39.6315 11.5607
      vertex 23.1345 -39.4871 10
    endloop
  endfacet
  facet normal -0.319785 0.942412 -0.0979633
    outer loop
      vertex 15.2696 37.7063 10
      vertex 15.0915 37.8081 11.5607
      vertex 15.225 37.8534 11.5607
    endloop
  endfacet
  facet normal 0.931509 0.350287 -0.0979296
    outer loop
      vertex 25.2394 38.1805 11.5607
      vertex 25.0939 38.1311 10
      vertex 25.1898 38.3124 11.5607
    endloop
  endfacet
  facet normal -0.194222 0.976054 -0.0979647
    outer loop
      vertex 20.1718 39.0199 10
      vertex 20.1369 39.1696 11.5607
      vertex 20.2751 39.1971 11.5607
    endloop
  endfacet
  facet normal -0.579449 -0.8091 -0.0979616
    outer loop
      vertex -28.2124 -11.178 10
      vertex -28.4123 -11.2238 11.5607
      vertex -28.3188 -11.1018 10
    endloop
  endfacet
  facet normal -0.631112 -0.769476 -0.0979985
    outer loop
      vertex -28.4123 -11.2238 11.5607
      vertex -28.5213 -11.1344 11.5607
      vertex -28.4199 -11.0188 10
    endloop
  endfacet
  facet normal -0.976067 -0.194116 -0.0980421
    outer loop
      vertex -33.3465 -3.49434 10
      vertex -33.8033 -1.98569 11.5607
      vertex -33.6525 -1.95569 10
    endloop
  endfacet
  facet normal -0.976061 -0.194178 -0.0979802
    outer loop
      vertex -33.8033 -1.98569 11.5607
      vertex -33.3465 -3.49434 10
      vertex -33.4972 -3.52434 11.5607
    endloop
  endfacet
  facet normal -0.80891 -0.579709 -0.097992
    outer loop
      vertex -31.0238 -8.6123 11.5607
      vertex -31.1059 -8.49774 11.5607
      vertex -30.9018 -8.51872 10
    endloop
  endfacet
  facet normal 0.961452 -0.256952 -0.0979053
    outer loop
      vertex 25.261 -38.1135 11.5607
      vertex 25.1478 -37.9424 10
      vertex 25.2974 -37.9773 11.5607
    endloop
  endfacet
  facet normal 0.680526 0.726147 -0.0979531
    outer loop
      vertex 24.6142 38.9024 10
      vertex 24.5187 38.9919 10
      vertex 24.6201 39.1074 11.5607
    endloop
  endfacet
  facet normal 0.919261 -0.38126 -0.0979739
    outer loop
      vertex 25.1617 -38.3771 11.5607
      vertex 25.0718 -38.1928 10
      vertex 25.2157 -38.2469 11.5607
    endloop
  endfacet
  facet normal 0.981939 0.161883 -0.097927
    outer loop
      vertex 25.1829 37.7492 10
      vertex 25.1616 37.8784 10
      vertex 25.3123 37.9084 11.5607
    endloop
  endfacet
  facet normal 0.995061 -0.0155038 -0.0980457
    outer loop
      vertex 25.3526 -37.5588 11.5607
      vertex 25.1989 -37.5537 10
      vertex 25.3537 -37.4882 11.5607
    endloop
  endfacet
  facet normal 0.993062 -0.0649799 -0.0980105
    outer loop
      vertex 25.3434 -37.6994 11.5607
      vertex 25.1989 -37.5537 10
      vertex 25.3526 -37.5588 11.5607
    endloop
  endfacet
  facet normal -0.543393 0.833736 -0.0980246
    outer loop
      vertex -26.7675 12.1435 10
      vertex -26.8192 12.2933 11.5607
      vertex -26.7362 12.1639 10
    endloop
  endfacet
  facet normal -0.410725 0.906477 -0.0979988
    outer loop
      vertex 10.4569 35.7221 10
      vertex 12.6462 36.8828 11.5607
      vertex 12.7096 36.7428 10
    endloop
  endfacet
  facet normal -0.410709 0.906482 -0.0980249
    outer loop
      vertex 12.6462 36.8828 11.5607
      vertex 10.4569 35.7221 10
      vertex 10.3934 35.8621 11.5607
    endloop
  endfacet
  facet normal 0.769195 0.631461 -0.0979598
    outer loop
      vertex 24.9087 38.7993 11.5607
      vertex 24.7037 38.8069 10
      vertex 24.8193 38.9082 11.5607
    endloop
  endfacet
  facet normal -0.0971158 -0.990433 -0.0980347
    outer loop
      vertex 22.8703 -39.4654 10
      vertex 22.9888 -39.6315 11.5607
      vertex 22.8552 -39.6184 11.5607
    endloop
  endfacet
  facet normal -0.0971158 -0.990433 -0.0980347
    outer loop
      vertex 22.9888 -39.6315 11.5607
      vertex 22.8703 -39.4654 10
      vertex 23.0039 -39.4785 10
    endloop
  endfacet
  facet normal -0.952303 -0.288992 -0.0979909
    outer loop
      vertex -33.2787 -3.74702 10
      vertex -33.4243 -3.79643 11.5607
      vertex -33.3167 -3.6218 10
    endloop
  endfacet
  facet normal 0.952383 0.288751 -0.0979278
    outer loop
      vertex 25.2803 38.0456 11.5607
      vertex 25.0939 38.1311 10
      vertex 25.2394 38.1805 11.5607
    endloop
  endfacet
  facet normal -0.552915 0.827453 -0.0980121
    outer loop
      vertex -28.2124 11.178 10
      vertex -26.8529 12.2713 11.5607
      vertex -26.7675 12.1435 10
    endloop
  endfacet
  facet normal -0.552872 0.827476 -0.0980646
    outer loop
      vertex -26.8529 12.2713 11.5607
      vertex -28.2124 11.178 10
      vertex -28.2978 11.3059 11.5607
    endloop
  endfacet
  facet normal 0.942338 -0.319999 -0.0979781
    outer loop
      vertex 25.2157 -38.2469 11.5607
      vertex 25.0718 -38.1928 10
      vertex 25.261 -38.1135 11.5607
    endloop
  endfacet
  facet normal -0.990344 -0.098084 -0.0979724
    outer loop
      vertex -33.6738 -1.82655 10
      vertex -33.8401 -1.70636 11.5607
      vertex -33.6867 -1.6963 10
    endloop
  endfacet
  facet normal -0.257796 0.96122 -0.0979636
    outer loop
      vertex 17.7629 38.4582 10
      vertex 17.6365 38.4243 10
      vertex 17.728 38.6079 11.5607
    endloop
  endfacet
  facet normal -0.726632 0.680005 -0.0979798
    outer loop
      vertex -29.7843 9.79947 10
      vertex -29.8999 9.90082 11.5607
      vertex -29.6949 9.895 10
    endloop
  endfacet
  facet normal -0.981921 -0.161955 -0.0979896
    outer loop
      vertex -33.6525 -1.95569 10
      vertex -33.8033 -1.98569 11.5607
      vertex -33.6738 -1.82655 10
    endloop
  endfacet
  facet normal -0.129955 0.986666 -0.0979939
    outer loop
      vertex 22.7406 39.4483 10
      vertex 22.7155 39.6 11.5607
      vertex 22.8552 39.6184 11.5607
    endloop
  endfacet
  facet normal 0.032473 0.994661 -0.0979556
    outer loop
      vertex 23.3409 39.6373 11.5607
      vertex 23.2 39.4882 10
      vertex 23.2 39.6419 11.5607
    endloop
  endfacet
  facet normal 0.789492 -0.605889 -0.0979858
    outer loop
      vertex 24.8648 -38.8546 11.5607
      vertex 24.746 -38.757 10
      vertex 24.9506 -38.7428 11.5607
    endloop
  endfacet
  facet normal -0.44019 0.892544 -0.0979741
    outer loop
      vertex 10.4569 35.7221 10
      vertex 10.3395 35.6642 10
      vertex 10.3934 35.8621 11.5607
    endloop
  endfacet
  facet normal 0.986667 -0.129955 -0.0979832
    outer loop
      vertex 25.325 -37.8391 11.5607
      vertex 25.1904 -37.6843 10
      vertex 25.3434 -37.6994 11.5607
    endloop
  endfacet
  facet normal -0.162106 -0.98189 -0.0980468
    outer loop
      vertex 20.3002 -39.0454 10
      vertex 22.7155 -39.6 11.5607
      vertex 20.2751 -39.1971 11.5607
    endloop
  endfacet
  facet normal -0.162106 -0.98189 -0.0980468
    outer loop
      vertex 22.7155 -39.6 11.5607
      vertex 20.3002 -39.0454 10
      vertex 22.7406 -39.4483 10
    endloop
  endfacet
  facet normal 0.969205 0.225945 -0.0979289
    outer loop
      vertex 25.1616 37.8784 10
      vertex 25.1319 38.0058 10
      vertex 25.3123 37.9084 11.5607
    endloop
  endfacet
  facet normal -0.497353 -0.862002 -0.0979441
    outer loop
      vertex 8.1581 -34.4982 10
      vertex 7.96358 -34.5633 11.5607
      vertex 8.04475 -34.4328 10
    endloop
  endfacet
  facet normal -0.497776 -0.861753 -0.0979865
    outer loop
      vertex 8.08563 -34.6338 11.5607
      vertex 7.96358 -34.5633 11.5607
      vertex 8.1581 -34.4982 10
    endloop
  endfacet
  facet normal -0.969195 -0.225969 -0.0979796
    outer loop
      vertex -33.4652 -3.66159 11.5607
      vertex -33.4972 -3.52434 11.5607
      vertex -33.3167 -3.6218 10
    endloop
  endfacet
  facet normal -0.969061 -0.226565 -0.0979268
    outer loop
      vertex -33.3167 -3.6218 10
      vertex -33.4972 -3.52434 11.5607
      vertex -33.3465 -3.49434 10
    endloop
  endfacet
  facet normal -0.726556 0.680087 -0.0979702
    outer loop
      vertex -29.6949 9.895 10
      vertex -29.8999 9.90082 11.5607
      vertex -29.8036 10.0037 11.5607
    endloop
  endfacet
  facet normal 0.961219 -0.257795 -0.0979809
    outer loop
      vertex 25.261 -38.1135 11.5607
      vertex 25.1139 -38.0688 10
      vertex 25.1478 -37.9424 10
    endloop
  endfacet
  facet normal -0.994654 -0.0324869 -0.0980187
    outer loop
      vertex -33.9427 -0.140854 11.5607
      vertex -33.9473 -1.52588e-05 11.5607
      vertex -33.7935 -1.52588e-05 10
    endloop
  endfacet
  facet normal 0.349852 0.93167 -0.0979487
    outer loop
      vertex 23.9654 39.336 10
      vertex 23.8429 39.382 10
      vertex 24.0242 39.478 11.5607
    endloop
  endfacet
  facet normal -0.032496 0.99466 -0.0979556
    outer loop
      vertex 23.2 39.4882 10
      vertex 23.0592 39.6373 11.5607
      vertex 23.2 39.6419 11.5607
    endloop
  endfacet
  facet normal -0.680016 0.726622 -0.0979699
    outer loop
      vertex -29.6949 9.895 10
      vertex -29.8036 10.0037 11.5607
      vertex -29.7007 10.1 11.5607
    endloop
  endfacet
  facet normal 0.162005 0.981919 -0.0979274
    outer loop
      vertex 23.5902 39.4498 10
      vertex 23.4611 39.4711 10
      vertex 23.6202 39.6005 11.5607
    endloop
  endfacet
  facet normal -0.748215 0.656174 -0.0980309
    outer loop
      vertex -29.7843 9.79947 10
      vertex -30.9344 8.72121 11.5607
      vertex -29.8999 9.90082 11.5607
    endloop
  endfacet
  facet normal -0.748215 0.656174 -0.0980309
    outer loop
      vertex -30.9344 8.72121 11.5607
      vertex -29.7843 9.79947 10
      vertex -30.8188 8.61986 10
    endloop
  endfacet
  facet normal -0.769336 0.631286 -0.0979792
    outer loop
      vertex -30.8188 8.61986 10
      vertex -31.0238 8.61226 11.5607
      vertex -30.9344 8.72121 11.5607
    endloop
  endfacet
  facet normal -0.845188 0.525417 -0.0979514
    outer loop
      vertex -31.9188 6.99677 10
      vertex -32.0519 7.07362 11.5607
      vertex -31.9775 7.1933 11.5607
    endloop
  endfacet
  facet normal 0.906509 0.410667 -0.0979506
    outer loop
      vertex 25.0478 38.2536 10
      vertex 24.9938 38.3728 10
      vertex 25.1898 38.3124 11.5607
    endloop
  endfacet
  facet normal -0.845114 0.525534 -0.0979633
    outer loop
      vertex -31.9188 6.99677 10
      vertex -31.9775 7.1933 11.5607
      vertex -31.8497 7.10789 10
    endloop
  endfacet
  facet normal 0.877627 0.469234 -0.0979363
    outer loop
      vertex 24.9938 38.3728 10
      vertex 24.9321 38.4882 10
      vertex 25.0652 38.565 11.5607
    endloop
  endfacet
  facet normal 0.845228 0.525355 -0.097935
    outer loop
      vertex 25.0652 38.565 11.5607
      vertex 24.9321 38.4882 10
      vertex 24.9908 38.6847 11.5607
    endloop
  endfacet
  facet normal 0.981858 0.162349 -0.0979678
    outer loop
      vertex 25.3353 37.7693 11.5607
      vertex 25.1829 37.7492 10
      vertex 25.3123 37.9084 11.5607
    endloop
  endfacet
  facet normal 0.93142 0.350518 -0.097951
    outer loop
      vertex 25.0939 38.1311 10
      vertex 25.0478 38.2536 10
      vertex 25.1898 38.3124 11.5607
    endloop
  endfacet
  facet normal 0.942356 -0.319945 -0.097983
    outer loop
      vertex 25.261 -38.1135 11.5607
      vertex 25.0718 -38.1928 10
      vertex 25.1139 -38.0688 10
    endloop
  endfacet
  facet normal 0.969182 0.226048 -0.0979197
    outer loop
      vertex 25.3123 37.9084 11.5607
      vertex 25.1319 38.0058 10
      vertex 25.2803 38.0456 11.5607
    endloop
  endfacet
  facet normal -0.544015 0.833332 -0.0980065
    outer loop
      vertex -26.7675 12.1435 10
      vertex -26.8529 12.2713 11.5607
      vertex -26.8192 12.2933 11.5607
    endloop
  endfacet
  facet normal -0.380713 0.919486 -0.098
    outer loop
      vertex 12.8306 36.7929 10
      vertex 12.7096 36.7428 10
      vertex 12.7764 36.9368 11.5607
    endloop
  endfacet
  facet normal -0.350538 0.931402 -0.0980508
    outer loop
      vertex 12.8306 36.7929 10
      vertex 15.0915 37.8081 11.5607
      vertex 15.1457 37.6642 10
    endloop
  endfacet
  facet normal -0.350538 0.931402 -0.0980508
    outer loop
      vertex 15.0915 37.8081 11.5607
      vertex 12.8306 36.7929 10
      vertex 12.7764 36.9368 11.5607
    endloop
  endfacet
  facet normal -0.439969 0.89265 -0.0979952
    outer loop
      vertex 10.3395 35.6642 10
      vertex 10.267 35.7998 11.5607
      vertex 10.3934 35.8621 11.5607
    endloop
  endfacet
  facet normal -0.656177 0.748209 -0.0980518
    outer loop
      vertex -29.5993 9.98447 10
      vertex -28.5213 11.1344 11.5607
      vertex -28.4199 11.0188 10
    endloop
  endfacet
  facet normal -0.656204 0.74819 -0.0980185
    outer loop
      vertex -28.5213 11.1344 11.5607
      vertex -29.5993 9.98447 10
      vertex -29.7007 10.1 11.5607
    endloop
  endfacet
  facet normal 0.0974863 0.990404 -0.0979607
    outer loop
      vertex 23.4611 39.4711 10
      vertex 23.3409 39.6373 11.5607
      vertex 23.4811 39.6235 11.5607
    endloop
  endfacet
  facet normal 0.46923 0.877619 -0.0980218
    outer loop
      vertex 24.2 39.2202 10
      vertex 24.0846 39.2819 10
      vertex 24.2769 39.3534 11.5607
    endloop
  endfacet
  facet normal 0.631537 0.769134 -0.0979514
    outer loop
      vertex 24.5187 38.9919 10
      vertex 24.5111 39.1969 11.5607
      vertex 24.6201 39.1074 11.5607
    endloop
  endfacet
  facet normal 0.919379 -0.380983 -0.097948
    outer loop
      vertex 25.1617 -38.3771 11.5607
      vertex 25.0217 -38.3137 10
      vertex 25.0718 -38.1928 10
    endloop
  endfacet
  facet normal -0.990345 0.098069 -0.0979724
    outer loop
      vertex -33.6867 1.6963 10
      vertex -33.8401 1.70636 11.5607
      vertex -33.6738 1.82657 10
    endloop
  endfacet
  facet normal -0.906521 0.410638 -0.0979559
    outer loop
      vertex -32.7284 5.35509 10
      vertex -32.8704 5.41391 11.5607
      vertex -32.6744 5.4743 10
    endloop
  endfacet
  facet normal -0.579909 -0.808764 -0.0980106
    outer loop
      vertex -28.2978 -11.3059 11.5607
      vertex -28.4123 -11.2238 11.5607
      vertex -28.2124 -11.178 10
    endloop
  endfacet
  facet normal -0.631476 0.769183 -0.0979582
    outer loop
      vertex -28.3188 11.1018 10
      vertex -28.4199 11.0188 10
      vertex -28.4123 11.2238 11.5607
    endloop
  endfacet
  facet normal -0.906389 -0.410936 -0.0979278
    outer loop
      vertex -32.8122 -5.54228 11.5607
      vertex -32.8704 -5.41391 11.5607
      vertex -32.6744 -5.4743 10
    endloop
  endfacet
  facet normal -0.130083 0.98665 -0.0979827
    outer loop
      vertex 22.8703 39.4654 10
      vertex 22.7406 39.4483 10
      vertex 22.8552 39.6184 11.5607
    endloop
  endfacet
  facet normal -0.94237 0.319902 -0.0979825
    outer loop
      vertex -32.7745 5.23259 10
      vertex -33.4243 3.79643 11.5607
      vertex -32.92 5.282 11.5607
    endloop
  endfacet
  facet normal -0.942384 0.319844 -0.0980423
    outer loop
      vertex -33.4243 3.79643 11.5607
      vertex -32.7745 5.23259 10
      vertex -33.2787 3.74702 10
    endloop
  endfacet
  facet normal 0.226047 0.969178 -0.0979669
    outer loop
      vertex 23.7177 39.42 10
      vertex 23.6202 39.6005 11.5607
      vertex 23.7574 39.5685 11.5607
    endloop
  endfacet
  facet normal -0.87771 0.469075 -0.0979506
    outer loop
      vertex -31.9805 6.88132 10
      vertex -32.0519 7.07362 11.5607
      vertex -31.9188 6.99677 10
    endloop
  endfacet
  facet normal -0.579911 0.808768 -0.0979634
    outer loop
      vertex -28.3188 11.1018 10
      vertex -28.4123 11.2238 11.5607
      vertex -28.2978 11.3059 11.5607
    endloop
  endfacet
  facet normal -0.381261 0.919264 -0.0979489
    outer loop
      vertex 12.7096 36.7428 10
      vertex 12.6462 36.8828 11.5607
      vertex 12.7764 36.9368 11.5607
    endloop
  endfacet
  facet normal -0.525523 0.845116 -0.0979973
    outer loop
      vertex 5.8781 33.0855 10
      vertex 7.96358 34.5633 11.5607
      vertex 8.04475 34.4328 10
    endloop
  endfacet
  facet normal -0.525521 0.845117 -0.0980007
    outer loop
      vertex 7.96358 34.5633 11.5607
      vertex 5.8781 33.0855 10
      vertex 5.79692 33.216 11.5607
    endloop
  endfacet
  facet normal -0.530257 0.842154 -0.0979992
    outer loop
      vertex 5.8781 33.0855 10
      vertex 5.77135 33.1999 11.5607
      vertex 5.79692 33.216 11.5607
    endloop
  endfacet
  facet normal -0.827462 0.552893 -0.0980646
    outer loop
      vertex -30.978 8.41234 10
      vertex -31.9775 7.1933 11.5607
      vertex -31.1059 8.49774 11.5607
    endloop
  endfacet
  facet normal -0.827438 0.552936 -0.0980156
    outer loop
      vertex -31.9775 7.1933 11.5607
      vertex -30.978 8.41234 10
      vertex -31.8497 7.10789 10
    endloop
  endfacet
  facet normal -0.0817129 0.991825 -0.0980093
    outer loop
      vertex 23.0692 39.4839 10
      vertex 22.9888 39.6315 11.5607
      vertex 23.0592 39.6373 11.5607
    endloop
  endfacet
  facet normal -0.257609 0.961269 -0.0979802
    outer loop
      vertex 17.6365 38.4243 10
      vertex 17.5918 38.5714 11.5607
      vertex 17.728 38.6079 11.5607
    endloop
  endfacet
  facet normal -0.0971158 0.990433 -0.0980347
    outer loop
      vertex 22.8703 39.4654 10
      vertex 22.9888 39.6315 11.5607
      vertex 23.0039 39.4785 10
    endloop
  endfacet
  facet normal -0.0971158 0.990433 -0.0980347
    outer loop
      vertex 22.9888 39.6315 11.5607
      vertex 22.8703 39.4654 10
      vertex 22.8552 39.6184 11.5607
    endloop
  endfacet
  facet normal -0.976061 0.194178 -0.0979802
    outer loop
      vertex -33.3465 3.49434 10
      vertex -33.8033 1.98569 11.5607
      vertex -33.4972 3.52434 11.5607
    endloop
  endfacet
  facet normal -0.976067 0.194116 -0.0980421
    outer loop
      vertex -33.8033 1.98569 11.5607
      vertex -33.3465 3.49434 10
      vertex -33.6525 1.95569 10
    endloop
  endfacet
  facet normal -0.990339 0.0981373 -0.0979665
    outer loop
      vertex -33.6738 1.82657 10
      vertex -33.8401 1.70636 11.5607
      vertex -33.8262 1.84663 11.5607
    endloop
  endfacet
  facet normal -0.906389 0.410936 -0.0979278
    outer loop
      vertex -32.6744 5.4743 10
      vertex -32.8704 5.41391 11.5607
      vertex -32.8122 5.54228 11.5607
    endloop
  endfacet
  facet normal -0.193856 0.976123 -0.0979968
    outer loop
      vertex 20.3002 39.0454 10
      vertex 20.1718 39.0199 10
      vertex 20.2751 39.1971 11.5607
    endloop
  endfacet
  facet normal -0.952316 0.288949 -0.0979908
    outer loop
      vertex -33.3167 3.62178 10
      vertex -33.4243 3.79643 11.5607
      vertex -33.2787 3.74702 10
    endloop
  endfacet
  facet normal 0.410854 0.90642 -0.0979902
    outer loop
      vertex 24.0846 39.2819 10
      vertex 24.0242 39.478 11.5607
      vertex 24.1526 39.4198 11.5607
    endloop
  endfacet
  facet normal 0.52586 0.844905 -0.0980201
    outer loop
      vertex 24.3966 39.2789 11.5607
      vertex 24.2 39.2202 10
      vertex 24.2769 39.3534 11.5607
    endloop
  endfacet
  facet normal -0.845246 -0.525322 -0.0979551
    outer loop
      vertex -31.9775 -7.1933 11.5607
      vertex -32.0519 -7.07359 11.5607
      vertex -31.9188 -6.99673 10
    endloop
  endfacet
  facet normal -0.845198 -0.525398 -0.0979628
    outer loop
      vertex -31.8497 -7.10789 10
      vertex -31.9775 -7.1933 11.5607
      vertex -31.9188 -6.99673 10
    endloop
  endfacet
  facet normal -0.981964 0.161707 -0.0979658
    outer loop
      vertex -33.6738 1.82657 10
      vertex -33.8262 1.84663 11.5607
      vertex -33.8033 1.98569 11.5607
    endloop
  endfacet
  facet normal -0.082017 0.991799 -0.0980225
    outer loop
      vertex 23.0039 39.4785 10
      vertex 22.9888 39.6315 11.5607
      vertex 23.0692 39.4839 10
    endloop
  endfacet
  facet normal -0.0326988 0.994652 -0.0979731
    outer loop
      vertex 23.0692 39.4839 10
      vertex 23.0592 39.6373 11.5607
      vertex 23.2 39.4882 10
    endloop
  endfacet
  facet normal -0.931515 0.350263 -0.0979545
    outer loop
      vertex -32.7284 5.35509 10
      vertex -32.92 5.282 11.5607
      vertex -32.8704 5.41391 11.5607
    endloop
  endfacet
  facet normal 0.906425 0.410856 -0.0979327
    outer loop
      vertex 25.1898 38.3124 11.5607
      vertex 24.9938 38.3728 10
      vertex 25.1316 38.4408 11.5607
    endloop
  endfacet
  facet normal -0.952348 0.288847 -0.0979816
    outer loop
      vertex -33.3167 3.62178 10
      vertex -33.4652 3.66158 11.5607
      vertex -33.4243 3.79643 11.5607
    endloop
  endfacet
  facet normal -0.969191 0.225984 -0.097981
    outer loop
      vertex -33.3167 3.62178 10
      vertex -33.4972 3.52434 11.5607
      vertex -33.4652 3.66158 11.5607
    endloop
  endfacet
  facet normal -0.931422 0.350519 -0.097931
    outer loop
      vertex -32.7745 5.23259 10
      vertex -32.92 5.282 11.5607
      vertex -32.7284 5.35509 10
    endloop
  endfacet
  facet normal -0.557653 -0.777726 -0.290112
    outer loop
      vertex -28.2978 -11.3059 11.5607
      vertex -28.5507 -11.6844 13.0615
      vertex -28.4123 -11.2238 11.5607
    endloop
  endfacet
  facet normal -0.0312482 0.956466 -0.290165
    outer loop
      vertex 23.2 39.6419 11.5607
      vertex 23.0592 39.6373 11.5607
      vertex 23.2 40.0972 13.0615
    endloop
  endfacet
  facet normal -0.95241 0.0936043 -0.290093
    outer loop
      vertex -33.8401 1.70636 11.5607
      vertex -34.2943 1.73613 13.0615
      vertex -34.2776 1.90605 13.0615
    endloop
  endfacet
  facet normal 0.630755 -0.719698 -0.290143
    outer loop
      vertex 24.9834 -39.3925 13.0615
      vertex 24.5662 -39.1531 11.5607
      vertex 24.6722 -39.0602 11.5607
    endloop
  endfacet
  facet normal 0.557203 0.778046 -0.290118
    outer loop
      vertex 24.5111 39.1969 11.5607
      vertex 24.3966 39.2789 11.5607
      vertex 24.7883 39.558 13.0615
    endloop
  endfacet
  facet normal -0.062243 -0.954953 -0.290155
    outer loop
      vertex 23.1145 -40.0957 13.0615
      vertex 22.9442 -40.0846 13.0615
      vertex 22.9888 -39.6315 11.5607
    endloop
  endfacet
  facet normal 0.307162 -0.906352 -0.290135
    outer loop
      vertex 24.1189 -39.93 13.0615
      vertex 23.9572 -39.9848 13.0615
      vertex 23.9586 -39.5039 11.5607
    endloop
  endfacet
  facet normal -0.557653 0.777726 -0.290112
    outer loop
      vertex -28.4123 11.2238 11.5607
      vertex -28.5507 11.6844 13.0615
      vertex -28.2978 11.3059 11.5607
    endloop
  endfacet
  facet normal 0.47877 -0.828597 -0.290184
    outer loop
      vertex 24.4298 -39.7892 13.0615
      vertex 24.2152 -39.3876 11.5607
      vertex 24.5776 -39.7038 13.0615
    endloop
  endfacet
  facet normal -0.125121 -0.948784 -0.290092
    outer loop
      vertex 22.8105 -40.0714 13.0615
      vertex 22.6414 -40.0491 13.0615
      vertex 22.7155 -39.6 11.5607
    endloop
  endfacet
  facet normal -0.307835 -0.906121 -0.290141
    outer loop
      vertex 15.0928 -38.2891 13.0615
      vertex 14.9312 -38.2342 13.0615
      vertex 15.0915 -37.8081 11.5607
    endloop
  endfacet
  facet normal 0.948802 -0.124968 -0.290099
    outer loop
      vertex 25.7964 -37.744 13.0615
      vertex 25.325 -37.8391 11.5607
      vertex 25.3434 -37.6994 11.5607
    endloop
  endfacet
  facet normal -0.509761 0.809867 -0.290275
    outer loop
      vertex 5.77135 33.1999 11.5607
      vertex 5.52554 33.5831 13.0615
      vertex 5.55652 33.6026 13.0615
    endloop
  endfacet
  facet normal -0.516695 0.805457 -0.290285
    outer loop
      vertex -26.8192 12.2933 11.5607
      vertex 5.52554 33.5831 13.0615
      vertex 5.77135 33.1999 11.5607
    endloop
  endfacet
  facet normal -0.516695 0.805458 -0.290282
    outer loop
      vertex 5.52554 33.5831 13.0615
      vertex -26.8192 12.2933 11.5607
      vertex -27.065 12.6765 13.0615
    endloop
  endfacet
  facet normal -0.952389 -0.0936078 -0.29016
    outer loop
      vertex -34.2776 -1.90604 13.0615
      vertex -34.2943 -1.73613 13.0615
      vertex -33.8262 -1.8466 11.5607
    endloop
  endfacet
  facet normal -0.509881 -0.809792 -0.290273
    outer loop
      vertex 5.79692 -33.216 11.5607
      vertex 5.55652 -33.6026 13.0615
      vertex 5.77135 -33.1999 11.5607
    endloop
  endfacet
  facet normal 0.124975 -0.948804 -0.290091
    outer loop
      vertex 23.6249 -40.0623 13.0615
      vertex 23.4556 -40.0846 13.0615
      vertex 23.5508 -39.6132 11.5607
    endloop
  endfacet
  facet normal 0.828758 -0.478521 -0.290135
    outer loop
      vertex 25.4155 -38.866 13.0615
      vertex 25.0289 -38.6256 11.5607
      vertex 25.0994 -38.5035 11.5607
    endloop
  endfacet
  facet normal 0.186769 -0.938598 -0.290088
    outer loop
      vertex 23.6249 -40.0623 13.0615
      vertex 23.5508 -39.6132 11.5607
      vertex 23.689 -39.5857 11.5607
    endloop
  endfacet
  facet normal -0.307835 0.906121 -0.290141
    outer loop
      vertex 15.0915 37.8081 11.5607
      vertex 14.9312 38.2342 13.0615
      vertex 15.0928 38.2891 13.0615
    endloop
  endfacet
  facet normal -0.531633 -0.795687 -0.290257
    outer loop
      vertex -28.2978 -11.3059 11.5607
      vertex -27.1058 -12.6498 13.0615
      vertex -28.5507 -11.6844 13.0615
    endloop
  endfacet
  facet normal -0.531633 -0.795687 -0.290257
    outer loop
      vertex -27.1058 -12.6498 13.0615
      vertex -28.2978 -11.3059 11.5607
      vertex -26.8529 -12.2713 11.5607
    endloop
  endfacet
  facet normal -0.366622 -0.883966 -0.290158
    outer loop
      vertex 12.7764 -36.9368 11.5607
      vertex 12.4583 -37.2975 13.0615
      vertex 12.6462 -36.8828 11.5607
    endloop
  endfacet
  facet normal -0.915774 -0.277775 -0.29017
    outer loop
      vertex -33.4243 -3.79643 11.5607
      vertex -33.905 -3.77942 13.0615
      vertex -33.4652 -3.66159 11.5607
    endloop
  endfacet
  facet normal -0.84398 0.451132 -0.290134
    outer loop
      vertex -32.1184 6.9493 11.5607
      vertex -32.5267 7.15065 13.0615
      vertex -32.4462 7.30125 13.0615
    endloop
  endfacet
  facet normal -0.516695 -0.805458 -0.290282
    outer loop
      vertex -26.8192 -12.2933 11.5607
      vertex 5.52554 -33.5831 13.0615
      vertex -27.065 -12.6765 13.0615
    endloop
  endfacet
  facet normal -0.516695 -0.805457 -0.290285
    outer loop
      vertex 5.52554 -33.5831 13.0615
      vertex -26.8192 -12.2933 11.5607
      vertex 5.77135 -33.1999 11.5607
    endloop
  endfacet
  facet normal -0.523115 -0.801318 -0.290242
    outer loop
      vertex -26.8192 -12.2933 11.5607
      vertex -27.1058 -12.6498 13.0615
      vertex -26.8529 -12.2713 11.5607
    endloop
  endfacet
  facet normal -0.698667 -0.653982 -0.290124
    outer loop
      vertex -29.8036 -10.0037 11.5607
      vertex -30.1255 -10.3256 13.0615
      vertex -29.8999 -9.90082 11.5607
    endloop
  endfacet
  facet normal -0.653914 -0.698731 -0.290123
    outer loop
      vertex -29.7007 -10.1 11.5607
      vertex -30.1255 -10.3256 13.0615
      vertex -29.8036 -10.0037 11.5607
    endloop
  endfacet
  facet normal 0.216903 0.932068 -0.290176
    outer loop
      vertex 23.7574 39.5685 11.5607
      vertex 23.709 40.047 13.0615
      vertex 23.8753 40.0083 13.0615
    endloop
  endfacet
  facet normal 0.956839 -0.0149083 -0.290235
    outer loop
      vertex 25.8076 -37.5737 13.0615
      vertex 25.3526 -37.5588 11.5607
      vertex 25.3537 -37.4882 11.5607
    endloop
  endfacet
  facet normal -0.365927 0.884278 -0.290086
    outer loop
      vertex 12.7764 36.9368 11.5607
      vertex 12.4583 37.2975 13.0615
      vertex 12.6161 37.3628 13.0615
    endloop
  endfacet
  facet normal -0.944205 -0.155826 -0.290163
    outer loop
      vertex -34.2498 -2.07449 13.0615
      vertex -34.2776 -1.90604 13.0615
      vertex -33.8262 -1.8466 11.5607
    endloop
  endfacet
  facet normal -0.247768 0.924365 -0.290105
    outer loop
      vertex 17.728 38.6079 11.5607
      vertex 17.4597 39.007 13.0615
      vertex 17.6246 39.0512 13.0615
    endloop
  endfacet
  facet normal 0.031226 0.956467 -0.290165
    outer loop
      vertex 23.3409 39.6373 11.5607
      vertex 23.2 39.6419 11.5607
      vertex 23.2 40.0972 13.0615
    endloop
  endfacet
  facet normal 0.915819 0.277665 -0.290133
    outer loop
      vertex 25.2803 38.0456 11.5607
      vertex 25.2394 38.1805 11.5607
      vertex 25.6705 38.3268 13.0615
    endloop
  endfacet
  facet normal -0.795671 0.531651 -0.290267
    outer loop
      vertex -31.1059 8.49774 11.5607
      vertex -32.356 7.44623 13.0615
      vertex -31.4844 8.75067 13.0615
    endloop
  endfacet
  facet normal -0.795671 0.531651 -0.290267
    outer loop
      vertex -32.356 7.44623 13.0615
      vertex -31.1059 8.49774 11.5607
      vertex -31.9775 7.1933 11.5607
    endloop
  endfacet
  facet normal 0.931917 0.21756 -0.290169
    outer loop
      vertex 25.7589 37.9972 13.0615
      vertex 25.2803 38.0456 11.5607
      vertex 25.7201 38.1634 13.0615
    endloop
  endfacet
  facet normal 0.931957 0.217366 -0.290188
    outer loop
      vertex 25.3123 37.9084 11.5607
      vertex 25.2803 38.0456 11.5607
      vertex 25.7589 37.9972 13.0615
    endloop
  endfacet
  facet normal -0.478668 -0.828672 -0.290138
    outer loop
      vertex 8.08563 -34.6338 11.5607
      vertex 7.87102 -35.0353 13.0615
      vertex 7.96358 -34.5633 11.5607
    endloop
  endfacet
  facet normal -0.630949 -0.719464 -0.290301
    outer loop
      vertex -29.7007 -10.1 11.5607
      vertex -28.8215 -11.4766 13.0615
      vertex -30.0009 -10.4423 13.0615
    endloop
  endfacet
  facet normal -0.630993 -0.719444 -0.290257
    outer loop
      vertex -28.8215 -11.4766 13.0615
      vertex -29.7007 -10.1 11.5607
      vertex -28.5213 -11.1344 11.5607
    endloop
  endfacet
  facet normal -0.956484 0.0313897 -0.290092
    outer loop
      vertex -33.9427 0.140854 11.5607
      vertex -34.4025 -1.52588e-05 13.0615
      vertex -34.3969 0.170624 13.0615
    endloop
  endfacet
  facet normal -0.954907 0.0625826 -0.290233
    outer loop
      vertex -33.8401 1.70636 11.5607
      vertex -34.3969 0.170624 13.0615
      vertex -34.2943 1.73613 13.0615
    endloop
  endfacet
  facet normal -0.954907 0.0625826 -0.290233
    outer loop
      vertex -34.3969 0.170624 13.0615
      vertex -33.8401 1.70636 11.5607
      vertex -33.9427 0.140854 11.5607
    endloop
  endfacet
  facet normal 0.858398 -0.423036 -0.29016
    outer loop
      vertex 25.5009 -38.7182 13.0615
      vertex 25.0994 -38.5035 11.5607
      vertex 25.5764 -38.565 13.0615
    endloop
  endfacet
  facet normal 0.79575 -0.531631 -0.290087
    outer loop
      vertex 25.3206 -39.0079 13.0615
      vertex 24.9506 -38.7428 11.5607
      vertex 25.0289 -38.6256 11.5607
    endloop
  endfacet
  facet normal 0.938606 -0.186712 -0.2901
    outer loop
      vertex 25.7408 -38.0807 13.0615
      vertex 25.325 -37.8391 11.5607
      vertex 25.7741 -37.9133 13.0615
    endloop
  endfacet
  facet normal 0.719274 -0.631256 -0.290105
    outer loop
      vertex 25.1041 -39.2717 13.0615
      vertex 24.7719 -38.9605 11.5607
      vertex 25.2167 -39.1434 13.0615
    endloop
  endfacet
  facet normal -0.944259 0.155498 -0.290164
    outer loop
      vertex -33.8262 1.84663 11.5607
      vertex -34.2776 1.90605 13.0615
      vertex -33.8033 1.98569 11.5607
    endloop
  endfacet
  facet normal 0.759428 -0.582321 -0.290123
    outer loop
      vertex 25.2167 -39.1434 13.0615
      vertex 24.8648 -38.8546 11.5607
      vertex 25.3206 -39.0079 13.0615
    endloop
  endfacet
  facet normal 0.948801 -0.124975 -0.290099
    outer loop
      vertex 25.7741 -37.9133 13.0615
      vertex 25.325 -37.8391 11.5607
      vertex 25.7964 -37.744 13.0615
    endloop
  endfacet
  facet normal 0.924528 -0.247084 -0.290168
    outer loop
      vertex 25.7408 -38.0807 13.0615
      vertex 25.261 -38.1135 11.5607
      vertex 25.2974 -37.9773 11.5607
    endloop
  endfacet
  facet normal 0.12421 -0.948882 -0.290164
    outer loop
      vertex 23.4556 -40.0846 13.0615
      vertex 23.411 -39.6315 11.5607
      vertex 23.5508 -39.6132 11.5607
    endloop
  endfacet
  facet normal 0.871627 0.395083 -0.290132
    outer loop
      vertex 25.1898 38.3124 11.5607
      vertex 25.1316 38.4408 11.5607
      vertex 25.6104 38.4866 13.0615
    endloop
  endfacet
  facet normal -0.606891 -0.739945 -0.290111
    outer loop
      vertex -28.4123 -11.2238 11.5607
      vertex -28.8215 -11.4766 13.0615
      vertex -28.5213 -11.1344 11.5607
    endloop
  endfacet
  facet normal -0.557563 -0.777787 -0.290122
    outer loop
      vertex -28.5507 -11.6844 13.0615
      vertex -28.6895 -11.5849 13.0615
      vertex -28.4123 -11.2238 11.5607
    endloop
  endfacet
  facet normal -0.739701 -0.607192 -0.290105
    outer loop
      vertex -30.9344 -8.72121 11.5607
      vertex -31.3849 -8.88945 13.0615
      vertex -31.0238 -8.6123 11.5607
    endloop
  endfacet
  facet normal 0.956466 0.0312482 -0.290165
    outer loop
      vertex 25.3537 37.4882 11.5607
      vertex 25.3491 37.629 11.5607
      vertex 25.809 37.4882 13.0615
    endloop
  endfacet
  facet normal -0.523115 0.801318 -0.290242
    outer loop
      vertex -26.8529 12.2713 11.5607
      vertex -27.1058 12.6498 13.0615
      vertex -26.8192 12.2933 11.5607
    endloop
  endfacet
  facet normal -0.186604 -0.938626 -0.290104
    outer loop
      vertex 20.201 -39.6462 13.0615
      vertex 20.0335 -39.6129 13.0615
      vertex 20.1369 -39.1696 11.5607
    endloop
  endfacet
  facet normal -0.812609 -0.505464 -0.290125
    outer loop
      vertex -32.356 -7.44623 13.0615
      vertex -32.4462 -7.30122 13.0615
      vertex -31.9775 -7.1933 11.5607
    endloop
  endfacet
  facet normal 0.956934 0 -0.290306
    outer loop
      vertex 25.809 -37.4882 13.0615
      vertex 25.3537 37.4882 11.5607
      vertex 25.809 37.4882 13.0615
    endloop
  endfacet
  facet normal 0.956934 0 -0.290306
    outer loop
      vertex 25.3537 37.4882 11.5607
      vertex 25.809 -37.4882 13.0615
      vertex 25.3537 -37.4882 11.5607
    endloop
  endfacet
  facet normal -0.895722 -0.336898 -0.290141
    outer loop
      vertex -33.291 -5.58812 13.0615
      vertex -33.3511 -5.42833 13.0615
      vertex -32.92 -5.282 11.5607
    endloop
  endfacet
  facet normal 0.607284 0.739619 -0.290122
    outer loop
      vertex 24.9202 39.4497 13.0615
      vertex 24.5111 39.1969 11.5607
      vertex 24.7883 39.558 13.0615
    endloop
  endfacet
  facet normal 0.944214 0.155781 -0.29016
    outer loop
      vertex 25.7867 37.8287 13.0615
      vertex 25.3353 37.7693 11.5607
      vertex 25.7589 37.9972 13.0615
    endloop
  endfacet
  facet normal -0.247723 -0.924378 -0.290101
    outer loop
      vertex 17.728 -38.6079 11.5607
      vertex 17.4597 -39.007 13.0615
      vertex 17.5918 -38.5714 11.5607
    endloop
  endfacet
  facet normal -0.812791 -0.505151 -0.290159
    outer loop
      vertex -31.9775 -7.1933 11.5607
      vertex -32.4462 -7.30122 13.0615
      vertex -32.0519 -7.07359 11.5607
    endloop
  endfacet
  facet normal -0.607008 -0.739844 -0.290125
    outer loop
      vertex -28.6895 -11.5849 13.0615
      vertex -28.8215 -11.4766 13.0615
      vertex -28.4123 -11.2238 11.5607
    endloop
  endfacet
  facet normal 0.843984 0.451134 -0.29012
    outer loop
      vertex 25.5399 38.6421 13.0615
      vertex 25.1316 38.4408 11.5607
      vertex 25.4594 38.7927 13.0615
    endloop
  endfacet
  facet normal 0.759198 -0.58264 -0.290086
    outer loop
      vertex 25.3206 -39.0079 13.0615
      vertex 24.8648 -38.8546 11.5607
      vertex 24.9506 -38.7428 11.5607
    endloop
  endfacet
  facet normal -0.524005 -0.800726 -0.290271
    outer loop
      vertex -27.065 -12.6765 13.0615
      vertex -27.1058 -12.6498 13.0615
      vertex -26.8192 -12.2933 11.5607
    endloop
  endfacet
  facet normal 0.366046 -0.884214 -0.29013
    outer loop
      vertex 24.2766 -39.8647 13.0615
      vertex 23.9586 -39.5039 11.5607
      vertex 24.0888 -39.45 11.5607
    endloop
  endfacet
  facet normal 0.938444 -0.187417 -0.290169
    outer loop
      vertex 25.7408 -38.0807 13.0615
      vertex 25.2974 -37.9773 11.5607
      vertex 25.325 -37.8391 11.5607
    endloop
  endfacet
  facet normal 0.247769 -0.924369 -0.29009
    outer loop
      vertex 23.7923 -40.029 13.0615
      vertex 23.689 -39.5857 11.5607
      vertex 23.9572 -39.9848 13.0615
    endloop
  endfacet
  facet normal -0.000560626 -0.956988 -0.290126
    outer loop
      vertex 23.2852 -40.0958 13.0615
      vertex 23.1145 -40.0957 13.0615
      vertex 23.2704 -39.6408 11.5607
    endloop
  endfacet
  facet normal -0.952312 0.094369 -0.290166
    outer loop
      vertex -33.8401 1.70636 11.5607
      vertex -34.2776 1.90605 13.0615
      vertex -33.8262 1.84663 11.5607
    endloop
  endfacet
  facet normal -0.931987 0.21731 -0.290132
    outer loop
      vertex -33.4972 3.52434 11.5607
      vertex -33.9437 3.61314 13.0615
      vertex -33.4652 3.66158 11.5607
    endloop
  endfacet
  facet normal 0.906169 -0.307717 -0.290117
    outer loop
      vertex 25.6966 -38.2457 13.0615
      vertex 25.2157 -38.2469 11.5607
      vertex 25.261 -38.1135 11.5607
    endloop
  endfacet
  facet normal -0.915696 -0.278061 -0.290142
    outer loop
      vertex -33.8554 -3.94276 13.0615
      vertex -33.905 -3.77942 13.0615
      vertex -33.4243 -3.79643 11.5607
    endloop
  endfacet
  facet normal 0.956816 -0.0156672 -0.290271
    outer loop
      vertex 25.8076 -37.5737 13.0615
      vertex 25.3537 -37.4882 11.5607
      vertex 25.809 -37.4882 13.0615
    endloop
  endfacet
  facet normal -0.47868 0.828665 -0.290136
    outer loop
      vertex 7.96358 34.5633 11.5607
      vertex 7.72318 34.9499 13.0615
      vertex 7.87102 35.0353 13.0615
    endloop
  endfacet
  facet normal -0.307505 -0.906223 -0.290174
    outer loop
      vertex 15.0928 -38.2891 13.0615
      vertex 15.0915 -37.8081 11.5607
      vertex 15.225 -37.8534 11.5607
    endloop
  endfacet
  facet normal -0.944213 0.155837 -0.290132
    outer loop
      vertex -33.8033 1.98569 11.5607
      vertex -34.2776 1.90605 13.0615
      vertex -34.2498 2.07449 13.0615
    endloop
  endfacet
  facet normal -0.186769 -0.938598 -0.290088
    outer loop
      vertex 20.201 -39.6462 13.0615
      vertex 20.1369 -39.1696 11.5607
      vertex 20.2751 -39.1971 11.5607
    endloop
  endfacet
  facet normal -0.557563 0.777787 -0.290122
    outer loop
      vertex -28.4123 11.2238 11.5607
      vertex -28.6895 11.5849 13.0615
      vertex -28.5507 11.6844 13.0615
    endloop
  endfacet
  facet normal 0.719407 -0.631095 -0.290125
    outer loop
      vertex 25.2167 -39.1434 13.0615
      vertex 24.7719 -38.9605 11.5607
      vertex 24.8648 -38.8546 11.5607
    endloop
  endfacet
  facet normal -0.47868 -0.828665 -0.290136
    outer loop
      vertex 7.87102 -35.0353 13.0615
      vertex 7.72318 -34.9499 13.0615
      vertex 7.96358 -34.5633 11.5607
    endloop
  endfacet
  facet normal -0.509881 0.809792 -0.290273
    outer loop
      vertex 5.77135 33.1999 11.5607
      vertex 5.55652 33.6026 13.0615
      vertex 5.79692 33.216 11.5607
    endloop
  endfacet
  facet normal 0.924399 -0.247627 -0.290115
    outer loop
      vertex 25.6966 -38.2457 13.0615
      vertex 25.261 -38.1135 11.5607
      vertex 25.7408 -38.0807 13.0615
    endloop
  endfacet
  facet normal 0.795484 -0.532005 -0.290131
    outer loop
      vertex 25.3206 -39.0079 13.0615
      vertex 25.0289 -38.6256 11.5607
      vertex 25.4155 -38.866 13.0615
    endloop
  endfacet
  facet normal 0.915718 0.277966 -0.290163
    outer loop
      vertex 25.7201 38.1634 13.0615
      vertex 25.2803 38.0456 11.5607
      vertex 25.6705 38.3268 13.0615
    endloop
  endfacet
  facet normal -0.91571 0.278015 -0.290142
    outer loop
      vertex -33.4243 3.79643 11.5607
      vertex -33.905 3.77939 13.0615
      vertex -33.8554 3.94276 13.0615
    endloop
  endfacet
  facet normal 0.828602 -0.478773 -0.290163
    outer loop
      vertex 25.4155 -38.866 13.0615
      vertex 25.0994 -38.5035 11.5607
      vertex 25.5009 -38.7182 13.0615
    endloop
  endfacet
  facet normal -0.0313963 0.956466 -0.290151
    outer loop
      vertex 23.0592 39.6373 11.5607
      vertex 23.0294 40.0916 13.0615
      vertex 23.2 40.0972 13.0615
    endloop
  endfacet
  facet normal -0.654181 0.698466 -0.290159
    outer loop
      vertex -29.7007 10.1 11.5607
      vertex -30.1255 10.3256 13.0615
      vertex -30.0009 10.4423 13.0615
    endloop
  endfacet
  facet normal 0.81284 0.505082 -0.290142
    outer loop
      vertex 25.4594 38.7927 13.0615
      vertex 24.9908 38.6847 11.5607
      vertex 25.3693 38.9377 13.0615
    endloop
  endfacet
  facet normal -0.952334 -0.0943914 -0.290085
    outer loop
      vertex -33.8262 -1.8466 11.5607
      vertex -34.2943 -1.73613 13.0615
      vertex -33.8401 -1.70636 11.5607
    endloop
  endfacet
  facet normal 0.81278 0.505186 -0.290131
    outer loop
      vertex 25.0652 38.565 11.5607
      vertex 24.9908 38.6847 11.5607
      vertex 25.4594 38.7927 13.0615
    endloop
  endfacet
  facet normal -0.956485 0.0312334 -0.290106
    outer loop
      vertex -33.9473 -1.52588e-05 11.5607
      vertex -34.4025 -1.52588e-05 13.0615
      vertex -33.9427 0.140854 11.5607
    endloop
  endfacet
  facet normal -0.155879 -0.944175 -0.290232
    outer loop
      vertex 20.2751 -39.1971 11.5607
      vertex 22.6414 -40.0491 13.0615
      vertex 20.201 -39.6462 13.0615
    endloop
  endfacet
  facet normal -0.155879 -0.944175 -0.290232
    outer loop
      vertex 22.6414 -40.0491 13.0615
      vertex 20.2751 -39.1971 11.5607
      vertex 22.7155 -39.6 11.5607
    endloop
  endfacet
  facet normal -0.478668 0.828672 -0.290138
    outer loop
      vertex 7.96358 34.5633 11.5607
      vertex 7.87102 35.0353 13.0615
      vertex 8.08563 34.6338 11.5607
    endloop
  endfacet
  facet normal -0.394942 -0.871644 -0.290272
    outer loop
      vertex 10.3934 -35.8621 11.5607
      vertex 12.4583 -37.2975 13.0615
      vertex 10.2056 -36.2768 13.0615
    endloop
  endfacet
  facet normal -0.394925 -0.871644 -0.290296
    outer loop
      vertex 12.4583 -37.2975 13.0615
      vertex 10.3934 -35.8621 11.5607
      vertex 12.6462 -36.8828 11.5607
    endloop
  endfacet
  facet normal -0.654181 -0.698466 -0.290159
    outer loop
      vertex -30.0009 -10.4423 13.0615
      vertex -30.1255 -10.3256 13.0615
      vertex -29.7007 -10.1 11.5607
    endloop
  endfacet
  facet normal -0.247768 -0.924365 -0.290105
    outer loop
      vertex 17.6246 -39.0512 13.0615
      vertex 17.4597 -39.007 13.0615
      vertex 17.728 -38.6079 11.5607
    endloop
  endfacet
  facet normal 0.42304 -0.858406 -0.290131
    outer loop
      vertex 24.2766 -39.8647 13.0615
      vertex 24.0888 -39.45 11.5607
      vertex 24.4298 -39.7892 13.0615
    endloop
  endfacet
  facet normal -0.0624857 -0.954944 -0.290132
    outer loop
      vertex 23.1145 -40.0957 13.0615
      vertex 22.9888 -39.6315 11.5607
      vertex 23.1294 -39.6407 11.5607
    endloop
  endfacet
  facet normal 0.954933 -0.0628024 -0.290102
    outer loop
      vertex 25.7964 -37.744 13.0615
      vertex 25.3434 -37.6994 11.5607
      vertex 25.8076 -37.5737 13.0615
    endloop
  endfacet
  facet normal -0.27775 -0.915736 -0.290315
    outer loop
      vertex 15.225 -37.8534 11.5607
      vertex 17.4597 -39.007 13.0615
      vertex 15.0928 -38.2891 13.0615
    endloop
  endfacet
  facet normal -0.277803 -0.915743 -0.290242
    outer loop
      vertex 17.4597 -39.007 13.0615
      vertex 15.225 -37.8534 11.5607
      vertex 17.5918 -38.5714 11.5607
    endloop
  endfacet
  facet normal 0.27812 0.915667 -0.290179
    outer loop
      vertex 24.0386 39.9587 13.0615
      vertex 23.7574 39.5685 11.5607
      vertex 23.8753 40.0083 13.0615
    endloop
  endfacet
  facet normal -0.423081 -0.858385 -0.290135
    outer loop
      vertex 10.3934 -35.8621 11.5607
      vertex 10.0524 -36.2013 13.0615
      vertex 10.267 -35.7998 11.5607
    endloop
  endfacet
  facet normal -0.42304 -0.858406 -0.290131
    outer loop
      vertex 10.2056 -36.2768 13.0615
      vertex 10.0524 -36.2013 13.0615
      vertex 10.3934 -35.8621 11.5607
    endloop
  endfacet
  facet normal 0.478306 -0.828883 -0.290132
    outer loop
      vertex 24.5776 -39.7038 13.0615
      vertex 24.2152 -39.3876 11.5607
      vertex 24.3372 -39.3172 11.5607
    endloop
  endfacet
  facet normal 0.630657 -0.719789 -0.29013
    outer loop
      vertex 24.855 -39.505 13.0615
      vertex 24.5662 -39.1531 11.5607
      vertex 24.9834 -39.3925 13.0615
    endloop
  endfacet
  facet normal -0.247723 0.924378 -0.290101
    outer loop
      vertex 17.5918 38.5714 11.5607
      vertex 17.4597 39.007 13.0615
      vertex 17.728 38.6079 11.5607
    endloop
  endfacet
  facet normal 0.883982 -0.366629 -0.290101
    outer loop
      vertex 25.6417 -38.4073 13.0615
      vertex 25.1617 -38.3771 11.5607
      vertex 25.2157 -38.2469 11.5607
    endloop
  endfacet
  facet normal 0.0631613 -0.95489 -0.290164
    outer loop
      vertex 23.4556 -40.0846 13.0615
      vertex 23.2704 -39.6408 11.5607
      vertex 23.411 -39.6315 11.5607
    endloop
  endfacet
  facet normal 0.307512 -0.906244 -0.2901
    outer loop
      vertex 23.9572 -39.9848 13.0615
      vertex 23.8251 -39.5492 11.5607
      vertex 23.9586 -39.5039 11.5607
    endloop
  endfacet
  facet normal 0.247892 -0.924332 -0.290102
    outer loop
      vertex 23.9572 -39.9848 13.0615
      vertex 23.689 -39.5857 11.5607
      vertex 23.8251 -39.5492 11.5607
    endloop
  endfacet
  facet normal 0.366119 -0.884181 -0.290138
    outer loop
      vertex 24.1189 -39.93 13.0615
      vertex 23.9586 -39.5039 11.5607
      vertex 24.2766 -39.8647 13.0615
    endloop
  endfacet
  facet normal 0.186712 -0.938608 -0.290093
    outer loop
      vertex 23.7923 -40.029 13.0615
      vertex 23.6249 -40.0623 13.0615
      vertex 23.689 -39.5857 11.5607
    endloop
  endfacet
  facet normal -0.630993 0.719444 -0.290257
    outer loop
      vertex -29.7007 10.1 11.5607
      vertex -28.8215 11.4766 13.0615
      vertex -28.5213 11.1344 11.5607
    endloop
  endfacet
  facet normal -0.630949 0.719464 -0.290301
    outer loop
      vertex -28.8215 11.4766 13.0615
      vertex -29.7007 10.1 11.5607
      vertex -30.0009 10.4423 13.0615
    endloop
  endfacet
  facet normal -0.524005 0.800726 -0.290271
    outer loop
      vertex -26.8192 12.2933 11.5607
      vertex -27.1058 12.6498 13.0615
      vertex -27.065 12.6765 13.0615
    endloop
  endfacet
  facet normal -0.000678713 -0.956985 -0.290137
    outer loop
      vertex 23.2704 -39.6408 11.5607
      vertex 23.1145 -40.0957 13.0615
      vertex 23.1294 -39.6407 11.5607
    endloop
  endfacet
  facet normal 0.895746 0.336839 -0.290136
    outer loop
      vertex 25.2394 38.1805 11.5607
      vertex 25.1898 38.3124 11.5607
      vertex 25.6705 38.3268 13.0615
    endloop
  endfacet
  facet normal 0.871594 0.39516 -0.290124
    outer loop
      vertex 25.6104 38.4866 13.0615
      vertex 25.1316 38.4408 11.5607
      vertex 25.5399 38.6421 13.0615
    endloop
  endfacet
  facet normal -0.21731 -0.931951 -0.290248
    outer loop
      vertex 17.728 -38.6079 11.5607
      vertex 20.0335 -39.6129 13.0615
      vertex 17.6246 -39.0512 13.0615
    endloop
  endfacet
  facet normal -0.21731 -0.931951 -0.290248
    outer loop
      vertex 20.0335 -39.6129 13.0615
      vertex 17.728 -38.6079 11.5607
      vertex 20.1369 -39.1696 11.5607
    endloop
  endfacet
  facet normal -0.124967 -0.9488 -0.290107
    outer loop
      vertex 22.8105 -40.0714 13.0615
      vertex 22.7155 -39.6 11.5607
      vertex 22.8552 -39.6184 11.5607
    endloop
  endfacet
  facet normal -0.365927 -0.884278 -0.290086
    outer loop
      vertex 12.6161 -37.3628 13.0615
      vertex 12.4583 -37.2975 13.0615
      vertex 12.7764 -36.9368 11.5607
    endloop
  endfacet
  facet normal 0.505079 0.812835 -0.290161
    outer loop
      vertex 24.6495 39.6575 13.0615
      vertex 24.3966 39.2789 11.5607
      vertex 24.5045 39.7476 13.0615
    endloop
  endfacet
  facet normal -0.653914 0.698731 -0.290123
    outer loop
      vertex -29.8036 10.0037 11.5607
      vertex -30.1255 10.3256 13.0615
      vertex -29.7007 10.1 11.5607
    endloop
  endfacet
  facet normal -0.938551 0.186716 -0.290274
    outer loop
      vertex -33.4972 3.52434 11.5607
      vertex -34.2498 2.07449 13.0615
      vertex -33.9437 3.61314 13.0615
    endloop
  endfacet
  facet normal -0.938551 0.186716 -0.290274
    outer loop
      vertex -34.2498 2.07449 13.0615
      vertex -33.4972 3.52434 11.5607
      vertex -33.8033 1.98569 11.5607
    endloop
  endfacet
  facet normal 0.676698 -0.676698 -0.290104
    outer loop
      vertex 25.1041 -39.2717 13.0615
      vertex 24.6722 -39.0602 11.5607
      vertex 24.7719 -38.9605 11.5607
    endloop
  endfacet
  facet normal 0.67697 -0.67641 -0.290141
    outer loop
      vertex 24.6722 -39.0602 11.5607
      vertex 25.1041 -39.2717 13.0615
      vertex 24.9834 -39.3925 13.0615
    endloop
  endfacet
  facet normal -0.531633 0.795687 -0.290257
    outer loop
      vertex -28.2978 11.3059 11.5607
      vertex -27.1058 12.6498 13.0615
      vertex -26.8529 12.2713 11.5607
    endloop
  endfacet
  facet normal -0.531633 0.795687 -0.290257
    outer loop
      vertex -27.1058 12.6498 13.0615
      vertex -28.2978 11.3059 11.5607
      vertex -28.5507 11.6844 13.0615
    endloop
  endfacet
  facet normal -0.895729 0.336879 -0.290141
    outer loop
      vertex -32.92 5.282 11.5607
      vertex -33.3511 5.42833 13.0615
      vertex -33.291 5.58813 13.0615
    endloop
  endfacet
  facet normal -0.186769 0.938598 -0.290088
    outer loop
      vertex 20.2751 39.1971 11.5607
      vertex 20.1369 39.1696 11.5607
      vertex 20.201 39.6462 13.0615
    endloop
  endfacet
  facet normal -0.777866 -0.557462 -0.290104
    outer loop
      vertex -31.0238 -8.6123 11.5607
      vertex -31.3849 -8.88945 13.0615
      vertex -31.1059 -8.49774 11.5607
    endloop
  endfacet
  facet normal -0.42304 0.858406 -0.290131
    outer loop
      vertex 10.3934 35.8621 11.5607
      vertex 10.0524 36.2013 13.0615
      vertex 10.2056 36.2768 13.0615
    endloop
  endfacet
  facet normal 0.0627652 -0.954928 -0.290126
    outer loop
      vertex 23.2852 -40.0958 13.0615
      vertex 23.2704 -39.6408 11.5607
      vertex 23.4556 -40.0846 13.0615
    endloop
  endfacet
  facet normal -0.843794 -0.451463 -0.290161
    outer loop
      vertex -32.0519 -7.07359 11.5607
      vertex -32.4462 -7.30122 13.0615
      vertex -32.1184 -6.9493 11.5607
    endloop
  endfacet
  facet normal 0.395083 0.871627 -0.290132
    outer loop
      vertex 24.1526 39.4198 11.5607
      vertex 24.0242 39.478 11.5607
      vertex 24.1984 39.8986 13.0615
    endloop
  endfacet
  facet normal -0.932057 0.216966 -0.290165
    outer loop
      vertex -33.4652 3.66158 11.5607
      vertex -33.9437 3.61314 13.0615
      vertex -33.905 3.77939 13.0615
    endloop
  endfacet
  facet normal -0.906153 0.307608 -0.290282
    outer loop
      vertex -32.92 5.282 11.5607
      vertex -33.8554 3.94276 13.0615
      vertex -33.3511 5.42833 13.0615
    endloop
  endfacet
  facet normal -0.906153 0.307608 -0.290282
    outer loop
      vertex -33.8554 3.94276 13.0615
      vertex -32.92 5.282 11.5607
      vertex -33.4243 3.79643 11.5607
    endloop
  endfacet
  facet normal -0.895755 -0.336816 -0.290133
    outer loop
      vertex -32.8704 -5.41391 11.5607
      vertex -33.291 -5.58812 13.0615
      vertex -32.92 -5.282 11.5607
    endloop
  endfacet
  facet normal 0.777591 0.557825 -0.290144
    outer loop
      vertex 25.3693 38.9377 13.0615
      vertex 24.9908 38.6847 11.5607
      vertex 25.2698 39.0764 13.0615
    endloop
  endfacet
  facet normal 0.557557 0.777777 -0.29016
    outer loop
      vertex 24.7883 39.558 13.0615
      vertex 24.3966 39.2789 11.5607
      vertex 24.6495 39.6575 13.0615
    endloop
  endfacet
  facet normal -0.871591 0.395159 -0.290136
    outer loop
      vertex -32.8704 5.41391 11.5607
      vertex -33.291 5.58813 13.0615
      vertex -32.8122 5.54228 11.5607
    endloop
  endfacet
  facet normal 0.954944 -0.0624857 -0.290132
    outer loop
      vertex 25.8076 -37.5737 13.0615
      vertex 25.3434 -37.6994 11.5607
      vertex 25.3526 -37.5588 11.5607
    endloop
  endfacet
  facet normal -0.938551 -0.186716 -0.290274
    outer loop
      vertex -33.4972 -3.52434 11.5607
      vertex -34.2498 -2.07449 13.0615
      vertex -33.8033 -1.98569 11.5607
    endloop
  endfacet
  facet normal -0.938551 -0.186716 -0.290274
    outer loop
      vertex -34.2498 -2.07449 13.0615
      vertex -33.4972 -3.52434 11.5607
      vertex -33.9437 -3.61314 13.0615
    endloop
  endfacet
  facet normal -0.125121 0.948784 -0.290092
    outer loop
      vertex 22.7155 39.6 11.5607
      vertex 22.6414 40.0491 13.0615
      vertex 22.8105 40.0714 13.0615
    endloop
  endfacet
  facet normal -0.698468 -0.654183 -0.290151
    outer loop
      vertex -30.1255 -10.3256 13.0615
      vertex -30.2422 -10.201 13.0615
      vertex -29.8999 -9.90082 11.5607
    endloop
  endfacet
  facet normal -0.509761 -0.809867 -0.290275
    outer loop
      vertex 5.55652 -33.6026 13.0615
      vertex 5.52554 -33.5831 13.0615
      vertex 5.77135 -33.1999 11.5607
    endloop
  endfacet
  facet normal 0.423619 -0.8581 -0.290193
    outer loop
      vertex 24.4298 -39.7892 13.0615
      vertex 24.0888 -39.45 11.5607
      vertex 24.2152 -39.3876 11.5607
    endloop
  endfacet
  facet normal 0.531623 -0.795738 -0.290135
    outer loop
      vertex 24.5776 -39.7038 13.0615
      vertex 24.3372 -39.3172 11.5607
      vertex 24.4544 -39.2389 11.5607
    endloop
  endfacet
  facet normal -0.394925 0.871644 -0.290296
    outer loop
      vertex 10.3934 35.8621 11.5607
      vertex 12.4583 37.2975 13.0615
      vertex 12.6462 36.8828 11.5607
    endloop
  endfacet
  facet normal -0.394942 0.871644 -0.290272
    outer loop
      vertex 12.4583 37.2975 13.0615
      vertex 10.3934 35.8621 11.5607
      vertex 10.2056 36.2768 13.0615
    endloop
  endfacet
  facet normal -0.606891 0.739945 -0.290111
    outer loop
      vertex -28.5213 11.1344 11.5607
      vertex -28.8215 11.4766 13.0615
      vertex -28.4123 11.2238 11.5607
    endloop
  endfacet
  facet normal 0.39516 0.871594 -0.290124
    outer loop
      vertex 24.3539 39.8281 13.0615
      vertex 24.1526 39.4198 11.5607
      vertex 24.1984 39.8986 13.0615
    endloop
  endfacet
  facet normal -0.505326 -0.812641 -0.290277
    outer loop
      vertex 5.79692 -33.216 11.5607
      vertex 7.72318 -34.9499 13.0615
      vertex 5.55652 -33.6026 13.0615
    endloop
  endfacet
  facet normal -0.505326 -0.812641 -0.290277
    outer loop
      vertex 7.72318 -34.9499 13.0615
      vertex 5.79692 -33.216 11.5607
      vertex 7.96358 -34.5633 11.5607
    endloop
  endfacet
  facet normal 0.84395 0.451194 -0.290126
    outer loop
      vertex 25.1316 38.4408 11.5607
      vertex 25.0652 38.565 11.5607
      vertex 25.4594 38.7927 13.0615
    endloop
  endfacet
  facet normal -0.124967 0.9488 -0.290107
    outer loop
      vertex 22.8552 39.6184 11.5607
      vertex 22.7155 39.6 11.5607
      vertex 22.8105 40.0714 13.0615
    endloop
  endfacet
  facet normal -0.451107 -0.843942 -0.290282
    outer loop
      vertex 8.08563 -34.6338 11.5607
      vertex 10.0524 -36.2013 13.0615
      vertex 7.87102 -35.0353 13.0615
    endloop
  endfacet
  facet normal -0.451109 -0.843942 -0.290279
    outer loop
      vertex 10.0524 -36.2013 13.0615
      vertex 8.08563 -34.6338 11.5607
      vertex 10.267 -35.7998 11.5607
    endloop
  endfacet
  facet normal -0.337108 -0.895615 -0.290226
    outer loop
      vertex 12.7764 -36.9368 11.5607
      vertex 14.9312 -38.2342 13.0615
      vertex 12.6161 -37.3628 13.0615
    endloop
  endfacet
  facet normal -0.337069 -0.895613 -0.29028
    outer loop
      vertex 14.9312 -38.2342 13.0615
      vertex 12.7764 -36.9368 11.5607
      vertex 15.0915 -37.8081 11.5607
    endloop
  endfacet
  facet normal -0.607008 0.739844 -0.290125
    outer loop
      vertex -28.4123 11.2238 11.5607
      vertex -28.8215 11.4766 13.0615
      vertex -28.6895 11.5849 13.0615
    endloop
  endfacet
  facet normal 0.956466 0.0313963 -0.290151
    outer loop
      vertex 25.809 37.4882 13.0615
      vertex 25.3491 37.629 11.5607
      vertex 25.8034 37.6588 13.0615
    endloop
  endfacet
  facet normal 0.858379 -0.423078 -0.290156
    outer loop
      vertex 25.5764 -38.565 13.0615
      vertex 25.0994 -38.5035 11.5607
      vertex 25.1617 -38.3771 11.5607
    endloop
  endfacet
  facet normal 0.0937434 0.952378 -0.290151
    outer loop
      vertex 23.4811 39.6235 11.5607
      vertex 23.3409 39.6373 11.5607
      vertex 23.3707 40.0916 13.0615
    endloop
  endfacet
  facet normal -0.0940213 -0.952321 -0.290248
    outer loop
      vertex 22.8552 -39.6184 11.5607
      vertex 22.9442 -40.0846 13.0615
      vertex 22.8105 -40.0714 13.0615
    endloop
  endfacet
  facet normal -0.0933834 -0.952368 -0.2903
    outer loop
      vertex 22.9442 -40.0846 13.0615
      vertex 22.8552 -39.6184 11.5607
      vertex 22.9888 -39.6315 11.5607
    endloop
  endfacet
  facet normal -0.337069 0.895613 -0.29028
    outer loop
      vertex 12.7764 36.9368 11.5607
      vertex 14.9312 38.2342 13.0615
      vertex 15.0915 37.8081 11.5607
    endloop
  endfacet
  facet normal -0.337108 0.895615 -0.290226
    outer loop
      vertex 14.9312 38.2342 13.0615
      vertex 12.7764 36.9368 11.5607
      vertex 12.6161 37.3628 13.0615
    endloop
  endfacet
  facet normal 0.952385 0.0936772 -0.290152
    outer loop
      vertex 25.3491 37.629 11.5607
      vertex 25.3353 37.7693 11.5607
      vertex 25.8034 37.6588 13.0615
    endloop
  endfacet
  facet normal -0.739802 0.607052 -0.290139
    outer loop
      vertex -31.0238 8.61226 11.5607
      vertex -31.2767 9.02136 13.0615
      vertex -30.9344 8.72121 11.5607
    endloop
  endfacet
  facet normal -0.505326 0.812641 -0.290277
    outer loop
      vertex 5.79692 33.216 11.5607
      vertex 7.72318 34.9499 13.0615
      vertex 7.96358 34.5633 11.5607
    endloop
  endfacet
  facet normal -0.505326 0.812641 -0.290277
    outer loop
      vertex 7.72318 34.9499 13.0615
      vertex 5.79692 33.216 11.5607
      vertex 5.55652 33.6026 13.0615
    endloop
  endfacet
  facet normal 0.451134 0.843984 -0.29012
    outer loop
      vertex 24.5045 39.7476 13.0615
      vertex 24.1526 39.4198 11.5607
      vertex 24.3539 39.8281 13.0615
    endloop
  endfacet
  facet normal -0.155879 0.944175 -0.290232
    outer loop
      vertex 20.2751 39.1971 11.5607
      vertex 22.6414 40.0491 13.0615
      vertex 22.7155 39.6 11.5607
    endloop
  endfacet
  facet normal -0.155879 0.944175 -0.290232
    outer loop
      vertex 22.6414 40.0491 13.0615
      vertex 20.2751 39.1971 11.5607
      vertex 20.201 39.6462 13.0615
    endloop
  endfacet
  facet normal -0.451109 0.843942 -0.290279
    outer loop
      vertex 8.08563 34.6338 11.5607
      vertex 10.0524 36.2013 13.0615
      vertex 10.267 35.7998 11.5607
    endloop
  endfacet
  facet normal -0.451107 0.843942 -0.290282
    outer loop
      vertex 10.0524 36.2013 13.0615
      vertex 8.08563 34.6338 11.5607
      vertex 7.87102 35.0353 13.0615
    endloop
  endfacet
  facet normal -0.777769 0.557587 -0.290123
    outer loop
      vertex -31.1059 8.49774 11.5607
      vertex -31.4844 8.75067 13.0615
      vertex -31.0238 8.61226 11.5607
    endloop
  endfacet
  facet normal -0.423081 0.858385 -0.290135
    outer loop
      vertex 10.267 35.7998 11.5607
      vertex 10.0524 36.2013 13.0615
      vertex 10.3934 35.8621 11.5607
    endloop
  endfacet
  facet normal 0.0313779 0.956466 -0.29015
    outer loop
      vertex 23.3409 39.6373 11.5607
      vertex 23.2 40.0972 13.0615
      vertex 23.3707 40.0916 13.0615
    endloop
  endfacet
  facet normal -0.0785734 0.953718 -0.290256
    outer loop
      vertex 23.0592 39.6373 11.5607
      vertex 22.9888 39.6315 11.5607
      vertex 23.0294 40.0916 13.0615
    endloop
  endfacet
  facet normal 0.33688 0.895732 -0.290131
    outer loop
      vertex 24.1984 39.8986 13.0615
      vertex 24.0242 39.478 11.5607
      vertex 24.0386 39.9587 13.0615
    endloop
  endfacet
  facet normal -0.366622 0.883966 -0.290158
    outer loop
      vertex 12.6462 36.8828 11.5607
      vertex 12.4583 37.2975 13.0615
      vertex 12.7764 36.9368 11.5607
    endloop
  endfacet
  facet normal -0.843943 -0.451202 -0.290133
    outer loop
      vertex -32.4462 -7.30122 13.0615
      vertex -32.5267 -7.15065 13.0615
      vertex -32.1184 -6.9493 11.5607
    endloop
  endfacet
  facet normal -0.944275 -0.155467 -0.290128
    outer loop
      vertex -33.8033 -1.98569 11.5607
      vertex -34.2498 -2.07449 13.0615
      vertex -33.8262 -1.8466 11.5607
    endloop
  endfacet
  facet normal 0.336839 0.895746 -0.290136
    outer loop
      vertex 24.0242 39.478 11.5607
      vertex 23.8923 39.5276 11.5607
      vertex 24.0386 39.9587 13.0615
    endloop
  endfacet
  facet normal -0.277803 0.915743 -0.290242
    outer loop
      vertex 15.225 37.8534 11.5607
      vertex 17.4597 39.007 13.0615
      vertex 17.5918 38.5714 11.5607
    endloop
  endfacet
  facet normal -0.27775 0.915736 -0.290315
    outer loop
      vertex 17.4597 39.007 13.0615
      vertex 15.225 37.8534 11.5607
      vertex 15.0928 38.2891 13.0615
    endloop
  endfacet
  facet normal 0.698475 0.65419 -0.290116
    outer loop
      vertex 25.1615 39.2084 13.0615
      vertex 24.8193 38.9082 11.5607
      vertex 25.0448 39.333 13.0615
    endloop
  endfacet
  facet normal 0.21737 0.931973 -0.290131
    outer loop
      vertex 23.7574 39.5685 11.5607
      vertex 23.6202 39.6005 11.5607
      vertex 23.709 40.047 13.0615
    endloop
  endfacet
  facet normal -0.915781 0.277756 -0.290167
    outer loop
      vertex -33.4652 3.66158 11.5607
      vertex -33.905 3.77939 13.0615
      vertex -33.4243 3.79643 11.5607
    endloop
  endfacet
  facet normal 0.944149 0.156114 -0.290192
    outer loop
      vertex 25.3353 37.7693 11.5607
      vertex 25.3123 37.9084 11.5607
      vertex 25.7589 37.9972 13.0615
    endloop
  endfacet
  facet normal -0.307505 0.906223 -0.290174
    outer loop
      vertex 15.225 37.8534 11.5607
      vertex 15.0915 37.8081 11.5607
      vertex 15.0928 38.2891 13.0615
    endloop
  endfacet
  facet normal 0.277665 0.915819 -0.290133
    outer loop
      vertex 23.8923 39.5276 11.5607
      vertex 23.7574 39.5685 11.5607
      vertex 24.0386 39.9587 13.0615
    endloop
  endfacet
  facet normal -0.895755 0.336816 -0.290135
    outer loop
      vertex -32.92 5.282 11.5607
      vertex -33.291 5.58813 13.0615
      vertex -32.8704 5.41391 11.5607
    endloop
  endfacet
  facet normal -0.812735 0.505243 -0.290158
    outer loop
      vertex -32.0519 7.07362 11.5607
      vertex -32.4462 7.30125 13.0615
      vertex -31.9775 7.1933 11.5607
    endloop
  endfacet
  facet normal -0.871611 -0.395117 -0.290134
    outer loop
      vertex -33.2205 -5.74364 13.0615
      vertex -33.291 -5.58812 13.0615
      vertex -32.8704 -5.41391 11.5607
    endloop
  endfacet
  facet normal 0.531747 -0.79566 -0.290121
    outer loop
      vertex 24.5776 -39.7038 13.0615
      vertex 24.4544 -39.2389 11.5607
      vertex 24.7196 -39.6089 13.0615
    endloop
  endfacet
  facet normal 0.582633 -0.759189 -0.290121
    outer loop
      vertex 24.7196 -39.6089 13.0615
      vertex 24.4544 -39.2389 11.5607
      vertex 24.5662 -39.1531 11.5607
    endloop
  endfacet
  facet normal 0.906132 -0.307838 -0.290105
    outer loop
      vertex 25.6417 -38.4073 13.0615
      vertex 25.2157 -38.2469 11.5607
      vertex 25.6966 -38.2457 13.0615
    endloop
  endfacet
  facet normal 0.450916 0.844109 -0.290096
    outer loop
      vertex 24.2769 39.3534 11.5607
      vertex 24.1526 39.4198 11.5607
      vertex 24.5045 39.7476 13.0615
    endloop
  endfacet
  facet normal -0.739772 0.607087 -0.290144
    outer loop
      vertex -31.0238 8.61226 11.5607
      vertex -31.385 8.88939 13.0615
      vertex -31.2767 9.02136 13.0615
    endloop
  endfacet
  facet normal -0.777895 0.557401 -0.290144
    outer loop
      vertex -31.0238 8.61226 11.5607
      vertex -31.4844 8.75067 13.0615
      vertex -31.385 8.88939 13.0615
    endloop
  endfacet
  facet normal 0.952389 0.0936133 -0.290158
    outer loop
      vertex 25.8034 37.6588 13.0615
      vertex 25.3353 37.7693 11.5607
      vertex 25.7867 37.8287 13.0615
    endloop
  endfacet
  facet normal 0.895732 0.33688 -0.290131
    outer loop
      vertex 25.6705 38.3268 13.0615
      vertex 25.1898 38.3124 11.5607
      vertex 25.6104 38.4866 13.0615
    endloop
  endfacet
  facet normal 0.155874 0.944214 -0.290111
    outer loop
      vertex 23.709 40.047 13.0615
      vertex 23.4811 39.6235 11.5607
      vertex 23.5406 40.0748 13.0615
    endloop
  endfacet
  facet normal -0.8716 0.395137 -0.290138
    outer loop
      vertex -32.8122 5.54228 11.5607
      vertex -33.291 5.58813 13.0615
      vertex -33.2205 5.74364 13.0615
    endloop
  endfacet
  facet normal -0.858271 0.423215 -0.290276
    outer loop
      vertex -32.1184 6.9493 11.5607
      vertex -33.2205 5.74364 13.0615
      vertex -32.5267 7.15065 13.0615
    endloop
  endfacet
  facet normal -0.858271 0.423213 -0.290279
    outer loop
      vertex -33.2205 5.74364 13.0615
      vertex -32.1184 6.9493 11.5607
      vertex -32.8122 5.54228 11.5607
    endloop
  endfacet
  facet normal -0.931991 -0.217295 -0.290132
    outer loop
      vertex -33.4652 -3.66159 11.5607
      vertex -33.9437 -3.61314 13.0615
      vertex -33.4972 -3.52434 11.5607
    endloop
  endfacet
  facet normal 0.505682 0.812484 -0.290095
    outer loop
      vertex 24.3966 39.2789 11.5607
      vertex 24.2769 39.3534 11.5607
      vertex 24.5045 39.7476 13.0615
    endloop
  endfacet
  facet normal -0.812562 0.505539 -0.290126
    outer loop
      vertex -31.9775 7.1933 11.5607
      vertex -32.4462 7.30125 13.0615
      vertex -32.356 7.44623 13.0615
    endloop
  endfacet
  facet normal -0.739913 -0.606918 -0.290138
    outer loop
      vertex -31.2767 -9.02136 13.0615
      vertex -31.3849 -8.88945 13.0615
      vertex -30.9344 -8.72121 11.5607
    endloop
  endfacet
  facet normal -0.795671 -0.531651 -0.290267
    outer loop
      vertex -31.1059 -8.49774 11.5607
      vertex -32.356 -7.44623 13.0615
      vertex -31.9775 -7.1933 11.5607
    endloop
  endfacet
  facet normal -0.795671 -0.531651 -0.290267
    outer loop
      vertex -32.356 -7.44623 13.0615
      vertex -31.1059 -8.49774 11.5607
      vertex -31.4844 -8.75067 13.0615
    endloop
  endfacet
  facet normal -0.777749 -0.557616 -0.290122
    outer loop
      vertex -31.3849 -8.88945 13.0615
      vertex -31.4844 -8.75067 13.0615
      vertex -31.1059 -8.49774 11.5607
    endloop
  endfacet
  facet normal -0.21731 0.931951 -0.290248
    outer loop
      vertex 17.728 38.6079 11.5607
      vertex 20.0335 39.6129 13.0615
      vertex 20.1369 39.1696 11.5607
    endloop
  endfacet
  facet normal -0.21731 0.931951 -0.290248
    outer loop
      vertex 20.0335 39.6129 13.0615
      vertex 17.728 38.6079 11.5607
      vertex 17.6246 39.0512 13.0615
    endloop
  endfacet
  facet normal -0.186604 0.938626 -0.290104
    outer loop
      vertex 20.1369 39.1696 11.5607
      vertex 20.0335 39.6129 13.0615
      vertex 20.201 39.6462 13.0615
    endloop
  endfacet
  facet normal -0.858271 -0.423213 -0.290279
    outer loop
      vertex -32.1184 -6.9493 11.5607
      vertex -33.2205 -5.74364 13.0615
      vertex -32.8122 -5.54228 11.5607
    endloop
  endfacet
  facet normal -0.858271 -0.423215 -0.290276
    outer loop
      vertex -33.2205 -5.74364 13.0615
      vertex -32.1184 -6.9493 11.5607
      vertex -32.5267 -7.15065 13.0615
    endloop
  endfacet
  facet normal -0.87159 -0.395159 -0.290138
    outer loop
      vertex -32.8122 -5.54228 11.5607
      vertex -33.2205 -5.74364 13.0615
      vertex -32.8704 -5.41391 11.5607
    endloop
  endfacet
  facet normal 0.0941698 0.952349 -0.290111
    outer loop
      vertex 23.4811 39.6235 11.5607
      vertex 23.3707 40.0916 13.0615
      vertex 23.5406 40.0748 13.0615
    endloop
  endfacet
  facet normal 0.156117 0.944166 -0.290134
    outer loop
      vertex 23.6202 39.6005 11.5607
      vertex 23.4811 39.6235 11.5607
      vertex 23.709 40.047 13.0615
    endloop
  endfacet
  facet normal -0.906153 -0.307608 -0.290282
    outer loop
      vertex -32.92 -5.282 11.5607
      vertex -33.8554 -3.94276 13.0615
      vertex -33.4243 -3.79643 11.5607
    endloop
  endfacet
  facet normal -0.906153 -0.307608 -0.290282
    outer loop
      vertex -33.8554 -3.94276 13.0615
      vertex -32.92 -5.282 11.5607
      vertex -33.3511 -5.42833 13.0615
    endloop
  endfacet
  facet normal 0.777963 0.557336 -0.290086
    outer loop
      vertex 24.9908 38.6847 11.5607
      vertex 24.9087 38.7993 11.5607
      vertex 25.2698 39.0764 13.0615
    endloop
  endfacet
  facet normal -0.843839 0.451378 -0.290161
    outer loop
      vertex -32.1184 6.9493 11.5607
      vertex -32.4462 7.30125 13.0615
      vertex -32.0519 7.07362 11.5607
    endloop
  endfacet
  facet normal 0.65419 0.698475 -0.290119
    outer loop
      vertex 25.0448 39.333 13.0615
      vertex 24.6201 39.1074 11.5607
      vertex 24.9202 39.4497 13.0615
    endloop
  endfacet
  facet normal -0.698468 0.654183 -0.290151
    outer loop
      vertex -29.8999 9.90082 11.5607
      vertex -30.2422 10.201 13.0615
      vertex -30.1255 10.3256 13.0615
    endloop
  endfacet
  facet normal -0.719464 -0.630959 -0.290282
    outer loop
      vertex -29.8999 -9.90082 11.5607
      vertex -31.2767 -9.02136 13.0615
      vertex -30.9344 -8.72121 11.5607
    endloop
  endfacet
  facet normal -0.719469 -0.630947 -0.290293
    outer loop
      vertex -31.2767 -9.02136 13.0615
      vertex -29.8999 -9.90082 11.5607
      vertex -30.2422 -10.201 13.0615
    endloop
  endfacet
  facet normal 0.582591 -0.759219 -0.290126
    outer loop
      vertex 24.7196 -39.6089 13.0615
      vertex 24.5662 -39.1531 11.5607
      vertex 24.855 -39.505 13.0615
    endloop
  endfacet
  facet normal 0.884177 -0.366118 -0.290153
    outer loop
      vertex 25.5764 -38.565 13.0615
      vertex 25.1617 -38.3771 11.5607
      vertex 25.6417 -38.4073 13.0615
    endloop
  endfacet
  facet normal -0.719469 0.630947 -0.290293
    outer loop
      vertex -29.8999 9.90082 11.5607
      vertex -31.2767 9.02136 13.0615
      vertex -30.2422 10.201 13.0615
    endloop
  endfacet
  facet normal -0.719464 0.630959 -0.290282
    outer loop
      vertex -31.2767 9.02136 13.0615
      vertex -29.8999 9.90082 11.5607
      vertex -30.9344 8.72121 11.5607
    endloop
  endfacet
  facet normal -0.932065 -0.216929 -0.290167
    outer loop
      vertex -33.905 -3.77942 13.0615
      vertex -33.9437 -3.61314 13.0615
      vertex -33.4652 -3.66159 11.5607
    endloop
  endfacet
  facet normal -0.0933834 0.952368 -0.2903
    outer loop
      vertex 22.8552 39.6184 11.5607
      vertex 22.9442 40.0846 13.0615
      vertex 22.9888 39.6315 11.5607
    endloop
  endfacet
  facet normal -0.0940213 0.952321 -0.290248
    outer loop
      vertex 22.9442 40.0846 13.0615
      vertex 22.8552 39.6184 11.5607
      vertex 22.8105 40.0714 13.0615
    endloop
  endfacet
  facet normal -0.0783583 0.953733 -0.290266
    outer loop
      vertex 22.9888 39.6315 11.5607
      vertex 22.9442 40.0846 13.0615
      vertex 23.0294 40.0916 13.0615
    endloop
  endfacet
  facet normal 0.739852 0.607015 -0.290088
    outer loop
      vertex 25.2698 39.0764 13.0615
      vertex 24.9087 38.7993 11.5607
      vertex 25.1615 39.2084 13.0615
    endloop
  endfacet
  facet normal -0.954907 -0.0625826 -0.290233
    outer loop
      vertex -33.8401 -1.70636 11.5607
      vertex -34.3969 -0.170624 13.0615
      vertex -33.9427 -0.140854 11.5607
    endloop
  endfacet
  facet normal -0.954907 -0.0625826 -0.290233
    outer loop
      vertex -34.3969 -0.170624 13.0615
      vertex -33.8401 -1.70636 11.5607
      vertex -34.2943 -1.73613 13.0615
    endloop
  endfacet
  facet normal -0.956484 -0.0313953 -0.290092
    outer loop
      vertex -34.3969 -0.170624 13.0615
      vertex -34.4025 -1.52588e-05 13.0615
      vertex -33.9427 -0.140854 11.5607
    endloop
  endfacet
  facet normal -0.698667 0.653982 -0.290124
    outer loop
      vertex -29.8999 9.90082 11.5607
      vertex -30.1255 10.3256 13.0615
      vertex -29.8036 10.0037 11.5607
    endloop
  endfacet
  facet normal 0.654252 0.698413 -0.290127
    outer loop
      vertex 24.7229 39.0111 11.5607
      vertex 24.6201 39.1074 11.5607
      vertex 25.0448 39.333 13.0615
    endloop
  endfacet
  facet normal 0.607294 0.73961 -0.290123
    outer loop
      vertex 24.6201 39.1074 11.5607
      vertex 24.5111 39.1969 11.5607
      vertex 24.9202 39.4497 13.0615
    endloop
  endfacet
  facet normal -0.956484 -0.0312402 -0.290106
    outer loop
      vertex -33.9427 -0.140854 11.5607
      vertex -34.4025 -1.52588e-05 13.0615
      vertex -33.9473 -1.52588e-05 11.5607
    endloop
  endfacet
  facet normal 0.739671 0.607223 -0.290115
    outer loop
      vertex 24.9087 38.7993 11.5607
      vertex 24.8193 38.9082 11.5607
      vertex 25.1615 39.2084 13.0615
    endloop
  endfacet
  facet normal 0.698391 0.654275 -0.290127
    outer loop
      vertex 24.8193 38.9082 11.5607
      vertex 24.7229 39.0111 11.5607
      vertex 25.0448 39.333 13.0615
    endloop
  endfacet
  facet normal 0.803465 0.363894 -0.471196
    outer loop
      vertex 26.2934 38.7695 14.4446
      vertex 25.6104 38.4866 13.0615
      vertex 26.203 38.9691 14.4446
    endloop
  endfacet
  facet normal -0.441184 -0.763755 -0.471205
    outer loop
      vertex 7.87102 -35.0353 13.0615
      vertex 7.33278 -35.5777 14.4446
      vertex 7.72318 -34.9499 13.0615
    endloop
  endfacet
  facet normal -0.843959 -0.256277 -0.471228
    outer loop
      vertex -33.8554 -3.94276 13.0615
      vertex -34.5555 -4.18039 14.4446
      vertex -33.905 -3.77942 13.0615
    endloop
  endfacet
  facet normal -0.603039 -0.643698 -0.471166
    outer loop
      vertex -30.4883 -10.9981 14.4446
      vertex -30.6482 -10.8483 14.4446
      vertex -30.1255 -10.3256 13.0615
    endloop
  endfacet
  facet normal 0.870263 0.143702 -0.471161
    outer loop
      vertex 26.5196 37.9252 14.4446
      vertex 25.7589 37.9972 13.0615
      vertex 26.4839 38.1414 14.4446
    endloop
  endfacet
  facet normal -0.310675 -0.825389 -0.471395
    outer loop
      vertex 12.6161 -37.3628 13.0615
      vertex 14.6708 -38.9261 14.4446
      vertex 12.3557 -38.0547 14.4446
    endloop
  endfacet
  facet normal -0.310675 -0.825389 -0.471395
    outer loop
      vertex 14.6708 -38.9261 14.4446
      vertex 12.6161 -37.3628 13.0615
      vertex 14.9312 -38.2342 13.0615
    endloop
  endfacet
  facet normal 0.559502 0.681868 -0.471182
    outer loop
      vertex 25.4077 40.0055 14.4446
      vertex 24.7883 39.558 13.0615
      vertex 25.2383 40.1445 14.4446
    endloop
  endfacet
  facet normal 0.143662 0.870241 -0.471214
    outer loop
      vertex 23.709 40.047 13.0615
      vertex 23.5406 40.0748 13.0615
      vertex 23.637 40.8078 14.4446
    endloop
  endfacet
  facet normal 0.858923 0.200519 -0.471214
    outer loop
      vertex 25.7589 37.9972 13.0615
      vertex 25.7201 38.1634 13.0615
      vertex 26.4342 38.3548 14.4446
    endloop
  endfacet
  facet normal -0.602953 0.64377 -0.471178
    outer loop
      vertex -30.1255 10.3256 13.0615
      vertex -30.4883 10.9981 14.4446
      vertex -30.0009 10.4423 13.0615
    endloop
  endfacet
  facet normal 0.777858 0.415787 -0.471231
    outer loop
      vertex 25.5399 38.6421 13.0615
      vertex 25.4594 38.7927 13.0615
      vertex 26.203 38.9691 14.4446
    endloop
  endfacet
  facet normal -0.513963 -0.716811 -0.471194
    outer loop
      vertex -28.9614 -12.2991 14.4446
      vertex -29.1395 -12.1714 14.4446
      vertex -28.5507 -11.6844 13.0615
    endloop
  endfacet
  facet normal 0.881583 0.028581 -0.471163
    outer loop
      vertex 26.5482 37.4882 14.4446
      vertex 25.809 37.4882 13.0615
      vertex 26.5411 37.7072 14.4446
    endloop
  endfacet
  facet normal -0.489952 -0.733304 -0.471394
    outer loop
      vertex -28.5507 -11.6844 13.0615
      vertex -27.5165 -13.2645 14.4446
      vertex -28.9614 -12.2991 14.4446
    endloop
  endfacet
  facet normal -0.489952 -0.733304 -0.471394
    outer loop
      vertex -27.5165 -13.2645 14.4446
      vertex -28.5507 -11.6844 13.0615
      vertex -27.1058 -12.6498 13.0615
    endloop
  endfacet
  facet normal 0.851889 -0.228565 -0.471214
    outer loop
      vertex 26.404 -38.4603 14.4446
      vertex 25.7408 -38.0807 13.0615
      vertex 26.4608 -38.2486 14.4446
    endloop
  endfacet
  facet normal -0.749024 0.465775 -0.471187
    outer loop
      vertex -32.4462 7.30125 13.0615
      vertex -33.0864 7.6709 14.4446
      vertex -32.9707 7.85696 14.4446
    endloop
  endfacet
  facet normal -0.881546 -0.0289891 -0.471207
    outer loop
      vertex -35.1346 -0.218964 14.4446
      vertex -35.1418 -1.52588e-05 14.4446
      vertex -34.4025 -1.52588e-05 13.0615
    endloop
  endfacet
  facet normal 0.881943 0 -0.471356
    outer loop
      vertex 26.5482 -37.4882 14.4446
      vertex 25.809 37.4882 13.0615
      vertex 26.5482 37.4882 14.4446
    endloop
  endfacet
  facet normal 0.881943 0 -0.471356
    outer loop
      vertex 25.809 37.4882 13.0615
      vertex 26.5482 -37.4882 14.4446
      vertex 25.809 -37.4882 13.0615
    endloop
  endfacet
  facet normal -0.283512 0.835232 -0.471177
    outer loop
      vertex 15.0928 38.2891 13.0615
      vertex 14.6708 38.9261 14.4446
      vertex 14.8782 38.9965 14.4446
    endloop
  endfacet
  facet normal 0.623936 -0.623419 -0.471225
    outer loop
      vertex 25.6437 -39.7771 14.4446
      vertex 24.9834 -39.3925 13.0615
      vertex 25.1041 -39.2717 13.0615
    endloop
  endfacet
  facet normal 0.623692 -0.623692 -0.471185
    outer loop
      vertex 24.9834 -39.3925 13.0615
      vertex 25.6437 -39.7771 14.4446
      vertex 25.4887 -39.9321 14.4446
    endloop
  endfacet
  facet normal -0.476179 -0.742303 -0.471423
    outer loop
      vertex -27.065 -12.6765 13.0615
      vertex 5.12637 -34.2053 14.4446
      vertex -27.4642 -13.2988 14.4446
    endloop
  endfacet
  facet normal -0.476195 -0.742324 -0.471374
    outer loop
      vertex 5.12637 -34.2053 14.4446
      vertex -27.065 -12.6765 13.0615
      vertex 5.52554 -33.5831 13.0615
    endloop
  endfacet
  facet normal 0.441293 -0.763736 -0.471134
    outer loop
      vertex 24.7782 -40.4411 14.4446
      vertex 24.4298 -39.7892 13.0615
      vertex 24.5776 -39.7038 13.0615
    endloop
  endfacet
  facet normal 0.749055 0.465694 -0.471217
    outer loop
      vertex 26.0997 39.1623 14.4446
      vertex 25.4594 38.7927 13.0615
      vertex 25.984 39.3484 14.4446
    endloop
  endfacet
  facet normal 0.880123 -0.0578824 -0.471205
    outer loop
      vertex 26.5465 -37.5979 14.4446
      vertex 25.7964 -37.744 13.0615
      vertex 25.8076 -37.5737 13.0615
    endloop
  endfacet
  facet normal 0.66294 -0.581816 -0.47117
    outer loop
      vertex 25.7881 -39.6124 14.4446
      vertex 25.1041 -39.2717 13.0615
      vertex 25.2167 -39.1434 13.0615
    endloop
  endfacet
  facet normal -0.389902 0.791166 -0.471203
    outer loop
      vertex 10.0524 36.2013 13.0615
      vertex 9.7039 36.8533 14.4446
      vertex 10.2056 36.2768 13.0615
    endloop
  endfacet
  facet normal 0.791187 -0.389913 -0.471159
    outer loop
      vertex 26.1528 -39.0667 14.4446
      vertex 25.5009 -38.7182 13.0615
      vertex 25.5764 -38.565 13.0615
    endloop
  endfacet
  facet normal -0.171895 0.865111 -0.471205
    outer loop
      vertex 20.0335 39.6129 13.0615
      vertex 19.8657 40.3329 14.4446
      vertex 20.0806 40.3756 14.4446
    endloop
  endfacet
  facet normal -0.46571 0.748931 -0.471399
    outer loop
      vertex 5.55652 33.6026 13.0615
      vertex 7.33278 35.5777 14.4446
      vertex 7.72318 34.9499 13.0615
    endloop
  endfacet
  facet normal -0.46571 0.748931 -0.471399
    outer loop
      vertex 7.33278 35.5777 14.4446
      vertex 5.55652 33.6026 13.0615
      vertex 5.16612 34.2304 14.4446
    endloop
  endfacet
  facet normal -0.877796 0.0862711 -0.471203
    outer loop
      vertex -34.2943 1.73613 13.0615
      vertex -35.032 1.78447 14.4446
      vertex -34.2776 1.90605 13.0615
    endloop
  endfacet
  facet normal 0.733263 -0.490184 -0.471217
    outer loop
      vertex 25.9215 -39.4386 14.4446
      vertex 25.3206 -39.0079 13.0615
      vertex 26.0433 -39.2564 14.4446
    endloop
  endfacet
  facet normal -0.844178 0.255677 -0.471162
    outer loop
      vertex -33.905 3.77939 13.0615
      vertex -34.619 3.97073 14.4446
      vertex -34.5555 4.18039 14.4446
    endloop
  endfacet
  facet normal -0.441174 -0.763762 -0.471204
    outer loop
      vertex 7.52252 -35.6873 14.4446
      vertex 7.33278 -35.5777 14.4446
      vertex 7.87102 -35.0353 13.0615
    endloop
  endfacet
  facet normal -0.513963 0.716811 -0.471194
    outer loop
      vertex -28.5507 11.6844 13.0615
      vertex -29.1395 12.1714 14.4446
      vertex -28.9614 12.2991 14.4446
    endloop
  endfacet
  facet normal 0.465523 0.749176 -0.471194
    outer loop
      vertex 24.6495 39.6575 13.0615
      vertex 24.5045 39.7476 13.0615
      vertex 25.0602 40.2722 14.4446
    endloop
  endfacet
  facet normal -0.0289372 0.88155 -0.471203
    outer loop
      vertex 23.0294 40.0916 13.0615
      vertex 22.981 40.8293 14.4446
      vertex 23.2 40.0972 13.0615
    endloop
  endfacet
  facet normal 0.763897 -0.440942 -0.471201
    outer loop
      vertex 26.0433 -39.2564 14.4446
      vertex 25.4155 -38.866 13.0615
      vertex 26.1528 -39.0667 14.4446
    endloop
  endfacet
  facet normal -0.716968 0.513745 -0.471193
    outer loop
      vertex -31.4844 8.75067 13.0615
      vertex -31.9715 9.33943 14.4446
      vertex -31.385 8.88939 13.0615
    endloop
  endfacet
  facet normal 0.60294 0.643756 -0.471212
    outer loop
      vertex 25.0448 39.333 13.0615
      vertex 24.9202 39.4497 13.0615
      vertex 25.4077 40.0055 14.4446
    endloop
  endfacet
  facet normal -0.228289 0.851957 -0.471225
    outer loop
      vertex 17.4597 39.007 13.0615
      vertex 17.2451 39.7145 14.4446
      vertex 17.4567 39.7712 14.4446
    endloop
  endfacet
  facet normal -0.643762 0.602945 -0.471198
    outer loop
      vertex -30.2422 10.201 13.0615
      vertex -30.6482 10.8484 14.4446
      vertex -30.1255 10.3256 13.0615
    endloop
  endfacet
  facet normal -0.581529 -0.663046 -0.471375
    outer loop
      vertex -30.0009 -10.4423 13.0615
      vertex -29.3089 -12.0325 14.4446
      vertex -30.4883 -10.9981 14.4446
    endloop
  endfacet
  facet normal -0.581484 -0.663059 -0.471412
    outer loop
      vertex -29.3089 -12.0325 14.4446
      vertex -30.0009 -10.4423 13.0615
      vertex -28.8215 -11.4766 13.0615
    endloop
  endfacet
  facet normal 0.803304 0.364199 -0.471234
    outer loop
      vertex 25.6104 38.4866 13.0615
      vertex 25.5399 38.6421 13.0615
      vertex 26.203 38.9691 14.4446
    endloop
  endfacet
  facet normal 0.881861 -0.013666 -0.471312
    outer loop
      vertex 26.5465 -37.5979 14.4446
      vertex 25.809 -37.4882 13.0615
      vertex 26.5482 -37.4882 14.4446
    endloop
  endfacet
  facet normal 0.865075 -0.172085 -0.471204
    outer loop
      vertex 26.5035 -38.0338 14.4446
      vertex 25.7408 -38.0807 13.0615
      vertex 25.7741 -37.9133 13.0615
    endloop
  endfacet
  facet normal -0.602813 0.643886 -0.471198
    outer loop
      vertex -30.1255 10.3256 13.0615
      vertex -30.6482 10.8484 14.4446
      vertex -30.4883 10.9981 14.4446
    endloop
  endfacet
  facet normal -0.0575762 -0.880151 -0.471189
    outer loop
      vertex 23.0903 -40.8346 14.4446
      vertex 22.8717 -40.8203 14.4446
      vertex 22.9442 -40.0846 13.0615
    endloop
  endfacet
  facet normal -0.716782 -0.514 -0.471198
    outer loop
      vertex -31.9714 -9.33949 14.4446
      vertex -32.0991 -9.16141 14.4446
      vertex -31.3849 -8.88945 13.0615
    endloop
  endfacet
  facet normal 0.881826 -0.0144393 -0.471354
    outer loop
      vertex 26.5465 -37.5979 14.4446
      vertex 25.8076 -37.5737 13.0615
      vertex 25.809 -37.4882 13.0615
    endloop
  endfacet
  facet normal -0.870268 0.143632 -0.471173
    outer loop
      vertex -34.2776 1.90605 13.0615
      vertex -35.0105 2.00255 14.4446
      vertex -34.2498 2.07449 13.0615
    endloop
  endfacet
  facet normal -0.748909 0.465937 -0.471209
    outer loop
      vertex -32.4462 7.30125 13.0615
      vertex -32.9707 7.85696 14.4446
      vertex -32.356 7.44623 13.0615
    endloop
  endfacet
  facet normal 0.814805 -0.337758 -0.471182
    outer loop
      vertex 26.2497 -38.8702 14.4446
      vertex 25.5764 -38.565 13.0615
      vertex 26.3336 -38.6678 14.4446
    endloop
  endfacet
  facet normal 0.88155 0.0289372 -0.471203
    outer loop
      vertex 25.809 37.4882 13.0615
      vertex 25.8034 37.6588 13.0615
      vertex 26.5411 37.7072 14.4446
    endloop
  endfacet
  facet normal -0.115319 0.874457 -0.471197
    outer loop
      vertex 22.6414 40.0491 13.0615
      vertex 22.521 40.7785 14.4446
      vertex 22.8105 40.0714 13.0615
    endloop
  endfacet
  facet normal -0.415741 0.777778 -0.471403
    outer loop
      vertex 7.87102 35.0353 13.0615
      vertex 9.7039 36.8533 14.4446
      vertex 10.0524 36.2013 13.0615
    endloop
  endfacet
  facet normal -0.415741 0.777778 -0.471403
    outer loop
      vertex 9.7039 36.8533 14.4446
      vertex 7.87102 35.0353 13.0615
      vertex 7.52252 35.6873 14.4446
    endloop
  endfacet
  facet normal -0.880033 0.0576756 -0.471397
    outer loop
      vertex -34.2943 1.73613 13.0615
      vertex -35.1346 0.218964 14.4446
      vertex -35.032 1.78447 14.4446
    endloop
  endfacet
  facet normal -0.880033 0.0576756 -0.471397
    outer loop
      vertex -35.1346 0.218964 14.4446
      vertex -34.2943 1.73613 13.0615
      vertex -34.3969 0.170624 13.0615
    endloop
  endfacet
  facet normal 0.843994 0.256194 -0.471211
    outer loop
      vertex 25.7201 38.1634 13.0615
      vertex 25.6705 38.3268 13.0615
      vertex 26.4342 38.3548 14.4446
    endloop
  endfacet
  facet normal -0.64377 -0.602953 -0.471178
    outer loop
      vertex -30.1255 -10.3256 13.0615
      vertex -30.798 -10.6884 14.4446
      vertex -30.2422 -10.201 13.0615
    endloop
  endfacet
  facet normal -0.858935 0.200483 -0.471209
    outer loop
      vertex -33.9437 3.61314 13.0615
      vertex -34.6688 3.75737 14.4446
      vertex -34.619 3.97073 14.4446
    endloop
  endfacet
  facet normal -0.469798 -0.746377 -0.471394
    outer loop
      vertex 5.55652 -33.6026 13.0615
      vertex 5.16612 -34.2304 14.4446
      vertex 5.52554 -33.5831 13.0615
    endloop
  endfacet
  facet normal -0.48292 -0.737945 -0.471408
    outer loop
      vertex -27.065 -12.6765 13.0615
      vertex -27.4642 -13.2988 14.4446
      vertex -27.1058 -12.6498 13.0615
    endloop
  endfacet
  facet normal -0.513893 0.716868 -0.471184
    outer loop
      vertex -28.6895 11.5849 13.0615
      vertex -29.1395 12.1714 14.4446
      vertex -28.5507 11.6844 13.0615
    endloop
  endfacet
  facet normal -0.363978 0.803306 -0.471402
    outer loop
      vertex 10.2056 36.2768 13.0615
      vertex 12.1532 37.9709 14.4446
      vertex 12.4583 37.2975 13.0615
    endloop
  endfacet
  facet normal -0.363969 0.803304 -0.471412
    outer loop
      vertex 12.1532 37.9709 14.4446
      vertex 10.2056 36.2768 13.0615
      vertex 9.90045 36.9502 14.4446
    endloop
  endfacet
  facet normal -0.470878 -0.745714 -0.471364
    outer loop
      vertex 5.16612 -34.2304 14.4446
      vertex 5.12637 -34.2053 14.4446
      vertex 5.52554 -33.5831 13.0615
    endloop
  endfacet
  facet normal -0.48292 0.737945 -0.471408
    outer loop
      vertex -27.1058 12.6498 13.0615
      vertex -27.4642 13.2988 14.4446
      vertex -27.065 12.6765 13.0615
    endloop
  endfacet
  facet normal -0.825557 0.310488 -0.471225
    outer loop
      vertex -33.3511 5.42833 13.0615
      vertex -34.0512 5.66595 14.4446
      vertex -33.291 5.58813 13.0615
    endloop
  endfacet
  facet normal 0.228356 -0.851944 -0.471217
    outer loop
      vertex 23.9602 -40.749 14.4446
      vertex 23.7923 -40.029 13.0615
      vertex 23.9572 -39.9848 13.0615
    endloop
  endfacet
  facet normal 0.681679 0.559677 -0.471248
    outer loop
      vertex 25.8564 39.5265 14.4446
      vertex 25.2698 39.0764 13.0615
      vertex 25.7174 39.6958 14.4446
    endloop
  endfacet
  facet normal 0.64386 0.602814 -0.471232
    outer loop
      vertex 25.7174 39.6958 14.4446
      vertex 25.0448 39.333 13.0615
      vertex 25.5676 39.8558 14.4446
    endloop
  endfacet
  facet normal 0.0867933 0.877749 -0.471193
    outer loop
      vertex 23.5406 40.0748 13.0615
      vertex 23.3707 40.0916 13.0615
      vertex 23.419 40.8293 14.4446
    endloop
  endfacet
  facet normal -0.513893 -0.716868 -0.471184
    outer loop
      vertex -28.5507 -11.6844 13.0615
      vertex -29.1395 -12.1714 14.4446
      vertex -28.6895 -11.5849 13.0615
    endloop
  endfacet
  facet normal -0.337268 0.814997 -0.471202
    outer loop
      vertex 12.4583 37.2975 13.0615
      vertex 12.1532 37.9709 14.4446
      vertex 12.3557 38.0547 14.4446
    endloop
  endfacet
  facet normal -0.716823 -0.513935 -0.471206
    outer loop
      vertex -31.3849 -8.88945 13.0615
      vertex -32.0991 -9.16141 14.4446
      vertex -31.4844 -8.75067 13.0615
    endloop
  endfacet
  facet normal 0.777814 0.415881 -0.47122
    outer loop
      vertex 26.203 38.9691 14.4446
      vertex 25.4594 38.7927 13.0615
      vertex 26.0997 39.1623 14.4446
    endloop
  endfacet
  facet normal -0.483661 -0.737477 -0.471381
    outer loop
      vertex -27.4642 -13.2988 14.4446
      vertex -27.5165 -13.2645 14.4446
      vertex -27.1058 -12.6498 13.0615
    endloop
  endfacet
  facet normal 0.877793 0.086281 -0.471205
    outer loop
      vertex 25.8034 37.6588 13.0615
      vertex 25.7867 37.8287 13.0615
      vertex 26.5411 37.7072 14.4446
    endloop
  endfacet
  facet normal 0.513963 0.716811 -0.471194
    outer loop
      vertex 25.2383 40.1445 14.4446
      vertex 24.6495 39.6575 13.0615
      vertex 25.0602 40.2722 14.4446
    endloop
  endfacet
  facet normal -0.825487 0.310715 -0.471199
    outer loop
      vertex -33.291 5.58813 13.0615
      vertex -34.0512 5.66595 14.4446
      vertex -33.974 5.87105 14.4446
    endloop
  endfacet
  facet normal -0.115319 -0.874457 -0.471197
    outer loop
      vertex 22.8105 -40.0714 13.0615
      vertex 22.521 -40.7785 14.4446
      vertex 22.6414 -40.0491 13.0615
    endloop
  endfacet
  facet normal -0.602953 -0.64377 -0.471178
    outer loop
      vertex -30.0009 -10.4423 13.0615
      vertex -30.4883 -10.9981 14.4446
      vertex -30.1255 -10.3256 13.0615
    endloop
  endfacet
  facet normal -0.803315 0.364181 -0.47123
    outer loop
      vertex -33.291 5.58813 13.0615
      vertex -33.8836 6.07062 14.4446
      vertex -33.2205 5.74364 13.0615
    endloop
  endfacet
  facet normal -0.790972 -0.39003 -0.471423
    outer loop
      vertex -32.5267 -7.15065 13.0615
      vertex -33.8836 -6.07062 14.4446
      vertex -33.2205 -5.74364 13.0615
    endloop
  endfacet
  facet normal -0.790971 -0.390086 -0.471379
    outer loop
      vertex -33.8836 -6.07062 14.4446
      vertex -32.5267 -7.15065 13.0615
      vertex -33.1897 -7.47763 14.4446
    endloop
  endfacet
  facet normal 0.415798 0.777878 -0.471187
    outer loop
      vertex 24.5045 39.7476 13.0615
      vertex 24.3539 39.8281 13.0615
      vertex 24.6809 40.4911 14.4446
    endloop
  endfacet
  facet normal -0.171987 -0.865099 -0.471195
    outer loop
      vertex 20.0806 -40.3756 14.4446
      vertex 20.0335 -39.6129 13.0615
      vertex 20.201 -39.6462 13.0615
    endloop
  endfacet
  facet normal 0.283097 -0.835343 -0.47123
    outer loop
      vertex 24.1718 -40.6923 14.4446
      vertex 23.9572 -39.9848 13.0615
      vertex 24.1189 -39.93 13.0615
    endloop
  endfacet
  facet normal 0.86509 -0.171971 -0.471216
    outer loop
      vertex 26.4608 -38.2486 14.4446
      vertex 25.7408 -38.0807 13.0615
      vertex 26.5035 -38.0338 14.4446
    endloop
  endfacet
  facet normal -0.870303 -0.143306 -0.471207
    outer loop
      vertex -34.9749 -2.21872 14.4446
      vertex -35.0105 -2.00252 14.4446
      vertex -34.2498 -2.07449 13.0615
    endloop
  endfacet
  facet normal -0.835103 0.283491 -0.471418
    outer loop
      vertex -33.3511 5.42833 13.0615
      vertex -34.5555 4.18039 14.4446
      vertex -34.0512 5.66595 14.4446
    endloop
  endfacet
  facet normal -0.835103 0.283489 -0.47142
    outer loop
      vertex -34.5555 4.18039 14.4446
      vertex -33.3511 5.42833 13.0615
      vertex -33.8554 3.94276 13.0615
    endloop
  endfacet
  facet normal -0.790971 0.390086 -0.471379
    outer loop
      vertex -32.5267 7.15065 13.0615
      vertex -33.8836 6.07062 14.4446
      vertex -33.1897 7.47763 14.4446
    endloop
  endfacet
  facet normal -0.790972 0.39003 -0.471423
    outer loop
      vertex -33.8836 6.07062 14.4446
      vertex -32.5267 7.15065 13.0615
      vertex -33.2205 5.74364 13.0615
    endloop
  endfacet
  facet normal 0.25634 0.843958 -0.471194
    outer loop
      vertex 24.0386 39.9587 13.0615
      vertex 23.8753 40.0083 13.0615
      vertex 24.0666 40.7224 14.4446
    endloop
  endfacet
  facet normal -0.489952 0.733304 -0.471394
    outer loop
      vertex -28.5507 11.6844 13.0615
      vertex -27.5165 13.2645 14.4446
      vertex -27.1058 12.6498 13.0615
    endloop
  endfacet
  facet normal -0.489952 0.733304 -0.471394
    outer loop
      vertex -27.5165 13.2645 14.4446
      vertex -28.5507 11.6844 13.0615
      vertex -28.9614 12.2991 14.4446
    endloop
  endfacet
  facet normal -0.55926 0.682064 -0.471186
    outer loop
      vertex -28.6895 11.5849 13.0615
      vertex -29.3089 12.0325 14.4446
      vertex -29.1395 12.1714 14.4446
    endloop
  endfacet
  facet normal 0.716661 0.514115 -0.471257
    outer loop
      vertex 25.3693 38.9377 13.0615
      vertex 25.2698 39.0764 13.0615
      vertex 25.8564 39.5265 14.4446
    endloop
  endfacet
  facet normal 0.699677 -0.537036 -0.471215
    outer loop
      vertex 25.7881 -39.6124 14.4446
      vertex 25.3206 -39.0079 13.0615
      vertex 25.9215 -39.4386 14.4446
    endloop
  endfacet
  facet normal -0.55926 -0.682064 -0.471186
    outer loop
      vertex -29.1395 -12.1714 14.4446
      vertex -29.3089 -12.0325 14.4446
      vertex -28.6895 -11.5849 13.0615
    endloop
  endfacet
  facet normal -0.681831 0.559538 -0.471194
    outer loop
      vertex -31.385 8.88939 13.0615
      vertex -31.9715 9.33943 14.4446
      vertex -31.2767 9.02136 13.0615
    endloop
  endfacet
  facet normal -0.859084 0.199979 -0.471152
    outer loop
      vertex -33.9437 3.61314 13.0615
      vertex -34.619 3.97073 14.4446
      vertex -33.905 3.77939 13.0615
    endloop
  endfacet
  facet normal -0.000516707 -0.882019 -0.471214
    outer loop
      vertex 23.2852 -40.0958 13.0615
      vertex 23.0903 -40.8346 14.4446
      vertex 23.1145 -40.0957 13.0615
    endloop
  endfacet
  facet normal -0.559455 0.681884 -0.471215
    outer loop
      vertex -28.8215 11.4766 13.0615
      vertex -29.3089 12.0325 14.4446
      vertex -28.6895 11.5849 13.0615
    endloop
  endfacet
  facet normal -0.228356 0.851944 -0.471217
    outer loop
      vertex 17.4597 39.007 13.0615
      vertex 17.4567 39.7712 14.4446
      vertex 17.6246 39.0512 13.0615
    endloop
  endfacet
  facet normal 0.536952 -0.699743 -0.471213
    outer loop
      vertex 25.324 -40.0765 14.4446
      vertex 24.7196 -39.6089 13.0615
      vertex 24.855 -39.505 13.0615
    endloop
  endfacet
  facet normal 0.490086 -0.733321 -0.471229
    outer loop
      vertex 25.1502 -40.2099 14.4446
      vertex 24.5776 -39.7038 13.0615
      vertex 24.7196 -39.6089 13.0615
    endloop
  endfacet
  facet normal 0.814916 -0.337438 -0.471219
    outer loop
      vertex 26.3336 -38.6678 14.4446
      vertex 25.5764 -38.565 13.0615
      vertex 25.6417 -38.4073 13.0615
    endloop
  endfacet
  facet normal -0.64388 0.602833 -0.47118
    outer loop
      vertex -30.2422 10.201 13.0615
      vertex -30.798 10.6884 14.4446
      vertex -30.6482 10.8484 14.4446
    endloop
  endfacet
  facet normal -0.228289 -0.851957 -0.471225
    outer loop
      vertex 17.4567 -39.7712 14.4446
      vertex 17.2451 -39.7145 14.4446
      vertex 17.4597 -39.007 13.0615
    endloop
  endfacet
  facet normal 0.337442 -0.814925 -0.4712
    outer loop
      vertex 24.3793 -40.6219 14.4446
      vertex 24.1189 -39.93 13.0615
      vertex 24.2766 -39.8647 13.0615
    endloop
  endfacet
  facet normal 0.852 -0.228233 -0.471176
    outer loop
      vertex 26.404 -38.4603 14.4446
      vertex 25.6966 -38.2457 13.0615
      vertex 25.7408 -38.0807 13.0615
    endloop
  endfacet
  facet normal 0.699953 -0.536717 -0.471169
    outer loop
      vertex 25.7881 -39.6124 14.4446
      vertex 25.2167 -39.1434 13.0615
      vertex 25.3206 -39.0079 13.0615
    endloop
  endfacet
  facet normal 0.415892 0.777835 -0.471176
    outer loop
      vertex 24.8741 40.3878 14.4446
      vertex 24.5045 39.7476 13.0615
      vertex 24.6809 40.4911 14.4446
    endloop
  endfacet
  facet normal 0.581251 -0.663401 -0.471217
    outer loop
      vertex 25.324 -40.0765 14.4446
      vertex 24.855 -39.505 13.0615
      vertex 24.9834 -39.3925 13.0615
    endloop
  endfacet
  facet normal -0.028581 0.881583 -0.471163
    outer loop
      vertex 23.2 40.0972 13.0615
      vertex 22.981 40.8293 14.4446
      vertex 23.2 40.8364 14.4446
    endloop
  endfacet
  facet normal 0.537033 -0.699673 -0.471224
    outer loop
      vertex 25.1502 -40.2099 14.4446
      vertex 24.7196 -39.6089 13.0615
      vertex 25.324 -40.0765 14.4446
    endloop
  endfacet
  facet normal -0.337259 -0.815 -0.471203
    outer loop
      vertex 12.6161 -37.3628 13.0615
      vertex 12.3557 -38.0547 14.4446
      vertex 12.4583 -37.2975 13.0615
    endloop
  endfacet
  facet normal -0.877795 -0.0862762 -0.471203
    outer loop
      vertex -34.2776 -1.90604 13.0615
      vertex -35.032 -1.78447 14.4446
      vertex -34.2943 -1.73613 13.0615
    endloop
  endfacet
  facet normal 0.171896 -0.865116 -0.471196
    outer loop
      vertex 23.7453 -40.7917 14.4446
      vertex 23.6249 -40.0623 13.0615
      vertex 23.9602 -40.749 14.4446
    endloop
  endfacet
  facet normal 0.6028 0.643873 -0.471232
    outer loop
      vertex 25.5676 39.8558 14.4446
      vertex 25.0448 39.333 13.0615
      vertex 25.4077 40.0055 14.4446
    endloop
  endfacet
  facet normal -0.559455 -0.681884 -0.471215
    outer loop
      vertex -28.6895 -11.5849 13.0615
      vertex -29.3089 -12.0325 14.4446
      vertex -28.8215 -11.4766 13.0615
    endloop
  endfacet
  facet normal 0.749176 0.465523 -0.471194
    outer loop
      vertex 25.4594 38.7927 13.0615
      vertex 25.3693 38.9377 13.0615
      vertex 25.984 39.3484 14.4446
    endloop
  endfacet
  facet normal 0.870275 0.143583 -0.471174
    outer loop
      vertex 25.7867 37.8287 13.0615
      vertex 25.7589 37.9972 13.0615
      vertex 26.5196 37.9252 14.4446
    endloop
  endfacet
  facet normal 0.283386 -0.835264 -0.471197
    outer loop
      vertex 24.1718 -40.6923 14.4446
      vertex 24.1189 -39.93 13.0615
      vertex 24.3793 -40.6219 14.4446
    endloop
  endfacet
  facet normal -0.46571 -0.748931 -0.471399
    outer loop
      vertex 5.55652 -33.6026 13.0615
      vertex 7.33278 -35.5777 14.4446
      vertex 5.16612 -34.2304 14.4446
    endloop
  endfacet
  facet normal -0.46571 -0.748931 -0.471399
    outer loop
      vertex 7.33278 -35.5777 14.4446
      vertex 5.55652 -33.6026 13.0615
      vertex 7.72318 -34.9499 13.0615
    endloop
  endfacet
  facet normal -0.171987 0.865099 -0.471195
    outer loop
      vertex 20.201 39.6462 13.0615
      vertex 20.0335 39.6129 13.0615
      vertex 20.0806 40.3756 14.4446
    endloop
  endfacet
  facet normal 0.859056 0.200071 -0.471163
    outer loop
      vertex 26.4839 38.1414 14.4446
      vertex 25.7589 37.9972 13.0615
      vertex 26.4342 38.3548 14.4446
    endloop
  endfacet
  facet normal -0.415741 -0.777778 -0.471403
    outer loop
      vertex 7.87102 -35.0353 13.0615
      vertex 9.7039 -36.8533 14.4446
      vertex 7.52252 -35.6873 14.4446
    endloop
  endfacet
  facet normal -0.415741 -0.777778 -0.471403
    outer loop
      vertex 9.7039 -36.8533 14.4446
      vertex 7.87102 -35.0353 13.0615
      vertex 10.0524 -36.2013 13.0615
    endloop
  endfacet
  facet normal 0.115186 -0.874481 -0.471185
    outer loop
      vertex 23.528 -40.8203 14.4446
      vertex 23.4556 -40.0846 13.0615
      vertex 23.6249 -40.0623 13.0615
    endloop
  endfacet
  facet normal 0.115096 -0.874488 -0.471194
    outer loop
      vertex 23.7453 -40.7917 14.4446
      vertex 23.528 -40.8203 14.4446
      vertex 23.6249 -40.0623 13.0615
    endloop
  endfacet
  facet normal -0.337259 0.815 -0.471203
    outer loop
      vertex 12.4583 37.2975 13.0615
      vertex 12.3557 38.0547 14.4446
      vertex 12.6161 37.3628 13.0615
    endloop
  endfacet
  facet normal -0.8703 0.143326 -0.471207
    outer loop
      vertex -34.2498 2.07449 13.0615
      vertex -35.0105 2.00255 14.4446
      vertex -34.9749 2.21872 14.4446
    endloop
  endfacet
  facet normal -0.880033 -0.0576756 -0.471397
    outer loop
      vertex -34.2943 -1.73613 13.0615
      vertex -35.1346 -0.218964 14.4446
      vertex -34.3969 -0.170624 13.0615
    endloop
  endfacet
  facet normal -0.880033 -0.0576756 -0.471397
    outer loop
      vertex -35.1346 -0.218964 14.4446
      vertex -34.2943 -1.73613 13.0615
      vertex -35.032 -1.78447 14.4446
    endloop
  endfacet
  facet normal -0.77788 0.415799 -0.471183
    outer loop
      vertex -32.5267 7.15065 13.0615
      vertex -33.1897 7.47763 14.4446
      vertex -32.4462 7.30125 13.0615
    endloop
  endfacet
  facet normal -0.08665 0.877659 -0.471387
    outer loop
      vertex 22.8105 40.0714 13.0615
      vertex 22.8717 40.8203 14.4446
      vertex 22.9442 40.0846 13.0615
    endloop
  endfacet
  facet normal -0.08665 0.877659 -0.471387
    outer loop
      vertex 22.8717 40.8203 14.4446
      vertex 22.8105 40.0714 13.0615
      vertex 22.738 40.8071 14.4446
    endloop
  endfacet
  facet normal -0.877785 0.0865388 -0.471173
    outer loop
      vertex -34.2776 1.90605 13.0615
      vertex -35.032 1.78447 14.4446
      vertex -35.0105 2.00255 14.4446
    endloop
  endfacet
  facet normal -0.115253 -0.874469 -0.47119
    outer loop
      vertex 22.738 -40.8071 14.4446
      vertex 22.521 -40.7785 14.4446
      vertex 22.8105 -40.0714 13.0615
    endloop
  endfacet
  facet normal 0.844043 0.25599 -0.471234
    outer loop
      vertex 26.4342 38.3548 14.4446
      vertex 25.6705 38.3268 13.0615
      vertex 26.3706 38.5645 14.4446
    endloop
  endfacet
  facet normal 0.717 0.513696 -0.471198
    outer loop
      vertex 25.984 39.3484 14.4446
      vertex 25.3693 38.9377 13.0615
      vertex 25.8564 39.5265 14.4446
    endloop
  endfacet
  facet normal 0.559709 0.681677 -0.471213
    outer loop
      vertex 24.9202 39.4497 13.0615
      vertex 24.7883 39.558 13.0615
      vertex 25.4077 40.0055 14.4446
    endloop
  endfacet
  facet normal -0.843972 0.256234 -0.471227
    outer loop
      vertex -33.905 3.77939 13.0615
      vertex -34.5555 4.18039 14.4446
      vertex -33.8554 3.94276 13.0615
    endloop
  endfacet
  facet normal -0.803465 -0.363894 -0.471196
    outer loop
      vertex -33.8836 -6.07062 14.4446
      vertex -33.974 -5.87102 14.4446
      vertex -33.291 -5.58812 13.0615
    endloop
  endfacet
  facet normal 0.513893 0.716868 -0.471184
    outer loop
      vertex 24.7883 39.558 13.0615
      vertex 24.6495 39.6575 13.0615
      vertex 25.2383 40.1445 14.4446
    endloop
  endfacet
  facet normal -0.803442 0.363938 -0.4712
    outer loop
      vertex -33.291 5.58813 13.0615
      vertex -33.974 5.87105 14.4446
      vertex -33.8836 6.07062 14.4446
    endloop
  endfacet
  facet normal -0.389902 -0.791166 -0.471203
    outer loop
      vertex 10.2056 -36.2768 13.0615
      vertex 9.7039 -36.8533 14.4446
      vertex 10.0524 -36.2013 13.0615
    endloop
  endfacet
  facet normal -0.256015 -0.843957 -0.471373
    outer loop
      vertex 15.0928 -38.2891 13.0615
      vertex 17.2451 -39.7145 14.4446
      vertex 14.8782 -38.9965 14.4446
    endloop
  endfacet
  facet normal -0.255975 -0.843943 -0.471421
    outer loop
      vertex 17.2451 -39.7145 14.4446
      vertex 15.0928 -38.2891 13.0615
      vertex 17.4597 -39.007 13.0615
    endloop
  endfacet
  facet normal -0.143657 0.870146 -0.471391
    outer loop
      vertex 20.201 39.6462 13.0615
      vertex 22.521 40.7785 14.4446
      vertex 22.6414 40.0491 13.0615
    endloop
  endfacet
  facet normal -0.143657 0.870146 -0.471391
    outer loop
      vertex 22.521 40.7785 14.4446
      vertex 20.201 39.6462 13.0615
      vertex 20.0806 40.3756 14.4446
    endloop
  endfacet
  facet normal -0.581484 0.663059 -0.471412
    outer loop
      vertex -30.0009 10.4423 13.0615
      vertex -29.3089 12.0325 14.4446
      vertex -28.8215 11.4766 13.0615
    endloop
  endfacet
  facet normal -0.581529 0.663046 -0.471375
    outer loop
      vertex -29.3089 12.0325 14.4446
      vertex -30.0009 10.4423 13.0615
      vertex -30.4883 10.9981 14.4446
    endloop
  endfacet
  facet normal -0.476195 0.742324 -0.471374
    outer loop
      vertex -27.065 12.6765 13.0615
      vertex 5.12637 34.2053 14.4446
      vertex 5.52554 33.5831 13.0615
    endloop
  endfacet
  facet normal -0.476179 0.742303 -0.471423
    outer loop
      vertex 5.12637 34.2053 14.4446
      vertex -27.065 12.6765 13.0615
      vertex -27.4642 13.2988 14.4446
    endloop
  endfacet
  facet normal 0.791079 -0.390104 -0.471183
    outer loop
      vertex 26.1528 -39.0667 14.4446
      vertex 25.5764 -38.565 13.0615
      vertex 26.2497 -38.8702 14.4446
    endloop
  endfacet
  facet normal 0.310494 0.825573 -0.471192
    outer loop
      vertex 24.1984 39.8986 13.0615
      vertex 24.0386 39.9587 13.0615
      vertex 24.2763 40.6587 14.4446
    endloop
  endfacet
  facet normal 0.489909 -0.733454 -0.471205
    outer loop
      vertex 24.968 -40.3316 14.4446
      vertex 24.5776 -39.7038 13.0615
      vertex 25.1502 -40.2099 14.4446
    endloop
  endfacet
  facet normal -0.803324 -0.364161 -0.47123
    outer loop
      vertex -33.2205 -5.74364 13.0615
      vertex -33.8836 -6.07062 14.4446
      vertex -33.291 -5.58812 13.0615
    endloop
  endfacet
  facet normal 0.364209 0.803326 -0.471189
    outer loop
      vertex 24.3539 39.8281 13.0615
      vertex 24.1984 39.8986 13.0615
      vertex 24.6809 40.4911 14.4446
    endloop
  endfacet
  facet normal 0.465414 0.749253 -0.47118
    outer loop
      vertex 25.0602 40.2722 14.4446
      vertex 24.5045 39.7476 13.0615
      vertex 24.8741 40.3878 14.4446
    endloop
  endfacet
  facet normal -0.0723769 0.878977 -0.47134
    outer loop
      vertex 22.9442 40.0846 13.0615
      vertex 22.8717 40.8203 14.4446
      vertex 22.981 40.8293 14.4446
    endloop
  endfacet
  facet normal -0.663067 0.581505 -0.471375
    outer loop
      vertex -30.2422 10.201 13.0615
      vertex -31.8325 9.5088 14.4446
      vertex -30.798 10.6884 14.4446
    endloop
  endfacet
  facet normal -0.663072 0.581489 -0.471388
    outer loop
      vertex -31.8325 9.5088 14.4446
      vertex -30.2422 10.201 13.0615
      vertex -31.2767 9.02136 13.0615
    endloop
  endfacet
  facet normal 0.643755 0.60294 -0.471214
    outer loop
      vertex 25.1615 39.2084 13.0615
      vertex 25.0448 39.333 13.0615
      vertex 25.7174 39.6958 14.4446
    endloop
  endfacet
  facet normal 0.681884 0.559455 -0.471215
    outer loop
      vertex 25.2698 39.0764 13.0615
      vertex 25.1615 39.2084 13.0615
      vertex 25.7174 39.6958 14.4446
    endloop
  endfacet
  facet normal 0.877782 0.0865702 -0.471174
    outer loop
      vertex 26.5411 37.7072 14.4446
      vertex 25.7867 37.8287 13.0615
      vertex 26.5196 37.9252 14.4446
    endloop
  endfacet
  facet normal 0.440769 -0.763999 -0.471199
    outer loop
      vertex 24.7782 -40.4411 14.4446
      vertex 24.5776 -39.7038 13.0615
      vertex 24.968 -40.3316 14.4446
    endloop
  endfacet
  facet normal -0.748953 -0.465868 -0.471208
    outer loop
      vertex -32.356 -7.44623 13.0615
      vertex -32.9707 -7.85696 14.4446
      vertex -32.4462 -7.30122 13.0615
    endloop
  endfacet
  facet normal 0.256365 0.843952 -0.471191
    outer loop
      vertex 24.2763 40.6587 14.4446
      vertex 24.0386 39.9587 13.0615
      vertex 24.0666 40.7224 14.4446
    endloop
  endfacet
  facet normal 0.874484 -0.115095 -0.471201
    outer loop
      vertex 26.5035 -38.0338 14.4446
      vertex 25.7741 -37.9133 13.0615
      vertex 26.5321 -37.8165 14.4446
    endloop
  endfacet
  facet normal 0.874478 -0.115185 -0.471191
    outer loop
      vertex 26.5321 -37.8165 14.4446
      vertex 25.7741 -37.9133 13.0615
      vertex 25.7964 -37.744 13.0615
    endloop
  endfacet
  facet normal 0.880122 -0.0579769 -0.471194
    outer loop
      vertex 26.5321 -37.8165 14.4446
      vertex 25.7964 -37.744 13.0615
      vertex 26.5465 -37.5979 14.4446
    endloop
  endfacet
  facet normal 0.663211 -0.581467 -0.471218
    outer loop
      vertex 25.6437 -39.7771 14.4446
      vertex 25.1041 -39.2717 13.0615
      vertex 25.7881 -39.6124 14.4446
    endloop
  endfacet
  facet normal -0.337268 -0.814997 -0.471202
    outer loop
      vertex 12.3557 -38.0547 14.4446
      vertex 12.1532 -37.9709 14.4446
      vertex 12.4583 -37.2975 13.0615
    endloop
  endfacet
  facet normal -0.864965 -0.172077 -0.471408
    outer loop
      vertex -33.9437 -3.61314 13.0615
      vertex -34.9749 -2.21872 14.4446
      vertex -34.2498 -2.07449 13.0615
    endloop
  endfacet
  facet normal -0.864965 -0.172077 -0.471408
    outer loop
      vertex -34.9749 -2.21872 14.4446
      vertex -33.9437 -3.61314 13.0615
      vertex -34.6688 -3.75737 14.4446
    endloop
  endfacet
  facet normal -0.171895 -0.865111 -0.471205
    outer loop
      vertex 20.0806 -40.3756 14.4446
      vertex 19.8657 -40.3329 14.4446
      vertex 20.0335 -39.6129 13.0615
    endloop
  endfacet
  facet normal -0.390016 0.791101 -0.471218
    outer loop
      vertex 10.2056 36.2768 13.0615
      vertex 9.7039 36.8533 14.4446
      vertex 9.90045 36.9502 14.4446
    endloop
  endfacet
  facet normal -0.0573675 -0.880153 -0.471212
    outer loop
      vertex 23.0903 -40.8346 14.4446
      vertex 22.9442 -40.0846 13.0615
      vertex 23.1145 -40.0957 13.0615
    endloop
  endfacet
  facet normal -0.663072 -0.581489 -0.471388
    outer loop
      vertex -30.2422 -10.201 13.0615
      vertex -31.8325 -9.5088 14.4446
      vertex -31.2767 -9.02136 13.0615
    endloop
  endfacet
  facet normal -0.663067 -0.581505 -0.471375
    outer loop
      vertex -31.8325 -9.5088 14.4446
      vertex -30.2422 -10.201 13.0615
      vertex -30.798 -10.6884 14.4446
    endloop
  endfacet
  facet normal -0.143657 -0.870146 -0.471391
    outer loop
      vertex 20.201 -39.6462 13.0615
      vertex 22.521 -40.7785 14.4446
      vertex 20.0806 -40.3756 14.4446
    endloop
  endfacet
  facet normal -0.143657 -0.870146 -0.471391
    outer loop
      vertex 22.521 -40.7785 14.4446
      vertex 20.201 -39.6462 13.0615
      vertex 22.6414 -40.0491 13.0615
    endloop
  endfacet
  facet normal 0.0575772 -0.880167 -0.471159
    outer loop
      vertex 23.3094 -40.8346 14.4446
      vertex 23.2852 -40.0958 13.0615
      vertex 23.528 -40.8203 14.4446
    endloop
  endfacet
  facet normal -0.681914 -0.559435 -0.471196
    outer loop
      vertex -31.8325 -9.5088 14.4446
      vertex -31.9714 -9.33949 14.4446
      vertex -31.3849 -8.88945 13.0615
    endloop
  endfacet
  facet normal -0.777893 0.415772 -0.471186
    outer loop
      vertex -32.4462 7.30125 13.0615
      vertex -33.1897 7.47763 14.4446
      vertex -33.0864 7.6709 14.4446
    endloop
  endfacet
  facet normal 0.0578491 -0.880133 -0.471189
    outer loop
      vertex 23.528 -40.8203 14.4446
      vertex 23.2852 -40.0958 13.0615
      vertex 23.4556 -40.0846 13.0615
    endloop
  endfacet
  facet normal -0 -0.882049 -0.471157
    outer loop
      vertex 23.3094 -40.8346 14.4446
      vertex 23.0903 -40.8346 14.4446
      vertex 23.2852 -40.0958 13.0615
    endloop
  endfacet
  facet normal -0.643698 -0.603039 -0.471166
    outer loop
      vertex -30.6482 -10.8483 14.4446
      vertex -30.798 -10.6884 14.4446
      vertex -30.1255 -10.3256 13.0615
    endloop
  endfacet
  facet normal -0.716887 0.513845 -0.471207
    outer loop
      vertex -31.4844 8.75067 13.0615
      vertex -32.0991 9.16141 14.4446
      vertex -31.9715 9.33943 14.4446
    endloop
  endfacet
  facet normal -0.733288 0.489965 -0.471405
    outer loop
      vertex -31.4844 8.75067 13.0615
      vertex -32.9707 7.85696 14.4446
      vertex -32.0991 9.16141 14.4446
    endloop
  endfacet
  facet normal -0.733288 0.489968 -0.471402
    outer loop
      vertex -32.9707 7.85696 14.4446
      vertex -31.4844 8.75067 13.0615
      vertex -32.356 7.44623 13.0615
    endloop
  endfacet
  facet normal -0.777846 -0.415864 -0.471182
    outer loop
      vertex -32.4462 -7.30122 13.0615
      vertex -33.1897 -7.47763 14.4446
      vertex -32.5267 -7.15065 13.0615
    endloop
  endfacet
  facet normal -0.483661 0.737477 -0.471381
    outer loop
      vertex -27.1058 12.6498 13.0615
      vertex -27.5165 13.2645 14.4446
      vertex -27.4642 13.2988 14.4446
    endloop
  endfacet
  facet normal -0.200271 0.858878 -0.471403
    outer loop
      vertex 17.6246 39.0512 13.0615
      vertex 19.8657 40.3329 14.4446
      vertex 20.0335 39.6129 13.0615
    endloop
  endfacet
  facet normal -0.200261 0.858874 -0.471414
    outer loop
      vertex 19.8657 40.3329 14.4446
      vertex 17.6246 39.0512 13.0615
      vertex 17.4567 39.7712 14.4446
    endloop
  endfacet
  facet normal -0.469798 0.746377 -0.471394
    outer loop
      vertex 5.52554 33.5831 13.0615
      vertex 5.16612 34.2304 14.4446
      vertex 5.55652 33.6026 13.0615
    endloop
  endfacet
  facet normal -0.470878 0.745714 -0.471364
    outer loop
      vertex 5.52554 33.5831 13.0615
      vertex 5.12637 34.2053 14.4446
      vertex 5.16612 34.2304 14.4446
    endloop
  endfacet
  facet normal -0.255975 0.843943 -0.471421
    outer loop
      vertex 15.0928 38.2891 13.0615
      vertex 17.2451 39.7145 14.4446
      vertex 17.4597 39.007 13.0615
    endloop
  endfacet
  facet normal -0.256015 0.843957 -0.471373
    outer loop
      vertex 17.2451 39.7145 14.4446
      vertex 15.0928 38.2891 13.0615
      vertex 14.8782 38.9965 14.4446
    endloop
  endfacet
  facet normal -0.310675 0.825389 -0.471395
    outer loop
      vertex 12.6161 37.3628 13.0615
      vertex 14.6708 38.9261 14.4446
      vertex 14.9312 38.2342 13.0615
    endloop
  endfacet
  facet normal -0.310675 0.825389 -0.471395
    outer loop
      vertex 14.6708 38.9261 14.4446
      vertex 12.6161 37.3628 13.0615
      vertex 12.3557 38.0547 14.4446
    endloop
  endfacet
  facet normal -0.390016 -0.791101 -0.471218
    outer loop
      vertex 9.90045 -36.9502 14.4446
      vertex 9.7039 -36.8533 14.4446
      vertex 10.2056 -36.2768 13.0615
    endloop
  endfacet
  facet normal 0.337762 -0.814814 -0.471163
    outer loop
      vertex 24.3793 -40.6219 14.4446
      vertex 24.2766 -39.8647 13.0615
      vertex 24.5817 -40.538 14.4446
    endloop
  endfacet
  facet normal -0.87027 -0.143624 -0.471172
    outer loop
      vertex -34.2498 -2.07449 13.0615
      vertex -35.0105 -2.00252 14.4446
      vertex -34.2776 -1.90604 13.0615
    endloop
  endfacet
  facet normal 0.82555 0.310485 -0.471239
    outer loop
      vertex 25.6705 38.3268 13.0615
      vertex 25.6104 38.4866 13.0615
      vertex 26.3706 38.5645 14.4446
    endloop
  endfacet
  facet normal 0.825438 0.310848 -0.471197
    outer loop
      vertex 26.3706 38.5645 14.4446
      vertex 25.6104 38.4866 13.0615
      vertex 26.2934 38.7695 14.4446
    endloop
  endfacet
  facet normal -0.825551 -0.310505 -0.471224
    outer loop
      vertex -33.291 -5.58812 13.0615
      vertex -34.0512 -5.66595 14.4446
      vertex -33.3511 -5.42833 13.0615
    endloop
  endfacet
  facet normal -0.835103 -0.283489 -0.47142
    outer loop
      vertex -33.3511 -5.42833 13.0615
      vertex -34.5555 -4.18039 14.4446
      vertex -33.8554 -3.94276 13.0615
    endloop
  endfacet
  facet normal -0.835103 -0.283491 -0.471418
    outer loop
      vertex -34.5555 -4.18039 14.4446
      vertex -33.3511 -5.42833 13.0615
      vertex -34.0512 -5.66595 14.4446
    endloop
  endfacet
  facet normal -0.877784 -0.0865506 -0.471172
    outer loop
      vertex -35.0105 -2.00252 14.4446
      vertex -35.032 -1.78447 14.4446
      vertex -34.2776 -1.90604 13.0615
    endloop
  endfacet
  facet normal 0.364229 0.803316 -0.471191
    outer loop
      vertex 24.6809 40.4911 14.4446
      vertex 24.1984 39.8986 13.0615
      vertex 24.4813 40.5816 14.4446
    endloop
  endfacet
  facet normal 0.310496 0.825573 -0.471192
    outer loop
      vertex 24.4813 40.5816 14.4446
      vertex 24.1984 39.8986 13.0615
      vertex 24.2763 40.6587 14.4446
    endloop
  endfacet
  facet normal -0.844172 -0.2557 -0.47116
    outer loop
      vertex -34.5555 -4.18039 14.4446
      vertex -34.619 -3.97075 14.4446
      vertex -33.905 -3.77942 13.0615
    endloop
  endfacet
  facet normal 0.389918 -0.791198 -0.471137
    outer loop
      vertex 24.7782 -40.4411 14.4446
      vertex 24.2766 -39.8647 13.0615
      vertex 24.4298 -39.7892 13.0615
    endloop
  endfacet
  facet normal 0.172083 -0.865067 -0.471218
    outer loop
      vertex 23.9602 -40.749 14.4446
      vertex 23.6249 -40.0623 13.0615
      vertex 23.7923 -40.029 13.0615
    endloop
  endfacet
  facet normal 0.581479 -0.663224 -0.471186
    outer loop
      vertex 25.324 -40.0765 14.4446
      vertex 24.9834 -39.3925 13.0615
      vertex 25.4887 -39.9321 14.4446
    endloop
  endfacet
  facet normal -0.115253 0.874469 -0.47119
    outer loop
      vertex 22.8105 40.0714 13.0615
      vertex 22.521 40.7785 14.4446
      vertex 22.738 40.8071 14.4446
    endloop
  endfacet
  facet normal 0.835139 -0.28372 -0.471218
    outer loop
      vertex 26.3336 -38.6678 14.4446
      vertex 25.6417 -38.4073 13.0615
      vertex 25.6966 -38.2457 13.0615
    endloop
  endfacet
  facet normal -0.77785 -0.415857 -0.471183
    outer loop
      vertex -33.0864 -7.67085 14.4446
      vertex -33.1897 -7.47763 14.4446
      vertex -32.4462 -7.30122 13.0615
    endloop
  endfacet
  facet normal -0.881551 -0.0289357 -0.471202
    outer loop
      vertex -34.3969 -0.170624 13.0615
      vertex -35.1346 -0.218964 14.4446
      vertex -34.4025 -1.52588e-05 13.0615
    endloop
  endfacet
  facet normal 0.39011 -0.791089 -0.471161
    outer loop
      vertex 24.5817 -40.538 14.4446
      vertex 24.2766 -39.8647 13.0615
      vertex 24.7782 -40.4411 14.4446
    endloop
  endfacet
  facet normal 0.228289 -0.851957 -0.471225
    outer loop
      vertex 23.9602 -40.749 14.4446
      vertex 23.9572 -39.9848 13.0615
      vertex 24.1718 -40.6923 14.4446
    endloop
  endfacet
  facet normal -0.200261 -0.858874 -0.471414
    outer loop
      vertex 17.6246 -39.0512 13.0615
      vertex 19.8657 -40.3329 14.4446
      vertex 17.4567 -39.7712 14.4446
    endloop
  endfacet
  facet normal -0.200271 -0.858878 -0.471403
    outer loop
      vertex 19.8657 -40.3329 14.4446
      vertex 17.6246 -39.0512 13.0615
      vertex 20.0335 -39.6129 13.0615
    endloop
  endfacet
  facet normal 0.733175 -0.490333 -0.471198
    outer loop
      vertex 26.0433 -39.2564 14.4446
      vertex 25.3206 -39.0079 13.0615
      vertex 25.4155 -38.866 13.0615
    endloop
  endfacet
  facet normal -0.749082 -0.465686 -0.471183
    outer loop
      vertex -32.9707 -7.85696 14.4446
      vertex -33.0864 -7.67085 14.4446
      vertex -32.4462 -7.30122 13.0615
    endloop
  endfacet
  facet normal -0.733288 -0.489968 -0.471402
    outer loop
      vertex -31.4844 -8.75067 13.0615
      vertex -32.9707 -7.85696 14.4446
      vertex -32.356 -7.44623 13.0615
    endloop
  endfacet
  facet normal -0.733288 -0.489965 -0.471405
    outer loop
      vertex -32.9707 -7.85696 14.4446
      vertex -31.4844 -8.75067 13.0615
      vertex -32.0991 -9.16141 14.4446
    endloop
  endfacet
  facet normal -0.864965 0.172077 -0.471408
    outer loop
      vertex -33.9437 3.61314 13.0615
      vertex -34.9749 2.21872 14.4446
      vertex -34.6688 3.75737 14.4446
    endloop
  endfacet
  facet normal -0.864965 0.172077 -0.471408
    outer loop
      vertex -34.9749 2.21872 14.4446
      vertex -33.9437 3.61314 13.0615
      vertex -34.2498 2.07449 13.0615
    endloop
  endfacet
  facet normal -0.825473 -0.310755 -0.471196
    outer loop
      vertex -33.974 -5.87102 14.4446
      vertex -34.0512 -5.66595 14.4446
      vertex -33.291 -5.58812 13.0615
    endloop
  endfacet
  facet normal -0.0722171 0.878985 -0.471349
    outer loop
      vertex 23.0294 40.0916 13.0615
      vertex 22.9442 40.0846 13.0615
      vertex 22.981 40.8293 14.4446
    endloop
  endfacet
  facet normal -0.681816 0.559559 -0.471191
    outer loop
      vertex -31.2767 9.02136 13.0615
      vertex -31.9715 9.33943 14.4446
      vertex -31.8325 9.5088 14.4446
    endloop
  endfacet
  facet normal -0.363969 -0.803304 -0.471412
    outer loop
      vertex 10.2056 -36.2768 13.0615
      vertex 12.1532 -37.9709 14.4446
      vertex 9.90045 -36.9502 14.4446
    endloop
  endfacet
  facet normal -0.363978 -0.803306 -0.471402
    outer loop
      vertex 12.1532 -37.9709 14.4446
      vertex 10.2056 -36.2768 13.0615
      vertex 12.4583 -37.2975 13.0615
    endloop
  endfacet
  facet normal 0.199917 0.859074 -0.471195
    outer loop
      vertex 23.8753 40.0083 13.0615
      vertex 23.709 40.047 13.0615
      vertex 24.0666 40.7224 14.4446
    endloop
  endfacet
  facet normal -0.283723 0.835147 -0.471202
    outer loop
      vertex 14.9312 38.2342 13.0615
      vertex 14.6708 38.9261 14.4446
      vertex 15.0928 38.2891 13.0615
    endloop
  endfacet
  facet normal -0.681962 -0.559383 -0.471188
    outer loop
      vertex -31.2767 -9.02136 13.0615
      vertex -31.8325 -9.5088 14.4446
      vertex -31.3849 -8.88945 13.0615
    endloop
  endfacet
  facet normal 0.200065 0.859031 -0.471211
    outer loop
      vertex 24.0666 40.7224 14.4446
      vertex 23.709 40.047 13.0615
      vertex 23.8532 40.7721 14.4446
    endloop
  endfacet
  facet normal 0.835273 -0.283389 -0.471179
    outer loop
      vertex 26.3336 -38.6678 14.4446
      vertex 25.6966 -38.2457 13.0615
      vertex 26.404 -38.4603 14.4446
    endloop
  endfacet
  facet normal -0.283723 -0.835147 -0.471202
    outer loop
      vertex 15.0928 -38.2891 13.0615
      vertex 14.6708 -38.9261 14.4446
      vertex 14.9312 -38.2342 13.0615
    endloop
  endfacet
  facet normal -0.228356 -0.851944 -0.471217
    outer loop
      vertex 17.6246 -39.0512 13.0615
      vertex 17.4567 -39.7712 14.4446
      vertex 17.4597 -39.007 13.0615
    endloop
  endfacet
  facet normal 0.143698 0.870237 -0.47121
    outer loop
      vertex 23.709 40.047 13.0615
      vertex 23.637 40.8078 14.4446
      vertex 23.8532 40.7721 14.4446
    endloop
  endfacet
  facet normal -0.859058 -0.199937 -0.471217
    outer loop
      vertex -33.905 -3.77942 13.0615
      vertex -34.6688 -3.75737 14.4446
      vertex -33.9437 -3.61314 13.0615
    endloop
  endfacet
  facet normal -0.858966 -0.200471 -0.471157
    outer loop
      vertex -34.619 -3.97075 14.4446
      vertex -34.6688 -3.75737 14.4446
      vertex -33.905 -3.77942 13.0615
    endloop
  endfacet
  facet normal -0.881546 0.0289851 -0.471207
    outer loop
      vertex -34.4025 -1.52588e-05 13.0615
      vertex -35.1418 -1.52588e-05 14.4446
      vertex -35.1346 0.218964 14.4446
    endloop
  endfacet
  facet normal -0.881551 0.0289305 -0.471201
    outer loop
      vertex -34.4025 -1.52588e-05 13.0615
      vertex -35.1346 0.218964 14.4446
      vertex -34.3969 0.170624 13.0615
    endloop
  endfacet
  facet normal -0.441174 0.763762 -0.471204
    outer loop
      vertex 7.87102 35.0353 13.0615
      vertex 7.33278 35.5777 14.4446
      vertex 7.52252 35.6873 14.4446
    endloop
  endfacet
  facet normal -0.441184 0.763755 -0.471205
    outer loop
      vertex 7.72318 34.9499 13.0615
      vertex 7.33278 35.5777 14.4446
      vertex 7.87102 35.0353 13.0615
    endloop
  endfacet
  facet normal -0.08665 -0.877659 -0.471387
    outer loop
      vertex 22.8105 -40.0714 13.0615
      vertex 22.8717 -40.8203 14.4446
      vertex 22.738 -40.8071 14.4446
    endloop
  endfacet
  facet normal -0.08665 -0.877659 -0.471387
    outer loop
      vertex 22.8717 -40.8203 14.4446
      vertex 22.8105 -40.0714 13.0615
      vertex 22.9442 -40.0846 13.0615
    endloop
  endfacet
  facet normal 0.0289203 0.881552 -0.471201
    outer loop
      vertex 23.3707 40.0916 13.0615
      vertex 23.2 40.0972 13.0615
      vertex 23.419 40.8293 14.4446
    endloop
  endfacet
  facet normal 0.028581 0.881583 -0.471163
    outer loop
      vertex 23.419 40.8293 14.4446
      vertex 23.2 40.0972 13.0615
      vertex 23.2 40.8364 14.4446
    endloop
  endfacet
  facet normal 0.0865679 0.877758 -0.471218
    outer loop
      vertex 23.5406 40.0748 13.0615
      vertex 23.419 40.8293 14.4446
      vertex 23.637 40.8078 14.4446
    endloop
  endfacet
  facet normal 0.763725 -0.441286 -0.471159
    outer loop
      vertex 26.1528 -39.0667 14.4446
      vertex 25.4155 -38.866 13.0615
      vertex 25.5009 -38.7182 13.0615
    endloop
  endfacet
  facet normal -0.283512 -0.835232 -0.471177
    outer loop
      vertex 14.8782 -38.9965 14.4446
      vertex 14.6708 -38.9261 14.4446
      vertex 15.0928 -38.2891 13.0615
    endloop
  endfacet
  facet normal 0.54659 -0.546862 -0.634177
    outer loop
      vertex 26.1688 -40.6582 15.6569
      vertex 25.4887 -39.9321 14.4446
      vertex 26.3698 -40.4573 15.6569
    endloop
  endfacet
  facet normal 0.248656 -0.732094 -0.634199
    outer loop
      vertex 24.4606 -41.6444 15.6569
      vertex 24.1718 -40.6923 14.4446
      vertex 24.7297 -41.553 15.6569
    endloop
  endfacet
  facet normal -0.429445 0.642745 -0.634394
    outer loop
      vertex -28.9614 12.2991 14.4446
      vertex -28.0693 14.0917 15.6569
      vertex -27.5165 13.2645 14.4446
    endloop
  endfacet
  facet normal -0.429445 0.642745 -0.634394
    outer loop
      vertex -28.0693 14.0917 15.6569
      vertex -28.9614 12.2991 14.4446
      vertex -29.5142 13.1263 15.6569
    endloop
  endfacet
  facet normal 0.470781 -0.613357 -0.63416
    outer loop
      vertex 25.7296 -41.0186 15.6569
      vertex 25.1502 -40.2099 14.4446
      vertex 25.324 -40.0765 14.4446
    endloop
  endfacet
  facet normal -0.295637 0.714396 -0.634221
    outer loop
      vertex 12.1532 37.9709 14.4446
      vertex 12.0052 38.9859 15.6569
      vertex 12.3557 38.0547 14.4446
    endloop
  endfacet
  facet normal 0.68189 0.364472 -0.634181
    outer loop
      vertex 27.0953 39.4091 15.6569
      vertex 26.203 38.9691 14.4446
      vertex 26.9613 39.6598 15.6569
    endloop
  endfacet
  facet normal 0.681831 0.364561 -0.634195
    outer loop
      vertex 26.203 38.9691 14.4446
      vertex 26.0997 39.1623 14.4446
      vertex 26.9613 39.6598 15.6569
    endloop
  endfacet
  facet normal -0.490494 -0.597679 -0.634189
    outer loop
      vertex -29.7452 -12.9608 15.6569
      vertex -29.9649 -12.7805 15.6569
      vertex -29.3089 -12.0325 14.4446
    endloop
  endfacet
  facet normal -0.528463 0.564383 -0.634191
    outer loop
      vertex -30.4883 10.9981 14.4446
      vertex -31.3517 11.5519 15.6569
      vertex -31.1443 11.7461 15.6569
    endloop
  endfacet
  facet normal -0.528423 0.564428 -0.634184
    outer loop
      vertex -30.6482 10.8484 14.4446
      vertex -31.3517 11.5519 15.6569
      vertex -30.4883 10.9981 14.4446
    endloop
  endfacet
  facet normal 0.52834 0.564524 -0.634168
    outer loop
      vertex 26.2711 40.5593 15.6569
      vertex 25.4077 40.0055 14.4446
      vertex 26.0636 40.7535 15.6569
    endloop
  endfacet
  facet normal -0.509708 -0.581158 -0.634393
    outer loop
      vertex -29.9649 -12.7805 15.6569
      vertex -30.4883 -10.9981 14.4446
      vertex -29.3089 -12.0325 14.4446
    endloop
  endfacet
  facet normal -0.509708 -0.581158 -0.634393
    outer loop
      vertex -30.4883 -10.9981 14.4446
      vertex -29.9649 -12.7805 15.6569
      vertex -31.1443 -11.7461 15.6569
    endloop
  endfacet
  facet normal 0.772739 0.0250523 -0.634229
    outer loop
      vertex 26.5482 37.4882 14.4446
      vertex 26.5411 37.7072 14.4446
      vertex 27.5432 37.4882 15.6569
    endloop
  endfacet
  facet normal 0.772982 0 -0.634428
    outer loop
      vertex 27.5432 -37.4882 15.6569
      vertex 26.5482 37.4882 14.4446
      vertex 27.5432 37.4882 15.6569
    endloop
  endfacet
  facet normal 0.772982 0 -0.634428
    outer loop
      vertex 26.5482 37.4882 14.4446
      vertex 27.5432 -37.4882 15.6569
      vertex 26.5482 -37.4882 14.4446
    endloop
  endfacet
  facet normal 0.50978 -0.581324 -0.634182
    outer loop
      vertex 25.9551 -40.8456 15.6569
      vertex 25.324 -40.0765 14.4446
      vertex 26.1688 -40.6582 15.6569
    endloop
  endfacet
  facet normal 0.597679 0.490494 -0.634189
    outer loop
      vertex 26.6457 40.1321 15.6569
      vertex 25.7174 39.6958 14.4446
      vertex 26.4654 40.3518 15.6569
    endloop
  endfacet
  facet normal -0.490218 0.597862 -0.63423
    outer loop
      vertex -29.3089 12.0325 14.4446
      vertex -29.7452 12.9608 15.6569
      vertex -29.1395 12.1714 14.4446
    endloop
  endfacet
  facet normal 0.642876 -0.429581 -0.634169
    outer loop
      vertex 26.7302 -40.0181 15.6569
      vertex 26.0433 -39.2564 14.4446
      vertex 26.8881 -39.7818 15.6569
    endloop
  endfacet
  facet normal 0.769441 0.0758834 -0.634194
    outer loop
      vertex 27.5339 37.7722 15.6569
      vertex 26.5411 37.7072 14.4446
      vertex 27.506 38.0551 15.6569
    endloop
  endfacet
  facet normal -0.429445 -0.642745 -0.634394
    outer loop
      vertex -28.9614 -12.2991 14.4446
      vertex -28.0693 -14.0917 15.6569
      vertex -29.5142 -13.1263 15.6569
    endloop
  endfacet
  facet normal -0.429445 -0.642745 -0.634394
    outer loop
      vertex -28.0693 -14.0917 15.6569
      vertex -28.9614 -12.2991 14.4446
      vertex -27.5165 -13.2645 14.4446
    endloop
  endfacet
  facet normal 0.38662 -0.66958 -0.634183
    outer loop
      vertex 25.2472 -41.3186 15.6569
      vertex 24.968 -40.3316 14.4446
      vertex 25.4933 -41.1765 15.6569
    endloop
  endfacet
  facet normal -0.417383 -0.650647 -0.634389
    outer loop
      vertex -27.4642 -13.2988 14.4446
      vertex 4.58919 -35.0427 15.6569
      vertex -28.0014 -14.1362 15.6569
    endloop
  endfacet
  facet normal -0.417385 -0.65065 -0.634385
    outer loop
      vertex 4.58919 -35.0427 15.6569
      vertex -27.4642 -13.2988 14.4446
      vertex 5.12637 -34.2053 14.4446
    endloop
  endfacet
  facet normal -0.450299 0.628514 -0.634193
    outer loop
      vertex -28.9614 12.2991 14.4446
      vertex -29.7452 12.9608 15.6569
      vertex -29.5142 13.1263 15.6569
    endloop
  endfacet
  facet normal 0.772963 -0.0130366 -0.634317
    outer loop
      vertex 27.5408 -37.6305 15.6569
      vertex 26.5465 -37.5979 14.4446
      vertex 27.5432 -37.4882 15.6569
    endloop
  endfacet
  facet normal -0.10103 0.766556 -0.634181
    outer loop
      vertex 22.738 40.8071 14.4446
      vertex 22.521 40.7785 14.4446
      vertex 22.6405 41.7972 15.6569
    endloop
  endfacet
  facet normal -0.408195 0.656439 -0.6344
    outer loop
      vertex 5.16612 34.2304 14.4446
      vertex 6.8074 36.4226 15.6569
      vertex 7.33278 35.5777 14.4446
    endloop
  endfacet
  facet normal -0.408198 0.65644 -0.634398
    outer loop
      vertex 6.8074 36.4226 15.6569
      vertex 5.16612 34.2304 14.4446
      vertex 4.64075 35.0753 15.6569
    endloop
  endfacet
  facet normal -0.272274 -0.723449 -0.63442
    outer loop
      vertex 12.3557 -38.0547 14.4446
      vertex 14.3203 -39.8572 15.6569
      vertex 12.0052 -38.9859 15.6569
    endloop
  endfacet
  facet normal -0.272311 -0.723466 -0.634384
    outer loop
      vertex 14.3203 -39.8572 15.6569
      vertex 12.3557 -38.0547 14.4446
      vertex 14.6708 -38.9261 14.4446
    endloop
  endfacet
  facet normal 0.693453 -0.341962 -0.63418
    outer loop
      vertex 27.1559 -39.2808 15.6569
      vertex 26.1528 -39.0667 14.4446
      vertex 26.2497 -38.8702 14.4446
    endloop
  endfacet
  facet normal -0.693287 -0.341911 -0.63439
    outer loop
      vertex -33.1897 -7.47763 14.4446
      vertex -34.7759 -6.51065 15.6569
      vertex -33.8836 -6.07062 14.4446
    endloop
  endfacet
  facet normal -0.693287 -0.341911 -0.63439
    outer loop
      vertex -34.7759 -6.51065 15.6569
      vertex -33.1897 -7.47763 14.4446
      vertex -34.082 -7.91766 15.6569
    endloop
  endfacet
  facet normal -0.656614 -0.408259 -0.634179
    outer loop
      vertex -33.7979 -8.40971 15.6569
      vertex -33.948 -8.1683 15.6569
      vertex -32.9707 -7.85696 14.4446
    endloop
  endfacet
  facet normal -0.295949 -0.714303 -0.634181
    outer loop
      vertex 12.0052 -38.9859 15.6569
      vertex 11.7426 -38.8771 15.6569
      vertex 12.1532 -37.9709 14.4446
    endloop
  endfacet
  facet normal -0.693287 0.341911 -0.63439
    outer loop
      vertex -33.1897 7.47763 14.4446
      vertex -34.7759 6.51065 15.6569
      vertex -34.082 7.91766 15.6569
    endloop
  endfacet
  facet normal -0.693287 0.341911 -0.63439
    outer loop
      vertex -34.7759 6.51065 15.6569
      vertex -33.1897 7.47763 14.4446
      vertex -33.8836 6.07062 14.4446
    endloop
  endfacet
  facet normal 0.642781 -0.429696 -0.634188
    outer loop
      vertex 26.7302 -40.0181 15.6569
      vertex 25.9215 -39.4386 14.4446
      vertex 26.0433 -39.2564 14.4446
    endloop
  endfacet
  facet normal -0.248656 -0.732094 -0.634199
    outer loop
      vertex 14.5894 -39.9486 15.6569
      vertex 14.3203 -39.8572 15.6569
      vertex 14.8782 -38.9965 14.4446
    endloop
  endfacet
  facet normal -0.386736 -0.669519 -0.634176
    outer loop
      vertex 7.52252 -35.6873 14.4446
      vertex 7.05353 -36.5647 15.6569
      vertex 7.33278 -35.5777 14.4446
    endloop
  endfacet
  facet normal -0.528472 -0.564375 -0.634191
    outer loop
      vertex -31.1443 -11.7461 15.6569
      vertex -31.3518 -11.5518 15.6569
      vertex -30.4883 -10.9981 14.4446
    endloop
  endfacet
  facet normal 0.564375 0.528472 -0.634191
    outer loop
      vertex 26.4654 40.3518 15.6569
      vertex 25.7174 39.6958 14.4446
      vertex 26.2711 40.5593 15.6569
    endloop
  endfacet
  facet normal -0.450516 -0.628323 -0.634229
    outer loop
      vertex -28.9614 -12.2991 14.4446
      vertex -29.7452 -12.9608 15.6569
      vertex -29.1395 -12.1714 14.4446
    endloop
  endfacet
  facet normal -0.704252 0.3191 -0.634196
    outer loop
      vertex -33.974 5.87105 14.4446
      vertex -34.8932 6.25177 15.6569
      vertex -34.7759 6.51065 15.6569
    endloop
  endfacet
  facet normal 0.714314 -0.295953 -0.634166
    outer loop
      vertex 27.1559 -39.2808 15.6569
      vertex 26.3336 -38.6678 14.4446
      vertex 27.2647 -39.0182 15.6569
    endloop
  endfacet
  facet normal -0.423728 0.646543 -0.634379
    outer loop
      vertex -27.5165 13.2645 14.4446
      vertex -28.0693 14.0917 15.6569
      vertex -28.0014 14.1362 15.6569
    endloop
  endfacet
  facet normal 0.766567 -0.100921 -0.634184
    outer loop
      vertex 27.4851 -38.1959 15.6569
      vertex 26.5035 -38.0338 14.4446
      vertex 27.5222 -37.9141 15.6569
    endloop
  endfacet
  facet normal -0.364406 0.681739 -0.634382
    outer loop
      vertex 7.52252 35.6873 14.4446
      vertex 9.23491 37.7307 15.6569
      vertex 9.7039 36.8533 14.4446
    endloop
  endfacet
  facet normal -0.364406 0.681739 -0.634382
    outer loop
      vertex 9.23491 37.7307 15.6569
      vertex 7.52252 35.6873 14.4446
      vertex 7.05353 36.5647 15.6569
    endloop
  endfacet
  facet normal 0.490506 0.597694 -0.634165
    outer loop
      vertex 26.0636 40.7535 15.6569
      vertex 25.4077 40.0055 14.4446
      vertex 25.8439 40.9338 15.6569
    endloop
  endfacet
  facet normal -0.681891 0.364461 -0.634187
    outer loop
      vertex -33.1897 7.47763 14.4446
      vertex -34.082 7.91766 15.6569
      vertex -33.0864 7.6709 14.4446
    endloop
  endfacet
  facet normal -0.509708 0.581158 -0.634393
    outer loop
      vertex -30.4883 10.9981 14.4446
      vertex -29.9649 12.7805 15.6569
      vertex -29.3089 12.0325 14.4446
    endloop
  endfacet
  facet normal -0.509708 0.581158 -0.634393
    outer loop
      vertex -29.9649 12.7805 15.6569
      vertex -30.4883 10.9981 14.4446
      vertex -31.1443 11.7461 15.6569
    endloop
  endfacet
  facet normal -0.723609 0.272368 -0.634197
    outer loop
      vertex -34.0512 5.66595 14.4446
      vertex -34.8932 6.25177 15.6569
      vertex -33.974 5.87105 14.4446
    endloop
  endfacet
  facet normal 0.0250533 0.772771 -0.634191
    outer loop
      vertex 23.419 40.8293 14.4446
      vertex 23.2 40.8364 14.4446
      vertex 23.2 41.8313 15.6569
    endloop
  endfacet
  facet normal 0.693452 -0.341965 -0.63418
    outer loop
      vertex 27.0302 -39.5357 15.6569
      vertex 26.1528 -39.0667 14.4446
      vertex 27.1559 -39.2808 15.6569
    endloop
  endfacet
  facet normal -0.341894 -0.69349 -0.634177
    outer loop
      vertex 9.90045 -36.9502 14.4446
      vertex 9.23491 -37.7307 15.6569
      vertex 9.7039 -36.8533 14.4446
    endloop
  endfacet
  facet normal -0.200121 0.746837 -0.634181
    outer loop
      vertex 17.2451 39.7145 14.4446
      vertex 17.2308 40.7401 15.6569
      vertex 17.4567 39.7712 14.4446
    endloop
  endfacet
  facet normal -0.597701 0.490467 -0.634189
    outer loop
      vertex -31.8325 9.5088 14.4446
      vertex -32.7608 9.94508 15.6569
      vertex -32.5805 10.1648 15.6569
    endloop
  endfacet
  facet normal -0.762899 -0.125621 -0.634196
    outer loop
      vertex -34.9749 -2.21872 14.4446
      vertex -35.9969 -2.13237 15.6569
      vertex -35.0105 -2.00252 14.4446
    endloop
  endfacet
  facet normal 0.758343 -0.150743 -0.634187
    outer loop
      vertex 27.4297 -38.4746 15.6569
      vertex 26.5035 -38.0338 14.4446
      vertex 27.4851 -38.1959 15.6569
    endloop
  endfacet
  facet normal 0.546713 -0.546713 -0.634201
    outer loop
      vertex 26.3698 -40.4573 15.6569
      vertex 25.4887 -39.9321 14.4446
      vertex 25.6437 -39.7771 14.4446
    endloop
  endfacet
  facet normal -0.100721 -0.766565 -0.634219
    outer loop
      vertex 22.6405 -41.7972 15.6569
      vertex 22.3589 -41.7602 15.6569
      vertex 22.521 -40.7785 14.4446
    endloop
  endfacet
  facet normal 0.597586 0.490634 -0.634168
    outer loop
      vertex 25.8564 39.5265 14.4446
      vertex 25.7174 39.6958 14.4446
      vertex 26.6457 40.1321 15.6569
    endloop
  endfacet
  facet normal 0.150678 -0.75833 -0.634218
    outer loop
      vertex 23.9073 -41.7734 15.6569
      vertex 23.7453 -40.7917 14.4446
      vertex 23.9602 -40.749 14.4446
    endloop
  endfacet
  facet normal -0.125912 -0.76266 -0.634425
    outer loop
      vertex 20.0806 -40.3756 14.4446
      vertex 22.3589 -41.7602 15.6569
      vertex 19.9185 -41.3573 15.6569
    endloop
  endfacet
  facet normal -0.125912 -0.76266 -0.634425
    outer loop
      vertex 22.3589 -41.7602 15.6569
      vertex 20.0806 -40.3756 14.4446
      vertex 22.521 -40.7785 14.4446
    endloop
  endfacet
  facet normal 0.0756429 0.76949 -0.634164
    outer loop
      vertex 23.7669 41.7942 15.6569
      vertex 23.419 40.8293 14.4446
      vertex 23.4841 41.822 15.6569
    endloop
  endfacet
  facet normal -0.490494 0.597679 -0.634189
    outer loop
      vertex -29.3089 12.0325 14.4446
      vertex -29.9649 12.7805 15.6569
      vertex -29.7452 12.9608 15.6569
    endloop
  endfacet
  facet normal -0.364406 -0.681739 -0.634382
    outer loop
      vertex 7.52252 -35.6873 14.4446
      vertex 9.23491 -37.7307 15.6569
      vertex 7.05353 -36.5647 15.6569
    endloop
  endfacet
  facet normal -0.364406 -0.681739 -0.634382
    outer loop
      vertex 9.23491 -37.7307 15.6569
      vertex 7.52252 -35.6873 14.4446
      vertex 9.7039 -36.8533 14.4446
    endloop
  endfacet
  facet normal -0.450516 0.628323 -0.634229
    outer loop
      vertex -29.1395 12.1714 14.4446
      vertex -29.7452 12.9608 15.6569
      vertex -28.9614 12.2991 14.4446
    endloop
  endfacet
  facet normal 0.753019 0.175375 -0.634197
    outer loop
      vertex 26.4839 38.1414 14.4446
      vertex 26.4342 38.3548 14.4446
      vertex 27.4597 38.3355 15.6569
    endloop
  endfacet
  facet normal 0.470629 -0.61345 -0.634182
    outer loop
      vertex 25.7296 -41.0186 15.6569
      vertex 25.324 -40.0765 14.4446
      vertex 25.9551 -40.8456 15.6569
    endloop
  endfacet
  facet normal 0.732174 -0.24841 -0.634203
    outer loop
      vertex 27.3561 -38.7491 15.6569
      vertex 26.3336 -38.6678 14.4446
      vertex 26.404 -38.4603 14.4446
    endloop
  endfacet
  facet normal 0.407955 0.656751 -0.634232
    outer loop
      vertex 25.0602 40.2722 14.4446
      vertex 24.8741 40.3878 14.4446
      vertex 25.3716 41.2495 15.6569
    endloop
  endfacet
  facet normal -0.412728 0.653623 -0.634375
    outer loop
      vertex 5.12637 34.2053 14.4446
      vertex 4.58919 35.0427 15.6569
      vertex 5.16612 34.2304 14.4446
    endloop
  endfacet
  facet normal 0.528423 0.564428 -0.634184
    outer loop
      vertex 25.5676 39.8558 14.4446
      vertex 25.4077 40.0055 14.4446
      vertex 26.2711 40.5593 15.6569
    endloop
  endfacet
  facet normal -0.490218 -0.597862 -0.63423
    outer loop
      vertex -29.1395 -12.1714 14.4446
      vertex -29.7452 -12.9608 15.6569
      vertex -29.3089 -12.0325 14.4446
    endloop
  endfacet
  facet normal 0.319186 0.704224 -0.634184
    outer loop
      vertex 25.1209 41.3834 15.6569
      vertex 24.6809 40.4911 14.4446
      vertex 24.8621 41.5007 15.6569
    endloop
  endfacet
  facet normal -0.564383 -0.528463 -0.634191
    outer loop
      vertex -31.3518 -11.5518 15.6569
      vertex -31.546 -11.3444 15.6569
      vertex -30.798 -10.6884 14.4446
    endloop
  endfacet
  facet normal 0.753008 0.175466 -0.634185
    outer loop
      vertex 27.4597 38.3355 15.6569
      vertex 26.4342 38.3548 14.4446
      vertex 27.3952 38.6123 15.6569
    endloop
  endfacet
  facet normal -0.681892 0.364459 -0.634187
    outer loop
      vertex -33.0864 7.6709 14.4446
      vertex -34.082 7.91766 15.6569
      vertex -33.948 8.16837 15.6569
    endloop
  endfacet
  facet normal -0.0504708 -0.771533 -0.634184
    outer loop
      vertex 23.0903 -40.8346 14.4446
      vertex 22.7741 -41.8104 15.6569
      vertex 22.8717 -40.8203 14.4446
    endloop
  endfacet
  facet normal -0.0253061 0.772788 -0.63416
    outer loop
      vertex 22.981 40.8293 14.4446
      vertex 22.916 41.822 15.6569
      vertex 23.2 41.8313 15.6569
    endloop
  endfacet
  facet normal 0.29572 -0.714407 -0.63417
    outer loop
      vertex 24.7297 -41.553 15.6569
      vertex 24.3793 -40.6219 14.4446
      vertex 24.9923 -41.4443 15.6569
    endloop
  endfacet
  facet normal 0.704271 0.319085 -0.634182
    outer loop
      vertex 27.2126 39.1502 15.6569
      vertex 26.203 38.9691 14.4446
      vertex 27.0953 39.4091 15.6569
    endloop
  endfacet
  facet normal 0.0758852 0.769441 -0.634194
    outer loop
      vertex 23.637 40.8078 14.4446
      vertex 23.419 40.8293 14.4446
      vertex 23.7669 41.7942 15.6569
    endloop
  endfacet
  facet normal -0.762847 0.125958 -0.634192
    outer loop
      vertex -35.0105 2.00255 14.4446
      vertex -35.9969 2.13242 15.6569
      vertex -35.9506 2.41283 15.6569
    endloop
  endfacet
  facet normal -0.0250533 0.772771 -0.634191
    outer loop
      vertex 23.2 40.8364 14.4446
      vertex 22.981 40.8293 14.4446
      vertex 23.2 41.8313 15.6569
    endloop
  endfacet
  facet normal -0.295637 -0.714396 -0.634221
    outer loop
      vertex 12.3557 -38.0547 14.4446
      vertex 12.0052 -38.9859 15.6569
      vertex 12.1532 -37.9709 14.4446
    endloop
  endfacet
  facet normal -0.0505998 -0.771512 -0.6342
    outer loop
      vertex 23.0577 -41.829 15.6569
      vertex 22.7741 -41.8104 15.6569
      vertex 23.0903 -40.8346 14.4446
    endloop
  endfacet
  facet normal -0.319028 -0.704116 -0.634383
    outer loop
      vertex 9.90045 -36.9502 14.4446
      vertex 11.7426 -38.8771 15.6569
      vertex 9.48985 -37.8564 15.6569
    endloop
  endfacet
  facet normal -0.319028 -0.704116 -0.634383
    outer loop
      vertex 11.7426 -38.8771 15.6569
      vertex 9.90045 -36.9502 14.4446
      vertex 12.1532 -37.9709 14.4446
    endloop
  endfacet
  facet normal -0.100721 0.766565 -0.634219
    outer loop
      vertex 22.521 40.7785 14.4446
      vertex 22.3589 41.7602 15.6569
      vertex 22.6405 41.7972 15.6569
    endloop
  endfacet
  facet normal 0.450541 0.628358 -0.634175
    outer loop
      vertex 25.2383 40.1445 14.4446
      vertex 25.0602 40.2722 14.4446
      vertex 25.8439 40.9338 15.6569
    endloop
  endfacet
  facet normal -0.656635 -0.408214 -0.634186
    outer loop
      vertex -32.9707 -7.85696 14.4446
      vertex -33.948 -8.1683 15.6569
      vertex -33.0864 -7.67085 14.4446
    endloop
  endfacet
  facet normal -0.450299 -0.628514 -0.634193
    outer loop
      vertex -29.5142 -13.1263 15.6569
      vertex -29.7452 -12.9608 15.6569
      vertex -28.9614 -12.2991 14.4446
    endloop
  endfacet
  facet normal -0.564378 0.528476 -0.634185
    outer loop
      vertex -30.6482 10.8484 14.4446
      vertex -31.546 11.3444 15.6569
      vertex -31.3517 11.5519 15.6569
    endloop
  endfacet
  facet normal -0.423939 -0.646414 -0.63437
    outer loop
      vertex -27.4642 -13.2988 14.4446
      vertex -28.0014 -14.1362 15.6569
      vertex -27.5165 -13.2645 14.4446
    endloop
  endfacet
  facet normal -0.386579 -0.66959 -0.634197
    outer loop
      vertex 7.05353 -36.5647 15.6569
      vertex 6.8074 -36.4226 15.6569
      vertex 7.33278 -35.5777 14.4446
    endloop
  endfacet
  facet normal 0.772927 -0.0119779 -0.634382
    outer loop
      vertex 27.5432 -37.4882 15.6569
      vertex 26.5465 -37.5979 14.4446
      vertex 26.5482 -37.4882 14.4446
    endloop
  endfacet
  facet normal -0.739916 0.224448 -0.634151
    outer loop
      vertex -34.5555 4.18039 14.4446
      vertex -35.58 4.22823 15.6569
      vertex -35.4975 4.5002 15.6569
    endloop
  endfacet
  facet normal 0.509725 -0.581383 -0.634172
    outer loop
      vertex 26.1688 -40.6582 15.6569
      vertex 25.324 -40.0765 14.4446
      vertex 25.4887 -39.9321 14.4446
    endloop
  endfacet
  facet normal -0.772756 -0.0253054 -0.634198
    outer loop
      vertex -36.1274 -0.284027 15.6569
      vertex -36.1367 -3.05176e-05 15.6569
      vertex -35.1346 -0.218964 14.4446
    endloop
  endfacet
  facet normal 0.723566 0.272484 -0.634196
    outer loop
      vertex 26.3706 38.5645 14.4446
      vertex 26.2934 38.7695 14.4446
      vertex 27.2126 39.1502 15.6569
    endloop
  endfacet
  facet normal -0.413109 -0.653371 -0.634388
    outer loop
      vertex 4.64075 -35.0753 15.6569
      vertex 4.58919 -35.0427 15.6569
      vertex 5.16612 -34.2304 14.4446
    endloop
  endfacet
  facet normal -0.723594 -0.272402 -0.634199
    outer loop
      vertex -33.974 -5.87102 14.4446
      vertex -34.8932 -6.25175 15.6569
      vertex -34.0512 -5.66595 14.4446
    endloop
  endfacet
  facet normal 0.723647 0.27232 -0.634174
    outer loop
      vertex 27.3127 38.8842 15.6569
      vertex 26.3706 38.5645 14.4446
      vertex 27.2126 39.1502 15.6569
    endloop
  endfacet
  facet normal 0.771543 -0.0506019 -0.634162
    outer loop
      vertex 27.5222 -37.9141 15.6569
      vertex 26.5465 -37.5979 14.4446
      vertex 27.5408 -37.6305 15.6569
    endloop
  endfacet
  facet normal -0.73998 0.224119 -0.634192
    outer loop
      vertex -34.619 3.97073 14.4446
      vertex -35.58 4.22823 15.6569
      vertex -34.5555 4.18039 14.4446
    endloop
  endfacet
  facet normal 0.739908 0.224407 -0.634175
    outer loop
      vertex 26.4342 38.3548 14.4446
      vertex 26.3706 38.5645 14.4446
      vertex 27.3127 38.8842 15.6569
    endloop
  endfacet
  facet normal 0.564417 0.528435 -0.634184
    outer loop
      vertex 25.7174 39.6958 14.4446
      vertex 25.5676 39.8558 14.4446
      vertex 26.2711 40.5593 15.6569
    endloop
  endfacet
  facet normal -0.295949 0.714303 -0.634181
    outer loop
      vertex 12.1532 37.9709 14.4446
      vertex 11.7426 38.8771 15.6569
      vertex 12.0052 38.9859 15.6569
    endloop
  endfacet
  facet normal 0.669582 -0.386621 -0.63418
    outer loop
      vertex 26.8881 -39.7818 15.6569
      vertex 26.1528 -39.0667 14.4446
      vertex 27.0302 -39.5357 15.6569
    endloop
  endfacet
  facet normal -0.758159 0.150779 -0.634397
    outer loop
      vertex -34.6688 3.75737 14.4446
      vertex -35.9506 2.41283 15.6569
      vertex -35.6446 3.95148 15.6569
    endloop
  endfacet
  facet normal -0.75818 0.150833 -0.63436
    outer loop
      vertex -35.9506 2.41283 15.6569
      vertex -34.6688 3.75737 14.4446
      vertex -34.9749 2.21872 14.4446
    endloop
  endfacet
  facet normal 0.714249 -0.296074 -0.634183
    outer loop
      vertex 27.1559 -39.2808 15.6569
      vertex 26.2497 -38.8702 14.4446
      vertex 26.3336 -38.6678 14.4446
    endloop
  endfacet
  facet normal -0.704294 0.319027 -0.634186
    outer loop
      vertex -33.974 5.87105 14.4446
      vertex -34.7759 6.51065 15.6569
      vertex -33.8836 6.07062 14.4446
    endloop
  endfacet
  facet normal -0.386579 0.66959 -0.634197
    outer loop
      vertex 7.33278 35.5777 14.4446
      vertex 6.8074 36.4226 15.6569
      vertex 7.05353 36.5647 15.6569
    endloop
  endfacet
  facet normal 0.772757 0.0253051 -0.634198
    outer loop
      vertex 27.5432 37.4882 15.6569
      vertex 26.5411 37.7072 14.4446
      vertex 27.5339 37.7722 15.6569
    endloop
  endfacet
  facet normal 0.200117 -0.746821 -0.634201
    outer loop
      vertex 24.4606 -41.6444 15.6569
      vertex 23.9602 -40.749 14.4446
      vertex 24.1718 -40.6923 14.4446
    endloop
  endfacet
  facet normal 0.758341 -0.15075 -0.634188
    outer loop
      vertex 27.4297 -38.4746 15.6569
      vertex 26.4608 -38.2486 14.4446
      vertex 26.5035 -38.0338 14.4446
    endloop
  endfacet
  facet normal 0.769441 0.0758852 -0.634194
    outer loop
      vertex 26.5411 37.7072 14.4446
      vertex 26.5196 37.9252 14.4446
      vertex 27.506 38.0551 15.6569
    endloop
  endfacet
  facet normal 0.669643 -0.386536 -0.634167
    outer loop
      vertex 26.8881 -39.7818 15.6569
      vertex 26.0433 -39.2564 14.4446
      vertex 26.1528 -39.0667 14.4446
    endloop
  endfacet
  facet normal 0.762844 0.125965 -0.634193
    outer loop
      vertex 26.5196 37.9252 14.4446
      vertex 26.4839 38.1414 14.4446
      vertex 27.506 38.0551 15.6569
    endloop
  endfacet
  facet normal 0.762845 0.125962 -0.634194
    outer loop
      vertex 27.506 38.0551 15.6569
      vertex 26.4839 38.1414 14.4446
      vertex 27.4597 38.3355 15.6569
    endloop
  endfacet
  facet normal -0.200121 -0.746837 -0.634181
    outer loop
      vertex 17.4567 -39.7712 14.4446
      vertex 17.2308 -40.7401 15.6569
      vertex 17.2451 -39.7145 14.4446
    endloop
  endfacet
  facet normal -0.224364 -0.739724 -0.634404
    outer loop
      vertex 14.8782 -38.9965 14.4446
      vertex 16.9563 -40.6665 15.6569
      vertex 14.5894 -39.9486 15.6569
    endloop
  endfacet
  facet normal -0.224402 -0.739744 -0.634368
    outer loop
      vertex 16.9563 -40.6665 15.6569
      vertex 14.8782 -38.9965 14.4446
      vertex 17.2451 -39.7145 14.4446
    endloop
  endfacet
  facet normal 0.490459 0.597725 -0.634172
    outer loop
      vertex 25.4077 40.0055 14.4446
      vertex 25.2383 40.1445 14.4446
      vertex 25.8439 40.9338 15.6569
    endloop
  endfacet
  facet normal -0.20024 -0.746818 -0.634166
    outer loop
      vertex 17.2308 -40.7401 15.6569
      vertex 16.9563 -40.6665 15.6569
      vertex 17.2451 -39.7145 14.4446
    endloop
  endfacet
  facet normal -0.417385 0.65065 -0.634385
    outer loop
      vertex -27.4642 13.2988 14.4446
      vertex 4.58919 35.0427 15.6569
      vertex 5.12637 34.2053 14.4446
    endloop
  endfacet
  facet normal -0.417383 0.650647 -0.634389
    outer loop
      vertex 4.58919 35.0427 15.6569
      vertex -27.4642 13.2988 14.4446
      vertex -28.0014 14.1362 15.6569
    endloop
  endfacet
  facet normal -0.769439 0.0758859 -0.634196
    outer loop
      vertex -35.032 1.78447 14.4446
      vertex -36.0248 1.84953 15.6569
      vertex -35.9969 2.13242 15.6569
    endloop
  endfacet
  facet normal -0.739909 -0.22447 -0.634152
    outer loop
      vertex -35.4975 -4.5002 15.6569
      vertex -35.58 -4.22826 15.6569
      vertex -34.5555 -4.18039 14.4446
    endloop
  endfacet
  facet normal -0.628395 -0.450486 -0.634178
    outer loop
      vertex -32.7607 -9.94516 15.6569
      vertex -32.9263 -9.71416 15.6569
      vertex -32.0991 -9.16141 14.4446
    endloop
  endfacet
  facet normal -0.762879 -0.125941 -0.634156
    outer loop
      vertex -35.9506 -2.41283 15.6569
      vertex -35.9969 -2.13237 15.6569
      vertex -34.9749 -2.21872 14.4446
    endloop
  endfacet
  facet normal -0.581176 -0.509687 -0.634393
    outer loop
      vertex -31.546 -11.3444 15.6569
      vertex -31.8325 -9.5088 14.4446
      vertex -30.798 -10.6884 14.4446
    endloop
  endfacet
  facet normal -0.581176 -0.509687 -0.634393
    outer loop
      vertex -31.8325 -9.5088 14.4446
      vertex -31.546 -11.3444 15.6569
      vertex -32.5805 -10.1648 15.6569
    endloop
  endfacet
  facet normal -0.732001 0.248442 -0.634391
    outer loop
      vertex -34.0512 5.66595 14.4446
      vertex -35.4975 4.5002 15.6569
      vertex -34.9933 5.98576 15.6569
    endloop
  endfacet
  facet normal -0.732014 0.248495 -0.634355
    outer loop
      vertex -35.4975 4.5002 15.6569
      vertex -34.0512 5.66595 14.4446
      vertex -34.5555 4.18039 14.4446
    endloop
  endfacet
  facet normal -0.597676 0.490506 -0.634183
    outer loop
      vertex -31.9715 9.33943 14.4446
      vertex -32.7608 9.94508 15.6569
      vertex -31.8325 9.5088 14.4446
    endloop
  endfacet
  facet normal 0.450491 0.628402 -0.634167
    outer loop
      vertex 25.8439 40.9338 15.6569
      vertex 25.0602 40.2722 14.4446
      vertex 25.6129 41.0994 15.6569
    endloop
  endfacet
  facet normal -0.581176 0.509687 -0.634393
    outer loop
      vertex -31.8325 9.5088 14.4446
      vertex -31.546 11.3444 15.6569
      vertex -30.798 10.6884 14.4446
    endloop
  endfacet
  facet normal -0.581176 0.509687 -0.634393
    outer loop
      vertex -31.546 11.3444 15.6569
      vertex -31.8325 9.5088 14.4446
      vertex -32.5805 10.1648 15.6569
    endloop
  endfacet
  facet normal -0.564412 0.528431 -0.634192
    outer loop
      vertex -30.798 10.6884 14.4446
      vertex -31.546 11.3444 15.6569
      vertex -30.6482 10.8484 14.4446
    endloop
  endfacet
  facet normal 0.771506 -0.050822 -0.634189
    outer loop
      vertex 27.5222 -37.9141 15.6569
      vertex 26.5321 -37.8165 14.4446
      vertex 26.5465 -37.5979 14.4446
    endloop
  endfacet
  facet normal -0.412728 -0.653623 -0.634375
    outer loop
      vertex 5.16612 -34.2304 14.4446
      vertex 4.58919 -35.0427 15.6569
      vertex 5.12637 -34.2053 14.4446
    endloop
  endfacet
  facet normal -0.423939 0.646414 -0.63437
    outer loop
      vertex -27.5165 13.2645 14.4446
      vertex -28.0014 14.1362 15.6569
      vertex -27.4642 13.2988 14.4446
    endloop
  endfacet
  facet normal 0.341953 -0.693427 -0.634214
    outer loop
      vertex 24.9923 -41.4443 15.6569
      vertex 24.7782 -40.4411 14.4446
      vertex 25.2472 -41.3186 15.6569
    endloop
  endfacet
  facet normal 0.732116 -0.248664 -0.634171
    outer loop
      vertex 27.2647 -39.0182 15.6569
      vertex 26.3336 -38.6678 14.4446
      vertex 27.3561 -38.7491 15.6569
    endloop
  endfacet
  facet normal 0.746789 -0.200232 -0.634203
    outer loop
      vertex 27.3561 -38.7491 15.6569
      vertex 26.404 -38.4603 14.4446
      vertex 27.4297 -38.4746 15.6569
    endloop
  endfacet
  facet normal 0.05047 -0.77152 -0.6342
    outer loop
      vertex 23.3419 -41.829 15.6569
      vertex 23.3094 -40.8346 14.4446
      vertex 23.528 -40.8203 14.4446
    endloop
  endfacet
  facet normal 0.628528 0.45031 -0.634171
    outer loop
      vertex 25.984 39.3484 14.4446
      vertex 25.8564 39.5265 14.4446
      vertex 26.6457 40.1321 15.6569
    endloop
  endfacet
  facet normal -0.762932 0.125644 -0.634151
    outer loop
      vertex -35.0105 2.00255 14.4446
      vertex -35.9506 2.41283 15.6569
      vertex -34.9749 2.21872 14.4446
    endloop
  endfacet
  facet normal 0.100654 -0.7666 -0.634187
    outer loop
      vertex 23.6255 -41.8104 15.6569
      vertex 23.528 -40.8203 14.4446
      vertex 23.9073 -41.7734 15.6569
    endloop
  endfacet
  facet normal -0.150683 -0.758355 -0.634187
    outer loop
      vertex 20.0806 -40.3756 14.4446
      vertex 19.6397 -41.3018 15.6569
      vertex 19.8657 -40.3329 14.4446
    endloop
  endfacet
  facet normal -0.150948 -0.758274 -0.634221
    outer loop
      vertex 19.9185 -41.3573 15.6569
      vertex 19.6397 -41.3018 15.6569
      vertex 20.0806 -40.3756 14.4446
    endloop
  endfacet
  facet normal -0.175541 -0.752822 -0.634385
    outer loop
      vertex 17.4567 -39.7712 14.4446
      vertex 19.6397 -41.3018 15.6569
      vertex 17.2308 -40.7401 15.6569
    endloop
  endfacet
  facet normal -0.175532 -0.752817 -0.634393
    outer loop
      vertex 19.6397 -41.3018 15.6569
      vertex 17.4567 -39.7712 14.4446
      vertex 19.8657 -40.3329 14.4446
    endloop
  endfacet
  facet normal -0.423728 -0.646543 -0.634379
    outer loop
      vertex -28.0014 -14.1362 15.6569
      vertex -28.0693 -14.0917 15.6569
      vertex -27.5165 -13.2645 14.4446
    endloop
  endfacet
  facet normal -0.408198 -0.65644 -0.634398
    outer loop
      vertex 5.16612 -34.2304 14.4446
      vertex 6.8074 -36.4226 15.6569
      vertex 4.64075 -35.0753 15.6569
    endloop
  endfacet
  facet normal -0.408195 -0.656439 -0.6344
    outer loop
      vertex 6.8074 -36.4226 15.6569
      vertex 5.16612 -34.2304 14.4446
      vertex 7.33278 -35.5777 14.4446
    endloop
  endfacet
  facet normal -0.528595 -0.564234 -0.634214
    outer loop
      vertex -30.4883 -10.9981 14.4446
      vertex -31.3518 -11.5518 15.6569
      vertex -30.6482 -10.8483 14.4446
    endloop
  endfacet
  facet normal -0.564233 -0.528594 -0.634216
    outer loop
      vertex -30.6482 -10.8483 14.4446
      vertex -31.3518 -11.5518 15.6569
      vertex -30.798 -10.6884 14.4446
    endloop
  endfacet
  facet normal -0.642743 -0.429464 -0.634383
    outer loop
      vertex -32.0991 -9.16141 14.4446
      vertex -33.7979 -8.40971 15.6569
      vertex -32.9707 -7.85696 14.4446
    endloop
  endfacet
  facet normal -0.642743 -0.429464 -0.634383
    outer loop
      vertex -33.7979 -8.40971 15.6569
      vertex -32.0991 -9.16141 14.4446
      vertex -32.9263 -9.71416 15.6569
    endloop
  endfacet
  facet normal 0.17573 0.752974 -0.634152
    outer loop
      vertex 24.0666 40.7224 14.4446
      vertex 24.0473 41.7479 15.6569
      vertex 24.3241 41.6833 15.6569
    endloop
  endfacet
  facet normal 0.766568 -0.100892 -0.634188
    outer loop
      vertex 27.5222 -37.9141 15.6569
      vertex 26.5035 -38.0338 14.4446
      vertex 26.5321 -37.8165 14.4446
    endloop
  endfacet
  facet normal 0.125965 0.762844 -0.634193
    outer loop
      vertex 23.8532 40.7721 14.4446
      vertex 23.637 40.8078 14.4446
      vertex 23.7669 41.7942 15.6569
    endloop
  endfacet
  facet normal -0.224402 0.739744 -0.634368
    outer loop
      vertex 14.8782 38.9965 14.4446
      vertex 16.9563 40.6665 15.6569
      vertex 17.2451 39.7145 14.4446
    endloop
  endfacet
  facet normal -0.224364 0.739724 -0.634404
    outer loop
      vertex 16.9563 40.6665 15.6569
      vertex 14.8782 38.9965 14.4446
      vertex 14.5894 39.9486 15.6569
    endloop
  endfacet
  facet normal 0.704305 0.318984 -0.634195
    outer loop
      vertex 26.2934 38.7695 14.4446
      vertex 26.203 38.9691 14.4446
      vertex 27.2126 39.1502 15.6569
    endloop
  endfacet
  facet normal 0.224425 0.739923 -0.634151
    outer loop
      vertex 24.5961 41.6008 15.6569
      vertex 24.0666 40.7224 14.4446
      vertex 24.3241 41.6833 15.6569
    endloop
  endfacet
  facet normal -0.10103 -0.766556 -0.634181
    outer loop
      vertex 22.6405 -41.7972 15.6569
      vertex 22.521 -40.7785 14.4446
      vertex 22.738 -40.8071 14.4446
    endloop
  endfacet
  facet normal -0.642743 0.429464 -0.634383
    outer loop
      vertex -32.0991 9.16141 14.4446
      vertex -33.7979 8.40971 15.6569
      vertex -32.9263 9.71416 15.6569
    endloop
  endfacet
  facet normal -0.642743 0.429464 -0.634383
    outer loop
      vertex -33.7979 8.40971 15.6569
      vertex -32.0991 9.16141 14.4446
      vertex -32.9707 7.85696 14.4446
    endloop
  endfacet
  facet normal -0.628449 0.450408 -0.63418
    outer loop
      vertex -32.0991 9.16141 14.4446
      vertex -32.9263 9.71416 15.6569
      vertex -32.7608 9.94508 15.6569
    endloop
  endfacet
  facet normal -0.704302 -0.318982 -0.6342
    outer loop
      vertex -33.8836 -6.07062 14.4446
      vertex -34.8932 -6.25175 15.6569
      vertex -33.974 -5.87102 14.4446
    endloop
  endfacet
  facet normal -0.628424 0.450437 -0.634185
    outer loop
      vertex -32.0991 9.16141 14.4446
      vertex -32.7608 9.94508 15.6569
      vertex -31.9715 9.33943 14.4446
    endloop
  endfacet
  facet normal 0.0252972 0.772787 -0.634161
    outer loop
      vertex 23.419 40.8293 14.4446
      vertex 23.2 41.8313 15.6569
      vertex 23.4841 41.822 15.6569
    endloop
  endfacet
  facet normal -0.769438 -0.0758992 -0.634196
    outer loop
      vertex -35.9969 -2.13237 15.6569
      vertex -36.0248 -1.84953 15.6569
      vertex -35.032 -1.78447 14.4446
    endloop
  endfacet
  facet normal 0.175375 0.753019 -0.634197
    outer loop
      vertex 24.0666 40.7224 14.4446
      vertex 23.8532 40.7721 14.4446
      vertex 24.0473 41.7479 15.6569
    endloop
  endfacet
  facet normal 0.125962 0.762845 -0.634194
    outer loop
      vertex 23.8532 40.7721 14.4446
      vertex 23.7669 41.7942 15.6569
      vertex 24.0473 41.7479 15.6569
    endloop
  endfacet
  facet normal -0.656555 0.408341 -0.634187
    outer loop
      vertex -33.0864 7.6709 14.4446
      vertex -33.948 8.16837 15.6569
      vertex -33.7979 8.40971 15.6569
    endloop
  endfacet
  facet normal -0.65659 0.408295 -0.63418
    outer loop
      vertex -33.0864 7.6709 14.4446
      vertex -33.7979 8.40971 15.6569
      vertex -32.9707 7.85696 14.4446
    endloop
  endfacet
  facet normal -0.248523 -0.732155 -0.634181
    outer loop
      vertex 14.8782 -38.9965 14.4446
      vertex 14.3203 -39.8572 15.6569
      vertex 14.6708 -38.9261 14.4446
    endloop
  endfacet
  facet normal 0.364259 0.682 -0.634185
    outer loop
      vertex 25.3716 41.2495 15.6569
      vertex 24.6809 40.4911 14.4446
      vertex 25.1209 41.3834 15.6569
    endloop
  endfacet
  facet normal -0.175532 0.752817 -0.634393
    outer loop
      vertex 17.4567 39.7712 14.4446
      vertex 19.6397 41.3018 15.6569
      vertex 19.8657 40.3329 14.4446
    endloop
  endfacet
  facet normal -0.175541 0.752822 -0.634385
    outer loop
      vertex 19.6397 41.3018 15.6569
      vertex 17.4567 39.7712 14.4446
      vertex 17.2308 40.7401 15.6569
    endloop
  endfacet
  facet normal -0.125912 0.76266 -0.634425
    outer loop
      vertex 20.0806 40.3756 14.4446
      vertex 22.3589 41.7602 15.6569
      vertex 22.521 40.7785 14.4446
    endloop
  endfacet
  facet normal -0.125912 0.76266 -0.634425
    outer loop
      vertex 22.3589 41.7602 15.6569
      vertex 20.0806 40.3756 14.4446
      vertex 19.9185 41.3573 15.6569
    endloop
  endfacet
  facet normal 0.746768 -0.200361 -0.634187
    outer loop
      vertex 27.4297 -38.4746 15.6569
      vertex 26.404 -38.4603 14.4446
      vertex 26.4608 -38.2486 14.4446
    endloop
  endfacet
  facet normal -0.732014 -0.248495 -0.634355
    outer loop
      vertex -34.0512 -5.66595 14.4446
      vertex -35.4975 -4.5002 15.6569
      vertex -34.5555 -4.18039 14.4446
    endloop
  endfacet
  facet normal -0.732001 -0.248442 -0.634391
    outer loop
      vertex -35.4975 -4.5002 15.6569
      vertex -34.0512 -5.66595 14.4446
      vertex -34.9933 -5.98576 15.6569
    endloop
  endfacet
  facet normal 0.408396 0.656535 -0.634172
    outer loop
      vertex 25.6129 41.0994 15.6569
      vertex 25.0602 40.2722 14.4446
      vertex 25.3716 41.2495 15.6569
    endloop
  endfacet
  facet normal -0.704268 -0.319083 -0.634187
    outer loop
      vertex -34.7759 -6.51065 15.6569
      vertex -34.8932 -6.25175 15.6569
      vertex -33.8836 -6.07062 14.4446
    endloop
  endfacet
  facet normal -0.772764 0.0254083 -0.634185
    outer loop
      vertex -35.1418 -1.52588e-05 14.4446
      vertex -36.1367 -3.05176e-05 15.6569
      vertex -35.1346 0.218964 14.4446
    endloop
  endfacet
  facet normal 0.429455 -0.642947 -0.634182
    outer loop
      vertex 25.4933 -41.1765 15.6569
      vertex 24.968 -40.3316 14.4446
      vertex 25.1502 -40.2099 14.4446
    endloop
  endfacet
  facet normal -0.723633 -0.272325 -0.634188
    outer loop
      vertex -34.8932 -6.25175 15.6569
      vertex -34.9933 -5.98576 15.6569
      vertex -34.0512 -5.66595 14.4446
    endloop
  endfacet
  facet normal -0.681853 -0.364535 -0.634185
    outer loop
      vertex -33.0864 -7.67085 14.4446
      vertex -33.948 -8.1683 15.6569
      vertex -33.1897 -7.47763 14.4446
    endloop
  endfacet
  facet normal -0.413109 0.653371 -0.634388
    outer loop
      vertex 5.16612 34.2304 14.4446
      vertex 4.58919 35.0427 15.6569
      vertex 4.64075 35.0753 15.6569
    endloop
  endfacet
  facet normal 0.100889 -0.766545 -0.634217
    outer loop
      vertex 23.9073 -41.7734 15.6569
      vertex 23.528 -40.8203 14.4446
      vertex 23.7453 -40.7917 14.4446
    endloop
  endfacet
  facet normal 0.386363 -0.669695 -0.634218
    outer loop
      vertex 25.2472 -41.3186 15.6569
      vertex 24.7782 -40.4411 14.4446
      vertex 24.968 -40.3316 14.4446
    endloop
  endfacet
  facet normal 0.34195 -0.693428 -0.634215
    outer loop
      vertex 24.9923 -41.4443 15.6569
      vertex 24.5817 -40.538 14.4446
      vertex 24.7782 -40.4411 14.4446
    endloop
  endfacet
  facet normal -0.341894 0.69349 -0.634177
    outer loop
      vertex 9.7039 36.8533 14.4446
      vertex 9.23491 37.7307 15.6569
      vertex 9.90045 36.9502 14.4446
    endloop
  endfacet
  facet normal -0.75818 -0.150833 -0.63436
    outer loop
      vertex -34.6688 -3.75737 14.4446
      vertex -35.9506 -2.41283 15.6569
      vertex -34.9749 -2.21872 14.4446
    endloop
  endfacet
  facet normal -0.758159 -0.150779 -0.634397
    outer loop
      vertex -35.9506 -2.41283 15.6569
      vertex -34.6688 -3.75737 14.4446
      vertex -35.6446 -3.95148 15.6569
    endloop
  endfacet
  facet normal 0.24842 -0.732203 -0.634166
    outer loop
      vertex 24.7297 -41.553 15.6569
      vertex 24.1718 -40.6923 14.4446
      vertex 24.3793 -40.6219 14.4446
    endloop
  endfacet
  facet normal 0.296063 -0.714222 -0.634219
    outer loop
      vertex 24.9923 -41.4443 15.6569
      vertex 24.3793 -40.6219 14.4446
      vertex 24.5817 -40.538 14.4446
    endloop
  endfacet
  facet normal 0.0506007 -0.771525 -0.634183
    outer loop
      vertex 23.6255 -41.8104 15.6569
      vertex 23.3419 -41.829 15.6569
      vertex 23.528 -40.8203 14.4446
    endloop
  endfacet
  facet normal -0.769444 -0.0758681 -0.634192
    outer loop
      vertex -35.0105 -2.00252 14.4446
      vertex -35.9969 -2.13237 15.6569
      vertex -35.032 -1.78447 14.4446
    endloop
  endfacet
  facet normal 0.429584 -0.642879 -0.634164
    outer loop
      vertex 25.4933 -41.1765 15.6569
      vertex 25.1502 -40.2099 14.4446
      vertex 25.7296 -41.0186 15.6569
    endloop
  endfacet
  facet normal -0.752943 -0.175727 -0.634191
    outer loop
      vertex -34.619 -3.97075 14.4446
      vertex -35.58 -4.22826 15.6569
      vertex -34.6688 -3.75737 14.4446
    endloop
  endfacet
  facet normal 0.364548 0.681806 -0.634228
    outer loop
      vertex 24.8741 40.3878 14.4446
      vertex 24.6809 40.4911 14.4446
      vertex 25.3716 41.2495 15.6569
    endloop
  endfacet
  facet normal -0.75294 -0.175735 -0.634192
    outer loop
      vertex -35.58 -4.22826 15.6569
      vertex -35.6446 -3.95148 15.6569
      vertex -34.6688 -3.75737 14.4446
    endloop
  endfacet
  facet normal -0.248523 0.732155 -0.634181
    outer loop
      vertex 14.6708 38.9261 14.4446
      vertex 14.3203 39.8572 15.6569
      vertex 14.8782 38.9965 14.4446
    endloop
  endfacet
  facet normal 0.656619 0.408226 -0.634195
    outer loop
      vertex 26.0997 39.1623 14.4446
      vertex 25.984 39.3484 14.4446
      vertex 26.9613 39.6598 15.6569
    endloop
  endfacet
  facet normal -0.739974 -0.224138 -0.634193
    outer loop
      vertex -34.5555 -4.18039 14.4446
      vertex -35.58 -4.22826 15.6569
      vertex -34.619 -3.97075 14.4446
    endloop
  endfacet
  facet normal -0.772756 0.0252999 -0.634198
    outer loop
      vertex -35.1346 0.218964 14.4446
      vertex -36.1367 -3.05176e-05 15.6569
      vertex -36.1274 0.284027 15.6569
    endloop
  endfacet
  facet normal -0.341922 0.693472 -0.634181
    outer loop
      vertex 9.90045 36.9502 14.4446
      vertex 9.23491 37.7307 15.6569
      vertex 9.48985 37.8564 15.6569
    endloop
  endfacet
  facet normal -0.681851 -0.364539 -0.634186
    outer loop
      vertex -33.948 -8.1683 15.6569
      vertex -34.082 -7.91766 15.6569
      vertex -33.1897 -7.47763 14.4446
    endloop
  endfacet
  facet normal 0.656535 0.408396 -0.634172
    outer loop
      vertex 26.9613 39.6598 15.6569
      vertex 25.984 39.3484 14.4446
      vertex 26.8112 39.9011 15.6569
    endloop
  endfacet
  facet normal 0.628529 0.45031 -0.634171
    outer loop
      vertex 26.8112 39.9011 15.6569
      vertex 25.984 39.3484 14.4446
      vertex 26.6457 40.1321 15.6569
    endloop
  endfacet
  facet normal -0.0760058 -0.769271 -0.634386
    outer loop
      vertex 22.738 -40.8071 14.4446
      vertex 22.7741 -41.8104 15.6569
      vertex 22.6405 -41.7972 15.6569
    endloop
  endfacet
  facet normal -0.0759492 -0.769274 -0.634389
    outer loop
      vertex 22.7741 -41.8104 15.6569
      vertex 22.738 -40.8071 14.4446
      vertex 22.8717 -40.8203 14.4446
    endloop
  endfacet
  facet normal -0.769445 0.0758578 -0.634193
    outer loop
      vertex -35.032 1.78447 14.4446
      vertex -35.9969 2.13242 15.6569
      vertex -35.0105 2.00255 14.4446
    endloop
  endfacet
  facet normal -0.771349 -0.0505526 -0.634401
    outer loop
      vertex -35.032 -1.78447 14.4446
      vertex -36.1274 -0.284027 15.6569
      vertex -35.1346 -0.218964 14.4446
    endloop
  endfacet
  facet normal -0.771349 -0.0505527 -0.634401
    outer loop
      vertex -36.1274 -0.284027 15.6569
      vertex -35.032 -1.78447 14.4446
      vertex -36.0248 -1.84953 15.6569
    endloop
  endfacet
  facet normal 0.739872 0.224492 -0.634186
    outer loop
      vertex 27.3952 38.6123 15.6569
      vertex 26.4342 38.3548 14.4446
      vertex 27.3127 38.8842 15.6569
    endloop
  endfacet
  facet normal 0.272183 0.723703 -0.634169
    outer loop
      vertex 24.4813 40.5816 14.4446
      vertex 24.2763 40.6587 14.4446
      vertex 24.8621 41.5007 15.6569
    endloop
  endfacet
  facet normal 0.319285 0.704191 -0.634171
    outer loop
      vertex 24.6809 40.4911 14.4446
      vertex 24.4813 40.5816 14.4446
      vertex 24.8621 41.5007 15.6569
    endloop
  endfacet
  facet normal 0.613435 -0.470618 -0.634205
    outer loop
      vertex 26.5572 -40.2436 15.6569
      vertex 25.7881 -39.6124 14.4446
      vertex 26.7302 -40.0181 15.6569
    endloop
  endfacet
  facet normal 0.581308 -0.509767 -0.634207
    outer loop
      vertex 26.3698 -40.4573 15.6569
      vertex 25.7881 -39.6124 14.4446
      vertex 26.5572 -40.2436 15.6569
    endloop
  endfacet
  facet normal -0.752938 0.175742 -0.634191
    outer loop
      vertex -34.6688 3.75737 14.4446
      vertex -35.6446 3.95148 15.6569
      vertex -34.619 3.97073 14.4446
    endloop
  endfacet
  facet normal -0.319028 0.704116 -0.634383
    outer loop
      vertex 9.90045 36.9502 14.4446
      vertex 11.7426 38.8771 15.6569
      vertex 12.1532 37.9709 14.4446
    endloop
  endfacet
  facet normal -0.319028 0.704116 -0.634383
    outer loop
      vertex 11.7426 38.8771 15.6569
      vertex 9.90045 36.9502 14.4446
      vertex 9.48985 37.8564 15.6569
    endloop
  endfacet
  facet normal -0.20024 0.746818 -0.634166
    outer loop
      vertex 17.2451 39.7145 14.4446
      vertex 16.9563 40.6665 15.6569
      vertex 17.2308 40.7401 15.6569
    endloop
  endfacet
  facet normal -0.150948 0.758274 -0.634221
    outer loop
      vertex 20.0806 40.3756 14.4446
      vertex 19.6397 41.3018 15.6569
      vertex 19.9185 41.3573 15.6569
    endloop
  endfacet
  facet normal -0.150683 0.758355 -0.634187
    outer loop
      vertex 19.8657 40.3329 14.4446
      vertex 19.6397 41.3018 15.6569
      vertex 20.0806 40.3756 14.4446
    endloop
  endfacet
  facet normal -0.0629872 0.770507 -0.634312
    outer loop
      vertex 22.981 40.8293 14.4446
      vertex 22.7741 41.8104 15.6569
      vertex 22.916 41.822 15.6569
    endloop
  endfacet
  facet normal -0.723639 0.272307 -0.634189
    outer loop
      vertex -34.0512 5.66595 14.4446
      vertex -34.9933 5.98576 15.6569
      vertex -34.8932 6.25177 15.6569
    endloop
  endfacet
  facet normal 0.613341 -0.47077 -0.634183
    outer loop
      vertex 26.7302 -40.0181 15.6569
      vertex 25.7881 -39.6124 14.4446
      vertex 25.9215 -39.4386 14.4446
    endloop
  endfacet
  facet normal -0.386736 0.669519 -0.634176
    outer loop
      vertex 7.33278 35.5777 14.4446
      vertex 7.05353 36.5647 15.6569
      vertex 7.52252 35.6873 14.4446
    endloop
  endfacet
  facet normal -0.771349 0.0505527 -0.634401
    outer loop
      vertex -35.032 1.78447 14.4446
      vertex -36.1274 0.284027 15.6569
      vertex -36.0248 1.84953 15.6569
    endloop
  endfacet
  facet normal -0.771349 0.0505526 -0.634401
    outer loop
      vertex -36.1274 0.284027 15.6569
      vertex -35.032 1.78447 14.4446
      vertex -35.1346 0.218964 14.4446
    endloop
  endfacet
  facet normal -0.752937 0.175753 -0.63419
    outer loop
      vertex -34.619 3.97073 14.4446
      vertex -35.6446 3.95148 15.6569
      vertex -35.58 4.22823 15.6569
    endloop
  endfacet
  facet normal -0.0759492 0.769274 -0.634389
    outer loop
      vertex 22.738 40.8071 14.4446
      vertex 22.7741 41.8104 15.6569
      vertex 22.8717 40.8203 14.4446
    endloop
  endfacet
  facet normal -0.0760058 0.769271 -0.634386
    outer loop
      vertex 22.7741 41.8104 15.6569
      vertex 22.738 40.8071 14.4446
      vertex 22.6405 41.7972 15.6569
    endloop
  endfacet
  facet normal -0.341922 -0.693472 -0.634181
    outer loop
      vertex 9.48985 -37.8564 15.6569
      vertex 9.23491 -37.7307 15.6569
      vertex 9.90045 -36.9502 14.4446
    endloop
  endfacet
  facet normal 0.151007 -0.758298 -0.634177
    outer loop
      vertex 24.186 -41.7179 15.6569
      vertex 23.9073 -41.7734 15.6569
      vertex 23.9602 -40.749 14.4446
    endloop
  endfacet
  facet normal 0.199916 -0.746898 -0.634175
    outer loop
      vertex 24.186 -41.7179 15.6569
      vertex 23.9602 -40.749 14.4446
      vertex 24.4606 -41.6444 15.6569
    endloop
  endfacet
  facet normal 0 -0.77317 -0.634199
    outer loop
      vertex 23.0903 -40.8346 14.4446
      vertex 23.3419 -41.829 15.6569
      vertex 23.0577 -41.829 15.6569
    endloop
  endfacet
  facet normal 0 -0.77317 -0.634199
    outer loop
      vertex 23.3419 -41.829 15.6569
      vertex 23.0903 -40.8346 14.4446
      vertex 23.3094 -40.8346 14.4446
    endloop
  endfacet
  facet normal -0.0634402 0.770446 -0.63434
    outer loop
      vertex 22.8717 40.8203 14.4446
      vertex 22.7741 41.8104 15.6569
      vertex 22.981 40.8293 14.4446
    endloop
  endfacet
  facet normal -0.772763 -0.0254119 -0.634185
    outer loop
      vertex -35.1346 -0.218964 14.4446
      vertex -36.1367 -3.05176e-05 15.6569
      vertex -35.1418 -1.52588e-05 14.4446
    endloop
  endfacet
  facet normal -0.628324 -0.450567 -0.634192
    outer loop
      vertex -31.9714 -9.33949 14.4446
      vertex -32.7607 -9.94516 15.6569
      vertex -32.0991 -9.16141 14.4446
    endloop
  endfacet
  facet normal -0.597759 -0.490395 -0.63419
    outer loop
      vertex -31.8325 -9.5088 14.4446
      vertex -32.7607 -9.94516 15.6569
      vertex -31.9714 -9.33949 14.4446
    endloop
  endfacet
  facet normal 0.581368 -0.509712 -0.634197
    outer loop
      vertex 26.3698 -40.4573 15.6569
      vertex 25.6437 -39.7771 14.4446
      vertex 25.7881 -39.6124 14.4446
    endloop
  endfacet
  facet normal -0.272311 0.723466 -0.634384
    outer loop
      vertex 12.3557 38.0547 14.4446
      vertex 14.3203 39.8572 15.6569
      vertex 14.6708 38.9261 14.4446
    endloop
  endfacet
  facet normal -0.272274 0.723449 -0.63442
    outer loop
      vertex 14.3203 39.8572 15.6569
      vertex 12.3557 38.0547 14.4446
      vertex 12.0052 38.9859 15.6569
    endloop
  endfacet
  facet normal -0.248656 0.732094 -0.634199
    outer loop
      vertex 14.8782 38.9965 14.4446
      vertex 14.3203 39.8572 15.6569
      vertex 14.5894 39.9486 15.6569
    endloop
  endfacet
  facet normal -0.597748 -0.490412 -0.634188
    outer loop
      vertex -32.5805 -10.1648 15.6569
      vertex -32.7607 -9.94516 15.6569
      vertex -31.8325 -9.5088 14.4446
    endloop
  endfacet
  facet normal 0.272316 0.723637 -0.634187
    outer loop
      vertex 24.8621 41.5007 15.6569
      vertex 24.2763 40.6587 14.4446
      vertex 24.5961 41.6008 15.6569
    endloop
  endfacet
  facet normal 0.224726 0.739797 -0.634191
    outer loop
      vertex 24.2763 40.6587 14.4446
      vertex 24.0666 40.7224 14.4446
      vertex 24.5961 41.6008 15.6569
    endloop
  endfacet
  facet normal 0.773013 0.634391 0
    outer loop
      vertex 63.4683 48.7009 115
      vertex 60.1472 52.7477 97.5
      vertex 60.1472 52.7477 115
    endloop
  endfacet
  facet normal 0.773013 0.634391 0
    outer loop
      vertex 60.1472 52.7477 97.5
      vertex 63.4683 48.7009 115
      vertex 63.4683 48.7009 97.5
    endloop
  endfacet
  facet normal 0.854524 0.0841591 -0.512549
    outer loop
      vertex 79.8287 5.23225 97.5
      vertex 27.5339 37.7722 15.6569
      vertex 79.3156 10.4421 97.5
    endloop
  endfacet
  facet normal 0.0980123 -0.995185 0
    outer loop
      vertex 5.23225 -79.8287 97.5
      vertex 10.4421 -79.3156 115
      vertex 5.23225 -79.8287 115
    endloop
  endfacet
  facet normal 0.0980123 -0.995185 0
    outer loop
      vertex 10.4421 -79.3156 115
      vertex 5.23225 -79.8287 97.5
      vertex 10.4421 -79.3156 97.5
    endloop
  endfacet
  facet normal -0.625599 0.585958 -0.515052
    outer loop
      vertex -31.546 11.3444 15.6569
      vertex -60.1472 52.7477 97.5
      vertex -56.5685 56.5685 97.5
    endloop
  endfacet
  facet normal 0.88192 -0.471399 0
    outer loop
      vertex 69.282 -40 115
      vertex 71.7498 -35.3831 97.5
      vertex 71.7498 -35.3831 115
    endloop
  endfacet
  facet normal 0.88192 -0.471399 0
    outer loop
      vertex 71.7498 -35.3831 97.5
      vertex 69.282 -40 115
      vertex 69.282 -40 97.5
    endloop
  endfacet
  facet normal 0.567381 -0.739563 -0.362113
    outer loop
      vertex 48.7009 -63.4683 97.5
      vertex 25.7296 -41.0186 15.6569
      vertex 25.9551 -40.8456 15.6569
    endloop
  endfacet
  facet normal -0.400002 -0.748347 -0.529127
    outer loop
      vertex -35.3831 -71.7498 97.5
      vertex -40 -69.282 97.5
      vertex 9.23491 -37.7307 15.6569
    endloop
  endfacet
  facet normal -0.999465 0.0327217 0
    outer loop
      vertex -80 0 97.5
      vertex -79.8287 5.23225 115
      vertex -79.8287 5.23225 97.5
    endloop
  endfacet
  facet normal -0.999465 0.0327217 0
    outer loop
      vertex -79.8287 5.23225 115
      vertex -80 0 97.5
      vertex -80 0 115
    endloop
  endfacet
  facet normal -0.868601 0.143419 -0.474303
    outer loop
      vertex -35.9969 2.13242 15.6569
      vertex -79.3156 10.4421 97.5
      vertex -35.9506 2.41283 15.6569
    endloop
  endfacet
  facet normal 0.149882 -0.907782 -0.391749
    outer loop
      vertex 15.6072 -78.4628 97.5
      vertex 10.4421 -79.3156 97.5
      vertex 23.9073 -41.7734 15.6569
    endloop
  endfacet
  facet normal -0.352243 -0.935909 0
    outer loop
      vertex -30.6147 -73.9104 97.5
      vertex -25.7152 -75.7544 115
      vertex -30.6147 -73.9104 115
    endloop
  endfacet
  facet normal -0.352243 -0.935909 -0
    outer loop
      vertex -25.7152 -75.7544 115
      vertex -30.6147 -73.9104 97.5
      vertex -25.7152 -75.7544 97.5
    endloop
  endfacet
  facet normal -0.227066 0.973879 0
    outer loop
      vertex -15.6072 78.4628 97.5
      vertex -20.7055 77.2741 115
      vertex -15.6072 78.4628 115
    endloop
  endfacet
  facet normal -0.227066 0.973879 0
    outer loop
      vertex -20.7055 77.2741 115
      vertex -15.6072 78.4628 97.5
      vertex -20.7055 77.2741 97.5
    endloop
  endfacet
  facet normal -0.879204 -0.0576213 -0.472948
    outer loop
      vertex -36.0248 -1.84953 15.6569
      vertex -79.8287 -5.23225 97.5
      vertex -36.1274 -0.284027 15.6569
    endloop
  endfacet
  facet normal 0.973879 -0.227066 0
    outer loop
      vertex 77.2741 -20.7055 115
      vertex 78.4628 -15.6072 97.5
      vertex 78.4628 -15.6072 115
    endloop
  endfacet
  facet normal 0.973879 -0.227066 0
    outer loop
      vertex 78.4628 -15.6072 97.5
      vertex 77.2741 -20.7055 115
      vertex 77.2741 -20.7055 97.5
    endloop
  endfacet
  facet normal -0.471399 -0.88192 0
    outer loop
      vertex -40 -69.282 97.5
      vertex -35.3831 -71.7498 115
      vertex -40 -69.282 115
    endloop
  endfacet
  facet normal -0.471399 -0.88192 -0
    outer loop
      vertex -35.3831 -71.7498 115
      vertex -40 -69.282 97.5
      vertex -35.3831 -71.7498 97.5
    endloop
  endfacet
  facet normal 0.995185 0.0980123 0
    outer loop
      vertex 79.8287 5.23225 115
      vertex 79.3156 10.4421 97.5
      vertex 79.3156 10.4421 115
    endloop
  endfacet
  facet normal 0.995185 0.0980123 0
    outer loop
      vertex 79.3156 10.4421 97.5
      vertex 79.8287 5.23225 115
      vertex 79.8287 5.23225 97.5
    endloop
  endfacet
  facet normal 0.88192 0.471399 0
    outer loop
      vertex 71.7498 35.3831 115
      vertex 69.282 40 97.5
      vertex 69.282 40 115
    endloop
  endfacet
  facet normal 0.88192 0.471399 0
    outer loop
      vertex 69.282 40 97.5
      vertex 71.7498 35.3831 115
      vertex 71.7498 35.3831 97.5
    endloop
  endfacet
  facet normal -0.995185 0.0980123 0
    outer loop
      vertex -79.8287 5.23225 97.5
      vertex -79.3156 10.4421 115
      vertex -79.3156 10.4421 97.5
    endloop
  endfacet
  facet normal -0.995185 0.0980123 0
    outer loop
      vertex -79.3156 10.4421 115
      vertex -79.8287 5.23225 97.5
      vertex -79.8287 5.23225 115
    endloop
  endfacet
  facet normal -0.773013 -0.634391 0
    outer loop
      vertex -60.1472 -52.7477 97.5
      vertex -63.4683 -48.7009 115
      vertex -63.4683 -48.7009 97.5
    endloop
  endfacet
  facet normal -0.773013 -0.634391 0
    outer loop
      vertex -63.4683 -48.7009 115
      vertex -60.1472 -52.7477 97.5
      vertex -60.1472 -52.7477 115
    endloop
  endfacet
  facet normal -0.0327217 0.999465 0
    outer loop
      vertex 0 80 97.5
      vertex -5.23225 79.8287 115
      vertex 0 80 115
    endloop
  endfacet
  facet normal -0.0327217 0.999465 0
    outer loop
      vertex -5.23225 79.8287 115
      vertex 0 80 97.5
      vertex -5.23225 79.8287 97.5
    endloop
  endfacet
  facet normal -0.720175 -0.481203 -0.499791
    outer loop
      vertex -32.9263 -9.71416 15.6569
      vertex -66.5176 -44.4456 97.5
      vertex -33.7979 -8.40971 15.6569
    endloop
  endfacet
  facet normal 0.634391 0.773013 -0
    outer loop
      vertex 52.7477 60.1472 97.5
      vertex 48.7009 63.4683 115
      vertex 52.7477 60.1472 115
    endloop
  endfacet
  facet normal 0.634391 0.773013 0
    outer loop
      vertex 48.7009 63.4683 115
      vertex 52.7477 60.1472 97.5
      vertex 48.7009 63.4683 97.5
    endloop
  endfacet
  facet normal 0.227066 -0.973879 0
    outer loop
      vertex 15.6072 -78.4628 97.5
      vertex 20.7055 -77.2741 115
      vertex 15.6072 -78.4628 115
    endloop
  endfacet
  facet normal 0.227066 -0.973879 0
    outer loop
      vertex 20.7055 -77.2741 115
      vertex 15.6072 -78.4628 97.5
      vertex 20.7055 -77.2741 97.5
    endloop
  endfacet
  facet normal -0.0295523 0.902657 -0.429344
    outer loop
      vertex 22.916 41.822 15.6569
      vertex -5.23225 79.8287 97.5
      vertex 0 80 97.5
    endloop
  endfacet
  facet normal -0.849207 -0.528061 0
    outer loop
      vertex -66.5176 -44.4456 97.5
      vertex -69.282 -40 115
      vertex -69.282 -40 97.5
    endloop
  endfacet
  facet normal -0.849207 -0.528061 0
    outer loop
      vertex -69.282 -40 115
      vertex -66.5176 -44.4456 97.5
      vertex -66.5176 -44.4456 115
    endloop
  endfacet
  facet normal -0.986642 0.162903 0
    outer loop
      vertex -79.3156 10.4421 97.5
      vertex -78.4628 15.6072 115
      vertex -78.4628 15.6072 97.5
    endloop
  endfacet
  facet normal -0.986642 0.162903 0
    outer loop
      vertex -78.4628 15.6072 115
      vertex -79.3156 10.4421 97.5
      vertex -79.3156 10.4421 115
    endloop
  endfacet
  facet normal -0.956939 0.290289 0
    outer loop
      vertex -77.2741 20.7055 97.5
      vertex -75.7544 25.7152 115
      vertex -75.7544 25.7152 97.5
    endloop
  endfacet
  facet normal -0.956939 0.290289 0
    outer loop
      vertex -75.7544 25.7152 115
      vertex -77.2741 20.7055 97.5
      vertex -77.2741 20.7055 115
    endloop
  endfacet
  facet normal 0.973879 0.227066 0
    outer loop
      vertex 78.4628 15.6072 115
      vertex 77.2741 20.7055 97.5
      vertex 77.2741 20.7055 115
    endloop
  endfacet
  facet normal 0.973879 0.227066 0
    outer loop
      vertex 77.2741 20.7055 97.5
      vertex 78.4628 15.6072 115
      vertex 78.4628 15.6072 97.5
    endloop
  endfacet
  facet normal 0.683606 -0.729852 0
    outer loop
      vertex 52.7477 -60.1472 97.5
      vertex 56.5685 -56.5685 115
      vertex 52.7477 -60.1472 115
    endloop
  endfacet
  facet normal 0.683606 -0.729852 0
    outer loop
      vertex 56.5685 -56.5685 115
      vertex 52.7477 -60.1472 97.5
      vertex 56.5685 -56.5685 97.5
    endloop
  endfacet
  facet normal 0.227066 0.973879 -0
    outer loop
      vertex 20.7055 77.2741 97.5
      vertex 15.6072 78.4628 115
      vertex 20.7055 77.2741 115
    endloop
  endfacet
  facet normal 0.227066 0.973879 0
    outer loop
      vertex 15.6072 78.4628 115
      vertex 20.7055 77.2741 97.5
      vertex 15.6072 78.4628 97.5
    endloop
  endfacet
  facet normal 0.582477 0.812847 -0
    outer loop
      vertex 48.7009 63.4683 97.5
      vertex 44.4456 66.5176 115
      vertex 48.7009 63.4683 115
    endloop
  endfacet
  facet normal 0.582477 0.812847 0
    outer loop
      vertex 44.4456 66.5176 115
      vertex 48.7009 63.4683 97.5
      vertex 44.4456 66.5176 97.5
    endloop
  endfacet
  facet normal -0.8197 0.308506 -0.482613
    outer loop
      vertex -34.8932 6.25177 15.6569
      vertex -75.7544 25.7152 97.5
      vertex -73.9104 30.6147 97.5
    endloop
  endfacet
  facet normal -0.986642 -0.162903 0
    outer loop
      vertex -78.4628 -15.6072 97.5
      vertex -79.3156 -10.4421 115
      vertex -79.3156 -10.4421 97.5
    endloop
  endfacet
  facet normal -0.986642 -0.162903 0
    outer loop
      vertex -79.3156 -10.4421 115
      vertex -78.4628 -15.6072 97.5
      vertex -78.4628 -15.6072 115
    endloop
  endfacet
  facet normal 0.0327217 0.999465 -0
    outer loop
      vertex 5.23225 79.8287 97.5
      vertex 0 80 115
      vertex 5.23225 79.8287 115
    endloop
  endfacet
  facet normal 0.0327217 0.999465 0
    outer loop
      vertex 0 80 115
      vertex 5.23225 79.8287 97.5
      vertex 0 80 97.5
    endloop
  endfacet
  facet normal -0.162903 -0.986642 0
    outer loop
      vertex -15.6072 -78.4628 97.5
      vertex -10.4421 -79.3156 115
      vertex -15.6072 -78.4628 115
    endloop
  endfacet
  facet normal -0.162903 -0.986642 -0
    outer loop
      vertex -10.4421 -79.3156 115
      vertex -15.6072 -78.4628 97.5
      vertex -10.4421 -79.3156 97.5
    endloop
  endfacet
  facet normal -0.973879 -0.227066 0
    outer loop
      vertex -77.2741 -20.7055 97.5
      vertex -78.4628 -15.6072 115
      vertex -78.4628 -15.6072 97.5
    endloop
  endfacet
  facet normal -0.973879 -0.227066 0
    outer loop
      vertex -78.4628 -15.6072 115
      vertex -77.2741 -20.7055 97.5
      vertex -77.2741 -20.7055 115
    endloop
  endfacet
  facet normal -0.528061 0.849207 0
    outer loop
      vertex -40 69.282 97.5
      vertex -44.4456 66.5176 115
      vertex -40 69.282 115
    endloop
  endfacet
  facet normal -0.528061 0.849207 0
    outer loop
      vertex -44.4456 66.5176 115
      vertex -40 69.282 97.5
      vertex -44.4456 66.5176 97.5
    endloop
  endfacet
  facet normal 0.290289 0.956939 -0
    outer loop
      vertex 25.7152 75.7544 97.5
      vertex 20.7055 77.2741 115
      vertex 25.7152 75.7544 115
    endloop
  endfacet
  facet normal 0.290289 0.956939 0
    outer loop
      vertex 20.7055 77.2741 115
      vertex 25.7152 75.7544 97.5
      vertex 20.7055 77.2741 97.5
    endloop
  endfacet
  facet normal 0.0327217 -0.999465 0
    outer loop
      vertex 0 -80 97.5
      vertex 5.23225 -79.8287 115
      vertex 0 -80 115
    endloop
  endfacet
  facet normal 0.0327217 -0.999465 0
    outer loop
      vertex 5.23225 -79.8287 115
      vertex 0 -80 97.5
      vertex 5.23225 -79.8287 97.5
    endloop
  endfacet
  facet normal 0.857324 -0.141551 -0.494934
    outer loop
      vertex 78.4628 -15.6072 97.5
      vertex 27.4851 -38.1959 15.6569
      vertex 79.3156 -10.4421 97.5
    endloop
  endfacet
  facet normal -0.856202 0.199858 -0.47642
    outer loop
      vertex -35.6446 3.95148 15.6569
      vertex -77.2741 20.7055 97.5
      vertex -35.58 4.22823 15.6569
    endloop
  endfacet
  facet normal -0.528061 -0.849207 0
    outer loop
      vertex -44.4456 -66.5176 97.5
      vertex -40 -69.282 115
      vertex -44.4456 -66.5176 115
    endloop
  endfacet
  facet normal -0.528061 -0.849207 -0
    outer loop
      vertex -40 -69.282 115
      vertex -44.4456 -66.5176 97.5
      vertex -40 -69.282 97.5
    endloop
  endfacet
  facet normal -0.88192 -0.471399 0
    outer loop
      vertex -69.282 -40 97.5
      vertex -71.7498 -35.3831 115
      vertex -71.7498 -35.3831 97.5
    endloop
  endfacet
  facet normal -0.88192 -0.471399 0
    outer loop
      vertex -71.7498 -35.3831 115
      vertex -69.282 -40 97.5
      vertex -69.282 -40 115
    endloop
  endfacet
  facet normal -0.412718 0.910859 0
    outer loop
      vertex -30.6147 73.9104 97.5
      vertex -35.3831 71.7498 115
      vertex -30.6147 73.9104 115
    endloop
  endfacet
  facet normal -0.412718 0.910859 0
    outer loop
      vertex -35.3831 71.7498 115
      vertex -30.6147 73.9104 97.5
      vertex -35.3831 71.7498 97.5
    endloop
  endfacet
  facet normal -0.839922 0.254784 -0.479184
    outer loop
      vertex -35.58 4.22823 15.6569
      vertex -75.7544 25.7152 97.5
      vertex -35.4975 4.5002 15.6569
    endloop
  endfacet
  facet normal -0.44905 -0.710215 -0.542171
    outer loop
      vertex 4.64075 -35.0753 15.6569
      vertex -44.4456 -66.5176 97.5
      vertex 4.58919 -35.0427 15.6569
    endloop
  endfacet
  facet normal 0.812847 0.582477 0
    outer loop
      vertex 66.5176 44.4456 115
      vertex 63.4683 48.7009 97.5
      vertex 63.4683 48.7009 115
    endloop
  endfacet
  facet normal 0.812847 0.582477 0
    outer loop
      vertex 63.4683 48.7009 97.5
      vertex 66.5176 44.4456 115
      vertex 66.5176 44.4456 97.5
    endloop
  endfacet
  facet normal -0.910859 0.412718 0
    outer loop
      vertex -73.9104 30.6147 97.5
      vertex -71.7498 35.3831 115
      vertex -71.7498 35.3831 97.5
    endloop
  endfacet
  facet normal -0.910859 0.412718 0
    outer loop
      vertex -71.7498 35.3831 115
      vertex -73.9104 30.6147 97.5
      vertex -73.9104 30.6147 115
    endloop
  endfacet
  facet normal -0.935909 0.352243 0
    outer loop
      vertex -75.7544 25.7152 97.5
      vertex -73.9104 30.6147 115
      vertex -73.9104 30.6147 97.5
    endloop
  endfacet
  facet normal -0.935909 0.352243 0
    outer loop
      vertex -73.9104 30.6147 115
      vertex -75.7544 25.7152 97.5
      vertex -75.7544 25.7152 115
    endloop
  endfacet
  facet normal 0.849207 0.528061 0
    outer loop
      vertex 69.282 40 115
      vertex 66.5176 44.4456 97.5
      vertex 66.5176 44.4456 115
    endloop
  endfacet
  facet normal 0.849207 0.528061 0
    outer loop
      vertex 66.5176 44.4456 97.5
      vertex 69.282 40 115
      vertex 69.282 40 97.5
    endloop
  endfacet
  facet normal -0.665643 -0.546275 -0.508431
    outer loop
      vertex -60.1472 -52.7477 97.5
      vertex -63.4683 -48.7009 97.5
      vertex -32.5805 -10.1648 15.6569
    endloop
  endfacet
  facet normal -0.582477 -0.812847 0
    outer loop
      vertex -48.7009 -63.4683 97.5
      vertex -44.4456 -66.5176 115
      vertex -48.7009 -63.4683 115
    endloop
  endfacet
  facet normal -0.582477 -0.812847 -0
    outer loop
      vertex -44.4456 -66.5176 115
      vertex -48.7009 -63.4683 97.5
      vertex -44.4456 -66.5176 97.5
    endloop
  endfacet
  facet normal -0.683606 -0.729852 0
    outer loop
      vertex -56.5685 -56.5685 97.5
      vertex -52.7477 -60.1472 115
      vertex -56.5685 -56.5685 115
    endloop
  endfacet
  facet normal -0.683606 -0.729852 -0
    outer loop
      vertex -52.7477 -60.1472 115
      vertex -56.5685 -56.5685 97.5
      vertex -52.7477 -60.1472 97.5
    endloop
  endfacet
  facet normal 0.492882 0.792355 -0.3595
    outer loop
      vertex 25.6129 41.0994 15.6569
      vertex 25.3716 41.2495 15.6569
      vertex 44.4456 66.5176 97.5
    endloop
  endfacet
  facet normal 0.634391 -0.773013 0
    outer loop
      vertex 48.7009 -63.4683 97.5
      vertex 52.7477 -60.1472 115
      vertex 48.7009 -63.4683 115
    endloop
  endfacet
  facet normal 0.634391 -0.773013 0
    outer loop
      vertex 52.7477 -60.1472 115
      vertex 48.7009 -63.4683 97.5
      vertex 52.7477 -60.1472 97.5
    endloop
  endfacet
  facet normal 0.528061 0.849207 -0
    outer loop
      vertex 44.4456 66.5176 97.5
      vertex 40 69.282 115
      vertex 44.4456 66.5176 115
    endloop
  endfacet
  facet normal 0.528061 0.849207 0
    outer loop
      vertex 40 69.282 115
      vertex 44.4456 66.5176 97.5
      vertex 40 69.282 97.5
    endloop
  endfacet
  facet normal 0.847312 0.0277465 -0.53037
    outer loop
      vertex 27.5432 37.4882 15.6569
      vertex 27.5339 37.7722 15.6569
      vertex 80 0 97.5
    endloop
  endfacet
  facet normal 0.849111 0.257638 -0.461121
    outer loop
      vertex 27.3952 38.6123 15.6569
      vertex 27.3127 38.8842 15.6569
      vertex 75.7544 25.7152 97.5
    endloop
  endfacet
  facet normal 0.776914 0.483107 -0.403747
    outer loop
      vertex 69.282 40 97.5
      vertex 26.9613 39.6598 15.6569
      vertex 66.5176 44.4456 97.5
    endloop
  endfacet
  facet normal 0.729852 0.683606 0
    outer loop
      vertex 60.1472 52.7477 115
      vertex 56.5685 56.5685 97.5
      vertex 56.5685 56.5685 115
    endloop
  endfacet
  facet normal 0.729852 0.683606 0
    outer loop
      vertex 56.5685 56.5685 97.5
      vertex 60.1472 52.7477 115
      vertex 60.1472 52.7477 97.5
    endloop
  endfacet
  facet normal -0.290289 -0.956939 0
    outer loop
      vertex -25.7152 -75.7544 97.5
      vertex -20.7055 -77.2741 115
      vertex -25.7152 -75.7544 115
    endloop
  endfacet
  facet normal -0.290289 -0.956939 -0
    outer loop
      vertex -20.7055 -77.2741 115
      vertex -25.7152 -75.7544 97.5
      vertex -20.7055 -77.2741 97.5
    endloop
  endfacet
  facet normal 0.849207 -0.528061 0
    outer loop
      vertex 66.5176 -44.4456 115
      vertex 69.282 -40 97.5
      vertex 69.282 -40 115
    endloop
  endfacet
  facet normal 0.849207 -0.528061 0
    outer loop
      vertex 69.282 -40 97.5
      vertex 66.5176 -44.4456 115
      vertex 66.5176 -44.4456 97.5
    endloop
  endfacet
  facet normal -0.634391 0.773013 0
    outer loop
      vertex -48.7009 63.4683 97.5
      vertex -52.7477 60.1472 115
      vertex -48.7009 63.4683 115
    endloop
  endfacet
  facet normal -0.634391 0.773013 0
    outer loop
      vertex -52.7477 60.1472 115
      vertex -48.7009 63.4683 97.5
      vertex -52.7477 60.1472 97.5
    endloop
  endfacet
  facet normal -0.812847 0.582477 0
    outer loop
      vertex -66.5176 44.4456 97.5
      vertex -63.4683 48.7009 115
      vertex -63.4683 48.7009 97.5
    endloop
  endfacet
  facet normal -0.812847 0.582477 0
    outer loop
      vertex -63.4683 48.7009 115
      vertex -66.5176 44.4456 97.5
      vertex -66.5176 44.4456 115
    endloop
  endfacet
  facet normal 0.910859 0.412718 0
    outer loop
      vertex 73.9104 30.6147 115
      vertex 71.7498 35.3831 97.5
      vertex 71.7498 35.3831 115
    endloop
  endfacet
  facet normal 0.910859 0.412718 0
    outer loop
      vertex 71.7498 35.3831 97.5
      vertex 73.9104 30.6147 115
      vertex 73.9104 30.6147 97.5
    endloop
  endfacet
  facet normal 0.471399 0.88192 -0
    outer loop
      vertex 40 69.282 97.5
      vertex 35.3831 71.7498 115
      vertex 40 69.282 115
    endloop
  endfacet
  facet normal 0.471399 0.88192 0
    outer loop
      vertex 35.3831 71.7498 115
      vertex 40 69.282 97.5
      vertex 35.3831 71.7498 97.5
    endloop
  endfacet
  facet normal -0.538206 -0.655817 -0.529376
    outer loop
      vertex -29.7452 -12.9608 15.6569
      vertex -48.7009 -63.4683 97.5
      vertex -29.9649 -12.7805 15.6569
    endloop
  endfacet
  facet normal 0.683606 0.729852 -0
    outer loop
      vertex 56.5685 56.5685 97.5
      vertex 52.7477 60.1472 115
      vertex 56.5685 56.5685 115
    endloop
  endfacet
  facet normal 0.683606 0.729852 0
    outer loop
      vertex 52.7477 60.1472 115
      vertex 56.5685 56.5685 97.5
      vertex 52.7477 60.1472 97.5
    endloop
  endfacet
  facet normal 0.999465 0.0327217 0
    outer loop
      vertex 80 0 115
      vertex 79.8287 5.23225 97.5
      vertex 79.8287 5.23225 115
    endloop
  endfacet
  facet normal 0.999465 0.0327217 0
    outer loop
      vertex 79.8287 5.23225 97.5
      vertex 80 0 115
      vertex 80 0 97.5
    endloop
  endfacet
  facet normal 0.956939 -0.290289 0
    outer loop
      vertex 75.7544 -25.7152 115
      vertex 77.2741 -20.7055 97.5
      vertex 77.2741 -20.7055 115
    endloop
  endfacet
  facet normal 0.956939 -0.290289 0
    outer loop
      vertex 77.2741 -20.7055 97.5
      vertex 75.7544 -25.7152 115
      vertex 75.7544 -25.7152 97.5
    endloop
  endfacet
  facet normal 0.528061 -0.849207 0
    outer loop
      vertex 40 -69.282 97.5
      vertex 44.4456 -66.5176 115
      vertex 40 -69.282 115
    endloop
  endfacet
  facet normal 0.528061 -0.849207 0
    outer loop
      vertex 44.4456 -66.5176 115
      vertex 40 -69.282 97.5
      vertex 44.4456 -66.5176 97.5
    endloop
  endfacet
  facet normal -0.999465 -0.0327217 0
    outer loop
      vertex -79.8287 -5.23225 97.5
      vertex -80 0 115
      vertex -80 0 97.5
    endloop
  endfacet
  facet normal -0.999465 -0.0327217 0
    outer loop
      vertex -80 0 115
      vertex -79.8287 -5.23225 97.5
      vertex -79.8287 -5.23225 115
    endloop
  endfacet
  facet normal -0.0878109 -0.891603 -0.444222
    outer loop
      vertex -5.23225 -79.8287 97.5
      vertex -10.4421 -79.3156 97.5
      vertex 22.7741 -41.8104 15.6569
    endloop
  endfacet
  facet normal 0.910859 -0.412718 0
    outer loop
      vertex 71.7498 -35.3831 115
      vertex 73.9104 -30.6147 97.5
      vertex 73.9104 -30.6147 115
    endloop
  endfacet
  facet normal 0.910859 -0.412718 0
    outer loop
      vertex 73.9104 -30.6147 97.5
      vertex 71.7498 -35.3831 115
      vertex 71.7498 -35.3831 97.5
    endloop
  endfacet
  facet normal 0.935909 -0.352243 0
    outer loop
      vertex 73.9104 -30.6147 115
      vertex 75.7544 -25.7152 97.5
      vertex 75.7544 -25.7152 115
    endloop
  endfacet
  facet normal 0.935909 -0.352243 0
    outer loop
      vertex 75.7544 -25.7152 97.5
      vertex 73.9104 -30.6147 115
      vertex 73.9104 -30.6147 97.5
    endloop
  endfacet
  facet normal -0.46712 0.699132 -0.541308
    outer loop
      vertex -29.5142 13.1263 15.6569
      vertex -44.4456 66.5176 97.5
      vertex -28.0693 14.0917 15.6569
    endloop
  endfacet
  facet normal -0.995185 -0.0980123 0
    outer loop
      vertex -79.3156 -10.4421 97.5
      vertex -79.8287 -5.23225 115
      vertex -79.8287 -5.23225 97.5
    endloop
  endfacet
  facet normal -0.995185 -0.0980123 0
    outer loop
      vertex -79.8287 -5.23225 115
      vertex -79.3156 -10.4421 97.5
      vertex -79.3156 -10.4421 115
    endloop
  endfacet
  facet normal 0.956939 0.290289 0
    outer loop
      vertex 77.2741 20.7055 115
      vertex 75.7544 25.7152 97.5
      vertex 75.7544 25.7152 115
    endloop
  endfacet
  facet normal 0.956939 0.290289 0
    outer loop
      vertex 75.7544 25.7152 97.5
      vertex 77.2741 20.7055 115
      vertex 77.2741 20.7055 97.5
    endloop
  endfacet
  facet normal 0.935909 0.352243 0
    outer loop
      vertex 75.7544 25.7152 115
      vertex 73.9104 30.6147 97.5
      vertex 73.9104 30.6147 115
    endloop
  endfacet
  facet normal 0.935909 0.352243 0
    outer loop
      vertex 73.9104 30.6147 97.5
      vertex 75.7544 25.7152 115
      vertex 75.7544 25.7152 97.5
    endloop
  endfacet
  facet normal 0.029763 0.909092 -0.415531
    outer loop
      vertex 23.4841 41.822 15.6569
      vertex 0 80 97.5
      vertex 5.23225 79.8287 97.5
    endloop
  endfacet
  facet normal 0.471399 -0.88192 0
    outer loop
      vertex 35.3831 -71.7498 97.5
      vertex 40 -69.282 115
      vertex 35.3831 -71.7498 115
    endloop
  endfacet
  facet normal 0.471399 -0.88192 0
    outer loop
      vertex 40 -69.282 115
      vertex 35.3831 -71.7498 97.5
      vertex 40 -69.282 97.5
    endloop
  endfacet
  facet normal -0.973879 0.227066 0
    outer loop
      vertex -78.4628 15.6072 97.5
      vertex -77.2741 20.7055 115
      vertex -77.2741 20.7055 97.5
    endloop
  endfacet
  facet normal -0.973879 0.227066 0
    outer loop
      vertex -77.2741 20.7055 115
      vertex -78.4628 15.6072 97.5
      vertex -78.4628 15.6072 115
    endloop
  endfacet
  facet normal 0.999465 -0.0327217 0
    outer loop
      vertex 79.8287 -5.23225 115
      vertex 80 0 97.5
      vertex 80 0 115
    endloop
  endfacet
  facet normal 0.999465 -0.0327217 0
    outer loop
      vertex 80 0 97.5
      vertex 79.8287 -5.23225 115
      vertex 79.8287 -5.23225 97.5
    endloop
  endfacet
  facet normal -0.956939 -0.290289 0
    outer loop
      vertex -75.7544 -25.7152 97.5
      vertex -77.2741 -20.7055 115
      vertex -77.2741 -20.7055 97.5
    endloop
  endfacet
  facet normal -0.956939 -0.290289 0
    outer loop
      vertex -77.2741 -20.7055 115
      vertex -75.7544 -25.7152 97.5
      vertex -75.7544 -25.7152 115
    endloop
  endfacet
  facet normal -0.582477 0.812847 0
    outer loop
      vertex -44.4456 66.5176 97.5
      vertex -48.7009 63.4683 115
      vertex -44.4456 66.5176 115
    endloop
  endfacet
  facet normal -0.582477 0.812847 0
    outer loop
      vertex -48.7009 63.4683 115
      vertex -44.4456 66.5176 97.5
      vertex -48.7009 63.4683 97.5
    endloop
  endfacet
  facet normal 0.162903 0.986642 -0
    outer loop
      vertex 15.6072 78.4628 97.5
      vertex 10.4421 79.3156 115
      vertex 15.6072 78.4628 115
    endloop
  endfacet
  facet normal 0.162903 0.986642 0
    outer loop
      vertex 10.4421 79.3156 115
      vertex 15.6072 78.4628 97.5
      vertex 10.4421 79.3156 97.5
    endloop
  endfacet
  facet normal -0.162903 0.986642 0
    outer loop
      vertex -10.4421 79.3156 97.5
      vertex -15.6072 78.4628 115
      vertex -10.4421 79.3156 115
    endloop
  endfacet
  facet normal -0.162903 0.986642 0
    outer loop
      vertex -15.6072 78.4628 115
      vertex -10.4421 79.3156 97.5
      vertex -15.6072 78.4628 97.5
    endloop
  endfacet
  facet normal 0.412718 0.910859 -0
    outer loop
      vertex 35.3831 71.7498 97.5
      vertex 30.6147 73.9104 115
      vertex 35.3831 71.7498 115
    endloop
  endfacet
  facet normal 0.412718 0.910859 0
    outer loop
      vertex 30.6147 73.9104 115
      vertex 35.3831 71.7498 97.5
      vertex 30.6147 73.9104 97.5
    endloop
  endfacet
  facet normal -0.849207 0.528061 0
    outer loop
      vertex -69.282 40 97.5
      vertex -66.5176 44.4456 115
      vertex -66.5176 44.4456 97.5
    endloop
  endfacet
  facet normal -0.849207 0.528061 0
    outer loop
      vertex -66.5176 44.4456 115
      vertex -69.282 40 97.5
      vertex -69.282 40 115
    endloop
  endfacet
  facet normal -0.290289 0.956939 0
    outer loop
      vertex -20.7055 77.2741 97.5
      vertex -25.7152 75.7544 115
      vertex -20.7055 77.2741 115
    endloop
  endfacet
  facet normal -0.290289 0.956939 0
    outer loop
      vertex -25.7152 75.7544 115
      vertex -20.7055 77.2741 97.5
      vertex -25.7152 75.7544 97.5
    endloop
  endfacet
  facet normal 0.812847 -0.582477 0
    outer loop
      vertex 63.4683 -48.7009 115
      vertex 66.5176 -44.4456 97.5
      vertex 66.5176 -44.4456 115
    endloop
  endfacet
  facet normal 0.812847 -0.582477 0
    outer loop
      vertex 66.5176 -44.4456 97.5
      vertex 63.4683 -48.7009 115
      vertex 63.4683 -48.7009 97.5
    endloop
  endfacet
  facet normal 0.352243 0.935909 -0
    outer loop
      vertex 30.6147 73.9104 97.5
      vertex 25.7152 75.7544 115
      vertex 30.6147 73.9104 115
    endloop
  endfacet
  facet normal 0.352243 0.935909 0
    outer loop
      vertex 25.7152 75.7544 115
      vertex 30.6147 73.9104 97.5
      vertex 25.7152 75.7544 97.5
    endloop
  endfacet
  facet normal -0.881029 -0.028851 -0.472182
    outer loop
      vertex -36.1274 -0.284027 15.6569
      vertex -80 0 97.5
      vertex -36.1367 -3.05176e-05 15.6569
    endloop
  endfacet
  facet normal 0.676743 -0.633862 -0.374485
    outer loop
      vertex 56.5685 -56.5685 97.5
      vertex 26.3698 -40.4573 15.6569
      vertex 60.1472 -52.7477 97.5
    endloop
  endfacet
  facet normal 0.0980123 0.995185 -0
    outer loop
      vertex 10.4421 79.3156 97.5
      vertex 5.23225 79.8287 115
      vertex 10.4421 79.3156 115
    endloop
  endfacet
  facet normal 0.0980123 0.995185 0
    outer loop
      vertex 5.23225 79.8287 115
      vertex 10.4421 79.3156 97.5
      vertex 5.23225 79.8287 97.5
    endloop
  endfacet
  facet normal 0.841911 0 -0.539617
    outer loop
      vertex 80 0 97.5
      vertex 27.5432 -37.4882 15.6569
      vertex 27.5432 37.4882 15.6569
    endloop
  endfacet
  facet normal 0.812438 -0.400641 -0.423593
    outer loop
      vertex 71.7498 -35.3831 97.5
      vertex 27.0302 -39.5357 15.6569
      vertex 27.1559 -39.2808 15.6569
    endloop
  endfacet
  facet normal -0.491307 0.685752 -0.536992
    outer loop
      vertex -29.7452 12.9608 15.6569
      vertex -44.4456 66.5176 97.5
      vertex -29.5142 13.1263 15.6569
    endloop
  endfacet
  facet normal 0.352243 -0.935909 0
    outer loop
      vertex 25.7152 -75.7544 97.5
      vertex 30.6147 -73.9104 115
      vertex 25.7152 -75.7544 115
    endloop
  endfacet
  facet normal 0.352243 -0.935909 0
    outer loop
      vertex 30.6147 -73.9104 115
      vertex 25.7152 -75.7544 97.5
      vertex 30.6147 -73.9104 97.5
    endloop
  endfacet
  facet normal -0.0980123 0.995185 0
    outer loop
      vertex -5.23225 79.8287 97.5
      vertex -10.4421 79.3156 115
      vertex -5.23225 79.8287 115
    endloop
  endfacet
  facet normal -0.0980123 0.995185 0
    outer loop
      vertex -10.4421 79.3156 115
      vertex -5.23225 79.8287 97.5
      vertex -10.4421 79.3156 97.5
    endloop
  endfacet
  facet normal 0.843945 -0.286647 -0.453421
    outer loop
      vertex 75.7544 -25.7152 97.5
      vertex 27.2647 -39.0182 15.6569
      vertex 27.3561 -38.7491 15.6569
    endloop
  endfacet
  facet normal -0.910859 -0.412718 0
    outer loop
      vertex -71.7498 -35.3831 97.5
      vertex -73.9104 -30.6147 115
      vertex -73.9104 -30.6147 97.5
    endloop
  endfacet
  facet normal -0.910859 -0.412718 0
    outer loop
      vertex -73.9104 -30.6147 115
      vertex -71.7498 -35.3831 97.5
      vertex -71.7498 -35.3831 115
    endloop
  endfacet
  facet normal -0.227066 -0.973879 0
    outer loop
      vertex -20.7055 -77.2741 97.5
      vertex -15.6072 -78.4628 115
      vertex -20.7055 -77.2741 115
    endloop
  endfacet
  facet normal -0.227066 -0.973879 -0
    outer loop
      vertex -15.6072 -78.4628 115
      vertex -20.7055 -77.2741 97.5
      vertex -15.6072 -78.4628 97.5
    endloop
  endfacet
  facet normal -0.88192 0.471399 0
    outer loop
      vertex -71.7498 35.3831 97.5
      vertex -69.282 40 115
      vertex -69.282 40 97.5
    endloop
  endfacet
  facet normal -0.88192 0.471399 0
    outer loop
      vertex -69.282 40 115
      vertex -71.7498 35.3831 97.5
      vertex -71.7498 35.3831 115
    endloop
  endfacet
  facet normal -0.683606 0.729852 0
    outer loop
      vertex -52.7477 60.1472 97.5
      vertex -56.5685 56.5685 115
      vertex -52.7477 60.1472 115
    endloop
  endfacet
  facet normal -0.683606 0.729852 0
    outer loop
      vertex -56.5685 56.5685 115
      vertex -52.7477 60.1472 97.5
      vertex -56.5685 56.5685 97.5
    endloop
  endfacet
  facet normal -0.862678 0.171566 -0.475764
    outer loop
      vertex -35.9506 2.41283 15.6569
      vertex -78.4628 15.6072 97.5
      vertex -35.6446 3.95148 15.6569
    endloop
  endfacet
  facet normal 0.838024 -0.315403 -0.445239
    outer loop
      vertex 73.9104 -30.6147 97.5
      vertex 27.2647 -39.0182 15.6569
      vertex 75.7544 -25.7152 97.5
    endloop
  endfacet
  facet normal 0.729852 -0.683606 0
    outer loop
      vertex 56.5685 -56.5685 115
      vertex 60.1472 -52.7477 97.5
      vertex 60.1472 -52.7477 115
    endloop
  endfacet
  facet normal 0.729852 -0.683606 0
    outer loop
      vertex 60.1472 -52.7477 97.5
      vertex 56.5685 -56.5685 115
      vertex 56.5685 -56.5685 97.5
    endloop
  endfacet
  facet normal -0.773013 0.634391 0
    outer loop
      vertex -63.4683 48.7009 97.5
      vertex -60.1472 52.7477 115
      vertex -60.1472 52.7477 97.5
    endloop
  endfacet
  facet normal -0.773013 0.634391 0
    outer loop
      vertex -60.1472 52.7477 115
      vertex -63.4683 48.7009 97.5
      vertex -63.4683 48.7009 115
    endloop
  endfacet
  facet normal -0.830047 0.281718 -0.481308
    outer loop
      vertex -35.4975 4.5002 15.6569
      vertex -75.7544 25.7152 97.5
      vertex -34.9933 5.98576 15.6569
    endloop
  endfacet
  facet normal 0.847311 0.0277403 -0.530372
    outer loop
      vertex 80 0 97.5
      vertex 27.5339 37.7722 15.6569
      vertex 79.8287 5.23225 97.5
    endloop
  endfacet
  facet normal -0.876878 -0.0863607 -0.472891
    outer loop
      vertex -79.3156 -10.4421 97.5
      vertex -79.8287 -5.23225 97.5
      vertex -35.9969 -2.13237 15.6569
    endloop
  endfacet
  facet normal 0.847322 -0.0277407 -0.530355
    outer loop
      vertex 79.8287 -5.23225 97.5
      vertex 27.5408 -37.6305 15.6569
      vertex 80 0 97.5
    endloop
  endfacet
  facet normal -0.471399 0.88192 0
    outer loop
      vertex -35.3831 71.7498 97.5
      vertex -40 69.282 115
      vertex -35.3831 71.7498 115
    endloop
  endfacet
  facet normal -0.471399 0.88192 0
    outer loop
      vertex -40 69.282 115
      vertex -35.3831 71.7498 97.5
      vertex -40 69.282 97.5
    endloop
  endfacet
  facet normal 0.986642 0.162903 0
    outer loop
      vertex 79.3156 10.4421 115
      vertex 78.4628 15.6072 97.5
      vertex 78.4628 15.6072 115
    endloop
  endfacet
  facet normal 0.986642 0.162903 0
    outer loop
      vertex 78.4628 15.6072 97.5
      vertex 79.3156 10.4421 115
      vertex 79.3156 10.4421 97.5
    endloop
  endfacet
  facet normal -0.881029 0.0288448 -0.472182
    outer loop
      vertex -36.1367 -3.05176e-05 15.6569
      vertex -80 0 97.5
      vertex -36.1274 0.284027 15.6569
    endloop
  endfacet
  facet normal -0.868606 -0.143395 -0.474302
    outer loop
      vertex -35.9506 -2.41283 15.6569
      vertex -78.4628 -15.6072 97.5
      vertex -35.9969 -2.13237 15.6569
    endloop
  endfacet
  facet normal -0.729852 0.683606 0
    outer loop
      vertex -60.1472 52.7477 97.5
      vertex -56.5685 56.5685 115
      vertex -56.5685 56.5685 97.5
    endloop
  endfacet
  facet normal -0.729852 0.683606 0
    outer loop
      vertex -56.5685 56.5685 115
      vertex -60.1472 52.7477 97.5
      vertex -60.1472 52.7477 115
    endloop
  endfacet
  facet normal 0.290289 -0.956939 0
    outer loop
      vertex 20.7055 -77.2741 97.5
      vertex 25.7152 -75.7544 115
      vertex 20.7055 -77.2741 115
    endloop
  endfacet
  facet normal 0.290289 -0.956939 0
    outer loop
      vertex 25.7152 -75.7544 115
      vertex 20.7055 -77.2741 97.5
      vertex 25.7152 -75.7544 97.5
    endloop
  endfacet
  facet normal -0.352243 0.935909 0
    outer loop
      vertex -25.7152 75.7544 97.5
      vertex -30.6147 73.9104 115
      vertex -25.7152 75.7544 115
    endloop
  endfacet
  facet normal -0.352243 0.935909 0
    outer loop
      vertex -30.6147 73.9104 115
      vertex -25.7152 75.7544 97.5
      vertex -30.6147 73.9104 97.5
    endloop
  endfacet
  facet normal 0.384647 0.848649 -0.363099
    outer loop
      vertex 25.1209 41.3834 15.6569
      vertex 24.8621 41.5007 15.6569
      vertex 30.6147 73.9104 97.5
    endloop
  endfacet
  facet normal 0.714178 -0.586107 -0.382659
    outer loop
      vertex 60.1472 -52.7477 97.5
      vertex 26.5572 -40.2436 15.6569
      vertex 63.4683 -48.7009 97.5
    endloop
  endfacet
  facet normal -0.0327217 -0.999465 0
    outer loop
      vertex -5.23225 -79.8287 97.5
      vertex 0 -80 115
      vertex -5.23225 -79.8287 115
    endloop
  endfacet
  facet normal -0.0327217 -0.999465 -0
    outer loop
      vertex 0 -80 115
      vertex -5.23225 -79.8287 97.5
      vertex 0 -80 97.5
    endloop
  endfacet
  facet normal 0.762647 -0.509615 -0.398324
    outer loop
      vertex 66.5176 -44.4456 97.5
      vertex 26.7302 -40.0181 15.6569
      vertex 26.8881 -39.7818 15.6569
    endloop
  endfacet
  facet normal 0.986642 -0.162903 0
    outer loop
      vertex 78.4628 -15.6072 115
      vertex 79.3156 -10.4421 97.5
      vertex 79.3156 -10.4421 115
    endloop
  endfacet
  facet normal 0.986642 -0.162903 0
    outer loop
      vertex 79.3156 -10.4421 97.5
      vertex 78.4628 -15.6072 115
      vertex 78.4628 -15.6072 97.5
    endloop
  endfacet
  facet normal -0.812847 -0.582477 0
    outer loop
      vertex -63.4683 -48.7009 97.5
      vertex -66.5176 -44.4456 115
      vertex -66.5176 -44.4456 97.5
    endloop
  endfacet
  facet normal -0.812847 -0.582477 0
    outer loop
      vertex -66.5176 -44.4456 115
      vertex -63.4683 -48.7009 97.5
      vertex -63.4683 -48.7009 115
    endloop
  endfacet
  facet normal -0.0878109 0.891603 -0.444222
    outer loop
      vertex 22.7741 41.8104 15.6569
      vertex -10.4421 79.3156 97.5
      vertex -5.23225 79.8287 97.5
    endloop
  endfacet
  facet normal -0.935909 -0.352243 0
    outer loop
      vertex -73.9104 -30.6147 97.5
      vertex -75.7544 -25.7152 115
      vertex -75.7544 -25.7152 97.5
    endloop
  endfacet
  facet normal -0.935909 -0.352243 0
    outer loop
      vertex -75.7544 -25.7152 115
      vertex -73.9104 -30.6147 97.5
      vertex -73.9104 -30.6147 115
    endloop
  endfacet
  facet normal 0.731319 -0.561056 -0.3878
    outer loop
      vertex 63.4683 -48.7009 97.5
      vertex 26.5572 -40.2436 15.6569
      vertex 26.7302 -40.0181 15.6569
    endloop
  endfacet
  facet normal 0.855542 0.199475 -0.477762
    outer loop
      vertex 78.4628 15.6072 97.5
      vertex 27.3952 38.6123 15.6569
      vertex 77.2741 20.7055 97.5
    endloop
  endfacet
  facet normal -0.42234 -0.731532 -0.535248
    outer loop
      vertex 7.05353 -36.5647 15.6569
      vertex -40 -69.282 97.5
      vertex 6.8074 -36.4226 15.6569
    endloop
  endfacet
  facet normal 0.995185 -0.0980123 0
    outer loop
      vertex 79.3156 -10.4421 115
      vertex 79.8287 -5.23225 97.5
      vertex 79.8287 -5.23225 115
    endloop
  endfacet
  facet normal 0.995185 -0.0980123 0
    outer loop
      vertex 79.8287 -5.23225 97.5
      vertex 79.3156 -10.4421 115
      vertex 79.3156 -10.4421 97.5
    endloop
  endfacet
  facet normal 0.412718 -0.910859 0
    outer loop
      vertex 30.6147 -73.9104 97.5
      vertex 35.3831 -71.7498 115
      vertex 30.6147 -73.9104 115
    endloop
  endfacet
  facet normal 0.412718 -0.910859 0
    outer loop
      vertex 35.3831 -71.7498 115
      vertex 30.6147 -73.9104 97.5
      vertex 35.3831 -71.7498 97.5
    endloop
  endfacet
  facet normal 0.857313 0.141549 -0.494953
    outer loop
      vertex 79.3156 10.4421 97.5
      vertex 27.4597 38.3355 15.6569
      vertex 78.4628 15.6072 97.5
    endloop
  endfacet
  facet normal 0.162903 -0.986642 0
    outer loop
      vertex 10.4421 -79.3156 97.5
      vertex 15.6072 -78.4628 115
      vertex 10.4421 -79.3156 115
    endloop
  endfacet
  facet normal 0.162903 -0.986642 0
    outer loop
      vertex 15.6072 -78.4628 115
      vertex 10.4421 -79.3156 97.5
      vertex 15.6072 -78.4628 97.5
    endloop
  endfacet
  facet normal -0.720175 0.481203 -0.499791
    outer loop
      vertex -33.7979 8.40971 15.6569
      vertex -66.5176 44.4456 97.5
      vertex -32.9263 9.71416 15.6569
    endloop
  endfacet
  facet normal 0.773013 -0.634391 0
    outer loop
      vertex 60.1472 -52.7477 115
      vertex 63.4683 -48.7009 97.5
      vertex 63.4683 -48.7009 115
    endloop
  endfacet
  facet normal 0.773013 -0.634391 0
    outer loop
      vertex 63.4683 -48.7009 97.5
      vertex 60.1472 -52.7477 115
      vertex 60.1472 -52.7477 97.5
    endloop
  endfacet
  facet normal -0.0980123 -0.995185 0
    outer loop
      vertex -10.4421 -79.3156 97.5
      vertex -5.23225 -79.8287 115
      vertex -10.4421 -79.3156 115
    endloop
  endfacet
  facet normal -0.0980123 -0.995185 -0
    outer loop
      vertex -5.23225 -79.8287 115
      vertex -10.4421 -79.3156 97.5
      vertex -5.23225 -79.8287 97.5
    endloop
  endfacet
  facet normal -0.729852 -0.683606 0
    outer loop
      vertex -56.5685 -56.5685 97.5
      vertex -60.1472 -52.7477 115
      vertex -60.1472 -52.7477 97.5
    endloop
  endfacet
  facet normal -0.729852 -0.683606 0
    outer loop
      vertex -60.1472 -52.7477 115
      vertex -56.5685 -56.5685 97.5
      vertex -56.5685 -56.5685 115
    endloop
  endfacet
  facet normal -0.412718 -0.910859 0
    outer loop
      vertex -35.3831 -71.7498 97.5
      vertex -30.6147 -73.9104 115
      vertex -35.3831 -71.7498 115
    endloop
  endfacet
  facet normal -0.412718 -0.910859 -0
    outer loop
      vertex -30.6147 -73.9104 115
      vertex -35.3831 -71.7498 97.5
      vertex -30.6147 -73.9104 97.5
    endloop
  endfacet
  facet normal 0.857313 0.141561 -0.494949
    outer loop
      vertex 27.506 38.0551 15.6569
      vertex 27.4597 38.3355 15.6569
      vertex 79.3156 10.4421 97.5
    endloop
  endfacet
  facet normal 0.582477 -0.812847 0
    outer loop
      vertex 44.4456 -66.5176 97.5
      vertex 48.7009 -63.4683 115
      vertex 44.4456 -66.5176 115
    endloop
  endfacet
  facet normal 0.582477 -0.812847 0
    outer loop
      vertex 48.7009 -63.4683 115
      vertex 44.4456 -66.5176 97.5
      vertex 48.7009 -63.4683 97.5
    endloop
  endfacet
  facet normal -0.881029 -0.0288442 -0.472182
    outer loop
      vertex -79.8287 -5.23225 97.5
      vertex -80 0 97.5
      vertex -36.1274 -0.284027 15.6569
    endloop
  endfacet
  facet normal 0.844777 -0.0142478 -0.534928
    outer loop
      vertex 80 0 97.5
      vertex 27.5408 -37.6305 15.6569
      vertex 27.5432 -37.4882 15.6569
    endloop
  endfacet
  facet normal -0.645745 -0.566313 -0.512155
    outer loop
      vertex -31.546 -11.3444 15.6569
      vertex -60.1472 -52.7477 97.5
      vertex -32.5805 -10.1648 15.6569
    endloop
  endfacet
  facet normal 0.180076 -0.904276 -0.387115
    outer loop
      vertex 24.186 -41.7179 15.6569
      vertex 15.6072 -78.4628 97.5
      vertex 23.9073 -41.7734 15.6569
    endloop
  endfacet
  facet normal -0.868602 -0.143413 -0.474303
    outer loop
      vertex -78.4628 -15.6072 97.5
      vertex -79.3156 -10.4421 97.5
      vertex -35.9969 -2.13237 15.6569
    endloop
  endfacet
  facet normal -0.634391 -0.773013 0
    outer loop
      vertex -52.7477 -60.1472 97.5
      vertex -48.7009 -63.4683 115
      vertex -52.7477 -60.1472 115
    endloop
  endfacet
  facet normal -0.634391 -0.773013 -0
    outer loop
      vertex -48.7009 -63.4683 115
      vertex -52.7477 -60.1472 97.5
      vertex -48.7009 -63.4683 97.5
    endloop
  endfacet
  facet normal 0.210032 0.899953 -0.38206
    outer loop
      vertex 24.0473 41.7479 15.6569
      vertex 15.6072 78.4628 97.5
      vertex 24.3241 41.6833 15.6569
    endloop
  endfacet
  facet normal 0.856817 -0.170318 -0.486679
    outer loop
      vertex 78.4628 -15.6072 97.5
      vertex 27.4297 -38.4746 15.6569
      vertex 27.4851 -38.1959 15.6569
    endloop
  endfacet
  facet normal 0.591031 0.720178 -0.363354
    outer loop
      vertex 52.7477 60.1472 97.5
      vertex 26.0636 40.7535 15.6569
      vertex 48.7009 63.4683 97.5
    endloop
  endfacet
  facet normal -0.819718 0.308461 -0.482611
    outer loop
      vertex -34.9933 5.98576 15.6569
      vertex -75.7544 25.7152 97.5
      vertex -34.8932 6.25177 15.6569
    endloop
  endfacet
  facet normal 0.591027 0.720181 -0.363354
    outer loop
      vertex 26.0636 40.7535 15.6569
      vertex 25.8439 40.9338 15.6569
      vertex 48.7009 63.4683 97.5
    endloop
  endfacet
  facet normal -0.795715 0.360543 -0.486669
    outer loop
      vertex -34.8932 6.25177 15.6569
      vertex -73.9104 30.6147 97.5
      vertex -34.7759 6.51065 15.6569
    endloop
  endfacet
  facet normal -0.30433 -0.808603 -0.503531
    outer loop
      vertex -25.7152 -75.7544 97.5
      vertex -30.6147 -73.9104 97.5
      vertex 12.0052 -38.9859 15.6569
    endloop
  endfacet
  facet normal -0.795727 -0.360521 -0.486666
    outer loop
      vertex -34.7759 -6.51065 15.6569
      vertex -71.7498 -35.3831 97.5
      vertex -34.8932 -6.25175 15.6569
    endloop
  endfacet
  facet normal 0.209839 -0.899993 -0.382073
    outer loop
      vertex 20.7055 -77.2741 97.5
      vertex 15.6072 -78.4628 97.5
      vertex 24.186 -41.7179 15.6569
    endloop
  endfacet
  facet normal 0.676815 0.63376 -0.374526
    outer loop
      vertex 26.4654 40.3518 15.6569
      vertex 26.2711 40.5593 15.6569
      vertex 60.1472 52.7477 97.5
    endloop
  endfacet
  facet normal 0.466487 -0.807899 -0.360123
    outer loop
      vertex 40 -69.282 97.5
      vertex 25.2472 -41.3186 15.6569
      vertex 25.4933 -41.1765 15.6569
    endloop
  endfacet
  facet normal -0.444177 -0.714299 -0.540818
    outer loop
      vertex 6.8074 -36.4226 15.6569
      vertex -44.4456 -66.5176 97.5
      vertex 4.64075 -35.0753 15.6569
    endloop
  endfacet
  facet normal -0.702852 0.503733 -0.502247
    outer loop
      vertex -32.9263 9.71416 15.6569
      vertex -63.4683 48.7009 97.5
      vertex -32.7608 9.94508 15.6569
    endloop
  endfacet
  facet normal -0.560744 0.639348 -0.526118
    outer loop
      vertex -31.1443 11.7461 15.6569
      vertex -52.7477 60.1472 97.5
      vertex -29.9649 12.7805 15.6569
    endloop
  endfacet
  facet normal -0.583059 0.622503 -0.522046
    outer loop
      vertex -31.3517 11.5519 15.6569
      vertex -56.5685 56.5685 97.5
      vertex -52.7477 60.1472 97.5
    endloop
  endfacet
  facet normal 0.849121 0.257582 -0.461135
    outer loop
      vertex 77.2741 20.7055 97.5
      vertex 27.3952 38.6123 15.6569
      vertex 75.7544 25.7152 97.5
    endloop
  endfacet
  facet normal -0.839919 0.254791 -0.479184
    outer loop
      vertex -35.58 4.22823 15.6569
      vertex -77.2741 20.7055 97.5
      vertex -75.7544 25.7152 97.5
    endloop
  endfacet
  facet normal -0.737134 0.458371 -0.496518
    outer loop
      vertex -33.948 8.16837 15.6569
      vertex -69.282 40 97.5
      vertex -66.5176 44.4456 97.5
    endloop
  endfacet
  facet normal -0.702892 0.503685 -0.502239
    outer loop
      vertex -32.9263 9.71416 15.6569
      vertex -66.5176 44.4456 97.5
      vertex -63.4683 48.7009 97.5
    endloop
  endfacet
  facet normal 0.855549 0.19936 -0.477799
    outer loop
      vertex 27.4597 38.3355 15.6569
      vertex 27.3952 38.6123 15.6569
      vertex 78.4628 15.6072 97.5
    endloop
  endfacet
  facet normal -0.85626 0.199642 -0.476405
    outer loop
      vertex -35.6446 3.95148 15.6569
      vertex -78.4628 15.6072 97.5
      vertex -77.2741 20.7055 97.5
    endloop
  endfacet
  facet normal 0.747638 -0.535749 -0.392441
    outer loop
      vertex 63.4683 -48.7009 97.5
      vertex 26.7302 -40.0181 15.6569
      vertex 66.5176 -44.4456 97.5
    endloop
  endfacet
  facet normal 0.384552 -0.848698 -0.363085
    outer loop
      vertex 30.6147 -73.9104 97.5
      vertex 24.9923 -41.4443 15.6569
      vertex 35.3831 -71.7498 97.5
    endloop
  endfacet
  facet normal -0.737134 -0.458371 -0.496518
    outer loop
      vertex -66.5176 -44.4456 97.5
      vertex -69.282 -40 97.5
      vertex -33.7979 -8.40971 15.6569
    endloop
  endfacet
  facet normal 0.543317 -0.7582 -0.360471
    outer loop
      vertex 44.4456 -66.5176 97.5
      vertex 25.7296 -41.0186 15.6569
      vertex 48.7009 -63.4683 97.5
    endloop
  endfacet
  facet normal -0.444173 -0.714302 -0.540817
    outer loop
      vertex -40 -69.282 97.5
      vertex -44.4456 -66.5176 97.5
      vertex 6.8074 -36.4226 15.6569
    endloop
  endfacet
  facet normal -0.329152 -0.794441 -0.510414
    outer loop
      vertex 12.0052 -38.9859 15.6569
      vertex -30.6147 -73.9104 97.5
      vertex 11.7426 -38.8771 15.6569
    endloop
  endfacet
  facet normal 0.854532 0.0842752 -0.512516
    outer loop
      vertex 27.5339 37.7722 15.6569
      vertex 27.506 38.0551 15.6569
      vertex 79.3156 10.4421 97.5
    endloop
  endfacet
  facet normal -0.329152 0.794441 -0.510414
    outer loop
      vertex 11.7426 38.8771 15.6569
      vertex -30.6147 73.9104 97.5
      vertex 12.0052 38.9859 15.6569
    endloop
  endfacet
  facet normal 0.822225 0.372557 -0.430288
    outer loop
      vertex 73.9104 30.6147 97.5
      vertex 27.0953 39.4091 15.6569
      vertex 71.7498 35.3831 97.5
    endloop
  endfacet
  facet normal 0.239345 -0.894204 -0.378303
    outer loop
      vertex 24.4606 -41.6444 15.6569
      vertex 20.7055 -77.2741 97.5
      vertex 24.186 -41.7179 15.6569
    endloop
  endfacet
  facet normal -0.881029 0.0288442 -0.472182
    outer loop
      vertex -36.1274 0.284027 15.6569
      vertex -80 0 97.5
      vertex -79.8287 5.23225 97.5
    endloop
  endfacet
  facet normal -0.768136 0.41058 -0.491315
    outer loop
      vertex -33.948 8.16837 15.6569
      vertex -71.7498 35.3831 97.5
      vertex -69.282 40 97.5
    endloop
  endfacet
  facet normal -0.353346 0.779856 -0.516692
    outer loop
      vertex 9.48985 37.8564 15.6569
      vertex -30.6147 73.9104 97.5
      vertex 11.7426 38.8771 15.6569
    endloop
  endfacet
  facet normal -0.876866 -0.0864961 -0.472889
    outer loop
      vertex -35.9969 -2.13237 15.6569
      vertex -79.8287 -5.23225 97.5
      vertex -36.0248 -1.84953 15.6569
    endloop
  endfacet
  facet normal -0.582957 0.622582 -0.522066
    outer loop
      vertex -31.3517 11.5519 15.6569
      vertex -52.7477 60.1472 97.5
      vertex -31.1443 11.7461 15.6569
    endloop
  endfacet
  facet normal -0.144646 -0.876071 -0.459974
    outer loop
      vertex -10.4421 -79.3156 97.5
      vertex -15.6072 -78.4628 97.5
      vertex 19.9185 -41.3573 15.6569
    endloop
  endfacet
  facet normal -0.876879 0.0863607 -0.472891
    outer loop
      vertex -36.0248 1.84953 15.6569
      vertex -79.8287 5.23225 97.5
      vertex -79.3156 10.4421 97.5
    endloop
  endfacet
  facet normal -0.376875 -0.764364 -0.523176
    outer loop
      vertex 9.48985 -37.8564 15.6569
      vertex -35.3831 -71.7498 97.5
      vertex 9.23491 -37.7307 15.6569
    endloop
  endfacet
  facet normal -0.879204 0.0576213 -0.472948
    outer loop
      vertex -36.1274 0.284027 15.6569
      vertex -79.8287 5.23225 97.5
      vertex -36.0248 1.84953 15.6569
    endloop
  endfacet
  facet normal -0.645745 0.566313 -0.512155
    outer loop
      vertex -32.5805 10.1648 15.6569
      vertex -60.1472 52.7477 97.5
      vertex -31.546 11.3444 15.6569
    endloop
  endfacet
  facet normal -0.737091 0.458429 -0.496527
    outer loop
      vertex -33.948 8.16837 15.6569
      vertex -66.5176 44.4456 97.5
      vertex -33.7979 8.40971 15.6569
    endloop
  endfacet
  facet normal -0.702784 -0.503814 -0.50226
    outer loop
      vertex -32.7607 -9.94516 15.6569
      vertex -63.4683 -48.7009 97.5
      vertex -32.9263 -9.71416 15.6569
    endloop
  endfacet
  facet normal -0.702892 -0.503685 -0.502239
    outer loop
      vertex -63.4683 -48.7009 97.5
      vertex -66.5176 -44.4456 97.5
      vertex -32.9263 -9.71416 15.6569
    endloop
  endfacet
  facet normal -0.460546 -0.702721 -0.542292
    outer loop
      vertex -28.0014 -14.1362 15.6569
      vertex -44.4456 -66.5176 97.5
      vertex -28.0693 -14.0917 15.6569
    endloop
  endfacet
  facet normal -0.768147 0.410561 -0.491314
    outer loop
      vertex -34.082 7.91766 15.6569
      vertex -71.7498 35.3831 97.5
      vertex -33.948 8.16837 15.6569
    endloop
  endfacet
  facet normal -0.538209 -0.655815 -0.529375
    outer loop
      vertex -48.7009 -63.4683 97.5
      vertex -52.7477 -60.1472 97.5
      vertex -29.9649 -12.7805 15.6569
    endloop
  endfacet
  facet normal -0.304323 -0.808607 -0.50353
    outer loop
      vertex 14.3203 -39.8572 15.6569
      vertex -25.7152 -75.7544 97.5
      vertex 12.0052 -38.9859 15.6569
    endloop
  endfacet
  facet normal -0.400007 -0.748343 -0.529128
    outer loop
      vertex 9.23491 -37.7307 15.6569
      vertex -40 -69.282 97.5
      vertex 7.05353 -36.5647 15.6569
    endloop
  endfacet
  facet normal -0.560744 -0.639348 -0.526118
    outer loop
      vertex -29.9649 -12.7805 15.6569
      vertex -52.7477 -60.1472 97.5
      vertex -31.1443 -11.7461 15.6569
    endloop
  endfacet
  facet normal 0.84913 -0.257585 -0.461116
    outer loop
      vertex 75.7544 -25.7152 97.5
      vertex 27.3561 -38.7491 15.6569
      vertex 77.2741 -20.7055 97.5
    endloop
  endfacet
  facet normal -0.400007 0.748343 -0.529128
    outer loop
      vertex 7.05353 36.5647 15.6569
      vertex -40 69.282 97.5
      vertex 9.23491 37.7307 15.6569
    endloop
  endfacet
  facet normal -0.376875 0.764364 -0.523176
    outer loop
      vertex 9.23491 37.7307 15.6569
      vertex -35.3831 71.7498 97.5
      vertex 9.48985 37.8564 15.6569
    endloop
  endfacet
  facet normal -0.839913 -0.254809 -0.479186
    outer loop
      vertex -35.4975 -4.5002 15.6569
      vertex -75.7544 -25.7152 97.5
      vertex -35.58 -4.22826 15.6569
    endloop
  endfacet
  facet normal -0.665643 0.546275 -0.508431
    outer loop
      vertex -32.5805 10.1648 15.6569
      vertex -63.4683 48.7009 97.5
      vertex -60.1472 52.7477 97.5
    endloop
  endfacet
  facet normal -0.172549 0.866786 -0.467876
    outer loop
      vertex 19.6397 41.3018 15.6569
      vertex -15.6072 78.4628 97.5
      vertex 19.9185 41.3573 15.6569
    endloop
  endfacet
  facet normal -0.144636 0.876074 -0.459972
    outer loop
      vertex 19.9185 41.3573 15.6569
      vertex -10.4421 79.3156 97.5
      vertex 22.3589 41.7602 15.6569
    endloop
  endfacet
  facet normal -0.665672 0.546244 -0.508427
    outer loop
      vertex -32.7608 9.94508 15.6569
      vertex -63.4683 48.7009 97.5
      vertex -32.5805 10.1648 15.6569
    endloop
  endfacet
  facet normal -0.453291 -0.706624 -0.543332
    outer loop
      vertex 4.58919 -35.0427 15.6569
      vertex -44.4456 -66.5176 97.5
      vertex -28.0014 -14.1362 15.6569
    endloop
  endfacet
  facet normal -0.795714 -0.360544 -0.486669
    outer loop
      vertex -71.7498 -35.3831 97.5
      vertex -73.9104 -30.6147 97.5
      vertex -34.8932 -6.25175 15.6569
    endloop
  endfacet
  facet normal 0.269183 0.88749 -0.374035
    outer loop
      vertex 24.5961 41.6008 15.6569
      vertex 24.3241 41.6833 15.6569
      vertex 25.7152 75.7544 97.5
    endloop
  endfacet
  facet normal -0.453291 0.706624 -0.543332
    outer loop
      vertex -28.0014 14.1362 15.6569
      vertex -44.4456 66.5176 97.5
      vertex 4.58919 35.0427 15.6569
    endloop
  endfacet
  facet normal -0.8197 -0.308506 -0.482613
    outer loop
      vertex -73.9104 -30.6147 97.5
      vertex -75.7544 -25.7152 97.5
      vertex -34.8932 -6.25175 15.6569
    endloop
  endfacet
  facet normal -0.353346 -0.779856 -0.516692
    outer loop
      vertex 11.7426 -38.8771 15.6569
      vertex -30.6147 -73.9104 97.5
      vertex 9.48985 -37.8564 15.6569
    endloop
  endfacet
  facet normal -0.199798 -0.856929 -0.475136
    outer loop
      vertex -15.6072 -78.4628 97.5
      vertex -20.7055 -77.2741 97.5
      vertex 19.6397 -41.3018 15.6569
    endloop
  endfacet
  facet normal -0.665727 -0.546184 -0.50842
    outer loop
      vertex -32.5805 -10.1648 15.6569
      vertex -63.4683 -48.7009 97.5
      vertex -32.7607 -9.94516 15.6569
    endloop
  endfacet
  facet normal -0.583059 -0.622503 -0.522046
    outer loop
      vertex -52.7477 -60.1472 97.5
      vertex -56.5685 -56.5685 97.5
      vertex -31.1443 -11.7461 15.6569
    endloop
  endfacet
  facet normal 0.543459 0.758087 -0.360495
    outer loop
      vertex 25.8439 40.9338 15.6569
      vertex 25.6129 41.0994 15.6569
      vertex 44.4456 66.5176 97.5
    endloop
  endfacet
  facet normal -0.46712 -0.699132 -0.541308
    outer loop
      vertex -28.0693 -14.0917 15.6569
      vertex -44.4456 -66.5176 97.5
      vertex -29.5142 -13.1263 15.6569
    endloop
  endfacet
  facet normal -0.625684 0.585882 -0.515036
    outer loop
      vertex -31.546 11.3444 15.6569
      vertex -56.5685 56.5685 97.5
      vertex -31.3517 11.5519 15.6569
    endloop
  endfacet
  facet normal -0.353356 -0.77985 -0.516695
    outer loop
      vertex -30.6147 -73.9104 97.5
      vertex -35.3831 -71.7498 97.5
      vertex 9.48985 -37.8564 15.6569
    endloop
  endfacet
  facet normal 0.439463 0.822803 -0.360371
    outer loop
      vertex 25.3716 41.2495 15.6569
      vertex 25.1209 41.3834 15.6569
      vertex 40 69.282 97.5
    endloop
  endfacet
  facet normal -0.782115 0.385718 -0.489406
    outer loop
      vertex -34.7759 6.51065 15.6569
      vertex -71.7498 35.3831 97.5
      vertex -34.082 7.91766 15.6569
    endloop
  endfacet
  facet normal 0.635622 0.678622 -0.368044
    outer loop
      vertex 56.5685 56.5685 97.5
      vertex 26.2711 40.5593 15.6569
      vertex 52.7477 60.1472 97.5
    endloop
  endfacet
  facet normal 0.518302 -0.775647 -0.360186
    outer loop
      vertex 44.4456 -66.5176 97.5
      vertex 25.4933 -41.1765 15.6569
      vertex 25.7296 -41.0186 15.6569
    endloop
  endfacet
  facet normal 0.856286 -0.112733 -0.504049
    outer loop
      vertex 79.3156 -10.4421 97.5
      vertex 27.4851 -38.1959 15.6569
      vertex 27.5222 -37.9141 15.6569
    endloop
  endfacet
  facet normal -0.538206 0.655817 -0.529376
    outer loop
      vertex -29.9649 12.7805 15.6569
      vertex -48.7009 63.4683 97.5
      vertex -29.7452 12.9608 15.6569
    endloop
  endfacet
  facet normal 0.0597067 -0.910367 -0.409471
    outer loop
      vertex 23.6255 -41.8104 15.6569
      vertex 5.23225 -79.8287 97.5
      vertex 23.3419 -41.829 15.6569
    endloop
  endfacet
  facet normal -0.795714 0.360545 -0.486669
    outer loop
      vertex -34.7759 6.51065 15.6569
      vertex -73.9104 30.6147 97.5
      vertex -71.7498 35.3831 97.5
    endloop
  endfacet
  facet normal 0.209837 0.899984 -0.382095
    outer loop
      vertex 24.3241 41.6833 15.6569
      vertex 15.6072 78.4628 97.5
      vertex 20.7055 77.2741 97.5
    endloop
  endfacet
  facet normal -0.868602 0.143413 -0.474303
    outer loop
      vertex -35.9506 2.41283 15.6569
      vertex -79.3156 10.4421 97.5
      vertex -78.4628 15.6072 97.5
    endloop
  endfacet
  facet normal 0.855553 -0.199477 -0.477743
    outer loop
      vertex 77.2741 -20.7055 97.5
      vertex 27.4297 -38.4746 15.6569
      vertex 78.4628 -15.6072 97.5
    endloop
  endfacet
  facet normal 0.852715 -0.228633 -0.469685
    outer loop
      vertex 77.2741 -20.7055 97.5
      vertex 27.3561 -38.7491 15.6569
      vertex 27.4297 -38.4746 15.6569
    endloop
  endfacet
  facet normal 0.327531 0.870363 -0.367684
    outer loop
      vertex 24.8621 41.5007 15.6569
      vertex 24.5961 41.6008 15.6569
      vertex 30.6147 73.9104 97.5
    endloop
  endfacet
  facet normal -0.737156 -0.458337 -0.496515
    outer loop
      vertex -33.7979 -8.40971 15.6569
      vertex -69.282 -40 97.5
      vertex -33.948 -8.1683 15.6569
    endloop
  endfacet
  facet normal -0.839919 -0.254791 -0.479184
    outer loop
      vertex -75.7544 -25.7152 97.5
      vertex -77.2741 -20.7055 97.5
      vertex -35.58 -4.22826 15.6569
    endloop
  endfacet
  facet normal -0.85626 -0.199642 -0.476406
    outer loop
      vertex -77.2741 -20.7055 97.5
      vertex -78.4628 -15.6072 97.5
      vertex -35.58 -4.22826 15.6569
    endloop
  endfacet
  facet normal -0.444177 0.714299 -0.540818
    outer loop
      vertex 4.64075 35.0753 15.6569
      vertex -44.4456 66.5176 97.5
      vertex 6.8074 36.4226 15.6569
    endloop
  endfacet
  facet normal -0.625692 -0.58587 -0.51504
    outer loop
      vertex -31.3518 -11.5518 15.6569
      vertex -60.1472 -52.7477 97.5
      vertex -31.546 -11.3444 15.6569
    endloop
  endfacet
  facet normal -0.116184 0.884254 -0.452322
    outer loop
      vertex 22.3589 41.7602 15.6569
      vertex -10.4421 79.3156 97.5
      vertex 22.6405 41.7972 15.6569
    endloop
  endfacet
  facet normal -0.491307 -0.685752 -0.536992
    outer loop
      vertex -29.5142 -13.1263 15.6569
      vertex -44.4456 -66.5176 97.5
      vertex -29.7452 -12.9608 15.6569
    endloop
  endfacet
  facet normal -0.491375 -0.685714 -0.536979
    outer loop
      vertex -44.4456 -66.5176 97.5
      vertex -48.7009 -63.4683 97.5
      vertex -29.7452 -12.9608 15.6569
    endloop
  endfacet
  facet normal -0.253073 -0.834377 -0.489663
    outer loop
      vertex 16.9563 -40.6665 15.6569
      vertex -25.7152 -75.7544 97.5
      vertex 14.5894 -39.9486 15.6569
    endloop
  endfacet
  facet normal 0.695826 -0.610191 -0.378806
    outer loop
      vertex 60.1472 -52.7477 97.5
      vertex 26.3698 -40.4573 15.6569
      vertex 26.5572 -40.2436 15.6569
    endloop
  endfacet
  facet normal 0.355987 -0.860003 -0.365607
    outer loop
      vertex 30.6147 -73.9104 97.5
      vertex 24.7297 -41.553 15.6569
      vertex 24.9923 -41.4443 15.6569
    endloop
  endfacet
  facet normal -0.116184 -0.884254 -0.452322
    outer loop
      vertex 22.6405 -41.7972 15.6569
      vertex -10.4421 -79.3156 97.5
      vertex 22.3589 -41.7602 15.6569
    endloop
  endfacet
  facet normal -0.444173 0.714302 -0.540817
    outer loop
      vertex 6.8074 36.4226 15.6569
      vertex -44.4456 66.5176 97.5
      vertex -40 69.282 97.5
    endloop
  endfacet
  facet normal -0.199798 0.856929 -0.475136
    outer loop
      vertex 19.6397 41.3018 15.6569
      vertex -20.7055 77.2741 97.5
      vertex -15.6072 78.4628 97.5
    endloop
  endfacet
  facet normal 0.412296 -0.836072 -0.361932
    outer loop
      vertex 35.3831 -71.7498 97.5
      vertex 24.9923 -41.4443 15.6569
      vertex 25.2472 -41.3186 15.6569
    endloop
  endfacet
  facet normal 0.635628 -0.678628 -0.368022
    outer loop
      vertex 52.7477 -60.1472 97.5
      vertex 26.1688 -40.6582 15.6569
      vertex 56.5685 -56.5685 97.5
    endloop
  endfacet
  facet normal 0.822234 -0.372561 -0.430268
    outer loop
      vertex 71.7498 -35.3831 97.5
      vertex 27.1559 -39.2808 15.6569
      vertex 73.9104 -30.6147 97.5
    endloop
  endfacet
  facet normal 0.830509 -0.344095 -0.43801
    outer loop
      vertex 73.9104 -30.6147 97.5
      vertex 27.1559 -39.2808 15.6569
      vertex 27.2647 -39.0182 15.6569
    endloop
  endfacet
  facet normal 0.851266 -0.0558306 -0.521756
    outer loop
      vertex 79.8287 -5.23225 97.5
      vertex 27.5222 -37.9141 15.6569
      vertex 27.5408 -37.6305 15.6569
    endloop
  endfacet
  facet normal 0.854534 -0.0841601 -0.512532
    outer loop
      vertex 79.3156 -10.4421 97.5
      vertex 27.5222 -37.9141 15.6569
      vertex 79.8287 -5.23225 97.5
    endloop
  endfacet
  facet normal -0.144646 0.876071 -0.459974
    outer loop
      vertex 19.9185 41.3573 15.6569
      vertex -15.6072 78.4628 97.5
      vertex -10.4421 79.3156 97.5
    endloop
  endfacet
  facet normal -0.353356 0.77985 -0.516695
    outer loop
      vertex 9.48985 37.8564 15.6569
      vertex -35.3831 71.7498 97.5
      vertex -30.6147 73.9104 97.5
    endloop
  endfacet
  facet normal 0.492758 0.792435 -0.359495
    outer loop
      vertex 44.4456 66.5176 97.5
      vertex 25.3716 41.2495 15.6569
      vertex 40 69.282 97.5
    endloop
  endfacet
  facet normal -0.876864 0.0864807 -0.472896
    outer loop
      vertex -36.0248 1.84953 15.6569
      vertex -79.3156 10.4421 97.5
      vertex -35.9969 2.13242 15.6569
    endloop
  endfacet
  facet normal 0.0897025 0.91081 -0.402962
    outer loop
      vertex 23.4841 41.822 15.6569
      vertex 5.23225 79.8287 97.5
      vertex 10.4421 79.3156 97.5
    endloop
  endfacet
  facet normal -0.862678 -0.171566 -0.475764
    outer loop
      vertex -35.6446 -3.95148 15.6569
      vertex -78.4628 -15.6072 97.5
      vertex -35.9506 -2.41283 15.6569
    endloop
  endfacet
  facet normal -0.538209 0.655815 -0.529375
    outer loop
      vertex -29.9649 12.7805 15.6569
      vertex -52.7477 60.1472 97.5
      vertex -48.7009 63.4683 97.5
    endloop
  endfacet
  facet normal -0.81971 -0.308482 -0.482612
    outer loop
      vertex -34.8932 -6.25175 15.6569
      vertex -75.7544 -25.7152 97.5
      vertex -34.9933 -5.98576 15.6569
    endloop
  endfacet
  facet normal -0.768095 -0.410648 -0.491324
    outer loop
      vertex -33.948 -8.1683 15.6569
      vertex -69.282 -40 97.5
      vertex -34.082 -7.91766 15.6569
    endloop
  endfacet
  facet normal -0.768136 -0.41058 -0.491315
    outer loop
      vertex -69.282 -40 97.5
      vertex -71.7498 -35.3831 97.5
      vertex -34.082 -7.91766 15.6569
    endloop
  endfacet
  facet normal -0.582971 -0.622575 -0.522059
    outer loop
      vertex -31.1443 -11.7461 15.6569
      vertex -56.5685 -56.5685 97.5
      vertex -31.3518 -11.5518 15.6569
    endloop
  endfacet
  facet normal -0.625599 -0.585959 -0.515052
    outer loop
      vertex -56.5685 -56.5685 97.5
      vertex -60.1472 -52.7477 97.5
      vertex -31.3518 -11.5518 15.6569
    endloop
  endfacet
  facet normal 0.656351 -0.656678 -0.371453
    outer loop
      vertex 56.5685 -56.5685 97.5
      vertex 26.1688 -40.6582 15.6569
      vertex 26.3698 -40.4573 15.6569
    endloop
  endfacet
  facet normal -0.279088 -0.821691 -0.496924
    outer loop
      vertex 14.5894 -39.9486 15.6569
      vertex -25.7152 -75.7544 97.5
      vertex 14.3203 -39.8572 15.6569
    endloop
  endfacet
  facet normal -0.226804 -0.845892 -0.482728
    outer loop
      vertex 17.2308 -40.7401 15.6569
      vertex -20.7055 -77.2741 97.5
      vertex 16.9563 -40.6665 15.6569
    endloop
  endfacet
  facet normal -0.253105 -0.834361 -0.489673
    outer loop
      vertex -20.7055 -77.2741 97.5
      vertex -25.7152 -75.7544 97.5
      vertex 16.9563 -40.6665 15.6569
    endloop
  endfacet
  facet normal -0.0588632 -0.897505 -0.437058
    outer loop
      vertex 23.0577 -41.829 15.6569
      vertex -5.23225 -79.8287 97.5
      vertex 22.7741 -41.8104 15.6569
    endloop
  endfacet
  facet normal -0.199814 -0.856922 -0.475141
    outer loop
      vertex 19.6397 -41.3018 15.6569
      vertex -20.7055 -77.2741 97.5
      vertex 17.2308 -40.7401 15.6569
    endloop
  endfacet
  facet normal -0.144636 -0.876074 -0.459972
    outer loop
      vertex 22.3589 -41.7602 15.6569
      vertex -10.4421 -79.3156 97.5
      vertex 19.9185 -41.3573 15.6569
    endloop
  endfacet
  facet normal 0.327572 -0.870358 -0.367658
    outer loop
      vertex 25.7152 -75.7544 97.5
      vertex 24.7297 -41.553 15.6569
      vertex 30.6147 -73.9104 97.5
    endloop
  endfacet
  facet normal -0.199814 0.856922 -0.475141
    outer loop
      vertex 17.2308 40.7401 15.6569
      vertex -20.7055 77.2741 97.5
      vertex 19.6397 41.3018 15.6569
    endloop
  endfacet
  facet normal -0.460546 0.702721 -0.542292
    outer loop
      vertex -28.0693 14.0917 15.6569
      vertex -44.4456 66.5176 97.5
      vertex -28.0014 14.1362 15.6569
    endloop
  endfacet
  facet normal 0.43973 -0.822671 -0.360347
    outer loop
      vertex 35.3831 -71.7498 97.5
      vertex 25.2472 -41.3186 15.6569
      vertex 40 -69.282 97.5
    endloop
  endfacet
  facet normal 0.613606 -0.699721 -0.365893
    outer loop
      vertex 52.7477 -60.1472 97.5
      vertex 25.9551 -40.8456 15.6569
      vertex 26.1688 -40.6582 15.6569
    endloop
  endfacet
  facet normal 0.591037 -0.720185 -0.363331
    outer loop
      vertex 48.7009 -63.4683 97.5
      vertex 25.9551 -40.8456 15.6569
      vertex 52.7477 -60.1472 97.5
    endloop
  endfacet
  facet normal 0.269219 0.88748 -0.374032
    outer loop
      vertex 24.3241 41.6833 15.6569
      vertex 20.7055 77.2741 97.5
      vertex 25.7152 75.7544 97.5
    endloop
  endfacet
  facet normal 0.801833 -0.428591 -0.416381
    outer loop
      vertex 69.282 -40 97.5
      vertex 27.0302 -39.5357 15.6569
      vertex 71.7498 -35.3831 97.5
    endloop
  endfacet
  facet normal -0.491375 0.685714 -0.536979
    outer loop
      vertex -29.7452 12.9608 15.6569
      vertex -48.7009 63.4683 97.5
      vertex -44.4456 66.5176 97.5
    endloop
  endfacet
  facet normal -0.856212 -0.199839 -0.476408
    outer loop
      vertex -35.58 -4.22826 15.6569
      vertex -78.4628 -15.6072 97.5
      vertex -35.6446 -3.95148 15.6569
    endloop
  endfacet
  facet normal 0.714171 0.586101 -0.382681
    outer loop
      vertex 63.4683 48.7009 97.5
      vertex 26.4654 40.3518 15.6569
      vertex 60.1472 52.7477 97.5
    endloop
  endfacet
  facet normal -0.830047 -0.281718 -0.481308
    outer loop
      vertex -34.9933 -5.98576 15.6569
      vertex -75.7544 -25.7152 97.5
      vertex -35.4975 -4.5002 15.6569
    endloop
  endfacet
  facet normal -0.782115 -0.385718 -0.489406
    outer loop
      vertex -34.082 -7.91766 15.6569
      vertex -71.7498 -35.3831 97.5
      vertex -34.7759 -6.51065 15.6569
    endloop
  endfacet
  facet normal -0.172549 -0.866786 -0.467876
    outer loop
      vertex 19.9185 -41.3573 15.6569
      vertex -15.6072 -78.4628 97.5
      vertex 19.6397 -41.3018 15.6569
    endloop
  endfacet
  facet normal -0.0880859 -0.891536 -0.444303
    outer loop
      vertex 22.7741 -41.8104 15.6569
      vertex -10.4421 -79.3156 97.5
      vertex 22.6405 -41.7972 15.6569
    endloop
  endfacet
  facet normal 0.0297633 -0.909102 -0.41551
    outer loop
      vertex 5.23225 -79.8287 97.5
      vertex 0 -80 97.5
      vertex 23.3419 -41.829 15.6569
    endloop
  endfacet
  facet normal 0.492763 -0.792442 -0.359472
    outer loop
      vertex 40 -69.282 97.5
      vertex 25.4933 -41.1765 15.6569
      vertex 44.4456 -66.5176 97.5
    endloop
  endfacet
  facet normal 0.298649 -0.879283 -0.37104
    outer loop
      vertex 25.7152 -75.7544 97.5
      vertex 24.4606 -41.6444 15.6569
      vertex 24.7297 -41.553 15.6569
    endloop
  endfacet
  facet normal 0.269221 -0.887489 -0.374009
    outer loop
      vertex 25.7152 -75.7544 97.5
      vertex 20.7055 -77.2741 97.5
      vertex 24.4606 -41.6444 15.6569
    endloop
  endfacet
  facet normal 0.543312 0.758192 -0.360494
    outer loop
      vertex 48.7009 63.4683 97.5
      vertex 25.8439 40.9338 15.6569
      vertex 44.4456 66.5176 97.5
    endloop
  endfacet
  facet normal 0.789753 -0.456009 -0.4103
    outer loop
      vertex 69.282 -40 97.5
      vertex 26.8881 -39.7818 15.6569
      vertex 27.0302 -39.5357 15.6569
    endloop
  endfacet
  facet normal 0.776922 -0.483112 -0.403726
    outer loop
      vertex 66.5176 -44.4456 97.5
      vertex 26.8881 -39.7818 15.6569
      vertex 69.282 -40 97.5
    endloop
  endfacet
  facet normal -0.44905 0.710215 -0.542171
    outer loop
      vertex 4.58919 35.0427 15.6569
      vertex -44.4456 66.5176 97.5
      vertex 4.64075 35.0753 15.6569
    endloop
  endfacet
  facet normal -0 -0.906278 -0.422681
    outer loop
      vertex 23.3419 -41.829 15.6569
      vertex 0 -80 97.5
      vertex 23.0577 -41.829 15.6569
    endloop
  endfacet
  facet normal -0.0295527 -0.902667 -0.429323
    outer loop
      vertex 0 -80 97.5
      vertex -5.23225 -79.8287 97.5
      vertex 23.0577 -41.829 15.6569
    endloop
  endfacet
  facet normal 0.119446 -0.909729 -0.39765
    outer loop
      vertex 23.9073 -41.7734 15.6569
      vertex 10.4421 -79.3156 97.5
      vertex 23.6255 -41.8104 15.6569
    endloop
  endfacet
  facet normal 0.0897035 -0.91082 -0.40294
    outer loop
      vertex 10.4421 -79.3156 97.5
      vertex 5.23225 -79.8287 97.5
      vertex 23.6255 -41.8104 15.6569
    endloop
  endfacet
  facet normal -0.0880859 0.891536 -0.444303
    outer loop
      vertex 22.6405 41.7972 15.6569
      vertex -10.4421 79.3156 97.5
      vertex 22.7741 41.8104 15.6569
    endloop
  endfacet
  facet normal -0.0295588 0.902656 -0.429346
    outer loop
      vertex 22.916 41.822 15.6569
      vertex 0 80 97.5
      vertex 23.2 41.8313 15.6569
    endloop
  endfacet
  facet normal 0.676736 0.633855 -0.374508
    outer loop
      vertex 60.1472 52.7477 97.5
      vertex 26.2711 40.5593 15.6569
      vertex 56.5685 56.5685 97.5
    endloop
  endfacet
  facet normal -0.30433 0.808603 -0.503531
    outer loop
      vertex 12.0052 38.9859 15.6569
      vertex -30.6147 73.9104 97.5
      vertex -25.7152 75.7544 97.5
    endloop
  endfacet
  facet normal -0.400002 0.748347 -0.529127
    outer loop
      vertex 9.23491 37.7307 15.6569
      vertex -40 69.282 97.5
      vertex -35.3831 71.7498 97.5
    endloop
  endfacet
  facet normal -0.42234 0.731532 -0.535248
    outer loop
      vertex 6.8074 36.4226 15.6569
      vertex -40 69.282 97.5
      vertex 7.05353 36.5647 15.6569
    endloop
  endfacet
  facet normal 0.838014 0.315399 -0.445259
    outer loop
      vertex 75.7544 25.7152 97.5
      vertex 27.3127 38.8842 15.6569
      vertex 73.9104 30.6147 97.5
    endloop
  endfacet
  facet normal 0.635363 0.678877 -0.368022
    outer loop
      vertex 26.2711 40.5593 15.6569
      vertex 26.0636 40.7535 15.6569
      vertex 52.7477 60.1472 97.5
    endloop
  endfacet
  facet normal -0.253073 0.834377 -0.489663
    outer loop
      vertex 14.5894 39.9486 15.6569
      vertex -25.7152 75.7544 97.5
      vertex 16.9563 40.6665 15.6569
    endloop
  endfacet
  facet normal -0.253105 0.834361 -0.489673
    outer loop
      vertex 16.9563 40.6665 15.6569
      vertex -25.7152 75.7544 97.5
      vertex -20.7055 77.2741 97.5
    endloop
  endfacet
  facet normal -0.0731396 0.894699 -0.44064
    outer loop
      vertex 22.7741 41.8104 15.6569
      vertex -5.23225 79.8287 97.5
      vertex 22.916 41.822 15.6569
    endloop
  endfacet
  facet normal 0.327569 0.87035 -0.367681
    outer loop
      vertex 30.6147 73.9104 97.5
      vertex 24.5961 41.6008 15.6569
      vertex 25.7152 75.7544 97.5
    endloop
  endfacet
  facet normal 0.747674 0.535671 -0.39248
    outer loop
      vertex 26.8112 39.9011 15.6569
      vertex 26.6457 40.1321 15.6569
      vertex 66.5176 44.4456 97.5
    endloop
  endfacet
  facet normal 0.0895355 0.910814 -0.40299
    outer loop
      vertex 23.4841 41.822 15.6569
      vertex 10.4421 79.3156 97.5
      vertex 23.7669 41.7942 15.6569
    endloop
  endfacet
  facet normal -0.226804 0.845892 -0.482728
    outer loop
      vertex 16.9563 40.6665 15.6569
      vertex -20.7055 77.2741 97.5
      vertex 17.2308 40.7401 15.6569
    endloop
  endfacet
  facet normal -0.304323 0.808607 -0.50353
    outer loop
      vertex 12.0052 38.9859 15.6569
      vertex -25.7152 75.7544 97.5
      vertex 14.3203 39.8572 15.6569
    endloop
  endfacet
  facet normal 0.0297591 0.909092 -0.415532
    outer loop
      vertex 23.2 41.8313 15.6569
      vertex 0 80 97.5
      vertex 23.4841 41.822 15.6569
    endloop
  endfacet
  facet normal 0.149892 0.907772 -0.391769
    outer loop
      vertex 23.7669 41.7942 15.6569
      vertex 10.4421 79.3156 97.5
      vertex 24.0473 41.7479 15.6569
    endloop
  endfacet
  facet normal -0.279088 0.821691 -0.496924
    outer loop
      vertex 14.3203 39.8572 15.6569
      vertex -25.7152 75.7544 97.5
      vertex 14.5894 39.9486 15.6569
    endloop
  endfacet
  facet normal 0.714174 0.586097 -0.382682
    outer loop
      vertex 26.6457 40.1321 15.6569
      vertex 26.4654 40.3518 15.6569
      vertex 63.4683 48.7009 97.5
    endloop
  endfacet
  facet normal 0.747631 0.535744 -0.392463
    outer loop
      vertex 66.5176 44.4456 97.5
      vertex 26.6457 40.1321 15.6569
      vertex 63.4683 48.7009 97.5
    endloop
  endfacet
  facet normal 0.384548 0.84869 -0.363109
    outer loop
      vertex 35.3831 71.7498 97.5
      vertex 25.1209 41.3834 15.6569
      vertex 30.6147 73.9104 97.5
    endloop
  endfacet
  facet normal 0.439725 0.822663 -0.360371
    outer loop
      vertex 40 69.282 97.5
      vertex 25.1209 41.3834 15.6569
      vertex 35.3831 71.7498 97.5
    endloop
  endfacet
  facet normal 0.801825 0.428587 -0.416402
    outer loop
      vertex 71.7498 35.3831 97.5
      vertex 27.0953 39.4091 15.6569
      vertex 69.282 40 97.5
    endloop
  endfacet
  facet normal 0.822233 0.37253 -0.430296
    outer loop
      vertex 27.2126 39.1502 15.6569
      vertex 27.0953 39.4091 15.6569
      vertex 73.9104 30.6147 97.5
    endloop
  endfacet
  facet normal 0.149881 0.907773 -0.391771
    outer loop
      vertex 24.0473 41.7479 15.6569
      vertex 10.4421 79.3156 97.5
      vertex 15.6072 78.4628 97.5
    endloop
  endfacet
  facet normal 0.801828 0.42858 -0.416403
    outer loop
      vertex 27.0953 39.4091 15.6569
      vertex 26.9613 39.6598 15.6569
      vertex 69.282 40 97.5
    endloop
  endfacet
  facet normal 0.776847 0.483236 -0.403722
    outer loop
      vertex 26.9613 39.6598 15.6569
      vertex 26.8112 39.9011 15.6569
      vertex 66.5176 44.4456 97.5
    endloop
  endfacet
  facet normal 0.838024 0.315362 -0.445268
    outer loop
      vertex 27.3127 38.8842 15.6569
      vertex 27.2126 39.1502 15.6569
      vertex 73.9104 30.6147 97.5
    endloop
  endfacet
  facet normal 0.194794 -0.980844 0
    outer loop
      vertex 23.5257 -39.4615 0
      vertex 23.6541 -39.436 10
      vertex 23.5257 -39.4615 10
    endloop
  endfacet
  facet normal 0.194794 -0.980844 0
    outer loop
      vertex 23.6541 -39.436 10
      vertex 23.5257 -39.4615 0
      vertex 23.6541 -39.436 0
    endloop
  endfacet
  facet normal -0.442318 0.896858 0
    outer loop
      vertex 10.4569 35.7221 0
      vertex 10.3395 35.6642 10
      vertex 10.4569 35.7221 10
    endloop
  endfacet
  facet normal -0.442318 0.896858 0
    outer loop
      vertex 10.3395 35.6642 10
      vertex 10.4569 35.7221 0
      vertex 10.3395 35.6642 0
    endloop
  endfacet
  facet normal -0.730145 0.683293 0
    outer loop
      vertex -29.7843 9.79947 0
      vertex -29.6949 9.895 10
      vertex -29.6949 9.895 0
    endloop
  endfacet
  facet normal -0.730145 0.683293 0
    outer loop
      vertex -29.6949 9.895 10
      vertex -29.7843 9.79947 0
      vertex -29.7843 9.79947 10
    endloop
  endfacet
  facet normal 0.130712 -0.99142 0
    outer loop
      vertex 23.396 -39.4786 0
      vertex 23.5257 -39.4615 10
      vertex 23.396 -39.4786 10
    endloop
  endfacet
  facet normal 0.130712 -0.99142 0
    outer loop
      vertex 23.5257 -39.4615 10
      vertex 23.396 -39.4786 0
      vertex 23.5257 -39.4615 0
    endloop
  endfacet
  facet normal -0.412712 -0.910862 0
    outer loop
      vertex 10.4569 -35.7221 0
      vertex 12.7096 -36.7428 10
      vertex 10.4569 -35.7221 10
    endloop
  endfacet
  facet normal -0.412712 -0.910862 -0
    outer loop
      vertex 12.7096 -36.7428 10
      vertex 10.4569 -35.7221 0
      vertex 12.7096 -36.7428 0
    endloop
  endfacet
  facet normal -0.227085 -0.973875 0
    outer loop
      vertex 17.7629 -38.4582 0
      vertex 20.1718 -39.0199 10
      vertex 17.7629 -38.4582 10
    endloop
  endfacet
  facet normal -0.227085 -0.973875 -0
    outer loop
      vertex 20.1718 -39.0199 10
      vertex 17.7629 -38.4582 0
      vertex 20.1718 -39.0199 0
    endloop
  endfacet
  facet normal -0.986669 -0.162739 0
    outer loop
      vertex -33.6525 -1.95569 0
      vertex -33.6738 -1.82655 10
      vertex -33.6738 -1.82655 0
    endloop
  endfacet
  facet normal -0.986669 -0.162739 0
    outer loop
      vertex -33.6738 -1.82655 10
      vertex -33.6525 -1.95569 0
      vertex -33.6525 -1.95569 10
    endloop
  endfacet
  facet normal 0.910889 0.412651 0
    outer loop
      vertex 25.0478 38.2536 10
      vertex 24.9938 38.3728 0
      vertex 24.9938 38.3728 10
    endloop
  endfacet
  facet normal 0.910889 0.412651 0
    outer loop
      vertex 24.9938 38.3728 0
      vertex 25.0478 38.2536 10
      vertex 25.0478 38.2536 0
    endloop
  endfacet
  facet normal 0.980815 -0.19494 0
    outer loop
      vertex 25.1478 -37.9424 10
      vertex 25.1733 -37.8141 0
      vertex 25.1733 -37.8141 10
    endloop
  endfacet
  facet normal 0.980815 -0.19494 0
    outer loop
      vertex 25.1733 -37.8141 0
      vertex 25.1478 -37.9424 10
      vertex 25.1478 -37.9424 0
    endloop
  endfacet
  facet normal -0.999485 -0.0320978 0
    outer loop
      vertex -33.7893 -0.130798 0
      vertex -33.7935 -1.52588e-05 10
      vertex -33.7935 -1.52588e-05 0
    endloop
  endfacet
  facet normal -0.999485 -0.0320978 0
    outer loop
      vertex -33.7935 -1.52588e-05 10
      vertex -33.7893 -0.130798 0
      vertex -33.7893 -0.130798 10
    endloop
  endfacet
  facet normal -0.751837 0.659349 0
    outer loop
      vertex -30.8188 8.61986 0
      vertex -29.7843 9.79947 10
      vertex -29.7843 9.79947 0
    endloop
  endfacet
  facet normal -0.751837 0.659349 0
    outer loop
      vertex -29.7843 9.79947 10
      vertex -30.8188 8.61986 0
      vertex -30.8188 8.61986 10
    endloop
  endfacet
  facet normal -0.999485 0.0320903 0
    outer loop
      vertex -33.7935 -1.52588e-05 0
      vertex -33.7893 0.130798 10
      vertex -33.7893 0.130798 0
    endloop
  endfacet
  facet normal -0.999485 0.0320903 0
    outer loop
      vertex -33.7893 0.130798 10
      vertex -33.7935 -1.52588e-05 0
      vertex -33.7935 -1.52588e-05 10
    endloop
  endfacet
  facet normal -0.93592 0.352212 0
    outer loop
      vertex -32.7745 5.23259 0
      vertex -32.7284 5.35509 10
      vertex -32.7284 5.35509 0
    endloop
  endfacet
  facet normal -0.93592 0.352212 0
    outer loop
      vertex -32.7284 5.35509 10
      vertex -32.7745 5.23259 0
      vertex -32.7745 5.23259 10
    endloop
  endfacet
  facet normal -0.471402 -0.881918 0
    outer loop
      vertex 8.1581 -34.4982 0
      vertex 10.3395 -35.6642 10
      vertex 8.1581 -34.4982 10
    endloop
  endfacet
  facet normal -0.471402 -0.881918 -0
    outer loop
      vertex 10.3395 -35.6642 10
      vertex 8.1581 -34.4982 0
      vertex 10.3395 -35.6642 0
    endloop
  endfacet
  facet normal 0.999859 -0.0167915 0
    outer loop
      vertex 25.1989 -37.5537 10
      vertex 25.2 -37.4882 0
      vertex 25.2 -37.4882 10
    endloop
  endfacet
  facet normal 0.999859 -0.0167915 0
    outer loop
      vertex 25.2 -37.4882 0
      vertex 25.1989 -37.5537 10
      vertex 25.1989 -37.5537 0
    endloop
  endfacet
  facet normal -0.881951 0.471341 0
    outer loop
      vertex -31.9805 6.88132 0
      vertex -31.9188 6.99677 10
      vertex -31.9188 6.99677 0
    endloop
  endfacet
  facet normal -0.881951 0.471341 0
    outer loop
      vertex -31.9188 6.99677 10
      vertex -31.9805 6.88132 0
      vertex -31.9805 6.88132 10
    endloop
  endfacet
  facet normal -0.321725 0.946833 0
    outer loop
      vertex 15.2696 37.7063 0
      vertex 15.1457 37.6642 10
      vertex 15.2696 37.7063 10
    endloop
  endfacet
  facet normal -0.321725 0.946833 0
    outer loop
      vertex 15.1457 37.6642 10
      vertex 15.2696 37.7063 0
      vertex 15.1457 37.6642 0
    endloop
  endfacet
  facet normal -0.528065 -0.849204 0
    outer loop
      vertex 5.8781 -33.0855 0
      vertex 8.04475 -34.4328 10
      vertex 5.8781 -33.0855 10
    endloop
  endfacet
  facet normal -0.528065 -0.849204 -0
    outer loop
      vertex 8.04475 -34.4328 10
      vertex 5.8781 -33.0855 0
      vertex 8.04475 -34.4328 0
    endloop
  endfacet
  facet normal 0.95696 0.290219 0
    outer loop
      vertex 25.1319 38.0058 10
      vertex 25.0939 38.1311 0
      vertex 25.0939 38.1311 10
    endloop
  endfacet
  facet normal 0.95696 0.290219 0
    outer loop
      vertex 25.0939 38.1311 0
      vertex 25.1319 38.0058 10
      vertex 25.1319 38.0058 0
    endloop
  endfacet
  facet normal 0.946912 -0.321492 0
    outer loop
      vertex 25.0718 -38.1928 10
      vertex 25.1139 -38.0688 0
      vertex 25.1139 -38.0688 10
    endloop
  endfacet
  facet normal 0.946912 -0.321492 0
    outer loop
      vertex 25.1139 -38.0688 0
      vertex 25.0718 -38.1928 10
      vertex 25.0718 -38.1928 0
    endloop
  endfacet
  facet normal -0.227085 0.973875 0
    outer loop
      vertex 20.1718 39.0199 0
      vertex 17.7629 38.4582 10
      vertex 20.1718 39.0199 10
    endloop
  endfacet
  facet normal -0.227085 0.973875 0
    outer loop
      vertex 17.7629 38.4582 10
      vertex 20.1718 39.0199 0
      vertex 17.7629 38.4582 0
    endloop
  endfacet
  facet normal -0.683352 -0.730089 0
    outer loop
      vertex -29.6949 -9.89499 0
      vertex -29.5993 -9.98447 10
      vertex -29.6949 -9.89499 10
    endloop
  endfacet
  facet normal -0.683352 -0.730089 -0
    outer loop
      vertex -29.5993 -9.98447 10
      vertex -29.6949 -9.89499 0
      vertex -29.5993 -9.98447 0
    endloop
  endfacet
  facet normal -0.194794 -0.980844 0
    outer loop
      vertex 20.1718 -39.0199 0
      vertex 20.3002 -39.0454 10
      vertex 20.1718 -39.0199 10
    endloop
  endfacet
  facet normal -0.194794 -0.980844 -0
    outer loop
      vertex 20.3002 -39.0454 10
      vertex 20.1718 -39.0199 0
      vertex 20.3002 -39.0454 0
    endloop
  endfacet
  facet normal 0.991433 -0.130613 0
    outer loop
      vertex 25.1733 -37.8141 10
      vertex 25.1904 -37.6843 0
      vertex 25.1904 -37.6843 10
    endloop
  endfacet
  facet normal 0.991433 -0.130613 0
    outer loop
      vertex 25.1904 -37.6843 0
      vertex 25.1733 -37.8141 10
      vertex 25.1733 -37.8141 0
    endloop
  endfacet
  facet normal -0.162891 -0.986644 0
    outer loop
      vertex 20.3002 -39.0454 0
      vertex 22.7406 -39.4483 10
      vertex 20.3002 -39.0454 10
    endloop
  endfacet
  facet normal -0.162891 -0.986644 -0
    outer loop
      vertex 22.7406 -39.4483 10
      vertex 20.3002 -39.0454 0
      vertex 22.7406 -39.4483 0
    endloop
  endfacet
  facet normal 0.986681 0.162665 0
    outer loop
      vertex 25.1829 37.7492 10
      vertex 25.1616 37.8784 0
      vertex 25.1616 37.8784 10
    endloop
  endfacet
  facet normal 0.986681 0.162665 0
    outer loop
      vertex 25.1616 37.8784 0
      vertex 25.1829 37.7492 10
      vertex 25.1829 37.7492 0
    endloop
  endfacet
  facet normal -0.849198 0.528074 0
    outer loop
      vertex -31.9188 6.99677 0
      vertex -31.8497 7.10789 10
      vertex -31.8497 7.10789 0
    endloop
  endfacet
  facet normal -0.849198 0.528074 0
    outer loop
      vertex -31.8497 7.10789 10
      vertex -31.9188 6.99677 0
      vertex -31.9188 6.99677 10
    endloop
  endfacet
  facet normal -0.973733 0.227693 0
    outer loop
      vertex -33.3465 3.49434 0
      vertex -33.3167 3.62178 10
      vertex -33.3167 3.62178 0
    endloop
  endfacet
  facet normal -0.973733 0.227693 0
    outer loop
      vertex -33.3167 3.62178 10
      vertex -33.3465 3.49434 0
      vertex -33.3465 3.49434 10
    endloop
  endfacet
  facet normal -0.55559 -0.831457 0
    outer loop
      vertex -28.2124 -11.178 0
      vertex -26.7675 -12.1435 10
      vertex -28.2124 -11.178 10
    endloop
  endfacet
  facet normal -0.55559 -0.831457 -0
    outer loop
      vertex -26.7675 -12.1435 10
      vertex -28.2124 -11.178 0
      vertex -26.7675 -12.1435 0
    endloop
  endfacet
  facet normal 1 -0 0
    outer loop
      vertex 25.2 -37.4882 10
      vertex 25.2 37.4882 0
      vertex 25.2 37.4882 10
    endloop
  endfacet
  facet normal 1 0 0
    outer loop
      vertex 25.2 37.4882 0
      vertex 25.2 -37.4882 10
      vertex 25.2 -37.4882 0
    endloop
  endfacet
  facet normal -0.499756 -0.866167 0
    outer loop
      vertex 8.04475 -34.4328 0
      vertex 8.1581 -34.4982 10
      vertex 8.04475 -34.4328 10
    endloop
  endfacet
  facet normal -0.499756 -0.866167 -0
    outer loop
      vertex 8.1581 -34.4982 10
      vertex 8.04475 -34.4328 0
      vertex 8.1581 -34.4982 0
    endloop
  endfacet
  facet normal -0.382554 0.923933 0
    outer loop
      vertex 12.8306 36.7929 0
      vertex 12.7096 36.7428 10
      vertex 12.8306 36.7929 10
    endloop
  endfacet
  facet normal -0.382554 0.923933 0
    outer loop
      vertex 12.7096 36.7428 10
      vertex 12.8306 36.7929 0
      vertex 12.7096 36.7428 0
    endloop
  endfacet
  facet normal 0.442318 -0.896858 0
    outer loop
      vertex 24.0253 -39.31 0
      vertex 24.1427 -39.2521 10
      vertex 24.0253 -39.31 10
    endloop
  endfacet
  facet normal 0.442318 -0.896858 0
    outer loop
      vertex 24.1427 -39.2521 10
      vertex 24.0253 -39.31 0
      vertex 24.1427 -39.2521 0
    endloop
  endfacet
  facet normal -0.995131 -0.0985581 0
    outer loop
      vertex -33.6738 -1.82655 0
      vertex -33.6867 -1.6963 10
      vertex -33.6867 -1.6963 0
    endloop
  endfacet
  facet normal -0.995131 -0.0985581 0
    outer loop
      vertex -33.6867 -1.6963 10
      vertex -33.6738 -1.82655 0
      vertex -33.6738 -1.82655 10
    endloop
  endfacet
  facet normal -0.130712 0.99142 0
    outer loop
      vertex 22.8703 39.4654 0
      vertex 22.7406 39.4483 10
      vertex 22.8703 39.4654 10
    endloop
  endfacet
  facet normal -0.130712 0.99142 0
    outer loop
      vertex 22.7406 39.4483 10
      vertex 22.8703 39.4654 0
      vertex 22.7406 39.4483 0
    endloop
  endfacet
  facet normal -0.812958 -0.582322 0
    outer loop
      vertex -30.9018 -8.51872 0
      vertex -30.978 -8.41234 10
      vertex -30.978 -8.41234 0
    endloop
  endfacet
  facet normal -0.812958 -0.582322 0
    outer loop
      vertex -30.978 -8.41234 10
      vertex -30.9018 -8.51872 0
      vertex -30.9018 -8.51872 10
    endloop
  endfacet
  facet normal -0.973741 -0.227659 0
    outer loop
      vertex -33.3167 -3.6218 0
      vertex -33.3465 -3.49434 10
      vertex -33.3465 -3.49434 0
    endloop
  endfacet
  facet normal -0.973741 -0.227659 0
    outer loop
      vertex -33.3465 -3.49434 10
      vertex -33.3167 -3.6218 0
      vertex -33.3167 -3.6218 10
    endloop
  endfacet
  facet normal -0.980792 0.195056 0
    outer loop
      vertex -33.6525 1.95569 0
      vertex -33.3465 3.49434 10
      vertex -33.3465 3.49434 0
    endloop
  endfacet
  facet normal -0.980792 0.195056 0
    outer loop
      vertex -33.3465 3.49434 10
      vertex -33.6525 1.95569 0
      vertex -33.6525 1.95569 10
    endloop
  endfacet
  facet normal -0.539945 -0.8417 0
    outer loop
      vertex -26.7362 -12.1639 0
      vertex 5.85435 -33.0705 10
      vertex -26.7362 -12.1639 10
    endloop
  endfacet
  facet normal -0.539945 -0.8417 -0
    outer loop
      vertex 5.85435 -33.0705 10
      vertex -26.7362 -12.1639 0
      vertex 5.85435 -33.0705 0
    endloop
  endfacet
  facet normal -0.946946 -0.321392 0
    outer loop
      vertex -32.7745 -5.23259 0
      vertex -33.2787 -3.74702 10
      vertex -33.2787 -3.74702 0
    endloop
  endfacet
  facet normal -0.946946 -0.321392 0
    outer loop
      vertex -33.2787 -3.74702 10
      vertex -32.7745 -5.23259 0
      vertex -32.7745 -5.23259 10
    endloop
  endfacet
  facet normal -0.290288 -0.956939 0
    outer loop
      vertex 15.2696 -37.7063 0
      vertex 17.6365 -38.4243 10
      vertex 15.2696 -37.7063 10
    endloop
  endfacet
  facet normal -0.290288 -0.956939 -0
    outer loop
      vertex 17.6365 -38.4243 10
      vertex 15.2696 -37.7063 0
      vertex 17.6365 -38.4243 0
    endloop
  endfacet
  facet normal -0.499756 0.866167 0
    outer loop
      vertex 8.1581 34.4982 0
      vertex 8.04475 34.4328 10
      vertex 8.1581 34.4982 10
    endloop
  endfacet
  facet normal -0.499756 0.866167 0
    outer loop
      vertex 8.04475 34.4328 10
      vertex 8.1581 34.4982 0
      vertex 8.04475 34.4328 0
    endloop
  endfacet
  facet normal 0 -1 0
    outer loop
      vertex 23.1345 -39.4871 0
      vertex 23.2654 -39.4871 10
      vertex 23.1345 -39.4871 10
    endloop
  endfacet
  facet normal 0 -1 -0
    outer loop
      vertex 23.2654 -39.4871 10
      vertex 23.1345 -39.4871 0
      vertex 23.2654 -39.4871 0
    endloop
  endfacet
  facet normal -0.162891 0.986644 0
    outer loop
      vertex 22.7406 39.4483 0
      vertex 20.3002 39.0454 10
      vertex 22.7406 39.4483 10
    endloop
  endfacet
  facet normal -0.162891 0.986644 0
    outer loop
      vertex 20.3002 39.0454 10
      vertex 22.7406 39.4483 0
      vertex 20.3002 39.0454 0
    endloop
  endfacet
  facet normal -0.58225 0.81301 0
    outer loop
      vertex -28.2124 11.178 0
      vertex -28.3188 11.1018 10
      vertex -28.2124 11.178 10
    endloop
  endfacet
  facet normal -0.58225 0.81301 0
    outer loop
      vertex -28.3188 11.1018 10
      vertex -28.2124 11.178 0
      vertex -28.3188 11.1018 0
    endloop
  endfacet
  facet normal -0.773146 0.634228 0
    outer loop
      vertex -30.9018 8.51868 0
      vertex -30.8188 8.61986 10
      vertex -30.8188 8.61986 0
    endloop
  endfacet
  facet normal -0.773146 0.634228 0
    outer loop
      vertex -30.8188 8.61986 10
      vertex -30.9018 8.51868 0
      vertex -30.9018 8.51868 10
    endloop
  endfacet
  facet normal -0.321725 -0.946833 0
    outer loop
      vertex 15.1457 -37.6642 0
      vertex 15.2696 -37.7063 10
      vertex 15.1457 -37.6642 10
    endloop
  endfacet
  facet normal -0.321725 -0.946833 -0
    outer loop
      vertex 15.2696 -37.7063 10
      vertex 15.1457 -37.6642 0
      vertex 15.2696 -37.7063 0
    endloop
  endfacet
  facet normal 0.773208 0.634153 0
    outer loop
      vertex 24.7867 38.7057 10
      vertex 24.7037 38.8069 0
      vertex 24.7037 38.8069 10
    endloop
  endfacet
  facet normal 0.773208 0.634153 0
    outer loop
      vertex 24.7037 38.8069 0
      vertex 24.7867 38.7057 10
      vertex 24.7867 38.7057 0
    endloop
  endfacet
  facet normal 0.896858 -0.442318 0
    outer loop
      vertex 24.9638 -38.4311 10
      vertex 25.0217 -38.3137 0
      vertex 25.0217 -38.3137 10
    endloop
  endfacet
  facet normal 0.896858 -0.442318 0
    outer loop
      vertex 25.0217 -38.3137 0
      vertex 24.9638 -38.4311 10
      vertex 24.9638 -38.4311 0
    endloop
  endfacet
  facet normal -0.533993 0.845489 0
    outer loop
      vertex 5.8781 33.0855 0
      vertex 5.85435 33.0705 10
      vertex 5.8781 33.0855 10
    endloop
  endfacet
  facet normal -0.533993 0.845489 0
    outer loop
      vertex 5.85435 33.0705 10
      vertex 5.8781 33.0855 0
      vertex 5.85435 33.0705 0
    endloop
  endfacet
  facet normal -0.935901 -0.352262 0
    outer loop
      vertex -32.7284 -5.35507 0
      vertex -32.7745 -5.23259 10
      vertex -32.7745 -5.23259 0
    endloop
  endfacet
  facet normal -0.935901 -0.352262 0
    outer loop
      vertex -32.7745 -5.23259 10
      vertex -32.7284 -5.35507 0
      vertex -32.7284 -5.35507 10
    endloop
  endfacet
  facet normal -0.910928 -0.412565 0
    outer loop
      vertex -32.6744 -5.4743 0
      vertex -32.7284 -5.35507 10
      vertex -32.7284 -5.35507 0
    endloop
  endfacet
  facet normal -0.910928 -0.412565 0
    outer loop
      vertex -32.7284 -5.35507 10
      vertex -32.6744 -5.4743 0
      vertex -32.6744 -5.4743 10
    endloop
  endfacet
  facet normal -0.546023 -0.83777 0
    outer loop
      vertex -26.7675 -12.1435 0
      vertex -26.7362 -12.1639 10
      vertex -26.7675 -12.1435 10
    endloop
  endfacet
  facet normal -0.546023 -0.83777 -0
    outer loop
      vertex -26.7362 -12.1639 10
      vertex -26.7675 -12.1435 0
      vertex -26.7362 -12.1639 0
    endloop
  endfacet
  facet normal -0.773023 -0.634378 0
    outer loop
      vertex -30.8188 -8.61986 0
      vertex -30.9018 -8.51872 10
      vertex -30.9018 -8.51872 0
    endloop
  endfacet
  facet normal -0.773023 -0.634378 0
    outer loop
      vertex -30.9018 -8.51872 10
      vertex -30.8188 -8.61986 0
      vertex -30.8188 -8.61986 10
    endloop
  endfacet
  facet normal 0.0328569 0.99946 -0
    outer loop
      vertex 23.3308 39.4839 0
      vertex 23.2 39.4882 10
      vertex 23.3308 39.4839 10
    endloop
  endfacet
  facet normal 0.0328569 0.99946 0
    outer loop
      vertex 23.2 39.4882 10
      vertex 23.3308 39.4839 0
      vertex 23.2 39.4882 0
    endloop
  endfacet
  facet normal -0.352235 -0.935912 0
    outer loop
      vertex 12.8306 -36.7929 0
      vertex 15.1457 -37.6642 10
      vertex 12.8306 -36.7929 10
    endloop
  endfacet
  facet normal -0.352235 -0.935912 -0
    outer loop
      vertex 15.1457 -37.6642 10
      vertex 12.8306 -36.7929 0
      vertex 15.1457 -37.6642 0
    endloop
  endfacet
  facet normal -0.659354 -0.751832 0
    outer loop
      vertex -29.5993 -9.98447 0
      vertex -28.4199 -11.0188 10
      vertex -29.5993 -9.98447 10
    endloop
  endfacet
  facet normal -0.659354 -0.751832 -0
    outer loop
      vertex -28.4199 -11.0188 10
      vertex -29.5993 -9.98447 0
      vertex -28.4199 -11.0188 0
    endloop
  endfacet
  facet normal -0.659354 0.751832 0
    outer loop
      vertex -28.4199 11.0188 0
      vertex -29.5993 9.98447 10
      vertex -28.4199 11.0188 10
    endloop
  endfacet
  facet normal -0.659354 0.751832 0
    outer loop
      vertex -29.5993 9.98447 10
      vertex -28.4199 11.0188 0
      vertex -29.5993 9.98447 0
    endloop
  endfacet
  facet normal 0.162788 0.986661 -0
    outer loop
      vertex 23.5902 39.4498 0
      vertex 23.4611 39.4711 10
      vertex 23.5902 39.4498 10
    endloop
  endfacet
  facet normal 0.162788 0.986661 0
    outer loop
      vertex 23.4611 39.4711 10
      vertex 23.5902 39.4498 0
      vertex 23.4611 39.4711 0
    endloop
  endfacet
  facet normal 0.0649468 -0.997889 0
    outer loop
      vertex 23.2654 -39.4871 0
      vertex 23.396 -39.4786 10
      vertex 23.2654 -39.4871 10
    endloop
  endfacet
  facet normal 0.0649468 -0.997889 0
    outer loop
      vertex 23.396 -39.4786 10
      vertex 23.2654 -39.4871 0
      vertex 23.396 -39.4786 0
    endloop
  endfacet
  facet normal 0.227592 0.973757 -0
    outer loop
      vertex 23.7177 39.42 0
      vertex 23.5902 39.4498 10
      vertex 23.7177 39.42 10
    endloop
  endfacet
  facet normal 0.227592 0.973757 0
    outer loop
      vertex 23.5902 39.4498 10
      vertex 23.7177 39.42 0
      vertex 23.5902 39.4498 0
    endloop
  endfacet
  facet normal 0.351542 0.936172 -0
    outer loop
      vertex 23.9654 39.336 0
      vertex 23.8429 39.382 10
      vertex 23.9654 39.336 10
    endloop
  endfacet
  facet normal 0.351542 0.936172 0
    outer loop
      vertex 23.8429 39.382 10
      vertex 23.9654 39.336 0
      vertex 23.8429 39.382 0
    endloop
  endfacet
  facet normal -0.956922 0.290347 0
    outer loop
      vertex -33.3167 3.62178 0
      vertex -33.2787 3.74702 10
      vertex -33.2787 3.74702 0
    endloop
  endfacet
  facet normal -0.956922 0.290347 0
    outer loop
      vertex -33.2787 3.74702 10
      vertex -33.3167 3.62178 0
      vertex -33.3167 3.62178 10
    endloop
  endfacet
  facet normal -0.831442 -0.555612 0
    outer loop
      vertex -30.978 -8.41234 0
      vertex -31.8497 -7.10789 10
      vertex -31.8497 -7.10789 0
    endloop
  endfacet
  facet normal -0.831442 -0.555612 0
    outer loop
      vertex -31.8497 -7.10789 10
      vertex -30.978 -8.41234 0
      vertex -30.978 -8.41234 10
    endloop
  endfacet
  facet normal -0.412712 0.910862 0
    outer loop
      vertex 12.7096 36.7428 0
      vertex 10.4569 35.7221 10
      vertex 12.7096 36.7428 10
    endloop
  endfacet
  facet normal -0.412712 0.910862 0
    outer loop
      vertex 10.4569 35.7221 10
      vertex 12.7096 36.7428 0
      vertex 10.4569 35.7221 0
    endloop
  endfacet
  facet normal -0.259042 0.965866 0
    outer loop
      vertex 17.7629 38.4582 0
      vertex 17.6365 38.4243 10
      vertex 17.7629 38.4582 10
    endloop
  endfacet
  facet normal -0.259042 0.965866 0
    outer loop
      vertex 17.6365 38.4243 10
      vertex 17.7629 38.4582 0
      vertex 17.6365 38.4243 0
    endloop
  endfacet
  facet normal -0.849283 -0.527937 0
    outer loop
      vertex -31.8497 -7.10789 0
      vertex -31.9188 -6.99673 10
      vertex -31.9188 -6.99673 0
    endloop
  endfacet
  facet normal -0.849283 -0.527937 0
    outer loop
      vertex -31.9188 -6.99673 10
      vertex -31.8497 -7.10789 0
      vertex -31.8497 -7.10789 10
    endloop
  endfacet
  facet normal -0.539945 0.8417 0
    outer loop
      vertex 5.85435 33.0705 0
      vertex -26.7362 12.1639 10
      vertex 5.85435 33.0705 10
    endloop
  endfacet
  facet normal -0.539945 0.8417 0
    outer loop
      vertex -26.7362 12.1639 10
      vertex 5.85435 33.0705 0
      vertex -26.7362 12.1639 0
    endloop
  endfacet
  facet normal -0.194794 0.980844 0
    outer loop
      vertex 20.3002 39.0454 0
      vertex 20.1718 39.0199 10
      vertex 20.3002 39.0454 10
    endloop
  endfacet
  facet normal -0.194794 0.980844 0
    outer loop
      vertex 20.1718 39.0199 10
      vertex 20.3002 39.0454 0
      vertex 20.1718 39.0199 0
    endloop
  endfacet
  facet normal -0.0975859 0.995227 0
    outer loop
      vertex 23.0039 39.4785 0
      vertex 22.8703 39.4654 10
      vertex 23.0039 39.4785 10
    endloop
  endfacet
  facet normal -0.0975859 0.995227 0
    outer loop
      vertex 22.8703 39.4654 10
      vertex 23.0039 39.4785 0
      vertex 22.8703 39.4654 0
    endloop
  endfacet
  facet normal 0.965866 -0.259042 0
    outer loop
      vertex 25.1139 -38.0688 10
      vertex 25.1478 -37.9424 0
      vertex 25.1478 -37.9424 10
    endloop
  endfacet
  facet normal 0.965866 -0.259042 0
    outer loop
      vertex 25.1478 -37.9424 0
      vertex 25.1139 -38.0688 10
      vertex 25.1139 -38.0688 0
    endloop
  endfacet
  facet normal 0.729656 0.683814 0
    outer loop
      vertex 24.7037 38.8069 10
      vertex 24.6142 38.9024 0
      vertex 24.6142 38.9024 10
    endloop
  endfacet
  facet normal 0.729656 0.683814 0
    outer loop
      vertex 24.6142 38.9024 0
      vertex 24.7037 38.8069 10
      vertex 24.7037 38.8069 0
    endloop
  endfacet
  facet normal -0.471402 0.881918 0
    outer loop
      vertex 10.3395 35.6642 0
      vertex 8.1581 34.4982 10
      vertex 10.3395 35.6642 10
    endloop
  endfacet
  facet normal -0.471402 0.881918 0
    outer loop
      vertex 8.1581 34.4982 10
      vertex 10.3395 35.6642 0
      vertex 8.1581 34.4982 0
    endloop
  endfacet
  facet normal -0.352235 0.935912 0
    outer loop
      vertex 15.1457 37.6642 0
      vertex 12.8306 36.7929 10
      vertex 15.1457 37.6642 10
    endloop
  endfacet
  facet normal -0.352235 0.935912 0
    outer loop
      vertex 12.8306 36.7929 10
      vertex 15.1457 37.6642 0
      vertex 12.8306 36.7929 0
    endloop
  endfacet
  facet normal -0.528065 0.849204 0
    outer loop
      vertex 8.04475 34.4328 0
      vertex 5.8781 33.0855 10
      vertex 8.04475 34.4328 10
    endloop
  endfacet
  facet normal -0.528065 0.849204 0
    outer loop
      vertex 5.8781 33.0855 10
      vertex 8.04475 34.4328 0
      vertex 5.8781 33.0855 0
    endloop
  endfacet
  facet normal -0.442318 -0.896858 0
    outer loop
      vertex 10.3395 -35.6642 0
      vertex 10.4569 -35.7221 10
      vertex 10.3395 -35.6642 10
    endloop
  endfacet
  facet normal -0.442318 -0.896858 -0
    outer loop
      vertex 10.4569 -35.7221 10
      vertex 10.3395 -35.6642 0
      vertex 10.4569 -35.7221 0
    endloop
  endfacet
  facet normal -0.290288 0.956939 0
    outer loop
      vertex 17.6365 38.4243 0
      vertex 15.2696 37.7063 10
      vertex 17.6365 38.4243 10
    endloop
  endfacet
  facet normal -0.290288 0.956939 0
    outer loop
      vertex 15.2696 37.7063 10
      vertex 17.6365 38.4243 0
      vertex 15.2696 37.7063 0
    endloop
  endfacet
  facet normal 0.99946 0.0328569 0
    outer loop
      vertex 25.2 37.4882 10
      vertex 25.1957 37.619 0
      vertex 25.1957 37.619 10
    endloop
  endfacet
  facet normal 0.99946 0.0328569 0
    outer loop
      vertex 25.1957 37.619 0
      vertex 25.2 37.4882 10
      vertex 25.2 37.4882 0
    endloop
  endfacet
  facet normal -0.634527 0.7729 0
    outer loop
      vertex -28.3188 11.1018 0
      vertex -28.4199 11.0188 10
      vertex -28.3188 11.1018 10
    endloop
  endfacet
  facet normal -0.634527 0.7729 0
    outer loop
      vertex -28.4199 11.0188 10
      vertex -28.3188 11.1018 0
      vertex -28.4199 11.0188 0
    endloop
  endfacet
  facet normal 0.582612 0.812751 -0
    outer loop
      vertex 24.4175 39.0749 0
      vertex 24.3112 39.1511 10
      vertex 24.4175 39.0749 10
    endloop
  endfacet
  facet normal 0.582612 0.812751 0
    outer loop
      vertex 24.3112 39.1511 10
      vertex 24.4175 39.0749 0
      vertex 24.3112 39.1511 0
    endloop
  endfacet
  facet normal 0.290432 0.956896 -0
    outer loop
      vertex 23.8429 39.382 0
      vertex 23.7177 39.42 10
      vertex 23.8429 39.382 10
    endloop
  endfacet
  facet normal 0.290432 0.956896 0
    outer loop
      vertex 23.7177 39.42 10
      vertex 23.8429 39.382 0
      vertex 23.7177 39.42 0
    endloop
  endfacet
  facet normal -0.910902 0.412622 0
    outer loop
      vertex -32.7284 5.35509 0
      vertex -32.6744 5.4743 10
      vertex -32.6744 5.4743 0
    endloop
  endfacet
  facet normal -0.910902 0.412622 0
    outer loop
      vertex -32.6744 5.4743 10
      vertex -32.7284 5.35509 0
      vertex -32.7284 5.35509 10
    endloop
  endfacet
  facet normal -0.831442 0.555612 0
    outer loop
      vertex -31.8497 7.10789 0
      vertex -30.978 8.41234 10
      vertex -30.978 8.41234 0
    endloop
  endfacet
  facet normal -0.831442 0.555612 0
    outer loop
      vertex -30.978 8.41234 10
      vertex -31.8497 7.10789 0
      vertex -31.8497 7.10789 10
    endloop
  endfacet
  facet normal -0.980792 -0.195056 0
    outer loop
      vertex -33.3465 -3.49434 0
      vertex -33.6525 -1.95569 10
      vertex -33.6525 -1.95569 0
    endloop
  endfacet
  facet normal -0.980792 -0.195056 0
    outer loop
      vertex -33.6525 -1.95569 10
      vertex -33.3465 -3.49434 0
      vertex -33.3465 -3.49434 10
    endloop
  endfacet
  facet normal -0.997859 0.0653978 0
    outer loop
      vertex -33.7893 0.130798 0
      vertex -33.6867 1.6963 10
      vertex -33.6867 1.6963 0
    endloop
  endfacet
  facet normal -0.997859 0.0653978 0
    outer loop
      vertex -33.6867 1.6963 10
      vertex -33.7893 0.130798 0
      vertex -33.7893 0.130798 10
    endloop
  endfacet
  facet normal 0.413285 0.910602 -0
    outer loop
      vertex 24.0846 39.2819 0
      vertex 23.9654 39.336 10
      vertex 24.0846 39.2819 10
    endloop
  endfacet
  facet normal 0.413285 0.910602 0
    outer loop
      vertex 23.9654 39.336 10
      vertex 24.0846 39.2819 0
      vertex 23.9654 39.336 0
    endloop
  endfacet
  facet normal -0.751837 -0.659349 0
    outer loop
      vertex -29.7843 -9.79947 0
      vertex -30.8188 -8.61986 10
      vertex -30.8188 -8.61986 0
    endloop
  endfacet
  facet normal -0.751837 -0.659349 0
    outer loop
      vertex -30.8188 -8.61986 10
      vertex -29.7843 -9.79947 0
      vertex -29.7843 -9.79947 10
    endloop
  endfacet
  facet normal -0.995133 0.0985431 0
    outer loop
      vertex -33.6867 1.6963 0
      vertex -33.6738 1.82657 10
      vertex -33.6738 1.82657 0
    endloop
  endfacet
  facet normal -0.995133 0.0985431 0
    outer loop
      vertex -33.6738 1.82657 10
      vertex -33.6867 1.6963 0
      vertex -33.6867 1.6963 10
    endloop
  endfacet
  facet normal -0.812855 0.582467 0
    outer loop
      vertex -30.978 8.41234 0
      vertex -30.9018 8.51868 10
      vertex -30.9018 8.51868 0
    endloop
  endfacet
  facet normal -0.812855 0.582467 0
    outer loop
      vertex -30.9018 8.51868 10
      vertex -30.978 8.41234 0
      vertex -30.978 8.41234 10
    endloop
  endfacet
  facet normal 0.5278 0.849369 -0
    outer loop
      vertex 24.3112 39.1511 0
      vertex 24.2 39.2202 10
      vertex 24.3112 39.1511 10
    endloop
  endfacet
  facet normal 0.5278 0.849369 0
    outer loop
      vertex 24.2 39.2202 10
      vertex 24.3112 39.1511 0
      vertex 24.2 39.2202 0
    endloop
  endfacet
  facet normal -0.533993 -0.845489 0
    outer loop
      vertex 5.85435 -33.0705 0
      vertex 5.8781 -33.0855 10
      vertex 5.85435 -33.0705 10
    endloop
  endfacet
  facet normal -0.533993 -0.845489 -0
    outer loop
      vertex 5.8781 -33.0855 10
      vertex 5.85435 -33.0705 0
      vertex 5.8781 -33.0855 0
    endloop
  endfacet
  facet normal 0.923821 -0.382824 0
    outer loop
      vertex 25.0217 -38.3137 10
      vertex 25.0718 -38.1928 0
      vertex 25.0718 -38.1928 10
    endloop
  endfacet
  facet normal 0.923821 -0.382824 0
    outer loop
      vertex 25.0718 -38.1928 0
      vertex 25.0217 -38.3137 10
      vertex 25.0217 -38.3137 0
    endloop
  endfacet
  facet normal -0.259042 -0.965866 0
    outer loop
      vertex 17.6365 -38.4243 0
      vertex 17.7629 -38.4582 10
      vertex 17.6365 -38.4243 10
    endloop
  endfacet
  facet normal -0.259042 -0.965866 -0
    outer loop
      vertex 17.7629 -38.4582 10
      vertex 17.6365 -38.4243 0
      vertex 17.7629 -38.4582 0
    endloop
  endfacet
  facet normal 0.81301 0.58225 0
    outer loop
      vertex 24.8629 38.5993 10
      vertex 24.7867 38.7057 0
      vertex 24.7867 38.7057 10
    endloop
  endfacet
  facet normal 0.81301 0.58225 0
    outer loop
      vertex 24.7867 38.7057 0
      vertex 24.8629 38.5993 10
      vertex 24.8629 38.5993 0
    endloop
  endfacet
  facet normal 0.866071 -0.499921 0
    outer loop
      vertex 24.8984 -38.5444 10
      vertex 24.9638 -38.4311 0
      vertex 24.9638 -38.4311 10
    endloop
  endfacet
  facet normal 0.866071 -0.499921 0
    outer loop
      vertex 24.9638 -38.4311 0
      vertex 24.8984 -38.5444 10
      vertex 24.8984 -38.5444 0
    endloop
  endfacet
  facet normal -0.0657076 -0.997839 0
    outer loop
      vertex 23.0039 -39.4785 0
      vertex 23.1345 -39.4871 10
      vertex 23.0039 -39.4785 10
    endloop
  endfacet
  facet normal -0.0657076 -0.997839 -0
    outer loop
      vertex 23.1345 -39.4871 10
      vertex 23.0039 -39.4785 0
      vertex 23.1345 -39.4871 0
    endloop
  endfacet
  facet normal -0.382554 -0.923933 0
    outer loop
      vertex 12.7096 -36.7428 0
      vertex 12.8306 -36.7929 10
      vertex 12.7096 -36.7428 10
    endloop
  endfacet
  facet normal -0.382554 -0.923933 -0
    outer loop
      vertex 12.8306 -36.7929 10
      vertex 12.7096 -36.7428 0
      vertex 12.8306 -36.7929 0
    endloop
  endfacet
  facet normal -0.896864 0.442306 0
    outer loop
      vertex -32.6744 5.4743 0
      vertex -31.9805 6.88132 10
      vertex -31.9805 6.88132 0
    endloop
  endfacet
  facet normal -0.896864 0.442306 0
    outer loop
      vertex -31.9805 6.88132 10
      vertex -32.6744 5.4743 0
      vertex -32.6744 5.4743 10
    endloop
  endfacet
  facet normal 0.683814 0.729656 -0
    outer loop
      vertex 24.6142 38.9024 0
      vertex 24.5187 38.9919 10
      vertex 24.6142 38.9024 10
    endloop
  endfacet
  facet normal 0.683814 0.729656 0
    outer loop
      vertex 24.5187 38.9919 10
      vertex 24.6142 38.9024 0
      vertex 24.5187 38.9919 0
    endloop
  endfacet
  facet normal 0.997889 -0.0649468 0
    outer loop
      vertex 25.1904 -37.6843 10
      vertex 25.1989 -37.5537 0
      vertex 25.1989 -37.5537 10
    endloop
  endfacet
  facet normal 0.997889 -0.0649468 0
    outer loop
      vertex 25.1989 -37.5537 0
      vertex 25.1904 -37.6843 10
      vertex 25.1904 -37.6843 0
    endloop
  endfacet
  facet normal -0.0975859 -0.995227 0
    outer loop
      vertex 22.8703 -39.4654 0
      vertex 23.0039 -39.4785 10
      vertex 22.8703 -39.4654 10
    endloop
  endfacet
  facet normal -0.0975859 -0.995227 -0
    outer loop
      vertex 23.0039 -39.4785 10
      vertex 22.8703 -39.4654 0
      vertex 23.0039 -39.4785 0
    endloop
  endfacet
  facet normal -0.55559 0.831457 0
    outer loop
      vertex -26.7675 12.1435 0
      vertex -28.2124 11.178 10
      vertex -26.7675 12.1435 10
    endloop
  endfacet
  facet normal -0.55559 0.831457 0
    outer loop
      vertex -28.2124 11.178 10
      vertex -26.7675 12.1435 0
      vertex -28.2124 11.178 0
    endloop
  endfacet
  facet normal -0.881883 -0.471468 0
    outer loop
      vertex -31.9188 -6.99673 0
      vertex -31.9805 -6.88132 10
      vertex -31.9805 -6.88132 0
    endloop
  endfacet
  facet normal -0.881883 -0.471468 0
    outer loop
      vertex -31.9805 -6.88132 10
      vertex -31.9188 -6.99673 0
      vertex -31.9188 -6.99673 10
    endloop
  endfacet
  facet normal -0.546023 0.83777 0
    outer loop
      vertex -26.7362 12.1639 0
      vertex -26.7675 12.1435 10
      vertex -26.7362 12.1639 10
    endloop
  endfacet
  facet normal -0.546023 0.83777 0
    outer loop
      vertex -26.7675 12.1435 10
      vertex -26.7362 12.1639 0
      vertex -26.7675 12.1435 0
    endloop
  endfacet
  facet normal 0.0977643 0.99521 -0
    outer loop
      vertex 23.4611 39.4711 0
      vertex 23.3308 39.4839 10
      vertex 23.4611 39.4711 10
    endloop
  endfacet
  facet normal 0.0977643 0.99521 0
    outer loop
      vertex 23.3308 39.4839 10
      vertex 23.4611 39.4711 0
      vertex 23.3308 39.4839 0
    endloop
  endfacet
  facet normal -0.0328569 0.99946 0
    outer loop
      vertex 23.2 39.4882 0
      vertex 23.0692 39.4839 10
      vertex 23.2 39.4882 10
    endloop
  endfacet
  facet normal -0.0328569 0.99946 0
    outer loop
      vertex 23.0692 39.4839 10
      vertex 23.2 39.4882 0
      vertex 23.0692 39.4839 0
    endloop
  endfacet
  facet normal -0.0824139 0.996598 0
    outer loop
      vertex 23.0692 39.4839 0
      vertex 23.0039 39.4785 10
      vertex 23.0692 39.4839 10
    endloop
  endfacet
  facet normal -0.0824139 0.996598 0
    outer loop
      vertex 23.0039 39.4785 10
      vertex 23.0692 39.4839 0
      vertex 23.0039 39.4785 0
    endloop
  endfacet
  facet normal 0.707107 -0.707107 0
    outer loop
      vertex 24.5671 -38.948 0
      vertex 24.6597 -38.8554 10
      vertex 24.5671 -38.948 10
    endloop
  endfacet
  facet normal 0.707107 -0.707107 0
    outer loop
      vertex 24.6597 -38.8554 10
      vertex 24.5671 -38.948 0
      vertex 24.6597 -38.8554 0
    endloop
  endfacet
  facet normal -0.986665 0.162763 0
    outer loop
      vertex -33.6738 1.82657 0
      vertex -33.6525 1.95569 10
      vertex -33.6525 1.95569 0
    endloop
  endfacet
  facet normal -0.986665 0.162763 0
    outer loop
      vertex -33.6525 1.95569 10
      vertex -33.6738 1.82657 0
      vertex -33.6738 1.82657 10
    endloop
  endfacet
  facet normal -0.956909 -0.290389 0
    outer loop
      vertex -33.2787 -3.74702 0
      vertex -33.3167 -3.6218 10
      vertex -33.3167 -3.6218 0
    endloop
  endfacet
  facet normal -0.956909 -0.290389 0
    outer loop
      vertex -33.3167 -3.6218 10
      vertex -33.2787 -3.74702 0
      vertex -33.2787 -3.74702 10
    endloop
  endfacet
  facet normal 0.831462 -0.555582 0
    outer loop
      vertex 24.8257 -38.6532 10
      vertex 24.8984 -38.5444 0
      vertex 24.8984 -38.5444 10
    endloop
  endfacet
  facet normal 0.831462 -0.555582 0
    outer loop
      vertex 24.8984 -38.5444 0
      vertex 24.8257 -38.6532 10
      vertex 24.8257 -38.6532 0
    endloop
  endfacet
  facet normal -0.997859 -0.0653978 0
    outer loop
      vertex -33.6867 -1.6963 0
      vertex -33.7893 -0.130798 10
      vertex -33.7893 -0.130798 0
    endloop
  endfacet
  facet normal -0.997859 -0.0653978 0
    outer loop
      vertex -33.7893 -0.130798 10
      vertex -33.6867 -1.6963 0
      vertex -33.6867 -1.6963 10
    endloop
  endfacet
  facet normal 0.881866 0.4715 0
    outer loop
      vertex 24.9938 38.3728 10
      vertex 24.9321 38.4882 0
      vertex 24.9321 38.4882 10
    endloop
  endfacet
  facet normal 0.881866 0.4715 0
    outer loop
      vertex 24.9321 38.4882 0
      vertex 24.9938 38.3728 10
      vertex 24.9938 38.3728 0
    endloop
  endfacet
  facet normal -0.130712 -0.99142 0
    outer loop
      vertex 22.7406 -39.4483 0
      vertex 22.8703 -39.4654 10
      vertex 22.7406 -39.4483 10
    endloop
  endfacet
  facet normal -0.130712 -0.99142 -0
    outer loop
      vertex 22.8703 -39.4654 10
      vertex 22.7406 -39.4483 0
      vertex 22.8703 -39.4654 0
    endloop
  endfacet
  facet normal 0.973886 0.227036 0
    outer loop
      vertex 25.1616 37.8784 10
      vertex 25.1319 38.0058 0
      vertex 25.1319 38.0058 10
    endloop
  endfacet
  facet normal 0.973886 0.227036 0
    outer loop
      vertex 25.1319 38.0058 0
      vertex 25.1616 37.8784 10
      vertex 25.1616 37.8784 0
    endloop
  endfacet
  facet normal -0.896864 -0.442306 0
    outer loop
      vertex -31.9805 -6.88132 0
      vertex -32.6744 -5.4743 10
      vertex -32.6744 -5.4743 0
    endloop
  endfacet
  facet normal -0.896864 -0.442306 0
    outer loop
      vertex -32.6744 -5.4743 10
      vertex -31.9805 -6.88132 0
      vertex -31.9805 -6.88132 10
    endloop
  endfacet
  facet normal 0.995202 0.0978386 0
    outer loop
      vertex 25.1957 37.619 10
      vertex 25.1829 37.7492 0
      vertex 25.1829 37.7492 10
    endloop
  endfacet
  facet normal 0.995202 0.0978386 0
    outer loop
      vertex 25.1829 37.7492 0
      vertex 25.1957 37.619 10
      vertex 25.1957 37.619 0
    endloop
  endfacet
  facet normal 0.500163 -0.865931 0
    outer loop
      vertex 24.1427 -39.2521 0
      vertex 24.2561 -39.1866 10
      vertex 24.1427 -39.2521 10
    endloop
  endfacet
  facet normal 0.500163 -0.865931 0
    outer loop
      vertex 24.2561 -39.1866 10
      vertex 24.1427 -39.2521 0
      vertex 24.2561 -39.1866 0
    endloop
  endfacet
  facet normal -0.634527 -0.7729 0
    outer loop
      vertex -28.4199 -11.0188 0
      vertex -28.3188 -11.1018 10
      vertex -28.4199 -11.0188 10
    endloop
  endfacet
  facet normal -0.634527 -0.7729 -0
    outer loop
      vertex -28.3188 -11.1018 10
      vertex -28.4199 -11.0188 0
      vertex -28.3188 -11.1018 0
    endloop
  endfacet
  facet normal -0.58225 -0.81301 0
    outer loop
      vertex -28.3188 -11.1018 0
      vertex -28.2124 -11.178 10
      vertex -28.3188 -11.1018 10
    endloop
  endfacet
  facet normal -0.58225 -0.81301 -0
    outer loop
      vertex -28.2124 -11.178 10
      vertex -28.3188 -11.1018 0
      vertex -28.2124 -11.178 0
    endloop
  endfacet
  facet normal -0.683311 0.730128 0
    outer loop
      vertex -29.5993 9.98447 0
      vertex -29.6949 9.895 10
      vertex -29.5993 9.98447 10
    endloop
  endfacet
  facet normal -0.683311 0.730128 0
    outer loop
      vertex -29.6949 9.895 10
      vertex -29.5993 9.98447 0
      vertex -29.6949 9.895 0
    endloop
  endfacet
  facet normal -0.730109 -0.683331 0
    outer loop
      vertex -29.6949 -9.89499 0
      vertex -29.7843 -9.79947 10
      vertex -29.7843 -9.79947 0
    endloop
  endfacet
  facet normal -0.730109 -0.683331 0
    outer loop
      vertex -29.7843 -9.79947 10
      vertex -29.6949 -9.89499 0
      vertex -29.6949 -9.89499 10
    endloop
  endfacet
  facet normal 0.555582 -0.831462 0
    outer loop
      vertex 24.2561 -39.1866 0
      vertex 24.3649 -39.1139 10
      vertex 24.2561 -39.1866 10
    endloop
  endfacet
  facet normal 0.555582 -0.831462 0
    outer loop
      vertex 24.3649 -39.1139 10
      vertex 24.2561 -39.1866 0
      vertex 24.3649 -39.1139 0
    endloop
  endfacet
  facet normal 0.4715 0.881866 -0
    outer loop
      vertex 24.2 39.2202 0
      vertex 24.0846 39.2819 10
      vertex 24.2 39.2202 10
    endloop
  endfacet
  facet normal 0.4715 0.881866 0
    outer loop
      vertex 24.0846 39.2819 10
      vertex 24.2 39.2202 0
      vertex 24.0846 39.2819 0
    endloop
  endfacet
  facet normal 0.382172 -0.924091 0
    outer loop
      vertex 23.9044 -39.36 0
      vertex 24.0253 -39.31 10
      vertex 23.9044 -39.36 10
    endloop
  endfacet
  facet normal 0.382172 -0.924091 0
    outer loop
      vertex 24.0253 -39.31 10
      vertex 23.9044 -39.36 0
      vertex 24.0253 -39.31 0
    endloop
  endfacet
  facet normal 0.793163 -0.609009 0
    outer loop
      vertex 24.746 -38.757 10
      vertex 24.8257 -38.6532 0
      vertex 24.8257 -38.6532 10
    endloop
  endfacet
  facet normal 0.793163 -0.609009 0
    outer loop
      vertex 24.8257 -38.6532 0
      vertex 24.746 -38.757 10
      vertex 24.746 -38.757 0
    endloop
  endfacet
  facet normal 0 0 -1
    outer loop
      vertex 23.1345 -39.4871 0
      vertex 23.2 -37.4882 0
      vertex 23.2654 -39.4871 0
    endloop
  endfacet
  facet normal 0 0 -1
    outer loop
      vertex 23.0039 -39.4785 0
      vertex 23.2 -37.4882 0
      vertex 23.1345 -39.4871 0
    endloop
  endfacet
  facet normal -0 0 -1
    outer loop
      vertex 23.2 -37.4882 0
      vertex 23.0039 -39.4785 0
      vertex 23.0664 -37.475 0
    endloop
  endfacet
  facet normal 0 0 -1
    outer loop
      vertex 22.8703 -39.4654 0
      vertex 23.0664 -37.475 0
      vertex 23.0039 -39.4785 0
    endloop
  endfacet
  facet normal 0 0 -1
    outer loop
      vertex 22.7406 -39.4483 0
      vertex 23.0664 -37.475 0
      vertex 22.8703 -39.4654 0
    endloop
  endfacet
  facet normal 0 0 -1
    outer loop
      vertex 22.7406 -39.4483 0
      vertex 20.626 -37.0721 0
      vertex 23.0664 -37.475 0
    endloop
  endfacet
  facet normal 0 0 -1
    outer loop
      vertex 20.3002 -39.0454 0
      vertex 20.626 -37.0721 0
      vertex 22.7406 -39.4483 0
    endloop
  endfacet
  facet normal 0 0 -1
    outer loop
      vertex 20.1718 -39.0199 0
      vertex 20.626 -37.0721 0
      vertex 20.3002 -39.0454 0
    endloop
  endfacet
  facet normal 0 0 -1
    outer loop
      vertex 20.1718 -39.0199 0
      vertex 18.217 -36.5104 0
      vertex 20.626 -37.0721 0
    endloop
  endfacet
  facet normal 0 0 -1
    outer loop
      vertex 17.7629 -38.4582 0
      vertex 18.217 -36.5104 0
      vertex 20.1718 -39.0199 0
    endloop
  endfacet
  facet normal 0 0 -1
    outer loop
      vertex 17.6365 -38.4243 0
      vertex 18.217 -36.5104 0
      vertex 17.7629 -38.4582 0
    endloop
  endfacet
  facet normal 0 0 -1
    outer loop
      vertex 17.6365 -38.4243 0
      vertex 15.8502 -35.7924 0
      vertex 18.217 -36.5104 0
    endloop
  endfacet
  facet normal 0 0 -1
    outer loop
      vertex 15.2696 -37.7063 0
      vertex 15.8502 -35.7924 0
      vertex 17.6365 -38.4243 0
    endloop
  endfacet
  facet normal 0 0 -1
    outer loop
      vertex 15.1457 -37.6642 0
      vertex 15.8502 -35.7924 0
      vertex 15.2696 -37.7063 0
    endloop
  endfacet
  facet normal 0 0 -1
    outer loop
      vertex 15.1457 -37.6642 0
      vertex 13.535 -34.9211 0
      vertex 15.8502 -35.7924 0
    endloop
  endfacet
  facet normal 0 0 -1
    outer loop
      vertex 12.8306 -36.7929 0
      vertex 13.535 -34.9211 0
      vertex 15.1457 -37.6642 0
    endloop
  endfacet
  facet normal 0 0 -1
    outer loop
      vertex 12.7096 -36.7428 0
      vertex 13.535 -34.9211 0
      vertex 12.8306 -36.7929 0
    endloop
  endfacet
  facet normal 0 0 -1
    outer loop
      vertex 12.7096 -36.7428 0
      vertex 11.2823 -33.9004 0
      vertex 13.535 -34.9211 0
    endloop
  endfacet
  facet normal 0 0 -1
    outer loop
      vertex 10.4569 -35.7221 0
      vertex 11.2823 -33.9004 0
      vertex 12.7096 -36.7428 0
    endloop
  endfacet
  facet normal 0 0 -1
    outer loop
      vertex 10.3395 -35.6642 0
      vertex 11.2823 -33.9004 0
      vertex 10.4569 -35.7221 0
    endloop
  endfacet
  facet normal 0 0 -1
    outer loop
      vertex 10.3395 -35.6642 0
      vertex 9.10089 -32.7344 0
      vertex 11.2823 -33.9004 0
    endloop
  endfacet
  facet normal 0 0 -1
    outer loop
      vertex 8.1581 -34.4982 0
      vertex 9.10089 -32.7344 0
      vertex 10.3395 -35.6642 0
    endloop
  endfacet
  facet normal 0 0 -1
    outer loop
      vertex 8.04475 -34.4328 0
      vertex 9.10089 -32.7344 0
      vertex 8.1581 -34.4982 0
    endloop
  endfacet
  facet normal 0 0 -1
    outer loop
      vertex 8.04475 -34.4328 0
      vertex 6.93423 -31.3871 0
      vertex 9.10089 -32.7344 0
    endloop
  endfacet
  facet normal 0 0 -1
    outer loop
      vertex 5.8781 -33.0855 0
      vertex 6.93423 -31.3871 0
      vertex 8.04475 -34.4328 0
    endloop
  endfacet
  facet normal 0 0 -1
    outer loop
      vertex 5.85435 -33.0705 0
      vertex 6.93423 -31.3871 0
      vertex 5.8781 -33.0855 0
    endloop
  endfacet
  facet normal 0 0 -1
    outer loop
      vertex 5.85435 -33.0705 0
      vertex -25.6564 -10.4805 0
      vertex 6.93423 -31.3871 0
    endloop
  endfacet
  facet normal 0 0 -1
    outer loop
      vertex -26.7362 -12.1639 0
      vertex -25.6564 -10.4805 0
      vertex 5.85435 -33.0705 0
    endloop
  endfacet
  facet normal 0 0 -1
    outer loop
      vertex -26.7675 -12.1435 0
      vertex -25.6564 -10.4805 0
      vertex -26.7362 -12.1639 0
    endloop
  endfacet
  facet normal 0 0 -1
    outer loop
      vertex -26.7675 -12.1435 0
      vertex -27.1012 -9.51511 0
      vertex -25.6564 -10.4805 0
    endloop
  endfacet
  facet normal 0 0 -1
    outer loop
      vertex -28.2124 -11.178 0
      vertex -27.1012 -9.51511 0
      vertex -26.7675 -12.1435 0
    endloop
  endfacet
  facet normal 0 0 -1
    outer loop
      vertex -28.3188 -11.1018 0
      vertex -27.1012 -9.51511 0
      vertex -28.2124 -11.178 0
    endloop
  endfacet
  facet normal 0 0 -1
    outer loop
      vertex -28.4199 -11.0188 0
      vertex -27.1012 -9.51511 0
      vertex -28.3188 -11.1018 0
    endloop
  endfacet
  facet normal -0 0 -1
    outer loop
      vertex -27.1012 -9.51511 0
      vertex -28.4199 -11.0188 0
      vertex -28.2807 -8.48079 0
    endloop
  endfacet
  facet normal 0 0 -1
    outer loop
      vertex -29.5993 -9.98447 0
      vertex -28.2807 -8.48079 0
      vertex -28.4199 -11.0188 0
    endloop
  endfacet
  facet normal 0 0 -1
    outer loop
      vertex -29.6949 -9.89499 0
      vertex -28.2807 -8.48079 0
      vertex -29.5993 -9.98447 0
    endloop
  endfacet
  facet normal 0 0 -1
    outer loop
      vertex -29.7843 -9.79947 0
      vertex -28.2807 -8.48079 0
      vertex -29.6949 -9.89499 0
    endloop
  endfacet
  facet normal -0 0 -1
    outer loop
      vertex -28.2807 -8.48079 0
      vertex -29.7843 -9.79947 0
      vertex -29.3151 -7.30118 0
    endloop
  endfacet
  facet normal 0 0 -1
    outer loop
      vertex -30.8188 -8.61986 0
      vertex -29.3151 -7.30118 0
      vertex -29.7843 -9.79947 0
    endloop
  endfacet
  facet normal 0 0 -1
    outer loop
      vertex -30.9018 -8.51872 0
      vertex -29.3151 -7.30118 0
      vertex -30.8188 -8.61986 0
    endloop
  endfacet
  facet normal 0 0 -1
    outer loop
      vertex -30.978 -8.41234 0
      vertex -29.3151 -7.30118 0
      vertex -30.9018 -8.51872 0
    endloop
  endfacet
  facet normal -0 0 -1
    outer loop
      vertex -29.3151 -7.30118 0
      vertex -30.978 -8.41234 0
      vertex -30.1868 -5.99673 0
    endloop
  endfacet
  facet normal 0 0 -1
    outer loop
      vertex -31.8497 -7.10789 0
      vertex -30.1868 -5.99673 0
      vertex -30.978 -8.41234 0
    endloop
  endfacet
  facet normal 0 0 -1
    outer loop
      vertex -31.9188 -6.99673 0
      vertex -30.1868 -5.99673 0
      vertex -31.8497 -7.10789 0
    endloop
  endfacet
  facet normal 0 0 -1
    outer loop
      vertex -31.9805 -6.88132 0
      vertex -30.1868 -5.99673 0
      vertex -31.9188 -6.99673 0
    endloop
  endfacet
  facet normal 0 0 -1
    outer loop
      vertex -32.7284 -5.35507 0
      vertex -30.8806 -4.58972 0
      vertex -32.6744 -5.4743 0
    endloop
  endfacet
  facet normal 0 0 -1
    outer loop
      vertex -32.6744 -5.4743 0
      vertex -30.8806 -4.58972 0
      vertex -31.9805 -6.88132 0
    endloop
  endfacet
  facet normal 0 0 -1
    outer loop
      vertex 23.2 -37.4882 0
      vertex 25.2 -37.4882 0
      vertex 25.1989 -37.5537 0
    endloop
  endfacet
  facet normal 0 0 -1
    outer loop
      vertex 25.2 -37.4882 0
      vertex 23.2 -37.4882 0
      vertex 25.2 37.4882 0
    endloop
  endfacet
  facet normal 0 0 -1
    outer loop
      vertex 23.2 -37.4882 0
      vertex 25.1989 -37.5537 0
      vertex 25.1904 -37.6843 0
    endloop
  endfacet
  facet normal -0 0 -1
    outer loop
      vertex 25.2 37.4882 0
      vertex 23.2 -37.4882 0
      vertex 23.2 37.4882 0
    endloop
  endfacet
  facet normal 0 0 -1
    outer loop
      vertex 23.2 -37.4882 0
      vertex 25.1904 -37.6843 0
      vertex 25.1733 -37.8141 0
    endloop
  endfacet
  facet normal 0 0 -1
    outer loop
      vertex 25.2 37.4882 0
      vertex 23.2 37.4882 0
      vertex 25.1957 37.619 0
    endloop
  endfacet
  facet normal 0 0 -1
    outer loop
      vertex 23.2 -37.4882 0
      vertex 25.1733 -37.8141 0
      vertex 25.1478 -37.9424 0
    endloop
  endfacet
  facet normal -0 0 -1
    outer loop
      vertex 25.1957 37.619 0
      vertex 23.2 37.4882 0
      vertex 25.1829 37.7492 0
    endloop
  endfacet
  facet normal 0 0 -1
    outer loop
      vertex 23.2 -37.4882 0
      vertex 25.1478 -37.9424 0
      vertex 25.1139 -38.0688 0
    endloop
  endfacet
  facet normal -0 0 -1
    outer loop
      vertex 25.1829 37.7492 0
      vertex 23.2 37.4882 0
      vertex 25.1616 37.8784 0
    endloop
  endfacet
  facet normal 0 0 -1
    outer loop
      vertex 23.2 -37.4882 0
      vertex 25.1139 -38.0688 0
      vertex 25.0718 -38.1928 0
    endloop
  endfacet
  facet normal -0 0 -1
    outer loop
      vertex 25.1616 37.8784 0
      vertex 23.2 37.4882 0
      vertex 25.1319 38.0058 0
    endloop
  endfacet
  facet normal 0 0 -1
    outer loop
      vertex 23.2 -37.4882 0
      vertex 25.0718 -38.1928 0
      vertex 25.0217 -38.3137 0
    endloop
  endfacet
  facet normal -0 0 -1
    outer loop
      vertex 25.1319 38.0058 0
      vertex 23.2 37.4882 0
      vertex 25.0939 38.1311 0
    endloop
  endfacet
  facet normal 0 0 -1
    outer loop
      vertex 23.2 -37.4882 0
      vertex 25.0217 -38.3137 0
      vertex 24.9638 -38.4311 0
    endloop
  endfacet
  facet normal -0 0 -1
    outer loop
      vertex 25.0939 38.1311 0
      vertex 23.2 37.4882 0
      vertex 25.0478 38.2536 0
    endloop
  endfacet
  facet normal 0 0 -1
    outer loop
      vertex 23.2 -37.4882 0
      vertex 24.9638 -38.4311 0
      vertex 24.8984 -38.5444 0
    endloop
  endfacet
  facet normal -0 0 -1
    outer loop
      vertex 25.0478 38.2536 0
      vertex 23.2 37.4882 0
      vertex 24.9938 38.3728 0
    endloop
  endfacet
  facet normal 0 0 -1
    outer loop
      vertex 23.2 -37.4882 0
      vertex 24.8984 -38.5444 0
      vertex 24.8257 -38.6532 0
    endloop
  endfacet
  facet normal -0 0 -1
    outer loop
      vertex 24.9938 38.3728 0
      vertex 23.2 37.4882 0
      vertex 24.9321 38.4882 0
    endloop
  endfacet
  facet normal 0 0 -1
    outer loop
      vertex 23.2 -37.4882 0
      vertex 24.8257 -38.6532 0
      vertex 24.746 -38.757 0
    endloop
  endfacet
  facet normal -0 0 -1
    outer loop
      vertex 24.9321 38.4882 0
      vertex 23.2 37.4882 0
      vertex 24.8629 38.5993 0
    endloop
  endfacet
  facet normal 0 0 -1
    outer loop
      vertex 23.2 -37.4882 0
      vertex 24.746 -38.757 0
      vertex 24.6597 -38.8554 0
    endloop
  endfacet
  facet normal -0 0 -1
    outer loop
      vertex 24.8629 38.5993 0
      vertex 23.2 37.4882 0
      vertex 24.7867 38.7057 0
    endloop
  endfacet
  facet normal 0 0 -1
    outer loop
      vertex 23.2 -37.4882 0
      vertex 24.6597 -38.8554 0
      vertex 24.5671 -38.948 0
    endloop
  endfacet
  facet normal -0 0 -1
    outer loop
      vertex 24.7867 38.7057 0
      vertex 23.2 37.4882 0
      vertex 24.7037 38.8069 0
    endloop
  endfacet
  facet normal 0 0 -1
    outer loop
      vertex 23.2 -37.4882 0
      vertex 24.5671 -38.948 0
      vertex 24.4687 -39.0343 0
    endloop
  endfacet
  facet normal -0 0 -1
    outer loop
      vertex 24.7037 38.8069 0
      vertex 23.2 37.4882 0
      vertex 24.6142 38.9024 0
    endloop
  endfacet
  facet normal 0 0 -1
    outer loop
      vertex 23.2 -37.4882 0
      vertex 24.4687 -39.0343 0
      vertex 24.3649 -39.1139 0
    endloop
  endfacet
  facet normal -0 0 -1
    outer loop
      vertex 24.6142 38.9024 0
      vertex 23.2 37.4882 0
      vertex 24.5187 38.9919 0
    endloop
  endfacet
  facet normal 0 0 -1
    outer loop
      vertex 23.2 -37.4882 0
      vertex 24.3649 -39.1139 0
      vertex 24.2561 -39.1866 0
    endloop
  endfacet
  facet normal -0 0 -1
    outer loop
      vertex 24.5187 38.9919 0
      vertex 23.2 37.4882 0
      vertex 24.4175 39.0749 0
    endloop
  endfacet
  facet normal 0 0 -1
    outer loop
      vertex 23.2 -37.4882 0
      vertex 24.2561 -39.1866 0
      vertex 24.1427 -39.2521 0
    endloop
  endfacet
  facet normal -0 0 -1
    outer loop
      vertex 24.4175 39.0749 0
      vertex 23.2 37.4882 0
      vertex 24.3112 39.1511 0
    endloop
  endfacet
  facet normal 0 0 -1
    outer loop
      vertex 23.2 -37.4882 0
      vertex 24.1427 -39.2521 0
      vertex 24.0253 -39.31 0
    endloop
  endfacet
  facet normal -0 0 -1
    outer loop
      vertex 24.3112 39.1511 0
      vertex 23.2 37.4882 0
      vertex 24.2 39.2202 0
    endloop
  endfacet
  facet normal 0 0 -1
    outer loop
      vertex 23.2 -37.4882 0
      vertex 24.0253 -39.31 0
      vertex 23.9044 -39.36 0
    endloop
  endfacet
  facet normal -0 0 -1
    outer loop
      vertex 24.2 39.2202 0
      vertex 23.2 37.4882 0
      vertex 24.0846 39.2819 0
    endloop
  endfacet
  facet normal 0 0 -1
    outer loop
      vertex 23.2 -37.4882 0
      vertex 23.9044 -39.36 0
      vertex 23.7805 -39.4021 0
    endloop
  endfacet
  facet normal -0 0 -1
    outer loop
      vertex 24.0846 39.2819 0
      vertex 23.2 37.4882 0
      vertex 23.9654 39.336 0
    endloop
  endfacet
  facet normal 0 0 -1
    outer loop
      vertex 23.2 -37.4882 0
      vertex 23.7805 -39.4021 0
      vertex 23.6541 -39.436 0
    endloop
  endfacet
  facet normal -0 0 -1
    outer loop
      vertex 23.9654 39.336 0
      vertex 23.2 37.4882 0
      vertex 23.8429 39.382 0
    endloop
  endfacet
  facet normal 0 0 -1
    outer loop
      vertex 23.2 -37.4882 0
      vertex 23.6541 -39.436 0
      vertex 23.5257 -39.4615 0
    endloop
  endfacet
  facet normal -0 0 -1
    outer loop
      vertex 23.8429 39.382 0
      vertex 23.2 37.4882 0
      vertex 23.7177 39.42 0
    endloop
  endfacet
  facet normal 0 0 -1
    outer loop
      vertex 23.2 -37.4882 0
      vertex 23.5257 -39.4615 0
      vertex 23.396 -39.4786 0
    endloop
  endfacet
  facet normal -0 0 -1
    outer loop
      vertex 23.7177 39.42 0
      vertex 23.2 37.4882 0
      vertex 23.5902 39.4498 0
    endloop
  endfacet
  facet normal 0 0 -1
    outer loop
      vertex 23.2 -37.4882 0
      vertex 23.396 -39.4786 0
      vertex 23.2654 -39.4871 0
    endloop
  endfacet
  facet normal -0 0 -1
    outer loop
      vertex 23.5902 39.4498 0
      vertex 23.2 37.4882 0
      vertex 23.4611 39.4711 0
    endloop
  endfacet
  facet normal -0 0 -1
    outer loop
      vertex 23.4611 39.4711 0
      vertex 23.2 37.4882 0
      vertex 23.3308 39.4839 0
    endloop
  endfacet
  facet normal 0 0 -1
    outer loop
      vertex 23.2 37.4882 0
      vertex 23.2 39.4882 0
      vertex 23.3308 39.4839 0
    endloop
  endfacet
  facet normal 0 0 -1
    outer loop
      vertex 23.2 37.4882 0
      vertex 23.0692 39.4839 0
      vertex 23.2 39.4882 0
    endloop
  endfacet
  facet normal 0 0 -1
    outer loop
      vertex 23.0039 39.4785 0
      vertex 23.2 37.4882 0
      vertex 23.0664 37.475 0
    endloop
  endfacet
  facet normal 0 0 -1
    outer loop
      vertex 23.2 37.4882 0
      vertex 23.0039 39.4785 0
      vertex 23.0692 39.4839 0
    endloop
  endfacet
  facet normal 0 0 -1
    outer loop
      vertex 23.0664 37.475 0
      vertex 22.8703 39.4654 0
      vertex 23.0039 39.4785 0
    endloop
  endfacet
  facet normal 0 0 -1
    outer loop
      vertex 23.0664 37.475 0
      vertex 22.7406 39.4483 0
      vertex 22.8703 39.4654 0
    endloop
  endfacet
  facet normal 0 0 -1
    outer loop
      vertex 20.626 37.0721 0
      vertex 22.7406 39.4483 0
      vertex 23.0664 37.475 0
    endloop
  endfacet
  facet normal 0 0 -1
    outer loop
      vertex 20.626 37.0721 0
      vertex 20.3002 39.0454 0
      vertex 22.7406 39.4483 0
    endloop
  endfacet
  facet normal 0 0 -1
    outer loop
      vertex 20.626 37.0721 0
      vertex 20.1718 39.0199 0
      vertex 20.3002 39.0454 0
    endloop
  endfacet
  facet normal 0 0 -1
    outer loop
      vertex 18.217 36.5104 0
      vertex 20.1718 39.0199 0
      vertex 20.626 37.0721 0
    endloop
  endfacet
  facet normal 0 0 -1
    outer loop
      vertex 18.217 36.5104 0
      vertex 17.7629 38.4582 0
      vertex 20.1718 39.0199 0
    endloop
  endfacet
  facet normal 0 0 -1
    outer loop
      vertex 18.217 36.5104 0
      vertex 17.6365 38.4243 0
      vertex 17.7629 38.4582 0
    endloop
  endfacet
  facet normal 0 0 -1
    outer loop
      vertex 15.8502 35.7924 0
      vertex 17.6365 38.4243 0
      vertex 18.217 36.5104 0
    endloop
  endfacet
  facet normal 0 0 -1
    outer loop
      vertex 15.8502 35.7924 0
      vertex 15.2696 37.7063 0
      vertex 17.6365 38.4243 0
    endloop
  endfacet
  facet normal 0 0 -1
    outer loop
      vertex 15.8502 35.7924 0
      vertex 15.1457 37.6642 0
      vertex 15.2696 37.7063 0
    endloop
  endfacet
  facet normal 0 0 -1
    outer loop
      vertex 13.535 34.9211 0
      vertex 15.1457 37.6642 0
      vertex 15.8502 35.7924 0
    endloop
  endfacet
  facet normal 0 0 -1
    outer loop
      vertex 13.535 34.9211 0
      vertex 12.8306 36.7929 0
      vertex 15.1457 37.6642 0
    endloop
  endfacet
  facet normal 0 0 -1
    outer loop
      vertex 13.535 34.9211 0
      vertex 12.7096 36.7428 0
      vertex 12.8306 36.7929 0
    endloop
  endfacet
  facet normal 0 0 -1
    outer loop
      vertex 11.2823 33.9004 0
      vertex 12.7096 36.7428 0
      vertex 13.535 34.9211 0
    endloop
  endfacet
  facet normal 0 0 -1
    outer loop
      vertex 11.2823 33.9004 0
      vertex 10.4569 35.7221 0
      vertex 12.7096 36.7428 0
    endloop
  endfacet
  facet normal 0 0 -1
    outer loop
      vertex 11.2823 33.9004 0
      vertex 10.3395 35.6642 0
      vertex 10.4569 35.7221 0
    endloop
  endfacet
  facet normal 0 0 -1
    outer loop
      vertex 9.10089 32.7344 0
      vertex 10.3395 35.6642 0
      vertex 11.2823 33.9004 0
    endloop
  endfacet
  facet normal 0 0 -1
    outer loop
      vertex 9.10089 32.7344 0
      vertex 8.1581 34.4982 0
      vertex 10.3395 35.6642 0
    endloop
  endfacet
  facet normal 0 0 -1
    outer loop
      vertex 9.10089 32.7344 0
      vertex 8.04475 34.4328 0
      vertex 8.1581 34.4982 0
    endloop
  endfacet
  facet normal 0 0 -1
    outer loop
      vertex 6.93423 31.3871 0
      vertex 8.04475 34.4328 0
      vertex 9.10089 32.7344 0
    endloop
  endfacet
  facet normal 0 0 -1
    outer loop
      vertex 6.93423 31.3871 0
      vertex 5.8781 33.0855 0
      vertex 8.04475 34.4328 0
    endloop
  endfacet
  facet normal 0 0 -1
    outer loop
      vertex 6.93423 31.3871 0
      vertex 5.85435 33.0705 0
      vertex 5.8781 33.0855 0
    endloop
  endfacet
  facet normal 0 0 -1
    outer loop
      vertex -25.6564 10.4805 0
      vertex 5.85435 33.0705 0
      vertex 6.93423 31.3871 0
    endloop
  endfacet
  facet normal 0 0 -1
    outer loop
      vertex -25.6564 10.4805 0
      vertex -26.7362 12.1639 0
      vertex 5.85435 33.0705 0
    endloop
  endfacet
  facet normal 0 0 -1
    outer loop
      vertex -25.6564 10.4805 0
      vertex -26.7675 12.1435 0
      vertex -26.7362 12.1639 0
    endloop
  endfacet
  facet normal 0 0 -1
    outer loop
      vertex -27.1012 9.51511 0
      vertex -26.7675 12.1435 0
      vertex -25.6564 10.4805 0
    endloop
  endfacet
  facet normal 0 0 -1
    outer loop
      vertex -27.1012 9.51511 0
      vertex -28.2124 11.178 0
      vertex -26.7675 12.1435 0
    endloop
  endfacet
  facet normal 0 0 -1
    outer loop
      vertex -28.4199 11.0188 0
      vertex -27.1012 9.51511 0
      vertex -28.2807 8.48079 0
    endloop
  endfacet
  facet normal 0 0 -1
    outer loop
      vertex -27.1012 9.51511 0
      vertex -28.3188 11.1018 0
      vertex -28.2124 11.178 0
    endloop
  endfacet
  facet normal 0 0 -1
    outer loop
      vertex -27.1012 9.51511 0
      vertex -28.4199 11.0188 0
      vertex -28.3188 11.1018 0
    endloop
  endfacet
  facet normal 0 0 -1
    outer loop
      vertex -29.7843 9.79947 0
      vertex -28.2807 8.48079 0
      vertex -29.3151 7.30118 0
    endloop
  endfacet
  facet normal 0 0 -1
    outer loop
      vertex -28.2807 8.48079 0
      vertex -29.5993 9.98447 0
      vertex -28.4199 11.0188 0
    endloop
  endfacet
  facet normal 0 0 -1
    outer loop
      vertex -28.2807 8.48079 0
      vertex -29.6949 9.895 0
      vertex -29.5993 9.98447 0
    endloop
  endfacet
  facet normal 0 0 -1
    outer loop
      vertex -28.2807 8.48079 0
      vertex -29.7843 9.79947 0
      vertex -29.6949 9.895 0
    endloop
  endfacet
  facet normal 0 0 -1
    outer loop
      vertex -30.978 8.41234 0
      vertex -29.3151 7.30118 0
      vertex -30.1868 5.99673 0
    endloop
  endfacet
  facet normal 0 0 -1
    outer loop
      vertex -29.3151 7.30118 0
      vertex -30.8188 8.61986 0
      vertex -29.7843 9.79947 0
    endloop
  endfacet
  facet normal 0 0 -1
    outer loop
      vertex -31.9805 6.88132 0
      vertex -30.1868 5.99673 0
      vertex -30.8806 4.58972 0
    endloop
  endfacet
  facet normal 0 0 -1
    outer loop
      vertex -29.3151 7.30118 0
      vertex -30.978 8.41234 0
      vertex -30.9018 8.51868 0
    endloop
  endfacet
  facet normal 0 0 -1
    outer loop
      vertex -29.3151 7.30118 0
      vertex -30.9018 8.51868 0
      vertex -30.8188 8.61986 0
    endloop
  endfacet
  facet normal 0 0 -1
    outer loop
      vertex -32.7745 5.23259 0
      vertex -30.8806 4.58972 0
      vertex -31.3849 3.10416 0
    endloop
  endfacet
  facet normal 0 0 -1
    outer loop
      vertex -33.3465 3.49434 0
      vertex -31.3849 3.10416 0
      vertex -31.6909 1.56551 0
    endloop
  endfacet
  facet normal 0 0 -1
    outer loop
      vertex -30.1868 5.99673 0
      vertex -31.8497 7.10789 0
      vertex -30.978 8.41234 0
    endloop
  endfacet
  facet normal 0 0 -1
    outer loop
      vertex -33.6867 1.6963 0
      vertex -31.6909 1.56551 0
      vertex -31.7935 0 0
    endloop
  endfacet
  facet normal 0 0 -1
    outer loop
      vertex -32.7745 -5.23259 0
      vertex -30.8806 -4.58972 0
      vertex -32.7284 -5.35507 0
    endloop
  endfacet
  facet normal 0 0 -1
    outer loop
      vertex -30.1868 5.99673 0
      vertex -31.9805 6.88132 0
      vertex -31.9188 6.99677 0
    endloop
  endfacet
  facet normal -0 0 -1
    outer loop
      vertex -30.1868 -5.99673 0
      vertex -31.9805 -6.88132 0
      vertex -30.8806 -4.58972 0
    endloop
  endfacet
  facet normal 0 0 -1
    outer loop
      vertex -33.2787 -3.74702 0
      vertex -31.3849 -3.10416 0
      vertex -32.7745 -5.23259 0
    endloop
  endfacet
  facet normal 0 0 -1
    outer loop
      vertex -30.1868 5.99673 0
      vertex -31.9188 6.99677 0
      vertex -31.8497 7.10789 0
    endloop
  endfacet
  facet normal 0 0 -1
    outer loop
      vertex -33.3167 -3.6218 0
      vertex -31.3849 -3.10416 0
      vertex -33.2787 -3.74702 0
    endloop
  endfacet
  facet normal 0 0 -1
    outer loop
      vertex -30.8806 4.58972 0
      vertex -32.6744 5.4743 0
      vertex -31.9805 6.88132 0
    endloop
  endfacet
  facet normal -0 0 -1
    outer loop
      vertex -30.8806 -4.58972 0
      vertex -32.7745 -5.23259 0
      vertex -31.3849 -3.10416 0
    endloop
  endfacet
  facet normal 0 0 -1
    outer loop
      vertex -33.3465 -3.49434 0
      vertex -31.3849 -3.10416 0
      vertex -33.3167 -3.6218 0
    endloop
  endfacet
  facet normal 0 0 -1
    outer loop
      vertex -30.8806 4.58972 0
      vertex -32.7745 5.23259 0
      vertex -32.7284 5.35509 0
    endloop
  endfacet
  facet normal 0 0 -1
    outer loop
      vertex -30.8806 4.58972 0
      vertex -32.7284 5.35509 0
      vertex -32.6744 5.4743 0
    endloop
  endfacet
  facet normal 0 0 -1
    outer loop
      vertex -33.6525 -1.95569 0
      vertex -31.6909 -1.56551 0
      vertex -33.3465 -3.49434 0
    endloop
  endfacet
  facet normal 0 0 -1
    outer loop
      vertex -31.3849 3.10416 0
      vertex -33.2787 3.74702 0
      vertex -32.7745 5.23259 0
    endloop
  endfacet
  facet normal -0 0 -1
    outer loop
      vertex -31.3849 -3.10416 0
      vertex -33.3465 -3.49434 0
      vertex -31.6909 -1.56551 0
    endloop
  endfacet
  facet normal 0 0 -1
    outer loop
      vertex -33.6738 -1.82655 0
      vertex -31.6909 -1.56551 0
      vertex -33.6525 -1.95569 0
    endloop
  endfacet
  facet normal 0 0 -1
    outer loop
      vertex -31.3849 3.10416 0
      vertex -33.3465 3.49434 0
      vertex -33.3167 3.62178 0
    endloop
  endfacet
  facet normal 0 0 -1
    outer loop
      vertex -31.3849 3.10416 0
      vertex -33.3167 3.62178 0
      vertex -33.2787 3.74702 0
    endloop
  endfacet
  facet normal 0 0 -1
    outer loop
      vertex -33.6867 -1.6963 0
      vertex -31.6909 -1.56551 0
      vertex -33.6738 -1.82655 0
    endloop
  endfacet
  facet normal 0 0 -1
    outer loop
      vertex -31.6909 1.56551 0
      vertex -33.6525 1.95569 0
      vertex -33.3465 3.49434 0
    endloop
  endfacet
  facet normal -0 0 -1
    outer loop
      vertex -31.6909 -1.56551 0
      vertex -33.6867 -1.6963 0
      vertex -31.7935 0 0
    endloop
  endfacet
  facet normal 0 0 -1
    outer loop
      vertex -33.7893 -0.130798 0
      vertex -31.7935 0 0
      vertex -33.6867 -1.6963 0
    endloop
  endfacet
  facet normal 0 0 -1
    outer loop
      vertex -31.6909 1.56551 0
      vertex -33.6867 1.6963 0
      vertex -33.6738 1.82657 0
    endloop
  endfacet
  facet normal 0 0 -1
    outer loop
      vertex -31.6909 1.56551 0
      vertex -33.6738 1.82657 0
      vertex -33.6525 1.95569 0
    endloop
  endfacet
  facet normal 0 0 -1
    outer loop
      vertex -33.7935 -1.52588e-05 0
      vertex -31.7935 0 0
      vertex -33.7893 -0.130798 0
    endloop
  endfacet
  facet normal 0 0 -1
    outer loop
      vertex -31.7935 0 0
      vertex -33.7893 0.130798 0
      vertex -33.6867 1.6963 0
    endloop
  endfacet
  facet normal -0 0 -1
    outer loop
      vertex -31.7935 0 0
      vertex -33.7935 -1.52588e-05 0
      vertex -33.7893 0.130798 0
    endloop
  endfacet
  facet normal 0.93592 0.352212 0
    outer loop
      vertex 25.0939 38.1311 10
      vertex 25.0478 38.2536 0
      vertex 25.0478 38.2536 10
    endloop
  endfacet
  facet normal 0.93592 0.352212 0
    outer loop
      vertex 25.0478 38.2536 0
      vertex 25.0939 38.1311 10
      vertex 25.0939 38.1311 0
    endloop
  endfacet
  facet normal 0.848813 0.528693 0
    outer loop
      vertex 24.9321 38.4882 10
      vertex 24.8629 38.5993 0
      vertex 24.8629 38.5993 10
    endloop
  endfacet
  facet normal 0.848813 0.528693 0
    outer loop
      vertex 24.8629 38.5993 0
      vertex 24.9321 38.4882 10
      vertex 24.9321 38.4882 0
    endloop
  endfacet
  facet normal 0.634153 0.773208 -0
    outer loop
      vertex 24.5187 38.9919 0
      vertex 24.4175 39.0749 10
      vertex 24.5187 38.9919 10
    endloop
  endfacet
  facet normal 0.634153 0.773208 0
    outer loop
      vertex 24.4175 39.0749 10
      vertex 24.5187 38.9919 0
      vertex 24.4175 39.0749 0
    endloop
  endfacet
  facet normal 0.321725 -0.946833 0
    outer loop
      vertex 23.7805 -39.4021 0
      vertex 23.9044 -39.36 10
      vertex 23.7805 -39.4021 10
    endloop
  endfacet
  facet normal 0.321725 -0.946833 0
    outer loop
      vertex 23.9044 -39.36 10
      vertex 23.7805 -39.4021 0
      vertex 23.9044 -39.36 0
    endloop
  endfacet
  facet normal 0.751819 -0.65937 0
    outer loop
      vertex 24.6597 -38.8554 10
      vertex 24.746 -38.757 0
      vertex 24.746 -38.757 10
    endloop
  endfacet
  facet normal 0.751819 -0.65937 0
    outer loop
      vertex 24.746 -38.757 0
      vertex 24.6597 -38.8554 10
      vertex 24.6597 -38.8554 0
    endloop
  endfacet
  facet normal 0.65937 -0.751819 0
    outer loop
      vertex 24.4687 -39.0343 0
      vertex 24.5671 -38.948 10
      vertex 24.4687 -39.0343 10
    endloop
  endfacet
  facet normal 0.65937 -0.751819 0
    outer loop
      vertex 24.5671 -38.948 10
      vertex 24.4687 -39.0343 0
      vertex 24.5671 -38.948 0
    endloop
  endfacet
  facet normal 0.608528 -0.793533 0
    outer loop
      vertex 24.3649 -39.1139 0
      vertex 24.4687 -39.0343 10
      vertex 24.3649 -39.1139 10
    endloop
  endfacet
  facet normal 0.608528 -0.793533 0
    outer loop
      vertex 24.4687 -39.0343 10
      vertex 24.3649 -39.1139 0
      vertex 24.4687 -39.0343 0
    endloop
  endfacet
  facet normal -0.946946 0.321392 0
    outer loop
      vertex -33.2787 3.74702 0
      vertex -32.7745 5.23259 10
      vertex -32.7745 5.23259 0
    endloop
  endfacet
  facet normal -0.946946 0.321392 0
    outer loop
      vertex -32.7745 5.23259 10
      vertex -33.2787 3.74702 0
      vertex -33.2787 3.74702 10
    endloop
  endfacet
  facet normal 0.259042 -0.965866 0
    outer loop
      vertex 23.6541 -39.436 0
      vertex 23.7805 -39.4021 10
      vertex 23.6541 -39.436 10
    endloop
  endfacet
  facet normal 0.259042 -0.965866 0
    outer loop
      vertex 23.7805 -39.4021 10
      vertex 23.6541 -39.436 0
      vertex 23.7805 -39.4021 0
    endloop
  endfacet
  facet normal 0 0 1
    outer loop
      vertex 76.7 0 115
      vertex 80 0 115
      vertex 79.8287 5.23225 115
    endloop
  endfacet
  facet normal 0 0 1
    outer loop
      vertex 76.5358 5.01642 115
      vertex 79.8287 5.23225 115
      vertex 79.3156 10.4421 115
    endloop
  endfacet
  facet normal 0 0 1
    outer loop
      vertex 80 0 115
      vertex 76.7 0 115
      vertex 79.8287 -5.23225 115
    endloop
  endfacet
  facet normal 0 0 1
    outer loop
      vertex 76.0438 10.0114 115
      vertex 79.3156 10.4421 115
      vertex 78.4628 15.6072 115
    endloop
  endfacet
  facet normal -0 0 1
    outer loop
      vertex 76.5358 -5.01642 115
      vertex 79.8287 -5.23225 115
      vertex 76.7 0 115
    endloop
  endfacet
  facet normal 0 0 1
    outer loop
      vertex 75.2262 14.9634 115
      vertex 78.4628 15.6072 115
      vertex 77.2741 20.7055 115
    endloop
  endfacet
  facet normal 0 0 1
    outer loop
      vertex 79.8287 -5.23225 115
      vertex 76.5358 -5.01642 115
      vertex 79.3156 -10.4421 115
    endloop
  endfacet
  facet normal -0 0 1
    outer loop
      vertex 76.0438 -10.0114 115
      vertex 79.3156 -10.4421 115
      vertex 76.5358 -5.01642 115
    endloop
  endfacet
  facet normal 0 0 1
    outer loop
      vertex 79.8287 5.23225 115
      vertex 76.5358 5.01642 115
      vertex 76.7 0 115
    endloop
  endfacet
  facet normal 0 0 1
    outer loop
      vertex 79.3156 10.4421 115
      vertex 76.0438 10.0114 115
      vertex 76.5358 5.01642 115
    endloop
  endfacet
  facet normal 0 0 1
    outer loop
      vertex 74.0865 19.8514 115
      vertex 77.2741 20.7055 115
      vertex 75.7544 25.7152 115
    endloop
  endfacet
  facet normal 0 0 1
    outer loop
      vertex 78.4628 15.6072 115
      vertex 75.2262 14.9634 115
      vertex 76.0438 10.0114 115
    endloop
  endfacet
  facet normal 0 0 1
    outer loop
      vertex 77.2741 20.7055 115
      vertex 74.0865 19.8514 115
      vertex 75.2262 14.9634 115
    endloop
  endfacet
  facet normal 0 0 1
    outer loop
      vertex 72.6295 24.6544 115
      vertex 75.7544 25.7152 115
      vertex 73.9104 30.6147 115
    endloop
  endfacet
  facet normal 0 0 1
    outer loop
      vertex 75.7544 25.7152 115
      vertex 72.6295 24.6544 115
      vertex 74.0865 19.8514 115
    endloop
  endfacet
  facet normal 0 0 1
    outer loop
      vertex 70.8616 29.3518 115
      vertex 73.9104 30.6147 115
      vertex 71.7498 35.3831 115
    endloop
  endfacet
  facet normal 0 0 1
    outer loop
      vertex 73.9104 30.6147 115
      vertex 70.8616 29.3518 115
      vertex 72.6295 24.6544 115
    endloop
  endfacet
  facet normal 0 0 1
    outer loop
      vertex 68.7901 33.9235 115
      vertex 71.7498 35.3831 115
      vertex 69.282 40 115
    endloop
  endfacet
  facet normal 0 0 1
    outer loop
      vertex 71.7498 35.3831 115
      vertex 68.7901 33.9235 115
      vertex 70.8616 29.3518 115
    endloop
  endfacet
  facet normal 0 0 1
    outer loop
      vertex 66.4241 38.35 115
      vertex 69.282 40 115
      vertex 66.5176 44.4456 115
    endloop
  endfacet
  facet normal 0 0 1
    outer loop
      vertex 69.282 40 115
      vertex 66.4241 38.35 115
      vertex 68.7901 33.9235 115
    endloop
  endfacet
  facet normal 0 0 1
    outer loop
      vertex 66.5176 44.4456 115
      vertex 63.7737 42.6122 115
      vertex 66.4241 38.35 115
    endloop
  endfacet
  facet normal 0 0 1
    outer loop
      vertex 63.4683 48.7009 115
      vertex 63.7737 42.6122 115
      vertex 66.5176 44.4456 115
    endloop
  endfacet
  facet normal 0 0 1
    outer loop
      vertex 63.4683 48.7009 115
      vertex 60.8502 46.692 115
      vertex 63.7737 42.6122 115
    endloop
  endfacet
  facet normal 0 0 1
    outer loop
      vertex 60.1472 52.7477 115
      vertex 60.8502 46.692 115
      vertex 63.4683 48.7009 115
    endloop
  endfacet
  facet normal 0 0 1
    outer loop
      vertex 60.1472 52.7477 115
      vertex 57.6661 50.5718 115
      vertex 60.8502 46.692 115
    endloop
  endfacet
  facet normal 0 0 1
    outer loop
      vertex 56.5685 56.5685 115
      vertex 57.6661 50.5718 115
      vertex 60.1472 52.7477 115
    endloop
  endfacet
  facet normal 0 0 1
    outer loop
      vertex 56.5685 56.5685 115
      vertex 54.2351 54.2351 115
      vertex 57.6661 50.5718 115
    endloop
  endfacet
  facet normal 0 0 1
    outer loop
      vertex 52.7477 60.1472 115
      vertex 54.2351 54.2351 115
      vertex 56.5685 56.5685 115
    endloop
  endfacet
  facet normal 0 0 1
    outer loop
      vertex 52.7477 60.1472 115
      vertex 50.5718 57.6661 115
      vertex 54.2351 54.2351 115
    endloop
  endfacet
  facet normal 0 0 1
    outer loop
      vertex 48.7009 63.4683 115
      vertex 50.5718 57.6661 115
      vertex 52.7477 60.1472 115
    endloop
  endfacet
  facet normal 0 0 1
    outer loop
      vertex 48.7009 63.4683 115
      vertex 46.692 60.8502 115
      vertex 50.5718 57.6661 115
    endloop
  endfacet
  facet normal 0 0 1
    outer loop
      vertex 44.4456 66.5176 115
      vertex 46.692 60.8502 115
      vertex 48.7009 63.4683 115
    endloop
  endfacet
  facet normal 0 0 1
    outer loop
      vertex 44.4456 66.5176 115
      vertex 42.6122 63.7737 115
      vertex 46.692 60.8502 115
    endloop
  endfacet
  facet normal 0 0 1
    outer loop
      vertex 40 69.282 115
      vertex 42.6122 63.7737 115
      vertex 44.4456 66.5176 115
    endloop
  endfacet
  facet normal 0 0 1
    outer loop
      vertex 40 69.282 115
      vertex 38.35 66.4241 115
      vertex 42.6122 63.7737 115
    endloop
  endfacet
  facet normal 0 0 1
    outer loop
      vertex 35.3831 71.7498 115
      vertex 38.35 66.4241 115
      vertex 40 69.282 115
    endloop
  endfacet
  facet normal 0 0 1
    outer loop
      vertex 35.3831 71.7498 115
      vertex 33.9235 68.7901 115
      vertex 38.35 66.4241 115
    endloop
  endfacet
  facet normal 0 0 1
    outer loop
      vertex 30.6147 73.9104 115
      vertex 33.9235 68.7901 115
      vertex 35.3831 71.7498 115
    endloop
  endfacet
  facet normal 0 0 1
    outer loop
      vertex 30.6147 73.9104 115
      vertex 29.3518 70.8616 115
      vertex 33.9235 68.7901 115
    endloop
  endfacet
  facet normal 0 0 1
    outer loop
      vertex 25.7152 75.7544 115
      vertex 29.3518 70.8616 115
      vertex 30.6147 73.9104 115
    endloop
  endfacet
  facet normal 0 0 1
    outer loop
      vertex 25.7152 75.7544 115
      vertex 24.6544 72.6295 115
      vertex 29.3518 70.8616 115
    endloop
  endfacet
  facet normal 0 0 1
    outer loop
      vertex 20.7055 77.2741 115
      vertex 24.6544 72.6295 115
      vertex 25.7152 75.7544 115
    endloop
  endfacet
  facet normal 0 0 1
    outer loop
      vertex 20.7055 77.2741 115
      vertex 19.8514 74.0865 115
      vertex 24.6544 72.6295 115
    endloop
  endfacet
  facet normal 0 0 1
    outer loop
      vertex 15.6072 78.4628 115
      vertex 19.8514 74.0865 115
      vertex 20.7055 77.2741 115
    endloop
  endfacet
  facet normal 0 0 1
    outer loop
      vertex 15.6072 78.4628 115
      vertex 14.9634 75.2262 115
      vertex 19.8514 74.0865 115
    endloop
  endfacet
  facet normal 0 0 1
    outer loop
      vertex 10.4421 79.3156 115
      vertex 14.9634 75.2262 115
      vertex 15.6072 78.4628 115
    endloop
  endfacet
  facet normal 0 0 1
    outer loop
      vertex 10.4421 79.3156 115
      vertex 10.0114 76.0438 115
      vertex 14.9634 75.2262 115
    endloop
  endfacet
  facet normal 0 0 1
    outer loop
      vertex 5.23225 79.8287 115
      vertex 10.0114 76.0438 115
      vertex 10.4421 79.3156 115
    endloop
  endfacet
  facet normal 0 0 1
    outer loop
      vertex 5.23225 79.8287 115
      vertex 5.01642 76.5358 115
      vertex 10.0114 76.0438 115
    endloop
  endfacet
  facet normal 0 0 1
    outer loop
      vertex 0 80 115
      vertex 5.01642 76.5358 115
      vertex 5.23225 79.8287 115
    endloop
  endfacet
  facet normal 0 0 1
    outer loop
      vertex 0 80 115
      vertex 0 76.7 115
      vertex 5.01642 76.5358 115
    endloop
  endfacet
  facet normal 0 0 1
    outer loop
      vertex 0 80 115
      vertex -5.01642 76.5358 115
      vertex 0 76.7 115
    endloop
  endfacet
  facet normal -0 0 1
    outer loop
      vertex -5.23225 79.8287 115
      vertex -5.01642 76.5358 115
      vertex 0 80 115
    endloop
  endfacet
  facet normal 0 0 1
    outer loop
      vertex -5.23225 79.8287 115
      vertex -10.0114 76.0438 115
      vertex -5.01642 76.5358 115
    endloop
  endfacet
  facet normal -0 0 1
    outer loop
      vertex -10.4421 79.3156 115
      vertex -10.0114 76.0438 115
      vertex -5.23225 79.8287 115
    endloop
  endfacet
  facet normal 0 0 1
    outer loop
      vertex -10.4421 79.3156 115
      vertex -14.9634 75.2262 115
      vertex -10.0114 76.0438 115
    endloop
  endfacet
  facet normal -0 0 1
    outer loop
      vertex -15.6072 78.4628 115
      vertex -14.9634 75.2262 115
      vertex -10.4421 79.3156 115
    endloop
  endfacet
  facet normal 0 0 1
    outer loop
      vertex -15.6072 78.4628 115
      vertex -19.8514 74.0865 115
      vertex -14.9634 75.2262 115
    endloop
  endfacet
  facet normal -0 0 1
    outer loop
      vertex -20.7055 77.2741 115
      vertex -19.8514 74.0865 115
      vertex -15.6072 78.4628 115
    endloop
  endfacet
  facet normal 0 0 1
    outer loop
      vertex -20.7055 77.2741 115
      vertex -24.6544 72.6295 115
      vertex -19.8514 74.0865 115
    endloop
  endfacet
  facet normal -0 0 1
    outer loop
      vertex -25.7152 75.7544 115
      vertex -24.6544 72.6295 115
      vertex -20.7055 77.2741 115
    endloop
  endfacet
  facet normal 0 0 1
    outer loop
      vertex -25.7152 75.7544 115
      vertex -29.3518 70.8616 115
      vertex -24.6544 72.6295 115
    endloop
  endfacet
  facet normal -0 0 1
    outer loop
      vertex -30.6147 73.9104 115
      vertex -29.3518 70.8616 115
      vertex -25.7152 75.7544 115
    endloop
  endfacet
  facet normal 0 0 1
    outer loop
      vertex -30.6147 73.9104 115
      vertex -33.9235 68.7901 115
      vertex -29.3518 70.8616 115
    endloop
  endfacet
  facet normal -0 0 1
    outer loop
      vertex -35.3831 71.7498 115
      vertex -33.9235 68.7901 115
      vertex -30.6147 73.9104 115
    endloop
  endfacet
  facet normal 0 0 1
    outer loop
      vertex -35.3831 71.7498 115
      vertex -38.35 66.4241 115
      vertex -33.9235 68.7901 115
    endloop
  endfacet
  facet normal -0 0 1
    outer loop
      vertex -40 69.282 115
      vertex -38.35 66.4241 115
      vertex -35.3831 71.7498 115
    endloop
  endfacet
  facet normal 0 0 1
    outer loop
      vertex -40 69.282 115
      vertex -42.6122 63.7737 115
      vertex -38.35 66.4241 115
    endloop
  endfacet
  facet normal -0 0 1
    outer loop
      vertex -44.4456 66.5176 115
      vertex -42.6122 63.7737 115
      vertex -40 69.282 115
    endloop
  endfacet
  facet normal 0 0 1
    outer loop
      vertex -44.4456 66.5176 115
      vertex -46.692 60.8502 115
      vertex -42.6122 63.7737 115
    endloop
  endfacet
  facet normal -0 0 1
    outer loop
      vertex -48.7009 63.4683 115
      vertex -46.692 60.8502 115
      vertex -44.4456 66.5176 115
    endloop
  endfacet
  facet normal 0 0 1
    outer loop
      vertex -48.7009 63.4683 115
      vertex -50.5718 57.6661 115
      vertex -46.692 60.8502 115
    endloop
  endfacet
  facet normal -0 0 1
    outer loop
      vertex -52.7477 60.1472 115
      vertex -50.5718 57.6661 115
      vertex -48.7009 63.4683 115
    endloop
  endfacet
  facet normal 0 0 1
    outer loop
      vertex -52.7477 60.1472 115
      vertex -54.2351 54.2351 115
      vertex -50.5718 57.6661 115
    endloop
  endfacet
  facet normal -0 0 1
    outer loop
      vertex -56.5685 56.5685 115
      vertex -54.2351 54.2351 115
      vertex -52.7477 60.1472 115
    endloop
  endfacet
  facet normal 0 0 1
    outer loop
      vertex -56.5685 56.5685 115
      vertex -57.6661 50.5718 115
      vertex -54.2351 54.2351 115
    endloop
  endfacet
  facet normal -0 0 1
    outer loop
      vertex -60.1472 52.7477 115
      vertex -57.6661 50.5718 115
      vertex -56.5685 56.5685 115
    endloop
  endfacet
  facet normal 0 0 1
    outer loop
      vertex -60.1472 52.7477 115
      vertex -60.8502 46.692 115
      vertex -57.6661 50.5718 115
    endloop
  endfacet
  facet normal -0 0 1
    outer loop
      vertex -63.4683 48.7009 115
      vertex -60.8502 46.692 115
      vertex -60.1472 52.7477 115
    endloop
  endfacet
  facet normal 0 0 1
    outer loop
      vertex -63.4683 48.7009 115
      vertex -63.7737 42.6122 115
      vertex -60.8502 46.692 115
    endloop
  endfacet
  facet normal -0 0 1
    outer loop
      vertex -66.5176 44.4456 115
      vertex -63.7737 42.6122 115
      vertex -63.4683 48.7009 115
    endloop
  endfacet
  facet normal 0 0 1
    outer loop
      vertex -63.7737 42.6122 115
      vertex -66.5176 44.4456 115
      vertex -66.4241 38.35 115
    endloop
  endfacet
  facet normal -0 0 1
    outer loop
      vertex -69.282 40 115
      vertex -66.4241 38.35 115
      vertex -66.5176 44.4456 115
    endloop
  endfacet
  facet normal 0 0 1
    outer loop
      vertex -66.4241 38.35 115
      vertex -69.282 40 115
      vertex -68.7901 33.9235 115
    endloop
  endfacet
  facet normal -0 0 1
    outer loop
      vertex -71.7498 35.3831 115
      vertex -68.7901 33.9235 115
      vertex -69.282 40 115
    endloop
  endfacet
  facet normal 0 0 1
    outer loop
      vertex -68.7901 33.9235 115
      vertex -71.7498 35.3831 115
      vertex -70.8616 29.3518 115
    endloop
  endfacet
  facet normal -0 0 1
    outer loop
      vertex -73.9104 30.6147 115
      vertex -70.8616 29.3518 115
      vertex -71.7498 35.3831 115
    endloop
  endfacet
  facet normal 0 0 1
    outer loop
      vertex -70.8616 29.3518 115
      vertex -73.9104 30.6147 115
      vertex -72.6295 24.6544 115
    endloop
  endfacet
  facet normal -0 0 1
    outer loop
      vertex -75.7544 25.7152 115
      vertex -72.6295 24.6544 115
      vertex -73.9104 30.6147 115
    endloop
  endfacet
  facet normal 0 0 1
    outer loop
      vertex -72.6295 24.6544 115
      vertex -75.7544 25.7152 115
      vertex -74.0865 19.8514 115
    endloop
  endfacet
  facet normal -0 0 1
    outer loop
      vertex -77.2741 20.7055 115
      vertex -74.0865 19.8514 115
      vertex -75.7544 25.7152 115
    endloop
  endfacet
  facet normal 0 0 1
    outer loop
      vertex -74.0865 19.8514 115
      vertex -77.2741 20.7055 115
      vertex -75.2262 14.9634 115
    endloop
  endfacet
  facet normal -0 0 1
    outer loop
      vertex -78.4628 15.6072 115
      vertex -75.2262 14.9634 115
      vertex -77.2741 20.7055 115
    endloop
  endfacet
  facet normal -0 0 1
    outer loop
      vertex -79.3156 10.4421 115
      vertex -76.0438 10.0114 115
      vertex -78.4628 15.6072 115
    endloop
  endfacet
  facet normal 0 0 1
    outer loop
      vertex -75.2262 14.9634 115
      vertex -78.4628 15.6072 115
      vertex -76.0438 10.0114 115
    endloop
  endfacet
  facet normal 0 0 1
    outer loop
      vertex 79.3156 -10.4421 115
      vertex 76.0438 -10.0114 115
      vertex 78.4628 -15.6072 115
    endloop
  endfacet
  facet normal -0 0 1
    outer loop
      vertex 75.2262 -14.9634 115
      vertex 78.4628 -15.6072 115
      vertex 76.0438 -10.0114 115
    endloop
  endfacet
  facet normal 0 0 1
    outer loop
      vertex 78.4628 -15.6072 115
      vertex 75.2262 -14.9634 115
      vertex 77.2741 -20.7055 115
    endloop
  endfacet
  facet normal -0 0 1
    outer loop
      vertex 74.0865 -19.8514 115
      vertex 77.2741 -20.7055 115
      vertex 75.2262 -14.9634 115
    endloop
  endfacet
  facet normal 0 0 1
    outer loop
      vertex 77.2741 -20.7055 115
      vertex 74.0865 -19.8514 115
      vertex 75.7544 -25.7152 115
    endloop
  endfacet
  facet normal -0 0 1
    outer loop
      vertex 72.6295 -24.6544 115
      vertex 75.7544 -25.7152 115
      vertex 74.0865 -19.8514 115
    endloop
  endfacet
  facet normal 0 0 1
    outer loop
      vertex 75.7544 -25.7152 115
      vertex 72.6295 -24.6544 115
      vertex 73.9104 -30.6147 115
    endloop
  endfacet
  facet normal -0 0 1
    outer loop
      vertex 70.8616 -29.3518 115
      vertex 73.9104 -30.6147 115
      vertex 72.6295 -24.6544 115
    endloop
  endfacet
  facet normal 0 0 1
    outer loop
      vertex 73.9104 -30.6147 115
      vertex 70.8616 -29.3518 115
      vertex 71.7498 -35.3831 115
    endloop
  endfacet
  facet normal -0 0 1
    outer loop
      vertex 68.7901 -33.9235 115
      vertex 71.7498 -35.3831 115
      vertex 70.8616 -29.3518 115
    endloop
  endfacet
  facet normal 0 0 1
    outer loop
      vertex 71.7498 -35.3831 115
      vertex 68.7901 -33.9235 115
      vertex 69.282 -40 115
    endloop
  endfacet
  facet normal -0 0 1
    outer loop
      vertex 66.4241 -38.35 115
      vertex 69.282 -40 115
      vertex 68.7901 -33.9235 115
    endloop
  endfacet
  facet normal 0 0 1
    outer loop
      vertex 69.282 -40 115
      vertex 66.4241 -38.35 115
      vertex 66.5176 -44.4456 115
    endloop
  endfacet
  facet normal -0 0 1
    outer loop
      vertex 63.7737 -42.6122 115
      vertex 66.5176 -44.4456 115
      vertex 66.4241 -38.35 115
    endloop
  endfacet
  facet normal 0 0 1
    outer loop
      vertex 63.7737 -42.6122 115
      vertex 63.4683 -48.7009 115
      vertex 66.5176 -44.4456 115
    endloop
  endfacet
  facet normal -0 0 1
    outer loop
      vertex 60.8502 -46.692 115
      vertex 63.4683 -48.7009 115
      vertex 63.7737 -42.6122 115
    endloop
  endfacet
  facet normal 0 0 1
    outer loop
      vertex 60.8502 -46.692 115
      vertex 60.1472 -52.7477 115
      vertex 63.4683 -48.7009 115
    endloop
  endfacet
  facet normal -0 0 1
    outer loop
      vertex 57.6661 -50.5718 115
      vertex 60.1472 -52.7477 115
      vertex 60.8502 -46.692 115
    endloop
  endfacet
  facet normal 0 0 1
    outer loop
      vertex 57.6661 -50.5718 115
      vertex 56.5685 -56.5685 115
      vertex 60.1472 -52.7477 115
    endloop
  endfacet
  facet normal -0 0 1
    outer loop
      vertex 54.2351 -54.2351 115
      vertex 56.5685 -56.5685 115
      vertex 57.6661 -50.5718 115
    endloop
  endfacet
  facet normal 0 0 1
    outer loop
      vertex 54.2351 -54.2351 115
      vertex 52.7477 -60.1472 115
      vertex 56.5685 -56.5685 115
    endloop
  endfacet
  facet normal -0 0 1
    outer loop
      vertex 50.5718 -57.6661 115
      vertex 52.7477 -60.1472 115
      vertex 54.2351 -54.2351 115
    endloop
  endfacet
  facet normal 0 0 1
    outer loop
      vertex 50.5718 -57.6661 115
      vertex 48.7009 -63.4683 115
      vertex 52.7477 -60.1472 115
    endloop
  endfacet
  facet normal -0 0 1
    outer loop
      vertex 46.692 -60.8502 115
      vertex 48.7009 -63.4683 115
      vertex 50.5718 -57.6661 115
    endloop
  endfacet
  facet normal 0 0 1
    outer loop
      vertex 46.692 -60.8502 115
      vertex 44.4456 -66.5176 115
      vertex 48.7009 -63.4683 115
    endloop
  endfacet
  facet normal -0 0 1
    outer loop
      vertex 42.6122 -63.7737 115
      vertex 44.4456 -66.5176 115
      vertex 46.692 -60.8502 115
    endloop
  endfacet
  facet normal 0 0 1
    outer loop
      vertex 42.6122 -63.7737 115
      vertex 40 -69.282 115
      vertex 44.4456 -66.5176 115
    endloop
  endfacet
  facet normal -0 0 1
    outer loop
      vertex 38.35 -66.4241 115
      vertex 40 -69.282 115
      vertex 42.6122 -63.7737 115
    endloop
  endfacet
  facet normal 0 0 1
    outer loop
      vertex 38.35 -66.4241 115
      vertex 35.3831 -71.7498 115
      vertex 40 -69.282 115
    endloop
  endfacet
  facet normal -0 0 1
    outer loop
      vertex 33.9235 -68.7901 115
      vertex 35.3831 -71.7498 115
      vertex 38.35 -66.4241 115
    endloop
  endfacet
  facet normal 0 0 1
    outer loop
      vertex 33.9235 -68.7901 115
      vertex 30.6147 -73.9104 115
      vertex 35.3831 -71.7498 115
    endloop
  endfacet
  facet normal -0 0 1
    outer loop
      vertex 29.3518 -70.8616 115
      vertex 30.6147 -73.9104 115
      vertex 33.9235 -68.7901 115
    endloop
  endfacet
  facet normal 0 0 1
    outer loop
      vertex 29.3518 -70.8616 115
      vertex 25.7152 -75.7544 115
      vertex 30.6147 -73.9104 115
    endloop
  endfacet
  facet normal -0 0 1
    outer loop
      vertex 24.6544 -72.6295 115
      vertex 25.7152 -75.7544 115
      vertex 29.3518 -70.8616 115
    endloop
  endfacet
  facet normal 0 0 1
    outer loop
      vertex 24.6544 -72.6295 115
      vertex 20.7055 -77.2741 115
      vertex 25.7152 -75.7544 115
    endloop
  endfacet
  facet normal -0 0 1
    outer loop
      vertex 19.8514 -74.0865 115
      vertex 20.7055 -77.2741 115
      vertex 24.6544 -72.6295 115
    endloop
  endfacet
  facet normal 0 0 1
    outer loop
      vertex 19.8514 -74.0865 115
      vertex 15.6072 -78.4628 115
      vertex 20.7055 -77.2741 115
    endloop
  endfacet
  facet normal -0 0 1
    outer loop
      vertex 14.9634 -75.2262 115
      vertex 15.6072 -78.4628 115
      vertex 19.8514 -74.0865 115
    endloop
  endfacet
  facet normal 0 0 1
    outer loop
      vertex 14.9634 -75.2262 115
      vertex 10.4421 -79.3156 115
      vertex 15.6072 -78.4628 115
    endloop
  endfacet
  facet normal -0 0 1
    outer loop
      vertex 10.0114 -76.0438 115
      vertex 10.4421 -79.3156 115
      vertex 14.9634 -75.2262 115
    endloop
  endfacet
  facet normal 0 0 1
    outer loop
      vertex 10.0114 -76.0438 115
      vertex 5.23225 -79.8287 115
      vertex 10.4421 -79.3156 115
    endloop
  endfacet
  facet normal -0 0 1
    outer loop
      vertex 5.01642 -76.5358 115
      vertex 5.23225 -79.8287 115
      vertex 10.0114 -76.0438 115
    endloop
  endfacet
  facet normal -0 0 1
    outer loop
      vertex 0 -76.7 115
      vertex 5.23225 -79.8287 115
      vertex 5.01642 -76.5358 115
    endloop
  endfacet
  facet normal 0 0 1
    outer loop
      vertex 0 -76.7 115
      vertex 0 -80 115
      vertex 5.23225 -79.8287 115
    endloop
  endfacet
  facet normal 0 0 1
    outer loop
      vertex -5.01642 -76.5358 115
      vertex 0 -80 115
      vertex 0 -76.7 115
    endloop
  endfacet
  facet normal 0 0 1
    outer loop
      vertex -5.01642 -76.5358 115
      vertex -5.23225 -79.8287 115
      vertex 0 -80 115
    endloop
  endfacet
  facet normal 0 0 1
    outer loop
      vertex -10.0114 -76.0438 115
      vertex -5.23225 -79.8287 115
      vertex -5.01642 -76.5358 115
    endloop
  endfacet
  facet normal 0 0 1
    outer loop
      vertex -10.0114 -76.0438 115
      vertex -10.4421 -79.3156 115
      vertex -5.23225 -79.8287 115
    endloop
  endfacet
  facet normal 0 0 1
    outer loop
      vertex -14.9634 -75.2262 115
      vertex -10.4421 -79.3156 115
      vertex -10.0114 -76.0438 115
    endloop
  endfacet
  facet normal 0 0 1
    outer loop
      vertex -14.9634 -75.2262 115
      vertex -15.6072 -78.4628 115
      vertex -10.4421 -79.3156 115
    endloop
  endfacet
  facet normal 0 0 1
    outer loop
      vertex -19.8514 -74.0865 115
      vertex -15.6072 -78.4628 115
      vertex -14.9634 -75.2262 115
    endloop
  endfacet
  facet normal 0 0 1
    outer loop
      vertex -19.8514 -74.0865 115
      vertex -20.7055 -77.2741 115
      vertex -15.6072 -78.4628 115
    endloop
  endfacet
  facet normal 0 0 1
    outer loop
      vertex -24.6544 -72.6295 115
      vertex -20.7055 -77.2741 115
      vertex -19.8514 -74.0865 115
    endloop
  endfacet
  facet normal 0 0 1
    outer loop
      vertex -24.6544 -72.6295 115
      vertex -25.7152 -75.7544 115
      vertex -20.7055 -77.2741 115
    endloop
  endfacet
  facet normal 0 0 1
    outer loop
      vertex -29.3518 -70.8616 115
      vertex -25.7152 -75.7544 115
      vertex -24.6544 -72.6295 115
    endloop
  endfacet
  facet normal 0 0 1
    outer loop
      vertex -29.3518 -70.8616 115
      vertex -30.6147 -73.9104 115
      vertex -25.7152 -75.7544 115
    endloop
  endfacet
  facet normal 0 0 1
    outer loop
      vertex -33.9235 -68.7901 115
      vertex -30.6147 -73.9104 115
      vertex -29.3518 -70.8616 115
    endloop
  endfacet
  facet normal 0 0 1
    outer loop
      vertex -33.9235 -68.7901 115
      vertex -35.3831 -71.7498 115
      vertex -30.6147 -73.9104 115
    endloop
  endfacet
  facet normal 0 0 1
    outer loop
      vertex -38.35 -66.4241 115
      vertex -35.3831 -71.7498 115
      vertex -33.9235 -68.7901 115
    endloop
  endfacet
  facet normal 0 0 1
    outer loop
      vertex -38.35 -66.4241 115
      vertex -40 -69.282 115
      vertex -35.3831 -71.7498 115
    endloop
  endfacet
  facet normal 0 0 1
    outer loop
      vertex -42.6122 -63.7737 115
      vertex -40 -69.282 115
      vertex -38.35 -66.4241 115
    endloop
  endfacet
  facet normal 0 0 1
    outer loop
      vertex -42.6122 -63.7737 115
      vertex -44.4456 -66.5176 115
      vertex -40 -69.282 115
    endloop
  endfacet
  facet normal 0 0 1
    outer loop
      vertex -46.692 -60.8502 115
      vertex -44.4456 -66.5176 115
      vertex -42.6122 -63.7737 115
    endloop
  endfacet
  facet normal 0 0 1
    outer loop
      vertex -46.692 -60.8502 115
      vertex -48.7009 -63.4683 115
      vertex -44.4456 -66.5176 115
    endloop
  endfacet
  facet normal 0 0 1
    outer loop
      vertex -50.5718 -57.6661 115
      vertex -48.7009 -63.4683 115
      vertex -46.692 -60.8502 115
    endloop
  endfacet
  facet normal 0 0 1
    outer loop
      vertex -50.5718 -57.6661 115
      vertex -52.7477 -60.1472 115
      vertex -48.7009 -63.4683 115
    endloop
  endfacet
  facet normal 0 0 1
    outer loop
      vertex -54.2351 -54.2351 115
      vertex -52.7477 -60.1472 115
      vertex -50.5718 -57.6661 115
    endloop
  endfacet
  facet normal 0 0 1
    outer loop
      vertex -54.2351 -54.2351 115
      vertex -56.5685 -56.5685 115
      vertex -52.7477 -60.1472 115
    endloop
  endfacet
  facet normal 0 0 1
    outer loop
      vertex -57.6661 -50.5718 115
      vertex -56.5685 -56.5685 115
      vertex -54.2351 -54.2351 115
    endloop
  endfacet
  facet normal 0 0 1
    outer loop
      vertex -57.6661 -50.5718 115
      vertex -60.1472 -52.7477 115
      vertex -56.5685 -56.5685 115
    endloop
  endfacet
  facet normal 0 0 1
    outer loop
      vertex -60.8502 -46.692 115
      vertex -60.1472 -52.7477 115
      vertex -57.6661 -50.5718 115
    endloop
  endfacet
  facet normal 0 0 1
    outer loop
      vertex -60.8502 -46.692 115
      vertex -63.4683 -48.7009 115
      vertex -60.1472 -52.7477 115
    endloop
  endfacet
  facet normal 0 0 1
    outer loop
      vertex -63.7737 -42.6122 115
      vertex -63.4683 -48.7009 115
      vertex -60.8502 -46.692 115
    endloop
  endfacet
  facet normal 0 0 1
    outer loop
      vertex -66.5176 -44.4456 115
      vertex -63.7737 -42.6122 115
      vertex -66.4241 -38.35 115
    endloop
  endfacet
  facet normal 0 0 1
    outer loop
      vertex -63.7737 -42.6122 115
      vertex -66.5176 -44.4456 115
      vertex -63.4683 -48.7009 115
    endloop
  endfacet
  facet normal 0 0 1
    outer loop
      vertex -69.282 -40 115
      vertex -66.4241 -38.35 115
      vertex -68.7901 -33.9235 115
    endloop
  endfacet
  facet normal 0 0 1
    outer loop
      vertex -66.4241 -38.35 115
      vertex -69.282 -40 115
      vertex -66.5176 -44.4456 115
    endloop
  endfacet
  facet normal 0 0 1
    outer loop
      vertex -71.7498 -35.3831 115
      vertex -68.7901 -33.9235 115
      vertex -70.8616 -29.3518 115
    endloop
  endfacet
  facet normal 0 0 1
    outer loop
      vertex -68.7901 -33.9235 115
      vertex -71.7498 -35.3831 115
      vertex -69.282 -40 115
    endloop
  endfacet
  facet normal 0 0 1
    outer loop
      vertex -73.9104 -30.6147 115
      vertex -70.8616 -29.3518 115
      vertex -72.6295 -24.6544 115
    endloop
  endfacet
  facet normal 0 0 1
    outer loop
      vertex -70.8616 -29.3518 115
      vertex -73.9104 -30.6147 115
      vertex -71.7498 -35.3831 115
    endloop
  endfacet
  facet normal 0 0 1
    outer loop
      vertex -75.7544 -25.7152 115
      vertex -72.6295 -24.6544 115
      vertex -74.0865 -19.8514 115
    endloop
  endfacet
  facet normal 0 0 1
    outer loop
      vertex -77.2741 -20.7055 115
      vertex -74.0865 -19.8514 115
      vertex -75.2262 -14.9634 115
    endloop
  endfacet
  facet normal 0 0 1
    outer loop
      vertex -72.6295 -24.6544 115
      vertex -75.7544 -25.7152 115
      vertex -73.9104 -30.6147 115
    endloop
  endfacet
  facet normal 0 0 1
    outer loop
      vertex -78.4628 -15.6072 115
      vertex -75.2262 -14.9634 115
      vertex -76.0438 -10.0114 115
    endloop
  endfacet
  facet normal 0 0 1
    outer loop
      vertex -79.3156 -10.4421 115
      vertex -76.0438 -10.0114 115
      vertex -76.5358 -5.01642 115
    endloop
  endfacet
  facet normal 0 0 1
    outer loop
      vertex -74.0865 -19.8514 115
      vertex -77.2741 -20.7055 115
      vertex -75.7544 -25.7152 115
    endloop
  endfacet
  facet normal 0 0 1
    outer loop
      vertex -79.8287 -5.23225 115
      vertex -76.5358 -5.01642 115
      vertex -76.7 0 115
    endloop
  endfacet
  facet normal 0 0 1
    outer loop
      vertex -76.0438 10.0114 115
      vertex -79.3156 10.4421 115
      vertex -76.5358 5.01642 115
    endloop
  endfacet
  facet normal -0 0 1
    outer loop
      vertex -79.8287 5.23225 115
      vertex -76.5358 5.01642 115
      vertex -79.3156 10.4421 115
    endloop
  endfacet
  facet normal 0 0 1
    outer loop
      vertex -75.2262 -14.9634 115
      vertex -78.4628 -15.6072 115
      vertex -77.2741 -20.7055 115
    endloop
  endfacet
  facet normal 0 0 1
    outer loop
      vertex -76.5358 5.01642 115
      vertex -79.8287 5.23225 115
      vertex -76.7 0 115
    endloop
  endfacet
  facet normal 0 0 1
    outer loop
      vertex -76.0438 -10.0114 115
      vertex -79.3156 -10.4421 115
      vertex -78.4628 -15.6072 115
    endloop
  endfacet
  facet normal 0 0 1
    outer loop
      vertex -80 0 115
      vertex -76.7 0 115
      vertex -79.8287 5.23225 115
    endloop
  endfacet
  facet normal 0 0 1
    outer loop
      vertex -76.5358 -5.01642 115
      vertex -79.8287 -5.23225 115
      vertex -79.3156 -10.4421 115
    endloop
  endfacet
  facet normal 0 0 1
    outer loop
      vertex -76.7 0 115
      vertex -80 0 115
      vertex -79.8287 -5.23225 115
    endloop
  endfacet
  facet normal 0.0980245 -0.995184 0
    outer loop
      vertex 5.01642 -76.5358 115
      vertex 10.0114 -76.0438 125
      vertex 5.01642 -76.5358 125
    endloop
  endfacet
  facet normal 0.0980245 -0.995184 0
    outer loop
      vertex 10.0114 -76.0438 125
      vertex 5.01642 -76.5358 115
      vertex 10.0114 -76.0438 115
    endloop
  endfacet
  facet normal 0.995184 0.0980245 0
    outer loop
      vertex 76.5358 5.01642 125
      vertex 76.0438 10.0114 115
      vertex 76.0438 10.0114 125
    endloop
  endfacet
  facet normal 0.995184 0.0980245 0
    outer loop
      vertex 76.0438 10.0114 115
      vertex 76.5358 5.01642 125
      vertex 76.5358 5.01642 115
    endloop
  endfacet
  facet normal 0.999465 0.032715 0
    outer loop
      vertex 76.7 0 125
      vertex 76.5358 5.01642 115
      vertex 76.5358 5.01642 125
    endloop
  endfacet
  facet normal 0.999465 0.032715 0
    outer loop
      vertex 76.5358 5.01642 115
      vertex 76.7 0 125
      vertex 76.7 0 115
    endloop
  endfacet
  facet normal 0.986643 0.1629 0
    outer loop
      vertex 76.0438 10.0114 125
      vertex 75.2262 14.9634 115
      vertex 75.2262 14.9634 125
    endloop
  endfacet
  facet normal 0.986643 0.1629 0
    outer loop
      vertex 75.2262 14.9634 115
      vertex 76.0438 10.0114 125
      vertex 76.0438 10.0114 115
    endloop
  endfacet
  facet normal 0.910857 -0.412722 0
    outer loop
      vertex 68.7901 -33.9235 125
      vertex 70.8616 -29.3518 115
      vertex 70.8616 -29.3518 125
    endloop
  endfacet
  facet normal 0.910857 -0.412722 0
    outer loop
      vertex 70.8616 -29.3518 115
      vertex 68.7901 -33.9235 125
      vertex 68.7901 -33.9235 115
    endloop
  endfacet
  facet normal 0.849203 -0.528067 0
    outer loop
      vertex 63.7737 -42.6122 125
      vertex 66.4241 -38.35 115
      vertex 66.4241 -38.35 125
    endloop
  endfacet
  facet normal 0.849203 -0.528067 0
    outer loop
      vertex 66.4241 -38.35 115
      vertex 63.7737 -42.6122 125
      vertex 63.7737 -42.6122 115
    endloop
  endfacet
  facet normal 0.986643 -0.1629 0
    outer loop
      vertex 75.2262 -14.9634 125
      vertex 76.0438 -10.0114 115
      vertex 76.0438 -10.0114 125
    endloop
  endfacet
  facet normal 0.986643 -0.1629 0
    outer loop
      vertex 76.0438 -10.0114 115
      vertex 75.2262 -14.9634 125
      vertex 75.2262 -14.9634 115
    endloop
  endfacet
  facet normal -0.910857 0.412722 0
    outer loop
      vertex -70.8616 29.3518 115
      vertex -68.7901 33.9235 125
      vertex -68.7901 33.9235 115
    endloop
  endfacet
  facet normal -0.910857 0.412722 0
    outer loop
      vertex -68.7901 33.9235 125
      vertex -70.8616 29.3518 115
      vertex -70.8616 29.3518 125
    endloop
  endfacet
  facet normal 0.812851 0.582472 0
    outer loop
      vertex 63.7737 42.6122 125
      vertex 60.8502 46.692 115
      vertex 60.8502 46.692 125
    endloop
  endfacet
  facet normal 0.812851 0.582472 0
    outer loop
      vertex 60.8502 46.692 115
      vertex 63.7737 42.6122 125
      vertex 63.7737 42.6122 115
    endloop
  endfacet
  facet normal 0.227072 -0.973878 0
    outer loop
      vertex 14.9634 -75.2262 115
      vertex 19.8514 -74.0865 125
      vertex 14.9634 -75.2262 125
    endloop
  endfacet
  facet normal 0.227072 -0.973878 0
    outer loop
      vertex 19.8514 -74.0865 125
      vertex 14.9634 -75.2262 115
      vertex 19.8514 -74.0865 115
    endloop
  endfacet
  facet normal -0.352237 -0.935911 0
    outer loop
      vertex -29.3518 -70.8616 115
      vertex -24.6544 -72.6295 125
      vertex -29.3518 -70.8616 125
    endloop
  endfacet
  facet normal -0.352237 -0.935911 -0
    outer loop
      vertex -24.6544 -72.6295 125
      vertex -29.3518 -70.8616 115
      vertex -24.6544 -72.6295 115
    endloop
  endfacet
  facet normal 0.812851 -0.582472 0
    outer loop
      vertex 60.8502 -46.692 125
      vertex 63.7737 -42.6122 115
      vertex 63.7737 -42.6122 125
    endloop
  endfacet
  facet normal 0.812851 -0.582472 0
    outer loop
      vertex 63.7737 -42.6122 115
      vertex 60.8502 -46.692 125
      vertex 60.8502 -46.692 115
    endloop
  endfacet
  facet normal -0.995184 -0.0980245 0
    outer loop
      vertex -76.0438 -10.0114 115
      vertex -76.5358 -5.01642 125
      vertex -76.5358 -5.01642 115
    endloop
  endfacet
  facet normal -0.995184 -0.0980245 0
    outer loop
      vertex -76.5358 -5.01642 125
      vertex -76.0438 -10.0114 115
      vertex -76.0438 -10.0114 125
    endloop
  endfacet
  facet normal -0.849203 0.528067 0
    outer loop
      vertex -66.4241 38.35 115
      vertex -63.7737 42.6122 125
      vertex -63.7737 42.6122 115
    endloop
  endfacet
  facet normal -0.849203 0.528067 0
    outer loop
      vertex -63.7737 42.6122 125
      vertex -66.4241 38.35 115
      vertex -66.4241 38.35 125
    endloop
  endfacet
  facet normal 0.935911 -0.352237 0
    outer loop
      vertex 70.8616 -29.3518 125
      vertex 72.6295 -24.6544 115
      vertex 72.6295 -24.6544 125
    endloop
  endfacet
  facet normal 0.935911 -0.352237 0
    outer loop
      vertex 72.6295 -24.6544 115
      vertex 70.8616 -29.3518 125
      vertex 70.8616 -29.3518 115
    endloop
  endfacet
  facet normal -0.1629 -0.986643 0
    outer loop
      vertex -14.9634 -75.2262 115
      vertex -10.0114 -76.0438 125
      vertex -14.9634 -75.2262 125
    endloop
  endfacet
  facet normal -0.1629 -0.986643 -0
    outer loop
      vertex -10.0114 -76.0438 125
      vertex -14.9634 -75.2262 115
      vertex -10.0114 -76.0438 115
    endloop
  endfacet
  facet normal -0.412722 0.910857 0
    outer loop
      vertex -29.3518 70.8616 115
      vertex -33.9235 68.7901 125
      vertex -29.3518 70.8616 125
    endloop
  endfacet
  facet normal -0.412722 0.910857 0
    outer loop
      vertex -33.9235 68.7901 125
      vertex -29.3518 70.8616 115
      vertex -33.9235 68.7901 115
    endloop
  endfacet
  facet normal -0.973878 0.227072 0
    outer loop
      vertex -75.2262 14.9634 115
      vertex -74.0865 19.8514 125
      vertex -74.0865 19.8514 115
    endloop
  endfacet
  facet normal -0.973878 0.227072 0
    outer loop
      vertex -74.0865 19.8514 125
      vertex -75.2262 14.9634 115
      vertex -75.2262 14.9634 125
    endloop
  endfacet
  facet normal -0.995184 0.0980245 0
    outer loop
      vertex -76.5358 5.01642 115
      vertex -76.0438 10.0114 125
      vertex -76.0438 10.0114 115
    endloop
  endfacet
  facet normal -0.995184 0.0980245 0
    outer loop
      vertex -76.0438 10.0114 125
      vertex -76.5358 5.01642 115
      vertex -76.5358 5.01642 125
    endloop
  endfacet
  facet normal -0.910857 -0.412722 0
    outer loop
      vertex -68.7901 -33.9235 115
      vertex -70.8616 -29.3518 125
      vertex -70.8616 -29.3518 115
    endloop
  endfacet
  facet normal -0.910857 -0.412722 0
    outer loop
      vertex -70.8616 -29.3518 125
      vertex -68.7901 -33.9235 115
      vertex -68.7901 -33.9235 125
    endloop
  endfacet
  facet normal -0.0980245 -0.995184 0
    outer loop
      vertex -10.0114 -76.0438 115
      vertex -5.01642 -76.5358 125
      vertex -10.0114 -76.0438 125
    endloop
  endfacet
  facet normal -0.0980245 -0.995184 -0
    outer loop
      vertex -5.01642 -76.5358 125
      vertex -10.0114 -76.0438 115
      vertex -5.01642 -76.5358 115
    endloop
  endfacet
  facet normal 0.412722 -0.910857 0
    outer loop
      vertex 29.3518 -70.8616 115
      vertex 33.9235 -68.7901 125
      vertex 29.3518 -70.8616 125
    endloop
  endfacet
  facet normal 0.412722 -0.910857 0
    outer loop
      vertex 33.9235 -68.7901 125
      vertex 29.3518 -70.8616 115
      vertex 33.9235 -68.7901 115
    endloop
  endfacet
  facet normal 0.881922 0.471395 0
    outer loop
      vertex 68.7901 33.9235 125
      vertex 66.4241 38.35 115
      vertex 66.4241 38.35 125
    endloop
  endfacet
  facet normal 0.881922 0.471395 0
    outer loop
      vertex 66.4241 38.35 115
      vertex 68.7901 33.9235 125
      vertex 68.7901 33.9235 115
    endloop
  endfacet
  facet normal 0.773007 -0.634397 0
    outer loop
      vertex 57.6661 -50.5718 125
      vertex 60.8502 -46.692 115
      vertex 60.8502 -46.692 125
    endloop
  endfacet
  facet normal 0.773007 -0.634397 0
    outer loop
      vertex 60.8502 -46.692 115
      vertex 57.6661 -50.5718 125
      vertex 57.6661 -50.5718 115
    endloop
  endfacet
  facet normal 0.032715 0.999465 -0
    outer loop
      vertex 5.01642 76.5358 115
      vertex 0 76.7 125
      vertex 5.01642 76.5358 125
    endloop
  endfacet
  facet normal 0.032715 0.999465 0
    outer loop
      vertex 0 76.7 125
      vertex 5.01642 76.5358 115
      vertex 0 76.7 115
    endloop
  endfacet
  facet normal -0.582472 0.812851 0
    outer loop
      vertex -42.6122 63.7737 115
      vertex -46.692 60.8502 125
      vertex -42.6122 63.7737 125
    endloop
  endfacet
  facet normal -0.582472 0.812851 0
    outer loop
      vertex -46.692 60.8502 125
      vertex -42.6122 63.7737 115
      vertex -46.692 60.8502 115
    endloop
  endfacet
  facet normal 0.973878 0.227072 0
    outer loop
      vertex 75.2262 14.9634 125
      vertex 74.0865 19.8514 115
      vertex 74.0865 19.8514 125
    endloop
  endfacet
  facet normal 0.973878 0.227072 0
    outer loop
      vertex 74.0865 19.8514 115
      vertex 75.2262 14.9634 125
      vertex 75.2262 14.9634 115
    endloop
  endfacet
  facet normal -0.999465 0.032715 0
    outer loop
      vertex -76.7 0 115
      vertex -76.5358 5.01642 125
      vertex -76.5358 5.01642 115
    endloop
  endfacet
  facet normal -0.999465 0.032715 0
    outer loop
      vertex -76.5358 5.01642 125
      vertex -76.7 0 115
      vertex -76.7 0 125
    endloop
  endfacet
  facet normal -0.72987 -0.683586 0
    outer loop
      vertex -54.2351 -54.2351 115
      vertex -57.6661 -50.5718 125
      vertex -57.6661 -50.5718 115
    endloop
  endfacet
  facet normal -0.72987 -0.683586 0
    outer loop
      vertex -57.6661 -50.5718 125
      vertex -54.2351 -54.2351 115
      vertex -54.2351 -54.2351 125
    endloop
  endfacet
  facet normal -0.227072 0.973878 0
    outer loop
      vertex -14.9634 75.2262 115
      vertex -19.8514 74.0865 125
      vertex -14.9634 75.2262 125
    endloop
  endfacet
  facet normal -0.227072 0.973878 0
    outer loop
      vertex -19.8514 74.0865 125
      vertex -14.9634 75.2262 115
      vertex -19.8514 74.0865 115
    endloop
  endfacet
  facet normal -0.582472 -0.812851 0
    outer loop
      vertex -46.692 -60.8502 115
      vertex -42.6122 -63.7737 125
      vertex -46.692 -60.8502 125
    endloop
  endfacet
  facet normal -0.582472 -0.812851 -0
    outer loop
      vertex -42.6122 -63.7737 125
      vertex -46.692 -60.8502 115
      vertex -42.6122 -63.7737 115
    endloop
  endfacet
  facet normal 0.935911 0.352237 0
    outer loop
      vertex 72.6295 24.6544 125
      vertex 70.8616 29.3518 115
      vertex 70.8616 29.3518 125
    endloop
  endfacet
  facet normal 0.935911 0.352237 0
    outer loop
      vertex 70.8616 29.3518 115
      vertex 72.6295 24.6544 125
      vertex 72.6295 24.6544 115
    endloop
  endfacet
  facet normal 0.528067 -0.849203 0
    outer loop
      vertex 38.35 -66.4241 115
      vertex 42.6122 -63.7737 125
      vertex 38.35 -66.4241 125
    endloop
  endfacet
  facet normal 0.528067 -0.849203 0
    outer loop
      vertex 42.6122 -63.7737 125
      vertex 38.35 -66.4241 115
      vertex 42.6122 -63.7737 115
    endloop
  endfacet
  facet normal -0.973878 -0.227072 0
    outer loop
      vertex -74.0865 -19.8514 115
      vertex -75.2262 -14.9634 125
      vertex -75.2262 -14.9634 115
    endloop
  endfacet
  facet normal -0.973878 -0.227072 0
    outer loop
      vertex -75.2262 -14.9634 125
      vertex -74.0865 -19.8514 115
      vertex -74.0865 -19.8514 125
    endloop
  endfacet
  facet normal 0.352237 0.935911 -0
    outer loop
      vertex 29.3518 70.8616 115
      vertex 24.6544 72.6295 125
      vertex 29.3518 70.8616 125
    endloop
  endfacet
  facet normal 0.352237 0.935911 0
    outer loop
      vertex 24.6544 72.6295 125
      vertex 29.3518 70.8616 115
      vertex 24.6544 72.6295 115
    endloop
  endfacet
  facet normal 0.582472 0.812851 -0
    outer loop
      vertex 46.692 60.8502 115
      vertex 42.6122 63.7737 125
      vertex 46.692 60.8502 125
    endloop
  endfacet
  facet normal 0.582472 0.812851 0
    outer loop
      vertex 42.6122 63.7737 125
      vertex 46.692 60.8502 115
      vertex 42.6122 63.7737 115
    endloop
  endfacet
  facet normal 0.471395 -0.881922 0
    outer loop
      vertex 33.9235 -68.7901 115
      vertex 38.35 -66.4241 125
      vertex 33.9235 -68.7901 125
    endloop
  endfacet
  facet normal 0.471395 -0.881922 0
    outer loop
      vertex 38.35 -66.4241 125
      vertex 33.9235 -68.7901 115
      vertex 38.35 -66.4241 115
    endloop
  endfacet
  facet normal 0.290289 -0.956939 0
    outer loop
      vertex 19.8514 -74.0865 115
      vertex 24.6544 -72.6295 125
      vertex 19.8514 -74.0865 125
    endloop
  endfacet
  facet normal 0.290289 -0.956939 0
    outer loop
      vertex 24.6544 -72.6295 125
      vertex 19.8514 -74.0865 115
      vertex 24.6544 -72.6295 115
    endloop
  endfacet
  facet normal 0.1629 0.986643 -0
    outer loop
      vertex 14.9634 75.2262 115
      vertex 10.0114 76.0438 125
      vertex 14.9634 75.2262 125
    endloop
  endfacet
  facet normal 0.1629 0.986643 0
    outer loop
      vertex 10.0114 76.0438 125
      vertex 14.9634 75.2262 115
      vertex 10.0114 76.0438 115
    endloop
  endfacet
  facet normal 0.412722 0.910857 -0
    outer loop
      vertex 33.9235 68.7901 115
      vertex 29.3518 70.8616 125
      vertex 33.9235 68.7901 125
    endloop
  endfacet
  facet normal 0.412722 0.910857 0
    outer loop
      vertex 29.3518 70.8616 125
      vertex 33.9235 68.7901 115
      vertex 29.3518 70.8616 115
    endloop
  endfacet
  facet normal -0.956939 0.290289 0
    outer loop
      vertex -74.0865 19.8514 115
      vertex -72.6295 24.6544 125
      vertex -72.6295 24.6544 115
    endloop
  endfacet
  facet normal -0.956939 0.290289 0
    outer loop
      vertex -72.6295 24.6544 125
      vertex -74.0865 19.8514 115
      vertex -74.0865 19.8514 125
    endloop
  endfacet
  facet normal 0.528067 0.849203 -0
    outer loop
      vertex 42.6122 63.7737 115
      vertex 38.35 66.4241 125
      vertex 42.6122 63.7737 125
    endloop
  endfacet
  facet normal 0.528067 0.849203 0
    outer loop
      vertex 38.35 66.4241 125
      vertex 42.6122 63.7737 115
      vertex 38.35 66.4241 115
    endloop
  endfacet
  facet normal 0.881922 -0.471395 0
    outer loop
      vertex 66.4241 -38.35 125
      vertex 68.7901 -33.9235 115
      vertex 68.7901 -33.9235 125
    endloop
  endfacet
  facet normal 0.881922 -0.471395 0
    outer loop
      vertex 68.7901 -33.9235 115
      vertex 66.4241 -38.35 125
      vertex 66.4241 -38.35 115
    endloop
  endfacet
  facet normal -0.290289 -0.956939 0
    outer loop
      vertex -24.6544 -72.6295 115
      vertex -19.8514 -74.0865 125
      vertex -24.6544 -72.6295 125
    endloop
  endfacet
  facet normal -0.290289 -0.956939 -0
    outer loop
      vertex -19.8514 -74.0865 125
      vertex -24.6544 -72.6295 115
      vertex -19.8514 -74.0865 115
    endloop
  endfacet
  facet normal -0.812851 0.582472 0
    outer loop
      vertex -63.7737 42.6122 115
      vertex -60.8502 46.692 125
      vertex -60.8502 46.692 115
    endloop
  endfacet
  facet normal -0.812851 0.582472 0
    outer loop
      vertex -60.8502 46.692 125
      vertex -63.7737 42.6122 115
      vertex -63.7737 42.6122 125
    endloop
  endfacet
  facet normal -0.956939 -0.290289 0
    outer loop
      vertex -72.6295 -24.6544 115
      vertex -74.0865 -19.8514 125
      vertex -74.0865 -19.8514 115
    endloop
  endfacet
  facet normal -0.956939 -0.290289 0
    outer loop
      vertex -74.0865 -19.8514 125
      vertex -72.6295 -24.6544 115
      vertex -72.6295 -24.6544 125
    endloop
  endfacet
  facet normal 0.032715 -0.999465 0
    outer loop
      vertex 0 -76.7 115
      vertex 5.01642 -76.5358 125
      vertex 0 -76.7 125
    endloop
  endfacet
  facet normal 0.032715 -0.999465 0
    outer loop
      vertex 5.01642 -76.5358 125
      vertex 0 -76.7 115
      vertex 5.01642 -76.5358 115
    endloop
  endfacet
  facet normal -0.849203 -0.528067 0
    outer loop
      vertex -63.7737 -42.6122 115
      vertex -66.4241 -38.35 125
      vertex -66.4241 -38.35 115
    endloop
  endfacet
  facet normal -0.849203 -0.528067 0
    outer loop
      vertex -66.4241 -38.35 125
      vertex -63.7737 -42.6122 115
      vertex -63.7737 -42.6122 125
    endloop
  endfacet
  facet normal -0.528067 -0.849203 0
    outer loop
      vertex -42.6122 -63.7737 115
      vertex -38.35 -66.4241 125
      vertex -42.6122 -63.7737 125
    endloop
  endfacet
  facet normal -0.528067 -0.849203 -0
    outer loop
      vertex -38.35 -66.4241 125
      vertex -42.6122 -63.7737 115
      vertex -38.35 -66.4241 115
    endloop
  endfacet
  facet normal 0.290289 0.956939 -0
    outer loop
      vertex 24.6544 72.6295 115
      vertex 19.8514 74.0865 125
      vertex 24.6544 72.6295 125
    endloop
  endfacet
  facet normal 0.290289 0.956939 0
    outer loop
      vertex 19.8514 74.0865 125
      vertex 24.6544 72.6295 115
      vertex 19.8514 74.0865 115
    endloop
  endfacet
  facet normal -0.032715 -0.999465 0
    outer loop
      vertex -5.01642 -76.5358 115
      vertex 0 -76.7 125
      vertex -5.01642 -76.5358 125
    endloop
  endfacet
  facet normal -0.032715 -0.999465 -0
    outer loop
      vertex 0 -76.7 125
      vertex -5.01642 -76.5358 115
      vertex 0 -76.7 115
    endloop
  endfacet
  facet normal -0.634397 -0.773007 0
    outer loop
      vertex -50.5718 -57.6661 115
      vertex -46.692 -60.8502 125
      vertex -50.5718 -57.6661 125
    endloop
  endfacet
  facet normal -0.634397 -0.773007 -0
    outer loop
      vertex -46.692 -60.8502 125
      vertex -50.5718 -57.6661 115
      vertex -46.692 -60.8502 115
    endloop
  endfacet
  facet normal 0.973878 -0.227072 0
    outer loop
      vertex 74.0865 -19.8514 125
      vertex 75.2262 -14.9634 115
      vertex 75.2262 -14.9634 125
    endloop
  endfacet
  facet normal 0.973878 -0.227072 0
    outer loop
      vertex 75.2262 -14.9634 115
      vertex 74.0865 -19.8514 125
      vertex 74.0865 -19.8514 115
    endloop
  endfacet
  facet normal -0.634397 0.773007 0
    outer loop
      vertex -46.692 60.8502 115
      vertex -50.5718 57.6661 125
      vertex -46.692 60.8502 125
    endloop
  endfacet
  facet normal -0.634397 0.773007 0
    outer loop
      vertex -50.5718 57.6661 125
      vertex -46.692 60.8502 115
      vertex -50.5718 57.6661 115
    endloop
  endfacet
  facet normal 0.956939 -0.290289 0
    outer loop
      vertex 72.6295 -24.6544 125
      vertex 74.0865 -19.8514 115
      vertex 74.0865 -19.8514 125
    endloop
  endfacet
  facet normal 0.956939 -0.290289 0
    outer loop
      vertex 74.0865 -19.8514 115
      vertex 72.6295 -24.6544 125
      vertex 72.6295 -24.6544 115
    endloop
  endfacet
  facet normal -0.471395 0.881922 0
    outer loop
      vertex -33.9235 68.7901 115
      vertex -38.35 66.4241 125
      vertex -33.9235 68.7901 125
    endloop
  endfacet
  facet normal -0.471395 0.881922 0
    outer loop
      vertex -38.35 66.4241 125
      vertex -33.9235 68.7901 115
      vertex -38.35 66.4241 115
    endloop
  endfacet
  facet normal 0.995184 -0.0980245 0
    outer loop
      vertex 76.0438 -10.0114 125
      vertex 76.5358 -5.01642 115
      vertex 76.5358 -5.01642 125
    endloop
  endfacet
  facet normal 0.995184 -0.0980245 0
    outer loop
      vertex 76.5358 -5.01642 115
      vertex 76.0438 -10.0114 125
      vertex 76.0438 -10.0114 115
    endloop
  endfacet
  facet normal 0.634397 0.773007 -0
    outer loop
      vertex 50.5718 57.6661 115
      vertex 46.692 60.8502 125
      vertex 50.5718 57.6661 125
    endloop
  endfacet
  facet normal 0.634397 0.773007 0
    outer loop
      vertex 46.692 60.8502 125
      vertex 50.5718 57.6661 115
      vertex 46.692 60.8502 115
    endloop
  endfacet
  facet normal -0.032715 0.999465 0
    outer loop
      vertex 0 76.7 115
      vertex -5.01642 76.5358 125
      vertex 0 76.7 125
    endloop
  endfacet
  facet normal -0.032715 0.999465 0
    outer loop
      vertex -5.01642 76.5358 125
      vertex 0 76.7 115
      vertex -5.01642 76.5358 115
    endloop
  endfacet
  facet normal 0.910857 0.412722 0
    outer loop
      vertex 70.8616 29.3518 125
      vertex 68.7901 33.9235 115
      vertex 68.7901 33.9235 125
    endloop
  endfacet
  facet normal 0.910857 0.412722 0
    outer loop
      vertex 68.7901 33.9235 115
      vertex 70.8616 29.3518 125
      vertex 70.8616 29.3518 115
    endloop
  endfacet
  facet normal -0.986643 0.1629 0
    outer loop
      vertex -76.0438 10.0114 115
      vertex -75.2262 14.9634 125
      vertex -75.2262 14.9634 115
    endloop
  endfacet
  facet normal -0.986643 0.1629 0
    outer loop
      vertex -75.2262 14.9634 125
      vertex -76.0438 10.0114 115
      vertex -76.0438 10.0114 125
    endloop
  endfacet
  facet normal -0.290289 0.956939 0
    outer loop
      vertex -19.8514 74.0865 115
      vertex -24.6544 72.6295 125
      vertex -19.8514 74.0865 125
    endloop
  endfacet
  facet normal -0.290289 0.956939 0
    outer loop
      vertex -24.6544 72.6295 125
      vertex -19.8514 74.0865 115
      vertex -24.6544 72.6295 115
    endloop
  endfacet
  facet normal -0.773007 0.634397 0
    outer loop
      vertex -60.8502 46.692 115
      vertex -57.6661 50.5718 125
      vertex -57.6661 50.5718 115
    endloop
  endfacet
  facet normal -0.773007 0.634397 0
    outer loop
      vertex -57.6661 50.5718 125
      vertex -60.8502 46.692 115
      vertex -60.8502 46.692 125
    endloop
  endfacet
  facet normal 0.0980245 0.995184 -0
    outer loop
      vertex 10.0114 76.0438 115
      vertex 5.01642 76.5358 125
      vertex 10.0114 76.0438 125
    endloop
  endfacet
  facet normal 0.0980245 0.995184 0
    outer loop
      vertex 5.01642 76.5358 125
      vertex 10.0114 76.0438 115
      vertex 5.01642 76.5358 115
    endloop
  endfacet
  facet normal 0.999465 -0.032715 0
    outer loop
      vertex 76.5358 -5.01642 125
      vertex 76.7 0 115
      vertex 76.7 0 125
    endloop
  endfacet
  facet normal 0.999465 -0.032715 0
    outer loop
      vertex 76.7 0 115
      vertex 76.5358 -5.01642 125
      vertex 76.5358 -5.01642 115
    endloop
  endfacet
  facet normal 0.471395 0.881922 -0
    outer loop
      vertex 38.35 66.4241 115
      vertex 33.9235 68.7901 125
      vertex 38.35 66.4241 125
    endloop
  endfacet
  facet normal 0.471395 0.881922 0
    outer loop
      vertex 33.9235 68.7901 125
      vertex 38.35 66.4241 115
      vertex 33.9235 68.7901 115
    endloop
  endfacet
  facet normal -0.881922 -0.471395 0
    outer loop
      vertex -66.4241 -38.35 115
      vertex -68.7901 -33.9235 125
      vertex -68.7901 -33.9235 115
    endloop
  endfacet
  facet normal -0.881922 -0.471395 0
    outer loop
      vertex -68.7901 -33.9235 125
      vertex -66.4241 -38.35 115
      vertex -66.4241 -38.35 125
    endloop
  endfacet
  facet normal -0.683586 -0.72987 0
    outer loop
      vertex -54.2351 -54.2351 115
      vertex -50.5718 -57.6661 125
      vertex -54.2351 -54.2351 125
    endloop
  endfacet
  facet normal -0.683586 -0.72987 -0
    outer loop
      vertex -50.5718 -57.6661 125
      vertex -54.2351 -54.2351 115
      vertex -50.5718 -57.6661 115
    endloop
  endfacet
  facet normal -0.986643 -0.1629 0
    outer loop
      vertex -75.2262 -14.9634 115
      vertex -76.0438 -10.0114 125
      vertex -76.0438 -10.0114 115
    endloop
  endfacet
  facet normal -0.986643 -0.1629 0
    outer loop
      vertex -76.0438 -10.0114 125
      vertex -75.2262 -14.9634 115
      vertex -75.2262 -14.9634 125
    endloop
  endfacet
  facet normal -0.935911 -0.352237 0
    outer loop
      vertex -70.8616 -29.3518 115
      vertex -72.6295 -24.6544 125
      vertex -72.6295 -24.6544 115
    endloop
  endfacet
  facet normal -0.935911 -0.352237 0
    outer loop
      vertex -72.6295 -24.6544 125
      vertex -70.8616 -29.3518 115
      vertex -70.8616 -29.3518 125
    endloop
  endfacet
  facet normal 0.1629 -0.986643 0
    outer loop
      vertex 10.0114 -76.0438 115
      vertex 14.9634 -75.2262 125
      vertex 10.0114 -76.0438 125
    endloop
  endfacet
  facet normal 0.1629 -0.986643 0
    outer loop
      vertex 14.9634 -75.2262 125
      vertex 10.0114 -76.0438 115
      vertex 14.9634 -75.2262 115
    endloop
  endfacet
  facet normal 0.849203 0.528067 0
    outer loop
      vertex 66.4241 38.35 125
      vertex 63.7737 42.6122 115
      vertex 63.7737 42.6122 125
    endloop
  endfacet
  facet normal 0.849203 0.528067 0
    outer loop
      vertex 63.7737 42.6122 115
      vertex 66.4241 38.35 125
      vertex 66.4241 38.35 115
    endloop
  endfacet
  facet normal -0.227072 -0.973878 0
    outer loop
      vertex -19.8514 -74.0865 115
      vertex -14.9634 -75.2262 125
      vertex -19.8514 -74.0865 125
    endloop
  endfacet
  facet normal -0.227072 -0.973878 -0
    outer loop
      vertex -14.9634 -75.2262 125
      vertex -19.8514 -74.0865 115
      vertex -14.9634 -75.2262 115
    endloop
  endfacet
  facet normal 0 0 1
    outer loop
      vertex 73.7 0 125
      vertex 76.7 0 125
      vertex 76.5358 5.01642 125
    endloop
  endfacet
  facet normal 0 0 1
    outer loop
      vertex 73.5422 4.82021 125
      vertex 76.5358 5.01642 125
      vertex 76.0438 10.0114 125
    endloop
  endfacet
  facet normal 0 0 1
    outer loop
      vertex 76.7 0 125
      vertex 73.7 0 125
      vertex 76.5358 -5.01642 125
    endloop
  endfacet
  facet normal 0 0 1
    outer loop
      vertex 73.0695 9.61978 125
      vertex 76.0438 10.0114 125
      vertex 75.2262 14.9634 125
    endloop
  endfacet
  facet normal -0 0 1
    outer loop
      vertex 73.5422 -4.82021 125
      vertex 76.5358 -5.01642 125
      vertex 73.7 0 125
    endloop
  endfacet
  facet normal 0 0 1
    outer loop
      vertex 72.2839 14.3782 125
      vertex 75.2262 14.9634 125
      vertex 74.0865 19.8514 125
    endloop
  endfacet
  facet normal 0 0 1
    outer loop
      vertex 76.5358 -5.01642 125
      vertex 73.5422 -4.82021 125
      vertex 76.0438 -10.0114 125
    endloop
  endfacet
  facet normal -0 0 1
    outer loop
      vertex 73.0695 -9.61978 125
      vertex 76.0438 -10.0114 125
      vertex 73.5422 -4.82021 125
    endloop
  endfacet
  facet normal 0 0 1
    outer loop
      vertex 76.5358 5.01642 125
      vertex 73.5422 4.82021 125
      vertex 73.7 0 125
    endloop
  endfacet
  facet normal 0 0 1
    outer loop
      vertex 76.0438 10.0114 125
      vertex 73.0695 9.61978 125
      vertex 73.5422 4.82021 125
    endloop
  endfacet
  facet normal 0 0 1
    outer loop
      vertex 71.1887 19.075 125
      vertex 74.0865 19.8514 125
      vertex 72.6295 24.6544 125
    endloop
  endfacet
  facet normal 0 0 1
    outer loop
      vertex 75.2262 14.9634 125
      vertex 72.2839 14.3782 125
      vertex 73.0695 9.61978 125
    endloop
  endfacet
  facet normal 0 0 1
    outer loop
      vertex 74.0865 19.8514 125
      vertex 71.1887 19.075 125
      vertex 72.2839 14.3782 125
    endloop
  endfacet
  facet normal 0 0 1
    outer loop
      vertex 69.7887 23.6901 125
      vertex 72.6295 24.6544 125
      vertex 70.8616 29.3518 125
    endloop
  endfacet
  facet normal 0 0 1
    outer loop
      vertex 72.6295 24.6544 125
      vertex 69.7887 23.6901 125
      vertex 71.1887 19.075 125
    endloop
  endfacet
  facet normal 0 0 1
    outer loop
      vertex 68.0899 28.2038 125
      vertex 70.8616 29.3518 125
      vertex 68.7901 33.9235 125
    endloop
  endfacet
  facet normal 0 0 1
    outer loop
      vertex 70.8616 29.3518 125
      vertex 68.0899 28.2038 125
      vertex 69.7887 23.6901 125
    endloop
  endfacet
  facet normal 0 0 1
    outer loop
      vertex 66.0995 32.5967 125
      vertex 68.7901 33.9235 125
      vertex 66.4241 38.35 125
    endloop
  endfacet
  facet normal 0 0 1
    outer loop
      vertex 68.7901 33.9235 125
      vertex 66.0995 32.5967 125
      vertex 68.0899 28.2038 125
    endloop
  endfacet
  facet normal 0 0 1
    outer loop
      vertex 66.4241 38.35 125
      vertex 63.8261 36.85 125
      vertex 66.0995 32.5967 125
    endloop
  endfacet
  facet normal 0 0 1
    outer loop
      vertex 63.7737 42.6122 125
      vertex 63.8261 36.85 125
      vertex 66.4241 38.35 125
    endloop
  endfacet
  facet normal 0 0 1
    outer loop
      vertex 63.7737 42.6122 125
      vertex 61.2793 40.9455 125
      vertex 63.8261 36.85 125
    endloop
  endfacet
  facet normal 0 0 1
    outer loop
      vertex 60.8502 46.692 125
      vertex 61.2793 40.9455 125
      vertex 63.7737 42.6122 125
    endloop
  endfacet
  facet normal 0 0 1
    outer loop
      vertex 60.8502 46.692 125
      vertex 58.4701 44.8657 125
      vertex 61.2793 40.9455 125
    endloop
  endfacet
  facet normal 0 0 1
    outer loop
      vertex 57.6661 50.5718 125
      vertex 58.4701 44.8657 125
      vertex 60.8502 46.692 125
    endloop
  endfacet
  facet normal 0 0 1
    outer loop
      vertex 57.6661 50.5718 125
      vertex 55.4106 48.5938 125
      vertex 58.4701 44.8657 125
    endloop
  endfacet
  facet normal 0 0 1
    outer loop
      vertex 54.2351 54.2351 125
      vertex 55.4106 48.5938 125
      vertex 57.6661 50.5718 125
    endloop
  endfacet
  facet normal 0 0 1
    outer loop
      vertex 54.2351 54.2351 125
      vertex 52.1138 52.1138 125
      vertex 55.4106 48.5938 125
    endloop
  endfacet
  facet normal 0 0 1
    outer loop
      vertex 50.5718 57.6661 125
      vertex 52.1138 52.1138 125
      vertex 54.2351 54.2351 125
    endloop
  endfacet
  facet normal 0 0 1
    outer loop
      vertex 50.5718 57.6661 125
      vertex 48.5938 55.4106 125
      vertex 52.1138 52.1138 125
    endloop
  endfacet
  facet normal 0 0 1
    outer loop
      vertex 46.692 60.8502 125
      vertex 48.5938 55.4106 125
      vertex 50.5718 57.6661 125
    endloop
  endfacet
  facet normal 0 0 1
    outer loop
      vertex 46.692 60.8502 125
      vertex 44.8657 58.4701 125
      vertex 48.5938 55.4106 125
    endloop
  endfacet
  facet normal 0 0 1
    outer loop
      vertex 42.6122 63.7737 125
      vertex 44.8657 58.4701 125
      vertex 46.692 60.8502 125
    endloop
  endfacet
  facet normal 0 0 1
    outer loop
      vertex 42.6122 63.7737 125
      vertex 40.9455 61.2793 125
      vertex 44.8657 58.4701 125
    endloop
  endfacet
  facet normal 0 0 1
    outer loop
      vertex 38.35 66.4241 125
      vertex 40.9455 61.2793 125
      vertex 42.6122 63.7737 125
    endloop
  endfacet
  facet normal 0 0 1
    outer loop
      vertex 38.35 66.4241 125
      vertex 36.85 63.8261 125
      vertex 40.9455 61.2793 125
    endloop
  endfacet
  facet normal 0 0 1
    outer loop
      vertex 33.9235 68.7901 125
      vertex 36.85 63.8261 125
      vertex 38.35 66.4241 125
    endloop
  endfacet
  facet normal 0 0 1
    outer loop
      vertex 33.9235 68.7901 125
      vertex 32.5967 66.0995 125
      vertex 36.85 63.8261 125
    endloop
  endfacet
  facet normal 0 0 1
    outer loop
      vertex 29.3518 70.8616 125
      vertex 32.5967 66.0995 125
      vertex 33.9235 68.7901 125
    endloop
  endfacet
  facet normal 0 0 1
    outer loop
      vertex 29.3518 70.8616 125
      vertex 28.2038 68.0899 125
      vertex 32.5967 66.0995 125
    endloop
  endfacet
  facet normal 0 0 1
    outer loop
      vertex 24.6544 72.6295 125
      vertex 28.2038 68.0899 125
      vertex 29.3518 70.8616 125
    endloop
  endfacet
  facet normal 0 0 1
    outer loop
      vertex 24.6544 72.6295 125
      vertex 23.6901 69.7887 125
      vertex 28.2038 68.0899 125
    endloop
  endfacet
  facet normal 0 0 1
    outer loop
      vertex 19.8514 74.0865 125
      vertex 23.6901 69.7887 125
      vertex 24.6544 72.6295 125
    endloop
  endfacet
  facet normal 0 0 1
    outer loop
      vertex 19.8514 74.0865 125
      vertex 19.075 71.1887 125
      vertex 23.6901 69.7887 125
    endloop
  endfacet
  facet normal 0 0 1
    outer loop
      vertex 14.9634 75.2262 125
      vertex 19.075 71.1887 125
      vertex 19.8514 74.0865 125
    endloop
  endfacet
  facet normal 0 0 1
    outer loop
      vertex 14.9634 75.2262 125
      vertex 14.3782 72.2839 125
      vertex 19.075 71.1887 125
    endloop
  endfacet
  facet normal 0 0 1
    outer loop
      vertex 10.0114 76.0438 125
      vertex 14.3782 72.2839 125
      vertex 14.9634 75.2262 125
    endloop
  endfacet
  facet normal 0 0 1
    outer loop
      vertex 10.0114 76.0438 125
      vertex 9.61978 73.0695 125
      vertex 14.3782 72.2839 125
    endloop
  endfacet
  facet normal 0 0 1
    outer loop
      vertex 5.01642 76.5358 125
      vertex 9.61978 73.0695 125
      vertex 10.0114 76.0438 125
    endloop
  endfacet
  facet normal 0 0 1
    outer loop
      vertex 5.01642 76.5358 125
      vertex 4.82021 73.5422 125
      vertex 9.61978 73.0695 125
    endloop
  endfacet
  facet normal 0 0 1
    outer loop
      vertex 0 76.7 125
      vertex 4.82021 73.5422 125
      vertex 5.01642 76.5358 125
    endloop
  endfacet
  facet normal 0 0 1
    outer loop
      vertex 0 76.7 125
      vertex 0 73.7 125
      vertex 4.82021 73.5422 125
    endloop
  endfacet
  facet normal 0 0 1
    outer loop
      vertex 0 76.7 125
      vertex -4.82021 73.5422 125
      vertex 0 73.7 125
    endloop
  endfacet
  facet normal -0 0 1
    outer loop
      vertex -5.01642 76.5358 125
      vertex -4.82021 73.5422 125
      vertex 0 76.7 125
    endloop
  endfacet
  facet normal 0 0 1
    outer loop
      vertex -5.01642 76.5358 125
      vertex -9.61978 73.0695 125
      vertex -4.82021 73.5422 125
    endloop
  endfacet
  facet normal -0 0 1
    outer loop
      vertex -10.0114 76.0438 125
      vertex -9.61978 73.0695 125
      vertex -5.01642 76.5358 125
    endloop
  endfacet
  facet normal 0 0 1
    outer loop
      vertex -10.0114 76.0438 125
      vertex -14.3782 72.2839 125
      vertex -9.61978 73.0695 125
    endloop
  endfacet
  facet normal -0 0 1
    outer loop
      vertex -14.9634 75.2262 125
      vertex -14.3782 72.2839 125
      vertex -10.0114 76.0438 125
    endloop
  endfacet
  facet normal 0 0 1
    outer loop
      vertex -14.9634 75.2262 125
      vertex -19.075 71.1887 125
      vertex -14.3782 72.2839 125
    endloop
  endfacet
  facet normal -0 0 1
    outer loop
      vertex -19.8514 74.0865 125
      vertex -19.075 71.1887 125
      vertex -14.9634 75.2262 125
    endloop
  endfacet
  facet normal 0 0 1
    outer loop
      vertex -19.8514 74.0865 125
      vertex -23.6901 69.7887 125
      vertex -19.075 71.1887 125
    endloop
  endfacet
  facet normal -0 0 1
    outer loop
      vertex -24.6544 72.6295 125
      vertex -23.6901 69.7887 125
      vertex -19.8514 74.0865 125
    endloop
  endfacet
  facet normal 0 0 1
    outer loop
      vertex -24.6544 72.6295 125
      vertex -28.2038 68.0899 125
      vertex -23.6901 69.7887 125
    endloop
  endfacet
  facet normal -0 0 1
    outer loop
      vertex -29.3518 70.8616 125
      vertex -28.2038 68.0899 125
      vertex -24.6544 72.6295 125
    endloop
  endfacet
  facet normal 0 0 1
    outer loop
      vertex -29.3518 70.8616 125
      vertex -32.5967 66.0995 125
      vertex -28.2038 68.0899 125
    endloop
  endfacet
  facet normal -0 0 1
    outer loop
      vertex -33.9235 68.7901 125
      vertex -32.5967 66.0995 125
      vertex -29.3518 70.8616 125
    endloop
  endfacet
  facet normal 0 0 1
    outer loop
      vertex -33.9235 68.7901 125
      vertex -36.85 63.8261 125
      vertex -32.5967 66.0995 125
    endloop
  endfacet
  facet normal -0 0 1
    outer loop
      vertex -38.35 66.4241 125
      vertex -36.85 63.8261 125
      vertex -33.9235 68.7901 125
    endloop
  endfacet
  facet normal 0 0 1
    outer loop
      vertex -38.35 66.4241 125
      vertex -40.9455 61.2793 125
      vertex -36.85 63.8261 125
    endloop
  endfacet
  facet normal -0 0 1
    outer loop
      vertex -42.6122 63.7737 125
      vertex -40.9455 61.2793 125
      vertex -38.35 66.4241 125
    endloop
  endfacet
  facet normal 0 0 1
    outer loop
      vertex -42.6122 63.7737 125
      vertex -44.8657 58.4701 125
      vertex -40.9455 61.2793 125
    endloop
  endfacet
  facet normal -0 0 1
    outer loop
      vertex -46.692 60.8502 125
      vertex -44.8657 58.4701 125
      vertex -42.6122 63.7737 125
    endloop
  endfacet
  facet normal 0 0 1
    outer loop
      vertex -46.692 60.8502 125
      vertex -48.5938 55.4106 125
      vertex -44.8657 58.4701 125
    endloop
  endfacet
  facet normal -0 0 1
    outer loop
      vertex -50.5718 57.6661 125
      vertex -48.5938 55.4106 125
      vertex -46.692 60.8502 125
    endloop
  endfacet
  facet normal 0 0 1
    outer loop
      vertex -50.5718 57.6661 125
      vertex -52.1138 52.1138 125
      vertex -48.5938 55.4106 125
    endloop
  endfacet
  facet normal -0 0 1
    outer loop
      vertex -54.2351 54.2351 125
      vertex -52.1138 52.1138 125
      vertex -50.5718 57.6661 125
    endloop
  endfacet
  facet normal 0 0 1
    outer loop
      vertex -54.2351 54.2351 125
      vertex -55.4106 48.5938 125
      vertex -52.1138 52.1138 125
    endloop
  endfacet
  facet normal -0 0 1
    outer loop
      vertex -57.6661 50.5718 125
      vertex -55.4106 48.5938 125
      vertex -54.2351 54.2351 125
    endloop
  endfacet
  facet normal 0 0 1
    outer loop
      vertex -57.6661 50.5718 125
      vertex -58.4701 44.8657 125
      vertex -55.4106 48.5938 125
    endloop
  endfacet
  facet normal -0 0 1
    outer loop
      vertex -60.8502 46.692 125
      vertex -58.4701 44.8657 125
      vertex -57.6661 50.5718 125
    endloop
  endfacet
  facet normal 0 0 1
    outer loop
      vertex -60.8502 46.692 125
      vertex -61.2793 40.9455 125
      vertex -58.4701 44.8657 125
    endloop
  endfacet
  facet normal -0 0 1
    outer loop
      vertex -63.7737 42.6122 125
      vertex -61.2793 40.9455 125
      vertex -60.8502 46.692 125
    endloop
  endfacet
  facet normal 0 0 1
    outer loop
      vertex -63.7737 42.6122 125
      vertex -63.8261 36.85 125
      vertex -61.2793 40.9455 125
    endloop
  endfacet
  facet normal -0 0 1
    outer loop
      vertex -66.4241 38.35 125
      vertex -63.8261 36.85 125
      vertex -63.7737 42.6122 125
    endloop
  endfacet
  facet normal 0 0 1
    outer loop
      vertex -63.8261 36.85 125
      vertex -66.4241 38.35 125
      vertex -66.0995 32.5967 125
    endloop
  endfacet
  facet normal -0 0 1
    outer loop
      vertex -68.7901 33.9235 125
      vertex -66.0995 32.5967 125
      vertex -66.4241 38.35 125
    endloop
  endfacet
  facet normal 0 0 1
    outer loop
      vertex -66.0995 32.5967 125
      vertex -68.7901 33.9235 125
      vertex -68.0899 28.2038 125
    endloop
  endfacet
  facet normal -0 0 1
    outer loop
      vertex -70.8616 29.3518 125
      vertex -68.0899 28.2038 125
      vertex -68.7901 33.9235 125
    endloop
  endfacet
  facet normal 0 0 1
    outer loop
      vertex -68.0899 28.2038 125
      vertex -70.8616 29.3518 125
      vertex -69.7887 23.6901 125
    endloop
  endfacet
  facet normal -0 0 1
    outer loop
      vertex -72.6295 24.6544 125
      vertex -69.7887 23.6901 125
      vertex -70.8616 29.3518 125
    endloop
  endfacet
  facet normal 0 0 1
    outer loop
      vertex -69.7887 23.6901 125
      vertex -72.6295 24.6544 125
      vertex -71.1887 19.075 125
    endloop
  endfacet
  facet normal -0 0 1
    outer loop
      vertex -74.0865 19.8514 125
      vertex -71.1887 19.075 125
      vertex -72.6295 24.6544 125
    endloop
  endfacet
  facet normal 0 0 1
    outer loop
      vertex -71.1887 19.075 125
      vertex -74.0865 19.8514 125
      vertex -72.2839 14.3782 125
    endloop
  endfacet
  facet normal -0 0 1
    outer loop
      vertex -75.2262 14.9634 125
      vertex -72.2839 14.3782 125
      vertex -74.0865 19.8514 125
    endloop
  endfacet
  facet normal -0 0 1
    outer loop
      vertex -76.0438 10.0114 125
      vertex -73.0695 9.61978 125
      vertex -75.2262 14.9634 125
    endloop
  endfacet
  facet normal 0 0 1
    outer loop
      vertex -72.2839 14.3782 125
      vertex -75.2262 14.9634 125
      vertex -73.0695 9.61978 125
    endloop
  endfacet
  facet normal 0 0 1
    outer loop
      vertex 76.0438 -10.0114 125
      vertex 73.0695 -9.61978 125
      vertex 75.2262 -14.9634 125
    endloop
  endfacet
  facet normal -0 0 1
    outer loop
      vertex 72.2839 -14.3782 125
      vertex 75.2262 -14.9634 125
      vertex 73.0695 -9.61978 125
    endloop
  endfacet
  facet normal 0 0 1
    outer loop
      vertex 75.2262 -14.9634 125
      vertex 72.2839 -14.3782 125
      vertex 74.0865 -19.8514 125
    endloop
  endfacet
  facet normal -0 0 1
    outer loop
      vertex 71.1887 -19.075 125
      vertex 74.0865 -19.8514 125
      vertex 72.2839 -14.3782 125
    endloop
  endfacet
  facet normal 0 0 1
    outer loop
      vertex 74.0865 -19.8514 125
      vertex 71.1887 -19.075 125
      vertex 72.6295 -24.6544 125
    endloop
  endfacet
  facet normal -0 0 1
    outer loop
      vertex 69.7887 -23.6901 125
      vertex 72.6295 -24.6544 125
      vertex 71.1887 -19.075 125
    endloop
  endfacet
  facet normal 0 0 1
    outer loop
      vertex 72.6295 -24.6544 125
      vertex 69.7887 -23.6901 125
      vertex 70.8616 -29.3518 125
    endloop
  endfacet
  facet normal -0 0 1
    outer loop
      vertex 68.0899 -28.2038 125
      vertex 70.8616 -29.3518 125
      vertex 69.7887 -23.6901 125
    endloop
  endfacet
  facet normal 0 0 1
    outer loop
      vertex 70.8616 -29.3518 125
      vertex 68.0899 -28.2038 125
      vertex 68.7901 -33.9235 125
    endloop
  endfacet
  facet normal -0 0 1
    outer loop
      vertex 66.0995 -32.5967 125
      vertex 68.7901 -33.9235 125
      vertex 68.0899 -28.2038 125
    endloop
  endfacet
  facet normal 0 0 1
    outer loop
      vertex 68.7901 -33.9235 125
      vertex 66.0995 -32.5967 125
      vertex 66.4241 -38.35 125
    endloop
  endfacet
  facet normal -0 0 1
    outer loop
      vertex 63.8261 -36.85 125
      vertex 66.4241 -38.35 125
      vertex 66.0995 -32.5967 125
    endloop
  endfacet
  facet normal 0 0 1
    outer loop
      vertex 63.8261 -36.85 125
      vertex 63.7737 -42.6122 125
      vertex 66.4241 -38.35 125
    endloop
  endfacet
  facet normal -0 0 1
    outer loop
      vertex 61.2793 -40.9455 125
      vertex 63.7737 -42.6122 125
      vertex 63.8261 -36.85 125
    endloop
  endfacet
  facet normal 0 0 1
    outer loop
      vertex 61.2793 -40.9455 125
      vertex 60.8502 -46.692 125
      vertex 63.7737 -42.6122 125
    endloop
  endfacet
  facet normal -0 0 1
    outer loop
      vertex 58.4701 -44.8657 125
      vertex 60.8502 -46.692 125
      vertex 61.2793 -40.9455 125
    endloop
  endfacet
  facet normal 0 0 1
    outer loop
      vertex 58.4701 -44.8657 125
      vertex 57.6661 -50.5718 125
      vertex 60.8502 -46.692 125
    endloop
  endfacet
  facet normal -0 0 1
    outer loop
      vertex 55.4106 -48.5938 125
      vertex 57.6661 -50.5718 125
      vertex 58.4701 -44.8657 125
    endloop
  endfacet
  facet normal 0 0 1
    outer loop
      vertex 55.4106 -48.5938 125
      vertex 54.2351 -54.2351 125
      vertex 57.6661 -50.5718 125
    endloop
  endfacet
  facet normal -0 0 1
    outer loop
      vertex 52.1138 -52.1138 125
      vertex 54.2351 -54.2351 125
      vertex 55.4106 -48.5938 125
    endloop
  endfacet
  facet normal 0 0 1
    outer loop
      vertex 52.1138 -52.1138 125
      vertex 50.5718 -57.6661 125
      vertex 54.2351 -54.2351 125
    endloop
  endfacet
  facet normal -0 0 1
    outer loop
      vertex 48.5938 -55.4106 125
      vertex 50.5718 -57.6661 125
      vertex 52.1138 -52.1138 125
    endloop
  endfacet
  facet normal 0 0 1
    outer loop
      vertex 48.5938 -55.4106 125
      vertex 46.692 -60.8502 125
      vertex 50.5718 -57.6661 125
    endloop
  endfacet
  facet normal -0 0 1
    outer loop
      vertex 44.8657 -58.4701 125
      vertex 46.692 -60.8502 125
      vertex 48.5938 -55.4106 125
    endloop
  endfacet
  facet normal 0 0 1
    outer loop
      vertex 44.8657 -58.4701 125
      vertex 42.6122 -63.7737 125
      vertex 46.692 -60.8502 125
    endloop
  endfacet
  facet normal -0 0 1
    outer loop
      vertex 40.9455 -61.2793 125
      vertex 42.6122 -63.7737 125
      vertex 44.8657 -58.4701 125
    endloop
  endfacet
  facet normal 0 0 1
    outer loop
      vertex 40.9455 -61.2793 125
      vertex 38.35 -66.4241 125
      vertex 42.6122 -63.7737 125
    endloop
  endfacet
  facet normal -0 0 1
    outer loop
      vertex 36.85 -63.8261 125
      vertex 38.35 -66.4241 125
      vertex 40.9455 -61.2793 125
    endloop
  endfacet
  facet normal 0 0 1
    outer loop
      vertex 36.85 -63.8261 125
      vertex 33.9235 -68.7901 125
      vertex 38.35 -66.4241 125
    endloop
  endfacet
  facet normal -0 0 1
    outer loop
      vertex 32.5967 -66.0995 125
      vertex 33.9235 -68.7901 125
      vertex 36.85 -63.8261 125
    endloop
  endfacet
  facet normal 0 0 1
    outer loop
      vertex 32.5967 -66.0995 125
      vertex 29.3518 -70.8616 125
      vertex 33.9235 -68.7901 125
    endloop
  endfacet
  facet normal -0 0 1
    outer loop
      vertex 28.2038 -68.0899 125
      vertex 29.3518 -70.8616 125
      vertex 32.5967 -66.0995 125
    endloop
  endfacet
  facet normal 0 0 1
    outer loop
      vertex 28.2038 -68.0899 125
      vertex 24.6544 -72.6295 125
      vertex 29.3518 -70.8616 125
    endloop
  endfacet
  facet normal -0 0 1
    outer loop
      vertex 23.6901 -69.7887 125
      vertex 24.6544 -72.6295 125
      vertex 28.2038 -68.0899 125
    endloop
  endfacet
  facet normal 0 0 1
    outer loop
      vertex 23.6901 -69.7887 125
      vertex 19.8514 -74.0865 125
      vertex 24.6544 -72.6295 125
    endloop
  endfacet
  facet normal -0 0 1
    outer loop
      vertex 19.075 -71.1887 125
      vertex 19.8514 -74.0865 125
      vertex 23.6901 -69.7887 125
    endloop
  endfacet
  facet normal 0 0 1
    outer loop
      vertex 19.075 -71.1887 125
      vertex 14.9634 -75.2262 125
      vertex 19.8514 -74.0865 125
    endloop
  endfacet
  facet normal -0 0 1
    outer loop
      vertex 14.3782 -72.2839 125
      vertex 14.9634 -75.2262 125
      vertex 19.075 -71.1887 125
    endloop
  endfacet
  facet normal 0 0 1
    outer loop
      vertex 14.3782 -72.2839 125
      vertex 10.0114 -76.0438 125
      vertex 14.9634 -75.2262 125
    endloop
  endfacet
  facet normal -0 0 1
    outer loop
      vertex 9.61978 -73.0695 125
      vertex 10.0114 -76.0438 125
      vertex 14.3782 -72.2839 125
    endloop
  endfacet
  facet normal 0 0 1
    outer loop
      vertex 9.61978 -73.0695 125
      vertex 5.01642 -76.5358 125
      vertex 10.0114 -76.0438 125
    endloop
  endfacet
  facet normal -0 0 1
    outer loop
      vertex 4.82021 -73.5422 125
      vertex 5.01642 -76.5358 125
      vertex 9.61978 -73.0695 125
    endloop
  endfacet
  facet normal -0 0 1
    outer loop
      vertex 0 -73.7 125
      vertex 5.01642 -76.5358 125
      vertex 4.82021 -73.5422 125
    endloop
  endfacet
  facet normal 0 0 1
    outer loop
      vertex 0 -73.7 125
      vertex 0 -76.7 125
      vertex 5.01642 -76.5358 125
    endloop
  endfacet
  facet normal 0 0 1
    outer loop
      vertex -4.82021 -73.5422 125
      vertex 0 -76.7 125
      vertex 0 -73.7 125
    endloop
  endfacet
  facet normal 0 0 1
    outer loop
      vertex -4.82021 -73.5422 125
      vertex -5.01642 -76.5358 125
      vertex 0 -76.7 125
    endloop
  endfacet
  facet normal 0 0 1
    outer loop
      vertex -9.61978 -73.0695 125
      vertex -5.01642 -76.5358 125
      vertex -4.82021 -73.5422 125
    endloop
  endfacet
  facet normal 0 0 1
    outer loop
      vertex -9.61978 -73.0695 125
      vertex -10.0114 -76.0438 125
      vertex -5.01642 -76.5358 125
    endloop
  endfacet
  facet normal 0 0 1
    outer loop
      vertex -14.3782 -72.2839 125
      vertex -10.0114 -76.0438 125
      vertex -9.61978 -73.0695 125
    endloop
  endfacet
  facet normal 0 0 1
    outer loop
      vertex -14.3782 -72.2839 125
      vertex -14.9634 -75.2262 125
      vertex -10.0114 -76.0438 125
    endloop
  endfacet
  facet normal 0 0 1
    outer loop
      vertex -19.075 -71.1887 125
      vertex -14.9634 -75.2262 125
      vertex -14.3782 -72.2839 125
    endloop
  endfacet
  facet normal 0 0 1
    outer loop
      vertex -19.075 -71.1887 125
      vertex -19.8514 -74.0865 125
      vertex -14.9634 -75.2262 125
    endloop
  endfacet
  facet normal 0 0 1
    outer loop
      vertex -23.6901 -69.7887 125
      vertex -19.8514 -74.0865 125
      vertex -19.075 -71.1887 125
    endloop
  endfacet
  facet normal 0 0 1
    outer loop
      vertex -23.6901 -69.7887 125
      vertex -24.6544 -72.6295 125
      vertex -19.8514 -74.0865 125
    endloop
  endfacet
  facet normal 0 0 1
    outer loop
      vertex -28.2038 -68.0899 125
      vertex -24.6544 -72.6295 125
      vertex -23.6901 -69.7887 125
    endloop
  endfacet
  facet normal 0 0 1
    outer loop
      vertex -28.2038 -68.0899 125
      vertex -29.3518 -70.8616 125
      vertex -24.6544 -72.6295 125
    endloop
  endfacet
  facet normal 0 0 1
    outer loop
      vertex -32.5967 -66.0995 125
      vertex -29.3518 -70.8616 125
      vertex -28.2038 -68.0899 125
    endloop
  endfacet
  facet normal 0 0 1
    outer loop
      vertex -32.5967 -66.0995 125
      vertex -33.9235 -68.7901 125
      vertex -29.3518 -70.8616 125
    endloop
  endfacet
  facet normal 0 0 1
    outer loop
      vertex -36.85 -63.8261 125
      vertex -33.9235 -68.7901 125
      vertex -32.5967 -66.0995 125
    endloop
  endfacet
  facet normal 0 0 1
    outer loop
      vertex -36.85 -63.8261 125
      vertex -38.35 -66.4241 125
      vertex -33.9235 -68.7901 125
    endloop
  endfacet
  facet normal 0 0 1
    outer loop
      vertex -40.9455 -61.2793 125
      vertex -38.35 -66.4241 125
      vertex -36.85 -63.8261 125
    endloop
  endfacet
  facet normal 0 0 1
    outer loop
      vertex -40.9455 -61.2793 125
      vertex -42.6122 -63.7737 125
      vertex -38.35 -66.4241 125
    endloop
  endfacet
  facet normal 0 0 1
    outer loop
      vertex -44.8657 -58.4701 125
      vertex -42.6122 -63.7737 125
      vertex -40.9455 -61.2793 125
    endloop
  endfacet
  facet normal 0 0 1
    outer loop
      vertex -44.8657 -58.4701 125
      vertex -46.692 -60.8502 125
      vertex -42.6122 -63.7737 125
    endloop
  endfacet
  facet normal 0 0 1
    outer loop
      vertex -48.5938 -55.4106 125
      vertex -46.692 -60.8502 125
      vertex -44.8657 -58.4701 125
    endloop
  endfacet
  facet normal 0 0 1
    outer loop
      vertex -48.5938 -55.4106 125
      vertex -50.5718 -57.6661 125
      vertex -46.692 -60.8502 125
    endloop
  endfacet
  facet normal 0 0 1
    outer loop
      vertex -52.1138 -52.1138 125
      vertex -50.5718 -57.6661 125
      vertex -48.5938 -55.4106 125
    endloop
  endfacet
  facet normal 0 0 1
    outer loop
      vertex -52.1138 -52.1138 125
      vertex -54.2351 -54.2351 125
      vertex -50.5718 -57.6661 125
    endloop
  endfacet
  facet normal 0 0 1
    outer loop
      vertex -55.4106 -48.5938 125
      vertex -54.2351 -54.2351 125
      vertex -52.1138 -52.1138 125
    endloop
  endfacet
  facet normal 0 0 1
    outer loop
      vertex -55.4106 -48.5938 125
      vertex -57.6661 -50.5718 125
      vertex -54.2351 -54.2351 125
    endloop
  endfacet
  facet normal 0 0 1
    outer loop
      vertex -58.4701 -44.8657 125
      vertex -57.6661 -50.5718 125
      vertex -55.4106 -48.5938 125
    endloop
  endfacet
  facet normal 0 0 1
    outer loop
      vertex -58.4701 -44.8657 125
      vertex -60.8502 -46.692 125
      vertex -57.6661 -50.5718 125
    endloop
  endfacet
  facet normal 0 0 1
    outer loop
      vertex -61.2793 -40.9455 125
      vertex -60.8502 -46.692 125
      vertex -58.4701 -44.8657 125
    endloop
  endfacet
  facet normal 0 0 1
    outer loop
      vertex -61.2793 -40.9455 125
      vertex -63.7737 -42.6122 125
      vertex -60.8502 -46.692 125
    endloop
  endfacet
  facet normal 0 0 1
    outer loop
      vertex -63.8261 -36.85 125
      vertex -63.7737 -42.6122 125
      vertex -61.2793 -40.9455 125
    endloop
  endfacet
  facet normal 0 0 1
    outer loop
      vertex -66.4241 -38.35 125
      vertex -63.8261 -36.85 125
      vertex -66.0995 -32.5967 125
    endloop
  endfacet
  facet normal 0 0 1
    outer loop
      vertex -63.8261 -36.85 125
      vertex -66.4241 -38.35 125
      vertex -63.7737 -42.6122 125
    endloop
  endfacet
  facet normal 0 0 1
    outer loop
      vertex -68.7901 -33.9235 125
      vertex -66.0995 -32.5967 125
      vertex -68.0899 -28.2038 125
    endloop
  endfacet
  facet normal 0 0 1
    outer loop
      vertex -66.0995 -32.5967 125
      vertex -68.7901 -33.9235 125
      vertex -66.4241 -38.35 125
    endloop
  endfacet
  facet normal 0 0 1
    outer loop
      vertex -70.8616 -29.3518 125
      vertex -68.0899 -28.2038 125
      vertex -69.7887 -23.6901 125
    endloop
  endfacet
  facet normal 0 0 1
    outer loop
      vertex -68.0899 -28.2038 125
      vertex -70.8616 -29.3518 125
      vertex -68.7901 -33.9235 125
    endloop
  endfacet
  facet normal 0 0 1
    outer loop
      vertex -72.6295 -24.6544 125
      vertex -69.7887 -23.6901 125
      vertex -71.1887 -19.075 125
    endloop
  endfacet
  facet normal 0 0 1
    outer loop
      vertex -74.0865 -19.8514 125
      vertex -71.1887 -19.075 125
      vertex -72.2839 -14.3782 125
    endloop
  endfacet
  facet normal 0 0 1
    outer loop
      vertex -69.7887 -23.6901 125
      vertex -72.6295 -24.6544 125
      vertex -70.8616 -29.3518 125
    endloop
  endfacet
  facet normal 0 0 1
    outer loop
      vertex -75.2262 -14.9634 125
      vertex -72.2839 -14.3782 125
      vertex -73.0695 -9.61978 125
    endloop
  endfacet
  facet normal 0 0 1
    outer loop
      vertex -76.0438 -10.0114 125
      vertex -73.0695 -9.61978 125
      vertex -73.5422 -4.82021 125
    endloop
  endfacet
  facet normal 0 0 1
    outer loop
      vertex -71.1887 -19.075 125
      vertex -74.0865 -19.8514 125
      vertex -72.6295 -24.6544 125
    endloop
  endfacet
  facet normal 0 0 1
    outer loop
      vertex -76.5358 -5.01642 125
      vertex -73.5422 -4.82021 125
      vertex -73.7 0 125
    endloop
  endfacet
  facet normal 0 0 1
    outer loop
      vertex -73.0695 9.61978 125
      vertex -76.0438 10.0114 125
      vertex -73.5422 4.82021 125
    endloop
  endfacet
  facet normal -0 0 1
    outer loop
      vertex -76.5358 5.01642 125
      vertex -73.5422 4.82021 125
      vertex -76.0438 10.0114 125
    endloop
  endfacet
  facet normal 0 0 1
    outer loop
      vertex -72.2839 -14.3782 125
      vertex -75.2262 -14.9634 125
      vertex -74.0865 -19.8514 125
    endloop
  endfacet
  facet normal 0 0 1
    outer loop
      vertex -73.5422 4.82021 125
      vertex -76.5358 5.01642 125
      vertex -73.7 0 125
    endloop
  endfacet
  facet normal 0 0 1
    outer loop
      vertex -73.0695 -9.61978 125
      vertex -76.0438 -10.0114 125
      vertex -75.2262 -14.9634 125
    endloop
  endfacet
  facet normal 0 0 1
    outer loop
      vertex -76.7 0 125
      vertex -73.7 0 125
      vertex -76.5358 5.01642 125
    endloop
  endfacet
  facet normal 0 0 1
    outer loop
      vertex -73.5422 -4.82021 125
      vertex -76.5358 -5.01642 125
      vertex -76.0438 -10.0114 125
    endloop
  endfacet
  facet normal 0 0 1
    outer loop
      vertex -73.7 0 125
      vertex -76.7 0 125
      vertex -76.5358 -5.01642 125
    endloop
  endfacet
  facet normal 0.773007 0.634397 0
    outer loop
      vertex 60.8502 46.692 125
      vertex 57.6661 50.5718 115
      vertex 57.6661 50.5718 125
    endloop
  endfacet
  facet normal 0.773007 0.634397 0
    outer loop
      vertex 57.6661 50.5718 115
      vertex 60.8502 46.692 125
      vertex 60.8502 46.692 115
    endloop
  endfacet
  facet normal -0.352237 0.935911 0
    outer loop
      vertex -24.6544 72.6295 115
      vertex -29.3518 70.8616 125
      vertex -24.6544 72.6295 125
    endloop
  endfacet
  facet normal -0.352237 0.935911 0
    outer loop
      vertex -29.3518 70.8616 125
      vertex -24.6544 72.6295 115
      vertex -29.3518 70.8616 115
    endloop
  endfacet
  facet normal -0.812851 -0.582472 0
    outer loop
      vertex -60.8502 -46.692 115
      vertex -63.7737 -42.6122 125
      vertex -63.7737 -42.6122 115
    endloop
  endfacet
  facet normal -0.812851 -0.582472 0
    outer loop
      vertex -63.7737 -42.6122 125
      vertex -60.8502 -46.692 115
      vertex -60.8502 -46.692 125
    endloop
  endfacet
  facet normal -0.999465 -0.032715 0
    outer loop
      vertex -76.5358 -5.01642 115
      vertex -76.7 0 125
      vertex -76.7 0 115
    endloop
  endfacet
  facet normal -0.999465 -0.032715 0
    outer loop
      vertex -76.7 0 125
      vertex -76.5358 -5.01642 115
      vertex -76.5358 -5.01642 125
    endloop
  endfacet
  facet normal 0.227072 0.973878 -0
    outer loop
      vertex 19.8514 74.0865 115
      vertex 14.9634 75.2262 125
      vertex 19.8514 74.0865 125
    endloop
  endfacet
  facet normal 0.227072 0.973878 0
    outer loop
      vertex 14.9634 75.2262 125
      vertex 19.8514 74.0865 115
      vertex 14.9634 75.2262 115
    endloop
  endfacet
  facet normal 0.683586 0.72987 -0
    outer loop
      vertex 54.2351 54.2351 115
      vertex 50.5718 57.6661 125
      vertex 54.2351 54.2351 125
    endloop
  endfacet
  facet normal 0.683586 0.72987 0
    outer loop
      vertex 50.5718 57.6661 125
      vertex 54.2351 54.2351 115
      vertex 50.5718 57.6661 115
    endloop
  endfacet
  facet normal 0.582472 -0.812851 0
    outer loop
      vertex 42.6122 -63.7737 115
      vertex 46.692 -60.8502 125
      vertex 42.6122 -63.7737 125
    endloop
  endfacet
  facet normal 0.582472 -0.812851 0
    outer loop
      vertex 46.692 -60.8502 125
      vertex 42.6122 -63.7737 115
      vertex 46.692 -60.8502 115
    endloop
  endfacet
  facet normal 0.352237 -0.935911 0
    outer loop
      vertex 24.6544 -72.6295 115
      vertex 29.3518 -70.8616 125
      vertex 24.6544 -72.6295 125
    endloop
  endfacet
  facet normal 0.352237 -0.935911 0
    outer loop
      vertex 29.3518 -70.8616 125
      vertex 24.6544 -72.6295 115
      vertex 29.3518 -70.8616 115
    endloop
  endfacet
  facet normal -0.72987 0.683586 0
    outer loop
      vertex -57.6661 50.5718 115
      vertex -54.2351 54.2351 125
      vertex -54.2351 54.2351 115
    endloop
  endfacet
  facet normal -0.72987 0.683586 0
    outer loop
      vertex -54.2351 54.2351 125
      vertex -57.6661 50.5718 115
      vertex -57.6661 50.5718 125
    endloop
  endfacet
  facet normal 0.956939 0.290289 0
    outer loop
      vertex 74.0865 19.8514 125
      vertex 72.6295 24.6544 115
      vertex 72.6295 24.6544 125
    endloop
  endfacet
  facet normal 0.956939 0.290289 0
    outer loop
      vertex 72.6295 24.6544 115
      vertex 74.0865 19.8514 125
      vertex 74.0865 19.8514 115
    endloop
  endfacet
  facet normal -0.683586 0.72987 0
    outer loop
      vertex -50.5718 57.6661 115
      vertex -54.2351 54.2351 125
      vertex -50.5718 57.6661 125
    endloop
  endfacet
  facet normal -0.683586 0.72987 0
    outer loop
      vertex -54.2351 54.2351 125
      vertex -50.5718 57.6661 115
      vertex -54.2351 54.2351 115
    endloop
  endfacet
  facet normal 0.72987 0.683586 0
    outer loop
      vertex 57.6661 50.5718 125
      vertex 54.2351 54.2351 115
      vertex 54.2351 54.2351 125
    endloop
  endfacet
  facet normal 0.72987 0.683586 0
    outer loop
      vertex 54.2351 54.2351 115
      vertex 57.6661 50.5718 125
      vertex 57.6661 50.5718 115
    endloop
  endfacet
  facet normal -0.935911 0.352237 0
    outer loop
      vertex -72.6295 24.6544 115
      vertex -70.8616 29.3518 125
      vertex -70.8616 29.3518 115
    endloop
  endfacet
  facet normal -0.935911 0.352237 0
    outer loop
      vertex -70.8616 29.3518 125
      vertex -72.6295 24.6544 115
      vertex -72.6295 24.6544 125
    endloop
  endfacet
  facet normal 0.683586 -0.72987 0
    outer loop
      vertex 50.5718 -57.6661 115
      vertex 54.2351 -54.2351 125
      vertex 50.5718 -57.6661 125
    endloop
  endfacet
  facet normal 0.683586 -0.72987 0
    outer loop
      vertex 54.2351 -54.2351 125
      vertex 50.5718 -57.6661 115
      vertex 54.2351 -54.2351 115
    endloop
  endfacet
  facet normal -0.1629 0.986643 0
    outer loop
      vertex -10.0114 76.0438 115
      vertex -14.9634 75.2262 125
      vertex -10.0114 76.0438 125
    endloop
  endfacet
  facet normal -0.1629 0.986643 0
    outer loop
      vertex -14.9634 75.2262 125
      vertex -10.0114 76.0438 115
      vertex -14.9634 75.2262 115
    endloop
  endfacet
  facet normal -0.0980245 0.995184 0
    outer loop
      vertex -5.01642 76.5358 115
      vertex -10.0114 76.0438 125
      vertex -5.01642 76.5358 125
    endloop
  endfacet
  facet normal -0.0980245 0.995184 0
    outer loop
      vertex -10.0114 76.0438 125
      vertex -5.01642 76.5358 115
      vertex -10.0114 76.0438 115
    endloop
  endfacet
  facet normal 0.634397 -0.773007 0
    outer loop
      vertex 46.692 -60.8502 115
      vertex 50.5718 -57.6661 125
      vertex 46.692 -60.8502 125
    endloop
  endfacet
  facet normal 0.634397 -0.773007 0
    outer loop
      vertex 50.5718 -57.6661 125
      vertex 46.692 -60.8502 115
      vertex 50.5718 -57.6661 115
    endloop
  endfacet
  facet normal -0.773007 -0.634397 0
    outer loop
      vertex -57.6661 -50.5718 115
      vertex -60.8502 -46.692 125
      vertex -60.8502 -46.692 115
    endloop
  endfacet
  facet normal -0.773007 -0.634397 0
    outer loop
      vertex -60.8502 -46.692 125
      vertex -57.6661 -50.5718 115
      vertex -57.6661 -50.5718 125
    endloop
  endfacet
  facet normal -0.471395 -0.881922 0
    outer loop
      vertex -38.35 -66.4241 115
      vertex -33.9235 -68.7901 125
      vertex -38.35 -66.4241 125
    endloop
  endfacet
  facet normal -0.471395 -0.881922 -0
    outer loop
      vertex -33.9235 -68.7901 125
      vertex -38.35 -66.4241 115
      vertex -33.9235 -68.7901 115
    endloop
  endfacet
  facet normal -0.881922 0.471395 0
    outer loop
      vertex -68.7901 33.9235 115
      vertex -66.4241 38.35 125
      vertex -66.4241 38.35 115
    endloop
  endfacet
  facet normal -0.881922 0.471395 0
    outer loop
      vertex -66.4241 38.35 125
      vertex -68.7901 33.9235 115
      vertex -68.7901 33.9235 125
    endloop
  endfacet
  facet normal -0.528067 0.849203 0
    outer loop
      vertex -38.35 66.4241 115
      vertex -42.6122 63.7737 125
      vertex -38.35 66.4241 125
    endloop
  endfacet
  facet normal -0.528067 0.849203 0
    outer loop
      vertex -42.6122 63.7737 125
      vertex -38.35 66.4241 115
      vertex -42.6122 63.7737 115
    endloop
  endfacet
  facet normal 0.72987 -0.683586 0
    outer loop
      vertex 54.2351 -54.2351 125
      vertex 57.6661 -50.5718 115
      vertex 57.6661 -50.5718 125
    endloop
  endfacet
  facet normal 0.72987 -0.683586 0
    outer loop
      vertex 57.6661 -50.5718 115
      vertex 54.2351 -54.2351 125
      vertex 54.2351 -54.2351 115
    endloop
  endfacet
  facet normal -0.412722 -0.910857 0
    outer loop
      vertex -33.9235 -68.7901 115
      vertex -29.3518 -70.8616 125
      vertex -33.9235 -68.7901 125
    endloop
  endfacet
  facet normal -0.412722 -0.910857 -0
    outer loop
      vertex -29.3518 -70.8616 125
      vertex -33.9235 -68.7901 115
      vertex -29.3518 -70.8616 115
    endloop
  endfacet
  facet normal -0.995185 -0.0980138 0
    outer loop
      vertex 73.5422 4.82021 115
      vertex 73.0695 9.61978 125
      vertex 73.0695 9.61978 115
    endloop
  endfacet
  facet normal -0.995185 -0.0980138 0
    outer loop
      vertex 73.0695 9.61978 125
      vertex 73.5422 4.82021 115
      vertex 73.5422 4.82021 125
    endloop
  endfacet
  facet normal -0.999465 -0.0327196 0
    outer loop
      vertex 73.7 0 115
      vertex 73.5422 4.82021 125
      vertex 73.5422 4.82021 115
    endloop
  endfacet
  facet normal -0.999465 -0.0327196 0
    outer loop
      vertex 73.5422 4.82021 125
      vertex 73.7 0 115
      vertex 73.7 0 125
    endloop
  endfacet
  facet normal -0.412708 0.910864 0
    outer loop
      vertex 32.5967 -66.0995 115
      vertex 28.2038 -68.0899 125
      vertex 32.5967 -66.0995 125
    endloop
  endfacet
  facet normal -0.412708 0.910864 0
    outer loop
      vertex 28.2038 -68.0899 125
      vertex 32.5967 -66.0995 115
      vertex 28.2038 -68.0899 115
    endloop
  endfacet
  facet normal -0.352243 0.935908 0
    outer loop
      vertex 28.2038 -68.0899 115
      vertex 23.6901 -69.7887 125
      vertex 28.2038 -68.0899 125
    endloop
  endfacet
  facet normal -0.352243 0.935908 0
    outer loop
      vertex 23.6901 -69.7887 125
      vertex 28.2038 -68.0899 115
      vertex 23.6901 -69.7887 115
    endloop
  endfacet
  facet normal 0.0980138 -0.995185 0
    outer loop
      vertex -9.61978 73.0695 115
      vertex -4.82021 73.5422 125
      vertex -9.61978 73.0695 125
    endloop
  endfacet
  facet normal 0.0980138 -0.995185 0
    outer loop
      vertex -4.82021 73.5422 125
      vertex -9.61978 73.0695 115
      vertex -4.82021 73.5422 115
    endloop
  endfacet
  facet normal 0.812844 -0.582481 0
    outer loop
      vertex -61.2793 40.9455 125
      vertex -58.4701 44.8657 115
      vertex -58.4701 44.8657 125
    endloop
  endfacet
  facet normal 0.812844 -0.582481 0
    outer loop
      vertex -58.4701 44.8657 115
      vertex -61.2793 40.9455 125
      vertex -61.2793 40.9455 115
    endloop
  endfacet
  facet normal 0.773018 -0.634384 0
    outer loop
      vertex -58.4701 44.8657 125
      vertex -55.4106 48.5938 115
      vertex -55.4106 48.5938 125
    endloop
  endfacet
  facet normal 0.773018 -0.634384 0
    outer loop
      vertex -55.4106 48.5938 115
      vertex -58.4701 44.8657 125
      vertex -58.4701 44.8657 115
    endloop
  endfacet
  facet normal -0.471391 -0.881924 0
    outer loop
      vertex 32.5967 66.0995 115
      vertex 36.85 63.8261 125
      vertex 32.5967 66.0995 125
    endloop
  endfacet
  facet normal -0.471391 -0.881924 -0
    outer loop
      vertex 36.85 63.8261 125
      vertex 32.5967 66.0995 115
      vertex 36.85 63.8261 115
    endloop
  endfacet
  facet normal 0.683588 -0.729868 0
    outer loop
      vertex -52.1138 52.1138 115
      vertex -48.5938 55.4106 125
      vertex -52.1138 52.1138 125
    endloop
  endfacet
  facet normal 0.683588 -0.729868 0
    outer loop
      vertex -48.5938 55.4106 125
      vertex -52.1138 52.1138 115
      vertex -48.5938 55.4106 115
    endloop
  endfacet
  facet normal -0.162892 0.986644 0
    outer loop
      vertex 14.3782 -72.2839 115
      vertex 9.61978 -73.0695 125
      vertex 14.3782 -72.2839 125
    endloop
  endfacet
  facet normal -0.162892 0.986644 0
    outer loop
      vertex 9.61978 -73.0695 125
      vertex 14.3782 -72.2839 115
      vertex 9.61978 -73.0695 115
    endloop
  endfacet
  facet normal -0.0327196 -0.999465 0
    outer loop
      vertex 0 73.7 115
      vertex 4.82021 73.5422 125
      vertex 0 73.7 125
    endloop
  endfacet
  facet normal -0.0327196 -0.999465 -0
    outer loop
      vertex 4.82021 73.5422 125
      vertex 0 73.7 115
      vertex 4.82021 73.5422 115
    endloop
  endfacet
  facet normal -0.0327196 0.999465 0
    outer loop
      vertex 4.82021 -73.5422 115
      vertex 0 -73.7 125
      vertex 4.82021 -73.5422 125
    endloop
  endfacet
  facet normal -0.0327196 0.999465 0
    outer loop
      vertex 0 -73.7 125
      vertex 4.82021 -73.5422 115
      vertex 0 -73.7 115
    endloop
  endfacet
  facet normal -0.729868 -0.683588 0
    outer loop
      vertex 55.4106 48.5938 115
      vertex 52.1138 52.1138 125
      vertex 52.1138 52.1138 115
    endloop
  endfacet
  facet normal -0.729868 -0.683588 0
    outer loop
      vertex 52.1138 52.1138 125
      vertex 55.4106 48.5938 115
      vertex 55.4106 48.5938 125
    endloop
  endfacet
  facet normal -0.999465 0.0327196 0
    outer loop
      vertex 73.5422 -4.82021 115
      vertex 73.7 0 125
      vertex 73.7 0 115
    endloop
  endfacet
  facet normal -0.999465 0.0327196 0
    outer loop
      vertex 73.7 0 125
      vertex 73.5422 -4.82021 115
      vertex 73.5422 -4.82021 125
    endloop
  endfacet
  facet normal -0.849197 -0.528076 0
    outer loop
      vertex 63.8261 36.85 115
      vertex 61.2793 40.9455 125
      vertex 61.2793 40.9455 115
    endloop
  endfacet
  facet normal -0.849197 -0.528076 0
    outer loop
      vertex 61.2793 40.9455 125
      vertex 63.8261 36.85 115
      vertex 63.8261 36.85 125
    endloop
  endfacet
  facet normal -0.729868 0.683588 0
    outer loop
      vertex 52.1138 -52.1138 115
      vertex 55.4106 -48.5938 125
      vertex 55.4106 -48.5938 115
    endloop
  endfacet
  facet normal -0.729868 0.683588 0
    outer loop
      vertex 55.4106 -48.5938 125
      vertex 52.1138 -52.1138 115
      vertex 52.1138 -52.1138 125
    endloop
  endfacet
  facet normal -0.956939 -0.290289 0
    outer loop
      vertex 71.1887 19.075 115
      vertex 69.7887 23.6901 125
      vertex 69.7887 23.6901 115
    endloop
  endfacet
  facet normal -0.956939 -0.290289 0
    outer loop
      vertex 69.7887 23.6901 125
      vertex 71.1887 19.075 115
      vertex 71.1887 19.075 125
    endloop
  endfacet
  facet normal 0.881924 -0.471391 0
    outer loop
      vertex -66.0995 32.5967 125
      vertex -63.8261 36.85 115
      vertex -63.8261 36.85 125
    endloop
  endfacet
  facet normal 0.881924 -0.471391 0
    outer loop
      vertex -63.8261 36.85 115
      vertex -66.0995 32.5967 125
      vertex -66.0995 32.5967 115
    endloop
  endfacet
  facet normal -0.773018 0.634384 0
    outer loop
      vertex 55.4106 -48.5938 115
      vertex 58.4701 -44.8657 125
      vertex 58.4701 -44.8657 115
    endloop
  endfacet
  facet normal -0.773018 0.634384 0
    outer loop
      vertex 58.4701 -44.8657 125
      vertex 55.4106 -48.5938 115
      vertex 55.4106 -48.5938 125
    endloop
  endfacet
  facet normal 0.412708 -0.910864 0
    outer loop
      vertex -32.5967 66.0995 115
      vertex -28.2038 68.0899 125
      vertex -32.5967 66.0995 125
    endloop
  endfacet
  facet normal 0.412708 -0.910864 0
    outer loop
      vertex -28.2038 68.0899 125
      vertex -32.5967 66.0995 115
      vertex -28.2038 68.0899 115
    endloop
  endfacet
  facet normal 0.0327196 -0.999465 0
    outer loop
      vertex -4.82021 73.5422 115
      vertex 0 73.7 125
      vertex -4.82021 73.5422 125
    endloop
  endfacet
  facet normal 0.0327196 -0.999465 0
    outer loop
      vertex 0 73.7 125
      vertex -4.82021 73.5422 115
      vertex 0 73.7 115
    endloop
  endfacet
  facet normal -0.0980138 0.995185 0
    outer loop
      vertex 9.61978 -73.0695 115
      vertex 4.82021 -73.5422 125
      vertex 9.61978 -73.0695 125
    endloop
  endfacet
  facet normal -0.0980138 0.995185 0
    outer loop
      vertex 4.82021 -73.5422 125
      vertex 9.61978 -73.0695 115
      vertex 4.82021 -73.5422 115
    endloop
  endfacet
  facet normal 0.986644 -0.162892 0
    outer loop
      vertex -73.0695 9.61978 125
      vertex -72.2839 14.3782 115
      vertex -72.2839 14.3782 125
    endloop
  endfacet
  facet normal 0.986644 -0.162892 0
    outer loop
      vertex -72.2839 14.3782 115
      vertex -73.0695 9.61978 125
      vertex -73.0695 9.61978 115
    endloop
  endfacet
  facet normal 0.471391 -0.881924 0
    outer loop
      vertex -36.85 63.8261 115
      vertex -32.5967 66.0995 125
      vertex -36.85 63.8261 125
    endloop
  endfacet
  facet normal 0.471391 -0.881924 0
    outer loop
      vertex -32.5967 66.0995 125
      vertex -36.85 63.8261 115
      vertex -32.5967 66.0995 115
    endloop
  endfacet
  facet normal 0.290289 -0.956939 0
    outer loop
      vertex -23.6901 69.7887 115
      vertex -19.075 71.1887 125
      vertex -23.6901 69.7887 125
    endloop
  endfacet
  facet normal 0.290289 -0.956939 0
    outer loop
      vertex -19.075 71.1887 125
      vertex -23.6901 69.7887 115
      vertex -19.075 71.1887 115
    endloop
  endfacet
  facet normal -0.528076 0.849197 0
    outer loop
      vertex 40.9455 -61.2793 115
      vertex 36.85 -63.8261 125
      vertex 40.9455 -61.2793 125
    endloop
  endfacet
  facet normal -0.528076 0.849197 0
    outer loop
      vertex 36.85 -63.8261 125
      vertex 40.9455 -61.2793 115
      vertex 36.85 -63.8261 115
    endloop
  endfacet
  facet normal 0.582481 0.812844 -0
    outer loop
      vertex -40.9455 -61.2793 115
      vertex -44.8657 -58.4701 125
      vertex -40.9455 -61.2793 125
    endloop
  endfacet
  facet normal 0.582481 0.812844 0
    outer loop
      vertex -44.8657 -58.4701 125
      vertex -40.9455 -61.2793 115
      vertex -44.8657 -58.4701 115
    endloop
  endfacet
  facet normal 0.956939 0.290289 0
    outer loop
      vertex -69.7887 -23.6901 125
      vertex -71.1887 -19.075 115
      vertex -71.1887 -19.075 125
    endloop
  endfacet
  facet normal 0.956939 0.290289 0
    outer loop
      vertex -71.1887 -19.075 115
      vertex -69.7887 -23.6901 125
      vertex -69.7887 -23.6901 115
    endloop
  endfacet
  facet normal 0.812844 0.582481 0
    outer loop
      vertex -58.4701 -44.8657 125
      vertex -61.2793 -40.9455 115
      vertex -61.2793 -40.9455 125
    endloop
  endfacet
  facet normal 0.812844 0.582481 0
    outer loop
      vertex -61.2793 -40.9455 115
      vertex -58.4701 -44.8657 125
      vertex -58.4701 -44.8657 115
    endloop
  endfacet
  facet normal 0.729868 0.683588 0
    outer loop
      vertex -52.1138 -52.1138 125
      vertex -55.4106 -48.5938 115
      vertex -55.4106 -48.5938 125
    endloop
  endfacet
  facet normal 0.729868 0.683588 0
    outer loop
      vertex -55.4106 -48.5938 115
      vertex -52.1138 -52.1138 125
      vertex -52.1138 -52.1138 115
    endloop
  endfacet
  facet normal -0.995185 0.0980138 0
    outer loop
      vertex 73.0695 -9.61978 115
      vertex 73.5422 -4.82021 125
      vertex 73.5422 -4.82021 115
    endloop
  endfacet
  facet normal -0.995185 0.0980138 0
    outer loop
      vertex 73.5422 -4.82021 125
      vertex 73.0695 -9.61978 115
      vertex 73.0695 -9.61978 125
    endloop
  endfacet
  facet normal -0.227088 0.973874 0
    outer loop
      vertex 19.075 -71.1887 115
      vertex 14.3782 -72.2839 125
      vertex 19.075 -71.1887 125
    endloop
  endfacet
  facet normal -0.227088 0.973874 0
    outer loop
      vertex 14.3782 -72.2839 125
      vertex 19.075 -71.1887 115
      vertex 14.3782 -72.2839 115
    endloop
  endfacet
  facet normal -0.162892 -0.986644 0
    outer loop
      vertex 9.61978 73.0695 115
      vertex 14.3782 72.2839 125
      vertex 9.61978 73.0695 125
    endloop
  endfacet
  facet normal -0.162892 -0.986644 -0
    outer loop
      vertex 14.3782 72.2839 125
      vertex 9.61978 73.0695 115
      vertex 14.3782 72.2839 115
    endloop
  endfacet
  facet normal 0.0327196 0.999465 -0
    outer loop
      vertex 0 -73.7 115
      vertex -4.82021 -73.5422 125
      vertex 0 -73.7 125
    endloop
  endfacet
  facet normal 0.0327196 0.999465 0
    outer loop
      vertex -4.82021 -73.5422 125
      vertex 0 -73.7 115
      vertex -4.82021 -73.5422 115
    endloop
  endfacet
  facet normal 0.352243 -0.935908 0
    outer loop
      vertex -28.2038 68.0899 115
      vertex -23.6901 69.7887 125
      vertex -28.2038 68.0899 125
    endloop
  endfacet
  facet normal 0.352243 -0.935908 0
    outer loop
      vertex -23.6901 69.7887 125
      vertex -28.2038 68.0899 115
      vertex -23.6901 69.7887 115
    endloop
  endfacet
  facet normal 0.162892 -0.986644 0
    outer loop
      vertex -14.3782 72.2839 115
      vertex -9.61978 73.0695 125
      vertex -14.3782 72.2839 125
    endloop
  endfacet
  facet normal 0.162892 -0.986644 0
    outer loop
      vertex -9.61978 73.0695 125
      vertex -14.3782 72.2839 115
      vertex -9.61978 73.0695 115
    endloop
  endfacet
  facet normal 0.683588 0.729868 -0
    outer loop
      vertex -48.5938 -55.4106 115
      vertex -52.1138 -52.1138 125
      vertex -48.5938 -55.4106 125
    endloop
  endfacet
  facet normal 0.683588 0.729868 0
    outer loop
      vertex -52.1138 -52.1138 125
      vertex -48.5938 -55.4106 115
      vertex -52.1138 -52.1138 115
    endloop
  endfacet
  facet normal -0.973874 0.227088 0
    outer loop
      vertex 71.1887 -19.075 115
      vertex 72.2839 -14.3782 125
      vertex 72.2839 -14.3782 115
    endloop
  endfacet
  facet normal -0.973874 0.227088 0
    outer loop
      vertex 72.2839 -14.3782 125
      vertex 71.1887 -19.075 115
      vertex 71.1887 -19.075 125
    endloop
  endfacet
  facet normal 0.849197 0.528076 0
    outer loop
      vertex -61.2793 -40.9455 125
      vertex -63.8261 -36.85 115
      vertex -63.8261 -36.85 125
    endloop
  endfacet
  facet normal 0.849197 0.528076 0
    outer loop
      vertex -63.8261 -36.85 115
      vertex -61.2793 -40.9455 125
      vertex -61.2793 -40.9455 115
    endloop
  endfacet
  facet normal 0.227088 -0.973874 0
    outer loop
      vertex -19.075 71.1887 115
      vertex -14.3782 72.2839 125
      vertex -19.075 71.1887 125
    endloop
  endfacet
  facet normal 0.227088 -0.973874 0
    outer loop
      vertex -14.3782 72.2839 125
      vertex -19.075 71.1887 115
      vertex -14.3782 72.2839 115
    endloop
  endfacet
  facet normal -0.986644 0.162892 0
    outer loop
      vertex 72.2839 -14.3782 115
      vertex 73.0695 -9.61978 125
      vertex 73.0695 -9.61978 115
    endloop
  endfacet
  facet normal -0.986644 0.162892 0
    outer loop
      vertex 73.0695 -9.61978 125
      vertex 72.2839 -14.3782 115
      vertex 72.2839 -14.3782 125
    endloop
  endfacet
  facet normal -0.683588 -0.729868 0
    outer loop
      vertex 48.5938 55.4106 115
      vertex 52.1138 52.1138 125
      vertex 48.5938 55.4106 125
    endloop
  endfacet
  facet normal -0.683588 -0.729868 -0
    outer loop
      vertex 52.1138 52.1138 125
      vertex 48.5938 55.4106 115
      vertex 52.1138 52.1138 115
    endloop
  endfacet
  facet normal 0.881924 0.471391 0
    outer loop
      vertex -63.8261 -36.85 125
      vertex -66.0995 -32.5967 115
      vertex -66.0995 -32.5967 125
    endloop
  endfacet
  facet normal 0.881924 0.471391 0
    outer loop
      vertex -66.0995 -32.5967 115
      vertex -63.8261 -36.85 125
      vertex -63.8261 -36.85 115
    endloop
  endfacet
  facet normal 0.849197 -0.528076 0
    outer loop
      vertex -63.8261 36.85 125
      vertex -61.2793 40.9455 115
      vertex -61.2793 40.9455 125
    endloop
  endfacet
  facet normal 0.849197 -0.528076 0
    outer loop
      vertex -61.2793 40.9455 115
      vertex -63.8261 36.85 125
      vertex -63.8261 36.85 115
    endloop
  endfacet
  facet normal -0.412708 -0.910864 0
    outer loop
      vertex 28.2038 68.0899 115
      vertex 32.5967 66.0995 125
      vertex 28.2038 68.0899 125
    endloop
  endfacet
  facet normal -0.412708 -0.910864 -0
    outer loop
      vertex 32.5967 66.0995 125
      vertex 28.2038 68.0899 115
      vertex 32.5967 66.0995 115
    endloop
  endfacet
  facet normal -0.910864 -0.412708 0
    outer loop
      vertex 68.0899 28.2038 115
      vertex 66.0995 32.5967 125
      vertex 66.0995 32.5967 115
    endloop
  endfacet
  facet normal -0.910864 -0.412708 0
    outer loop
      vertex 66.0995 32.5967 125
      vertex 68.0899 28.2038 115
      vertex 68.0899 28.2038 125
    endloop
  endfacet
  facet normal 0.999465 -0.0327196 0
    outer loop
      vertex -73.7 0 125
      vertex -73.5422 4.82021 115
      vertex -73.5422 4.82021 125
    endloop
  endfacet
  facet normal 0.999465 -0.0327196 0
    outer loop
      vertex -73.5422 4.82021 115
      vertex -73.7 0 125
      vertex -73.7 0 115
    endloop
  endfacet
  facet normal -0.935908 -0.352243 0
    outer loop
      vertex 69.7887 23.6901 115
      vertex 68.0899 28.2038 125
      vertex 68.0899 28.2038 115
    endloop
  endfacet
  facet normal -0.935908 -0.352243 0
    outer loop
      vertex 68.0899 28.2038 125
      vertex 69.7887 23.6901 115
      vertex 69.7887 23.6901 125
    endloop
  endfacet
  facet normal -0.528076 -0.849197 0
    outer loop
      vertex 36.85 63.8261 115
      vertex 40.9455 61.2793 125
      vertex 36.85 63.8261 125
    endloop
  endfacet
  facet normal -0.528076 -0.849197 -0
    outer loop
      vertex 40.9455 61.2793 125
      vertex 36.85 63.8261 115
      vertex 40.9455 61.2793 115
    endloop
  endfacet
  facet normal 0.986644 0.162892 0
    outer loop
      vertex -72.2839 -14.3782 125
      vertex -73.0695 -9.61978 115
      vertex -73.0695 -9.61978 125
    endloop
  endfacet
  facet normal 0.986644 0.162892 0
    outer loop
      vertex -73.0695 -9.61978 115
      vertex -72.2839 -14.3782 125
      vertex -72.2839 -14.3782 115
    endloop
  endfacet
  facet normal 0.227088 0.973874 -0
    outer loop
      vertex -14.3782 -72.2839 115
      vertex -19.075 -71.1887 125
      vertex -14.3782 -72.2839 125
    endloop
  endfacet
  facet normal 0.227088 0.973874 0
    outer loop
      vertex -19.075 -71.1887 125
      vertex -14.3782 -72.2839 115
      vertex -19.075 -71.1887 115
    endloop
  endfacet
  facet normal 0.290289 0.956939 -0
    outer loop
      vertex -19.075 -71.1887 115
      vertex -23.6901 -69.7887 125
      vertex -19.075 -71.1887 125
    endloop
  endfacet
  facet normal 0.290289 0.956939 0
    outer loop
      vertex -23.6901 -69.7887 125
      vertex -19.075 -71.1887 115
      vertex -23.6901 -69.7887 115
    endloop
  endfacet
  facet normal 0.582481 -0.812844 0
    outer loop
      vertex -44.8657 58.4701 115
      vertex -40.9455 61.2793 125
      vertex -44.8657 58.4701 125
    endloop
  endfacet
  facet normal 0.582481 -0.812844 0
    outer loop
      vertex -40.9455 61.2793 125
      vertex -44.8657 58.4701 115
      vertex -40.9455 61.2793 115
    endloop
  endfacet
  facet normal 0.999465 0.0327196 0
    outer loop
      vertex -73.5422 -4.82021 125
      vertex -73.7 0 115
      vertex -73.7 0 125
    endloop
  endfacet
  facet normal 0.999465 0.0327196 0
    outer loop
      vertex -73.7 0 115
      vertex -73.5422 -4.82021 125
      vertex -73.5422 -4.82021 115
    endloop
  endfacet
  facet normal 0.973874 -0.227088 0
    outer loop
      vertex -72.2839 14.3782 125
      vertex -71.1887 19.075 115
      vertex -71.1887 19.075 125
    endloop
  endfacet
  facet normal 0.973874 -0.227088 0
    outer loop
      vertex -71.1887 19.075 115
      vertex -72.2839 14.3782 125
      vertex -72.2839 14.3782 115
    endloop
  endfacet
  facet normal -0.471391 0.881924 0
    outer loop
      vertex 36.85 -63.8261 115
      vertex 32.5967 -66.0995 125
      vertex 36.85 -63.8261 125
    endloop
  endfacet
  facet normal -0.471391 0.881924 0
    outer loop
      vertex 32.5967 -66.0995 125
      vertex 36.85 -63.8261 115
      vertex 32.5967 -66.0995 115
    endloop
  endfacet
  facet normal -0.956939 0.290289 0
    outer loop
      vertex 69.7887 -23.6901 115
      vertex 71.1887 -19.075 125
      vertex 71.1887 -19.075 115
    endloop
  endfacet
  facet normal -0.956939 0.290289 0
    outer loop
      vertex 71.1887 -19.075 125
      vertex 69.7887 -23.6901 115
      vertex 69.7887 -23.6901 125
    endloop
  endfacet
  facet normal 0.729868 -0.683588 0
    outer loop
      vertex -55.4106 48.5938 125
      vertex -52.1138 52.1138 115
      vertex -52.1138 52.1138 125
    endloop
  endfacet
  facet normal 0.729868 -0.683588 0
    outer loop
      vertex -52.1138 52.1138 115
      vertex -55.4106 48.5938 125
      vertex -55.4106 48.5938 115
    endloop
  endfacet
  facet normal -0.935908 0.352243 0
    outer loop
      vertex 68.0899 -28.2038 115
      vertex 69.7887 -23.6901 125
      vertex 69.7887 -23.6901 115
    endloop
  endfacet
  facet normal -0.935908 0.352243 0
    outer loop
      vertex 69.7887 -23.6901 125
      vertex 68.0899 -28.2038 115
      vertex 68.0899 -28.2038 125
    endloop
  endfacet
  facet normal 0.973874 0.227088 0
    outer loop
      vertex -71.1887 -19.075 125
      vertex -72.2839 -14.3782 115
      vertex -72.2839 -14.3782 125
    endloop
  endfacet
  facet normal 0.973874 0.227088 0
    outer loop
      vertex -72.2839 -14.3782 115
      vertex -71.1887 -19.075 125
      vertex -71.1887 -19.075 115
    endloop
  endfacet
  facet normal 0.528076 0.849197 -0
    outer loop
      vertex -36.85 -63.8261 115
      vertex -40.9455 -61.2793 125
      vertex -36.85 -63.8261 125
    endloop
  endfacet
  facet normal 0.528076 0.849197 0
    outer loop
      vertex -40.9455 -61.2793 125
      vertex -36.85 -63.8261 115
      vertex -40.9455 -61.2793 115
    endloop
  endfacet
  facet normal -0.290289 -0.956939 0
    outer loop
      vertex 19.075 71.1887 115
      vertex 23.6901 69.7887 125
      vertex 19.075 71.1887 125
    endloop
  endfacet
  facet normal -0.290289 -0.956939 -0
    outer loop
      vertex 23.6901 69.7887 125
      vertex 19.075 71.1887 115
      vertex 23.6901 69.7887 115
    endloop
  endfacet
  facet normal -0.582481 -0.812844 0
    outer loop
      vertex 40.9455 61.2793 115
      vertex 44.8657 58.4701 125
      vertex 40.9455 61.2793 125
    endloop
  endfacet
  facet normal -0.582481 -0.812844 -0
    outer loop
      vertex 44.8657 58.4701 125
      vertex 40.9455 61.2793 115
      vertex 44.8657 58.4701 115
    endloop
  endfacet
  facet normal -0.634384 -0.773018 0
    outer loop
      vertex 44.8657 58.4701 115
      vertex 48.5938 55.4106 125
      vertex 44.8657 58.4701 125
    endloop
  endfacet
  facet normal -0.634384 -0.773018 -0
    outer loop
      vertex 48.5938 55.4106 125
      vertex 44.8657 58.4701 115
      vertex 48.5938 55.4106 115
    endloop
  endfacet
  facet normal -0.849197 0.528076 0
    outer loop
      vertex 61.2793 -40.9455 115
      vertex 63.8261 -36.85 125
      vertex 63.8261 -36.85 115
    endloop
  endfacet
  facet normal -0.849197 0.528076 0
    outer loop
      vertex 63.8261 -36.85 125
      vertex 61.2793 -40.9455 115
      vertex 61.2793 -40.9455 125
    endloop
  endfacet
  facet normal 0.528076 -0.849197 0
    outer loop
      vertex -40.9455 61.2793 115
      vertex -36.85 63.8261 125
      vertex -40.9455 61.2793 125
    endloop
  endfacet
  facet normal 0.528076 -0.849197 0
    outer loop
      vertex -36.85 63.8261 125
      vertex -40.9455 61.2793 115
      vertex -36.85 63.8261 115
    endloop
  endfacet
  facet normal 0.162892 0.986644 -0
    outer loop
      vertex -9.61978 -73.0695 115
      vertex -14.3782 -72.2839 125
      vertex -9.61978 -73.0695 125
    endloop
  endfacet
  facet normal 0.162892 0.986644 0
    outer loop
      vertex -14.3782 -72.2839 125
      vertex -9.61978 -73.0695 115
      vertex -14.3782 -72.2839 115
    endloop
  endfacet
  facet normal -0.973874 -0.227088 0
    outer loop
      vertex 72.2839 14.3782 115
      vertex 71.1887 19.075 125
      vertex 71.1887 19.075 115
    endloop
  endfacet
  facet normal -0.973874 -0.227088 0
    outer loop
      vertex 71.1887 19.075 125
      vertex 72.2839 14.3782 115
      vertex 72.2839 14.3782 125
    endloop
  endfacet
  facet normal -0.910864 0.412708 0
    outer loop
      vertex 66.0995 -32.5967 115
      vertex 68.0899 -28.2038 125
      vertex 68.0899 -28.2038 115
    endloop
  endfacet
  facet normal -0.910864 0.412708 0
    outer loop
      vertex 68.0899 -28.2038 125
      vertex 66.0995 -32.5967 115
      vertex 66.0995 -32.5967 125
    endloop
  endfacet
  facet normal 0.910864 0.412708 0
    outer loop
      vertex -66.0995 -32.5967 125
      vertex -68.0899 -28.2038 115
      vertex -68.0899 -28.2038 125
    endloop
  endfacet
  facet normal 0.910864 0.412708 0
    outer loop
      vertex -68.0899 -28.2038 115
      vertex -66.0995 -32.5967 125
      vertex -66.0995 -32.5967 115
    endloop
  endfacet
  facet normal -0.0980138 -0.995185 0
    outer loop
      vertex 4.82021 73.5422 115
      vertex 9.61978 73.0695 125
      vertex 4.82021 73.5422 125
    endloop
  endfacet
  facet normal -0.0980138 -0.995185 -0
    outer loop
      vertex 9.61978 73.0695 125
      vertex 4.82021 73.5422 115
      vertex 9.61978 73.0695 115
    endloop
  endfacet
  facet normal 0.471391 0.881924 -0
    outer loop
      vertex -32.5967 -66.0995 115
      vertex -36.85 -63.8261 125
      vertex -32.5967 -66.0995 125
    endloop
  endfacet
  facet normal 0.471391 0.881924 0
    outer loop
      vertex -36.85 -63.8261 125
      vertex -32.5967 -66.0995 115
      vertex -36.85 -63.8261 115
    endloop
  endfacet
  facet normal -0.227088 -0.973874 0
    outer loop
      vertex 14.3782 72.2839 115
      vertex 19.075 71.1887 125
      vertex 14.3782 72.2839 125
    endloop
  endfacet
  facet normal -0.227088 -0.973874 -0
    outer loop
      vertex 19.075 71.1887 125
      vertex 14.3782 72.2839 115
      vertex 19.075 71.1887 115
    endloop
  endfacet
  facet normal -0.582481 0.812844 0
    outer loop
      vertex 44.8657 -58.4701 115
      vertex 40.9455 -61.2793 125
      vertex 44.8657 -58.4701 125
    endloop
  endfacet
  facet normal -0.582481 0.812844 0
    outer loop
      vertex 40.9455 -61.2793 125
      vertex 44.8657 -58.4701 115
      vertex 40.9455 -61.2793 115
    endloop
  endfacet
  facet normal -0.352243 -0.935908 0
    outer loop
      vertex 23.6901 69.7887 115
      vertex 28.2038 68.0899 125
      vertex 23.6901 69.7887 125
    endloop
  endfacet
  facet normal -0.352243 -0.935908 -0
    outer loop
      vertex 28.2038 68.0899 125
      vertex 23.6901 69.7887 115
      vertex 28.2038 68.0899 115
    endloop
  endfacet
  facet normal 0.352243 0.935908 -0
    outer loop
      vertex -23.6901 -69.7887 115
      vertex -28.2038 -68.0899 125
      vertex -23.6901 -69.7887 125
    endloop
  endfacet
  facet normal 0.352243 0.935908 0
    outer loop
      vertex -28.2038 -68.0899 125
      vertex -23.6901 -69.7887 115
      vertex -28.2038 -68.0899 115
    endloop
  endfacet
  facet normal 0.935908 0.352243 0
    outer loop
      vertex -68.0899 -28.2038 125
      vertex -69.7887 -23.6901 115
      vertex -69.7887 -23.6901 125
    endloop
  endfacet
  facet normal 0.935908 0.352243 0
    outer loop
      vertex -69.7887 -23.6901 115
      vertex -68.0899 -28.2038 125
      vertex -68.0899 -28.2038 115
    endloop
  endfacet
  facet normal -0.881924 -0.471391 0
    outer loop
      vertex 66.0995 32.5967 115
      vertex 63.8261 36.85 125
      vertex 63.8261 36.85 115
    endloop
  endfacet
  facet normal -0.881924 -0.471391 0
    outer loop
      vertex 63.8261 36.85 125
      vertex 66.0995 32.5967 115
      vertex 66.0995 32.5967 125
    endloop
  endfacet
  facet normal -0.986644 -0.162892 0
    outer loop
      vertex 73.0695 9.61978 115
      vertex 72.2839 14.3782 125
      vertex 72.2839 14.3782 115
    endloop
  endfacet
  facet normal -0.986644 -0.162892 0
    outer loop
      vertex 72.2839 14.3782 125
      vertex 73.0695 9.61978 115
      vertex 73.0695 9.61978 125
    endloop
  endfacet
  facet normal 0.0980138 0.995185 -0
    outer loop
      vertex -4.82021 -73.5422 115
      vertex -9.61978 -73.0695 125
      vertex -4.82021 -73.5422 125
    endloop
  endfacet
  facet normal 0.0980138 0.995185 0
    outer loop
      vertex -9.61978 -73.0695 125
      vertex -4.82021 -73.5422 115
      vertex -9.61978 -73.0695 115
    endloop
  endfacet
  facet normal 0.634384 -0.773018 0
    outer loop
      vertex -48.5938 55.4106 115
      vertex -44.8657 58.4701 125
      vertex -48.5938 55.4106 125
    endloop
  endfacet
  facet normal 0.634384 -0.773018 0
    outer loop
      vertex -44.8657 58.4701 125
      vertex -48.5938 55.4106 115
      vertex -44.8657 58.4701 115
    endloop
  endfacet
  facet normal -0.812844 0.582481 0
    outer loop
      vertex 58.4701 -44.8657 115
      vertex 61.2793 -40.9455 125
      vertex 61.2793 -40.9455 115
    endloop
  endfacet
  facet normal -0.812844 0.582481 0
    outer loop
      vertex 61.2793 -40.9455 125
      vertex 58.4701 -44.8657 115
      vertex 58.4701 -44.8657 125
    endloop
  endfacet
  facet normal 0.995185 0.0980138 0
    outer loop
      vertex -73.0695 -9.61978 125
      vertex -73.5422 -4.82021 115
      vertex -73.5422 -4.82021 125
    endloop
  endfacet
  facet normal 0.995185 0.0980138 0
    outer loop
      vertex -73.5422 -4.82021 115
      vertex -73.0695 -9.61978 125
      vertex -73.0695 -9.61978 115
    endloop
  endfacet
  facet normal -0.683588 0.729868 0
    outer loop
      vertex 52.1138 -52.1138 115
      vertex 48.5938 -55.4106 125
      vertex 52.1138 -52.1138 125
    endloop
  endfacet
  facet normal -0.683588 0.729868 0
    outer loop
      vertex 48.5938 -55.4106 125
      vertex 52.1138 -52.1138 115
      vertex 48.5938 -55.4106 115
    endloop
  endfacet
  facet normal -0.634384 0.773018 0
    outer loop
      vertex 48.5938 -55.4106 115
      vertex 44.8657 -58.4701 125
      vertex 48.5938 -55.4106 125
    endloop
  endfacet
  facet normal -0.634384 0.773018 0
    outer loop
      vertex 44.8657 -58.4701 125
      vertex 48.5938 -55.4106 115
      vertex 44.8657 -58.4701 115
    endloop
  endfacet
  facet normal -0.773018 -0.634384 0
    outer loop
      vertex 58.4701 44.8657 115
      vertex 55.4106 48.5938 125
      vertex 55.4106 48.5938 115
    endloop
  endfacet
  facet normal -0.773018 -0.634384 0
    outer loop
      vertex 55.4106 48.5938 125
      vertex 58.4701 44.8657 115
      vertex 58.4701 44.8657 125
    endloop
  endfacet
  facet normal 0.773018 0.634384 0
    outer loop
      vertex -55.4106 -48.5938 125
      vertex -58.4701 -44.8657 115
      vertex -58.4701 -44.8657 125
    endloop
  endfacet
  facet normal 0.773018 0.634384 0
    outer loop
      vertex -58.4701 -44.8657 115
      vertex -55.4106 -48.5938 125
      vertex -55.4106 -48.5938 115
    endloop
  endfacet
  facet normal -0.881924 0.471391 0
    outer loop
      vertex 63.8261 -36.85 115
      vertex 66.0995 -32.5967 125
      vertex 66.0995 -32.5967 115
    endloop
  endfacet
  facet normal -0.881924 0.471391 0
    outer loop
      vertex 66.0995 -32.5967 125
      vertex 63.8261 -36.85 115
      vertex 63.8261 -36.85 125
    endloop
  endfacet
  facet normal 0.956939 -0.290289 0
    outer loop
      vertex -71.1887 19.075 125
      vertex -69.7887 23.6901 115
      vertex -69.7887 23.6901 125
    endloop
  endfacet
  facet normal 0.956939 -0.290289 0
    outer loop
      vertex -69.7887 23.6901 115
      vertex -71.1887 19.075 125
      vertex -71.1887 19.075 115
    endloop
  endfacet
  facet normal 0.935908 -0.352243 0
    outer loop
      vertex -69.7887 23.6901 125
      vertex -68.0899 28.2038 115
      vertex -68.0899 28.2038 125
    endloop
  endfacet
  facet normal 0.935908 -0.352243 0
    outer loop
      vertex -68.0899 28.2038 115
      vertex -69.7887 23.6901 125
      vertex -69.7887 23.6901 115
    endloop
  endfacet
  facet normal 0.634384 0.773018 -0
    outer loop
      vertex -44.8657 -58.4701 115
      vertex -48.5938 -55.4106 125
      vertex -44.8657 -58.4701 125
    endloop
  endfacet
  facet normal 0.634384 0.773018 0
    outer loop
      vertex -48.5938 -55.4106 125
      vertex -44.8657 -58.4701 115
      vertex -48.5938 -55.4106 115
    endloop
  endfacet
  facet normal -0.290289 0.956939 0
    outer loop
      vertex 23.6901 -69.7887 115
      vertex 19.075 -71.1887 125
      vertex 23.6901 -69.7887 125
    endloop
  endfacet
  facet normal -0.290289 0.956939 0
    outer loop
      vertex 19.075 -71.1887 125
      vertex 23.6901 -69.7887 115
      vertex 19.075 -71.1887 115
    endloop
  endfacet
  facet normal -0.812844 -0.582481 0
    outer loop
      vertex 61.2793 40.9455 115
      vertex 58.4701 44.8657 125
      vertex 58.4701 44.8657 115
    endloop
  endfacet
  facet normal -0.812844 -0.582481 0
    outer loop
      vertex 58.4701 44.8657 125
      vertex 61.2793 40.9455 115
      vertex 61.2793 40.9455 125
    endloop
  endfacet
  facet normal 0.995185 -0.0980138 0
    outer loop
      vertex -73.5422 4.82021 125
      vertex -73.0695 9.61978 115
      vertex -73.0695 9.61978 125
    endloop
  endfacet
  facet normal 0.995185 -0.0980138 0
    outer loop
      vertex -73.0695 9.61978 115
      vertex -73.5422 4.82021 125
      vertex -73.5422 4.82021 115
    endloop
  endfacet
  facet normal 0.412708 0.910864 -0
    outer loop
      vertex -28.2038 -68.0899 115
      vertex -32.5967 -66.0995 125
      vertex -28.2038 -68.0899 125
    endloop
  endfacet
  facet normal 0.412708 0.910864 0
    outer loop
      vertex -32.5967 -66.0995 125
      vertex -28.2038 -68.0899 115
      vertex -32.5967 -66.0995 115
    endloop
  endfacet
  facet normal 0.910864 -0.412708 0
    outer loop
      vertex -68.0899 28.2038 125
      vertex -66.0995 32.5967 115
      vertex -66.0995 32.5967 125
    endloop
  endfacet
  facet normal 0.910864 -0.412708 0
    outer loop
      vertex -66.0995 32.5967 115
      vertex -68.0899 28.2038 125
      vertex -68.0899 28.2038 115
    endloop
  endfacet
  facet normal 0.827437 -0.55294 0.0980121
    outer loop
      vertex -30.3146 6.08214 11.5607
      vertex -29.3151 7.30118 10
      vertex -29.4429 7.38658 11.5607
    endloop
  endfacet
  facet normal 0.827438 -0.552936 0.0980156
    outer loop
      vertex -29.3151 7.30118 10
      vertex -30.3146 6.08214 11.5607
      vertex -30.1868 5.99673 10
    endloop
  endfacet
  facet normal -0.433208 0.895954 0.0979682
    outer loop
      vertex 23.2634 -37.6282 11.5607
      vertex 23.2725 -37.6238 11.5607
      vertex 23.2 -37.4882 10
    endloop
  endfacet
  facet normal -0.503286 0.858548 0.0979735
    outer loop
      vertex 23.2725 -37.6238 11.5607
      vertex 23.2812 -37.6187 11.5607
      vertex 23.2 -37.4882 10
    endloop
  endfacet
  facet normal -0.961258 0.257657 0.097964
    outer loop
      vertex 23.3471 -37.5328 11.5607
      vertex 23.3497 -37.5231 11.5607
      vertex 23.2 -37.4882 10
    endloop
  endfacet
  facet normal 0.350539 -0.931404 0.0980285
    outer loop
      vertex 13.535 34.9211 10
      vertex 15.796 35.9363 11.5607
      vertex 13.4809 35.065 11.5607
    endloop
  endfacet
  facet normal 0.350525 -0.931407 0.0980508
    outer loop
      vertex 15.796 35.9363 11.5607
      vertex 13.535 34.9211 10
      vertex 15.8502 35.7924 10
    endloop
  endfacet
  facet normal 0.537345 0.83765 0.0979879
    outer loop
      vertex 6.85306 -31.5176 11.5607
      vertex 6.93423 -31.3871 10
      vertex -25.6564 -10.4805 10
    endloop
  endfacet
  facet normal 0.950066 0.296278 0.0979501
    outer loop
      vertex -31.5304 -3.15356 11.5607
      vertex -31.3849 -3.10416 10
      vertex -31.5334 -3.14394 11.5607
    endloop
  endfacet
  facet normal 0.0590162 0.993439 0.0979607
    outer loop
      vertex 23.195 -37.6418 11.5607
      vertex 23.2 -37.4882 10
      vertex 23.1849 -37.6412 11.5607
    endloop
  endfacet
  facet normal 0.578629 0.809686 0.0979642
    outer loop
      vertex -27.1866 -9.64291 11.5607
      vertex -27.1012 -9.51511 10
      vertex -27.1948 -9.63705 11.5607
    endloop
  endfacet
  facet normal -0.824975 0.556609 0.0979935
    outer loop
      vertex 23.325 -37.5777 11.5607
      vertex 23.3306 -37.5694 11.5607
      vertex 23.2 -37.4882 10
    endloop
  endfacet
  facet normal 0.976061 -0.194178 0.0979777
    outer loop
      vertex -31.8417 1.59549 11.5607
      vertex -31.3849 3.10416 10
      vertex -31.5356 3.13414 11.5607
    endloop
  endfacet
  facet normal 0.976067 -0.194116 0.0980397
    outer loop
      vertex -31.3849 3.10416 10
      vertex -31.8417 1.59549 11.5607
      vertex -31.6909 1.56551 10
    endloop
  endfacet
  facet normal 0.410725 0.906477 0.0979988
    outer loop
      vertex 11.2823 -33.9004 10
      vertex 13.4716 -35.0611 11.5607
      vertex 13.535 -34.9211 10
    endloop
  endfacet
  facet normal 0.410709 0.906482 0.0980249
    outer loop
      vertex 13.4716 -35.0611 11.5607
      vertex 11.2823 -33.9004 10
      vertex 11.2188 -34.0404 11.5607
    endloop
  endfacet
  facet normal -0.217985 -0.971024 0.0979515
    outer loop
      vertex 23.2398 37.6367 11.5607
      vertex 23.23 37.6389 11.5607
      vertex 23.2 37.4882 10
    endloop
  endfacet
  facet normal -0.990347 -0.0980542 0.0979687
    outer loop
      vertex 23.3534 37.4982 11.5607
      vertex 23.3524 37.5083 11.5607
      vertex 23.2 37.4882 10
    endloop
  endfacet
  facet normal -0.652533 0.751402 0.0979615
    outer loop
      vertex 23.2975 -37.607 11.5607
      vertex 23.3051 -37.6004 11.5607
      vertex 23.2 -37.4882 10
    endloop
  endfacet
  facet normal -0.992805 0.0688083 0.0979934
    outer loop
      vertex 23.353 -37.5033 11.5607
      vertex 23.3537 -37.4932 11.5607
      vertex 23.2 -37.4882 10
    endloop
  endfacet
  facet normal 0.128295 0.986883 0.0979883
    outer loop
      vertex 23.0513 -37.628 11.5607
      vertex 23.0664 -37.475 10
      vertex 23.0413 -37.6267 11.5607
    endloop
  endfacet
  facet normal 0.502427 -0.859052 0.0979646
    outer loop
      vertex 9.10089 32.7344 10
      vertex 9.02843 32.87 11.5607
      vertex 9.01971 32.8649 11.5607
    endloop
  endfacet
  facet normal -0.982441 -0.158778 0.0979787
    outer loop
      vertex 23.3524 37.5083 11.5607
      vertex 23.3508 37.5182 11.5607
      vertex 23.2 37.4882 10
    endloop
  endfacet
  facet normal 0.971024 -0.217985 0.0979487
    outer loop
      vertex -31.3849 3.10416 10
      vertex -31.5334 3.14394 11.5607
      vertex -31.5356 3.13414 11.5607
    endloop
  endfacet
  facet normal 0.879152 0.466367 0.0979433
    outer loop
      vertex -30.3199 -6.07359 11.5607
      vertex -30.1868 -5.99673 10
      vertex -30.3246 -6.06473 11.5607
    endloop
  endfacet
  facet normal 0.502427 0.859052 0.0979646
    outer loop
      vertex 9.02843 -32.87 11.5607
      vertex 9.10089 -32.7344 10
      vertex 9.01971 -32.8649 11.5607
    endloop
  endfacet
  facet normal 0.552937 -0.827438 0.0980121
    outer loop
      vertex -27.1012 9.51511 10
      vertex -25.7418 10.6084 11.5607
      vertex -27.1866 9.64291 11.5607
    endloop
  endfacet
  facet normal 0.552895 -0.827461 0.0980646
    outer loop
      vertex -25.7418 10.6084 11.5607
      vertex -27.1012 9.51511 10
      vertex -25.6564 10.4805 10
    endloop
  endfacet
  facet normal -0.128295 0.986883 0.0979883
    outer loop
      vertex 23.2151 -37.6412 11.5607
      vertex 23.2251 -37.6399 11.5607
      vertex 23.2 -37.4882 10
    endloop
  endfacet
  facet normal 0.0778147 -0.992138 0.0980151
    outer loop
      vertex 23.2 37.4882 10
      vertex 23.19 37.6416 11.5607
      vertex 23.1849 37.6412 11.5607
    endloop
  endfacet
  facet normal 0.993053 0.0650825 0.0980258
    outer loop
      vertex -31.9469 -0.0100555 11.5607
      vertex -31.6909 -1.56551 10
      vertex -31.7935 0 10
    endloop
  endfacet
  facet normal 0.993053 0.0650827 0.0980256
    outer loop
      vertex -31.6909 -1.56551 10
      vertex -31.9469 -0.0100555 11.5607
      vertex -31.8443 -1.57556 11.5607
    endloop
  endfacet
  facet normal -0.552032 0.828048 0.0979595
    outer loop
      vertex 23.2812 -37.6187 11.5607
      vertex 23.2896 -37.6131 11.5607
      vertex 23.2 -37.4882 10
    endloop
  endfacet
  facet normal -0.994742 -0.0298423 0.0979637
    outer loop
      vertex 23.3537 37.4882 11.5607
      vertex 23.3534 37.4982 11.5607
      vertex 23.2 37.4882 10
    endloop
  endfacet
  facet normal -0.0295471 -0.994751 0.0979645
    outer loop
      vertex 23.2101 37.6416 11.5607
      vertex 23.2 37.6419 11.5607
      vertex 23.2 37.4882 10
    endloop
  endfacet
  facet normal 0.257657 0.961258 0.097964
    outer loop
      vertex 18.1821 -36.6601 11.5607
      vertex 18.217 -36.5104 10
      vertex 18.1724 -36.6575 11.5607
    endloop
  endfacet
  facet normal 0.525521 0.845117 0.0980007
    outer loop
      vertex 6.93423 -31.3871 10
      vertex 9.01971 -32.8649 11.5607
      vertex 9.10089 -32.7344 10
    endloop
  endfacet
  facet normal 0.525523 0.845116 0.0979973
    outer loop
      vertex 9.01971 -32.8649 11.5607
      vertex 6.93423 -31.3871 10
      vertex 6.85306 -31.5176 11.5607
    endloop
  endfacet
  facet normal 0.09785 0.990361 0.0980347
    outer loop
      vertex 23.0664 -37.475 10
      vertex 23.1849 -37.6412 11.5607
      vertex 23.2 -37.4882 10
    endloop
  endfacet
  facet normal 0.09785 0.990361 0.0980347
    outer loop
      vertex 23.1849 -37.6412 11.5607
      vertex 23.0664 -37.475 10
      vertex 23.0513 -37.628 11.5607
    endloop
  endfacet
  facet normal 0.525523 -0.845116 0.0979973
    outer loop
      vertex 6.93423 31.3871 10
      vertex 9.01971 32.8649 11.5607
      vertex 6.85306 31.5176 11.5607
    endloop
  endfacet
  facet normal 0.525521 -0.845117 0.0980007
    outer loop
      vertex 9.01971 32.8649 11.5607
      vertex 6.93423 31.3871 10
      vertex 9.10089 32.7344 10
    endloop
  endfacet
  facet normal 0.384867 -0.917759 0.0979604
    outer loop
      vertex 13.535 34.9211 10
      vertex 13.4809 35.065 11.5607
      vertex 13.4716 35.0611 11.5607
    endloop
  endfacet
  facet normal 0.730049 0.676339 0.0979481
    outer loop
      vertex -28.3894 -8.58948 11.5607
      vertex -28.2807 -8.48079 10
      vertex -28.3962 -8.58214 11.5607
    endloop
  endfacet
  facet normal 0.991188 0.0891178 0.097997
    outer loop
      vertex -31.8434 -1.58557 11.5607
      vertex -31.6909 -1.56551 10
      vertex -31.8443 -1.57556 11.5607
    endloop
  endfacet
  facet normal 0.552895 0.827461 0.0980646
    outer loop
      vertex -27.1012 -9.51511 10
      vertex -25.7418 -10.6084 11.5607
      vertex -25.6564 -10.4805 10
    endloop
  endfacet
  facet normal 0.552937 0.827438 0.0980121
    outer loop
      vertex -25.7418 -10.6084 11.5607
      vertex -27.1012 -9.51511 10
      vertex -27.1866 -9.64291 11.5607
    endloop
  endfacet
  facet normal 0.677632 0.728848 0.0979542
    outer loop
      vertex -28.382 -8.59636 11.5607
      vertex -28.2807 -8.48079 10
      vertex -28.3894 -8.58948 11.5607
    endloop
  endfacet
  facet normal 0.162106 -0.98189 0.0980468
    outer loop
      vertex 20.626 37.0721 10
      vertex 23.0413 37.6267 11.5607
      vertex 20.6009 37.2238 11.5607
    endloop
  endfacet
  facet normal 0.162106 -0.98189 0.0980468
    outer loop
      vertex 23.0413 37.6267 11.5607
      vertex 20.626 37.0721 10
      vertex 23.0664 37.475 10
    endloop
  endfacet
  facet normal 0.128295 -0.986883 0.0979883
    outer loop
      vertex 23.0664 37.475 10
      vertex 23.0513 37.628 11.5607
      vertex 23.0413 37.6267 11.5607
    endloop
  endfacet
  facet normal 0.53734 -0.837647 0.0980482
    outer loop
      vertex -25.6564 10.4805 10
      vertex 6.85306 31.5176 11.5607
      vertex -25.7418 10.6084 11.5607
    endloop
  endfacet
  facet normal -0.608223 0.787699 0.0979563
    outer loop
      vertex 23.2896 -37.6131 11.5607
      vertex 23.2975 -37.607 11.5607
      vertex 23.2 -37.4882 10
    endloop
  endfacet
  facet normal -0.786613 0.609625 0.0979613
    outer loop
      vertex 23.3188 -37.5857 11.5607
      vertex 23.325 -37.5777 11.5607
      vertex 23.2 -37.4882 10
    endloop
  endfacet
  facet normal -0.995186 0 0.0980073
    outer loop
      vertex 23.3537 -37.4932 11.5607
      vertex 23.3537 -37.4882 11.5607
      vertex 23.2 -37.4882 10
    endloop
  endfacet
  facet normal -0.995186 0 0.0980073
    outer loop
      vertex 23.2 -37.4882 10
      vertex 23.3537 37.4882 11.5607
      vertex 23.2 37.4882 10
    endloop
  endfacet
  facet normal -0.995186 0 0.0980073
    outer loop
      vertex 23.3537 37.4882 11.5607
      vertex 23.2 -37.4882 10
      vertex 23.3537 -37.4882 11.5607
    endloop
  endfacet
  facet normal -0.751402 0.652533 0.0979615
    outer loop
      vertex 23.3122 -37.5933 11.5607
      vertex 23.3188 -37.5857 11.5607
      vertex 23.2 -37.4882 10
    endloop
  endfacet
  facet normal -0.895954 0.433208 0.0979682
    outer loop
      vertex 23.3356 -37.5607 11.5607
      vertex 23.34 -37.5516 11.5607
      vertex 23.2 -37.4882 10
    endloop
  endfacet
  facet normal 0.682565 -0.724233 0.0979327
    outer loop
      vertex -28.2807 8.48079 10
      vertex -28.382 8.59636 11.5607
      vertex -28.3893 8.58948 11.5607
    endloop
  endfacet
  facet normal -0.581235 -0.807818 0.0979539
    outer loop
      vertex 23.2936 37.6101 11.5607
      vertex 23.2854 37.616 11.5607
      vertex 23.2 37.4882 10
    endloop
  endfacet
  facet normal 0.53734 0.837647 0.0980482
    outer loop
      vertex 6.85306 -31.5176 11.5607
      vertex -25.6564 -10.4805 10
      vertex -25.7418 -10.6084 11.5607
    endloop
  endfacet
  facet normal 0.537345 -0.83765 0.0979879
    outer loop
      vertex 6.93423 31.3871 10
      vertex 6.85306 31.5176 11.5607
      vertex -25.6564 10.4805 10
    endloop
  endfacet
  facet normal 0.314706 -0.944119 0.097979
    outer loop
      vertex 15.8502 35.7924 10
      vertex 15.8056 35.9395 11.5607
      vertex 15.796 35.9363 11.5607
    endloop
  endfacet
  facet normal -0.314706 0.944119 0.097979
    outer loop
      vertex 23.2446 -37.6353 11.5607
      vertex 23.2542 -37.6321 11.5607
      vertex 23.2 -37.4882 10
    endloop
  endfacet
  facet normal -0.0590162 0.993439 0.0979607
    outer loop
      vertex 23.205 -37.6418 11.5607
      vertex 23.2151 -37.6412 11.5607
      vertex 23.2 -37.4882 10
    endloop
  endfacet
  facet normal -0.388415 0.916262 0.0979702
    outer loop
      vertex 23.2542 -37.6321 11.5607
      vertex 23.2634 -37.6282 11.5607
      vertex 23.2 -37.4882 10
    endloop
  endfacet
  facet normal 0.469132 0.877675 0.0979925
    outer loop
      vertex 9.10089 -32.7344 10
      vertex 11.2098 -34.0359 11.5607
      vertex 11.2823 -33.9004 10
    endloop
  endfacet
  facet normal 0.469105 0.877684 0.0980363
    outer loop
      vertex 11.2098 -34.0359 11.5607
      vertex 9.10089 -32.7344 10
      vertex 9.02843 -32.87 11.5607
    endloop
  endfacet
  facet normal 0.908514 -0.406206 0.0979702
    outer loop
      vertex -30.8806 4.58972 10
      vertex -31.0185 4.65771 11.5607
      vertex -31.0226 4.64854 11.5607
    endloop
  endfacet
  facet normal 0.827438 0.552936 0.0980156
    outer loop
      vertex -30.3146 -6.08214 11.5607
      vertex -29.3151 -7.30118 10
      vertex -30.1868 -5.99673 10
    endloop
  endfacet
  facet normal 0.827437 0.55294 0.0980121
    outer loop
      vertex -29.3151 -7.30118 10
      vertex -30.3146 -6.08214 11.5607
      vertex -29.4429 -7.38658 11.5607
    endloop
  endfacet
  facet normal -0.847225 -0.522127 0.0979464
    outer loop
      vertex 23.3331 37.565 11.5607
      vertex 23.3278 37.5736 11.5607
      vertex 23.2 37.4882 10
    endloop
  endfacet
  facet normal -0.968862 -0.227386 0.0979855
    outer loop
      vertex 23.3508 37.5182 11.5607
      vertex 23.3485 37.528 11.5607
      vertex 23.2 37.4882 10
    endloop
  endfacet
  facet normal 0.629491 -0.770806 0.0979768
    outer loop
      vertex -27.1012 9.51511 10
      vertex -27.1948 9.63705 11.5607
      vertex -27.2026 9.63068 11.5607
    endloop
  endfacet
  facet normal 0.198998 -0.97509 0.0979791
    outer loop
      vertex 20.626 37.0721 10
      vertex 20.6009 37.2238 11.5607
      vertex 20.5911 37.2218 11.5607
    endloop
  endfacet
  facet normal -0.975482 0.197067 0.0979736
    outer loop
      vertex 23.3497 -37.5231 11.5607
      vertex 23.3517 -37.5132 11.5607
      vertex 23.2 -37.4882 10
    endloop
  endfacet
  facet normal 0.993053 -0.0650827 0.0980256
    outer loop
      vertex -31.9469 0.0100555 11.5607
      vertex -31.6909 1.56551 10
      vertex -31.8443 1.57556 11.5607
    endloop
  endfacet
  facet normal 0.993053 -0.0650825 0.0980258
    outer loop
      vertex -31.6909 1.56551 10
      vertex -31.9469 0.0100555 11.5607
      vertex -31.7935 0 10
    endloop
  endfacet
  facet normal -0.703705 0.703705 0.0979785
    outer loop
      vertex 23.3051 -37.6004 11.5607
      vertex 23.3122 -37.5933 11.5607
      vertex 23.2 -37.4882 10
    endloop
  endfacet
  facet normal 0.942384 -0.319844 0.0980423
    outer loop
      vertex -31.5304 3.15356 11.5607
      vertex -30.8806 4.58972 10
      vertex -31.0262 4.63913 11.5607
    endloop
  endfacet
  facet normal 0.94237 -0.319904 0.0979805
    outer loop
      vertex -30.8806 4.58972 10
      vertex -31.5304 3.15356 11.5607
      vertex -31.3849 3.10416 10
    endloop
  endfacet
  facet normal -0.86284 0.495885 0.0980027
    outer loop
      vertex 23.3306 -37.5694 11.5607
      vertex 23.3356 -37.5607 11.5607
      vertex 23.2 -37.4882 10
    endloop
  endfacet
  facet normal -0.909008 -0.405101 0.0979683
    outer loop
      vertex 23.342 37.547 11.5607
      vertex 23.3379 37.5562 11.5607
      vertex 23.2 37.4882 10
    endloop
  endfacet
  facet normal -0.727866 -0.678686 0.0979638
    outer loop
      vertex 23.3156 37.5895 11.5607
      vertex 23.3087 37.5969 11.5607
      vertex 23.2 37.4882 10
    endloop
  endfacet
  facet normal 0.09785 -0.990361 0.0980347
    outer loop
      vertex 23.0664 37.475 10
      vertex 23.1849 37.6412 11.5607
      vertex 23.0513 37.628 11.5607
    endloop
  endfacet
  facet normal 0.09785 -0.990361 0.0980347
    outer loop
      vertex 23.1849 37.6412 11.5607
      vertex 23.0664 37.475 10
      vertex 23.2 37.4882 10
    endloop
  endfacet
  facet normal 0.0298423 -0.994742 0.0979637
    outer loop
      vertex 23.2 37.4882 10
      vertex 23.2 37.6419 11.5607
      vertex 23.19 37.6416 11.5607
    endloop
  endfacet
  facet normal -0.168426 -0.980836 0.0979463
    outer loop
      vertex 23.23 37.6389 11.5607
      vertex 23.2201 37.6406 11.5607
      vertex 23.2 37.4882 10
    endloop
  endfacet
  facet normal 0.225983 0.969188 0.0980164
    outer loop
      vertex 18.217 -36.5104 10
      vertex 20.5911 -37.2218 11.5607
      vertex 20.626 -37.0721 10
    endloop
  endfacet
  facet normal 0.225983 0.969188 0.0980164
    outer loop
      vertex 20.5911 -37.2218 11.5607
      vertex 18.217 -36.5104 10
      vertex 18.1821 -36.6601 11.5607
    endloop
  endfacet
  facet normal 0.445063 0.890126 0.0979555
    outer loop
      vertex 11.2188 -34.0404 11.5607
      vertex 11.2823 -33.9004 10
      vertex 11.2098 -34.0359 11.5607
    endloop
  endfacet
  facet normal 0 0.995192 0.0979442
    outer loop
      vertex 23.205 -37.6418 11.5607
      vertex 23.2 -37.4882 10
      vertex 23.195 -37.6418 11.5607
    endloop
  endfacet
  facet normal -0.198998 0.97509 0.0979791
    outer loop
      vertex 23.2251 -37.6399 11.5607
      vertex 23.2349 -37.6379 11.5607
      vertex 23.2 -37.4882 10
    endloop
  endfacet
  facet normal 0.656143 0.748241 0.0980375
    outer loop
      vertex -28.2807 -8.48079 10
      vertex -27.2026 -9.63068 11.5607
      vertex -27.1012 -9.51511 10
    endloop
  endfacet
  facet normal 0.656177 0.748217 0.0979959
    outer loop
      vertex -27.2026 -9.63068 11.5607
      vertex -28.2807 -8.48079 10
      vertex -28.382 -8.59636 11.5607
    endloop
  endfacet
  facet normal 0.198998 0.97509 0.0979791
    outer loop
      vertex 20.6009 -37.2238 11.5607
      vertex 20.626 -37.0721 10
      vertex 20.5911 -37.2218 11.5607
    endloop
  endfacet
  facet normal 0.225983 -0.969188 0.0980164
    outer loop
      vertex 18.217 36.5104 10
      vertex 20.5911 37.2218 11.5607
      vertex 18.1821 36.6601 11.5607
    endloop
  endfacet
  facet normal 0.225983 -0.969188 0.0980164
    outer loop
      vertex 20.5911 37.2218 11.5607
      vertex 18.217 36.5104 10
      vertex 20.626 37.0721 10
    endloop
  endfacet
  facet normal 0.768159 -0.632717 0.0979849
    outer loop
      vertex -29.3151 7.30118 10
      vertex -29.4307 7.40253 11.5607
      vertex -29.4371 7.39476 11.5607
    endloop
  endfacet
  facet normal 0.384867 0.917759 0.0979604
    outer loop
      vertex 13.4809 -35.065 11.5607
      vertex 13.535 -34.9211 10
      vertex 13.4716 -35.0611 11.5607
    endloop
  endfacet
  facet normal 0.892567 0.440127 0.0980389
    outer loop
      vertex -31.0185 -4.65771 11.5607
      vertex -30.1868 -5.99673 10
      vertex -30.8806 -4.58972 10
    endloop
  endfacet
  facet normal 0.892548 0.440178 0.097985
    outer loop
      vertex -30.1868 -5.99673 10
      vertex -31.0185 -4.65771 11.5607
      vertex -30.3246 -6.06473 11.5607
    endloop
  endfacet
  facet normal 0.445063 -0.890126 0.0979555
    outer loop
      vertex 11.2823 33.9004 10
      vertex 11.2188 34.0404 11.5607
      vertex 11.2098 34.0359 11.5607
    endloop
  endfacet
  facet normal 0.469105 -0.877684 0.0980363
    outer loop
      vertex 9.10089 32.7344 10
      vertex 11.2098 34.0359 11.5607
      vertex 9.02843 32.87 11.5607
    endloop
  endfacet
  facet normal 0.469132 -0.877675 0.0979925
    outer loop
      vertex 11.2098 34.0359 11.5607
      vertex 9.10089 32.7344 10
      vertex 11.2823 33.9004 10
    endloop
  endfacet
  facet normal 0.845859 0.524334 0.0979587
    outer loop
      vertex -30.3146 -6.08214 11.5607
      vertex -30.1868 -5.99673 10
      vertex -30.3199 -6.07359 11.5607
    endloop
  endfacet
  facet normal 0.980887 -0.168096 0.0980055
    outer loop
      vertex -31.6909 1.56551 10
      vertex -31.8417 1.59549 11.5607
      vertex -31.8434 1.58557 11.5607
    endloop
  endfacet
  facet normal 0.629491 0.770806 0.0979768
    outer loop
      vertex -27.1948 -9.63705 11.5607
      vertex -27.1012 -9.51511 10
      vertex -27.2026 -9.63068 11.5607
    endloop
  endfacet
  facet normal 0.92949 0.355597 0.0979713
    outer loop
      vertex -31.0226 -4.64854 11.5607
      vertex -30.8806 -4.58972 10
      vertex -31.0262 -4.63913 11.5607
    endloop
  endfacet
  facet normal 0.578629 -0.809686 0.0979642
    outer loop
      vertex -27.1012 9.51511 10
      vertex -27.1866 9.64291 11.5607
      vertex -27.1948 9.63705 11.5607
    endloop
  endfacet
  facet normal 0.410709 -0.906482 0.0980249
    outer loop
      vertex 11.2823 33.9004 10
      vertex 13.4716 35.0611 11.5607
      vertex 11.2188 34.0404 11.5607
    endloop
  endfacet
  facet normal 0.410725 -0.906477 0.0979988
    outer loop
      vertex 13.4716 35.0611 11.5607
      vertex 11.2823 33.9004 10
      vertex 13.535 34.9211 10
    endloop
  endfacet
  facet normal 0.748247 0.656138 0.0980309
    outer loop
      vertex -29.4307 -7.40253 11.5607
      vertex -28.2807 -8.48079 10
      vertex -29.3151 -7.30118 10
    endloop
  endfacet
  facet normal 0.748219 0.656177 0.0979835
    outer loop
      vertex -28.2807 -8.48079 10
      vertex -29.4307 -7.40253 11.5607
      vertex -28.3962 -8.58214 11.5607
    endloop
  endfacet
  facet normal 0.811825 0.575622 0.0979749
    outer loop
      vertex -29.4371 -7.39476 11.5607
      vertex -29.3151 -7.30118 10
      vertex -29.4429 -7.38658 11.5607
    endloop
  endfacet
  facet normal -0.986717 0.129569 0.0979844
    outer loop
      vertex 23.3517 -37.5132 11.5607
      vertex 23.353 -37.5033 11.5607
      vertex 23.2 -37.4882 10
    endloop
  endfacet
  facet normal -0.405101 -0.909008 0.0979683
    outer loop
      vertex 23.268 37.6261 11.5607
      vertex 23.2588 37.6302 11.5607
      vertex 23.2 37.4882 10
    endloop
  endfacet
  facet normal 0.994401 0.0395565 0.0979937
    outer loop
      vertex -31.9469 -0.0100555 11.5607
      vertex -31.7935 0 10
      vertex -31.9473 0 11.5607
    endloop
  endfacet
  facet normal 0.879152 -0.466367 0.0979433
    outer loop
      vertex -30.1868 5.99673 10
      vertex -30.3199 6.07359 11.5607
      vertex -30.3246 6.06473 11.5607
    endloop
  endfacet
  facet normal -0.952669 -0.287785 0.097985
    outer loop
      vertex 23.3485 37.528 11.5607
      vertex 23.3456 37.5376 11.5607
      vertex 23.2 37.4882 10
    endloop
  endfacet
  facet normal -0.296841 -0.94989 0.0979515
    outer loop
      vertex 23.2494 37.6337 11.5607
      vertex 23.2398 37.6367 11.5607
      vertex 23.2 37.4882 10
    endloop
  endfacet
  facet normal -0.812488 -0.574686 0.0979779
    outer loop
      vertex 23.3278 37.5736 11.5607
      vertex 23.322 37.5818 11.5607
      vertex 23.2 37.4882 10
    endloop
  endfacet
  facet normal -0.099025 -0.99025 0.0979718
    outer loop
      vertex 23.2201 37.6406 11.5607
      vertex 23.2101 37.6416 11.5607
      vertex 23.2 37.4882 10
    endloop
  endfacet
  facet normal 0.257657 -0.961258 0.097964
    outer loop
      vertex 18.217 36.5104 10
      vertex 18.1821 36.6601 11.5607
      vertex 18.1724 36.6575 11.5607
    endloop
  endfacet
  facet normal -0.257657 0.961258 0.097964
    outer loop
      vertex 23.2349 -37.6379 11.5607
      vertex 23.2446 -37.6353 11.5607
      vertex 23.2 -37.4882 10
    endloop
  endfacet
  facet normal 0.162106 0.98189 0.0980468
    outer loop
      vertex 20.626 -37.0721 10
      vertex 23.0413 -37.6267 11.5607
      vertex 23.0664 -37.475 10
    endloop
  endfacet
  facet normal 0.162106 0.98189 0.0980468
    outer loop
      vertex 23.0413 -37.6267 11.5607
      vertex 20.626 -37.0721 10
      vertex 20.6009 -37.2238 11.5607
    endloop
  endfacet
  facet normal -0.943122 0.317683 0.0979701
    outer loop
      vertex 23.3439 -37.5423 11.5607
      vertex 23.3471 -37.5328 11.5607
      vertex 23.2 -37.4882 10
    endloop
  endfacet
  facet normal 0.725106 -0.681639 0.0979265
    outer loop
      vertex -28.2807 8.48079 10
      vertex -28.3893 8.58948 11.5607
      vertex -28.3962 8.58214 11.5607
    endloop
  endfacet
  facet normal 0.92949 -0.355597 0.0979713
    outer loop
      vertex -30.8806 4.58972 10
      vertex -31.0226 4.64854 11.5607
      vertex -31.0262 4.63913 11.5607
    endloop
  endfacet
  facet normal 0.976067 0.194116 0.0980397
    outer loop
      vertex -31.8417 -1.59549 11.5607
      vertex -31.3849 -3.10416 10
      vertex -31.6909 -1.56551 10
    endloop
  endfacet
  facet normal 0.976061 0.194178 0.0979777
    outer loop
      vertex -31.3849 -3.10416 10
      vertex -31.8417 -1.59549 11.5607
      vertex -31.5356 -3.13414 11.5607
    endloop
  endfacet
  facet normal 0.971024 0.217985 0.0979487
    outer loop
      vertex -31.5334 -3.14394 11.5607
      vertex -31.3849 -3.10416 10
      vertex -31.5356 -3.13414 11.5607
    endloop
  endfacet
  facet normal 0.908514 0.406206 0.0979702
    outer loop
      vertex -31.0185 -4.65771 11.5607
      vertex -30.8806 -4.58972 10
      vertex -31.0226 -4.64854 11.5607
    endloop
  endfacet
  facet normal 0.656177 -0.748217 0.0979959
    outer loop
      vertex -28.2807 8.48079 10
      vertex -27.2026 9.63068 11.5607
      vertex -28.382 8.59636 11.5607
    endloop
  endfacet
  facet normal 0.656143 -0.748241 0.0980375
    outer loop
      vertex -27.2026 9.63068 11.5607
      vertex -28.2807 8.48079 10
      vertex -27.1012 9.51511 10
    endloop
  endfacet
  facet normal 0.288901 -0.952328 0.0980153
    outer loop
      vertex 15.8502 35.7924 10
      vertex 18.1724 36.6575 11.5607
      vertex 15.8056 35.9395 11.5607
    endloop
  endfacet
  facet normal 0.288901 -0.952328 0.0980153
    outer loop
      vertex 18.1724 36.6575 11.5607
      vertex 15.8502 35.7924 10
      vertex 18.217 36.5104 10
    endloop
  endfacet
  facet normal 0.768159 0.632717 0.0979849
    outer loop
      vertex -29.4307 -7.40253 11.5607
      vertex -29.3151 -7.30118 10
      vertex -29.4371 -7.39476 11.5607
    endloop
  endfacet
  facet normal -0.625314 -0.774199 0.0979716
    outer loop
      vertex 23.3014 37.6038 11.5607
      vertex 23.2936 37.6101 11.5607
      vertex 23.2 37.4882 10
    endloop
  endfacet
  facet normal -0.34726 -0.932641 0.0979393
    outer loop
      vertex 23.2588 37.6302 11.5607
      vertex 23.2494 37.6337 11.5607
      vertex 23.2 37.4882 10
    endloop
  endfacet
  facet normal -0.472406 -0.875919 0.097977
    outer loop
      vertex 23.2769 37.6213 11.5607
      vertex 23.268 37.6261 11.5607
      vertex 23.2 37.4882 10
    endloop
  endfacet
  facet normal -0.765339 -0.636126 0.0979771
    outer loop
      vertex 23.322 37.5818 11.5607
      vertex 23.3156 37.5895 11.5607
      vertex 23.2 37.4882 10
    endloop
  endfacet
  facet normal 0.314706 0.944119 0.097979
    outer loop
      vertex 15.8056 -35.9395 11.5607
      vertex 15.8502 -35.7924 10
      vertex 15.796 -35.9363 11.5607
    endloop
  endfacet
  facet normal 0.288901 0.952328 0.0980153
    outer loop
      vertex 15.8502 -35.7924 10
      vertex 18.1724 -36.6575 11.5607
      vertex 18.217 -36.5104 10
    endloop
  endfacet
  facet normal 0.288901 0.952328 0.0980153
    outer loop
      vertex 18.1724 -36.6575 11.5607
      vertex 15.8502 -35.7924 10
      vertex 15.8056 -35.9395 11.5607
    endloop
  endfacet
  facet normal 0.811825 -0.575622 0.0979749
    outer loop
      vertex -29.3151 7.30118 10
      vertex -29.4371 7.39476 11.5607
      vertex -29.4429 7.38658 11.5607
    endloop
  endfacet
  facet normal 0.892548 -0.440178 0.097985
    outer loop
      vertex -31.0185 4.65771 11.5607
      vertex -30.1868 5.99673 10
      vertex -30.3246 6.06473 11.5607
    endloop
  endfacet
  facet normal 0.892567 -0.440127 0.0980389
    outer loop
      vertex -30.1868 5.99673 10
      vertex -31.0185 4.65771 11.5607
      vertex -30.8806 4.58972 10
    endloop
  endfacet
  facet normal 0.748219 -0.656177 0.0979835
    outer loop
      vertex -29.4307 7.40253 11.5607
      vertex -28.2807 8.48079 10
      vertex -28.3962 8.58214 11.5607
    endloop
  endfacet
  facet normal 0.748247 -0.656138 0.0980309
    outer loop
      vertex -28.2807 8.48079 10
      vertex -29.4307 7.40253 11.5607
      vertex -29.3151 7.30118 10
    endloop
  endfacet
  facet normal 0.950066 -0.296278 0.0979501
    outer loop
      vertex -31.3849 3.10416 10
      vertex -31.5304 3.15356 11.5607
      vertex -31.5334 3.14394 11.5607
    endloop
  endfacet
  facet normal 0.994401 -0.0395565 0.0979937
    outer loop
      vertex -31.7935 0 10
      vertex -31.9469 0.0100555 11.5607
      vertex -31.9473 0 11.5607
    endloop
  endfacet
  facet normal 0.980887 0.168096 0.0980055
    outer loop
      vertex -31.8417 -1.59549 11.5607
      vertex -31.6909 -1.56551 10
      vertex -31.8434 -1.58557 11.5607
    endloop
  endfacet
  facet normal 0.94237 0.319904 0.0979805
    outer loop
      vertex -31.5304 -3.15356 11.5607
      vertex -30.8806 -4.58972 10
      vertex -31.3849 -3.10416 10
    endloop
  endfacet
  facet normal 0.942384 0.319844 0.0980423
    outer loop
      vertex -30.8806 -4.58972 10
      vertex -31.5304 -3.15356 11.5607
      vertex -31.0262 -4.63913 11.5607
    endloop
  endfacet
  facet normal -0.917759 0.384867 0.0979604
    outer loop
      vertex 23.34 -37.5516 11.5607
      vertex 23.3439 -37.5423 11.5607
      vertex 23.2 -37.4882 10
    endloop
  endfacet
  facet normal -0.873673 -0.476549 0.0979592
    outer loop
      vertex 23.3379 37.5562 11.5607
      vertex 23.3331 37.565 11.5607
      vertex 23.2 37.4882 10
    endloop
  endfacet
  facet normal -0.929365 -0.355927 0.0979677
    outer loop
      vertex 23.3456 37.5376 11.5607
      vertex 23.342 37.547 11.5607
      vertex 23.2 37.4882 10
    endloop
  endfacet
  facet normal -0.526556 -0.844477 0.0979638
    outer loop
      vertex 23.2854 37.616 11.5607
      vertex 23.2769 37.6213 11.5607
      vertex 23.2 37.4882 10
    endloop
  endfacet
  facet normal -0.68361 -0.72324 0.0979846
    outer loop
      vertex 23.3087 37.5969 11.5607
      vertex 23.3014 37.6038 11.5607
      vertex 23.2 37.4882 10
    endloop
  endfacet
  facet normal 0.350525 0.931407 0.0980508
    outer loop
      vertex 13.535 -34.9211 10
      vertex 15.796 -35.9363 11.5607
      vertex 15.8502 -35.7924 10
    endloop
  endfacet
  facet normal 0.350539 0.931404 0.0980285
    outer loop
      vertex 15.796 -35.9363 11.5607
      vertex 13.535 -34.9211 10
      vertex 13.4809 -35.065 11.5607
    endloop
  endfacet
  facet normal 0.845859 -0.524334 0.0979587
    outer loop
      vertex -30.1868 5.99673 10
      vertex -30.3146 6.08214 11.5607
      vertex -30.3199 6.07359 11.5607
    endloop
  endfacet
  facet normal 0.991188 -0.0891178 0.097997
    outer loop
      vertex -31.6909 1.56551 10
      vertex -31.8434 1.58557 11.5607
      vertex -31.8443 1.57556 11.5607
    endloop
  endfacet
  facet normal -0.884502 0.365338 0.290145
    outer loop
      vertex 23.7547 -37.7395 13.0615
      vertex 23.7699 -37.7027 13.0615
      vertex 23.34 -37.5516 11.5607
    endloop
  endfacet
  facet normal 0.697256 -0.655458 0.290188
    outer loop
      vertex -28.3962 8.58214 11.5607
      vertex -28.3893 8.58948 11.5607
      vertex -28.7113 8.91139 13.0615
    endloop
  endfacet
  facet normal 0.516688 -0.805448 0.290321
    outer loop
      vertex 6.85306 31.5176 11.5607
      vertex 6.60542 31.8997 13.0615
      vertex -25.9852 10.9931 13.0615
    endloop
  endfacet
  facet normal 0.719462 -0.630957 0.290289
    outer loop
      vertex -29.773 7.7027 13.0615
      vertex -28.3962 8.58214 11.5607
      vertex -28.7385 8.88231 13.0615
    endloop
  endfacet
  facet normal 0.719462 -0.630957 0.290289
    outer loop
      vertex -28.3962 8.58214 11.5607
      vertex -29.773 7.7027 13.0615
      vertex -29.4307 7.40253 11.5607
    endloop
  endfacet
  facet normal -0.829715 0.476848 0.290153
    outer loop
      vertex 23.7371 -37.7753 13.0615
      vertex 23.3356 -37.5607 11.5607
      vertex 23.3306 -37.5694 11.5607
    endloop
  endfacet
  facet normal 0.943221 -0.161641 0.290182
    outer loop
      vertex -31.8434 1.58557 11.5607
      vertex -31.8417 1.59549 11.5607
      vertex -32.2882 1.68431 13.0615
    endloop
  endfacet
  facet normal -0.938949 0.184908 0.290145
    outer loop
      vertex 23.7931 -37.6265 13.0615
      vertex 23.8008 -37.5874 13.0615
      vertex 23.3497 -37.5231 11.5607
    endloop
  endfacet
  facet normal 0.191365 0.937686 0.290042
    outer loop
      vertex 20.6009 -37.2238 11.5607
      vertex 20.5911 -37.2218 11.5607
      vertex 20.5268 -37.6729 13.0615
    endloop
  endfacet
  facet normal -0.924361 0.247767 0.290116
    outer loop
      vertex 23.7827 -37.665 13.0615
      vertex 23.3497 -37.5231 11.5607
      vertex 23.3471 -37.5328 11.5607
    endloop
  endfacet
  facet normal 0.653996 0.698652 0.290128
    outer loop
      vertex -28.6822 -8.93863 13.0615
      vertex -28.3894 -8.58948 11.5607
      vertex -28.7113 -8.91139 13.0615
    endloop
  endfacet
  facet normal 0.516696 0.805465 0.290263
    outer loop
      vertex 6.85306 -31.5176 11.5607
      vertex -25.7418 -10.6084 11.5607
      vertex -25.9852 -10.9931 13.0615
    endloop
  endfacet
  facet normal -0.285438 -0.9134 0.290215
    outer loop
      vertex 23.2494 37.6337 11.5607
      vertex 23.3958 38.0648 13.0615
      vertex 23.2398 37.6367 11.5607
    endloop
  endfacet
  facet normal -0.931708 -0.218519 0.290121
    outer loop
      vertex 23.7973 37.607 13.0615
      vertex 23.7882 37.6458 13.0615
      vertex 23.3485 37.528 11.5607
    endloop
  endfacet
  facet normal 0.155917 -0.944169 0.290232
    outer loop
      vertex 20.6009 37.2238 11.5607
      vertex 22.9672 38.0759 13.0615
      vertex 20.5268 37.6729 13.0615
    endloop
  endfacet
  facet normal 0.155877 -0.944158 0.290289
    outer loop
      vertex 22.9672 38.0759 13.0615
      vertex 20.6009 37.2238 11.5607
      vertex 23.0413 37.6267 11.5607
    endloop
  endfacet
  facet normal -0.944737 -0.152685 0.290101
    outer loop
      vertex 23.3524 37.5083 11.5607
      vertex 23.7973 37.607 13.0615
      vertex 23.3508 37.5182 11.5607
    endloop
  endfacet
  facet normal -0.956848 0.0144248 0.290232
    outer loop
      vertex 23.8087 -37.5081 13.0615
      vertex 23.809 -37.4882 13.0615
      vertex 23.3537 -37.4932 11.5607
    endloop
  endfacet
  facet normal 0.843869 0.451344 0.290129
    outer loop
      vertex -30.7141 -6.30122 13.0615
      vertex -30.3246 -6.06473 11.5607
      vertex -30.7329 -6.26607 13.0615
    endloop
  endfacet
  facet normal 0.427964 0.855928 0.290233
    outer loop
      vertex 11.2188 -34.0404 11.5607
      vertex 11.2098 -34.0359 11.5607
      vertex 10.9952 -34.4375 13.0615
    endloop
  endfacet
  facet normal 0.956485 -0.031222 0.290107
    outer loop
      vertex -31.9473 0 11.5607
      vertex -32.4012 0.0398254 13.0615
      vertex -32.4025 0 13.0615
    endloop
  endfacet
  facet normal -0.956934 0 0.290306
    outer loop
      vertex 23.3537 -37.4882 11.5607
      vertex 23.809 37.4882 13.0615
      vertex 23.3537 37.4882 11.5607
    endloop
  endfacet
  facet normal -0.956934 0 0.290306
    outer loop
      vertex 23.809 37.4882 13.0615
      vertex 23.3537 -37.4882 11.5607
      vertex 23.809 -37.4882 13.0615
    endloop
  endfacet
  facet normal 0.52301 0.801387 0.290241
    outer loop
      vertex -25.9852 -10.9931 13.0615
      vertex -25.7418 -10.6084 11.5607
      vertex -25.9947 -10.9869 13.0615
    endloop
  endfacet
  facet normal -0.740674 -0.606006 0.2901
    outer loop
      vertex 23.6831 37.8589 13.0615
      vertex 23.6579 37.8897 13.0615
      vertex 23.322 37.5818 11.5607
    endloop
  endfacet
  facet normal 0.956485 0.031222 0.290107
    outer loop
      vertex -32.4012 -0.0398254 13.0615
      vertex -31.9473 0 11.5607
      vertex -32.4025 0 13.0615
    endloop
  endfacet
  facet normal 0.427964 -0.855928 0.290233
    outer loop
      vertex 11.2098 34.0359 11.5607
      vertex 11.2188 34.0404 11.5607
      vertex 10.9952 34.4375 13.0615
    endloop
  endfacet
  facet normal -0.916102 -0.276739 0.290124
    outer loop
      vertex 23.3485 37.528 11.5607
      vertex 23.7767 37.6839 13.0615
      vertex 23.3456 37.5376 11.5607
    endloop
  endfacet
  facet normal -0.916166 -0.276533 0.290121
    outer loop
      vertex 23.7882 37.6458 13.0615
      vertex 23.7767 37.6839 13.0615
      vertex 23.3485 37.528 11.5607
    endloop
  endfacet
  facet normal 0.394925 -0.871644 0.290296
    outer loop
      vertex 11.2188 34.0404 11.5607
      vertex 13.2837 35.4758 13.0615
      vertex 11.0309 34.4551 13.0615
    endloop
  endfacet
  facet normal 0.394925 -0.871644 0.290296
    outer loop
      vertex 13.2837 35.4758 13.0615
      vertex 11.2188 34.0404 11.5607
      vertex 13.4716 35.0611 11.5607
    endloop
  endfacet
  facet normal 0.184908 -0.938949 0.290145
    outer loop
      vertex 20.5911 37.2218 11.5607
      vertex 20.5268 37.6729 13.0615
      vertex 20.4877 37.6652 13.0615
    endloop
  endfacet
  facet normal 0.605329 -0.741219 0.290123
    outer loop
      vertex -27.2026 9.63068 11.5607
      vertex -27.1948 9.63705 11.5607
      vertex -27.5028 9.97295 13.0615
    endloop
  endfacet
  facet normal 0.307668 -0.906178 0.29014
    outer loop
      vertex 15.796 35.9363 11.5607
      vertex 15.6734 36.3752 13.0615
      vertex 15.6357 36.3624 13.0615
    endloop
  endfacet
  facet normal 0.217297 0.931936 0.290305
    outer loop
      vertex 18.1821 -36.6601 11.5607
      vertex 20.4877 -37.6652 13.0615
      vertex 20.5911 -37.2218 11.5607
    endloop
  endfacet
  facet normal 0.217307 0.931938 0.290291
    outer loop
      vertex 20.4877 -37.6652 13.0615
      vertex 18.1821 -36.6601 11.5607
      vertex 18.0788 -37.1035 13.0615
    endloop
  endfacet
  facet normal 0.516688 0.805448 0.290321
    outer loop
      vertex 6.60542 -31.8997 13.0615
      vertex 6.85306 -31.5176 11.5607
      vertex -25.9852 -10.9931 13.0615
    endloop
  endfacet
  facet normal 0.780642 -0.553511 0.290212
    outer loop
      vertex -29.4429 7.38658 11.5607
      vertex -29.4371 7.39476 11.5607
      vertex -29.8215 7.63951 13.0615
    endloop
  endfacet
  facet normal 0.505159 0.812745 0.290277
    outer loop
      vertex 6.61266 -31.9042 13.0615
      vertex 6.85306 -31.5176 11.5607
      vertex 6.60542 -31.8997 13.0615
    endloop
  endfacet
  facet normal -0.956467 -0.0312414 0.290165
    outer loop
      vertex 23.809 37.4882 13.0615
      vertex 23.8077 37.528 13.0615
      vertex 23.3537 37.4882 11.5607
    endloop
  endfacet
  facet normal 0.423159 -0.858339 0.290155
    outer loop
      vertex 11.2188 34.0404 11.5607
      vertex 11.0309 34.4551 13.0615
      vertex 10.9952 34.4375 13.0615
    endloop
  endfacet
  facet normal -0.923869 0.249565 0.290144
    outer loop
      vertex 23.7827 -37.665 13.0615
      vertex 23.7931 -37.6265 13.0615
      vertex 23.3497 -37.5231 11.5607
    endloop
  endfacet
  facet normal 0.191365 -0.937686 0.290042
    outer loop
      vertex 20.5911 37.2218 11.5607
      vertex 20.6009 37.2238 11.5607
      vertex 20.5268 37.6729 13.0615
    endloop
  endfacet
  facet normal -0.948811 0.124907 0.290098
    outer loop
      vertex 23.8008 -37.5874 13.0615
      vertex 23.806 -37.5479 13.0615
      vertex 23.3517 -37.5132 11.5607
    endloop
  endfacet
  facet normal 0.531666 -0.795654 0.290284
    outer loop
      vertex -27.1866 9.64291 11.5607
      vertex -25.9947 10.9869 13.0615
      vertex -27.4396 10.0214 13.0615
    endloop
  endfacet
  facet normal 0.531692 -0.795647 0.290257
    outer loop
      vertex -25.9947 10.9869 13.0615
      vertex -27.1866 9.64291 11.5607
      vertex -25.7418 10.6084 11.5607
    endloop
  endfacet
  facet normal -0.722564 0.62749 0.2901
    outer loop
      vertex 23.6445 -37.9045 13.0615
      vertex 23.3188 -37.5857 11.5607
      vertex 23.3122 -37.5933 11.5607
    endloop
  endfacet
  facet normal -0.956558 -0.0286968 0.290125
    outer loop
      vertex 23.3537 37.4882 11.5607
      vertex 23.8077 37.528 13.0615
      vertex 23.3534 37.4982 11.5607
    endloop
  endfacet
  facet normal 0.531692 0.795647 0.290257
    outer loop
      vertex -27.1866 -9.64291 11.5607
      vertex -25.9947 -10.9869 13.0615
      vertex -25.7418 -10.6084 11.5607
    endloop
  endfacet
  facet normal 0.531666 0.795654 0.290284
    outer loop
      vertex -25.9947 -10.9869 13.0615
      vertex -27.1866 -9.64291 11.5607
      vertex -27.4396 -10.0214 13.0615
    endloop
  endfacet
  facet normal -0.954798 0.0647728 0.290111
    outer loop
      vertex 23.806 -37.5479 13.0615
      vertex 23.8087 -37.5081 13.0615
      vertex 23.3537 -37.4932 11.5607
    endloop
  endfacet
  facet normal 0.95489 0.0625815 0.290291
    outer loop
      vertex -32.4012 -0.0398254 13.0615
      vertex -31.8443 -1.57556 11.5607
      vertex -31.9469 -0.0100555 11.5607
    endloop
  endfacet
  facet normal 0.95489 0.0625815 0.290291
    outer loop
      vertex -31.8443 -1.57556 11.5607
      vertex -32.4012 -0.0398254 13.0615
      vertex -32.2986 -1.60533 13.0615
    endloop
  endfacet
  facet normal 0.337093 -0.895614 0.290246
    outer loop
      vertex 13.4809 35.065 11.5607
      vertex 15.6357 36.3624 13.0615
      vertex 13.3205 35.491 13.0615
    endloop
  endfacet
  facet normal 0.337069 -0.895613 0.29028
    outer loop
      vertex 15.6357 36.3624 13.0615
      vertex 13.4809 35.065 11.5607
      vertex 15.796 35.9363 11.5607
    endloop
  endfacet
  facet normal 0.365338 -0.884502 0.290145
    outer loop
      vertex 13.4716 35.0611 11.5607
      vertex 13.3205 35.491 13.0615
      vertex 13.2837 35.4758 13.0615
    endloop
  endfacet
  facet normal 0.124905 -0.948795 0.290148
    outer loop
      vertex 23.0413 37.6267 11.5607
      vertex 23.0067 38.0811 13.0615
      vertex 22.9672 38.0759 13.0615
    endloop
  endfacet
  facet normal 0.893822 0.341951 0.290088
    outer loop
      vertex -31.0226 -4.64854 11.5607
      vertex -31.0262 -4.63913 11.5607
      vertex -31.4573 -4.78546 13.0615
    endloop
  endfacet
  facet normal -0.795902 0.531403 0.290089
    outer loop
      vertex 23.695 -37.8429 13.0615
      vertex 23.7171 -37.8098 13.0615
      vertex 23.3306 -37.5694 11.5607
    endloop
  endfacet
  facet normal -0.956934 0 0.290306
    outer loop
      vertex 23.809 -37.4882 13.0615
      vertex 23.3537 -37.4882 11.5607
      vertex 23.3537 -37.4932 11.5607
    endloop
  endfacet
  facet normal -0.872117 -0.394014 0.290112
    outer loop
      vertex 23.7626 37.7212 13.0615
      vertex 23.7462 37.7575 13.0615
      vertex 23.3379 37.5562 11.5607
    endloop
  endfacet
  facet normal -0.938054 0.189506 0.290073
    outer loop
      vertex 23.8008 -37.5874 13.0615
      vertex 23.3517 -37.5132 11.5607
      vertex 23.3497 -37.5231 11.5607
    endloop
  endfacet
  facet normal -0.861579 0.416588 0.290061
    outer loop
      vertex 23.7371 -37.7753 13.0615
      vertex 23.34 -37.5516 11.5607
      vertex 23.3356 -37.5607 11.5607
    endloop
  endfacet
  facet normal -0.893704 -0.342269 0.290078
    outer loop
      vertex 23.3456 37.5376 11.5607
      vertex 23.7767 37.6839 13.0615
      vertex 23.342 37.547 11.5607
    endloop
  endfacet
  facet normal -0.874099 -0.389544 0.290182
    outer loop
      vertex 23.342 37.547 11.5607
      vertex 23.7626 37.7212 13.0615
      vertex 23.3379 37.5562 11.5607
    endloop
  endfacet
  facet normal -0.906933 0.305493 0.290082
    outer loop
      vertex 23.7699 -37.7027 13.0615
      vertex 23.3471 -37.5328 11.5607
      vertex 23.3439 -37.5423 11.5607
    endloop
  endfacet
  facet normal 0.913573 0.284898 0.290201
    outer loop
      vertex -31.5304 -3.15356 11.5607
      vertex -31.5334 -3.14394 11.5607
      vertex -31.9615 -3.2999 13.0615
    endloop
  endfacet
  facet normal 0.505328 0.812639 0.290277
    outer loop
      vertex 6.85306 -31.5176 11.5607
      vertex 8.77931 -33.2515 13.0615
      vertex 9.01971 -32.8649 11.5607
    endloop
  endfacet
  facet normal 0.505328 0.812639 0.290277
    outer loop
      vertex 8.77931 -33.2515 13.0615
      vertex 6.85306 -31.5176 11.5607
      vertex 6.61266 -31.9042 13.0615
    endloop
  endfacet
  facet normal 0.307668 0.906178 0.29014
    outer loop
      vertex 15.6734 -36.3752 13.0615
      vertex 15.796 -35.9363 11.5607
      vertex 15.6357 -36.3624 13.0615
    endloop
  endfacet
  facet normal 0.184908 0.938949 0.290145
    outer loop
      vertex 20.5268 -37.6729 13.0615
      vertex 20.5911 -37.2218 11.5607
      vertex 20.4877 -37.6652 13.0615
    endloop
  endfacet
  facet normal 0.915584 -0.278468 0.290106
    outer loop
      vertex -31.5334 3.14394 11.5607
      vertex -31.9615 3.2999 13.0615
      vertex -31.9731 3.26176 13.0615
    endloop
  endfacet
  facet normal -0.396915 -0.870808 0.290087
    outer loop
      vertex 23.4693 38.0343 13.0615
      vertex 23.4331 38.0508 13.0615
      vertex 23.268 37.6261 11.5607
    endloop
  endfacet
  facet normal -0.531395 0.795891 0.290133
    outer loop
      vertex 23.5216 -38.0053 13.0615
      vertex 23.5547 -37.9832 13.0615
      vertex 23.2896 -37.6131 11.5607
    endloop
  endfacet
  facet normal 0.0814531 -0.953481 0.290241
    outer loop
      vertex 23.19 37.6416 11.5607
      vertex 23.1602 38.0959 13.0615
      vertex 23.1403 38.0942 13.0615
    endloop
  endfacet
  facet normal 0.365338 0.884502 0.290145
    outer loop
      vertex 13.3205 -35.491 13.0615
      vertex 13.4716 -35.0611 11.5607
      vertex 13.2837 -35.4758 13.0615
    endloop
  endfacet
  facet normal 0 0.956987 0.290131
    outer loop
      vertex 23.205 -37.6418 11.5607
      vertex 23.1801 -38.0968 13.0615
      vertex 23.2199 -38.0968 13.0615
    endloop
  endfacet
  facet normal 0 0.956987 0.290131
    outer loop
      vertex 23.1801 -38.0968 13.0615
      vertex 23.205 -37.6418 11.5607
      vertex 23.195 -37.6418 11.5607
    endloop
  endfacet
  facet normal 0.81321 -0.504503 0.290115
    outer loop
      vertex -30.3146 6.08214 11.5607
      vertex -30.6931 6.33507 13.0615
      vertex -30.7141 6.30122 13.0615
    endloop
  endfacet
  facet normal -0.216242 -0.932245 0.2901
    outer loop
      vertex 23.3576 38.0764 13.0615
      vertex 23.3188 38.0854 13.0615
      vertex 23.2398 37.6367 11.5607
    endloop
  endfacet
  facet normal 0.277798 0.915727 0.290298
    outer loop
      vertex 15.8056 -35.9395 11.5607
      vertex 18.0403 -37.0932 13.0615
      vertex 18.1724 -36.6575 11.5607
    endloop
  endfacet
  facet normal 0.277786 0.915725 0.290315
    outer loop
      vertex 18.0403 -37.0932 13.0615
      vertex 15.8056 -35.9395 11.5607
      vertex 15.6734 -36.3752 13.0615
    endloop
  endfacet
  facet normal 0.956209 0.0380372 0.290204
    outer loop
      vertex -31.9469 -0.0100555 11.5607
      vertex -31.9473 0 11.5607
      vertex -32.4012 -0.0398254 13.0615
    endloop
  endfacet
  facet normal 0.217307 -0.931938 0.290291
    outer loop
      vertex 18.1821 36.6601 11.5607
      vertex 20.4877 37.6652 13.0615
      vertex 18.0788 37.1035 13.0615
    endloop
  endfacet
  facet normal 0.217297 -0.931936 0.290305
    outer loop
      vertex 20.4877 37.6652 13.0615
      vertex 18.1821 36.6601 11.5607
      vertex 20.5911 37.2218 11.5607
    endloop
  endfacet
  facet normal -0.483958 0.825576 0.290186
    outer loop
      vertex 23.5216 -38.0053 13.0615
      vertex 23.2812 -37.6187 11.5607
      vertex 23.2725 -37.6238 11.5607
    endloop
  endfacet
  facet normal 0.795643 0.531693 0.290267
    outer loop
      vertex -30.6931 -6.33507 13.0615
      vertex -29.4429 -7.38658 11.5607
      vertex -30.3146 -6.08214 11.5607
    endloop
  endfacet
  facet normal 0.795659 0.531643 0.290315
    outer loop
      vertex -29.4429 -7.38658 11.5607
      vertex -30.6931 -6.33507 13.0615
      vertex -29.8215 -7.63951 13.0615
    endloop
  endfacet
  facet normal -0.758619 0.583368 0.290135
    outer loop
      vertex 23.6707 -37.8745 13.0615
      vertex 23.695 -37.8429 13.0615
      vertex 23.3188 -37.5857 11.5607
    endloop
  endfacet
  facet normal 0.956209 -0.0380372 0.290204
    outer loop
      vertex -31.9473 0 11.5607
      vertex -31.9469 0.0100555 11.5607
      vertex -32.4012 0.0398254 13.0615
    endloop
  endfacet
  facet normal 0.952402 0.0936553 0.290101
    outer loop
      vertex -32.2947 -1.64499 13.0615
      vertex -31.8434 -1.58557 11.5607
      vertex -32.2986 -1.60533 13.0615
    endloop
  endfacet
  facet normal 0.124905 0.948795 0.290148
    outer loop
      vertex 23.0067 -38.0811 13.0615
      vertex 23.0413 -37.6267 11.5607
      vertex 22.9672 -38.0759 13.0615
    endloop
  endfacet
  facet normal 0.70201 0.650363 0.29019
    outer loop
      vertex -28.3894 -8.58948 11.5607
      vertex -28.3962 -8.58214 11.5607
      vertex -28.7385 -8.88231 13.0615
    endloop
  endfacet
  facet normal 0.895188 -0.338305 0.290151
    outer loop
      vertex -31.0226 4.64854 11.5607
      vertex -31.4432 4.82277 13.0615
      vertex -31.4573 4.78546 13.0615
    endloop
  endfacet
  facet normal -0.844137 -0.450846 0.290123
    outer loop
      vertex 23.7462 37.7575 13.0615
      vertex 23.7274 37.7927 13.0615
      vertex 23.3379 37.5562 11.5607
    endloop
  endfacet
  facet normal -0.94885 0.124596 0.290103
    outer loop
      vertex 23.806 -37.5479 13.0615
      vertex 23.353 -37.5033 11.5607
      vertex 23.3517 -37.5132 11.5607
    endloop
  endfacet
  facet normal 0.516696 -0.805465 0.290263
    outer loop
      vertex -25.7418 10.6084 11.5607
      vertex 6.85306 31.5176 11.5607
      vertex -25.9852 10.9931 13.0615
    endloop
  endfacet
  facet normal -0.15616 -0.94417 0.290098
    outer loop
      vertex 23.3188 38.0854 13.0615
      vertex 23.2795 38.0919 13.0615
      vertex 23.2201 37.6406 11.5607
    endloop
  endfacet
  facet normal -0.944153 -0.156158 0.290156
    outer loop
      vertex 23.8038 37.5677 13.0615
      vertex 23.7973 37.607 13.0615
      vertex 23.3524 37.5083 11.5607
    endloop
  endfacet
  facet normal -0.952394 -0.0935602 0.290157
    outer loop
      vertex 23.8077 37.528 13.0615
      vertex 23.8038 37.5677 13.0615
      vertex 23.3524 37.5083 11.5607
    endloop
  endfacet
  facet normal 0.943221 0.161641 0.290182
    outer loop
      vertex -31.8417 -1.59549 11.5607
      vertex -31.8434 -1.58557 11.5607
      vertex -32.2882 -1.68431 13.0615
    endloop
  endfacet
  facet normal 0.302618 -0.907853 0.290217
    outer loop
      vertex 15.796 35.9363 11.5607
      vertex 15.8056 35.9395 11.5607
      vertex 15.6734 36.3752 13.0615
    endloop
  endfacet
  facet normal 0.556666 0.778419 0.29015
    outer loop
      vertex -27.4396 -10.0214 13.0615
      vertex -27.1948 -9.63705 11.5607
      vertex -27.472 -9.99823 13.0615
    endloop
  endfacet
  facet normal 0.451109 -0.843942 0.290279
    outer loop
      vertex 9.02843 32.87 11.5607
      vertex 10.9952 34.4375 13.0615
      vertex 8.81383 33.2715 13.0615
    endloop
  endfacet
  facet normal 0.451072 -0.843944 0.290331
    outer loop
      vertex 10.9952 34.4375 13.0615
      vertex 9.02843 32.87 11.5607
      vertex 11.2098 34.0359 11.5607
    endloop
  endfacet
  facet normal -0.882547 0.3701 0.290065
    outer loop
      vertex 23.7699 -37.7027 13.0615
      vertex 23.3439 -37.5423 11.5607
      vertex 23.34 -37.5516 11.5607
    endloop
  endfacet
  facet normal -0.931676 -0.218659 0.290119
    outer loop
      vertex 23.3508 37.5182 11.5607
      vertex 23.7973 37.607 13.0615
      vertex 23.3485 37.528 11.5607
    endloop
  endfacet
  facet normal 0.0567523 0.95533 0.290042
    outer loop
      vertex 23.195 -37.6418 11.5607
      vertex 23.1849 -37.6412 11.5607
      vertex 23.1403 -38.0942 13.0615
    endloop
  endfacet
  facet normal 0.780642 0.553511 0.290212
    outer loop
      vertex -29.4371 -7.39476 11.5607
      vertex -29.4429 -7.38658 11.5607
      vertex -29.8215 -7.63951 13.0615
    endloop
  endfacet
  facet normal 0.52301 -0.801387 0.290241
    outer loop
      vertex -25.7418 10.6084 11.5607
      vertex -25.9852 10.9931 13.0615
      vertex -25.9947 10.9869 13.0615
    endloop
  endfacet
  facet normal -0.720798 0.629497 0.290144
    outer loop
      vertex 23.6445 -37.9045 13.0615
      vertex 23.6707 -37.8745 13.0615
      vertex 23.3188 -37.5857 11.5607
    endloop
  endfacet
  facet normal 0.277786 -0.915725 0.290315
    outer loop
      vertex 15.8056 35.9395 11.5607
      vertex 18.0403 37.0932 13.0615
      vertex 15.6734 36.3752 13.0615
    endloop
  endfacet
  facet normal 0.277798 -0.915727 0.290298
    outer loop
      vertex 18.0403 37.0932 13.0615
      vertex 15.8056 35.9395 11.5607
      vertex 18.1724 36.6575 11.5607
    endloop
  endfacet
  facet normal 0.719462 0.630957 0.290289
    outer loop
      vertex -29.773 -7.7027 13.0615
      vertex -28.3962 -8.58214 11.5607
      vertex -29.4307 -7.40253 11.5607
    endloop
  endfacet
  facet normal 0.719462 0.630957 0.290289
    outer loop
      vertex -28.3962 -8.58214 11.5607
      vertex -29.773 -7.7027 13.0615
      vertex -28.7385 -8.88231 13.0615
    endloop
  endfacet
  facet normal -0.781291 -0.552621 0.290163
    outer loop
      vertex 23.3278 37.5736 11.5607
      vertex 23.7063 37.8265 13.0615
      vertex 23.322 37.5818 11.5607
    endloop
  endfacet
  facet normal -0.906185 0.30767 0.290117
    outer loop
      vertex 23.7699 -37.7027 13.0615
      vertex 23.7827 -37.665 13.0615
      vertex 23.3471 -37.5328 11.5607
    endloop
  endfacet
  facet normal -0.858805 0.422206 0.290165
    outer loop
      vertex 23.7371 -37.7753 13.0615
      vertex 23.7547 -37.7395 13.0615
      vertex 23.34 -37.5516 11.5607
    endloop
  endfacet
  facet normal 0.479747 0.828044 0.290147
    outer loop
      vertex 8.81383 -33.2715 13.0615
      vertex 9.01971 -32.8649 11.5607
      vertex 8.77931 -33.2515 13.0615
    endloop
  endfacet
  facet normal 0.556413 0.778598 0.290155
    outer loop
      vertex -27.1866 -9.64291 11.5607
      vertex -27.1948 -9.63705 11.5607
      vertex -27.4396 -10.0214 13.0615
    endloop
  endfacet
  facet normal 0.3701 0.882547 0.290065
    outer loop
      vertex 13.4809 -35.065 11.5607
      vertex 13.4716 -35.0611 11.5607
      vertex 13.3205 -35.491 13.0615
    endloop
  endfacet
  facet normal 0.479747 -0.828044 0.290147
    outer loop
      vertex 9.01971 32.8649 11.5607
      vertex 8.81383 33.2715 13.0615
      vertex 8.77931 33.2515 13.0615
    endloop
  endfacet
  facet normal 0.698908 0.653724 0.290125
    outer loop
      vertex -28.7113 -8.91139 13.0615
      vertex -28.3894 -8.58948 11.5607
      vertex -28.7385 -8.88231 13.0615
    endloop
  endfacet
  facet normal 0.155877 0.944158 0.290289
    outer loop
      vertex 20.6009 -37.2238 11.5607
      vertex 22.9672 -38.0759 13.0615
      vertex 23.0413 -37.6267 11.5607
    endloop
  endfacet
  facet normal 0.155917 0.944169 0.290232
    outer loop
      vertex 22.9672 -38.0759 13.0615
      vertex 20.6009 -37.2238 11.5607
      vertex 20.5268 -37.6729 13.0615
    endloop
  endfacet
  facet normal 0.483147 -0.826087 0.290084
    outer loop
      vertex 9.01971 32.8649 11.5607
      vertex 9.02843 32.87 11.5607
      vertex 8.81383 33.2715 13.0615
    endloop
  endfacet
  facet normal 0.247325 0.924469 0.290151
    outer loop
      vertex 18.0788 -37.1035 13.0615
      vertex 18.1821 -36.6601 11.5607
      vertex 18.0403 -37.0932 13.0615
    endloop
  endfacet
  facet normal -0.827936 0.479963 0.290099
    outer loop
      vertex 23.7171 -37.8098 13.0615
      vertex 23.7371 -37.7753 13.0615
      vertex 23.3306 -37.5694 11.5607
    endloop
  endfacet
  facet normal 0.698902 -0.653718 0.290152
    outer loop
      vertex -28.3962 8.58214 11.5607
      vertex -28.7113 8.91139 13.0615
      vertex -28.7385 8.88231 13.0615
    endloop
  endfacet
  facet normal -0.89516 -0.338385 0.290146
    outer loop
      vertex 23.7767 37.6839 13.0615
      vertex 23.7626 37.7212 13.0615
      vertex 23.342 37.547 11.5607
    endloop
  endfacet
  facet normal -0.18491 0.938961 0.290105
    outer loop
      vertex 23.2992 -38.089 13.0615
      vertex 23.3383 -38.0813 13.0615
      vertex 23.2251 -37.6399 11.5607
    endloop
  endfacet
  facet normal -0.62749 0.722564 0.2901
    outer loop
      vertex 23.6163 -37.9327 13.0615
      vertex 23.3051 -37.6004 11.5607
      vertex 23.2975 -37.607 11.5607
    endloop
  endfacet
  facet normal 0.93855 -0.186716 0.290276
    outer loop
      vertex -32.2882 1.68431 13.0615
      vertex -31.5356 3.13414 11.5607
      vertex -31.9821 3.22296 13.0615
    endloop
  endfacet
  facet normal 0.93855 -0.186716 0.290276
    outer loop
      vertex -31.5356 3.13414 11.5607
      vertex -32.2882 1.68431 13.0615
      vertex -31.8417 1.59549 11.5607
    endloop
  endfacet
  facet normal 0.845416 -0.448471 0.290078
    outer loop
      vertex -30.3246 6.06473 11.5607
      vertex -30.3199 6.07359 11.5607
      vertex -30.7141 6.30122 13.0615
    endloop
  endfacet
  facet normal 0.607145 -0.739718 0.29016
    outer loop
      vertex -27.1948 9.63705 11.5607
      vertex -27.472 9.99823 13.0615
      vertex -27.5028 9.97295 13.0615
    endloop
  endfacet
  facet normal -0.952326 -0.0942897 0.290146
    outer loop
      vertex 23.3534 37.4982 11.5607
      vertex 23.8077 37.528 13.0615
      vertex 23.3524 37.5083 11.5607
    endloop
  endfacet
  facet normal 0.505328 -0.812639 0.290277
    outer loop
      vertex 6.85306 31.5176 11.5607
      vertex 8.77931 33.2515 13.0615
      vertex 6.61266 31.9042 13.0615
    endloop
  endfacet
  facet normal 0.505328 -0.812639 0.290277
    outer loop
      vertex 8.77931 33.2515 13.0615
      vertex 6.85306 31.5176 11.5607
      vertex 9.01971 32.8649 11.5607
    endloop
  endfacet
  facet normal 0.556666 -0.778419 0.29015
    outer loop
      vertex -27.1948 9.63705 11.5607
      vertex -27.4396 10.0214 13.0615
      vertex -27.472 9.99823 13.0615
    endloop
  endfacet
  facet normal 0.0312414 -0.956467 0.290165
    outer loop
      vertex 23.2 37.6419 11.5607
      vertex 23.2 38.0972 13.0615
      vertex 23.1602 38.0959 13.0615
    endloop
  endfacet
  facet normal 0.505159 -0.812745 0.290277
    outer loop
      vertex 6.85306 31.5176 11.5607
      vertex 6.61266 31.9042 13.0615
      vertex 6.60542 31.8997 13.0615
    endloop
  endfacet
  facet normal 0.630959 0.719461 0.290288
    outer loop
      vertex -28.382 -8.59636 11.5607
      vertex -27.5028 -9.97295 13.0615
      vertex -27.2026 -9.63068 11.5607
    endloop
  endfacet
  facet normal 0.630959 0.719461 0.290288
    outer loop
      vertex -27.5028 -9.97295 13.0615
      vertex -28.382 -8.59636 11.5607
      vertex -28.6822 -8.93863 13.0615
    endloop
  endfacet
  facet normal 0.952402 -0.0936553 0.290101
    outer loop
      vertex -31.8434 1.58557 11.5607
      vertex -32.2947 1.64499 13.0615
      vertex -32.2986 1.60533 13.0615
    endloop
  endfacet
  facet normal 0.630959 -0.719461 0.290288
    outer loop
      vertex -28.382 8.59636 11.5607
      vertex -27.5028 9.97295 13.0615
      vertex -28.6822 8.93863 13.0615
    endloop
  endfacet
  facet normal 0.630959 -0.719461 0.290288
    outer loop
      vertex -27.5028 9.97295 13.0615
      vertex -28.382 8.59636 11.5607
      vertex -27.2026 9.63068 11.5607
    endloop
  endfacet
  facet normal 0.953117 0.0856949 0.290213
    outer loop
      vertex -31.8434 -1.58557 11.5607
      vertex -31.8443 -1.57556 11.5607
      vertex -32.2986 -1.60533 13.0615
    endloop
  endfacet
  facet normal -0.607438 -0.73949 0.290128
    outer loop
      vertex 23.6015 37.946 13.0615
      vertex 23.5707 37.9713 13.0615
      vertex 23.2936 37.6101 11.5607
    endloop
  endfacet
  facet normal -0.793302 0.53524 0.290157
    outer loop
      vertex 23.695 -37.8429 13.0615
      vertex 23.3306 -37.5694 11.5607
      vertex 23.325 -37.5777 11.5607
    endloop
  endfacet
  facet normal 0.247764 -0.924349 0.290158
    outer loop
      vertex 18.1724 36.6575 11.5607
      vertex 18.1821 36.6601 11.5607
      vertex 18.0403 37.0932 13.0615
    endloop
  endfacet
  facet normal 0.913573 -0.284898 0.290201
    outer loop
      vertex -31.5334 3.14394 11.5607
      vertex -31.5304 3.15356 11.5607
      vertex -31.9615 3.2999 13.0615
    endloop
  endfacet
  facet normal 0.95489 -0.0625815 0.290291
    outer loop
      vertex -32.4012 0.0398254 13.0615
      vertex -31.8443 1.57556 11.5607
      vertex -32.2986 1.60533 13.0615
    endloop
  endfacet
  facet normal 0.95489 -0.0625815 0.290291
    outer loop
      vertex -31.8443 1.57556 11.5607
      vertex -32.4012 0.0398254 13.0615
      vertex -31.9469 0.0100555 11.5607
    endloop
  endfacet
  facet normal -0.75643 0.586233 0.290077
    outer loop
      vertex 23.695 -37.8429 13.0615
      vertex 23.325 -37.5777 11.5607
      vertex 23.3188 -37.5857 11.5607
    endloop
  endfacet
  facet normal 0.656347 -0.696415 0.290196
    outer loop
      vertex -28.3893 8.58948 11.5607
      vertex -28.382 8.59636 11.5607
      vertex -28.7113 8.91139 13.0615
    endloop
  endfacet
  facet normal 0.556413 -0.778598 0.290155
    outer loop
      vertex -27.1948 9.63705 11.5607
      vertex -27.1866 9.64291 11.5607
      vertex -27.4396 10.0214 13.0615
    endloop
  endfacet
  facet normal 0.872032 -0.394193 0.290124
    outer loop
      vertex -31.0185 4.65771 11.5607
      vertex -31.4268 4.85905 13.0615
      vertex -31.4432 4.82277 13.0615
    endloop
  endfacet
  facet normal 0.933728 0.209612 0.290197
    outer loop
      vertex -31.5334 -3.14394 11.5607
      vertex -31.5356 -3.13414 11.5607
      vertex -31.9821 -3.22296 13.0615
    endloop
  endfacet
  facet normal -0.0623844 0.954961 0.290098
    outer loop
      vertex 23.2199 -38.0968 13.0615
      vertex 23.2597 -38.0942 13.0615
      vertex 23.2151 -37.6412 11.5607
    endloop
  endfacet
  facet normal 0.247764 0.924349 0.290158
    outer loop
      vertex 18.1821 -36.6601 11.5607
      vertex 18.1724 -36.6575 11.5607
      vertex 18.0403 -37.0932 13.0615
    endloop
  endfacet
  facet normal -0.416568 0.861538 0.290214
    outer loop
      vertex 23.4513 -38.0429 13.0615
      vertex 23.2725 -37.6238 11.5607
      vertex 23.2634 -37.6282 11.5607
    endloop
  endfacet
  facet normal -0.954697 0.0661671 0.290131
    outer loop
      vertex 23.806 -37.5479 13.0615
      vertex 23.3537 -37.4932 11.5607
      vertex 23.353 -37.5033 11.5607
    endloop
  endfacet
  facet normal 0.953117 -0.0856949 0.290213
    outer loop
      vertex -31.8443 1.57556 11.5607
      vertex -31.8434 1.58557 11.5607
      vertex -32.2986 1.60533 13.0615
    endloop
  endfacet
  facet normal 0.944182 -0.156083 0.290101
    outer loop
      vertex -31.8434 1.58557 11.5607
      vertex -32.2882 1.68431 13.0615
      vertex -32.2947 1.64499 13.0615
    endloop
  endfacet
  facet normal -0.506342 -0.812058 0.290137
    outer loop
      vertex 23.2854 37.616 11.5607
      vertex 23.5045 38.0156 13.0615
      vertex 23.2769 37.6213 11.5607
    endloop
  endfacet
  facet normal 0.651609 0.700859 0.290176
    outer loop
      vertex -28.382 -8.59636 11.5607
      vertex -28.3894 -8.58948 11.5607
      vertex -28.6822 -8.93863 13.0615
    endloop
  endfacet
  facet normal 0.607145 0.739718 0.29016
    outer loop
      vertex -27.472 -9.99823 13.0615
      vertex -27.1948 -9.63705 11.5607
      vertex -27.5028 -9.97295 13.0615
    endloop
  endfacet
  facet normal 0.605329 0.741219 0.290123
    outer loop
      vertex -27.1948 -9.63705 11.5607
      vertex -27.2026 -9.63068 11.5607
      vertex -27.5028 -9.97295 13.0615
    endloop
  endfacet
  facet normal -0.676689 0.676689 0.290145
    outer loop
      vertex 23.6445 -37.9045 13.0615
      vertex 23.3122 -37.5933 11.5607
      vertex 23.3051 -37.6004 11.5607
    endloop
  endfacet
  facet normal 0.93855 0.186716 0.290276
    outer loop
      vertex -32.2882 -1.68431 13.0615
      vertex -31.5356 -3.13414 11.5607
      vertex -31.8417 -1.59549 11.5607
    endloop
  endfacet
  facet normal 0.93855 0.186716 0.290276
    outer loop
      vertex -31.5356 -3.13414 11.5607
      vertex -32.2882 -1.68431 13.0615
      vertex -31.9821 -3.22296 13.0615
    endloop
  endfacet
  facet normal 0.0748266 -0.954039 0.29019
    outer loop
      vertex 23.1849 37.6412 11.5607
      vertex 23.19 37.6416 11.5607
      vertex 23.1403 38.0942 13.0615
    endloop
  endfacet
  facet normal 0.813391 0.504207 0.29012
    outer loop
      vertex -30.3146 -6.08214 11.5607
      vertex -30.3199 -6.07359 11.5607
      vertex -30.7141 -6.30122 13.0615
    endloop
  endfacet
  facet normal 0.81321 0.504503 0.290115
    outer loop
      vertex -30.6931 -6.33507 13.0615
      vertex -30.3146 -6.08214 11.5607
      vertex -30.7141 -6.30122 13.0615
    endloop
  endfacet
  facet normal -0.583368 0.758619 0.290135
    outer loop
      vertex 23.5547 -37.9832 13.0615
      vertex 23.5863 -37.9589 13.0615
      vertex 23.2975 -37.607 11.5607
    endloop
  endfacet
  facet normal -0.697929 -0.654758 0.290151
    outer loop
      vertex 23.6579 37.8897 13.0615
      vertex 23.6306 37.9188 13.0615
      vertex 23.3156 37.5895 11.5607
    endloop
  endfacet
  facet normal -0.584879 0.757466 0.290105
    outer loop
      vertex 23.5547 -37.9832 13.0615
      vertex 23.2975 -37.607 11.5607
      vertex 23.2896 -37.6131 11.5607
    endloop
  endfacet
  facet normal 0.123369 -0.948989 0.290171
    outer loop
      vertex 23.0413 37.6267 11.5607
      vertex 23.0513 37.628 11.5607
      vertex 23.0067 38.0811 13.0615
    endloop
  endfacet
  facet normal 0.932245 0.216242 0.290102
    outer loop
      vertex -31.9731 -3.26176 13.0615
      vertex -31.5334 -3.14394 11.5607
      vertex -31.9821 -3.22296 13.0615
    endloop
  endfacet
  facet normal 0.0623837 0.954951 0.290133
    outer loop
      vertex 23.1801 -38.0968 13.0615
      vertex 23.195 -37.6418 11.5607
      vertex 23.1403 -38.0942 13.0615
    endloop
  endfacet
  facet normal -0.0567498 0.955288 0.29018
    outer loop
      vertex 23.2199 -38.0968 13.0615
      vertex 23.2151 -37.6412 11.5607
      vertex 23.205 -37.6418 11.5607
    endloop
  endfacet
  facet normal 0.873627 0.390607 0.290175
    outer loop
      vertex -31.0185 -4.65771 11.5607
      vertex -31.0226 -4.64854 11.5607
      vertex -31.4432 -4.82275 13.0615
    endloop
  endfacet
  facet normal -0.448981 -0.845141 0.29009
    outer loop
      vertex 23.5045 38.0156 13.0615
      vertex 23.4693 38.0343 13.0615
      vertex 23.268 37.6261 11.5607
    endloop
  endfacet
  facet normal 0.653992 -0.698648 0.290148
    outer loop
      vertex -28.382 8.59636 11.5607
      vertex -28.6822 8.93863 13.0615
      vertex -28.7113 8.91139 13.0615
    endloop
  endfacet
  facet normal 0.845416 0.448471 0.290078
    outer loop
      vertex -30.3199 -6.07359 11.5607
      vertex -30.3246 -6.06473 11.5607
      vertex -30.7141 -6.30122 13.0615
    endloop
  endfacet
  facet normal 0.247325 -0.924469 0.290151
    outer loop
      vertex 18.1821 36.6601 11.5607
      vertex 18.0788 37.1035 13.0615
      vertex 18.0403 37.0932 13.0615
    endloop
  endfacet
  facet normal 0.337069 0.895613 0.29028
    outer loop
      vertex 13.4809 -35.065 11.5607
      vertex 15.6357 -36.3624 13.0615
      vertex 15.796 -35.9363 11.5607
    endloop
  endfacet
  facet normal 0.337093 0.895614 0.290246
    outer loop
      vertex 15.6357 -36.3624 13.0615
      vertex 13.4809 -35.065 11.5607
      vertex 13.3205 -35.491 13.0615
    endloop
  endfacet
  facet normal 0.740574 0.606121 0.290117
    outer loop
      vertex -29.773 -7.7027 13.0615
      vertex -29.4371 -7.39476 11.5607
      vertex -29.7982 -7.67191 13.0615
    endloop
  endfacet
  facet normal -0.123371 0.949007 0.290114
    outer loop
      vertex 23.2597 -38.0942 13.0615
      vertex 23.2251 -37.6399 11.5607
      vertex 23.2151 -37.6412 11.5607
    endloop
  endfacet
  facet normal -0.0312414 -0.956467 0.290165
    outer loop
      vertex 23.2398 38.0959 13.0615
      vertex 23.2 38.0972 13.0615
      vertex 23.2 37.6419 11.5607
    endloop
  endfacet
  facet normal -0.307673 0.906194 0.290084
    outer loop
      vertex 23.3768 -38.0709 13.0615
      vertex 23.4145 -38.0581 13.0615
      vertex 23.2542 -37.6321 11.5607
    endloop
  endfacet
  facet normal -0.629497 0.720798 0.290144
    outer loop
      vertex 23.5863 -37.9589 13.0615
      vertex 23.6163 -37.9327 13.0615
      vertex 23.2975 -37.607 11.5607
    endloop
  endfacet
  facet normal 0.3701 -0.882547 0.290065
    outer loop
      vertex 13.4716 35.0611 11.5607
      vertex 13.4809 35.065 11.5607
      vertex 13.3205 35.491 13.0615
    endloop
  endfacet
  facet normal -0.336282 -0.895952 0.290146
    outer loop
      vertex 23.4331 38.0508 13.0615
      vertex 23.3958 38.0648 13.0615
      vertex 23.2588 37.6302 11.5607
    endloop
  endfacet
  facet normal -0.302623 0.907869 0.290161
    outer loop
      vertex 23.3768 -38.0709 13.0615
      vertex 23.2542 -37.6321 11.5607
      vertex 23.2446 -37.6353 11.5607
    endloop
  endfacet
  facet normal -0.191355 0.937639 0.290202
    outer loop
      vertex 23.3383 -38.0813 13.0615
      vertex 23.2349 -37.6379 11.5607
      vertex 23.2251 -37.6399 11.5607
    endloop
  endfacet
  facet normal -0.601335 -0.74451 0.29
    outer loop
      vertex 23.3014 37.6038 11.5607
      vertex 23.6015 37.946 13.0615
      vertex 23.2936 37.6101 11.5607
    endloop
  endfacet
  facet normal 0.906171 0.307553 0.290284
    outer loop
      vertex -31.9615 -3.2999 13.0615
      vertex -31.0262 -4.63913 11.5607
      vertex -31.5304 -3.15356 11.5607
    endloop
  endfacet
  facet normal 0.906171 0.307555 0.290282
    outer loop
      vertex -31.0262 -4.63913 11.5607
      vertex -31.9615 -3.2999 13.0615
      vertex -31.4573 -4.78546 13.0615
    endloop
  endfacet
  facet normal 0.915584 0.278468 0.290106
    outer loop
      vertex -31.9615 -3.2999 13.0615
      vertex -31.5334 -3.14394 11.5607
      vertex -31.9731 -3.26176 13.0615
    endloop
  endfacet
  facet normal 0.944182 0.156083 0.290101
    outer loop
      vertex -32.2882 -1.68431 13.0615
      vertex -31.8434 -1.58557 11.5607
      vertex -32.2947 -1.64499 13.0615
    endloop
  endfacet
  facet normal 0.302618 0.907853 0.290217
    outer loop
      vertex 15.8056 -35.9395 11.5607
      vertex 15.796 -35.9363 11.5607
      vertex 15.6734 -36.3752 13.0615
    endloop
  endfacet
  facet normal 0.394925 0.871644 0.290296
    outer loop
      vertex 11.2188 -34.0404 11.5607
      vertex 13.2837 -35.4758 13.0615
      vertex 13.4716 -35.0611 11.5607
    endloop
  endfacet
  facet normal 0.394925 0.871644 0.290296
    outer loop
      vertex 13.2837 -35.4758 13.0615
      vertex 11.2188 -34.0404 11.5607
      vertex 11.0309 -34.4551 13.0615
    endloop
  endfacet
  facet normal -0.124907 0.948813 0.29009
    outer loop
      vertex 23.2597 -38.0942 13.0615
      vertex 23.2992 -38.089 13.0615
      vertex 23.2251 -37.6399 11.5607
    endloop
  endfacet
  facet normal -0.0284129 -0.956568 0.29012
    outer loop
      vertex 23.2101 37.6416 11.5607
      vertex 23.2398 38.0959 13.0615
      vertex 23.2 37.6419 11.5607
    endloop
  endfacet
  facet normal 0.0286968 -0.956558 0.290125
    outer loop
      vertex 23.19 37.6416 11.5607
      vertex 23.2 37.6419 11.5607
      vertex 23.1602 38.0959 13.0615
    endloop
  endfacet
  facet normal -0.0959365 -0.952169 0.29012
    outer loop
      vertex 23.2795 38.0919 13.0615
      vertex 23.2398 38.0959 13.0615
      vertex 23.2201 37.6406 11.5607
    endloop
  endfacet
  facet normal 0.123369 0.948989 0.290171
    outer loop
      vertex 23.0513 -37.628 11.5607
      vertex 23.0413 -37.6267 11.5607
      vertex 23.0067 -38.0811 13.0615
    endloop
  endfacet
  facet normal 0.776787 -0.55896 0.290113
    outer loop
      vertex -29.4371 7.39476 11.5607
      vertex -29.7982 7.67189 13.0615
      vertex -29.8215 7.63951 13.0615
    endloop
  endfacet
  facet normal 0.858248 0.423262 0.290273
    outer loop
      vertex -31.4268 -4.85905 13.0615
      vertex -30.3246 -6.06473 11.5607
      vertex -31.0185 -4.65771 11.5607
    endloop
  endfacet
  facet normal 0.858248 0.423262 0.290273
    outer loop
      vertex -30.3246 -6.06473 11.5607
      vertex -31.4268 -4.85905 13.0615
      vertex -30.7329 -6.26607 13.0615
    endloop
  endfacet
  facet normal -0.249565 0.923869 0.290144
    outer loop
      vertex 23.3383 -38.0813 13.0615
      vertex 23.3768 -38.0709 13.0615
      vertex 23.2349 -37.6379 11.5607
    endloop
  endfacet
  facet normal -0.209613 -0.933729 0.290194
    outer loop
      vertex 23.2398 37.6367 11.5607
      vertex 23.3188 38.0854 13.0615
      vertex 23.23 37.6389 11.5607
    endloop
  endfacet
  facet normal -0.811793 -0.50677 0.290129
    outer loop
      vertex 23.7274 37.7927 13.0615
      vertex 23.7063 37.8265 13.0615
      vertex 23.3278 37.5736 11.5607
    endloop
  endfacet
  facet normal 0.738665 0.608424 0.290162
    outer loop
      vertex -29.4307 -7.40253 11.5607
      vertex -29.4371 -7.39476 11.5607
      vertex -29.773 -7.7027 13.0615
    endloop
  endfacet
  facet normal 0.895129 0.338464 0.290149
    outer loop
      vertex -31.4432 -4.82275 13.0615
      vertex -31.0226 -4.64854 11.5607
      vertex -31.4573 -4.78546 13.0615
    endloop
  endfacet
  facet normal -0.0952237 -0.952237 0.290132
    outer loop
      vertex 23.2201 37.6406 11.5607
      vertex 23.2398 38.0959 13.0615
      vertex 23.2101 37.6416 11.5607
    endloop
  endfacet
  facet normal -0.657363 -0.695471 0.290163
    outer loop
      vertex 23.3087 37.5969 11.5607
      vertex 23.6306 37.9188 13.0615
      vertex 23.3014 37.6038 11.5607
    endloop
  endfacet
  facet normal 0.776949 0.558732 0.290118
    outer loop
      vertex -29.7982 -7.67191 13.0615
      vertex -29.4371 -7.39476 11.5607
      vertex -29.8215 -7.63951 13.0615
    endloop
  endfacet
  facet normal 0.0933834 -0.952368 0.2903
    outer loop
      vertex 23.0513 37.628 11.5607
      vertex 23.1403 38.0942 13.0615
      vertex 23.0067 38.0811 13.0615
    endloop
  endfacet
  facet normal 0.0940911 -0.952316 0.290242
    outer loop
      vertex 23.1403 38.0942 13.0615
      vertex 23.0513 37.628 11.5607
      vertex 23.1849 37.6412 11.5607
    endloop
  endfacet
  facet normal -0.81468 -0.50207 0.290212
    outer loop
      vertex 23.3331 37.565 11.5607
      vertex 23.7274 37.7927 13.0615
      vertex 23.3278 37.5736 11.5607
    endloop
  endfacet
  facet normal -0.278068 -0.915705 0.290107
    outer loop
      vertex 23.3958 38.0648 13.0615
      vertex 23.3576 38.0764 13.0615
      vertex 23.2398 37.6367 11.5607
    endloop
  endfacet
  facet normal 0.423159 0.858339 0.290155
    outer loop
      vertex 11.0309 -34.4551 13.0615
      vertex 11.2188 -34.0404 11.5607
      vertex 10.9952 -34.4375 13.0615
    endloop
  endfacet
  facet normal 0.872114 0.394013 0.290122
    outer loop
      vertex -31.4268 -4.85905 13.0615
      vertex -31.0185 -4.65771 11.5607
      vertex -31.4432 -4.82275 13.0615
    endloop
  endfacet
  facet normal 0.933728 -0.209612 0.290197
    outer loop
      vertex -31.5356 3.13414 11.5607
      vertex -31.5334 3.14394 11.5607
      vertex -31.9821 3.22296 13.0615
    endloop
  endfacet
  facet normal 0.932245 -0.216242 0.290102
    outer loop
      vertex -31.5334 3.14394 11.5607
      vertex -31.9731 3.26176 13.0615
      vertex -31.9821 3.22296 13.0615
    endloop
  endfacet
  facet normal 0.873626 -0.390607 0.29018
    outer loop
      vertex -31.0226 4.64854 11.5607
      vertex -31.0185 4.65771 11.5607
      vertex -31.4432 4.82277 13.0615
    endloop
  endfacet
  facet normal -0.840105 -0.458239 0.290242
    outer loop
      vertex 23.3379 37.5562 11.5607
      vertex 23.7274 37.7927 13.0615
      vertex 23.3331 37.565 11.5607
    endloop
  endfacet
  facet normal -0.333923 -0.896822 0.290183
    outer loop
      vertex 23.2588 37.6302 11.5607
      vertex 23.3958 38.0648 13.0615
      vertex 23.2494 37.6337 11.5607
    endloop
  endfacet
  facet normal 0.451072 0.843944 0.290331
    outer loop
      vertex 9.02843 -32.87 11.5607
      vertex 10.9952 -34.4375 13.0615
      vertex 11.2098 -34.0359 11.5607
    endloop
  endfacet
  facet normal 0.451109 0.843942 0.290279
    outer loop
      vertex 10.9952 -34.4375 13.0615
      vertex 9.02843 -32.87 11.5607
      vertex 8.81383 -33.2715 13.0615
    endloop
  endfacet
  facet normal 0.795659 -0.531643 0.290315
    outer loop
      vertex -30.6931 6.33507 13.0615
      vertex -29.4429 7.38658 11.5607
      vertex -29.8215 7.63951 13.0615
    endloop
  endfacet
  facet normal 0.795643 -0.531693 0.290267
    outer loop
      vertex -29.4429 7.38658 11.5607
      vertex -30.6931 6.33507 13.0615
      vertex -30.3146 6.08214 11.5607
    endloop
  endfacet
  facet normal -0.389541 -0.874093 0.290206
    outer loop
      vertex 23.268 37.6261 11.5607
      vertex 23.4331 38.0508 13.0615
      vertex 23.2588 37.6302 11.5607
    endloop
  endfacet
  facet normal -0.373495 0.881065 0.290217
    outer loop
      vertex 23.4513 -38.0429 13.0615
      vertex 23.2634 -37.6282 11.5607
      vertex 23.2542 -37.6321 11.5607
    endloop
  endfacet
  facet normal -0.161958 -0.943167 0.290182
    outer loop
      vertex 23.23 37.6389 11.5607
      vertex 23.3188 38.0854 13.0615
      vertex 23.2201 37.6406 11.5607
    endloop
  endfacet
  facet normal -0.676689 0.676689 0.290145
    outer loop
      vertex 23.6163 -37.9327 13.0615
      vertex 23.6445 -37.9045 13.0615
      vertex 23.3051 -37.6004 11.5607
    endloop
  endfacet
  facet normal 0.483147 0.826087 0.290084
    outer loop
      vertex 9.02843 -32.87 11.5607
      vertex 9.01971 -32.8649 11.5607
      vertex 8.81383 -33.2715 13.0615
    endloop
  endfacet
  facet normal -0.558928 -0.776816 0.290097
    outer loop
      vertex 23.2936 37.6101 11.5607
      vertex 23.5383 37.9945 13.0615
      vertex 23.2854 37.616 11.5607
    endloop
  endfacet
  facet normal 0.906171 -0.307555 0.290282
    outer loop
      vertex -31.9615 3.2999 13.0615
      vertex -31.0262 4.63913 11.5607
      vertex -31.4573 4.78546 13.0615
    endloop
  endfacet
  facet normal 0.906171 -0.307553 0.290284
    outer loop
      vertex -31.0262 4.63913 11.5607
      vertex -31.9615 3.2999 13.0615
      vertex -31.5304 3.15356 11.5607
    endloop
  endfacet
  facet normal 0.0940911 0.952316 0.290242
    outer loop
      vertex 23.0513 -37.628 11.5607
      vertex 23.1403 -38.0942 13.0615
      vertex 23.1849 -37.6412 11.5607
    endloop
  endfacet
  facet normal 0.0933834 0.952368 0.2903
    outer loop
      vertex 23.1403 -38.0942 13.0615
      vertex 23.0513 -37.628 11.5607
      vertex 23.0067 -38.0811 13.0615
    endloop
  endfacet
  facet normal -0.50677 -0.811793 0.290129
    outer loop
      vertex 23.5383 37.9945 13.0615
      vertex 23.5045 38.0156 13.0615
      vertex 23.2854 37.616 11.5607
    endloop
  endfacet
  facet normal -0.478923 0.828537 0.290103
    outer loop
      vertex 23.487 -38.0253 13.0615
      vertex 23.5216 -38.0053 13.0615
      vertex 23.2725 -37.6238 11.5607
    endloop
  endfacet
  facet normal -0.423165 0.858352 0.29011
    outer loop
      vertex 23.4513 -38.0429 13.0615
      vertex 23.487 -38.0253 13.0615
      vertex 23.2725 -37.6238 11.5607
    endloop
  endfacet
  facet normal -0.653493 -0.699141 0.290085
    outer loop
      vertex 23.6306 37.9188 13.0615
      vertex 23.6015 37.946 13.0615
      vertex 23.3014 37.6038 11.5607
    endloop
  endfacet
  facet normal -0.365344 0.884517 0.290091
    outer loop
      vertex 23.4145 -38.0581 13.0615
      vertex 23.4513 -38.0429 13.0615
      vertex 23.2542 -37.6321 11.5607
    endloop
  endfacet
  facet normal 0.893822 -0.341951 0.290088
    outer loop
      vertex -31.0262 4.63913 11.5607
      vertex -31.0226 4.64854 11.5607
      vertex -31.4573 4.78546 13.0615
    endloop
  endfacet
  facet normal 0.843869 -0.451344 0.290129
    outer loop
      vertex -30.3246 6.06473 11.5607
      vertex -30.7141 6.30122 13.0615
      vertex -30.7329 6.26607 13.0615
    endloop
  endfacet
  facet normal -0.530839 0.796258 0.290143
    outer loop
      vertex 23.5216 -38.0053 13.0615
      vertex 23.2896 -37.6131 11.5607
      vertex 23.2812 -37.6187 11.5607
    endloop
  endfacet
  facet normal 0.858248 -0.423262 0.290273
    outer loop
      vertex -31.4268 4.85905 13.0615
      vertex -30.3246 6.06473 11.5607
      vertex -30.7329 6.26607 13.0615
    endloop
  endfacet
  facet normal 0.858248 -0.423262 0.290273
    outer loop
      vertex -30.3246 6.06473 11.5607
      vertex -31.4268 4.85905 13.0615
      vertex -31.0185 4.65771 11.5607
    endloop
  endfacet
  facet normal -0.247767 0.924361 0.290116
    outer loop
      vertex 23.3768 -38.0709 13.0615
      vertex 23.2446 -37.6353 11.5607
      vertex 23.2349 -37.6379 11.5607
    endloop
  endfacet
  facet normal -0.557146 -0.778083 0.290131
    outer loop
      vertex 23.5707 37.9713 13.0615
      vertex 23.5383 37.9945 13.0615
      vertex 23.2936 37.6101 11.5607
    endloop
  endfacet
  facet normal -0.454265 -0.842282 0.29018
    outer loop
      vertex 23.2769 37.6213 11.5607
      vertex 23.5045 38.0156 13.0615
      vertex 23.268 37.6261 11.5607
    endloop
  endfacet
  facet normal -0.778094 -0.557154 0.290083
    outer loop
      vertex 23.7063 37.8265 13.0615
      vertex 23.6831 37.8589 13.0615
      vertex 23.322 37.5818 11.5607
    endloop
  endfacet
  facet normal -0.735943 -0.611693 0.290207
    outer loop
      vertex 23.322 37.5818 11.5607
      vertex 23.6579 37.8897 13.0615
      vertex 23.3156 37.5895 11.5607
    endloop
  endfacet
  facet normal 0.813391 -0.504207 0.29012
    outer loop
      vertex -30.3199 6.07359 11.5607
      vertex -30.3146 6.08214 11.5607
      vertex -30.7141 6.30122 13.0615
    endloop
  endfacet
  facet normal 0.740768 -0.605886 0.290112
    outer loop
      vertex -29.4371 7.39476 11.5607
      vertex -29.773 7.7027 13.0615
      vertex -29.7982 7.67189 13.0615
    endloop
  endfacet
  facet normal 0.738665 -0.608424 0.290162
    outer loop
      vertex -29.4371 7.39476 11.5607
      vertex -29.4307 7.40253 11.5607
      vertex -29.773 7.7027 13.0615
    endloop
  endfacet
  facet normal -0.69993 -0.652638 0.290106
    outer loop
      vertex 23.3156 37.5895 11.5607
      vertex 23.6306 37.9188 13.0615
      vertex 23.3087 37.5969 11.5607
    endloop
  endfacet
  facet normal -0.835192 0.283567 0.471216
    outer loop
      vertex 24.4618 -37.9632 14.4446
      vertex 23.7827 -37.665 13.0615
      vertex 23.7699 -37.7027 13.0615
    endloop
  endfacet
  facet normal 0.143692 -0.87014 0.471391
    outer loop
      vertex 20.5268 37.6729 13.0615
      vertex 22.8468 38.8053 14.4446
      vertex 20.4064 38.4023 14.4446
    endloop
  endfacet
  facet normal 0.143692 -0.87014 0.471391
    outer loop
      vertex 22.8468 38.8053 14.4446
      vertex 20.5268 37.6729 13.0615
      vertex 22.9672 38.0759 13.0615
    endloop
  endfacet
  facet normal 0.790971 0.390083 0.471381
    outer loop
      vertex -32.0898 -5.18604 14.4446
      vertex -30.7329 -6.26607 13.0615
      vertex -31.4268 -4.85905 13.0615
    endloop
  endfacet
  facet normal 0.790972 0.39003 0.471423
    outer loop
      vertex -30.7329 -6.26607 13.0615
      vertex -32.0898 -5.18604 14.4446
      vertex -31.396 -6.59305 14.4446
    endloop
  endfacet
  facet normal 0.476187 -0.742315 0.471397
    outer loop
      vertex -25.9852 10.9931 13.0615
      vertex 6.20625 32.5219 14.4446
      vertex -26.3843 11.6154 14.4446
    endloop
  endfacet
  facet normal 0.476195 -0.742324 0.471374
    outer loop
      vertex 6.20625 32.5219 14.4446
      vertex -25.9852 10.9931 13.0615
      vertex 6.60542 31.8997 13.0615
    endloop
  endfacet
  facet normal -0.413792 -0.778903 0.471261
    outer loop
      vertex 23.5045 38.0156 13.0615
      vertex 23.7963 38.6974 14.4446
      vertex 23.4693 38.0343 13.0615
    endloop
  endfacet
  facet normal -0.865087 0.172017 0.471204
    outer loop
      vertex 24.513 -37.7944 14.4446
      vertex 24.5302 -37.7079 14.4446
      vertex 23.8008 -37.5874 13.0615
    endloop
  endfacet
  facet normal 0.859201 -0.199299 0.471225
    outer loop
      vertex -31.9821 3.22296 13.0615
      vertex -31.9731 3.26176 13.0615
      vertex -32.7072 3.36719 14.4446
    endloop
  endfacet
  facet normal -0.733546 0.489769 0.471207
    outer loop
      vertex 24.3449 -38.2002 14.4446
      vertex 23.7171 -37.8098 13.0615
      vertex 23.695 -37.8429 13.0615
    endloop
  endfacet
  facet normal 0.440942 0.7639 0.471196
    outer loop
      vertex 8.46533 -33.9234 14.4446
      vertex 8.77931 -33.2515 13.0615
      vertex 8.38893 -33.8793 14.4446
    endloop
  endfacet
  facet normal 0.881551 0.028776 0.47121
    outer loop
      vertex -32.4012 -0.0398254 13.0615
      vertex -32.4025 0 13.0615
      vertex -33.1418 0 14.4446
    endloop
  endfacet
  facet normal 0.256015 0.843957 0.471373
    outer loop
      vertex 15.6734 -36.3752 13.0615
      vertex 17.8257 -37.8006 14.4446
      vertex 18.0403 -37.0932 13.0615
    endloop
  endfacet
  facet normal 0.256015 0.843957 0.471373
    outer loop
      vertex 17.8257 -37.8006 14.4446
      vertex 15.6734 -36.3752 13.0615
      vertex 15.4588 -37.0826 14.4446
    endloop
  endfacet
  facet normal -0.870358 -0.143059 0.471181
    outer loop
      vertex 24.5367 37.6642 14.4446
      vertex 24.5224 37.7512 14.4446
      vertex 23.8038 37.5677 13.0615
    endloop
  endfacet
  facet normal 0.881548 -0.0289966 0.471202
    outer loop
      vertex -32.4012 0.0398254 13.0615
      vertex -33.1389 0.0881653 14.4446
      vertex -33.1418 0 14.4446
    endloop
  endfacet
  facet normal 0.777757 0.415984 0.471223
    outer loop
      vertex -30.7141 -6.30122 13.0615
      vertex -30.7329 -6.26607 13.0615
      vertex -31.396 -6.59305 14.4446
    endloop
  endfacet
  facet normal -0.733579 0.489719 0.471209
    outer loop
      vertex 24.2959 -38.2736 14.4446
      vertex 24.3449 -38.2002 14.4446
      vertex 23.695 -37.8429 13.0615
    endloop
  endfacet
  facet normal 0.337039 -0.815093 0.471198
    outer loop
      vertex 13.2837 35.4758 13.0615
      vertex 13.0601 36.1829 14.4446
      vertex 12.9786 36.1492 14.4446
    endloop
  endfacet
  facet normal 0.843863 -0.256655 0.471194
    outer loop
      vertex -31.9731 3.26176 13.0615
      vertex -31.9615 3.2999 13.0615
      vertex -32.6872 3.45309 14.4446
    endloop
  endfacet
  facet normal 0.777803 0.415894 0.471227
    outer loop
      vertex -31.3544 -6.67085 14.4446
      vertex -30.7141 -6.30122 13.0615
      vertex -31.396 -6.59305 14.4446
    endloop
  endfacet
  facet normal 0.390858 0.790712 0.471173
    outer loop
      vertex 10.7258 -35.1285 14.4446
      vertex 10.9952 -34.4375 13.0615
      vertex 10.6467 -35.0894 14.4446
    endloop
  endfacet
  facet normal -0.851481 0.230011 0.471248
    outer loop
      vertex 24.4902 -37.8796 14.4446
      vertex 23.7931 -37.6265 13.0615
      vertex 23.7827 -37.665 13.0615
    endloop
  endfacet
  facet normal 0.644172 -0.602527 0.471173
    outer loop
      vertex -28.7385 8.88231 13.0615
      vertex -28.7113 8.91139 13.0615
      vertex -29.234 9.43414 14.4446
    endloop
  endfacet
  facet normal -0.441409 0.763638 0.471184
    outer loop
      vertex 23.9119 -38.6331 14.4446
      vertex 23.5216 -38.0053 13.0615
      vertex 23.487 -38.0253 13.0615
    endloop
  endfacet
  facet normal 0.843861 0.256654 0.471197
    outer loop
      vertex -31.9615 -3.2999 13.0615
      vertex -31.9731 -3.26176 13.0615
      vertex -32.6872 -3.45311 14.4446
    endloop
  endfacet
  facet normal 0.363965 -0.803312 0.471402
    outer loop
      vertex 11.0309 34.4551 13.0615
      vertex 12.9786 36.1492 14.4446
      vertex 10.7258 35.1285 14.4446
    endloop
  endfacet
  facet normal 0.363965 -0.803312 0.471402
    outer loop
      vertex 12.9786 36.1492 14.4446
      vertex 11.0309 34.4551 13.0615
      vertex 13.2837 35.4758 13.0615
    endloop
  endfacet
  facet normal 0.74902 0.465764 0.471203
    outer loop
      vertex -31.3078 -6.74579 14.4446
      vertex -30.6931 -6.33507 13.0615
      vertex -31.3544 -6.67085 14.4446
    endloop
  endfacet
  facet normal 0.682575 0.558652 0.471169
    outer loop
      vertex -29.773 -7.7027 13.0615
      vertex -29.7982 -7.67191 13.0615
      vertex -30.3288 -8.19012 14.4446
    endloop
  endfacet
  facet normal 0.465713 0.748932 0.471394
    outer loop
      vertex 6.61266 -31.9042 13.0615
      vertex 8.38893 -33.8793 14.4446
      vertex 8.77931 -33.2515 13.0615
    endloop
  endfacet
  facet normal 0.46571 0.748932 0.471396
    outer loop
      vertex 8.38893 -33.8793 14.4446
      vertex 6.61266 -31.9042 13.0615
      vertex 6.22227 -32.532 14.4446
    endloop
  endfacet
  facet normal -0.309946 -0.825784 0.471184
    outer loop
      vertex 23.4331 38.0508 13.0615
      vertex 23.716 38.7338 14.4446
      vertex 23.3958 38.0648 13.0615
    endloop
  endfacet
  facet normal -0.82534 -0.311128 0.471183
    outer loop
      vertex 24.4767 37.9216 14.4446
      vertex 24.4456 38.0041 14.4446
      vertex 23.7767 37.6839 13.0615
    endloop
  endfacet
  facet normal -0.881943 0 0.471356
    outer loop
      vertex 23.809 -37.4882 13.0615
      vertex 24.5482 37.4882 14.4446
      vertex 23.809 37.4882 13.0615
    endloop
  endfacet
  facet normal -0.881943 0 0.471356
    outer loop
      vertex 24.5482 37.4882 14.4446
      vertex 23.809 -37.4882 13.0615
      vertex 24.5482 -37.4882 14.4446
    endloop
  endfacet
  facet normal -0.0287952 -0.881577 0.47116
    outer loop
      vertex 23.2398 38.0959 13.0615
      vertex 23.2 38.8364 14.4446
      vertex 23.2 38.0972 13.0615
    endloop
  endfacet
  facet normal 0.489987 -0.73328 0.471394
    outer loop
      vertex -27.4396 10.0214 13.0615
      vertex -26.4054 11.6016 14.4446
      vertex -27.8503 10.6361 14.4446
    endloop
  endfacet
  facet normal 0.489987 -0.73328 0.471394
    outer loop
      vertex -26.4054 11.6016 14.4446
      vertex -27.4396 10.0214 13.0615
      vertex -25.9947 10.9869 13.0615
    endloop
  endfacet
  facet normal -0.623692 0.623692 0.471185
    outer loop
      vertex 24.1216 -38.4723 14.4446
      vertex 23.6445 -37.9045 13.0615
      vertex 23.6163 -37.9327 13.0615
    endloop
  endfacet
  facet normal -0.64326 -0.603471 0.47121
    outer loop
      vertex 23.6579 37.8897 13.0615
      vertex 24.1534 38.4415 14.4446
      vertex 23.6306 37.9188 13.0615
    endloop
  endfacet
  facet normal -0.390014 0.791109 0.471207
    outer loop
      vertex 23.7564 -38.7163 14.4446
      vertex 23.487 -38.0253 13.0615
      vertex 23.4513 -38.0429 13.0615
    endloop
  endfacet
  facet normal 0.790972 -0.39003 0.471423
    outer loop
      vertex -32.0898 5.18604 14.4446
      vertex -30.7329 6.26607 13.0615
      vertex -31.396 6.59305 14.4446
    endloop
  endfacet
  facet normal 0.790971 -0.390083 0.471381
    outer loop
      vertex -30.7329 6.26607 13.0615
      vertex -32.0898 5.18604 14.4446
      vertex -31.4268 4.85905 13.0615
    endloop
  endfacet
  facet normal -0.858717 -0.2014 0.471215
    outer loop
      vertex 23.7973 37.607 13.0615
      vertex 24.5023 37.8371 14.4446
      vertex 23.7882 37.6458 13.0615
    endloop
  endfacet
  facet normal 0.880033 0.0576756 0.471397
    outer loop
      vertex -33.1389 -0.0881653 14.4446
      vertex -32.2986 -1.60533 13.0615
      vertex -32.4012 -0.0398254 13.0615
    endloop
  endfacet
  facet normal 0.880033 0.0576756 0.471397
    outer loop
      vertex -32.2986 -1.60533 13.0615
      vertex -33.1389 -0.0881653 14.4446
      vertex -33.0363 -1.65367 14.4446
    endloop
  endfacet
  facet normal -0.0884189 -0.877558 0.471247
    outer loop
      vertex 23.2795 38.0919 13.0615
      vertex 23.376 38.8249 14.4446
      vertex 23.2398 38.0959 13.0615
    endloop
  endfacet
  facet normal 0.513063 0.717446 0.471209
    outer loop
      vertex -27.4396 -10.0214 13.0615
      vertex -27.472 -9.99823 13.0615
      vertex -27.8503 -10.6361 14.4446
    endloop
  endfacet
  facet normal 0.880033 -0.0576756 0.471397
    outer loop
      vertex -33.1389 0.0881653 14.4446
      vertex -32.2986 1.60533 13.0615
      vertex -33.0363 1.65367 14.4446
    endloop
  endfacet
  facet normal 0.880033 -0.0576756 0.471397
    outer loop
      vertex -32.2986 1.60533 13.0615
      vertex -33.1389 0.0881653 14.4446
      vertex -32.4012 0.0398254 13.0615
    endloop
  endfacet
  facet normal -0.870198 -0.143926 0.471213
    outer loop
      vertex 23.8038 37.5677 13.0615
      vertex 24.5224 37.7512 14.4446
      vertex 23.7973 37.607 13.0615
    endloop
  endfacet
  facet normal 0.559593 0.681783 0.471198
    outer loop
      vertex -27.472 -9.99823 13.0615
      vertex -27.5028 -9.97295 13.0615
      vertex -27.9902 -10.5288 14.4446
    endloop
  endfacet
  facet normal -0.60285 -0.64384 0.471214
    outer loop
      vertex 24.1534 38.4415 14.4446
      vertex 24.089 38.5018 14.4446
      vertex 23.6015 37.946 13.0615
    endloop
  endfacet
  facet normal 0.470354 0.746046 0.471362
    outer loop
      vertex 6.22227 -32.532 14.4446
      vertex 6.60542 -31.8997 13.0615
      vertex 6.20625 -32.5219 14.4446
    endloop
  endfacet
  facet normal 0.513905 0.716867 0.471172
    outer loop
      vertex -27.8503 -10.6361 14.4446
      vertex -27.472 -9.99823 13.0615
      vertex -27.922 -10.5847 14.4446
    endloop
  endfacet
  facet normal 0.870191 0.143949 0.471218
    outer loop
      vertex -33.0133 -1.82854 14.4446
      vertex -32.2947 -1.64499 13.0615
      vertex -33.0277 -1.74149 14.4446
    endloop
  endfacet
  facet normal 0.803465 -0.363893 0.471196
    outer loop
      vertex -31.4432 4.82277 13.0615
      vertex -32.0898 5.18604 14.4446
      vertex -32.1262 5.10567 14.4446
    endloop
  endfacet
  facet normal -0.699813 0.536857 0.471218
    outer loop
      vertex 24.2422 -38.3436 14.4446
      vertex 24.2959 -38.2736 14.4446
      vertex 23.695 -37.8429 13.0615
    endloop
  endfacet
  facet normal -0.815208 0.336717 0.471229
    outer loop
      vertex 24.4618 -37.9632 14.4446
      vertex 23.7699 -37.7027 13.0615
      vertex 23.7547 -37.7395 13.0615
    endloop
  endfacet
  facet normal -0.865434 0.170431 0.471145
    outer loop
      vertex 24.513 -37.7944 14.4446
      vertex 23.8008 -37.5874 13.0615
      vertex 23.7931 -37.6265 13.0615
    endloop
  endfacet
  facet normal 0.200275 0.858897 0.471366
    outer loop
      vertex 18.0788 -37.1035 13.0615
      vertex 20.3198 -38.3851 14.4446
      vertex 20.4877 -37.6652 13.0615
    endloop
  endfacet
  facet normal 0.200275 0.858897 0.471366
    outer loop
      vertex 20.3198 -38.3851 14.4446
      vertex 18.0788 -37.1035 13.0615
      vertex 17.9109 -37.8234 14.4446
    endloop
  endfacet
  facet normal 0.470354 -0.746046 0.471362
    outer loop
      vertex 6.60542 31.8997 13.0615
      vertex 6.22227 32.532 14.4446
      vertex 6.20625 32.5219 14.4446
    endloop
  endfacet
  facet normal -0.881865 0.0132944 0.471314
    outer loop
      vertex 24.5482 -37.4882 14.4446
      vertex 23.809 -37.4882 13.0615
      vertex 23.8087 -37.5081 13.0615
    endloop
  endfacet
  facet normal 0.85905 -0.200012 0.471199
    outer loop
      vertex -31.9731 3.26176 13.0615
      vertex -32.6872 3.45309 14.4446
      vertex -32.7072 3.36719 14.4446
    endloop
  endfacet
  facet normal 0.256015 -0.843957 0.471373
    outer loop
      vertex 15.6734 36.3752 13.0615
      vertex 17.8257 37.8006 14.4446
      vertex 15.4588 37.0826 14.4446
    endloop
  endfacet
  facet normal 0.256015 -0.843957 0.471373
    outer loop
      vertex 17.8257 37.8006 14.4446
      vertex 15.6734 36.3752 13.0615
      vertex 18.0403 37.0932 13.0615
    endloop
  endfacet
  facet normal 0.602777 0.643936 0.471175
    outer loop
      vertex -28.6822 -8.93863 13.0615
      vertex -28.7113 -8.91139 13.0615
      vertex -29.234 -9.43413 14.4446
    endloop
  endfacet
  facet normal -0.803515 -0.36378 0.471198
    outer loop
      vertex 24.4456 38.0041 14.4446
      vertex 24.4092 38.0845 14.4446
      vertex 23.7626 37.7212 13.0615
    endloop
  endfacet
  facet normal 0.283569 0.8352 0.4712
    outer loop
      vertex 15.6734 -36.3752 13.0615
      vertex 15.6357 -36.3624 13.0615
      vertex 15.3753 -37.0543 14.4446
    endloop
  endfacet
  facet normal 0.482729 0.738086 0.471382
    outer loop
      vertex -26.3843 -11.6154 14.4446
      vertex -25.9852 -10.9931 13.0615
      vertex -26.4054 -11.6016 14.4446
    endloop
  endfacet
  facet normal 0.46571 -0.748932 0.471396
    outer loop
      vertex 6.61266 31.9042 13.0615
      vertex 8.38893 33.8793 14.4446
      vertex 6.22227 32.532 14.4446
    endloop
  endfacet
  facet normal 0.465713 -0.748932 0.471394
    outer loop
      vertex 8.38893 33.8793 14.4446
      vertex 6.61266 31.9042 13.0615
      vertex 8.77931 33.2515 13.0615
    endloop
  endfacet
  facet normal 0.803737 -0.363321 0.471173
    outer loop
      vertex -31.4432 4.82277 13.0615
      vertex -31.4268 4.85905 13.0615
      vertex -32.0898 5.18604 14.4446
    endloop
  endfacet
  facet normal 0.228016 0.852059 0.471173
    outer loop
      vertex 17.9109 -37.8234 14.4446
      vertex 18.0403 -37.0932 13.0615
      vertex 17.8257 -37.8006 14.4446
    endloop
  endfacet
  facet normal -0.82504 -0.311878 0.471212
    outer loop
      vertex 23.7767 37.6839 13.0615
      vertex 24.4456 38.0041 14.4446
      vertex 23.7626 37.7212 13.0615
    endloop
  endfacet
  facet normal 0.864965 0.172077 0.471408
    outer loop
      vertex -33.0133 -1.82854 14.4446
      vertex -31.9821 -3.22296 13.0615
      vertex -32.2882 -1.68431 13.0615
    endloop
  endfacet
  facet normal 0.864965 0.172077 0.471408
    outer loop
      vertex -31.9821 -3.22296 13.0615
      vertex -33.0133 -1.82854 14.4446
      vertex -32.7072 -3.36719 14.4446
    endloop
  endfacet
  facet normal 0.476195 0.742324 0.471374
    outer loop
      vertex -25.9852 -10.9931 13.0615
      vertex 6.20625 -32.5219 14.4446
      vertex 6.60542 -31.8997 13.0615
    endloop
  endfacet
  facet normal 0.476187 0.742315 0.471397
    outer loop
      vertex 6.20625 -32.5219 14.4446
      vertex -25.9852 -10.9931 13.0615
      vertex -26.3843 -11.6154 14.4446
    endloop
  endfacet
  facet normal 0.415754 -0.777798 0.471359
    outer loop
      vertex 8.81383 33.2715 13.0615
      vertex 10.6467 35.0894 14.4446
      vertex 8.46533 33.9234 14.4446
    endloop
  endfacet
  facet normal 0.415754 -0.777798 0.471359
    outer loop
      vertex 10.6467 35.0894 14.4446
      vertex 8.81383 33.2715 13.0615
      vertex 10.9952 34.4375 13.0615
    endloop
  endfacet
  facet normal 0.715914 -0.515157 0.471254
    outer loop
      vertex -29.8215 7.63951 13.0615
      vertex -29.7982 7.67189 13.0615
      vertex -30.3848 8.12192 14.4446
    endloop
  endfacet
  facet normal 0.442186 0.763213 0.471145
    outer loop
      vertex 8.81383 -33.2715 13.0615
      vertex 8.77931 -33.2515 13.0615
      vertex 8.46533 -33.9234 14.4446
    endloop
  endfacet
  facet normal -0.682654 -0.558535 0.471192
    outer loop
      vertex 23.6831 37.8589 13.0615
      vertex 24.2137 38.3772 14.4446
      vertex 23.6579 37.8897 13.0615
    endloop
  endfacet
  facet normal 0.559603 -0.681795 0.471169
    outer loop
      vertex -27.5028 9.97295 13.0615
      vertex -27.472 9.99823 13.0615
      vertex -27.922 10.5847 14.4446
    endloop
  endfacet
  facet normal -0.283711 0.835151 0.471202
    outer loop
      vertex 23.5913 -38.7784 14.4446
      vertex 23.6749 -38.75 14.4446
      vertex 23.4145 -38.0581 13.0615
    endloop
  endfacet
  facet normal 0.0860636 0.877717 0.471387
    outer loop
      vertex 23.0067 -38.0811 13.0615
      vertex 23.0678 -38.8299 14.4446
      vertex 23.1403 -38.0942 13.0615
    endloop
  endfacet
  facet normal 0.0860636 0.877717 0.471387
    outer loop
      vertex 23.0678 -38.8299 14.4446
      vertex 23.0067 -38.0811 13.0615
      vertex 22.9342 -38.8168 14.4446
    endloop
  endfacet
  facet normal 0.82501 0.311951 0.471216
    outer loop
      vertex -31.4432 -4.82275 13.0615
      vertex -31.4573 -4.78546 13.0615
      vertex -32.1262 -5.10567 14.4446
    endloop
  endfacet
  facet normal -0.87773 -0.0869733 0.471196
    outer loop
      vertex 24.5454 37.5764 14.4446
      vertex 24.5367 37.6642 14.4446
      vertex 23.8077 37.528 13.0615
    endloop
  endfacet
  facet normal -0.877817 -0.086234 0.471169
    outer loop
      vertex 23.8077 37.528 13.0615
      vertex 24.5367 37.6642 14.4446
      vertex 23.8038 37.5677 13.0615
    endloop
  endfacet
  facet normal 0.415754 0.777798 0.471359
    outer loop
      vertex 8.81383 -33.2715 13.0615
      vertex 10.6467 -35.0894 14.4446
      vertex 10.9952 -34.4375 13.0615
    endloop
  endfacet
  facet normal 0.415754 0.777798 0.471359
    outer loop
      vertex 10.6467 -35.0894 14.4446
      vertex 8.81383 -33.2715 13.0615
      vertex 8.46533 -33.9234 14.4446
    endloop
  endfacet
  facet normal 0.363965 0.803312 0.471402
    outer loop
      vertex 11.0309 -34.4551 13.0615
      vertex 12.9786 -36.1492 14.4446
      vertex 13.2837 -35.4758 13.0615
    endloop
  endfacet
  facet normal 0.363965 0.803312 0.471402
    outer loop
      vertex 12.9786 -36.1492 14.4446
      vertex 11.0309 -34.4551 13.0615
      vertex 10.7258 -35.1285 14.4446
    endloop
  endfacet
  facet normal 0.844051 0.255985 0.471222
    outer loop
      vertex -32.6616 -3.53752 14.4446
      vertex -31.9615 -3.2999 13.0615
      vertex -32.6872 -3.45311 14.4446
    endloop
  endfacet
  facet normal 0.881551 -0.028776 0.47121
    outer loop
      vertex -32.4025 0 13.0615
      vertex -32.4012 0.0398254 13.0615
      vertex -33.1418 0 14.4446
    endloop
  endfacet
  facet normal 0.844068 -0.25593 0.471221
    outer loop
      vertex -31.9615 3.2999 13.0615
      vertex -32.6616 3.53752 14.4446
      vertex -32.6872 3.45309 14.4446
    endloop
  endfacet
  facet normal 0.465556 0.749028 0.471396
    outer loop
      vertex 6.61266 -31.9042 13.0615
      vertex 6.60542 -31.8997 13.0615
      vertex 6.22227 -32.532 14.4446
    endloop
  endfacet
  facet normal 0.803472 0.363897 0.471182
    outer loop
      vertex -32.0898 -5.18604 14.4446
      vertex -31.4268 -4.85905 13.0615
      vertex -32.1262 -5.10567 14.4446
    endloop
  endfacet
  facet normal 0.58151 -0.663057 0.471382
    outer loop
      vertex -28.6822 8.93863 13.0615
      vertex -27.9902 10.5288 14.4446
      vertex -29.1696 9.49445 14.4446
    endloop
  endfacet
  facet normal 0.581497 -0.663061 0.471393
    outer loop
      vertex -27.9902 10.5288 14.4446
      vertex -28.6822 8.93863 13.0615
      vertex -27.5028 9.97295 13.0615
    endloop
  endfacet
  facet normal 0.881548 0.0289966 0.471202
    outer loop
      vertex -33.1389 -0.0881653 14.4446
      vertex -32.4012 -0.0398254 13.0615
      vertex -33.1418 0 14.4446
    endloop
  endfacet
  facet normal 0.83512 0.28344 0.471418
    outer loop
      vertex -32.6616 -3.53752 14.4446
      vertex -31.4573 -4.78546 13.0615
      vertex -31.9615 -3.2999 13.0615
    endloop
  endfacet
  facet normal 0.835127 0.283497 0.471373
    outer loop
      vertex -31.4573 -4.78546 13.0615
      vertex -32.6616 -3.53752 14.4446
      vertex -32.1573 -5.02309 14.4446
    endloop
  endfacet
  facet normal 0.644173 0.602528 0.47117
    outer loop
      vertex -28.7113 -8.91139 13.0615
      vertex -28.7385 -8.88231 13.0615
      vertex -29.234 -9.43413 14.4446
    endloop
  endfacet
  facet normal -0.852059 0.228016 0.471174
    outer loop
      vertex 24.4902 -37.8796 14.4446
      vertex 24.513 -37.7944 14.4446
      vertex 23.7931 -37.6265 13.0615
    endloop
  endfacet
  facet normal -0.763915 0.440951 0.471165
    outer loop
      vertex 24.3449 -38.2002 14.4446
      vertex 24.389 -38.1238 14.4446
      vertex 23.7371 -37.7753 13.0615
    endloop
  endfacet
  facet normal -0.815084 0.337035 0.471217
    outer loop
      vertex 24.4281 -38.0447 14.4446
      vertex 24.4618 -37.9632 14.4446
      vertex 23.7547 -37.7395 13.0615
    endloop
  endfacet
  facet normal -0.228017 0.852065 0.471161
    outer loop
      vertex 23.5061 -38.8012 14.4446
      vertex 23.5913 -38.7784 14.4446
      vertex 23.3383 -38.0813 13.0615
    endloop
  endfacet
  facet normal -0.664313 0.580167 0.471268
    outer loop
      vertex 24.2422 -38.3436 14.4446
      vertex 23.6707 -37.8745 13.0615
      vertex 23.6445 -37.9045 13.0615
    endloop
  endfacet
  facet normal -0.778018 -0.415532 0.471191
    outer loop
      vertex 23.7462 37.7575 13.0615
      vertex 24.4092 38.0845 14.4446
      vertex 23.7274 37.7927 13.0615
    endloop
  endfacet
  facet normal -0.365807 -0.802559 0.471257
    outer loop
      vertex 23.4693 38.0343 13.0615
      vertex 23.7963 38.6974 14.4446
      vertex 23.4331 38.0508 13.0615
    endloop
  endfacet
  facet normal -0.467062 -0.748185 0.471245
    outer loop
      vertex 23.5383 37.9945 13.0615
      vertex 23.9491 38.6092 14.4446
      vertex 23.5045 38.0156 13.0615
    endloop
  endfacet
  facet normal 0.337039 0.815093 0.471198
    outer loop
      vertex 13.0601 -36.1829 14.4446
      vertex 13.2837 -35.4758 13.0615
      vertex 12.9786 -36.1492 14.4446
    endloop
  endfacet
  facet normal 0.482009 -0.738563 0.471373
    outer loop
      vertex -25.9947 10.9869 13.0615
      vertex -25.9852 10.9931 13.0615
      vertex -26.4054 11.6016 14.4446
    endloop
  endfacet
  facet normal 0.877782 0.0863174 0.47122
    outer loop
      vertex -32.2947 -1.64499 13.0615
      vertex -32.2986 -1.60533 13.0615
      vertex -33.0277 -1.74149 14.4446
    endloop
  endfacet
  facet normal -0.881861 0.0139661 0.471302
    outer loop
      vertex 24.5475 -37.5324 14.4446
      vertex 24.5482 -37.4882 14.4446
      vertex 23.8087 -37.5081 13.0615
    endloop
  endfacet
  facet normal 0.143692 0.87014 0.471391
    outer loop
      vertex 20.5268 -37.6729 13.0615
      vertex 22.8468 -38.8053 14.4446
      vertex 22.9672 -38.0759 13.0615
    endloop
  endfacet
  facet normal 0.143692 0.87014 0.471391
    outer loop
      vertex 22.8468 -38.8053 14.4446
      vertex 20.5268 -37.6729 13.0615
      vertex 20.4064 -38.4023 14.4446
    endloop
  endfacet
  facet normal 0.465556 -0.749028 0.471396
    outer loop
      vertex 6.60542 31.8997 13.0615
      vertex 6.61266 31.9042 13.0615
      vertex 6.22227 32.532 14.4446
    endloop
  endfacet
  facet normal -0.465502 -0.749199 0.471178
    outer loop
      vertex 23.9491 38.6092 14.4446
      vertex 23.8741 38.6558 14.4446
      vertex 23.5045 38.0156 13.0615
    endloop
  endfacet
  facet normal 0.482729 -0.738086 0.471382
    outer loop
      vertex -25.9852 10.9931 13.0615
      vertex -26.3843 11.6154 14.4446
      vertex -26.4054 11.6016 14.4446
    endloop
  endfacet
  facet normal 0.390014 0.791109 0.471207
    outer loop
      vertex 11.0309 -34.4551 13.0615
      vertex 10.9952 -34.4375 13.0615
      vertex 10.7258 -35.1285 14.4446
    endloop
  endfacet
  facet normal -0.643376 -0.603352 0.471204
    outer loop
      vertex 24.2137 38.3772 14.4446
      vertex 24.1534 38.4415 14.4446
      vertex 23.6579 37.8897 13.0615
    endloop
  endfacet
  facet normal -0.170423 0.865397 0.471216
    outer loop
      vertex 23.4196 -38.8184 14.4446
      vertex 23.3383 -38.0813 13.0615
      vertex 23.2992 -38.089 13.0615
    endloop
  endfacet
  facet normal 0.835127 -0.283497 0.471373
    outer loop
      vertex -32.6616 3.53752 14.4446
      vertex -31.4573 4.78546 13.0615
      vertex -32.1573 5.02309 14.4446
    endloop
  endfacet
  facet normal 0.83512 -0.28344 0.471418
    outer loop
      vertex -31.4573 4.78546 13.0615
      vertex -32.6616 3.53752 14.4446
      vertex -31.9615 3.2999 13.0615
    endloop
  endfacet
  facet normal -0.87446 0.115119 0.471241
    outer loop
      vertex 24.5418 -37.6204 14.4446
      vertex 23.806 -37.5479 13.0615
      vertex 23.8008 -37.5874 13.0615
    endloop
  endfacet
  facet normal 0.716113 0.514983 0.471142
    outer loop
      vertex -29.7982 -7.67191 13.0615
      vertex -29.8215 -7.63951 13.0615
      vertex -30.4361 -8.05023 14.4446
    endloop
  endfacet
  facet normal 0.0580075 0.880113 0.471206
    outer loop
      vertex 23.1558 -38.8357 14.4446
      vertex 23.1801 -38.0968 13.0615
      vertex 23.0678 -38.8299 14.4446
    endloop
  endfacet
  facet normal 0.283569 -0.8352 0.4712
    outer loop
      vertex 15.6357 36.3624 13.0615
      vertex 15.6734 36.3752 13.0615
      vertex 15.3753 37.0543 14.4446
    endloop
  endfacet
  facet normal 0.643803 0.602909 0.471189
    outer loop
      vertex -29.234 -9.43413 14.4446
      vertex -28.7385 -8.88231 13.0615
      vertex -29.2943 -9.36974 14.4446
    endloop
  endfacet
  facet normal 0.825444 0.310866 0.471175
    outer loop
      vertex -32.1262 -5.10567 14.4446
      vertex -31.4573 -4.78546 13.0615
      vertex -32.1573 -5.02309 14.4446
    endloop
  endfacet
  facet normal 0.482009 0.738563 0.471373
    outer loop
      vertex -25.9852 -10.9931 13.0615
      vertex -25.9947 -10.9869 13.0615
      vertex -26.4054 -11.6016 14.4446
    endloop
  endfacet
  facet normal -0.748923 -0.465952 0.471171
    outer loop
      vertex 24.3676 38.1623 14.4446
      vertex 24.321 38.2372 14.4446
      vertex 23.7274 37.7927 13.0615
    endloop
  endfacet
  facet normal -0.858829 -0.20096 0.471199
    outer loop
      vertex 24.5224 37.7512 14.4446
      vertex 24.5023 37.8371 14.4446
      vertex 23.7973 37.607 13.0615
    endloop
  endfacet
  facet normal -0.790712 0.390858 0.471173
    outer loop
      vertex 24.389 -38.1238 14.4446
      vertex 24.4281 -38.0447 14.4446
      vertex 23.7371 -37.7753 13.0615
    endloop
  endfacet
  facet normal -0.623692 0.623692 0.471185
    outer loop
      vertex 24.1216 -38.4723 14.4446
      vertex 24.184 -38.4099 14.4446
      vertex 23.6445 -37.9045 13.0615
    endloop
  endfacet
  facet normal 0.559139 0.68217 0.471177
    outer loop
      vertex -27.922 -10.5847 14.4446
      vertex -27.472 -9.99823 13.0615
      vertex -27.9902 -10.5288 14.4446
    endloop
  endfacet
  facet normal 0.643849 -0.602859 0.47119
    outer loop
      vertex -28.7385 8.88231 13.0615
      vertex -29.234 9.43414 14.4446
      vertex -29.2943 9.36974 14.4446
    endloop
  endfacet
  facet normal -0.682563 -0.558642 0.471197
    outer loop
      vertex 24.2696 38.3089 14.4446
      vertex 24.2137 38.3772 14.4446
      vertex 23.6831 37.8589 13.0615
    endloop
  endfacet
  facet normal -0.390046 0.791094 0.471205
    outer loop
      vertex 23.7564 -38.7163 14.4446
      vertex 23.8355 -38.6773 14.4446
      vertex 23.487 -38.0253 13.0615
    endloop
  endfacet
  facet normal 0.310663 0.825394 0.471395
    outer loop
      vertex 13.3205 -35.491 13.0615
      vertex 15.3753 -37.0543 14.4446
      vertex 15.6357 -36.3624 13.0615
    endloop
  endfacet
  facet normal 0.310663 0.825394 0.471395
    outer loop
      vertex 15.3753 -37.0543 14.4446
      vertex 13.3205 -35.491 13.0615
      vertex 13.0601 -36.1829 14.4446
    endloop
  endfacet
  facet normal -0.256283 -0.843967 0.471209
    outer loop
      vertex 23.3958 38.0648 13.0615
      vertex 23.549 38.7905 14.4446
      vertex 23.3576 38.0764 13.0615
    endloop
  endfacet
  facet normal 0.681538 0.559867 0.471226
    outer loop
      vertex -30.3288 -8.19012 14.4446
      vertex -29.7982 -7.67191 13.0615
      vertex -30.3848 -8.12195 14.4446
    endloop
  endfacet
  facet normal -0.0580076 0.880115 0.471203
    outer loop
      vertex 23.2441 -38.8357 14.4446
      vertex 23.3321 -38.8299 14.4446
      vertex 23.2199 -38.0968 13.0615
    endloop
  endfacet
  facet normal -0.513892 -0.716849 0.471213
    outer loop
      vertex 24.0208 38.5578 14.4446
      vertex 23.9491 38.6092 14.4446
      vertex 23.5707 37.9713 13.0615
    endloop
  endfacet
  facet normal -0.881577 -0.0287952 0.47116
    outer loop
      vertex 23.809 37.4882 13.0615
      vertex 24.5482 37.4882 14.4446
      vertex 23.8077 37.528 13.0615
    endloop
  endfacet
  facet normal 0.877824 0.0859632 0.471207
    outer loop
      vertex -33.0277 -1.74149 14.4446
      vertex -32.2986 -1.60533 13.0615
      vertex -33.0363 -1.65367 14.4446
    endloop
  endfacet
  facet normal 0.602776 -0.643935 0.471179
    outer loop
      vertex -28.7113 8.91139 13.0615
      vertex -28.6822 8.93863 13.0615
      vertex -29.234 9.43414 14.4446
    endloop
  endfacet
  facet normal 0.227957 -0.852074 0.471175
    outer loop
      vertex 18.0403 37.0932 13.0615
      vertex 18.0788 37.1035 13.0615
      vertex 17.9109 37.8234 14.4446
    endloop
  endfacet
  facet normal -0.835141 0.283708 0.471221
    outer loop
      vertex 24.4618 -37.9632 14.4446
      vertex 24.4902 -37.8796 14.4446
      vertex 23.7827 -37.665 13.0615
    endloop
  endfacet
  facet normal -0.87437 0.115916 0.471212
    outer loop
      vertex 24.5302 -37.7079 14.4446
      vertex 24.5418 -37.6204 14.4446
      vertex 23.8008 -37.5874 13.0615
    endloop
  endfacet
  facet normal 0.803794 0.363146 0.471211
    outer loop
      vertex -31.4268 -4.85905 13.0615
      vertex -31.4432 -4.82275 13.0615
      vertex -32.1262 -5.10567 14.4446
    endloop
  endfacet
  facet normal 0.442186 -0.763213 0.471145
    outer loop
      vertex 8.77931 33.2515 13.0615
      vertex 8.81383 33.2715 13.0615
      vertex 8.46533 33.9234 14.4446
    endloop
  endfacet
  facet normal 0.859051 0.199965 0.471216
    outer loop
      vertex -32.6872 -3.45311 14.4446
      vertex -31.9821 -3.22296 13.0615
      vertex -32.7072 -3.36719 14.4446
    endloop
  endfacet
  facet normal 0.859219 0.199303 0.471191
    outer loop
      vertex -31.9731 -3.26176 13.0615
      vertex -31.9821 -3.22296 13.0615
      vertex -32.6872 -3.45311 14.4446
    endloop
  endfacet
  facet normal -0.777827 -0.415907 0.471176
    outer loop
      vertex 24.4092 38.0845 14.4446
      vertex 24.3676 38.1623 14.4446
      vertex 23.7274 37.7927 13.0615
    endloop
  endfacet
  facet normal -0.415907 -0.777827 0.471176
    outer loop
      vertex 23.8741 38.6558 14.4446
      vertex 23.7963 38.6974 14.4446
      vertex 23.5045 38.0156 13.0615
    endloop
  endfacet
  facet normal 0.877782 -0.0863174 0.47122
    outer loop
      vertex -32.2986 1.60533 13.0615
      vertex -32.2947 1.64499 13.0615
      vertex -33.0277 1.74149 14.4446
    endloop
  endfacet
  facet normal 0.581497 0.663061 0.471393
    outer loop
      vertex -28.6822 -8.93863 13.0615
      vertex -27.9902 -10.5288 14.4446
      vertex -27.5028 -9.97295 13.0615
    endloop
  endfacet
  facet normal 0.58151 0.663057 0.471382
    outer loop
      vertex -27.9902 -10.5288 14.4446
      vertex -28.6822 -8.93863 13.0615
      vertex -29.1696 -9.49445 14.4446
    endloop
  endfacet
  facet normal 0.390014 -0.791109 0.471207
    outer loop
      vertex 10.9952 34.4375 13.0615
      vertex 11.0309 34.4551 13.0615
      vertex 10.7258 35.1285 14.4446
    endloop
  endfacet
  facet normal 0.870191 -0.143949 0.471218
    outer loop
      vertex -32.2947 1.64499 13.0615
      vertex -33.0133 1.82854 14.4446
      vertex -33.0277 1.74149 14.4446
    endloop
  endfacet
  facet normal 0.0574977 0.880157 0.471188
    outer loop
      vertex 23.1801 -38.0968 13.0615
      vertex 23.1403 -38.0942 13.0615
      vertex 23.0678 -38.8299 14.4446
    endloop
  endfacet
  facet normal 0.682754 -0.558436 0.471165
    outer loop
      vertex -29.7982 7.67189 13.0615
      vertex -29.773 7.7027 13.0615
      vertex -30.3288 8.19012 14.4446
    endloop
  endfacet
  facet normal 0 0.882023 0.471207
    outer loop
      vertex 23.2199 -38.0968 13.0615
      vertex 23.1558 -38.8357 14.4446
      vertex 23.2441 -38.8357 14.4446
    endloop
  endfacet
  facet normal 0 0.882023 0.471207
    outer loop
      vertex 23.1558 -38.8357 14.4446
      vertex 23.2199 -38.0968 13.0615
      vertex 23.1801 -38.0968 13.0615
    endloop
  endfacet
  facet normal -0.283568 0.835196 0.471207
    outer loop
      vertex 23.5913 -38.7784 14.4446
      vertex 23.4145 -38.0581 13.0615
      vertex 23.3768 -38.0709 13.0615
    endloop
  endfacet
  facet normal 0.115122 0.874484 0.471195
    outer loop
      vertex 23.0067 -38.0811 13.0615
      vertex 22.9672 -38.0759 13.0615
      vertex 22.8468 -38.8053 14.4446
    endloop
  endfacet
  facet normal 0.489987 0.73328 0.471394
    outer loop
      vertex -27.4396 -10.0214 13.0615
      vertex -26.4054 -11.6016 14.4446
      vertex -25.9947 -10.9869 13.0615
    endloop
  endfacet
  facet normal 0.489987 0.73328 0.471394
    outer loop
      vertex -26.4054 -11.6016 14.4446
      vertex -27.4396 -10.0214 13.0615
      vertex -27.8503 -10.6361 14.4446
    endloop
  endfacet
  facet normal 0.33672 0.815218 0.47121
    outer loop
      vertex 13.3205 -35.491 13.0615
      vertex 13.2837 -35.4758 13.0615
      vertex 13.0601 -36.1829 14.4446
    endloop
  endfacet
  facet normal 0.733282 -0.49002 0.471358
    outer loop
      vertex -31.3078 6.74579 14.4446
      vertex -29.8215 7.63951 13.0615
      vertex -30.4361 8.05023 14.4446
    endloop
  endfacet
  facet normal 0.733289 -0.489969 0.4714
    outer loop
      vertex -29.8215 7.63951 13.0615
      vertex -31.3078 6.74579 14.4446
      vertex -30.6931 6.33507 13.0615
    endloop
  endfacet
  facet normal -0.310792 -0.825447 0.471217
    outer loop
      vertex 23.716 38.7338 14.4446
      vertex 23.6334 38.7649 14.4446
      vertex 23.3958 38.0648 13.0615
    endloop
  endfacet
  facet normal 0.440942 -0.7639 0.471196
    outer loop
      vertex 8.77931 33.2515 13.0615
      vertex 8.46533 33.9234 14.4446
      vertex 8.38893 33.8793 14.4446
    endloop
  endfacet
  facet normal 0.171827 -0.865129 0.471197
    outer loop
      vertex 20.5268 37.6729 13.0615
      vertex 20.4064 38.4023 14.4446
      vertex 20.3198 38.3851 14.4446
    endloop
  endfacet
  facet normal 0.390858 -0.790712 0.471173
    outer loop
      vertex 10.9952 34.4375 13.0615
      vertex 10.7258 35.1285 14.4446
      vertex 10.6467 35.0894 14.4446
    endloop
  endfacet
  facet normal 0.663068 -0.581496 0.471384
    outer loop
      vertex -30.3288 8.19012 14.4446
      vertex -28.7385 8.88231 13.0615
      vertex -29.2943 9.36974 14.4446
    endloop
  endfacet
  facet normal 0.663067 -0.5815 0.471381
    outer loop
      vertex -28.7385 8.88231 13.0615
      vertex -30.3288 8.19012 14.4446
      vertex -29.773 7.7027 13.0615
    endloop
  endfacet
  facet normal 0.717307 -0.513292 0.471171
    outer loop
      vertex -29.8215 7.63951 13.0615
      vertex -30.3848 8.12192 14.4446
      vertex -30.4361 8.05023 14.4446
    endloop
  endfacet
  facet normal -0.256013 -0.844044 0.471219
    outer loop
      vertex 23.6334 38.7649 14.4446
      vertex 23.549 38.7905 14.4446
      vertex 23.3958 38.0648 13.0615
    endloop
  endfacet
  facet normal -0.881588 -0.0279869 0.471189
    outer loop
      vertex 24.5482 37.4882 14.4446
      vertex 24.5454 37.5764 14.4446
      vertex 23.8077 37.528 13.0615
    endloop
  endfacet
  facet normal -0.662867 0.581883 0.471188
    outer loop
      vertex 24.184 -38.4099 14.4446
      vertex 24.2422 -38.3436 14.4446
      vertex 23.6445 -37.9045 13.0615
    endloop
  endfacet
  facet normal -0.580204 0.664356 0.471162
    outer loop
      vertex 24.1216 -38.4723 14.4446
      vertex 23.6163 -37.9327 13.0615
      vertex 23.5863 -37.9589 13.0615
    endloop
  endfacet
  facet normal 0.749491 0.464972 0.471236
    outer loop
      vertex -30.6931 -6.33507 13.0615
      vertex -30.7141 -6.30122 13.0615
      vertex -31.3544 -6.67085 14.4446
    endloop
  endfacet
  facet normal -0.602301 -0.644374 0.471186
    outer loop
      vertex 23.6306 37.9188 13.0615
      vertex 24.1534 38.4415 14.4446
      vertex 23.6015 37.946 13.0615
    endloop
  endfacet
  facet normal -0.14403 -0.870178 0.471217
    outer loop
      vertex 23.463 38.8105 14.4446
      vertex 23.376 38.8249 14.4446
      vertex 23.2795 38.0919 13.0615
    endloop
  endfacet
  facet normal -0.441692 0.763468 0.471196
    outer loop
      vertex 23.8355 -38.6773 14.4446
      vertex 23.9119 -38.6331 14.4446
      vertex 23.487 -38.0253 13.0615
    endloop
  endfacet
  facet normal 0.513078 -0.717468 0.471158
    outer loop
      vertex -27.472 9.99823 13.0615
      vertex -27.4396 10.0214 13.0615
      vertex -27.922 10.5847 14.4446
    endloop
  endfacet
  facet normal 0.283122 -0.835361 0.471183
    outer loop
      vertex 15.6734 36.3752 13.0615
      vertex 15.4588 37.0826 14.4446
      vertex 15.3753 37.0543 14.4446
    endloop
  endfacet
  facet normal -0.791524 0.389129 0.471242
    outer loop
      vertex 24.4281 -38.0447 14.4446
      vertex 23.7547 -37.7395 13.0615
      vertex 23.7371 -37.7753 13.0615
    endloop
  endfacet
  facet normal 0.870209 0.143854 0.471214
    outer loop
      vertex -32.2882 -1.68431 13.0615
      vertex -32.2947 -1.64499 13.0615
      vertex -33.0133 -1.82854 14.4446
    endloop
  endfacet
  facet normal -0.879968 0.0596963 0.471266
    outer loop
      vertex 24.5418 -37.6204 14.4446
      vertex 23.8087 -37.5081 13.0615
      vertex 23.806 -37.5479 13.0615
    endloop
  endfacet
  facet normal -0.880198 0.0570128 0.47117
    outer loop
      vertex 24.5418 -37.6204 14.4446
      vertex 24.5475 -37.5324 14.4446
      vertex 23.8087 -37.5081 13.0615
    endloop
  endfacet
  facet normal 0.870209 -0.143854 0.471214
    outer loop
      vertex -32.2947 1.64499 13.0615
      vertex -32.2882 1.68431 13.0615
      vertex -33.0133 1.82854 14.4446
    endloop
  endfacet
  facet normal 0.864965 -0.172077 0.471408
    outer loop
      vertex -33.0133 1.82854 14.4446
      vertex -31.9821 3.22296 13.0615
      vertex -32.7072 3.36719 14.4446
    endloop
  endfacet
  facet normal 0.864965 -0.172077 0.471408
    outer loop
      vertex -31.9821 3.22296 13.0615
      vertex -33.0133 1.82854 14.4446
      vertex -32.2882 1.68431 13.0615
    endloop
  endfacet
  facet normal -0.748197 -0.46707 0.471219
    outer loop
      vertex 23.7274 37.7927 13.0615
      vertex 24.321 38.2372 14.4446
      vertex 23.7063 37.8265 13.0615
    endloop
  endfacet
  facet normal -0.803812 -0.363155 0.471173
    outer loop
      vertex 23.7626 37.7212 13.0615
      vertex 24.4092 38.0845 14.4446
      vertex 23.7462 37.7575 13.0615
    endloop
  endfacet
  facet normal 0.877824 -0.0859632 0.471207
    outer loop
      vertex -32.2986 1.60533 13.0615
      vertex -33.0277 1.74149 14.4446
      vertex -33.0363 1.65367 14.4446
    endloop
  endfacet
  facet normal 0.170431 -0.865434 0.471145
    outer loop
      vertex 20.4877 37.6652 13.0615
      vertex 20.5268 37.6729 13.0615
      vertex 20.3198 38.3851 14.4446
    endloop
  endfacet
  facet normal 0.200275 -0.858897 0.471366
    outer loop
      vertex 18.0788 37.1035 13.0615
      vertex 20.3198 38.3851 14.4446
      vertex 17.9109 37.8234 14.4446
    endloop
  endfacet
  facet normal 0.200275 -0.858897 0.471366
    outer loop
      vertex 20.3198 38.3851 14.4446
      vertex 18.0788 37.1035 13.0615
      vertex 20.4877 37.6652 13.0615
    endloop
  endfacet
  facet normal 0.513898 -0.716857 0.471195
    outer loop
      vertex -27.4396 10.0214 13.0615
      vertex -27.8503 10.6361 14.4446
      vertex -27.922 10.5847 14.4446
    endloop
  endfacet
  facet normal -0.537666 0.699187 0.471225
    outer loop
      vertex 24.0553 -38.5304 14.4446
      vertex 23.5863 -37.9589 13.0615
      vertex 23.5547 -37.9832 13.0615
    endloop
  endfacet
  facet normal 0.681659 -0.55972 0.471226
    outer loop
      vertex -29.7982 7.67189 13.0615
      vertex -30.3288 8.19012 14.4446
      vertex -30.3848 8.12192 14.4446
    endloop
  endfacet
  facet normal 0.115122 -0.874484 0.471195
    outer loop
      vertex 22.9672 38.0759 13.0615
      vertex 23.0067 38.0811 13.0615
      vertex 22.8468 38.8053 14.4446
    endloop
  endfacet
  facet normal 0.663067 0.5815 0.471381
    outer loop
      vertex -30.3288 -8.19012 14.4446
      vertex -28.7385 -8.88231 13.0615
      vertex -29.773 -7.7027 13.0615
    endloop
  endfacet
  facet normal 0.663068 0.581496 0.471384
    outer loop
      vertex -28.7385 -8.88231 13.0615
      vertex -30.3288 -8.19012 14.4446
      vertex -29.2943 -9.36974 14.4446
    endloop
  endfacet
  facet normal 0.602967 0.643751 0.471185
    outer loop
      vertex -29.1696 -9.49445 14.4446
      vertex -28.6822 -8.93863 13.0615
      vertex -29.234 -9.43413 14.4446
    endloop
  endfacet
  facet normal -0.844147 -0.255741 0.471182
    outer loop
      vertex 24.5023 37.8371 14.4446
      vertex 24.4767 37.9216 14.4446
      vertex 23.7767 37.6839 13.0615
    endloop
  endfacet
  facet normal 0.028986 -0.881575 0.471154
    outer loop
      vertex 23.1602 38.0959 13.0615
      vertex 23.2 38.8364 14.4446
      vertex 23.1118 38.8335 14.4446
    endloop
  endfacet
  facet normal -0.716862 -0.513901 0.471184
    outer loop
      vertex 24.321 38.2372 14.4446
      vertex 24.2696 38.3089 14.4446
      vertex 23.6831 37.8589 13.0615
    endloop
  endfacet
  facet normal -0.364157 -0.803347 0.471193
    outer loop
      vertex 23.7963 38.6974 14.4446
      vertex 23.716 38.7338 14.4446
      vertex 23.4331 38.0508 13.0615
    endloop
  endfacet
  facet normal 0.227957 0.852074 0.471175
    outer loop
      vertex 18.0788 -37.1035 13.0615
      vertex 18.0403 -37.0932 13.0615
      vertex 17.9109 -37.8234 14.4446
    endloop
  endfacet
  facet normal -0.336724 0.815226 0.471194
    outer loop
      vertex 23.7564 -38.7163 14.4446
      vertex 23.4513 -38.0429 13.0615
      vertex 23.4145 -38.0581 13.0615
    endloop
  endfacet
  facet normal -0.559852 -0.681559 0.471215
    outer loop
      vertex 23.6015 37.946 13.0615
      vertex 24.089 38.5018 14.4446
      vertex 23.5707 37.9713 13.0615
    endloop
  endfacet
  facet normal -0.699174 0.537656 0.471255
    outer loop
      vertex 24.2422 -38.3436 14.4446
      vertex 23.695 -37.8429 13.0615
      vertex 23.6707 -37.8745 13.0615
    endloop
  endfacet
  facet normal 0.228016 -0.852059 0.471173
    outer loop
      vertex 18.0403 37.0932 13.0615
      vertex 17.9109 37.8234 14.4446
      vertex 17.8257 37.8006 14.4446
    endloop
  endfacet
  facet normal -0.763066 0.442357 0.471223
    outer loop
      vertex 24.3449 -38.2002 14.4446
      vertex 23.7371 -37.7753 13.0615
      vertex 23.7171 -37.8098 13.0615
    endloop
  endfacet
  facet normal 0.33672 -0.815218 0.47121
    outer loop
      vertex 13.2837 35.4758 13.0615
      vertex 13.3205 35.491 13.0615
      vertex 13.0601 36.1829 14.4446
    endloop
  endfacet
  facet normal 0.170431 0.865434 0.471145
    outer loop
      vertex 20.5268 -37.6729 13.0615
      vertex 20.4877 -37.6652 13.0615
      vertex 20.3198 -38.3851 14.4446
    endloop
  endfacet
  facet normal 0.171827 0.865129 0.471197
    outer loop
      vertex 20.4064 -38.4023 14.4446
      vertex 20.5268 -37.6729 13.0615
      vertex 20.3198 -38.3851 14.4446
    endloop
  endfacet
  facet normal -0.199303 -0.859216 0.471197
    outer loop
      vertex 23.3576 38.0764 13.0615
      vertex 23.549 38.7905 14.4446
      vertex 23.3188 38.0854 13.0615
    endloop
  endfacet
  facet normal 0.0750684 -0.878742 0.471356
    outer loop
      vertex 23.1403 38.0942 13.0615
      vertex 23.1602 38.0959 13.0615
      vertex 23.0678 38.8299 14.4446
    endloop
  endfacet
  facet normal 0.733289 0.489969 0.4714
    outer loop
      vertex -31.3078 -6.74579 14.4446
      vertex -29.8215 -7.63951 13.0615
      vertex -30.6931 -6.33507 13.0615
    endloop
  endfacet
  facet normal 0.733282 0.49002 0.471358
    outer loop
      vertex -29.8215 -7.63951 13.0615
      vertex -31.3078 -6.74579 14.4446
      vertex -30.4361 -8.05023 14.4446
    endloop
  endfacet
  facet normal 0.749489 -0.464971 0.471242
    outer loop
      vertex -30.7141 6.30122 13.0615
      vertex -30.6931 6.33507 13.0615
      vertex -31.3544 6.67087 14.4446
    endloop
  endfacet
  facet normal 0.602913 -0.643801 0.471186
    outer loop
      vertex -28.6822 8.93863 13.0615
      vertex -29.1696 9.49445 14.4446
      vertex -29.234 9.43414 14.4446
    endloop
  endfacet
  facet normal 0.0860636 -0.877717 0.471387
    outer loop
      vertex 23.0067 38.0811 13.0615
      vertex 23.0678 38.8299 14.4446
      vertex 22.9342 38.8168 14.4446
    endloop
  endfacet
  facet normal 0.0860636 -0.877717 0.471387
    outer loop
      vertex 23.0678 38.8299 14.4446
      vertex 23.0067 38.0811 13.0615
      vertex 23.1403 38.0942 13.0615
    endloop
  endfacet
  facet normal -0.513495 -0.717122 0.471231
    outer loop
      vertex 23.5707 37.9713 13.0615
      vertex 23.9491 38.6092 14.4446
      vertex 23.5383 37.9945 13.0615
    endloop
  endfacet
  facet normal -0.559726 -0.681666 0.471209
    outer loop
      vertex 24.089 38.5018 14.4446
      vertex 24.0208 38.5578 14.4446
      vertex 23.5707 37.9713 13.0615
    endloop
  endfacet
  facet normal -0.844392 -0.254869 0.471215
    outer loop
      vertex 23.7882 37.6458 13.0615
      vertex 24.5023 37.8371 14.4446
      vertex 23.7767 37.6839 13.0615
    endloop
  endfacet
  facet normal -0.172022 0.865112 0.471158
    outer loop
      vertex 23.4196 -38.8184 14.4446
      vertex 23.5061 -38.8012 14.4446
      vertex 23.3383 -38.0813 13.0615
    endloop
  endfacet
  facet normal 0.071921 -0.879035 0.471301
    outer loop
      vertex 23.1602 38.0959 13.0615
      vertex 23.1118 38.8335 14.4446
      vertex 23.0678 38.8299 14.4446
    endloop
  endfacet
  facet normal 0.0287952 -0.881577 0.47116
    outer loop
      vertex 23.2 38.0972 13.0615
      vertex 23.2 38.8364 14.4446
      vertex 23.1602 38.0959 13.0615
    endloop
  endfacet
  facet normal -0.0574978 0.880159 0.471185
    outer loop
      vertex 23.3321 -38.8299 14.4446
      vertex 23.2597 -38.0942 13.0615
      vertex 23.2199 -38.0968 13.0615
    endloop
  endfacet
  facet normal -0.581308 0.663352 0.471216
    outer loop
      vertex 24.0553 -38.5304 14.4446
      vertex 24.1216 -38.4723 14.4446
      vertex 23.5863 -37.9589 13.0615
    endloop
  endfacet
  facet normal -0.489778 0.733558 0.471179
    outer loop
      vertex 23.9119 -38.6331 14.4446
      vertex 23.5547 -37.9832 13.0615
      vertex 23.5216 -38.0053 13.0615
    endloop
  endfacet
  facet normal 0.310663 -0.825394 0.471395
    outer loop
      vertex 13.3205 35.491 13.0615
      vertex 15.3753 37.0543 14.4446
      vertex 13.0601 36.1829 14.4446
    endloop
  endfacet
  facet normal 0.310663 -0.825394 0.471395
    outer loop
      vertex 15.3753 37.0543 14.4446
      vertex 13.3205 35.491 13.0615
      vertex 15.6357 36.3624 13.0615
    endloop
  endfacet
  facet normal 0.283122 0.835361 0.471183
    outer loop
      vertex 15.4588 -37.0826 14.4446
      vertex 15.6734 -36.3752 13.0615
      vertex 15.3753 -37.0543 14.4446
    endloop
  endfacet
  facet normal 0.825068 -0.311806 0.471211
    outer loop
      vertex -31.4573 4.78546 13.0615
      vertex -31.4432 4.82277 13.0615
      vertex -32.1262 5.10567 14.4446
    endloop
  endfacet
  facet normal 0.825444 -0.310866 0.471175
    outer loop
      vertex -31.4573 4.78546 13.0615
      vertex -32.1262 5.10567 14.4446
      vertex -32.1573 5.02309 14.4446
    endloop
  endfacet
  facet normal 0.777845 -0.41581 0.47123
    outer loop
      vertex -30.7141 6.30122 13.0615
      vertex -31.3544 6.67087 14.4446
      vertex -31.396 6.59305 14.4446
    endloop
  endfacet
  facet normal 0.777757 -0.415984 0.471223
    outer loop
      vertex -30.7329 6.26607 13.0615
      vertex -30.7141 6.30122 13.0615
      vertex -31.396 6.59305 14.4446
    endloop
  endfacet
  facet normal 0.559135 -0.682164 0.47119
    outer loop
      vertex -27.5028 9.97295 13.0615
      vertex -27.922 10.5847 14.4446
      vertex -27.9902 10.5288 14.4446
    endloop
  endfacet
  facet normal -0.717135 -0.513504 0.471202
    outer loop
      vertex 23.7063 37.8265 13.0615
      vertex 24.321 38.2372 14.4446
      vertex 23.6831 37.8589 13.0615
    endloop
  endfacet
  facet normal -0.199789 -0.859093 0.471215
    outer loop
      vertex 23.549 38.7905 14.4446
      vertex 23.463 38.8105 14.4446
      vertex 23.3188 38.0854 13.0615
    endloop
  endfacet
  facet normal -0.230012 0.851488 0.471235
    outer loop
      vertex 23.5913 -38.7784 14.4446
      vertex 23.3768 -38.0709 13.0615
      vertex 23.3383 -38.0813 13.0615
    endloop
  endfacet
  facet normal 0.115065 0.874493 0.471193
    outer loop
      vertex 22.9342 -38.8168 14.4446
      vertex 23.0067 -38.0811 13.0615
      vertex 22.8468 -38.8053 14.4446
    endloop
  endfacet
  facet normal -0.337037 0.81509 0.471206
    outer loop
      vertex 23.6749 -38.75 14.4446
      vertex 23.7564 -38.7163 14.4446
      vertex 23.4145 -38.0581 13.0615
    endloop
  endfacet
  facet normal -0.489727 0.733591 0.471182
    outer loop
      vertex 23.9119 -38.6331 14.4446
      vertex 23.9853 -38.5841 14.4446
      vertex 23.5547 -37.9832 13.0615
    endloop
  endfacet
  facet normal -0.536866 0.699826 0.471188
    outer loop
      vertex 23.9853 -38.5841 14.4446
      vertex 24.0553 -38.5304 14.4446
      vertex 23.5547 -37.9832 13.0615
    endloop
  endfacet
  facet normal 0.748964 -0.465853 0.471205
    outer loop
      vertex -30.6931 6.33507 13.0615
      vertex -31.3078 6.74579 14.4446
      vertex -31.3544 6.67087 14.4446
    endloop
  endfacet
  facet normal 0.717386 0.513133 0.471223
    outer loop
      vertex -30.3848 -8.12195 14.4446
      vertex -29.7982 -7.67191 13.0615
      vertex -30.4361 -8.05023 14.4446
    endloop
  endfacet
  facet normal -0.115122 0.874484 0.471195
    outer loop
      vertex 23.4196 -38.8184 14.4446
      vertex 23.2992 -38.089 13.0615
      vertex 23.2597 -38.0942 13.0615
    endloop
  endfacet
  facet normal -0.114936 0.874512 0.471188
    outer loop
      vertex 23.3321 -38.8299 14.4446
      vertex 23.4196 -38.8184 14.4446
      vertex 23.2597 -38.0942 13.0615
    endloop
  endfacet
  facet normal -0.143926 -0.870198 0.471213
    outer loop
      vertex 23.3188 38.0854 13.0615
      vertex 23.463 38.8105 14.4446
      vertex 23.2795 38.0919 13.0615
    endloop
  endfacet
  facet normal -0.085985 -0.877847 0.47116
    outer loop
      vertex 23.376 38.8249 14.4446
      vertex 23.2882 38.8335 14.4446
      vertex 23.2398 38.0959 13.0615
    endloop
  endfacet
  facet normal -0.028986 -0.881575 0.471154
    outer loop
      vertex 23.2398 38.0959 13.0615
      vertex 23.2882 38.8335 14.4446
      vertex 23.2 38.8364 14.4446
    endloop
  endfacet
  facet normal 0.115065 -0.874493 0.471193
    outer loop
      vertex 23.0067 38.0811 13.0615
      vertex 22.9342 38.8168 14.4446
      vertex 22.8468 38.8053 14.4446
    endloop
  endfacet
  facet normal 0.199867 0.746871 0.634222
    outer loop
      vertex 17.9109 -37.8234 14.4446
      vertex 17.8257 -37.8006 14.4446
      vertex 17.685 -38.7924 15.6569
    endloop
  endfacet
  facet normal -0.175403 -0.753023 0.634184
    outer loop
      vertex 23.8065 39.7515 15.6569
      vertex 23.6571 39.7863 15.6569
      vertex 23.549 38.7905 14.4446
    endloop
  endfacet
  facet normal 0.681869 -0.364504 0.634186
    outer loop
      vertex -31.3544 6.67087 14.4446
      vertex -32.216 7.16833 15.6569
      vertex -32.2883 7.03308 15.6569
    endloop
  endfacet
  facet normal -0.628364 -0.450459 0.634228
    outer loop
      vertex 24.321 38.2372 14.4446
      vertex 25.059 38.9146 15.6569
      vertex 24.2696 38.3089 14.4446
    endloop
  endfacet
  facet normal 0.758151 0.150827 0.634396
    outer loop
      vertex -33.9891 -2.02264 15.6569
      vertex -32.7072 -3.36719 14.4446
      vertex -33.0133 -1.82854 14.4446
    endloop
  endfacet
  facet normal 0.758151 0.150827 0.634396
    outer loop
      vertex -32.7072 -3.36719 14.4446
      vertex -33.9891 -2.02264 15.6569
      vertex -33.683 -3.56129 15.6569
    endloop
  endfacet
  facet normal 0.450395 -0.628435 0.634204
    outer loop
      vertex -27.922 10.5847 14.4446
      vertex -28.403 11.4634 15.6569
      vertex -28.5276 11.3741 15.6569
    endloop
  endfacet
  facet normal 0.417383 -0.650647 0.634389
    outer loop
      vertex -26.3843 11.6154 14.4446
      vertex 5.66907 33.3593 15.6569
      vertex -26.9215 12.4528 15.6569
    endloop
  endfacet
  facet normal 0.417385 -0.65065 0.634385
    outer loop
      vertex 5.66907 33.3593 15.6569
      vertex -26.3843 11.6154 14.4446
      vertex 6.20625 32.5219 14.4446
    endloop
  endfacet
  facet normal 0.772751 0.0254179 0.6342
    outer loop
      vertex -33.1389 -0.0881653 14.4446
      vertex -33.1418 0 14.4446
      vertex -34.1317 -0.153229 15.6569
    endloop
  endfacet
  facet normal 0.490647 0.59755 0.634192
    outer loop
      vertex -28.5277 -11.3741 15.6569
      vertex -27.9902 -10.5288 14.4446
      vertex -28.6462 -11.2768 15.6569
    endloop
  endfacet
  facet normal 0.762805 -0.126185 0.634197
    outer loop
      vertex -33.0277 1.74149 14.4446
      vertex -33.0133 1.82854 14.4446
      vertex -33.9891 2.02264 15.6569
    endloop
  endfacet
  facet normal 0.295911 -0.714319 0.63418
    outer loop
      vertex 12.9786 36.1492 14.4446
      vertex 12.7097 37.1141 15.6569
      vertex 12.568 37.0554 15.6569
    endloop
  endfacet
  facet normal -0.669744 0.386313 0.634196
    outer loop
      vertex 25.1898 -38.7256 15.6569
      vertex 25.2664 -38.5928 15.6569
      vertex 24.3449 -38.2002 14.4446
    endloop
  endfacet
  facet normal -0.470976 0.613177 0.634189
    outer loop
      vertex 24.5648 -39.3929 15.6569
      vertex 24.6864 -39.2995 15.6569
      vertex 24.0553 -38.5304 14.4446
    endloop
  endfacet
  facet normal 0.59744 0.490783 0.63419
    outer loop
      vertex -30.3288 -8.19012 14.4446
      vertex -30.3848 -8.12195 14.4446
      vertex -31.0768 -8.8461 15.6569
    endloop
  endfacet
  facet normal 0.762835 0.126047 0.634189
    outer loop
      vertex -33.9891 -2.02264 15.6569
      vertex -33.0277 -1.74149 14.4446
      vertex -34.0141 -1.87134 15.6569
    endloop
  endfacet
  facet normal 0.248184 -0.732275 0.634175
    outer loop
      vertex 15.3753 37.0543 14.4446
      vertex 15.4588 37.0826 14.4446
      vertex 15.0248 37.9854 15.6569
    endloop
  endfacet
  facet normal 0.7399 0.224398 0.634187
    outer loop
      vertex -32.6616 -3.53752 14.4446
      vertex -32.6872 -3.45311 14.4446
      vertex -33.6037 -3.85733 15.6569
    endloop
  endfacet
  facet normal -0.732092 0.248701 0.634184
    outer loop
      vertex 25.3929 -38.3137 15.6569
      vertex 24.4902 -37.8796 14.4446
      vertex 24.4618 -37.9632 14.4446
    endloop
  endfacet
  facet normal -0.613196 0.470991 0.634159
    outer loop
      vertex 25.0112 -38.9747 15.6569
      vertex 25.1046 -38.8531 15.6569
      vertex 24.2422 -38.3436 14.4446
    endloop
  endfacet
  facet normal 0.528544 0.564294 0.634203
    outer loop
      vertex -29.1696 -9.49445 14.4446
      vertex -29.234 -9.43413 14.4446
      vertex -29.8256 -10.2425 15.6569
    endloop
  endfacet
  facet normal -0.126257 -0.7628 0.634189
    outer loop
      vertex 23.463 38.8105 14.4446
      vertex 23.5059 39.8113 15.6569
      vertex 23.376 38.8249 14.4446
    endloop
  endfacet
  facet normal 0.41339 -0.653203 0.634378
    outer loop
      vertex 6.20625 32.5219 14.4446
      vertex 5.69688 33.3769 15.6569
      vertex 5.66907 33.3593 15.6569
    endloop
  endfacet
  facet normal -0.450412 -0.628458 0.634169
    outer loop
      vertex 24.6264 39.3471 15.6569
      vertex 24.5018 39.4364 15.6569
      vertex 23.9491 38.6092 14.4446
    endloop
  endfacet
  facet normal 0.125912 -0.76266 0.634425
    outer loop
      vertex 20.4064 38.4023 14.4446
      vertex 22.6847 39.7869 15.6569
      vertex 20.2443 39.384 15.6569
    endloop
  endfacet
  facet normal 0.125948 -0.762686 0.634388
    outer loop
      vertex 22.6847 39.7869 15.6569
      vertex 20.4064 38.4023 14.4446
      vertex 22.8468 38.8053 14.4446
    endloop
  endfacet
  facet normal 0.704233 0.319143 0.634195
    outer loop
      vertex -32.9821 -5.62607 15.6569
      vertex -32.1262 -5.10567 14.4446
      vertex -33.0454 -5.48639 15.6569
    endloop
  endfacet
  facet normal 0.528794 0.564081 0.634184
    outer loop
      vertex -29.8256 -10.2425 15.6569
      vertex -29.234 -9.43413 14.4446
      vertex -29.9375 -10.1376 15.6569
    endloop
  endfacet
  facet normal 0.0508488 0.771498 0.634196
    outer loop
      vertex 23.1232 -39.8301 15.6569
      vertex 23.1558 -38.8357 14.4446
      vertex 23.0678 -38.8299 14.4446
    endloop
  endfacet
  facet normal 0.753041 -0.17533 0.634184
    outer loop
      vertex -32.7072 3.36719 14.4446
      vertex -32.6872 3.45309 14.4446
      vertex -33.6482 3.7106 15.6569
    endloop
  endfacet
  facet normal 0.762833 -0.126055 0.634189
    outer loop
      vertex -33.0277 1.74149 14.4446
      vertex -33.9891 2.02264 15.6569
      vertex -34.0141 1.87135 15.6569
    endloop
  endfacet
  facet normal 0.681868 -0.364504 0.634186
    outer loop
      vertex -31.396 6.59305 14.4446
      vertex -31.3544 6.67087 14.4446
      vertex -32.2883 7.03308 15.6569
    endloop
  endfacet
  facet normal -0.563961 -0.528878 0.63422
    outer loop
      vertex 24.2137 38.3772 14.4446
      vertex 24.8569 39.1451 15.6569
      vertex 24.1534 38.4415 14.4446
    endloop
  endfacet
  facet normal 0.248578 0.73212 0.6342
    outer loop
      vertex 15.17 -38.0347 15.6569
      vertex 15.4588 -37.0826 14.4446
      vertex 15.0248 -37.9854 15.6569
    endloop
  endfacet
  facet normal -0.71442 0.295657 0.634186
    outer loop
      vertex 25.3343 -38.4553 15.6569
      vertex 25.3929 -38.3137 15.6569
      vertex 24.4618 -37.9632 14.4446
    endloop
  endfacet
  facet normal 0.272278 -0.723459 0.634407
    outer loop
      vertex 13.0601 36.1829 14.4446
      vertex 15.0248 37.9854 15.6569
      vertex 12.7097 37.1141 15.6569
    endloop
  endfacet
  facet normal 0.272301 -0.72347 0.634384
    outer loop
      vertex 15.0248 37.9854 15.6569
      vertex 13.0601 36.1829 14.4446
      vertex 15.3753 37.0543 14.4446
    endloop
  endfacet
  facet normal -0.61346 0.470611 0.634186
    outer loop
      vertex 25.1046 -38.8531 15.6569
      vertex 24.2959 -38.2736 14.4446
      vertex 24.2422 -38.3436 14.4446
    endloop
  endfacet
  facet normal 0.450473 -0.628384 0.634198
    outer loop
      vertex -27.922 10.5847 14.4446
      vertex -27.8503 10.6361 14.4446
      vertex -28.403 11.4634 15.6569
    endloop
  endfacet
  facet normal 0.450459 0.628364 0.634228
    outer loop
      vertex -27.8503 -10.6361 14.4446
      vertex -27.922 -10.5847 14.4446
      vertex -28.5277 -11.3741 15.6569
    endloop
  endfacet
  facet normal 0.490394 -0.597746 0.634203
    outer loop
      vertex -27.922 10.5847 14.4446
      vertex -28.5276 11.3741 15.6569
      vertex -28.6462 11.2768 15.6569
    endloop
  endfacet
  facet normal -0.669633 0.386529 0.634182
    outer loop
      vertex 25.2664 -38.5928 15.6569
      vertex 24.389 -38.1238 14.4446
      vertex 24.3449 -38.2002 14.4446
    endloop
  endfacet
  facet normal 0.34194 -0.693463 0.634181
    outer loop
      vertex 10.7258 35.1285 14.4446
      vertex 10.3152 36.0347 15.6569
      vertex 10.1777 35.9669 15.6569
    endloop
  endfacet
  facet normal 0.597777 0.490411 0.634161
    outer loop
      vertex -31.0768 -8.8461 15.6569
      vertex -30.3848 -8.12195 14.4446
      vertex -31.174 -8.72762 15.6569
    endloop
  endfacet
  facet normal -0.0254079 -0.772751 0.634201
    outer loop
      vertex 23.2882 38.8335 14.4446
      vertex 23.3533 39.8263 15.6569
      vertex 23.2 38.8364 14.4446
    endloop
  endfacet
  facet normal -0.450485 -0.6284 0.634174
    outer loop
      vertex 24.0208 38.5578 14.4446
      vertex 24.6264 39.3471 15.6569
      vertex 23.9491 38.6092 14.4446
    endloop
  endfacet
  facet normal 0.752992 -0.175501 0.634195
    outer loop
      vertex -32.7072 3.36719 14.4446
      vertex -33.6482 3.7106 15.6569
      vertex -33.683 3.56129 15.6569
    endloop
  endfacet
  facet normal 0.581186 -0.509687 0.634383
    outer loop
      vertex -30.0423 10.0257 15.6569
      vertex -30.3288 8.19012 14.4446
      vertex -29.2943 9.36974 14.4446
    endloop
  endfacet
  facet normal 0.581179 -0.509689 0.634388
    outer loop
      vertex -30.3288 8.19012 14.4446
      vertex -30.0423 10.0257 15.6569
      vertex -31.0768 8.8461 15.6569
    endloop
  endfacet
  facet normal -0.752877 -0.176168 0.634147
    outer loop
      vertex 24.5224 37.7512 14.4446
      vertex 25.4981 37.9453 15.6569
      vertex 24.5023 37.8371 14.4446
    endloop
  endfacet
  facet normal -0.681834 -0.36458 0.634179
    outer loop
      vertex 24.4092 38.0845 14.4446
      vertex 25.3015 38.5245 15.6569
      vertex 24.3676 38.1623 14.4446
    endloop
  endfacet
  facet normal 0.429441 -0.642738 0.634405
    outer loop
      vertex -27.8503 10.6361 14.4446
      vertex -26.9581 12.4288 15.6569
      vertex -28.403 11.4634 15.6569
    endloop
  endfacet
  facet normal 0.429486 -0.642739 0.634373
    outer loop
      vertex -26.9581 12.4288 15.6569
      vertex -27.8503 10.6361 14.4446
      vertex -26.4054 11.6016 14.4446
    endloop
  endfacet
  facet normal 0.68183 0.364578 0.634185
    outer loop
      vertex -31.3544 -6.67085 14.4446
      vertex -31.396 -6.59305 14.4446
      vertex -32.2883 -7.03308 15.6569
    endloop
  endfacet
  facet normal 0.771349 0.0505527 0.634401
    outer loop
      vertex -34.1317 -0.153229 15.6569
      vertex -33.0363 -1.65367 14.4446
      vertex -33.1389 -0.0881653 14.4446
    endloop
  endfacet
  facet normal 0.771349 0.0505528 0.634401
    outer loop
      vertex -33.0363 -1.65367 14.4446
      vertex -34.1317 -0.153229 15.6569
      vertex -34.0291 -1.71873 15.6569
    endloop
  endfacet
  facet normal -0.769472 -0.0756361 0.634187
    outer loop
      vertex 25.5381 37.6414 15.6569
      vertex 25.5231 37.794 15.6569
      vertex 24.5367 37.6642 14.4446
    endloop
  endfacet
  facet normal 0.408195 -0.656438 0.634402
    outer loop
      vertex 6.22227 32.532 14.4446
      vertex 7.86354 34.7242 15.6569
      vertex 5.69688 33.3769 15.6569
    endloop
  endfacet
  facet normal 0.408195 -0.656438 0.634402
    outer loop
      vertex 7.86354 34.7242 15.6569
      vertex 6.22227 32.532 14.4446
      vertex 8.38893 33.8793 14.4446
    endloop
  endfacet
  facet normal 0.0754352 0.769324 0.634389
    outer loop
      vertex 22.9342 -38.8168 14.4446
      vertex 22.9702 -39.82 15.6569
      vertex 23.0678 -38.8299 14.4446
    endloop
  endfacet
  facet normal 0.0754352 0.769324 0.634389
    outer loop
      vertex 22.9702 -39.82 15.6569
      vertex 22.9342 -38.8168 14.4446
      vertex 22.8366 -39.8069 15.6569
    endloop
  endfacet
  facet normal -0.771537 0.0504272 0.634183
    outer loop
      vertex 25.5319 -37.718 15.6569
      vertex 25.5419 -37.565 15.6569
      vertex 24.5418 -37.6204 14.4446
    endloop
  endfacet
  facet normal 0.151241 -0.758219 0.634216
    outer loop
      vertex 20.4064 38.4023 14.4446
      vertex 20.2443 39.384 15.6569
      vertex 20.0939 39.354 15.6569
    endloop
  endfacet
  facet normal 0.528786 -0.564072 0.634198
    outer loop
      vertex -29.1696 9.49445 14.4446
      vertex -29.8256 10.2425 15.6569
      vertex -29.9375 10.1376 15.6569
    endloop
  endfacet
  facet normal -0.766467 0.101612 0.634195
    outer loop
      vertex 25.5118 -37.87 15.6569
      vertex 24.5418 -37.6204 14.4446
      vertex 24.5302 -37.7079 14.4446
    endloop
  endfacet
  facet normal -0.772931 0.0130835 0.634355
    outer loop
      vertex 25.5419 -37.565 15.6569
      vertex 25.5432 -37.4882 15.6569
      vertex 24.5475 -37.5324 14.4446
    endloop
  endfacet
  facet normal 0.769471 -0.0756262 0.634189
    outer loop
      vertex -33.0277 1.74149 14.4446
      vertex -34.0141 1.87135 15.6569
      vertex -34.0291 1.71873 15.6569
    endloop
  endfacet
  facet normal 0.769471 0.0756311 0.634188
    outer loop
      vertex -34.0141 -1.87134 15.6569
      vertex -33.0277 -1.74149 14.4446
      vertex -34.0291 -1.71873 15.6569
    endloop
  endfacet
  facet normal 0.423896 -0.646441 0.63437
    outer loop
      vertex -26.3843 11.6154 14.4446
      vertex -26.9215 12.4528 15.6569
      vertex -26.9581 12.4288 15.6569
    endloop
  endfacet
  facet normal 0.628842 0.449799 0.634222
    outer loop
      vertex -30.3848 -8.12195 14.4446
      vertex -30.4361 -8.05023 14.4446
      vertex -31.2634 -8.60298 15.6569
    endloop
  endfacet
  facet normal 0.693306 0.341871 0.63439
    outer loop
      vertex -32.9821 -5.62607 15.6569
      vertex -31.396 -6.59305 14.4446
      vertex -32.0898 -5.18604 14.4446
    endloop
  endfacet
  facet normal 0.693306 0.341871 0.63439
    outer loop
      vertex -31.396 -6.59305 14.4446
      vertex -32.9821 -5.62607 15.6569
      vertex -32.2883 -7.03308 15.6569
    endloop
  endfacet
  facet normal 0.417385 0.65065 0.634385
    outer loop
      vertex -26.3843 -11.6154 14.4446
      vertex 5.66907 -33.3593 15.6569
      vertex 6.20625 -32.5219 14.4446
    endloop
  endfacet
  facet normal 0.417383 0.650647 0.634389
    outer loop
      vertex 5.66907 -33.3593 15.6569
      vertex -26.3843 -11.6154 14.4446
      vertex -26.9215 -12.4528 15.6569
    endloop
  endfacet
  facet normal 0.450156 0.628605 0.634205
    outer loop
      vertex -28.403 -11.4634 15.6569
      vertex -27.8503 -10.6361 14.4446
      vertex -28.5277 -11.3741 15.6569
    endloop
  endfacet
  facet normal 0.769484 -0.0753537 0.634205
    outer loop
      vertex -33.0363 1.65367 14.4446
      vertex -33.0277 1.74149 14.4446
      vertex -34.0291 1.71873 15.6569
    endloop
  endfacet
  facet normal 0.10093 0.766563 0.634187
    outer loop
      vertex 22.8366 -39.8069 15.6569
      vertex 22.9342 -38.8168 14.4446
      vertex 22.6847 -39.7869 15.6569
    endloop
  endfacet
  facet normal 0.731986 0.248484 0.634391
    outer loop
      vertex -33.6037 -3.85733 15.6569
      vertex -32.1573 -5.02309 14.4446
      vertex -32.6616 -3.53752 14.4446
    endloop
  endfacet
  facet normal 0.731986 0.248484 0.634391
    outer loop
      vertex -32.1573 -5.02309 14.4446
      vertex -33.6037 -3.85733 15.6569
      vertex -33.0994 -5.3429 15.6569
    endloop
  endfacet
  facet normal 0.100865 -0.766575 0.634183
    outer loop
      vertex 22.8468 38.8053 14.4446
      vertex 22.9342 38.8168 14.4446
      vertex 22.6847 39.7869 15.6569
    endloop
  endfacet
  facet normal -0.772982 0 0.634428
    outer loop
      vertex 24.5482 -37.4882 14.4446
      vertex 25.5432 37.4882 15.6569
      vertex 24.5482 37.4882 14.4446
    endloop
  endfacet
  facet normal -0.772982 0 0.634428
    outer loop
      vertex 25.5432 37.4882 15.6569
      vertex 24.5482 -37.4882 14.4446
      vertex 25.5432 -37.4882 15.6569
    endloop
  endfacet
  facet normal -0.42956 0.642828 0.634233
    outer loop
      vertex 24.4373 -39.4781 15.6569
      vertex 24.5648 -39.3929 15.6569
      vertex 23.9119 -38.6331 14.4446
    endloop
  endfacet
  facet normal 0.628413 -0.450416 0.63421
    outer loop
      vertex -30.4361 8.05023 14.4446
      vertex -31.1741 8.72757 15.6569
      vertex -31.2634 8.60298 15.6569
    endloop
  endfacet
  facet normal 0.319022 0.704118 0.634383
    outer loop
      vertex 10.7258 -35.1285 14.4446
      vertex 12.568 -37.0554 15.6569
      vertex 12.9786 -36.1492 14.4446
    endloop
  endfacet
  facet normal 0.319022 0.704118 0.634383
    outer loop
      vertex 12.568 -37.0554 15.6569
      vertex 10.7258 -35.1285 14.4446
      vertex 10.3152 -36.0347 15.6569
    endloop
  endfacet
  facet normal 0.762805 0.126185 0.634197
    outer loop
      vertex -33.0133 -1.82854 14.4446
      vertex -33.0277 -1.74149 14.4446
      vertex -33.9891 -2.02264 15.6569
    endloop
  endfacet
  facet normal 0.772767 0.0252186 0.634188
    outer loop
      vertex -34.1317 -0.153229 15.6569
      vertex -33.1418 0 14.4446
      vertex -34.1367 -1.52588e-05 15.6569
    endloop
  endfacet
  facet normal 0.769484 0.0753537 0.634205
    outer loop
      vertex -33.0277 -1.74149 14.4446
      vertex -33.0363 -1.65367 14.4446
      vertex -34.0291 -1.71873 15.6569
    endloop
  endfacet
  facet normal -0.693269 0.342349 0.634173
    outer loop
      vertex 25.2664 -38.5928 15.6569
      vertex 25.3343 -38.4553 15.6569
      vertex 24.4281 -38.0447 14.4446
    endloop
  endfacet
  facet normal 0.150624 -0.758374 0.634178
    outer loop
      vertex 20.3198 38.3851 14.4446
      vertex 20.4064 38.4023 14.4446
      vertex 20.0939 39.354 15.6569
    endloop
  endfacet
  facet normal -0.723486 -0.272732 0.63418
    outer loop
      vertex 24.4767 37.9216 14.4446
      vertex 25.4188 38.2414 15.6569
      vertex 24.4456 38.0041 14.4446
    endloop
  endfacet
  facet normal 0.739899 -0.224395 0.634189
    outer loop
      vertex -32.6872 3.45309 14.4446
      vertex -33.6037 3.85733 15.6569
      vertex -33.6482 3.7106 15.6569
    endloop
  endfacet
  facet normal 0.295439 -0.714488 0.63421
    outer loop
      vertex 12.9786 36.1492 14.4446
      vertex 13.0601 36.1829 14.4446
      vertex 12.7097 37.1141 15.6569
    endloop
  endfacet
  facet normal 0.364396 -0.681713 0.634415
    outer loop
      vertex 8.46533 33.9234 14.4446
      vertex 10.1777 35.9669 15.6569
      vertex 7.99634 34.8009 15.6569
    endloop
  endfacet
  facet normal 0.364394 -0.681713 0.634417
    outer loop
      vertex 10.1777 35.9669 15.6569
      vertex 8.46533 33.9234 14.4446
      vertex 10.6467 35.0894 14.4446
    endloop
  endfacet
  facet normal -0.224438 -0.739888 0.634187
    outer loop
      vertex 23.9532 39.707 15.6569
      vertex 23.8065 39.7515 15.6569
      vertex 23.549 38.7905 14.4446
    endloop
  endfacet
  facet normal 0.656593 0.40829 0.63418
    outer loop
      vertex -31.3078 -6.74579 14.4446
      vertex -31.3544 -6.67085 14.4446
      vertex -32.135 -7.29854 15.6569
    endloop
  endfacet
  facet normal 0.723626 0.272324 0.634196
    outer loop
      vertex -33.0454 -5.48639 15.6569
      vertex -32.1262 -5.10567 14.4446
      vertex -33.0994 -5.3429 15.6569
    endloop
  endfacet
  facet normal 0.772751 -0.0254179 0.6342
    outer loop
      vertex -33.1418 0 14.4446
      vertex -33.1389 0.0881653 14.4446
      vertex -34.1317 0.153229 15.6569
    endloop
  endfacet
  facet normal 0.509694 -0.58117 0.634393
    outer loop
      vertex -28.6462 11.2768 15.6569
      vertex -29.1696 9.49445 14.4446
      vertex -27.9902 10.5288 14.4446
    endloop
  endfacet
  facet normal 0.509672 -0.581173 0.634407
    outer loop
      vertex -29.1696 9.49445 14.4446
      vertex -28.6462 11.2768 15.6569
      vertex -29.8256 10.2425 15.6569
    endloop
  endfacet
  facet normal 0.681836 0.364567 0.634186
    outer loop
      vertex -32.216 -7.1683 15.6569
      vertex -31.3544 -6.67085 14.4446
      vertex -32.2883 -7.03308 15.6569
    endloop
  endfacet
  facet normal 0.642718 0.429501 0.634383
    outer loop
      vertex -32.135 -7.29854 15.6569
      vertex -30.4361 -8.05023 14.4446
      vertex -31.3078 -6.74579 14.4446
    endloop
  endfacet
  facet normal 0.64272 0.429452 0.634415
    outer loop
      vertex -30.4361 -8.05023 14.4446
      vertex -32.135 -7.29854 15.6569
      vertex -31.2634 -8.60298 15.6569
    endloop
  endfacet
  facet normal 0.704223 -0.319162 0.634197
    outer loop
      vertex -32.1262 5.10567 14.4446
      vertex -32.9821 5.62607 15.6569
      vertex -33.0454 5.4864 15.6569
    endloop
  endfacet
  facet normal 0.771349 -0.0505528 0.634401
    outer loop
      vertex -34.1317 0.153229 15.6569
      vertex -33.0363 1.65367 14.4446
      vertex -34.0291 1.71873 15.6569
    endloop
  endfacet
  facet normal 0.771349 -0.0505527 0.634401
    outer loop
      vertex -33.0363 1.65367 14.4446
      vertex -34.1317 0.153229 15.6569
      vertex -33.1389 0.0881653 14.4446
    endloop
  endfacet
  facet normal -0.76286 -0.126051 0.634157
    outer loop
      vertex 25.5231 37.794 15.6569
      vertex 25.4981 37.9453 15.6569
      vertex 24.5224 37.7512 14.4446
    endloop
  endfacet
  facet normal 0.656541 -0.408367 0.634185
    outer loop
      vertex -31.3544 6.67087 14.4446
      vertex -31.3078 6.74579 14.4446
      vertex -32.216 7.16833 15.6569
    endloop
  endfacet
  facet normal 0.490134 -0.597982 0.634182
    outer loop
      vertex -27.9902 10.5288 14.4446
      vertex -27.922 10.5847 14.4446
      vertex -28.6462 11.2768 15.6569
    endloop
  endfacet
  facet normal 0.224402 -0.739713 0.634404
    outer loop
      vertex 15.4588 37.0826 14.4446
      vertex 17.5368 38.7527 15.6569
      vertex 15.17 38.0347 15.6569
    endloop
  endfacet
  facet normal 0.22439 -0.739707 0.634415
    outer loop
      vertex 17.5368 38.7527 15.6569
      vertex 15.4588 37.0826 14.4446
      vertex 17.8257 37.8006 14.4446
    endloop
  endfacet
  facet normal 0.423129 -0.646959 0.634355
    outer loop
      vertex -26.4054 11.6016 14.4446
      vertex -26.3843 11.6154 14.4446
      vertex -26.9581 12.4288 15.6569
    endloop
  endfacet
  facet normal 0.564354 0.528507 0.63418
    outer loop
      vertex -29.234 -9.43413 14.4446
      vertex -29.2943 -9.36974 14.4446
      vertex -30.0423 -10.0257 15.6569
    endloop
  endfacet
  facet normal 0.295439 0.714488 0.63421
    outer loop
      vertex 13.0601 -36.1829 14.4446
      vertex 12.9786 -36.1492 14.4446
      vertex 12.7097 -37.1141 15.6569
    endloop
  endfacet
  facet normal 0.342604 -0.693095 0.634226
    outer loop
      vertex 10.6467 35.0894 14.4446
      vertex 10.7258 35.1285 14.4446
      vertex 10.1777 35.9669 15.6569
    endloop
  endfacet
  facet normal 0.72357 0.2725 0.634185
    outer loop
      vertex -32.1262 -5.10567 14.4446
      vertex -32.1573 -5.02309 14.4446
      vertex -33.0994 -5.3429 15.6569
    endloop
  endfacet
  facet normal -0.581355 0.509757 0.634172
    outer loop
      vertex 24.9101 -39.09 15.6569
      vertex 25.0112 -38.9747 15.6569
      vertex 24.184 -38.4099 14.4446
    endloop
  endfacet
  facet normal -0.64306 0.42929 0.63418
    outer loop
      vertex 25.1046 -38.8531 15.6569
      vertex 24.3449 -38.2002 14.4446
      vertex 24.2959 -38.2736 14.4446
    endloop
  endfacet
  facet normal 0.175504 -0.7528 0.634422
    outer loop
      vertex 17.9109 37.8234 14.4446
      vertex 20.0939 39.354 15.6569
      vertex 17.685 38.7924 15.6569
    endloop
  endfacet
  facet normal 0.175541 -0.752822 0.634385
    outer loop
      vertex 20.0939 39.354 15.6569
      vertex 17.9109 37.8234 14.4446
      vertex 20.3198 38.3851 14.4446
    endloop
  endfacet
  facet normal -0.200189 0.746801 0.634203
    outer loop
      vertex 23.732 -39.7702 15.6569
      vertex 23.8801 -39.7305 15.6569
      vertex 23.5913 -38.7784 14.4446
    endloop
  endfacet
  facet normal -0.341742 0.693565 0.634176
    outer loop
      vertex 24.1669 -39.6225 15.6569
      vertex 24.3045 -39.5547 15.6569
      vertex 23.8355 -38.6773 14.4446
    endloop
  endfacet
  facet normal 0.597553 -0.490659 0.63418
    outer loop
      vertex -30.3848 8.12192 14.4446
      vertex -30.3288 8.19012 14.4446
      vertex -31.1741 8.72757 15.6569
    endloop
  endfacet
  facet normal 0.628292 0.450652 0.634162
    outer loop
      vertex -31.174 -8.72762 15.6569
      vertex -30.3848 -8.12195 14.4446
      vertex -31.2634 -8.60298 15.6569
    endloop
  endfacet
  facet normal -0.581087 0.510094 0.634147
    outer loop
      vertex 25.0112 -38.9747 15.6569
      vertex 24.2422 -38.3436 14.4446
      vertex 24.184 -38.4099 14.4446
    endloop
  endfacet
  facet normal -0.0252044 -0.772768 0.634188
    outer loop
      vertex 23.3533 39.8263 15.6569
      vertex 23.2 39.8313 15.6569
      vertex 23.2 38.8364 14.4446
    endloop
  endfacet
  facet normal 0.528513 -0.564355 0.634175
    outer loop
      vertex -29.234 9.43414 14.4446
      vertex -29.1696 9.49445 14.4446
      vertex -29.9375 10.1376 15.6569
    endloop
  endfacet
  facet normal 0.272301 0.72347 0.634384
    outer loop
      vertex 13.0601 -36.1829 14.4446
      vertex 15.0248 -37.9854 15.6569
      vertex 15.3753 -37.0543 14.4446
    endloop
  endfacet
  facet normal 0.272278 0.723459 0.634407
    outer loop
      vertex 15.0248 -37.9854 15.6569
      vertex 13.0601 -36.1829 14.4446
      vertex 12.7097 -37.1141 15.6569
    endloop
  endfacet
  facet normal 0.200061 0.746828 0.63421
    outer loop
      vertex 17.685 -38.7924 15.6569
      vertex 17.8257 -37.8006 14.4446
      vertex 17.5368 -38.7527 15.6569
    endloop
  endfacet
  facet normal -0.0756358 -0.769469 0.63419
    outer loop
      vertex 23.376 38.8249 14.4446
      vertex 23.5059 39.8113 15.6569
      vertex 23.3533 39.8263 15.6569
    endloop
  endfacet
  facet normal 0.564335 -0.528528 0.63418
    outer loop
      vertex -29.2943 9.36974 14.4446
      vertex -29.9375 10.1376 15.6569
      vertex -30.0423 10.0257 15.6569
    endloop
  endfacet
  facet normal -0.732138 0.248584 0.634176
    outer loop
      vertex 25.3929 -38.3137 15.6569
      vertex 25.4422 -38.1685 15.6569
      vertex 24.4902 -37.8796 14.4446
    endloop
  endfacet
  facet normal 0.295911 0.714319 0.63418
    outer loop
      vertex 12.7097 -37.1141 15.6569
      vertex 12.9786 -36.1492 14.4446
      vertex 12.568 -37.0554 15.6569
    endloop
  endfacet
  facet normal 0.386522 -0.669622 0.634198
    outer loop
      vertex 8.38893 33.8793 14.4446
      vertex 8.46533 33.9234 14.4446
      vertex 7.86354 34.7242 15.6569
    endloop
  endfacet
  facet normal 0.72357 -0.2725 0.634185
    outer loop
      vertex -32.1573 5.02309 14.4446
      vertex -32.1262 5.10567 14.4446
      vertex -33.0994 5.3429 15.6569
    endloop
  endfacet
  facet normal 0.753038 0.175288 0.634198
    outer loop
      vertex -32.6872 -3.45311 14.4446
      vertex -32.7072 -3.36719 14.4446
      vertex -33.683 -3.56129 15.6569
    endloop
  endfacet
  facet normal 0.564336 0.528529 0.634178
    outer loop
      vertex -29.9375 -10.1376 15.6569
      vertex -29.234 -9.43413 14.4446
      vertex -30.0423 -10.0257 15.6569
    endloop
  endfacet
  facet normal -0.528267 -0.56456 0.634197
    outer loop
      vertex 24.8569 39.1451 15.6569
      vertex 24.7449 39.2499 15.6569
      vertex 24.089 38.5018 14.4446
    endloop
  endfacet
  facet normal 0.342604 0.693095 0.634226
    outer loop
      vertex 10.7258 -35.1285 14.4446
      vertex 10.6467 -35.0894 14.4446
      vertex 10.1777 -35.9669 15.6569
    endloop
  endfacet
  facet normal -0.272442 -0.723592 0.634185
    outer loop
      vertex 23.716 38.7338 14.4446
      vertex 23.9532 39.707 15.6569
      vertex 23.6334 38.7649 14.4446
    endloop
  endfacet
  facet normal -0.772924 0.0122409 0.63438
    outer loop
      vertex 25.5432 -37.4882 15.6569
      vertex 24.5482 -37.4882 14.4446
      vertex 24.5475 -37.5324 14.4446
    endloop
  endfacet
  facet normal -0.490666 -0.597561 0.634168
    outer loop
      vertex 24.089 38.5018 14.4446
      vertex 24.6264 39.3471 15.6569
      vertex 24.0208 38.5578 14.4446
    endloop
  endfacet
  facet normal 0.704313 0.318987 0.634185
    outer loop
      vertex -32.0898 -5.18604 14.4446
      vertex -32.1262 -5.10567 14.4446
      vertex -32.9821 -5.62607 15.6569
    endloop
  endfacet
  facet normal 0.628785 -0.449947 0.634175
    outer loop
      vertex -30.4361 8.05023 14.4446
      vertex -30.3848 8.12192 14.4446
      vertex -31.1741 8.72757 15.6569
    endloop
  endfacet
  facet normal 0.656562 0.408335 0.634183
    outer loop
      vertex -32.135 -7.29854 15.6569
      vertex -31.3544 -6.67085 14.4446
      vertex -32.216 -7.1683 15.6569
    endloop
  endfacet
  facet normal -0.656722 -0.408055 0.634198
    outer loop
      vertex 25.2292 38.6598 15.6569
      vertex 25.1483 38.79 15.6569
      vertex 24.3676 38.1623 14.4446
    endloop
  endfacet
  facet normal 0.412259 -0.6539 0.634395
    outer loop
      vertex 6.20625 32.5219 14.4446
      vertex 6.22227 32.532 14.4446
      vertex 5.69688 33.3769 15.6569
    endloop
  endfacet
  facet normal 0.597615 -0.490576 0.634186
    outer loop
      vertex -30.3288 8.19012 14.4446
      vertex -31.0768 8.8461 15.6569
      vertex -31.1741 8.72757 15.6569
    endloop
  endfacet
  facet normal -0.758332 0.15079 0.634188
    outer loop
      vertex 25.4819 -38.0204 15.6569
      vertex 24.5302 -37.7079 14.4446
      vertex 24.513 -37.7944 14.4446
    endloop
  endfacet
  facet normal 0.656521 -0.408403 0.634182
    outer loop
      vertex -31.3078 6.74579 14.4446
      vertex -32.135 7.29854 15.6569
      vertex -32.216 7.16833 15.6569
    endloop
  endfacet
  facet normal 0.386522 0.669622 0.634198
    outer loop
      vertex 8.46533 -33.9234 14.4446
      vertex 8.38893 -33.8793 14.4446
      vertex 7.86354 -34.7242 15.6569
    endloop
  endfacet
  facet normal -0.739929 -0.224297 0.63419
    outer loop
      vertex 25.4633 38.0946 15.6569
      vertex 25.4188 38.2414 15.6569
      vertex 24.5023 37.8371 14.4446
    endloop
  endfacet
  facet normal -0.681921 -0.364397 0.634192
    outer loop
      vertex 25.3015 38.5245 15.6569
      vertex 25.2292 38.6598 15.6569
      vertex 24.3676 38.1623 14.4446
    endloop
  endfacet
  facet normal -0.73997 -0.22418 0.634182
    outer loop
      vertex 24.5023 37.8371 14.4446
      vertex 25.4188 38.2414 15.6569
      vertex 24.4767 37.9216 14.4446
    endloop
  endfacet
  facet normal 0.0254079 -0.772752 0.634199
    outer loop
      vertex 23.1118 38.8335 14.4446
      vertex 23.2 38.8364 14.4446
      vertex 23.0468 39.8263 15.6569
    endloop
  endfacet
  facet normal -0.528445 -0.564376 0.634213
    outer loop
      vertex 24.1534 38.4415 14.4446
      vertex 24.8569 39.1451 15.6569
      vertex 24.089 38.5018 14.4446
    endloop
  endfacet
  facet normal -0.769442 -0.0762431 0.63415
    outer loop
      vertex 24.5454 37.5764 14.4446
      vertex 25.5381 37.6414 15.6569
      vertex 24.5367 37.6642 14.4446
    endloop
  endfacet
  facet normal 0.490108 0.597949 0.634232
    outer loop
      vertex -27.922 -10.5847 14.4446
      vertex -27.9902 -10.5288 14.4446
      vertex -28.5277 -11.3741 15.6569
    endloop
  endfacet
  facet normal -0.628422 -0.450386 0.634222
    outer loop
      vertex 25.1483 38.79 15.6569
      vertex 25.059 38.9146 15.6569
      vertex 24.321 38.2372 14.4446
    endloop
  endfacet
  facet normal -0.772726 -0.0257239 0.634218
    outer loop
      vertex 25.5432 37.4882 15.6569
      vertex 25.5381 37.6414 15.6569
      vertex 24.5482 37.4882 14.4446
    endloop
  endfacet
  facet normal -0.772823 -0.0245341 0.634147
    outer loop
      vertex 24.5482 37.4882 14.4446
      vertex 25.5381 37.6414 15.6569
      vertex 24.5454 37.5764 14.4446
    endloop
  endfacet
  facet normal -0.766512 0.101361 0.63418
    outer loop
      vertex 25.5118 -37.87 15.6569
      vertex 25.5319 -37.718 15.6569
      vertex 24.5418 -37.6204 14.4446
    endloop
  endfacet
  facet normal -0.75834 0.15076 0.634187
    outer loop
      vertex 25.4819 -38.0204 15.6569
      vertex 25.5118 -37.87 15.6569
      vertex 24.5302 -37.7079 14.4446
    endloop
  endfacet
  facet normal -0.509587 0.581508 0.634169
    outer loop
      vertex 24.8017 -39.1984 15.6569
      vertex 24.1216 -38.4723 14.4446
      vertex 24.0553 -38.5304 14.4446
    endloop
  endfacet
  facet normal -0.509751 0.581349 0.634182
    outer loop
      vertex 24.6864 -39.2995 15.6569
      vertex 24.8017 -39.1984 15.6569
      vertex 24.0553 -38.5304 14.4446
    endloop
  endfacet
  facet normal 0.564399 -0.528467 0.634174
    outer loop
      vertex -29.2943 9.36974 14.4446
      vertex -29.234 9.43414 14.4446
      vertex -29.9375 10.1376 15.6569
    endloop
  endfacet
  facet normal -0.771544 0.049975 0.63421
    outer loop
      vertex 25.5419 -37.565 15.6569
      vertex 24.5475 -37.5324 14.4446
      vertex 24.5418 -37.6204 14.4446
    endloop
  endfacet
  facet normal -0.714517 0.295451 0.634172
    outer loop
      vertex 25.3343 -38.4553 15.6569
      vertex 24.4618 -37.9632 14.4446
      vertex 24.4281 -38.0447 14.4446
    endloop
  endfacet
  facet normal 0.248578 -0.73212 0.6342
    outer loop
      vertex 15.4588 37.0826 14.4446
      vertex 15.17 38.0347 15.6569
      vertex 15.0248 37.9854 15.6569
    endloop
  endfacet
  facet normal 0.386686 -0.669516 0.63421
    outer loop
      vertex 8.46533 33.9234 14.4446
      vertex 7.99634 34.8009 15.6569
      vertex 7.86354 34.7242 15.6569
    endloop
  endfacet
  facet normal -0.746822 0.200195 0.634176
    outer loop
      vertex 25.4422 -38.1685 15.6569
      vertex 25.4819 -38.0204 15.6569
      vertex 24.4902 -37.8796 14.4446
    endloop
  endfacet
  facet normal 0.100865 0.766575 0.634183
    outer loop
      vertex 22.9342 -38.8168 14.4446
      vertex 22.8468 -38.8053 14.4446
      vertex 22.6847 -39.7869 15.6569
    endloop
  endfacet
  facet normal 0.581186 0.509687 0.634383
    outer loop
      vertex -30.3288 -8.19012 14.4446
      vertex -30.0423 -10.0257 15.6569
      vertex -29.2943 -9.36974 14.4446
    endloop
  endfacet
  facet normal 0.581179 0.509689 0.634388
    outer loop
      vertex -30.0423 -10.0257 15.6569
      vertex -30.3288 -8.19012 14.4446
      vertex -31.0768 -8.8461 15.6569
    endloop
  endfacet
  facet normal -0.642849 0.429574 0.634201
    outer loop
      vertex 25.1046 -38.8531 15.6569
      vertex 25.1898 -38.7256 15.6569
      vertex 24.3449 -38.2002 14.4446
    endloop
  endfacet
  facet normal -0.546728 0.546728 0.634174
    outer loop
      vertex 24.8017 -39.1984 15.6569
      vertex 24.184 -38.4099 14.4446
      vertex 24.1216 -38.4723 14.4446
    endloop
  endfacet
  facet normal -0.546728 0.546728 0.634174
    outer loop
      vertex 24.8017 -39.1984 15.6569
      vertex 24.9101 -39.09 15.6569
      vertex 24.184 -38.4099 14.4446
    endloop
  endfacet
  facet normal 0.150624 0.758374 0.634178
    outer loop
      vertex 20.4064 -38.4023 14.4446
      vertex 20.3198 -38.3851 14.4446
      vertex 20.0939 -39.354 15.6569
    endloop
  endfacet
  facet normal 0.175541 0.752822 0.634385
    outer loop
      vertex 17.9109 -37.8234 14.4446
      vertex 20.0939 -39.354 15.6569
      vertex 20.3198 -38.3851 14.4446
    endloop
  endfacet
  facet normal 0.175504 0.7528 0.634422
    outer loop
      vertex 20.0939 -39.354 15.6569
      vertex 17.9109 -37.8234 14.4446
      vertex 17.685 -38.7924 15.6569
    endloop
  endfacet
  facet normal 0.151241 0.758219 0.634216
    outer loop
      vertex 20.2443 -39.384 15.6569
      vertex 20.4064 -38.4023 14.4446
      vertex 20.0939 -39.354 15.6569
    endloop
  endfacet
  facet normal -0.723624 -0.272305 0.634207
    outer loop
      vertex 25.4188 38.2414 15.6569
      vertex 25.3648 38.3849 15.6569
      vertex 24.4456 38.0041 14.4446
    endloop
  endfacet
  facet normal 0.772768 -0.0252136 0.634188
    outer loop
      vertex -33.1418 0 14.4446
      vertex -34.1317 0.153229 15.6569
      vertex -34.1367 -1.52588e-05 15.6569
    endloop
  endfacet
  facet normal 0.739916 -0.22435 0.634186
    outer loop
      vertex -32.6872 3.45309 14.4446
      vertex -32.6616 3.53752 14.4446
      vertex -33.6037 3.85733 15.6569
    endloop
  endfacet
  facet normal -0.752996 -0.175514 0.634186
    outer loop
      vertex 25.4981 37.9453 15.6569
      vertex 25.4633 38.0946 15.6569
      vertex 24.5023 37.8371 14.4446
    endloop
  endfacet
  facet normal -0.100748 0.766558 0.634223
    outer loop
      vertex 23.4296 -39.8201 15.6569
      vertex 23.4196 -38.8184 14.4446
      vertex 23.3321 -38.8299 14.4446
    endloop
  endfacet
  facet normal 0.386686 0.669516 0.63421
    outer loop
      vertex 7.99634 -34.8009 15.6569
      vertex 8.46533 -33.9234 14.4446
      vertex 7.86354 -34.7242 15.6569
    endloop
  endfacet
  facet normal -0.597565 -0.490659 0.634168
    outer loop
      vertex 25.059 38.9146 15.6569
      vertex 24.9617 39.0331 15.6569
      vertex 24.2137 38.3772 14.4446
    endloop
  endfacet
  facet normal -0.408061 -0.65675 0.634165
    outer loop
      vertex 23.9491 38.6092 14.4446
      vertex 24.5018 39.4364 15.6569
      vertex 23.8741 38.6558 14.4446
    endloop
  endfacet
  facet normal 0.739891 0.224423 0.634189
    outer loop
      vertex -33.6037 -3.85733 15.6569
      vertex -32.6872 -3.45311 14.4446
      vertex -33.6482 -3.71062 15.6569
    endloop
  endfacet
  facet normal 0.753003 0.175481 0.634186
    outer loop
      vertex -33.6482 -3.71062 15.6569
      vertex -32.6872 -3.45311 14.4446
      vertex -33.683 -3.56129 15.6569
    endloop
  endfacet
  facet normal -0.564577 -0.528282 0.63417
    outer loop
      vertex 24.9617 39.0331 15.6569
      vertex 24.8569 39.1451 15.6569
      vertex 24.2137 38.3772 14.4446
    endloop
  endfacet
  facet normal -0.126127 -0.762815 0.634196
    outer loop
      vertex 23.6571 39.7863 15.6569
      vertex 23.5059 39.8113 15.6569
      vertex 23.463 38.8105 14.4446
    endloop
  endfacet
  facet normal 0.429486 0.642739 0.634373
    outer loop
      vertex -27.8503 -10.6361 14.4446
      vertex -26.9581 -12.4288 15.6569
      vertex -26.4054 -11.6016 14.4446
    endloop
  endfacet
  facet normal 0.429441 0.642738 0.634405
    outer loop
      vertex -26.9581 -12.4288 15.6569
      vertex -27.8503 -10.6361 14.4446
      vertex -28.403 -11.4634 15.6569
    endloop
  endfacet
  facet normal -0.762935 -0.125402 0.634196
    outer loop
      vertex 24.5367 37.6642 14.4446
      vertex 25.5231 37.794 15.6569
      vertex 24.5224 37.7512 14.4446
    endloop
  endfacet
  facet normal 0.758151 -0.150827 0.634396
    outer loop
      vertex -33.9891 2.02264 15.6569
      vertex -32.7072 3.36719 14.4446
      vertex -33.683 3.56129 15.6569
    endloop
  endfacet
  facet normal 0.758151 -0.150827 0.634396
    outer loop
      vertex -32.7072 3.36719 14.4446
      vertex -33.9891 2.02264 15.6569
      vertex -33.0133 1.82854 14.4446
    endloop
  endfacet
  facet normal 0.704313 -0.318987 0.634185
    outer loop
      vertex -32.1262 5.10567 14.4446
      vertex -32.0898 5.18604 14.4446
      vertex -32.9821 5.62607 15.6569
    endloop
  endfacet
  facet normal 0.723631 -0.272307 0.634197
    outer loop
      vertex -32.1262 5.10567 14.4446
      vertex -33.0454 5.4864 15.6569
      vertex -33.0994 5.3429 15.6569
    endloop
  endfacet
  facet normal -0.364573 -0.681821 0.634197
    outer loop
      vertex 23.8741 38.6558 14.4446
      vertex 24.2364 39.5897 15.6569
      vertex 23.7963 38.6974 14.4446
    endloop
  endfacet
  facet normal 0.64272 -0.429452 0.634415
    outer loop
      vertex -32.135 7.29854 15.6569
      vertex -30.4361 8.05023 14.4446
      vertex -31.2634 8.60298 15.6569
    endloop
  endfacet
  facet normal 0.642718 -0.429501 0.634383
    outer loop
      vertex -30.4361 8.05023 14.4446
      vertex -32.135 7.29854 15.6569
      vertex -31.3078 6.74579 14.4446
    endloop
  endfacet
  facet normal -0.272308 -0.723634 0.634193
    outer loop
      vertex 24.0967 39.653 15.6569
      vertex 23.9532 39.707 15.6569
      vertex 23.716 38.7338 14.4446
    endloop
  endfacet
  facet normal -0.175133 -0.753072 0.634201
    outer loop
      vertex 23.549 38.7905 14.4446
      vertex 23.6571 39.7863 15.6569
      vertex 23.463 38.8105 14.4446
    endloop
  endfacet
  facet normal 0.693306 -0.341871 0.63439
    outer loop
      vertex -32.9821 5.62607 15.6569
      vertex -31.396 6.59305 14.4446
      vertex -32.2883 7.03308 15.6569
    endloop
  endfacet
  facet normal 0.693306 -0.341871 0.63439
    outer loop
      vertex -31.396 6.59305 14.4446
      vertex -32.9821 5.62607 15.6569
      vertex -32.0898 5.18604 14.4446
    endloop
  endfacet
  facet normal -0.746892 0.199872 0.634195
    outer loop
      vertex 25.4819 -38.0204 15.6569
      vertex 24.513 -37.7944 14.4446
      vertex 24.4902 -37.8796 14.4446
    endloop
  endfacet
  facet normal -0.704157 -0.319292 0.634205
    outer loop
      vertex 25.3648 38.3849 15.6569
      vertex 25.3015 38.5245 15.6569
      vertex 24.4456 38.0041 14.4446
    endloop
  endfacet
  facet normal -0.150785 0.758308 0.634218
    outer loop
      vertex 23.732 -39.7702 15.6569
      vertex 23.5061 -38.8012 14.4446
      vertex 23.4196 -38.8184 14.4446
    endloop
  endfacet
  facet normal -0.248695 0.732074 0.634207
    outer loop
      vertex 24.0253 -39.6812 15.6569
      vertex 23.6749 -38.75 14.4446
      vertex 23.5913 -38.7784 14.4446
    endloop
  endfacet
  facet normal 0.10093 -0.766563 0.634187
    outer loop
      vertex 22.9342 38.8168 14.4446
      vertex 22.8366 39.8069 15.6569
      vertex 22.6847 39.7869 15.6569
    endloop
  endfacet
  facet normal -0.429276 0.643038 0.634211
    outer loop
      vertex 24.5648 -39.3929 15.6569
      vertex 23.9853 -38.5841 14.4446
      vertex 23.9119 -38.6331 14.4446
    endloop
  endfacet
  facet normal 0.0633662 -0.770453 0.63434
    outer loop
      vertex 23.0678 38.8299 14.4446
      vertex 23.0468 39.8263 15.6569
      vertex 22.9702 39.82 15.6569
    endloop
  endfacet
  facet normal -0.656464 -0.408428 0.634225
    outer loop
      vertex 24.3676 38.1623 14.4446
      vertex 25.1483 38.79 15.6569
      vertex 24.321 38.2372 14.4446
    endloop
  endfacet
  facet normal 0.41339 0.653203 0.634378
    outer loop
      vertex 5.69688 -33.3769 15.6569
      vertex 6.20625 -32.5219 14.4446
      vertex 5.66907 -33.3593 15.6569
    endloop
  endfacet
  facet normal 0.0252209 -0.772767 0.634188
    outer loop
      vertex 23.2 38.8364 14.4446
      vertex 23.2 39.8313 15.6569
      vertex 23.0468 39.8263 15.6569
    endloop
  endfacet
  facet normal 0.509694 0.58117 0.634393
    outer loop
      vertex -29.1696 -9.49445 14.4446
      vertex -28.6462 -11.2768 15.6569
      vertex -27.9902 -10.5288 14.4446
    endloop
  endfacet
  facet normal 0.509672 0.581173 0.634407
    outer loop
      vertex -28.6462 -11.2768 15.6569
      vertex -29.1696 -9.49445 14.4446
      vertex -29.8256 -10.2425 15.6569
    endloop
  endfacet
  facet normal 0.199867 -0.746871 0.634222
    outer loop
      vertex 17.8257 37.8006 14.4446
      vertex 17.9109 37.8234 14.4446
      vertex 17.685 38.7924 15.6569
    endloop
  endfacet
  facet normal 0.0509289 0.771497 0.634191
    outer loop
      vertex 23.1232 -39.8301 15.6569
      vertex 23.0678 -38.8299 14.4446
      vertex 22.9702 -39.82 15.6569
    endloop
  endfacet
  facet normal 0.319022 -0.704118 0.634383
    outer loop
      vertex 10.7258 35.1285 14.4446
      vertex 12.568 37.0554 15.6569
      vertex 10.3152 36.0347 15.6569
    endloop
  endfacet
  facet normal 0.319022 -0.704118 0.634383
    outer loop
      vertex 12.568 37.0554 15.6569
      vertex 10.7258 35.1285 14.4446
      vertex 12.9786 36.1492 14.4446
    endloop
  endfacet
  facet normal -0.0753706 -0.769482 0.634206
    outer loop
      vertex 23.376 38.8249 14.4446
      vertex 23.3533 39.8263 15.6569
      vertex 23.2882 38.8335 14.4446
    endloop
  endfacet
  facet normal -0.704363 -0.31889 0.634178
    outer loop
      vertex 24.4456 38.0041 14.4446
      vertex 25.3015 38.5245 15.6569
      vertex 24.4092 38.0845 14.4446
    endloop
  endfacet
  facet normal 0.0630386 -0.770472 0.63435
    outer loop
      vertex 23.0678 38.8299 14.4446
      vertex 23.1118 38.8335 14.4446
      vertex 23.0468 39.8263 15.6569
    endloop
  endfacet
  facet normal -0.69312 0.342617 0.634192
    outer loop
      vertex 25.2664 -38.5928 15.6569
      vertex 24.4281 -38.0447 14.4446
      vertex 24.389 -38.1238 14.4446
    endloop
  endfacet
  facet normal -0.295455 0.714528 0.634158
    outer loop
      vertex 24.1669 -39.6225 15.6569
      vertex 23.7564 -38.7163 14.4446
      vertex 23.6749 -38.75 14.4446
    endloop
  endfacet
  facet normal -0.408422 -0.6565 0.634192
    outer loop
      vertex 24.5018 39.4364 15.6569
      vertex 24.3716 39.5174 15.6569
      vertex 23.8741 38.6558 14.4446
    endloop
  endfacet
  facet normal 0.22439 0.739707 0.634415
    outer loop
      vertex 15.4588 -37.0826 14.4446
      vertex 17.5368 -38.7527 15.6569
      vertex 17.8257 -37.8006 14.4446
    endloop
  endfacet
  facet normal 0.224402 0.739713 0.634404
    outer loop
      vertex 17.5368 -38.7527 15.6569
      vertex 15.4588 -37.0826 14.4446
      vertex 15.17 -38.0347 15.6569
    endloop
  endfacet
  facet normal 0.34194 0.693463 0.634181
    outer loop
      vertex 10.3152 -36.0347 15.6569
      vertex 10.7258 -35.1285 14.4446
      vertex 10.1777 -35.9669 15.6569
    endloop
  endfacet
  facet normal 0.0754352 -0.769324 0.634389
    outer loop
      vertex 22.9342 38.8168 14.4446
      vertex 22.9702 39.82 15.6569
      vertex 22.8366 39.8069 15.6569
    endloop
  endfacet
  facet normal 0.0754352 -0.769324 0.634389
    outer loop
      vertex 22.9702 39.82 15.6569
      vertex 22.9342 38.8168 14.4446
      vertex 23.0678 38.8299 14.4446
    endloop
  endfacet
  facet normal -0.387191 0.669262 0.634169
    outer loop
      vertex 24.3045 -39.5547 15.6569
      vertex 23.9119 -38.6331 14.4446
      vertex 23.8355 -38.6773 14.4446
    endloop
  endfacet
  facet normal -0.598296 -0.489674 0.634241
    outer loop
      vertex 24.2696 38.3089 14.4446
      vertex 25.059 38.9146 15.6569
      vertex 24.2137 38.3772 14.4446
    endloop
  endfacet
  facet normal 0.731986 -0.248484 0.634391
    outer loop
      vertex -33.6037 3.85733 15.6569
      vertex -32.1573 5.02309 14.4446
      vertex -33.0994 5.3429 15.6569
    endloop
  endfacet
  facet normal 0.731986 -0.248484 0.634391
    outer loop
      vertex -32.1573 5.02309 14.4446
      vertex -33.6037 3.85733 15.6569
      vertex -32.6616 3.53752 14.4446
    endloop
  endfacet
  facet normal 0.423129 0.646959 0.634355
    outer loop
      vertex -26.3843 -11.6154 14.4446
      vertex -26.4054 -11.6016 14.4446
      vertex -26.9581 -12.4288 15.6569
    endloop
  endfacet
  facet normal 0.423896 0.646441 0.63437
    outer loop
      vertex -26.9215 -12.4528 15.6569
      vertex -26.3843 -11.6154 14.4446
      vertex -26.9581 -12.4288 15.6569
    endloop
  endfacet
  facet normal -0.150756 0.758315 0.634216
    outer loop
      vertex 23.5816 -39.8001 15.6569
      vertex 23.732 -39.7702 15.6569
      vertex 23.4196 -38.8184 14.4446
    endloop
  endfacet
  facet normal -0.296083 0.714231 0.634199
    outer loop
      vertex 24.0253 -39.6812 15.6569
      vertex 24.1669 -39.6225 15.6569
      vertex 23.6749 -38.75 14.4446
    endloop
  endfacet
  facet normal -0.100862 0.766549 0.634216
    outer loop
      vertex 23.4296 -39.8201 15.6569
      vertex 23.5816 -39.8001 15.6569
      vertex 23.4196 -38.8184 14.4446
    endloop
  endfacet
  facet normal -0.319213 -0.704197 0.6342
    outer loop
      vertex 23.7963 38.6974 14.4446
      vertex 24.2364 39.5897 15.6569
      vertex 23.716 38.7338 14.4446
    endloop
  endfacet
  facet normal -0.319106 -0.704252 0.634193
    outer loop
      vertex 24.2364 39.5897 15.6569
      vertex 24.0967 39.653 15.6569
      vertex 23.716 38.7338 14.4446
    endloop
  endfacet
  facet normal -0.470596 0.61344 0.634217
    outer loop
      vertex 24.5648 -39.3929 15.6569
      vertex 24.0553 -38.5304 14.4446
      vertex 23.9853 -38.5841 14.4446
    endloop
  endfacet
  facet normal 0.200061 -0.746828 0.63421
    outer loop
      vertex 17.8257 37.8006 14.4446
      vertex 17.685 38.7924 15.6569
      vertex 17.5368 38.7527 15.6569
    endloop
  endfacet
  facet normal -0.364605 -0.681806 0.634195
    outer loop
      vertex 24.3716 39.5174 15.6569
      vertex 24.2364 39.5897 15.6569
      vertex 23.8741 38.6558 14.4446
    endloop
  endfacet
  facet normal 0.125948 0.762686 0.634388
    outer loop
      vertex 20.4064 -38.4023 14.4446
      vertex 22.6847 -39.7869 15.6569
      vertex 22.8468 -38.8053 14.4446
    endloop
  endfacet
  facet normal 0.125912 0.76266 0.634425
    outer loop
      vertex 22.6847 -39.7869 15.6569
      vertex 20.4064 -38.4023 14.4446
      vertex 20.2443 -39.384 15.6569
    endloop
  endfacet
  facet normal -0.3863 0.669721 0.634229
    outer loop
      vertex 24.3045 -39.5547 15.6569
      vertex 24.4373 -39.4781 15.6569
      vertex 23.9119 -38.6331 14.4446
    endloop
  endfacet
  facet normal -0.199867 0.746871 0.634222
    outer loop
      vertex 23.732 -39.7702 15.6569
      vertex 23.5913 -38.7784 14.4446
      vertex 23.5061 -38.8012 14.4446
    endloop
  endfacet
  facet normal -0.490346 -0.597798 0.634191
    outer loop
      vertex 24.7449 39.2499 15.6569
      vertex 24.6264 39.3471 15.6569
      vertex 24.089 38.5018 14.4446
    endloop
  endfacet
  facet normal -0.224423 -0.739893 0.634186
    outer loop
      vertex 23.6334 38.7649 14.4446
      vertex 23.9532 39.707 15.6569
      vertex 23.549 38.7905 14.4446
    endloop
  endfacet
  facet normal 0.408195 0.656438 0.634402
    outer loop
      vertex 6.22227 -32.532 14.4446
      vertex 7.86354 -34.7242 15.6569
      vertex 8.38893 -33.8793 14.4446
    endloop
  endfacet
  facet normal 0.408195 0.656438 0.634402
    outer loop
      vertex 7.86354 -34.7242 15.6569
      vertex 6.22227 -32.532 14.4446
      vertex 5.69688 -33.3769 15.6569
    endloop
  endfacet
  facet normal 0.364394 0.681713 0.634417
    outer loop
      vertex 8.46533 -33.9234 14.4446
      vertex 10.1777 -35.9669 15.6569
      vertex 10.6467 -35.0894 14.4446
    endloop
  endfacet
  facet normal 0.364396 0.681713 0.634415
    outer loop
      vertex 10.1777 -35.9669 15.6569
      vertex 8.46533 -33.9234 14.4446
      vertex 7.99634 -34.8009 15.6569
    endloop
  endfacet
  facet normal 0.248184 0.732275 0.634175
    outer loop
      vertex 15.4588 -37.0826 14.4446
      vertex 15.3753 -37.0543 14.4446
      vertex 15.0248 -37.9854 15.6569
    endloop
  endfacet
  facet normal 0.412259 0.6539 0.634395
    outer loop
      vertex 6.22227 -32.532 14.4446
      vertex 6.20625 -32.5219 14.4446
      vertex 5.69688 -33.3769 15.6569
    endloop
  endfacet
  facet normal -0.0504263 0.771523 0.6342
    outer loop
      vertex 23.2766 -39.8301 15.6569
      vertex 23.4296 -39.8201 15.6569
      vertex 23.2441 -38.8357 14.4446
    endloop
  endfacet
  facet normal -0.341922 0.693488 0.634164
    outer loop
      vertex 24.1669 -39.6225 15.6569
      vertex 23.8355 -38.6773 14.4446
      vertex 23.7564 -38.7163 14.4446
    endloop
  endfacet
  facet normal 0 0.77317 0.634199
    outer loop
      vertex 23.2441 -38.8357 14.4446
      vertex 23.1232 -39.8301 15.6569
      vertex 23.2766 -39.8301 15.6569
    endloop
  endfacet
  facet normal 0 0.77317 0.634199
    outer loop
      vertex 23.1232 -39.8301 15.6569
      vertex 23.2441 -38.8357 14.4446
      vertex 23.1558 -38.8357 14.4446
    endloop
  endfacet
  facet normal -0.0508472 0.771474 0.634225
    outer loop
      vertex 23.4296 -39.8201 15.6569
      vertex 23.3321 -38.8299 14.4446
      vertex 23.2441 -38.8357 14.4446
    endloop
  endfacet
  facet normal -0.248578 0.73212 0.6342
    outer loop
      vertex 23.8801 -39.7305 15.6569
      vertex 24.0253 -39.6812 15.6569
      vertex 23.5913 -38.7784 14.4446
    endloop
  endfacet
  facet normal 0.0878159 -0.891597 0.444233
    outer loop
      vertex 22.9702 39.82 15.6569
      vertex -5.10144 77.833 97.5
      vertex -10.181 77.3327 97.5
    endloop
  endfacet
  facet normal -0.838014 -0.3154 0.445258
    outer loop
      vertex 73.8605 25.0723 97.5
      vertex 72.0626 29.8493 97.5
      vertex 25.4188 38.2414 15.6569
    endloop
  endfacet
  facet normal -0.999465 -0.0327183 0
    outer loop
      vertex 78 0 97.5
      vertex 77.833 5.10144 110.01
      vertex 77.833 5.10144 97.5
    endloop
  endfacet
  facet normal -0.999465 -0.0327183 0
    outer loop
      vertex 77.833 5.10144 110.01
      vertex 78 0 97.5
      vertex 78 0 110.01
    endloop
  endfacet
  facet normal 0.0735776 -0.89461 0.440749
    outer loop
      vertex 22.9702 39.82 15.6569
      vertex 23.0468 39.8263 15.6569
      vertex -5.10144 77.833 97.5
    endloop
  endfacet
  facet normal 0.329113 -0.79447 0.510394
    outer loop
      vertex 12.568 37.0554 15.6569
      vertex 12.7097 37.1141 15.6569
      vertex -29.8493 72.0626 97.5
    endloop
  endfacet
  facet normal 0.995185 -0.0980185 0
    outer loop
      vertex -77.833 5.10144 110.01
      vertex -77.3327 10.181 97.5
      vertex -77.3327 10.181 110.01
    endloop
  endfacet
  facet normal 0.995185 -0.0980185 0
    outer loop
      vertex -77.3327 10.181 97.5
      vertex -77.833 5.10144 110.01
      vertex -77.833 5.10144 97.5
    endloop
  endfacet
  facet normal -0.179781 0.904318 0.387153
    outer loop
      vertex 23.732 -39.7702 15.6569
      vertex 23.5816 -39.8001 15.6569
      vertex 15.217 -76.5013 97.5
    endloop
  endfacet
  facet normal -0.801825 -0.428584 0.416403
    outer loop
      vertex 69.9561 34.4985 97.5
      vertex 67.55 39 97.5
      vertex 25.3015 38.5245 15.6569
    endloop
  endfacet
  facet normal 0.304329 -0.808599 0.50354
    outer loop
      vertex 12.7097 37.1141 15.6569
      vertex -25.0723 73.8605 97.5
      vertex -29.8493 72.0626 97.5
    endloop
  endfacet
  facet normal 0.172875 -0.866678 0.467957
    outer loop
      vertex 20.0939 39.354 15.6569
      vertex 20.2443 39.384 15.6569
      vertex -15.217 76.5013 97.5
    endloop
  endfacet
  facet normal 0.773008 0.634397 0
    outer loop
      vertex -58.6435 -51.429 110.01
      vertex -61.8816 -47.4834 97.5
      vertex -61.8816 -47.4834 110.01
    endloop
  endfacet
  facet normal 0.773008 0.634397 0
    outer loop
      vertex -61.8816 -47.4834 97.5
      vertex -58.6435 -51.429 110.01
      vertex -58.6435 -51.429 97.5
    endloop
  endfacet
  facet normal 0.0295493 -0.902658 0.429343
    outer loop
      vertex 23.0468 39.8263 15.6569
      vertex 0 78 97.5
      vertex -5.10144 77.833 97.5
    endloop
  endfacet
  facet normal -0.528073 -0.849199 0
    outer loop
      vertex 39 67.55 97.5
      vertex 43.3345 64.8546 110.01
      vertex 39 67.55 110.01
    endloop
  endfacet
  facet normal -0.528073 -0.849199 -0
    outer loop
      vertex 43.3345 64.8546 110.01
      vertex 39 67.55 97.5
      vertex 43.3345 64.8546 97.5
    endloop
  endfacet
  facet normal 0.46712 0.699132 0.541307
    outer loop
      vertex -26.9581 -12.4288 15.6569
      vertex -28.403 -11.4634 15.6569
      vertex -43.3345 -64.8546 97.5
    endloop
  endfacet
  facet normal 0.58247 -0.812852 0
    outer loop
      vertex -47.4834 61.8816 97.5
      vertex -43.3345 64.8546 110.01
      vertex -47.4834 61.8816 110.01
    endloop
  endfacet
  facet normal 0.58247 -0.812852 0
    outer loop
      vertex -43.3345 64.8546 110.01
      vertex -47.4834 61.8816 97.5
      vertex -43.3345 64.8546 97.5
    endloop
  endfacet
  facet normal -0.857312 -0.141658 0.494923
    outer loop
      vertex 25.5231 37.794 15.6569
      vertex 76.5013 15.217 97.5
      vertex 25.4981 37.9453 15.6569
    endloop
  endfacet
  facet normal 0.634397 -0.773008 0
    outer loop
      vertex -51.429 58.6435 97.5
      vertex -47.4834 61.8816 110.01
      vertex -51.429 58.6435 110.01
    endloop
  endfacet
  facet normal 0.634397 -0.773008 0
    outer loop
      vertex -47.4834 61.8816 110.01
      vertex -51.429 58.6435 97.5
      vertex -47.4834 61.8816 97.5
    endloop
  endfacet
  facet normal -0.910866 -0.412703 0
    outer loop
      vertex 72.0626 29.8493 97.5
      vertex 69.9561 34.4985 110.01
      vertex 69.9561 34.4985 97.5
    endloop
  endfacet
  facet normal -0.910866 -0.412703 0
    outer loop
      vertex 69.9561 34.4985 110.01
      vertex 72.0626 29.8493 97.5
      vertex 72.0626 29.8493 110.01
    endloop
  endfacet
  facet normal 0.782139 0.385675 0.489402
    outer loop
      vertex -32.2883 -7.03308 15.6569
      vertex -32.9821 -5.62607 15.6569
      vertex -69.9561 -34.4985 97.5
    endloop
  endfacet
  facet normal 0.999465 -0.0327183 0
    outer loop
      vertex -78 0 110.01
      vertex -77.833 5.10144 97.5
      vertex -77.833 5.10144 110.01
    endloop
  endfacet
  facet normal 0.999465 -0.0327183 0
    outer loop
      vertex -77.833 5.10144 97.5
      vertex -78 0 110.01
      vertex -78 0 97.5
    endloop
  endfacet
  facet normal 0.956939 -0.290291 0
    outer loop
      vertex -75.3422 20.1879 110.01
      vertex -73.8605 25.0723 97.5
      vertex -73.8605 25.0723 110.01
    endloop
  endfacet
  facet normal 0.956939 -0.290291 0
    outer loop
      vertex -73.8605 25.0723 97.5
      vertex -75.3422 20.1879 110.01
      vertex -75.3422 20.1879 97.5
    endloop
  endfacet
  facet normal -0.812852 0.58247 0
    outer loop
      vertex 61.8816 -47.4834 97.5
      vertex 64.8546 -43.3345 110.01
      vertex 64.8546 -43.3345 97.5
    endloop
  endfacet
  facet normal -0.812852 0.58247 0
    outer loop
      vertex 64.8546 -43.3345 110.01
      vertex 61.8816 -47.4834 97.5
      vertex 61.8816 -47.4834 110.01
    endloop
  endfacet
  facet normal -0.776908 -0.483119 0.403744
    outer loop
      vertex 67.55 39 97.5
      vertex 64.8546 43.3345 97.5
      vertex 25.1483 38.79 15.6569
    endloop
  endfacet
  facet normal 0.453291 0.706623 0.543334
    outer loop
      vertex 5.66907 -33.3593 15.6569
      vertex -26.9215 -12.4528 15.6569
      vertex -43.3345 -64.8546 97.5
    endloop
  endfacet
  facet normal -0.384553 -0.848689 0.363107
    outer loop
      vertex 24.2364 39.5897 15.6569
      vertex 29.8493 72.0626 97.5
      vertex 24.0967 39.653 15.6569
    endloop
  endfacet
  facet normal 0.812852 0.58247 0
    outer loop
      vertex -61.8816 -47.4834 110.01
      vertex -64.8546 -43.3345 97.5
      vertex -64.8546 -43.3345 110.01
    endloop
  endfacet
  facet normal 0.812852 0.58247 0
    outer loop
      vertex -64.8546 -43.3345 97.5
      vertex -61.8816 -47.4834 110.01
      vertex -61.8816 -47.4834 97.5
    endloop
  endfacet
  facet normal 0.538215 -0.655811 0.529374
    outer loop
      vertex -28.6462 11.2768 15.6569
      vertex -47.4834 61.8816 97.5
      vertex -51.429 58.6435 97.5
    endloop
  endfacet
  facet normal -0.591036 -0.720173 0.363355
    outer loop
      vertex 51.429 58.6435 97.5
      vertex 47.4834 61.8816 97.5
      vertex 24.6264 39.3471 15.6569
    endloop
  endfacet
  facet normal -0.935908 0.352244 0
    outer loop
      vertex 72.0626 -29.8493 97.5
      vertex 73.8605 -25.0723 110.01
      vertex 73.8605 -25.0723 97.5
    endloop
  endfacet
  facet normal -0.935908 0.352244 0
    outer loop
      vertex 73.8605 -25.0723 110.01
      vertex 72.0626 -29.8493 97.5
      vertex 72.0626 -29.8493 110.01
    endloop
  endfacet
  facet normal -0.995185 -0.0980185 0
    outer loop
      vertex 77.833 5.10144 97.5
      vertex 77.3327 10.181 110.01
      vertex 77.3327 10.181 97.5
    endloop
  endfacet
  facet normal -0.995185 -0.0980185 0
    outer loop
      vertex 77.3327 10.181 110.01
      vertex 77.833 5.10144 97.5
      vertex 77.833 5.10144 110.01
    endloop
  endfacet
  facet normal -0.471396 -0.881921 0
    outer loop
      vertex 34.4985 69.9561 97.5
      vertex 39 67.55 110.01
      vertex 34.4985 69.9561 110.01
    endloop
  endfacet
  facet normal -0.471396 -0.881921 -0
    outer loop
      vertex 39 67.55 110.01
      vertex 34.4985 69.9561 97.5
      vertex 39 67.55 97.5
    endloop
  endfacet
  facet normal 0.560711 0.639373 0.526123
    outer loop
      vertex -28.6462 -11.2768 15.6569
      vertex -29.8256 -10.2425 15.6569
      vertex -51.429 -58.6435 97.5
    endloop
  endfacet
  facet normal 0.956939 0.290291 0
    outer loop
      vertex -73.8605 -25.0723 110.01
      vertex -75.3422 -20.1879 97.5
      vertex -75.3422 -20.1879 110.01
    endloop
  endfacet
  facet normal 0.956939 0.290291 0
    outer loop
      vertex -75.3422 -20.1879 97.5
      vertex -73.8605 -25.0723 110.01
      vertex -73.8605 -25.0723 97.5
    endloop
  endfacet
  facet normal 0.353343 -0.779853 0.5167
    outer loop
      vertex 10.3152 36.0347 15.6569
      vertex -29.8493 72.0626 97.5
      vertex -34.4985 69.9561 97.5
    endloop
  endfacet
  facet normal -0.856315 0.113236 0.503886
    outer loop
      vertex 77.3327 -10.181 97.5
      vertex 25.5319 -37.718 15.6569
      vertex 25.5118 -37.87 15.6569
    endloop
  endfacet
  facet normal 0.471396 0.881921 -0
    outer loop
      vertex -34.4985 -69.9561 97.5
      vertex -39 -67.55 110.01
      vertex -34.4985 -69.9561 110.01
    endloop
  endfacet
  facet normal 0.471396 0.881921 0
    outer loop
      vertex -39 -67.55 110.01
      vertex -34.4985 -69.9561 97.5
      vertex -39 -67.55 97.5
    endloop
  endfacet
  facet normal 0.162887 -0.986645 0
    outer loop
      vertex -15.217 76.5013 97.5
      vertex -10.181 77.3327 110.01
      vertex -15.217 76.5013 110.01
    endloop
  endfacet
  facet normal 0.162887 -0.986645 0
    outer loop
      vertex -10.181 77.3327 110.01
      vertex -15.217 76.5013 97.5
      vertex -10.181 77.3327 97.5
    endloop
  endfacet
  facet normal 0.44418 -0.71429 0.540827
    outer loop
      vertex 7.86354 34.7242 15.6569
      vertex -39 67.55 97.5
      vertex -43.3345 64.8546 97.5
    endloop
  endfacet
  facet normal 0.768138 0.410578 0.491315
    outer loop
      vertex -67.55 -39 97.5
      vertex -32.2883 -7.03308 15.6569
      vertex -69.9561 -34.4985 97.5
    endloop
  endfacet
  facet normal 0.868605 -0.143399 0.474302
    outer loop
      vertex -34.0141 1.87135 15.6569
      vertex -76.5013 15.217 97.5
      vertex -77.3327 10.181 97.5
    endloop
  endfacet
  facet normal 0.399998 0.748344 0.529134
    outer loop
      vertex -34.4985 -69.9561 97.5
      vertex 10.1777 -35.9669 15.6569
      vertex -39 -67.55 97.5
    endloop
  endfacet
  facet normal 0.583351 -0.622278 0.521989
    outer loop
      vertex -29.9375 10.1376 15.6569
      vertex -29.8256 10.2425 15.6569
      vertex -51.429 58.6435 97.5
    endloop
  endfacet
  facet normal -0.290291 -0.956939 0
    outer loop
      vertex 20.1879 75.3422 97.5
      vertex 25.0723 73.8605 110.01
      vertex 20.1879 75.3422 110.01
    endloop
  endfacet
  facet normal -0.290291 -0.956939 -0
    outer loop
      vertex 25.0723 73.8605 110.01
      vertex 20.1879 75.3422 97.5
      vertex 25.0723 73.8605 97.5
    endloop
  endfacet
  facet normal -0.881921 0.471396 0
    outer loop
      vertex 67.55 -39 97.5
      vertex 69.9561 -34.4985 110.01
      vertex 69.9561 -34.4985 97.5
    endloop
  endfacet
  facet normal -0.881921 0.471396 0
    outer loop
      vertex 69.9561 -34.4985 110.01
      vertex 67.55 -39 97.5
      vertex 67.55 -39 110.01
    endloop
  endfacet
  facet normal -0.1197 0.909721 0.397592
    outer loop
      vertex 23.5816 -39.8001 15.6569
      vertex 23.4296 -39.8201 15.6569
      vertex 10.181 -77.3327 97.5
    endloop
  endfacet
  facet normal 0.376897 -0.764355 0.523173
    outer loop
      vertex 10.1777 35.9669 15.6569
      vertex 10.3152 36.0347 15.6569
      vertex -34.4985 69.9561 97.5
    endloop
  endfacet
  facet normal 0.839919 0.254792 0.479184
    outer loop
      vertex -73.8605 -25.0723 97.5
      vertex -33.6482 -3.71062 15.6569
      vertex -75.3422 -20.1879 97.5
    endloop
  endfacet
  facet normal -0.855546 0.199494 0.477747
    outer loop
      vertex 75.3422 -20.1879 97.5
      vertex 76.5013 -15.217 97.5
      vertex 25.4819 -38.0204 15.6569
    endloop
  endfacet
  facet normal -0.352244 0.935908 0
    outer loop
      vertex 29.8493 -72.0626 97.5
      vertex 25.0723 -73.8605 110.01
      vertex 29.8493 -72.0626 110.01
    endloop
  endfacet
  facet normal -0.352244 0.935908 0
    outer loop
      vertex 25.0723 -73.8605 110.01
      vertex 29.8493 -72.0626 97.5
      vertex 25.0723 -73.8605 97.5
    endloop
  endfacet
  facet normal -0.58247 -0.812852 0
    outer loop
      vertex 43.3345 64.8546 97.5
      vertex 47.4834 61.8816 110.01
      vertex 43.3345 64.8546 110.01
    endloop
  endfacet
  facet normal -0.58247 -0.812852 -0
    outer loop
      vertex 47.4834 61.8816 110.01
      vertex 43.3345 64.8546 97.5
      vertex 47.4834 61.8816 97.5
    endloop
  endfacet
  facet normal 0.290291 -0.956939 0
    outer loop
      vertex -25.0723 73.8605 97.5
      vertex -20.1879 75.3422 110.01
      vertex -25.0723 73.8605 110.01
    endloop
  endfacet
  facet normal 0.290291 -0.956939 0
    outer loop
      vertex -20.1879 75.3422 110.01
      vertex -25.0723 73.8605 97.5
      vertex -20.1879 75.3422 97.5
    endloop
  endfacet
  facet normal -0.801865 -0.428491 0.416423
    outer loop
      vertex 25.3015 38.5245 15.6569
      vertex 67.55 39 97.5
      vertex 25.2292 38.6598 15.6569
    endloop
  endfacet
  facet normal 0.353338 -0.779856 0.516698
    outer loop
      vertex 10.3152 36.0347 15.6569
      vertex 12.568 37.0554 15.6569
      vertex -29.8493 72.0626 97.5
    endloop
  endfacet
  facet normal 0.538096 -0.655891 0.529396
    outer loop
      vertex -28.6462 11.2768 15.6569
      vertex -28.5276 11.3741 15.6569
      vertex -47.4834 61.8816 97.5
    endloop
  endfacet
  facet normal 0.876878 -0.0863662 0.47289
    outer loop
      vertex -34.0141 1.87135 15.6569
      vertex -77.3327 10.181 97.5
      vertex -77.833 5.10144 97.5
    endloop
  endfacet
  facet normal 0.491426 -0.685685 0.53697
    outer loop
      vertex -28.5276 11.3741 15.6569
      vertex -28.403 11.4634 15.6569
      vertex -43.3345 64.8546 97.5
    endloop
  endfacet
  facet normal 0.0327183 0.999465 -0
    outer loop
      vertex 0 -78 97.5
      vertex -5.10144 -77.833 110.01
      vertex 0 -78 110.01
    endloop
  endfacet
  facet normal 0.0327183 0.999465 0
    outer loop
      vertex -5.10144 -77.833 110.01
      vertex 0 -78 97.5
      vertex -5.10144 -77.833 97.5
    endloop
  endfacet
  facet normal 0.491146 0.685844 0.537023
    outer loop
      vertex -28.403 -11.4634 15.6569
      vertex -28.5277 -11.3741 15.6569
      vertex -43.3345 -64.8546 97.5
    endloop
  endfacet
  facet normal -0.838026 -0.315355 0.445269
    outer loop
      vertex 25.4188 38.2414 15.6569
      vertex 72.0626 29.8493 97.5
      vertex 25.3648 38.3849 15.6569
    endloop
  endfacet
  facet normal -0.352244 -0.935908 0
    outer loop
      vertex 25.0723 73.8605 97.5
      vertex 29.8493 72.0626 110.01
      vertex 25.0723 73.8605 110.01
    endloop
  endfacet
  facet normal -0.352244 -0.935908 -0
    outer loop
      vertex 29.8493 72.0626 110.01
      vertex 25.0723 73.8605 97.5
      vertex 29.8493 72.0626 97.5
    endloop
  endfacet
  facet normal -0.162887 -0.986645 0
    outer loop
      vertex 10.181 77.3327 97.5
      vertex 15.217 76.5013 110.01
      vertex 10.181 77.3327 110.01
    endloop
  endfacet
  facet normal -0.162887 -0.986645 -0
    outer loop
      vertex 15.217 76.5013 110.01
      vertex 10.181 77.3327 97.5
      vertex 15.217 76.5013 97.5
    endloop
  endfacet
  facet normal 0.881029 -0.0288412 0.472182
    outer loop
      vertex -34.1317 0.153229 15.6569
      vertex -77.833 5.10144 97.5
      vertex -78 0 97.5
    endloop
  endfacet
  facet normal -0.63562 0.67863 0.368032
    outer loop
      vertex 51.429 -58.6435 97.5
      vertex 55.1543 -55.1543 97.5
      vertex 24.8017 -39.1984 15.6569
    endloop
  endfacet
  facet normal 0.199813 -0.856917 0.47515
    outer loop
      vertex 20.0939 39.354 15.6569
      vertex -15.217 76.5013 97.5
      vertex -20.1879 75.3422 97.5
    endloop
  endfacet
  facet normal 0.538215 0.655811 0.529374
    outer loop
      vertex -47.4834 -61.8816 97.5
      vertex -28.5277 -11.3741 15.6569
      vertex -51.429 -58.6435 97.5
    endloop
  endfacet
  facet normal -0.729857 -0.6836 0
    outer loop
      vertex 58.6435 51.429 97.5
      vertex 55.1543 55.1543 110.01
      vertex 55.1543 55.1543 97.5
    endloop
  endfacet
  facet normal -0.729857 -0.6836 0
    outer loop
      vertex 55.1543 55.1543 110.01
      vertex 58.6435 51.429 97.5
      vertex 58.6435 51.429 110.01
    endloop
  endfacet
  facet normal -0.412703 0.910866 0
    outer loop
      vertex 34.4985 -69.9561 97.5
      vertex 29.8493 -72.0626 110.01
      vertex 34.4985 -69.9561 110.01
    endloop
  endfacet
  facet normal -0.412703 0.910866 0
    outer loop
      vertex 29.8493 -72.0626 110.01
      vertex 34.4985 -69.9561 97.5
      vertex 29.8493 -72.0626 97.5
    endloop
  endfacet
  facet normal -0.714167 -0.586107 0.38268
    outer loop
      vertex 61.8816 47.4834 97.5
      vertex 58.6435 51.429 97.5
      vertex 25.059 38.9146 15.6569
    endloop
  endfacet
  facet normal 0.645745 0.566313 0.512155
    outer loop
      vertex -30.0423 -10.0257 15.6569
      vertex -31.0768 -8.8461 15.6569
      vertex -58.6435 -51.429 97.5
    endloop
  endfacet
  facet normal 0.6836 -0.729857 0
    outer loop
      vertex -55.1543 55.1543 97.5
      vertex -51.429 58.6435 110.01
      vertex -55.1543 55.1543 110.01
    endloop
  endfacet
  facet normal 0.6836 -0.729857 0
    outer loop
      vertex -51.429 58.6435 110.01
      vertex -55.1543 55.1543 97.5
      vertex -51.429 58.6435 97.5
    endloop
  endfacet
  facet normal 0.868605 0.143399 0.474302
    outer loop
      vertex -76.5013 -15.217 97.5
      vertex -33.9891 -2.02264 15.6569
      vertex -77.3327 -10.181 97.5
    endloop
  endfacet
  facet normal 0.8197 0.308507 0.482613
    outer loop
      vertex -72.0626 -29.8493 97.5
      vertex -33.0454 -5.48639 15.6569
      vertex -73.8605 -25.0723 97.5
    endloop
  endfacet
  facet normal -0.412703 -0.910866 0
    outer loop
      vertex 29.8493 72.0626 97.5
      vertex 34.4985 69.9561 110.01
      vertex 29.8493 72.0626 110.01
    endloop
  endfacet
  facet normal -0.412703 -0.910866 -0
    outer loop
      vertex 34.4985 69.9561 110.01
      vertex 29.8493 72.0626 97.5
      vertex 34.4985 69.9561 97.5
    endloop
  endfacet
  facet normal -0.439885 -0.822578 0.36037
    outer loop
      vertex 24.3716 39.5174 15.6569
      vertex 39 67.55 97.5
      vertex 24.2364 39.5897 15.6569
    endloop
  endfacet
  facet normal 0.856255 0.199659 0.476406
    outer loop
      vertex -75.3422 -20.1879 97.5
      vertex -33.683 -3.56129 15.6569
      vertex -76.5013 -15.217 97.5
    endloop
  endfacet
  facet normal 0.583054 -0.622507 0.522047
    outer loop
      vertex -29.9375 10.1376 15.6569
      vertex -51.429 58.6435 97.5
      vertex -55.1543 55.1543 97.5
    endloop
  endfacet
  facet normal -0.466124 0.808111 0.360119
    outer loop
      vertex 39 -67.55 97.5
      vertex 24.4373 -39.4781 15.6569
      vertex 24.3045 -39.5547 15.6569
    endloop
  endfacet
  facet normal 0.862666 0.171619 0.475767
    outer loop
      vertex -33.683 -3.56129 15.6569
      vertex -33.9891 -2.02264 15.6569
      vertex -76.5013 -15.217 97.5
    endloop
  endfacet
  facet normal -0.0327183 -0.999465 0
    outer loop
      vertex 0 78 97.5
      vertex 5.10144 77.833 110.01
      vertex 0 78 110.01
    endloop
  endfacet
  facet normal -0.0327183 -0.999465 -0
    outer loop
      vertex 5.10144 77.833 110.01
      vertex 0 78 97.5
      vertex 5.10144 77.833 97.5
    endloop
  endfacet
  facet normal -0.26922 -0.88748 0.374031
    outer loop
      vertex 23.8065 39.7515 15.6569
      vertex 25.0723 73.8605 97.5
      vertex 20.1879 75.3422 97.5
    endloop
  endfacet
  facet normal 0.460734 0.702619 0.542264
    outer loop
      vertex -26.9215 -12.4528 15.6569
      vertex -26.9581 -12.4288 15.6569
      vertex -43.3345 -64.8546 97.5
    endloop
  endfacet
  facet normal -0.999465 0.0327183 0
    outer loop
      vertex 77.833 -5.10144 97.5
      vertex 78 0 110.01
      vertex 78 0 97.5
    endloop
  endfacet
  facet normal -0.999465 0.0327183 0
    outer loop
      vertex 78 0 110.01
      vertex 77.833 -5.10144 97.5
      vertex 77.833 -5.10144 110.01
    endloop
  endfacet
  facet normal 0.625603 -0.585954 0.515052
    outer loop
      vertex -29.9375 10.1376 15.6569
      vertex -55.1543 55.1543 97.5
      vertex -58.6435 51.429 97.5
    endloop
  endfacet
  facet normal -0.777053 -0.482823 0.403819
    outer loop
      vertex 25.2292 38.6598 15.6569
      vertex 67.55 39 97.5
      vertex 25.1483 38.79 15.6569
    endloop
  endfacet
  facet normal -0.635297 -0.678943 0.368015
    outer loop
      vertex 24.8569 39.1451 15.6569
      vertex 51.429 58.6435 97.5
      vertex 24.7449 39.2499 15.6569
    endloop
  endfacet
  facet normal 0.412703 0.910866 -0
    outer loop
      vertex -29.8493 -72.0626 97.5
      vertex -34.4985 -69.9561 110.01
      vertex -29.8493 -72.0626 110.01
    endloop
  endfacet
  facet normal 0.412703 0.910866 0
    outer loop
      vertex -34.4985 -69.9561 110.01
      vertex -29.8493 -72.0626 97.5
      vertex -34.4985 -69.9561 97.5
    endloop
  endfacet
  facet normal 0.729857 -0.6836 0
    outer loop
      vertex -58.6435 51.429 110.01
      vertex -55.1543 55.1543 97.5
      vertex -55.1543 55.1543 110.01
    endloop
  endfacet
  facet normal 0.729857 -0.6836 0
    outer loop
      vertex -55.1543 55.1543 97.5
      vertex -58.6435 51.429 110.01
      vertex -58.6435 51.429 97.5
    endloop
  endfacet
  facet normal -0.881921 -0.471396 0
    outer loop
      vertex 69.9561 34.4985 97.5
      vertex 67.55 39 110.01
      vertex 67.55 39 97.5
    endloop
  endfacet
  facet normal -0.881921 -0.471396 0
    outer loop
      vertex 67.55 39 110.01
      vertex 69.9561 34.4985 97.5
      vertex 69.9561 34.4985 110.01
    endloop
  endfacet
  facet normal 0.819718 -0.308465 0.482609
    outer loop
      vertex -33.0994 5.3429 15.6569
      vertex -33.0454 5.4864 15.6569
      vertex -72.0626 29.8493 97.5
    endloop
  endfacet
  facet normal 0.449323 -0.709981 0.542251
    outer loop
      vertex 5.66907 33.3593 15.6569
      vertex 5.69688 33.3769 15.6569
      vertex -43.3345 64.8546 97.5
    endloop
  endfacet
  facet normal 0.279006 -0.821738 0.496893
    outer loop
      vertex 15.0248 37.9854 15.6569
      vertex 15.17 38.0347 15.6569
      vertex -25.0723 73.8605 97.5
    endloop
  endfacet
  facet normal 0.737127 0.458381 0.496519
    outer loop
      vertex -64.8546 -43.3345 97.5
      vertex -32.135 -7.29854 15.6569
      vertex -67.55 -39 97.5
    endloop
  endfacet
  facet normal 0.199781 -0.85693 0.47514
    outer loop
      vertex 17.685 38.7924 15.6569
      vertex 20.0939 39.354 15.6569
      vertex -20.1879 75.3422 97.5
    endloop
  endfacet
  facet normal -0.995185 0.0980185 0
    outer loop
      vertex 77.3327 -10.181 97.5
      vertex 77.833 -5.10144 110.01
      vertex 77.833 -5.10144 97.5
    endloop
  endfacet
  facet normal -0.995185 0.0980185 0
    outer loop
      vertex 77.833 -5.10144 110.01
      vertex 77.3327 -10.181 97.5
      vertex 77.3327 -10.181 110.01
    endloop
  endfacet
  facet normal 0.773008 -0.634397 0
    outer loop
      vertex -61.8816 47.4834 110.01
      vertex -58.6435 51.429 97.5
      vertex -58.6435 51.429 110.01
    endloop
  endfacet
  facet normal 0.773008 -0.634397 0
    outer loop
      vertex -58.6435 51.429 97.5
      vertex -61.8816 47.4834 110.01
      vertex -61.8816 47.4834 97.5
    endloop
  endfacet
  facet normal -0.0895292 -0.91081 0.403001
    outer loop
      vertex 23.3533 39.8263 15.6569
      vertex 23.5059 39.8113 15.6569
      vertex 5.10144 77.833 97.5
    endloop
  endfacet
  facet normal -0.986645 0.162887 0
    outer loop
      vertex 76.5013 -15.217 97.5
      vertex 77.3327 -10.181 110.01
      vertex 77.3327 -10.181 97.5
    endloop
  endfacet
  facet normal -0.986645 0.162887 0
    outer loop
      vertex 77.3327 -10.181 110.01
      vertex 76.5013 -15.217 97.5
      vertex 76.5013 -15.217 110.01
    endloop
  endfacet
  facet normal -0.269222 0.887485 0.374018
    outer loop
      vertex 25.0723 -73.8605 97.5
      vertex 23.8801 -39.7305 15.6569
      vertex 20.1879 -75.3422 97.5
    endloop
  endfacet
  facet normal 0.830029 -0.281766 0.481311
    outer loop
      vertex -33.6037 3.85733 15.6569
      vertex -33.0994 5.3429 15.6569
      vertex -73.8605 25.0723 97.5
    endloop
  endfacet
  facet normal 0.583343 0.62227 0.522006
    outer loop
      vertex -29.8256 -10.2425 15.6569
      vertex -29.9375 -10.1376 15.6569
      vertex -55.1543 -55.1543 97.5
    endloop
  endfacet
  facet normal -0.747639 0.53574 0.392452
    outer loop
      vertex 61.8816 -47.4834 97.5
      vertex 64.8546 -43.3345 97.5
      vertex 25.1046 -38.8531 15.6569
    endloop
  endfacet
  facet normal -0.471396 0.881921 0
    outer loop
      vertex 39 -67.55 97.5
      vertex 34.4985 -69.9561 110.01
      vertex 39 -67.55 110.01
    endloop
  endfacet
  facet normal -0.471396 0.881921 0
    outer loop
      vertex 34.4985 -69.9561 110.01
      vertex 39 -67.55 97.5
      vertex 34.4985 -69.9561 97.5
    endloop
  endfacet
  facet normal -0.84912 -0.257584 0.461135
    outer loop
      vertex 75.3422 20.1879 97.5
      vertex 73.8605 25.0723 97.5
      vertex 25.4633 38.0946 15.6569
    endloop
  endfacet
  facet normal -0.149866 -0.907774 0.391774
    outer loop
      vertex 23.5059 39.8113 15.6569
      vertex 15.217 76.5013 97.5
      vertex 10.181 77.3327 97.5
    endloop
  endfacet
  facet normal 0.172875 0.866678 0.467957
    outer loop
      vertex 20.2443 -39.384 15.6569
      vertex 20.0939 -39.354 15.6569
      vertex -15.217 -76.5013 97.5
    endloop
  endfacet
  facet normal -0.935908 -0.352244 0
    outer loop
      vertex 73.8605 25.0723 97.5
      vertex 72.0626 29.8493 110.01
      vertex 72.0626 29.8493 97.5
    endloop
  endfacet
  facet normal -0.935908 -0.352244 0
    outer loop
      vertex 72.0626 29.8493 110.01
      vertex 73.8605 25.0723 97.5
      vertex 73.8605 25.0723 110.01
    endloop
  endfacet
  facet normal 0.986645 -0.162887 0
    outer loop
      vertex -77.3327 10.181 110.01
      vertex -76.5013 15.217 97.5
      vertex -76.5013 15.217 110.01
    endloop
  endfacet
  facet normal 0.986645 -0.162887 0
    outer loop
      vertex -76.5013 15.217 97.5
      vertex -77.3327 10.181 110.01
      vertex -77.3327 10.181 97.5
    endloop
  endfacet
  facet normal -0.0897082 -0.91081 0.40296
    outer loop
      vertex 23.5059 39.8113 15.6569
      vertex 10.181 77.3327 97.5
      vertex 5.10144 77.833 97.5
    endloop
  endfacet
  facet normal -0.841911 0 0.539617
    outer loop
      vertex 78 0 97.5
      vertex 25.5432 37.4882 15.6569
      vertex 25.5432 -37.4882 15.6569
    endloop
  endfacet
  facet normal -0.543365 -0.758155 0.360494
    outer loop
      vertex 24.6264 39.3471 15.6569
      vertex 43.3345 64.8546 97.5
      vertex 24.5018 39.4364 15.6569
    endloop
  endfacet
  facet normal 0.856285 0.199549 0.476399
    outer loop
      vertex -33.6482 -3.71062 15.6569
      vertex -33.683 -3.56129 15.6569
      vertex -75.3422 -20.1879 97.5
    endloop
  endfacet
  facet normal 0.412703 -0.910866 0
    outer loop
      vertex -34.4985 69.9561 97.5
      vertex -29.8493 72.0626 110.01
      vertex -34.4985 69.9561 110.01
    endloop
  endfacet
  facet normal 0.412703 -0.910866 0
    outer loop
      vertex -29.8493 72.0626 110.01
      vertex -34.4985 69.9561 97.5
      vertex -29.8493 72.0626 97.5
    endloop
  endfacet
  facet normal 0.471396 -0.881921 0
    outer loop
      vertex -39 67.55 97.5
      vertex -34.4985 69.9561 110.01
      vertex -39 67.55 110.01
    endloop
  endfacet
  facet normal 0.471396 -0.881921 0
    outer loop
      vertex -34.4985 69.9561 110.01
      vertex -39 67.55 97.5
      vertex -34.4985 69.9561 97.5
    endloop
  endfacet
  facet normal -0.590855 -0.720333 0.363333
    outer loop
      vertex 24.7449 39.2499 15.6569
      vertex 51.429 58.6435 97.5
      vertex 24.6264 39.3471 15.6569
    endloop
  endfacet
  facet normal -0.543306 -0.758197 0.360494
    outer loop
      vertex 47.4834 61.8816 97.5
      vertex 43.3345 64.8546 97.5
      vertex 24.6264 39.3471 15.6569
    endloop
  endfacet
  facet normal -0.269209 -0.887483 0.374032
    outer loop
      vertex 23.9532 39.707 15.6569
      vertex 25.0723 73.8605 97.5
      vertex 23.8065 39.7515 15.6569
    endloop
  endfacet
  facet normal 0.422456 -0.731449 0.53527
    outer loop
      vertex 7.86354 34.7242 15.6569
      vertex 7.99634 34.8009 15.6569
      vertex -39 67.55 97.5
    endloop
  endfacet
  facet normal -0.58247 0.812852 0
    outer loop
      vertex 47.4834 -61.8816 97.5
      vertex 43.3345 -64.8546 110.01
      vertex 47.4834 -61.8816 110.01
    endloop
  endfacet
  facet normal -0.58247 0.812852 0
    outer loop
      vertex 43.3345 -64.8546 110.01
      vertex 47.4834 -61.8816 97.5
      vertex 43.3345 -64.8546 97.5
    endloop
  endfacet
  facet normal 0.162887 0.986645 -0
    outer loop
      vertex -10.181 -77.3327 97.5
      vertex -15.217 -76.5013 110.01
      vertex -10.181 -77.3327 110.01
    endloop
  endfacet
  facet normal 0.162887 0.986645 0
    outer loop
      vertex -15.217 -76.5013 110.01
      vertex -10.181 -77.3327 97.5
      vertex -15.217 -76.5013 97.5
    endloop
  endfacet
  facet normal -0.857313 -0.141535 0.494957
    outer loop
      vertex 77.3327 10.181 97.5
      vertex 76.5013 15.217 97.5
      vertex 25.5231 37.794 15.6569
    endloop
  endfacet
  facet normal -0.956939 -0.290291 0
    outer loop
      vertex 75.3422 20.1879 97.5
      vertex 73.8605 25.0723 110.01
      vertex 73.8605 25.0723 97.5
    endloop
  endfacet
  facet normal -0.956939 -0.290291 0
    outer loop
      vertex 73.8605 25.0723 110.01
      vertex 75.3422 20.1879 97.5
      vertex 75.3422 20.1879 110.01
    endloop
  endfacet
  facet normal 0.881029 0.0288412 0.472182
    outer loop
      vertex -77.833 -5.10144 97.5
      vertex -34.1317 -0.153229 15.6569
      vertex -78 0 97.5
    endloop
  endfacet
  facet normal -0.209643 -0.90002 0.382118
    outer loop
      vertex 23.6571 39.7863 15.6569
      vertex 23.8065 39.7515 15.6569
      vertex 20.1879 75.3422 97.5
    endloop
  endfacet
  facet normal -0.849199 0.528073 0
    outer loop
      vertex 64.8546 -43.3345 97.5
      vertex 67.55 -39 110.01
      vertex 67.55 -39 97.5
    endloop
  endfacet
  facet normal -0.849199 0.528073 0
    outer loop
      vertex 67.55 -39 110.01
      vertex 64.8546 -43.3345 97.5
      vertex 64.8546 -43.3345 110.01
    endloop
  endfacet
  facet normal -0.847316 0.0277376 0.530364
    outer loop
      vertex 77.833 -5.10144 97.5
      vertex 78 0 97.5
      vertex 25.5419 -37.565 15.6569
    endloop
  endfacet
  facet normal 0.560711 -0.639373 0.526123
    outer loop
      vertex -29.8256 10.2425 15.6569
      vertex -28.6462 11.2768 15.6569
      vertex -51.429 58.6435 97.5
    endloop
  endfacet
  facet normal 0.491368 -0.685718 0.536981
    outer loop
      vertex -28.5276 11.3741 15.6569
      vertex -43.3345 64.8546 97.5
      vertex -47.4834 61.8816 97.5
    endloop
  endfacet
  facet normal 0.453291 -0.706623 0.543334
    outer loop
      vertex -26.9215 12.4528 15.6569
      vertex 5.66907 33.3593 15.6569
      vertex -43.3345 64.8546 97.5
    endloop
  endfacet
  facet normal -0.812271 0.401114 0.423467
    outer loop
      vertex 69.9561 -34.4985 97.5
      vertex 25.3343 -38.4553 15.6569
      vertex 25.2664 -38.5928 15.6569
    endloop
  endfacet
  facet normal -0.84731 -0.0277374 0.530374
    outer loop
      vertex 78 0 97.5
      vertex 77.833 5.10144 97.5
      vertex 25.5381 37.6414 15.6569
    endloop
  endfacet
  facet normal -0.677027 -0.633504 0.374575
    outer loop
      vertex 24.9617 39.0331 15.6569
      vertex 58.6435 51.429 97.5
      vertex 24.8569 39.1451 15.6569
    endloop
  endfacet
  facet normal 0.0592426 0.897438 0.437145
    outer loop
      vertex 23.1232 -39.8301 15.6569
      vertex 22.9702 -39.82 15.6569
      vertex -5.10144 -77.833 97.5
    endloop
  endfacet
  facet normal -0.0296505 -0.909083 0.415559
    outer loop
      vertex 23.2 39.8313 15.6569
      vertex 23.3533 39.8263 15.6569
      vertex 0 78 97.5
    endloop
  endfacet
  facet normal -0.412025 0.836204 0.361936
    outer loop
      vertex 34.4985 -69.9561 97.5
      vertex 24.3045 -39.5547 15.6569
      vertex 24.1669 -39.6225 15.6569
    endloop
  endfacet
  facet normal 0.144632 -0.876071 0.45998
    outer loop
      vertex 20.2443 39.384 15.6569
      vertex -10.181 77.3327 97.5
      vertex -15.217 76.5013 97.5
    endloop
  endfacet
  facet normal 0.352244 -0.935908 0
    outer loop
      vertex -29.8493 72.0626 97.5
      vertex -25.0723 73.8605 110.01
      vertex -29.8493 72.0626 110.01
    endloop
  endfacet
  facet normal 0.352244 -0.935908 0
    outer loop
      vertex -25.0723 73.8605 110.01
      vertex -29.8493 72.0626 97.5
      vertex -25.0723 73.8605 97.5
    endloop
  endfacet
  facet normal -0.910866 0.412703 0
    outer loop
      vertex 69.9561 -34.4985 97.5
      vertex 72.0626 -29.8493 110.01
      vertex 72.0626 -29.8493 97.5
    endloop
  endfacet
  facet normal -0.910866 0.412703 0
    outer loop
      vertex 72.0626 -29.8493 110.01
      vertex 69.9561 -34.4985 97.5
      vertex 69.9561 -34.4985 110.01
    endloop
  endfacet
  facet normal -0.986645 -0.162887 0
    outer loop
      vertex 77.3327 10.181 97.5
      vertex 76.5013 15.217 110.01
      vertex 76.5013 15.217 97.5
    endloop
  endfacet
  facet normal -0.986645 -0.162887 0
    outer loop
      vertex 76.5013 15.217 110.01
      vertex 77.3327 10.181 97.5
      vertex 77.3327 10.181 110.01
    endloop
  endfacet
  facet normal -0.356443 0.859834 0.36556
    outer loop
      vertex 29.8493 -72.0626 97.5
      vertex 24.1669 -39.6225 15.6569
      vertex 24.0253 -39.6812 15.6569
    endloop
  endfacet
  facet normal 0.0327183 -0.999465 0
    outer loop
      vertex -5.10144 77.833 97.5
      vertex 0 78 110.01
      vertex -5.10144 77.833 110.01
    endloop
  endfacet
  facet normal 0.0327183 -0.999465 0
    outer loop
      vertex 0 78 110.01
      vertex -5.10144 77.833 97.5
      vertex 0 78 97.5
    endloop
  endfacet
  facet normal 0.0980185 -0.995185 0
    outer loop
      vertex -10.181 77.3327 97.5
      vertex -5.10144 77.833 110.01
      vertex -10.181 77.3327 110.01
    endloop
  endfacet
  facet normal 0.0980185 -0.995185 0
    outer loop
      vertex -5.10144 77.833 110.01
      vertex -10.181 77.3327 97.5
      vertex -5.10144 77.833 97.5
    endloop
  endfacet
  facet normal -0.773008 -0.634397 0
    outer loop
      vertex 61.8816 47.4834 97.5
      vertex 58.6435 51.429 110.01
      vertex 58.6435 51.429 97.5
    endloop
  endfacet
  facet normal -0.773008 -0.634397 0
    outer loop
      vertex 58.6435 51.429 110.01
      vertex 61.8816 47.4834 97.5
      vertex 61.8816 47.4834 110.01
    endloop
  endfacet
  facet normal 0.768138 -0.410578 0.491315
    outer loop
      vertex -32.2883 7.03308 15.6569
      vertex -67.55 39 97.5
      vertex -69.9561 34.4985 97.5
    endloop
  endfacet
  facet normal 0.881032 -0.028746 0.472183
    outer loop
      vertex -34.1367 -1.52588e-05 15.6569
      vertex -34.1317 0.153229 15.6569
      vertex -78 0 97.5
    endloop
  endfacet
  facet normal 0.729857 0.6836 0
    outer loop
      vertex -55.1543 -55.1543 110.01
      vertex -58.6435 -51.429 97.5
      vertex -58.6435 -51.429 110.01
    endloop
  endfacet
  facet normal 0.729857 0.6836 0
    outer loop
      vertex -58.6435 -51.429 97.5
      vertex -55.1543 -55.1543 110.01
      vertex -55.1543 -55.1543 97.5
    endloop
  endfacet
  facet normal -0.747598 -0.535799 0.39245
    outer loop
      vertex 25.1483 38.79 15.6569
      vertex 64.8546 43.3345 97.5
      vertex 25.059 38.9146 15.6569
    endloop
  endfacet
  facet normal -0.747635 -0.535737 0.392464
    outer loop
      vertex 64.8546 43.3345 97.5
      vertex 61.8816 47.4834 97.5
      vertex 25.059 38.9146 15.6569
    endloop
  endfacet
  facet normal -0.656511 0.656511 0.371467
    outer loop
      vertex 55.1543 -55.1543 97.5
      vertex 24.9101 -39.09 15.6569
      vertex 24.8017 -39.1984 15.6569
    endloop
  endfacet
  facet normal -0.822229 -0.372543 0.430292
    outer loop
      vertex 72.0626 29.8493 97.5
      vertex 69.9561 34.4985 97.5
      vertex 25.3015 38.5245 15.6569
    endloop
  endfacet
  facet normal 0.879204 0.0576214 0.472948
    outer loop
      vertex -34.0291 -1.71873 15.6569
      vertex -34.1317 -0.153229 15.6569
      vertex -77.833 -5.10144 97.5
    endloop
  endfacet
  facet normal -0.676744 0.633853 0.374497
    outer loop
      vertex 55.1543 -55.1543 97.5
      vertex 58.6435 -51.429 97.5
      vertex 24.9101 -39.09 15.6569
    endloop
  endfacet
  facet normal -0.973875 -0.227085 0
    outer loop
      vertex 76.5013 15.217 97.5
      vertex 75.3422 20.1879 110.01
      vertex 75.3422 20.1879 97.5
    endloop
  endfacet
  facet normal -0.973875 -0.227085 0
    outer loop
      vertex 75.3422 20.1879 110.01
      vertex 76.5013 15.217 97.5
      vertex 76.5013 15.217 110.01
    endloop
  endfacet
  facet normal -0.6836 -0.729857 0
    outer loop
      vertex 51.429 58.6435 97.5
      vertex 55.1543 55.1543 110.01
      vertex 51.429 58.6435 110.01
    endloop
  endfacet
  facet normal -0.6836 -0.729857 -0
    outer loop
      vertex 55.1543 55.1543 110.01
      vertex 51.429 58.6435 97.5
      vertex 55.1543 55.1543 97.5
    endloop
  endfacet
  facet normal -0.634397 -0.773008 0
    outer loop
      vertex 47.4834 61.8816 97.5
      vertex 51.429 58.6435 110.01
      vertex 47.4834 61.8816 110.01
    endloop
  endfacet
  facet normal -0.634397 -0.773008 -0
    outer loop
      vertex 51.429 58.6435 110.01
      vertex 47.4834 61.8816 97.5
      vertex 51.429 58.6435 97.5
    endloop
  endfacet
  facet normal -0.67674 -0.63385 0.374508
    outer loop
      vertex 58.6435 51.429 97.5
      vertex 55.1543 55.1543 97.5
      vertex 24.8569 39.1451 15.6569
    endloop
  endfacet
  facet normal -0.635617 -0.678627 0.368044
    outer loop
      vertex 55.1543 55.1543 97.5
      vertex 51.429 58.6435 97.5
      vertex 24.8569 39.1451 15.6569
    endloop
  endfacet
  facet normal -0.812852 -0.58247 0
    outer loop
      vertex 64.8546 43.3345 97.5
      vertex 61.8816 47.4834 110.01
      vertex 61.8816 47.4834 97.5
    endloop
  endfacet
  facet normal -0.812852 -0.58247 0
    outer loop
      vertex 61.8816 47.4834 110.01
      vertex 64.8546 43.3345 97.5
      vertex 64.8546 43.3345 110.01
    endloop
  endfacet
  facet normal 0.849199 -0.528073 0
    outer loop
      vertex -67.55 39 110.01
      vertex -64.8546 43.3345 97.5
      vertex -64.8546 43.3345 110.01
    endloop
  endfacet
  facet normal 0.849199 -0.528073 0
    outer loop
      vertex -64.8546 43.3345 97.5
      vertex -67.55 39 110.01
      vertex -67.55 39 97.5
    endloop
  endfacet
  facet normal 0.304322 -0.808602 0.503538
    outer loop
      vertex 12.7097 37.1141 15.6569
      vertex 15.0248 37.9854 15.6569
      vertex -25.0723 73.8605 97.5
    endloop
  endfacet
  facet normal 0.376897 0.764355 0.523173
    outer loop
      vertex 10.3152 -36.0347 15.6569
      vertex 10.1777 -35.9669 15.6569
      vertex -34.4985 -69.9561 97.5
    endloop
  endfacet
  facet normal 0.702897 -0.503679 0.502238
    outer loop
      vertex -31.2634 8.60298 15.6569
      vertex -61.8816 47.4834 97.5
      vertex -64.8546 43.3345 97.5
    endloop
  endfacet
  facet normal -0.327524 -0.870366 0.367683
    outer loop
      vertex 24.0967 39.653 15.6569
      vertex 29.8493 72.0626 97.5
      vertex 23.9532 39.707 15.6569
    endloop
  endfacet
  facet normal -0.32757 -0.87035 0.36768
    outer loop
      vertex 29.8493 72.0626 97.5
      vertex 25.0723 73.8605 97.5
      vertex 23.9532 39.707 15.6569
    endloop
  endfacet
  facet normal 0.227085 -0.973875 0
    outer loop
      vertex -20.1879 75.3422 97.5
      vertex -15.217 76.5013 110.01
      vertex -20.1879 75.3422 110.01
    endloop
  endfacet
  facet normal 0.227085 -0.973875 0
    outer loop
      vertex -15.217 76.5013 110.01
      vertex -20.1879 75.3422 97.5
      vertex -15.217 76.5013 97.5
    endloop
  endfacet
  facet normal 0.400008 -0.748337 0.529137
    outer loop
      vertex 7.99634 34.8009 15.6569
      vertex 10.1777 35.9669 15.6569
      vertex -39 67.55 97.5
    endloop
  endfacet
  facet normal 0.399998 -0.748344 0.529134
    outer loop
      vertex 10.1777 35.9669 15.6569
      vertex -34.4985 69.9561 97.5
      vertex -39 67.55 97.5
    endloop
  endfacet
  facet normal -0.209855 -0.899981 0.382092
    outer loop
      vertex 23.6571 39.7863 15.6569
      vertex 20.1879 75.3422 97.5
      vertex 15.217 76.5013 97.5
    endloop
  endfacet
  facet normal 0.856278 -0.199575 0.476401
    outer loop
      vertex -33.683 3.56129 15.6569
      vertex -33.6482 3.7106 15.6569
      vertex -75.3422 20.1879 97.5
    endloop
  endfacet
  facet normal 0.253112 -0.834353 0.489683
    outer loop
      vertex 15.17 38.0347 15.6569
      vertex 17.5368 38.7527 15.6569
      vertex -25.0723 73.8605 97.5
    endloop
  endfacet
  facet normal 0.782139 -0.385675 0.489402
    outer loop
      vertex -32.9821 5.62607 15.6569
      vertex -32.2883 7.03308 15.6569
      vertex -69.9561 34.4985 97.5
    endloop
  endfacet
  facet normal -0.85453 0.084165 0.512538
    outer loop
      vertex 77.3327 -10.181 97.5
      vertex 77.833 -5.10144 97.5
      vertex 25.5319 -37.718 15.6569
    endloop
  endfacet
  facet normal 0.304329 0.808599 0.50354
    outer loop
      vertex -25.0723 -73.8605 97.5
      vertex 12.7097 -37.1141 15.6569
      vertex -29.8493 -72.0626 97.5
    endloop
  endfacet
  facet normal 0.0874337 0.89169 0.444121
    outer loop
      vertex 22.9702 -39.82 15.6569
      vertex 22.8366 -39.8069 15.6569
      vertex -10.181 -77.3327 97.5
    endloop
  endfacet
  facet normal 0.973875 0.227085 0
    outer loop
      vertex -75.3422 -20.1879 110.01
      vertex -76.5013 -15.217 97.5
      vertex -76.5013 -15.217 110.01
    endloop
  endfacet
  facet normal 0.973875 0.227085 0
    outer loop
      vertex -76.5013 -15.217 97.5
      vertex -75.3422 -20.1879 110.01
      vertex -75.3422 -20.1879 97.5
    endloop
  endfacet
  facet normal -0.227085 -0.973875 0
    outer loop
      vertex 15.217 76.5013 97.5
      vertex 20.1879 75.3422 110.01
      vertex 15.217 76.5013 110.01
    endloop
  endfacet
  facet normal -0.227085 -0.973875 -0
    outer loop
      vertex 20.1879 75.3422 110.01
      vertex 15.217 76.5013 97.5
      vertex 20.1879 75.3422 97.5
    endloop
  endfacet
  facet normal 0.528073 0.849199 -0
    outer loop
      vertex -39 -67.55 97.5
      vertex -43.3345 -64.8546 110.01
      vertex -39 -67.55 110.01
    endloop
  endfacet
  facet normal 0.528073 0.849199 0
    outer loop
      vertex -43.3345 -64.8546 110.01
      vertex -39 -67.55 97.5
      vertex -43.3345 -64.8546 97.5
    endloop
  endfacet
  facet normal -0.855547 -0.199418 0.477778
    outer loop
      vertex 25.4981 37.9453 15.6569
      vertex 75.3422 20.1879 97.5
      vertex 25.4633 38.0946 15.6569
    endloop
  endfacet
  facet normal -0.773008 0.634397 0
    outer loop
      vertex 58.6435 -51.429 97.5
      vertex 61.8816 -47.4834 110.01
      vertex 61.8816 -47.4834 97.5
    endloop
  endfacet
  facet normal -0.773008 0.634397 0
    outer loop
      vertex 61.8816 -47.4834 110.01
      vertex 58.6435 -51.429 97.5
      vertex 58.6435 -51.429 110.01
    endloop
  endfacet
  facet normal 0.986645 0.162887 0
    outer loop
      vertex -76.5013 -15.217 110.01
      vertex -77.3327 -10.181 97.5
      vertex -77.3327 -10.181 110.01
    endloop
  endfacet
  facet normal 0.986645 0.162887 0
    outer loop
      vertex -77.3327 -10.181 97.5
      vertex -76.5013 -15.217 110.01
      vertex -76.5013 -15.217 97.5
    endloop
  endfacet
  facet normal -0.849149 -0.257406 0.461181
    outer loop
      vertex 25.4633 38.0946 15.6569
      vertex 73.8605 25.0723 97.5
      vertex 25.4188 38.2414 15.6569
    endloop
  endfacet
  facet normal -0.0297599 -0.909092 0.415532
    outer loop
      vertex 23.3533 39.8263 15.6569
      vertex 5.10144 77.833 97.5
      vertex 0 78 97.5
    endloop
  endfacet
  facet normal -0.492926 -0.792332 0.359491
    outer loop
      vertex 24.5018 39.4364 15.6569
      vertex 39 67.55 97.5
      vertex 24.3716 39.5174 15.6569
    endloop
  endfacet
  facet normal -0.384536 0.8487 0.363097
    outer loop
      vertex 29.8493 -72.0626 97.5
      vertex 34.4985 -69.9561 97.5
      vertex 24.1669 -39.6225 15.6569
    endloop
  endfacet
  facet normal 0.665638 -0.54628 0.508432
    outer loop
      vertex -31.0768 8.8461 15.6569
      vertex -58.6435 51.429 97.5
      vertex -61.8816 47.4834 97.5
    endloop
  endfacet
  facet normal -0.847396 -0.0282097 0.530212
    outer loop
      vertex 25.5432 37.4882 15.6569
      vertex 78 0 97.5
      vertex 25.5381 37.6414 15.6569
    endloop
  endfacet
  facet normal -0.6836 0.729857 0
    outer loop
      vertex 55.1543 -55.1543 97.5
      vertex 51.429 -58.6435 110.01
      vertex 55.1543 -55.1543 110.01
    endloop
  endfacet
  facet normal -0.6836 0.729857 0
    outer loop
      vertex 51.429 -58.6435 110.01
      vertex 55.1543 -55.1543 97.5
      vertex 51.429 -58.6435 97.5
    endloop
  endfacet
  facet normal 0.58247 0.812852 -0
    outer loop
      vertex -43.3345 -64.8546 97.5
      vertex -47.4834 -61.8816 110.01
      vertex -43.3345 -64.8546 110.01
    endloop
  endfacet
  facet normal 0.58247 0.812852 0
    outer loop
      vertex -47.4834 -61.8816 110.01
      vertex -43.3345 -64.8546 97.5
      vertex -47.4834 -61.8816 97.5
    endloop
  endfacet
  facet normal 0.491369 0.685718 0.53698
    outer loop
      vertex -43.3345 -64.8546 97.5
      vertex -28.5277 -11.3741 15.6569
      vertex -47.4834 -61.8816 97.5
    endloop
  endfacet
  facet normal -0.439725 0.822669 0.360358
    outer loop
      vertex 34.4985 -69.9561 97.5
      vertex 39 -67.55 97.5
      vertex 24.3045 -39.5547 15.6569
    endloop
  endfacet
  facet normal 0.702833 -0.503756 0.50225
    outer loop
      vertex -31.2634 8.60298 15.6569
      vertex -31.1741 8.72757 15.6569
      vertex -61.8816 47.4834 97.5
    endloop
  endfacet
  facet normal -0.162887 0.986645 0
    outer loop
      vertex 15.217 -76.5013 97.5
      vertex 10.181 -77.3327 110.01
      vertex 15.217 -76.5013 110.01
    endloop
  endfacet
  facet normal -0.162887 0.986645 0
    outer loop
      vertex 10.181 -77.3327 110.01
      vertex 15.217 -76.5013 97.5
      vertex 10.181 -77.3327 97.5
    endloop
  endfacet
  facet normal -0.0980185 0.995185 0
    outer loop
      vertex 10.181 -77.3327 97.5
      vertex 5.10144 -77.833 110.01
      vertex 10.181 -77.3327 110.01
    endloop
  endfacet
  facet normal -0.0980185 0.995185 0
    outer loop
      vertex 5.10144 -77.833 110.01
      vertex 10.181 -77.3327 97.5
      vertex 5.10144 -77.833 97.5
    endloop
  endfacet
  facet normal -0.854507 -0.0839947 0.512605
    outer loop
      vertex 25.5381 37.6414 15.6569
      vertex 77.833 5.10144 97.5
      vertex 25.5231 37.794 15.6569
    endloop
  endfacet
  facet normal 0.352244 0.935908 -0
    outer loop
      vertex -25.0723 -73.8605 97.5
      vertex -29.8493 -72.0626 110.01
      vertex -25.0723 -73.8605 110.01
    endloop
  endfacet
  facet normal 0.352244 0.935908 0
    outer loop
      vertex -29.8493 -72.0626 110.01
      vertex -25.0723 -73.8605 97.5
      vertex -29.8493 -72.0626 97.5
    endloop
  endfacet
  facet normal 0.881921 0.471396 0
    outer loop
      vertex -67.55 -39 110.01
      vertex -69.9561 -34.4985 97.5
      vertex -69.9561 -34.4985 110.01
    endloop
  endfacet
  facet normal 0.881921 0.471396 0
    outer loop
      vertex -69.9561 -34.4985 97.5
      vertex -67.55 -39 110.01
      vertex -67.55 -39 97.5
    endloop
  endfacet
  facet normal -0.762646 0.509627 0.398311
    outer loop
      vertex 64.8546 -43.3345 97.5
      vertex 25.1898 -38.7256 15.6569
      vertex 25.1046 -38.8531 15.6569
    endloop
  endfacet
  facet normal 0.839928 0.254767 0.479181
    outer loop
      vertex -33.6037 -3.85733 15.6569
      vertex -33.6482 -3.71062 15.6569
      vertex -73.8605 -25.0723 97.5
    endloop
  endfacet
  facet normal -0.543309 0.758202 0.36048
    outer loop
      vertex 43.3345 -64.8546 97.5
      vertex 47.4834 -61.8816 97.5
      vertex 24.5648 -39.3929 15.6569
    endloop
  endfacet
  facet normal -0.849199 -0.528073 0
    outer loop
      vertex 67.55 39 97.5
      vertex 64.8546 43.3345 110.01
      vertex 64.8546 43.3345 97.5
    endloop
  endfacet
  facet normal -0.849199 -0.528073 0
    outer loop
      vertex 64.8546 43.3345 110.01
      vertex 67.55 39 97.5
      vertex 67.55 39 110.01
    endloop
  endfacet
  facet normal -0.80183 0.428587 0.416392
    outer loop
      vertex 67.55 -39 97.5
      vertex 69.9561 -34.4985 97.5
      vertex 25.2664 -38.5928 15.6569
    endloop
  endfacet
  facet normal 0.583054 0.622507 0.522047
    outer loop
      vertex -51.429 -58.6435 97.5
      vertex -29.8256 -10.2425 15.6569
      vertex -55.1543 -55.1543 97.5
    endloop
  endfacet
  facet normal 0.634397 0.773008 -0
    outer loop
      vertex -47.4834 -61.8816 97.5
      vertex -51.429 -58.6435 110.01
      vertex -47.4834 -61.8816 110.01
    endloop
  endfacet
  facet normal 0.634397 0.773008 0
    outer loop
      vertex -51.429 -58.6435 110.01
      vertex -47.4834 -61.8816 97.5
      vertex -51.429 -58.6435 97.5
    endloop
  endfacet
  facet normal -0.5678 0.739234 0.362127
    outer loop
      vertex 47.4834 -61.8816 97.5
      vertex 24.6864 -39.2995 15.6569
      vertex 24.5648 -39.3929 15.6569
    endloop
  endfacet
  facet normal 0.528073 -0.849199 0
    outer loop
      vertex -43.3345 64.8546 97.5
      vertex -39 67.55 110.01
      vertex -43.3345 64.8546 110.01
    endloop
  endfacet
  facet normal 0.528073 -0.849199 0
    outer loop
      vertex -39 67.55 110.01
      vertex -43.3345 64.8546 97.5
      vertex -39 67.55 97.5
    endloop
  endfacet
  facet normal 0.444173 -0.714296 0.540825
    outer loop
      vertex 5.69688 33.3769 15.6569
      vertex 7.86354 34.7242 15.6569
      vertex -43.3345 64.8546 97.5
    endloop
  endfacet
  facet normal -0.714032 -0.58629 0.382653
    outer loop
      vertex 25.059 38.9146 15.6569
      vertex 58.6435 51.429 97.5
      vertex 24.9617 39.0331 15.6569
    endloop
  endfacet
  facet normal 0.645745 -0.566313 0.512155
    outer loop
      vertex -31.0768 8.8461 15.6569
      vertex -30.0423 10.0257 15.6569
      vertex -58.6435 51.429 97.5
    endloop
  endfacet
  facet normal -0.439723 -0.822664 0.360371
    outer loop
      vertex 39 67.55 97.5
      vertex 34.4985 69.9561 97.5
      vertex 24.2364 39.5897 15.6569
    endloop
  endfacet
  facet normal -0.150091 -0.907751 0.391741
    outer loop
      vertex 23.5059 39.8113 15.6569
      vertex 23.6571 39.7863 15.6569
      vertex 15.217 76.5013 97.5
    endloop
  endfacet
  facet normal -0.384535 -0.848696 0.363109
    outer loop
      vertex 34.4985 69.9561 97.5
      vertex 29.8493 72.0626 97.5
      vertex 24.2364 39.5897 15.6569
    endloop
  endfacet
  facet normal 0.0294605 -0.90267 0.429324
    outer loop
      vertex 23.0468 39.8263 15.6569
      vertex 23.2 39.8313 15.6569
      vertex 0 78 97.5
    endloop
  endfacet
  facet normal 0.144635 -0.87607 0.459981
    outer loop
      vertex 20.2443 39.384 15.6569
      vertex 22.6847 39.7869 15.6569
      vertex -10.181 77.3327 97.5
    endloop
  endfacet
  facet normal -0.789928 0.455636 0.410377
    outer loop
      vertex 67.55 -39 97.5
      vertex 25.2664 -38.5928 15.6569
      vertex 25.1898 -38.7256 15.6569
    endloop
  endfacet
  facet normal -0.149866 0.907779 0.391762
    outer loop
      vertex 15.217 -76.5013 97.5
      vertex 23.5816 -39.8001 15.6569
      vertex 10.181 -77.3327 97.5
    endloop
  endfacet
  facet normal 0.353343 0.779853 0.5167
    outer loop
      vertex -29.8493 -72.0626 97.5
      vertex 10.3152 -36.0347 15.6569
      vertex -34.4985 -69.9561 97.5
    endloop
  endfacet
  facet normal -0.492769 -0.792427 0.359496
    outer loop
      vertex 43.3345 64.8546 97.5
      vertex 39 67.55 97.5
      vertex 24.5018 39.4364 15.6569
    endloop
  endfacet
  facet normal 0.226621 -0.845976 0.482668
    outer loop
      vertex 17.5368 38.7527 15.6569
      vertex 17.685 38.7924 15.6569
      vertex -20.1879 75.3422 97.5
    endloop
  endfacet
  facet normal 0.253105 -0.834356 0.489681
    outer loop
      vertex 17.5368 38.7527 15.6569
      vertex -20.1879 75.3422 97.5
      vertex -25.0723 73.8605 97.5
    endloop
  endfacet
  facet normal -0.854524 -0.0841644 0.512548
    outer loop
      vertex 77.833 5.10144 97.5
      vertex 77.3327 10.181 97.5
      vertex 25.5231 37.794 15.6569
    endloop
  endfacet
  facet normal -0.209856 0.899986 0.382079
    outer loop
      vertex 20.1879 -75.3422 97.5
      vertex 23.732 -39.7702 15.6569
      vertex 15.217 -76.5013 97.5
    endloop
  endfacet
  facet normal 0.460734 -0.702619 0.542264
    outer loop
      vertex -26.9581 12.4288 15.6569
      vertex -26.9215 12.4528 15.6569
      vertex -43.3345 64.8546 97.5
    endloop
  endfacet
  facet normal 0.973875 -0.227085 0
    outer loop
      vertex -76.5013 15.217 110.01
      vertex -75.3422 20.1879 97.5
      vertex -75.3422 20.1879 110.01
    endloop
  endfacet
  facet normal 0.973875 -0.227085 0
    outer loop
      vertex -75.3422 20.1879 97.5
      vertex -76.5013 15.217 110.01
      vertex -76.5013 15.217 97.5
    endloop
  endfacet
  facet normal 0.353338 0.779856 0.516698
    outer loop
      vertex 12.568 -37.0554 15.6569
      vertex 10.3152 -36.0347 15.6569
      vertex -29.8493 -72.0626 97.5
    endloop
  endfacet
  facet normal 0.625627 -0.585931 0.515049
    outer loop
      vertex -30.0423 10.0257 15.6569
      vertex -29.9375 10.1376 15.6569
      vertex -58.6435 51.429 97.5
    endloop
  endfacet
  facet normal 0.6836 0.729857 -0
    outer loop
      vertex -51.429 -58.6435 97.5
      vertex -55.1543 -55.1543 110.01
      vertex -51.429 -58.6435 110.01
    endloop
  endfacet
  facet normal 0.6836 0.729857 0
    outer loop
      vertex -55.1543 -55.1543 110.01
      vertex -51.429 -58.6435 97.5
      vertex -55.1543 -55.1543 97.5
    endloop
  endfacet
  facet normal -0.844787 0.0142998 0.534911
    outer loop
      vertex 78 0 97.5
      vertex 25.5432 -37.4882 15.6569
      vertex 25.5419 -37.565 15.6569
    endloop
  endfacet
  facet normal -0.528073 0.849199 0
    outer loop
      vertex 43.3345 -64.8546 97.5
      vertex 39 -67.55 110.01
      vertex 43.3345 -64.8546 110.01
    endloop
  endfacet
  facet normal -0.528073 0.849199 0
    outer loop
      vertex 39 -67.55 110.01
      vertex 43.3345 -64.8546 97.5
      vertex 39 -67.55 97.5
    endloop
  endfacet
  facet normal -0.856821 0.170339 0.486665
    outer loop
      vertex 76.5013 -15.217 97.5
      vertex 25.5118 -37.87 15.6569
      vertex 25.4819 -38.0204 15.6569
    endloop
  endfacet
  facet normal -0.729857 0.6836 0
    outer loop
      vertex 55.1543 -55.1543 97.5
      vertex 58.6435 -51.429 110.01
      vertex 58.6435 -51.429 97.5
    endloop
  endfacet
  facet normal -0.729857 0.6836 0
    outer loop
      vertex 58.6435 -51.429 110.01
      vertex 55.1543 -55.1543 97.5
      vertex 55.1543 -55.1543 110.01
    endloop
  endfacet
  facet normal 0.910866 -0.412703 0
    outer loop
      vertex -72.0626 29.8493 110.01
      vertex -69.9561 34.4985 97.5
      vertex -69.9561 34.4985 110.01
    endloop
  endfacet
  facet normal 0.910866 -0.412703 0
    outer loop
      vertex -69.9561 34.4985 97.5
      vertex -72.0626 29.8493 110.01
      vertex -72.0626 29.8493 97.5
    endloop
  endfacet
  facet normal 0.768076 0.410678 0.491328
    outer loop
      vertex -32.216 -7.1683 15.6569
      vertex -32.2883 -7.03308 15.6569
      vertex -67.55 -39 97.5
    endloop
  endfacet
  facet normal 0.665568 -0.546357 0.508442
    outer loop
      vertex -31.1741 8.72757 15.6569
      vertex -31.0768 8.8461 15.6569
      vertex -61.8816 47.4834 97.5
    endloop
  endfacet
  facet normal 0.44418 0.71429 0.540827
    outer loop
      vertex -39 -67.55 97.5
      vertex 7.86354 -34.7242 15.6569
      vertex -43.3345 -64.8546 97.5
    endloop
  endfacet
  facet normal 0.144635 0.87607 0.459981
    outer loop
      vertex 22.6847 -39.7869 15.6569
      vertex 20.2443 -39.384 15.6569
      vertex -10.181 -77.3327 97.5
    endloop
  endfacet
  facet normal 0.253112 0.834353 0.489683
    outer loop
      vertex 17.5368 -38.7527 15.6569
      vertex 15.17 -38.0347 15.6569
      vertex -25.0723 -73.8605 97.5
    endloop
  endfacet
  facet normal 0.795721 0.360532 0.486668
    outer loop
      vertex -69.9561 -34.4985 97.5
      vertex -33.0454 -5.48639 15.6569
      vertex -72.0626 -29.8493 97.5
    endloop
  endfacet
  facet normal -0.518313 0.775645 0.360175
    outer loop
      vertex 43.3345 -64.8546 97.5
      vertex 24.5648 -39.3929 15.6569
      vertex 24.4373 -39.4781 15.6569
    endloop
  endfacet
  facet normal 0.665638 0.54628 0.508432
    outer loop
      vertex -58.6435 -51.429 97.5
      vertex -31.0768 -8.8461 15.6569
      vertex -61.8816 -47.4834 97.5
    endloop
  endfacet
  facet normal 0.665741 0.546168 0.508418
    outer loop
      vertex -31.0768 -8.8461 15.6569
      vertex -31.174 -8.72762 15.6569
      vertex -61.8816 -47.4834 97.5
    endloop
  endfacet
  facet normal -0.822152 -0.372795 0.430221
    outer loop
      vertex 25.3648 38.3849 15.6569
      vertex 72.0626 29.8493 97.5
      vertex 25.3015 38.5245 15.6569
    endloop
  endfacet
  facet normal 0.8197 -0.308507 0.482613
    outer loop
      vertex -33.0994 5.3429 15.6569
      vertex -72.0626 29.8493 97.5
      vertex -73.8605 25.0723 97.5
    endloop
  endfacet
  facet normal -0.776913 0.483122 0.403733
    outer loop
      vertex 64.8546 -43.3345 97.5
      vertex 67.55 -39 97.5
      vertex 25.1898 -38.7256 15.6569
    endloop
  endfacet
  facet normal -0.956939 0.290291 0
    outer loop
      vertex 73.8605 -25.0723 97.5
      vertex 75.3422 -20.1879 110.01
      vertex 75.3422 -20.1879 97.5
    endloop
  endfacet
  facet normal -0.956939 0.290291 0
    outer loop
      vertex 75.3422 -20.1879 110.01
      vertex 73.8605 -25.0723 97.5
      vertex 73.8605 -25.0723 110.01
    endloop
  endfacet
  facet normal -0.857318 0.141536 0.494947
    outer loop
      vertex 76.5013 -15.217 97.5
      vertex 77.3327 -10.181 97.5
      vertex 25.5118 -37.87 15.6569
    endloop
  endfacet
  facet normal 0.935908 -0.352244 0
    outer loop
      vertex -73.8605 25.0723 110.01
      vertex -72.0626 29.8493 97.5
      vertex -72.0626 29.8493 110.01
    endloop
  endfacet
  facet normal 0.935908 -0.352244 0
    outer loop
      vertex -72.0626 29.8493 97.5
      vertex -73.8605 25.0723 110.01
      vertex -73.8605 25.0723 97.5
    endloop
  endfacet
  facet normal 0.625627 0.585931 0.515049
    outer loop
      vertex -29.9375 -10.1376 15.6569
      vertex -30.0423 -10.0257 15.6569
      vertex -58.6435 -51.429 97.5
    endloop
  endfacet
  facet normal 0.999465 0.0327183 0
    outer loop
      vertex -77.833 -5.10144 110.01
      vertex -78 0 97.5
      vertex -78 0 110.01
    endloop
  endfacet
  facet normal 0.999465 0.0327183 0
    outer loop
      vertex -78 0 97.5
      vertex -77.833 -5.10144 110.01
      vertex -77.833 -5.10144 97.5
    endloop
  endfacet
  facet normal 0.199813 0.856917 0.47515
    outer loop
      vertex -15.217 -76.5013 97.5
      vertex 20.0939 -39.354 15.6569
      vertex -20.1879 -75.3422 97.5
    endloop
  endfacet
  facet normal 0.144632 0.876071 0.45998
    outer loop
      vertex -10.181 -77.3327 97.5
      vertex 20.2443 -39.384 15.6569
      vertex -15.217 -76.5013 97.5
    endloop
  endfacet
  facet normal -0.855541 -0.199493 0.477758
    outer loop
      vertex 76.5013 15.217 97.5
      vertex 75.3422 20.1879 97.5
      vertex 25.4981 37.9453 15.6569
    endloop
  endfacet
  facet normal 0.995185 0.0980185 0
    outer loop
      vertex -77.3327 -10.181 110.01
      vertex -77.833 -5.10144 97.5
      vertex -77.833 -5.10144 110.01
    endloop
  endfacet
  facet normal 0.995185 0.0980185 0
    outer loop
      vertex -77.833 -5.10144 97.5
      vertex -77.3327 -10.181 110.01
      vertex -77.3327 -10.181 97.5
    endloop
  endfacet
  facet normal 0.795721 -0.360532 0.486668
    outer loop
      vertex -32.9821 5.62607 15.6569
      vertex -69.9561 34.4985 97.5
      vertex -72.0626 29.8493 97.5
    endloop
  endfacet
  facet normal 0.737047 -0.458497 0.49653
    outer loop
      vertex -32.216 7.16833 15.6569
      vertex -32.135 7.29854 15.6569
      vertex -67.55 39 97.5
    endloop
  endfacet
  facet normal 0.253105 0.834356 0.489681
    outer loop
      vertex -20.1879 -75.3422 97.5
      vertex 17.5368 -38.7527 15.6569
      vertex -25.0723 -73.8605 97.5
    endloop
  endfacet
  facet normal 0.702897 0.503679 0.502238
    outer loop
      vertex -61.8816 -47.4834 97.5
      vertex -31.2634 -8.60298 15.6569
      vertex -64.8546 -43.3345 97.5
    endloop
  endfacet
  facet normal 0.538385 0.65569 0.529351
    outer loop
      vertex -28.5277 -11.3741 15.6569
      vertex -28.6462 -11.2768 15.6569
      vertex -51.429 -58.6435 97.5
    endloop
  endfacet
  facet normal 0.116418 0.884195 0.452378
    outer loop
      vertex 22.8366 -39.8069 15.6569
      vertex 22.6847 -39.7869 15.6569
      vertex -10.181 -77.3327 97.5
    endloop
  endfacet
  facet normal -0.695857 0.610157 0.378802
    outer loop
      vertex 58.6435 -51.429 97.5
      vertex 25.0112 -38.9747 15.6569
      vertex 24.9101 -39.09 15.6569
    endloop
  endfacet
  facet normal 0.881031 0.0287517 0.472183
    outer loop
      vertex -34.1317 -0.153229 15.6569
      vertex -34.1367 -1.52588e-05 15.6569
      vertex -78 0 97.5
    endloop
  endfacet
  facet normal 0.702644 0.503983 0.502287
    outer loop
      vertex -31.174 -8.72762 15.6569
      vertex -31.2634 -8.60298 15.6569
      vertex -61.8816 -47.4834 97.5
    endloop
  endfacet
  facet normal 0.304322 0.808602 0.503538
    outer loop
      vertex 15.0248 -37.9854 15.6569
      vertex 12.7097 -37.1141 15.6569
      vertex -25.0723 -73.8605 97.5
    endloop
  endfacet
  facet normal -0.0897088 0.910816 0.402948
    outer loop
      vertex 10.181 -77.3327 97.5
      vertex 23.4296 -39.8201 15.6569
      vertex 5.10144 -77.833 97.5
    endloop
  endfacet
  facet normal 0.720174 0.481205 0.499791
    outer loop
      vertex -31.2634 -8.60298 15.6569
      vertex -32.135 -7.29854 15.6569
      vertex -64.8546 -43.3345 97.5
    endloop
  endfacet
  facet normal 0.116418 -0.884195 0.452378
    outer loop
      vertex 22.6847 39.7869 15.6569
      vertex 22.8366 39.8069 15.6569
      vertex -10.181 77.3327 97.5
    endloop
  endfacet
  facet normal 0.0874337 -0.89169 0.444121
    outer loop
      vertex 22.8366 39.8069 15.6569
      vertex 22.9702 39.82 15.6569
      vertex -10.181 77.3327 97.5
    endloop
  endfacet
  facet normal -0.0980185 -0.995185 0
    outer loop
      vertex 5.10144 77.833 97.5
      vertex 10.181 77.3327 110.01
      vertex 5.10144 77.833 110.01
    endloop
  endfacet
  facet normal -0.0980185 -0.995185 -0
    outer loop
      vertex 10.181 77.3327 110.01
      vertex 5.10144 77.833 97.5
      vertex 10.181 77.3327 97.5
    endloop
  endfacet
  facet normal -0.830612 0.343742 0.438092
    outer loop
      vertex 72.0626 -29.8493 97.5
      vertex 25.3929 -38.3137 15.6569
      vertex 25.3343 -38.4553 15.6569
    endloop
  endfacet
  facet normal 0.876878 0.0863662 0.47289
    outer loop
      vertex -77.3327 -10.181 97.5
      vertex -34.0141 -1.87134 15.6569
      vertex -77.833 -5.10144 97.5
    endloop
  endfacet
  facet normal 0.868584 0.14352 0.474303
    outer loop
      vertex -33.9891 -2.02264 15.6569
      vertex -34.0141 -1.87134 15.6569
      vertex -77.3327 -10.181 97.5
    endloop
  endfacet
  facet normal 0.910866 0.412703 0
    outer loop
      vertex -69.9561 -34.4985 110.01
      vertex -72.0626 -29.8493 97.5
      vertex -72.0626 -29.8493 110.01
    endloop
  endfacet
  facet normal 0.910866 0.412703 0
    outer loop
      vertex -72.0626 -29.8493 97.5
      vertex -69.9561 -34.4985 110.01
      vertex -69.9561 -34.4985 97.5
    endloop
  endfacet
  facet normal 0.720174 -0.481205 0.499791
    outer loop
      vertex -32.135 7.29854 15.6569
      vertex -31.2634 8.60298 15.6569
      vertex -64.8546 43.3345 97.5
    endloop
  endfacet
  facet normal -0.838019 0.315402 0.445247
    outer loop
      vertex 72.0626 -29.8493 97.5
      vertex 73.8605 -25.0723 97.5
      vertex 25.3929 -38.3137 15.6569
    endloop
  endfacet
  facet normal -0.059501 0.910366 0.409504
    outer loop
      vertex 23.4296 -39.8201 15.6569
      vertex 23.2766 -39.8301 15.6569
      vertex 5.10144 -77.833 97.5
    endloop
  endfacet
  facet normal 0.329113 0.79447 0.510394
    outer loop
      vertex 12.7097 -37.1141 15.6569
      vertex 12.568 -37.0554 15.6569
      vertex -29.8493 -72.0626 97.5
    endloop
  endfacet
  facet normal 0.856255 -0.199659 0.476406
    outer loop
      vertex -33.683 3.56129 15.6569
      vertex -75.3422 20.1879 97.5
      vertex -76.5013 15.217 97.5
    endloop
  endfacet
  facet normal -0.714171 0.58611 0.382669
    outer loop
      vertex 58.6435 -51.429 97.5
      vertex 61.8816 -47.4834 97.5
      vertex 25.0112 -38.9747 15.6569
    endloop
  endfacet
  facet normal -0.73103 0.561498 0.387705
    outer loop
      vertex 61.8816 -47.4834 97.5
      vertex 25.1046 -38.8531 15.6569
      vertex 25.0112 -38.9747 15.6569
    endloop
  endfacet
  facet normal 0.876895 0.0861898 0.472892
    outer loop
      vertex -34.0141 -1.87134 15.6569
      vertex -34.0291 -1.71873 15.6569
      vertex -77.833 -5.10144 97.5
    endloop
  endfacet
  facet normal 0.46712 -0.699132 0.541307
    outer loop
      vertex -28.403 11.4634 15.6569
      vertex -26.9581 12.4288 15.6569
      vertex -43.3345 64.8546 97.5
    endloop
  endfacet
  facet normal -0.634397 0.773008 0
    outer loop
      vertex 51.429 -58.6435 97.5
      vertex 47.4834 -61.8816 110.01
      vertex 51.429 -58.6435 110.01
    endloop
  endfacet
  facet normal -0.634397 0.773008 0
    outer loop
      vertex 47.4834 -61.8816 110.01
      vertex 51.429 -58.6435 97.5
      vertex 47.4834 -61.8816 97.5
    endloop
  endfacet
  facet normal 0.868579 -0.143529 0.47431
    outer loop
      vertex -34.0141 1.87135 15.6569
      vertex -33.9891 2.02264 15.6569
      vertex -76.5013 15.217 97.5
    endloop
  endfacet
  facet normal 0.625603 0.585954 0.515052
    outer loop
      vertex -55.1543 -55.1543 97.5
      vertex -29.9375 -10.1376 15.6569
      vertex -58.6435 -51.429 97.5
    endloop
  endfacet
  facet normal 0.737098 0.458422 0.496523
    outer loop
      vertex -32.135 -7.29854 15.6569
      vertex -32.216 -7.1683 15.6569
      vertex -67.55 -39 97.5
    endloop
  endfacet
  facet normal -0.290291 0.956939 0
    outer loop
      vertex 25.0723 -73.8605 97.5
      vertex 20.1879 -75.3422 110.01
      vertex 25.0723 -73.8605 110.01
    endloop
  endfacet
  facet normal -0.290291 0.956939 0
    outer loop
      vertex 20.1879 -75.3422 110.01
      vertex 25.0723 -73.8605 97.5
      vertex 20.1879 -75.3422 97.5
    endloop
  endfacet
  facet normal -0.0327183 0.999465 0
    outer loop
      vertex 5.10144 -77.833 97.5
      vertex 0 -78 110.01
      vertex 5.10144 -77.833 110.01
    endloop
  endfacet
  facet normal -0.0327183 0.999465 0
    outer loop
      vertex 0 -78 110.01
      vertex 5.10144 -77.833 97.5
      vertex 0 -78 97.5
    endloop
  endfacet
  facet normal -0.851246 0.055637 0.521809
    outer loop
      vertex 77.833 -5.10144 97.5
      vertex 25.5419 -37.565 15.6569
      vertex 25.5319 -37.718 15.6569
    endloop
  endfacet
  facet normal 0.935908 0.352244 0
    outer loop
      vertex -72.0626 -29.8493 110.01
      vertex -73.8605 -25.0723 97.5
      vertex -73.8605 -25.0723 110.01
    endloop
  endfacet
  facet normal 0.935908 0.352244 0
    outer loop
      vertex -73.8605 -25.0723 97.5
      vertex -72.0626 -29.8493 110.01
      vertex -72.0626 -29.8493 97.5
    endloop
  endfacet
  facet normal -0.591039 0.720177 0.363342
    outer loop
      vertex 47.4834 -61.8816 97.5
      vertex 51.429 -58.6435 97.5
      vertex 24.6864 -39.2995 15.6569
    endloop
  endfacet
  facet normal -0.822234 0.372545 0.43028
    outer loop
      vertex 69.9561 -34.4985 97.5
      vertex 72.0626 -29.8493 97.5
      vertex 25.3343 -38.4553 15.6569
    endloop
  endfacet
  facet normal 0.0980185 0.995185 -0
    outer loop
      vertex -5.10144 -77.833 97.5
      vertex -10.181 -77.3327 110.01
      vertex -5.10144 -77.833 110.01
    endloop
  endfacet
  facet normal 0.0980185 0.995185 0
    outer loop
      vertex -10.181 -77.3327 110.01
      vertex -5.10144 -77.833 97.5
      vertex -10.181 -77.3327 97.5
    endloop
  endfacet
  facet normal 0.79569 0.36059 0.486675
    outer loop
      vertex -32.9821 -5.62607 15.6569
      vertex -33.0454 -5.48639 15.6569
      vertex -69.9561 -34.4985 97.5
    endloop
  endfacet
  facet normal 0.226621 0.845976 0.482668
    outer loop
      vertex 17.685 -38.7924 15.6569
      vertex 17.5368 -38.7527 15.6569
      vertex -20.1879 -75.3422 97.5
    endloop
  endfacet
  facet normal 0.444173 0.714296 0.540825
    outer loop
      vertex 7.86354 -34.7242 15.6569
      vertex 5.69688 -33.3769 15.6569
      vertex -43.3345 -64.8546 97.5
    endloop
  endfacet
  facet normal 0.812852 -0.58247 0
    outer loop
      vertex -64.8546 43.3345 110.01
      vertex -61.8816 47.4834 97.5
      vertex -61.8816 47.4834 110.01
    endloop
  endfacet
  facet normal 0.812852 -0.58247 0
    outer loop
      vertex -61.8816 47.4834 97.5
      vertex -64.8546 43.3345 110.01
      vertex -64.8546 43.3345 97.5
    endloop
  endfacet
  facet normal 0.839919 -0.254792 0.479184
    outer loop
      vertex -33.6482 3.7106 15.6569
      vertex -73.8605 25.0723 97.5
      vertex -75.3422 20.1879 97.5
    endloop
  endfacet
  facet normal 0.876895 -0.0861842 0.472892
    outer loop
      vertex -34.0291 1.71873 15.6569
      vertex -34.0141 1.87135 15.6569
      vertex -77.833 5.10144 97.5
    endloop
  endfacet
  facet normal -0.613576 0.699755 0.365879
    outer loop
      vertex 51.429 -58.6435 97.5
      vertex 24.8017 -39.1984 15.6569
      vertex 24.6864 -39.2995 15.6569
    endloop
  endfacet
  facet normal 0 0.906283 0.422671
    outer loop
      vertex 23.2766 -39.8301 15.6569
      vertex 23.1232 -39.8301 15.6569
      vertex 0 -78 97.5
    endloop
  endfacet
  facet normal 0.449323 0.709981 0.542251
    outer loop
      vertex 5.69688 -33.3769 15.6569
      vertex 5.66907 -33.3593 15.6569
      vertex -43.3345 -64.8546 97.5
    endloop
  endfacet
  facet normal 0.862666 -0.171619 0.475767
    outer loop
      vertex -33.9891 2.02264 15.6569
      vertex -33.683 3.56129 15.6569
      vertex -76.5013 15.217 97.5
    endloop
  endfacet
  facet normal 0.849199 0.528073 0
    outer loop
      vertex -64.8546 -43.3345 110.01
      vertex -67.55 -39 97.5
      vertex -67.55 -39 110.01
    endloop
  endfacet
  facet normal 0.849199 0.528073 0
    outer loop
      vertex -67.55 -39 97.5
      vertex -64.8546 -43.3345 110.01
      vertex -64.8546 -43.3345 97.5
    endloop
  endfacet
  facet normal -0.973875 0.227085 0
    outer loop
      vertex 75.3422 -20.1879 97.5
      vertex 76.5013 -15.217 110.01
      vertex 76.5013 -15.217 97.5
    endloop
  endfacet
  facet normal -0.973875 0.227085 0
    outer loop
      vertex 76.5013 -15.217 110.01
      vertex 75.3422 -20.1879 97.5
      vertex 75.3422 -20.1879 110.01
    endloop
  endfacet
  facet normal 0.768118 -0.41061 0.491319
    outer loop
      vertex -32.2883 7.03308 15.6569
      vertex -32.216 7.16833 15.6569
      vertex -67.55 39 97.5
    endloop
  endfacet
  facet normal -0.492772 0.792432 0.359482
    outer loop
      vertex 39 -67.55 97.5
      vertex 43.3345 -64.8546 97.5
      vertex 24.4373 -39.4781 15.6569
    endloop
  endfacet
  facet normal 0.199781 0.85693 0.47514
    outer loop
      vertex 20.0939 -39.354 15.6569
      vertex 17.685 -38.7924 15.6569
      vertex -20.1879 -75.3422 97.5
    endloop
  endfacet
  facet normal -0.843968 0.286554 0.453437
    outer loop
      vertex 73.8605 -25.0723 97.5
      vertex 25.4422 -38.1685 15.6569
      vertex 25.3929 -38.3137 15.6569
    endloop
  endfacet
  facet normal 0.279006 0.821738 0.496893
    outer loop
      vertex 15.17 -38.0347 15.6569
      vertex 15.0248 -37.9854 15.6569
      vertex -25.0723 -73.8605 97.5
    endloop
  endfacet
  facet normal -0.239684 0.894137 0.378246
    outer loop
      vertex 23.8801 -39.7305 15.6569
      vertex 23.732 -39.7702 15.6569
      vertex 20.1879 -75.3422 97.5
    endloop
  endfacet
  facet normal 0.227085 0.973875 -0
    outer loop
      vertex -15.217 -76.5013 97.5
      vertex -20.1879 -75.3422 110.01
      vertex -15.217 -76.5013 110.01
    endloop
  endfacet
  facet normal 0.227085 0.973875 0
    outer loop
      vertex -20.1879 -75.3422 110.01
      vertex -15.217 -76.5013 97.5
      vertex -20.1879 -75.3422 97.5
    endloop
  endfacet
  facet normal 0.422456 0.731449 0.53527
    outer loop
      vertex 7.99634 -34.8009 15.6569
      vertex 7.86354 -34.7242 15.6569
      vertex -39 -67.55 97.5
    endloop
  endfacet
  facet normal 0.400008 0.748337 0.529137
    outer loop
      vertex 10.1777 -35.9669 15.6569
      vertex 7.99634 -34.8009 15.6569
      vertex -39 -67.55 97.5
    endloop
  endfacet
  facet normal 0.819709 0.308484 0.482612
    outer loop
      vertex -33.0454 -5.48639 15.6569
      vertex -33.0994 -5.3429 15.6569
      vertex -73.8605 -25.0723 97.5
    endloop
  endfacet
  facet normal -0.852725 0.228583 0.469691
    outer loop
      vertex 75.3422 -20.1879 97.5
      vertex 25.4819 -38.0204 15.6569
      vertex 25.4422 -38.1685 15.6569
    endloop
  endfacet
  facet normal 0.290291 0.956939 -0
    outer loop
      vertex -20.1879 -75.3422 97.5
      vertex -25.0723 -73.8605 110.01
      vertex -20.1879 -75.3422 110.01
    endloop
  endfacet
  facet normal 0.290291 0.956939 0
    outer loop
      vertex -25.0723 -73.8605 110.01
      vertex -20.1879 -75.3422 97.5
      vertex -25.0723 -73.8605 97.5
    endloop
  endfacet
  facet normal -0.327572 0.870355 0.367668
    outer loop
      vertex 25.0723 -73.8605 97.5
      vertex 29.8493 -72.0626 97.5
      vertex 24.0253 -39.6812 15.6569
    endloop
  endfacet
  facet normal -0.298555 0.879315 0.371039
    outer loop
      vertex 25.0723 -73.8605 97.5
      vertex 24.0253 -39.6812 15.6569
      vertex 23.8801 -39.7305 15.6569
    endloop
  endfacet
  facet normal 0.879204 -0.0576214 0.472948
    outer loop
      vertex -34.1317 0.153229 15.6569
      vertex -34.0291 1.71873 15.6569
      vertex -77.833 5.10144 97.5
    endloop
  endfacet
  facet normal -0.227085 0.973875 0
    outer loop
      vertex 20.1879 -75.3422 97.5
      vertex 15.217 -76.5013 110.01
      vertex 20.1879 -75.3422 110.01
    endloop
  endfacet
  facet normal -0.227085 0.973875 0
    outer loop
      vertex 15.217 -76.5013 110.01
      vertex 20.1879 -75.3422 97.5
      vertex 15.217 -76.5013 97.5
    endloop
  endfacet
  facet normal 0.839939 -0.254735 0.479179
    outer loop
      vertex -33.6482 3.7106 15.6569
      vertex -33.6037 3.85733 15.6569
      vertex -73.8605 25.0723 97.5
    endloop
  endfacet
  facet normal 0.881921 -0.471396 0
    outer loop
      vertex -69.9561 34.4985 110.01
      vertex -67.55 39 97.5
      vertex -67.55 39 110.01
    endloop
  endfacet
  facet normal 0.881921 -0.471396 0
    outer loop
      vertex -67.55 39 97.5
      vertex -69.9561 34.4985 110.01
      vertex -69.9561 34.4985 97.5
    endloop
  endfacet
  facet normal 0.737127 -0.458381 0.496519
    outer loop
      vertex -32.135 7.29854 15.6569
      vertex -64.8546 43.3345 97.5
      vertex -67.55 39 97.5
    endloop
  endfacet
  facet normal -0.849126 0.257585 0.461124
    outer loop
      vertex 73.8605 -25.0723 97.5
      vertex 75.3422 -20.1879 97.5
      vertex 25.4422 -38.1685 15.6569
    endloop
  endfacet
  facet normal 0.795681 -0.360612 0.486673
    outer loop
      vertex -33.0454 5.4864 15.6569
      vertex -32.9821 5.62607 15.6569
      vertex -72.0626 29.8493 97.5
    endloop
  endfacet
  facet normal 0.830029 0.281766 0.481311
    outer loop
      vertex -33.0994 -5.3429 15.6569
      vertex -33.6037 -3.85733 15.6569
      vertex -73.8605 -25.0723 97.5
    endloop
  endfacet
  facet normal 0.0295495 0.902663 0.429332
    outer loop
      vertex 0 -78 97.5
      vertex 23.1232 -39.8301 15.6569
      vertex -5.10144 -77.833 97.5
    endloop
  endfacet
  facet normal 0.0878159 0.891597 0.444233
    outer loop
      vertex -5.10144 -77.833 97.5
      vertex 22.9702 -39.82 15.6569
      vertex -10.181 -77.3327 97.5
    endloop
  endfacet
  facet normal -0.0297601 0.909097 0.41552
    outer loop
      vertex 5.10144 -77.833 97.5
      vertex 23.2766 -39.8301 15.6569
      vertex 0 -78 97.5
    endloop
  endfacet
  facet normal 0.162891 -0.986644 0
    outer loop
      vertex 20.626 37.0721 0
      vertex 23.0664 37.475 10
      vertex 20.626 37.0721 10
    endloop
  endfacet
  facet normal 0.162891 -0.986644 0
    outer loop
      vertex 23.0664 37.475 10
      vertex 20.626 37.0721 0
      vertex 23.0664 37.475 0
    endloop
  endfacet
  facet normal 0.528063 0.849205 -0
    outer loop
      vertex 9.10089 -32.7344 0
      vertex 6.93423 -31.3871 10
      vertex 9.10089 -32.7344 10
    endloop
  endfacet
  facet normal 0.528063 0.849205 0
    outer loop
      vertex 6.93423 -31.3871 10
      vertex 9.10089 -32.7344 0
      vertex 6.93423 -31.3871 0
    endloop
  endfacet
  facet normal 0.0983236 -0.995154 0
    outer loop
      vertex 23.0664 37.475 0
      vertex 23.2 37.4882 10
      vertex 23.0664 37.475 10
    endloop
  endfacet
  facet normal 0.0983236 -0.995154 0
    outer loop
      vertex 23.2 37.4882 10
      vertex 23.0664 37.475 0
      vertex 23.2 37.4882 0
    endloop
  endfacet
  facet normal 0.659319 -0.751863 0
    outer loop
      vertex -28.2807 8.48079 0
      vertex -27.1012 9.51511 10
      vertex -28.2807 8.48079 10
    endloop
  endfacet
  facet normal 0.659319 -0.751863 0
    outer loop
      vertex -27.1012 9.51511 10
      vertex -28.2807 8.48079 0
      vertex -27.1012 9.51511 0
    endloop
  endfacet
  facet normal -1 0 0
    outer loop
      vertex 23.2 -37.4882 0
      vertex 23.2 37.4882 10
      vertex 23.2 37.4882 0
    endloop
  endfacet
  facet normal -1 -0 0
    outer loop
      vertex 23.2 37.4882 10
      vertex 23.2 -37.4882 0
      vertex 23.2 -37.4882 10
    endloop
  endfacet
  facet normal 0.352222 0.935917 -0
    outer loop
      vertex 15.8502 -35.7924 0
      vertex 13.535 -34.9211 10
      vertex 15.8502 -35.7924 10
    endloop
  endfacet
  facet normal 0.352222 0.935917 0
    outer loop
      vertex 13.535 -34.9211 10
      vertex 15.8502 -35.7924 0
      vertex 13.535 -34.9211 0
    endloop
  endfacet
  facet normal 0.227076 0.973877 -0
    outer loop
      vertex 20.626 -37.0721 0
      vertex 18.217 -36.5104 10
      vertex 20.626 -37.0721 10
    endloop
  endfacet
  facet normal 0.227076 0.973877 0
    outer loop
      vertex 18.217 -36.5104 10
      vertex 20.626 -37.0721 0
      vertex 18.217 -36.5104 0
    endloop
  endfacet
  facet normal 0.412712 0.910862 -0
    outer loop
      vertex 13.535 -34.9211 0
      vertex 11.2823 -33.9004 10
      vertex 13.535 -34.9211 10
    endloop
  endfacet
  facet normal 0.412712 0.910862 0
    outer loop
      vertex 11.2823 -33.9004 10
      vertex 13.535 -34.9211 0
      vertex 11.2823 -33.9004 0
    endloop
  endfacet
  facet normal 0.539944 0.841701 -0
    outer loop
      vertex 6.93423 -31.3871 0
      vertex -25.6564 -10.4805 10
      vertex 6.93423 -31.3871 10
    endloop
  endfacet
  facet normal 0.539944 0.841701 0
    outer loop
      vertex -25.6564 -10.4805 10
      vertex 6.93423 -31.3871 0
      vertex -25.6564 -10.4805 0
    endloop
  endfacet
  facet normal 0.946926 -0.321451 0
    outer loop
      vertex -31.3849 3.10416 10
      vertex -30.8806 4.58972 0
      vertex -30.8806 4.58972 10
    endloop
  endfacet
  facet normal 0.946926 -0.321451 0
    outer loop
      vertex -30.8806 4.58972 0
      vertex -31.3849 3.10416 10
      vertex -31.3849 3.10416 0
    endloop
  endfacet
  facet normal 0.980792 0.195056 0
    outer loop
      vertex -31.3849 -3.10416 10
      vertex -31.6909 -1.56551 0
      vertex -31.6909 -1.56551 10
    endloop
  endfacet
  facet normal 0.980792 0.195056 0
    outer loop
      vertex -31.6909 -1.56551 0
      vertex -31.3849 -3.10416 10
      vertex -31.3849 -3.10416 0
    endloop
  endfacet
  facet normal 0.659319 0.751863 -0
    outer loop
      vertex -27.1012 -9.51511 0
      vertex -28.2807 -8.48079 10
      vertex -27.1012 -9.51511 10
    endloop
  endfacet
  facet normal 0.659319 0.751863 0
    outer loop
      vertex -28.2807 -8.48079 10
      vertex -27.1012 -9.51511 0
      vertex -28.2807 -8.48079 0
    endloop
  endfacet
  facet normal 0.471401 0.881919 -0
    outer loop
      vertex 11.2823 -33.9004 0
      vertex 9.10089 -32.7344 10
      vertex 11.2823 -33.9004 10
    endloop
  endfacet
  facet normal 0.471401 0.881919 0
    outer loop
      vertex 9.10089 -32.7344 10
      vertex 11.2823 -33.9004 0
      vertex 9.10089 -32.7344 0
    endloop
  endfacet
  facet normal 0.980792 -0.195056 0
    outer loop
      vertex -31.6909 1.56551 10
      vertex -31.3849 3.10416 0
      vertex -31.3849 3.10416 10
    endloop
  endfacet
  facet normal 0.980792 -0.195056 0
    outer loop
      vertex -31.3849 3.10416 0
      vertex -31.6909 1.56551 10
      vertex -31.6909 1.56551 0
    endloop
  endfacet
  facet normal 0.997859 0.0653975 0
    outer loop
      vertex -31.6909 -1.56551 10
      vertex -31.7935 0 0
      vertex -31.7935 0 10
    endloop
  endfacet
  facet normal 0.997859 0.0653975 0
    outer loop
      vertex -31.7935 0 0
      vertex -31.6909 -1.56551 10
      vertex -31.6909 -1.56551 0
    endloop
  endfacet
  facet normal 0.539944 -0.841701 0
    outer loop
      vertex -25.6564 10.4805 0
      vertex 6.93423 31.3871 10
      vertex -25.6564 10.4805 10
    endloop
  endfacet
  facet normal 0.539944 -0.841701 0
    outer loop
      vertex 6.93423 31.3871 10
      vertex -25.6564 10.4805 0
      vertex 6.93423 31.3871 0
    endloop
  endfacet
  facet normal 0.352222 -0.935917 0
    outer loop
      vertex 13.535 34.9211 0
      vertex 15.8502 35.7924 10
      vertex 13.535 34.9211 10
    endloop
  endfacet
  facet normal 0.352222 -0.935917 0
    outer loop
      vertex 15.8502 35.7924 10
      vertex 13.535 34.9211 0
      vertex 15.8502 35.7924 0
    endloop
  endfacet
  facet normal 0.751868 -0.659313 0
    outer loop
      vertex -29.3151 7.30118 10
      vertex -28.2807 8.48079 0
      vertex -28.2807 8.48079 10
    endloop
  endfacet
  facet normal 0.751868 -0.659313 0
    outer loop
      vertex -28.2807 8.48079 0
      vertex -29.3151 7.30118 10
      vertex -29.3151 7.30118 0
    endloop
  endfacet
  facet normal 0.997859 -0.0653975 0
    outer loop
      vertex -31.7935 0 10
      vertex -31.6909 1.56551 0
      vertex -31.6909 1.56551 10
    endloop
  endfacet
  facet normal 0.997859 -0.0653975 0
    outer loop
      vertex -31.6909 1.56551 0
      vertex -31.7935 0 10
      vertex -31.7935 0 0
    endloop
  endfacet
  facet normal 0.528063 -0.849205 0
    outer loop
      vertex 6.93423 31.3871 0
      vertex 9.10089 32.7344 10
      vertex 6.93423 31.3871 10
    endloop
  endfacet
  facet normal 0.528063 -0.849205 0
    outer loop
      vertex 9.10089 32.7344 10
      vertex 6.93423 31.3871 0
      vertex 9.10089 32.7344 0
    endloop
  endfacet
  facet normal 0.471401 -0.881919 0
    outer loop
      vertex 9.10089 32.7344 0
      vertex 11.2823 33.9004 10
      vertex 9.10089 32.7344 10
    endloop
  endfacet
  facet normal 0.471401 -0.881919 0
    outer loop
      vertex 11.2823 33.9004 10
      vertex 9.10089 32.7344 0
      vertex 11.2823 33.9004 0
    endloop
  endfacet
  facet normal 0.290299 0.956936 -0
    outer loop
      vertex 18.217 -36.5104 0
      vertex 15.8502 -35.7924 10
      vertex 18.217 -36.5104 10
    endloop
  endfacet
  facet normal 0.290299 0.956936 0
    outer loop
      vertex 15.8502 -35.7924 10
      vertex 18.217 -36.5104 0
      vertex 15.8502 -35.7924 0
    endloop
  endfacet
  facet normal 0.896888 -0.442258 0
    outer loop
      vertex -30.8806 4.58972 10
      vertex -30.1868 5.99673 0
      vertex -30.1868 5.99673 10
    endloop
  endfacet
  facet normal 0.896888 -0.442258 0
    outer loop
      vertex -30.1868 5.99673 0
      vertex -30.8806 4.58972 10
      vertex -30.8806 4.58972 0
    endloop
  endfacet
  facet normal 0.831442 -0.555612 0
    outer loop
      vertex -30.1868 5.99673 10
      vertex -29.3151 7.30118 0
      vertex -29.3151 7.30118 10
    endloop
  endfacet
  facet normal 0.831442 -0.555612 0
    outer loop
      vertex -29.3151 7.30118 0
      vertex -30.1868 5.99673 10
      vertex -30.1868 5.99673 0
    endloop
  endfacet
  facet normal 0.831442 0.555612 0
    outer loop
      vertex -29.3151 -7.30118 10
      vertex -30.1868 -5.99673 0
      vertex -30.1868 -5.99673 10
    endloop
  endfacet
  facet normal 0.831442 0.555612 0
    outer loop
      vertex -30.1868 -5.99673 0
      vertex -29.3151 -7.30118 10
      vertex -29.3151 -7.30118 0
    endloop
  endfacet
  facet normal 0.555572 -0.831468 0
    outer loop
      vertex -27.1012 9.51511 0
      vertex -25.6564 10.4805 10
      vertex -27.1012 9.51511 10
    endloop
  endfacet
  facet normal 0.555572 -0.831468 0
    outer loop
      vertex -25.6564 10.4805 10
      vertex -27.1012 9.51511 0
      vertex -25.6564 10.4805 0
    endloop
  endfacet
  facet normal 0.555572 0.831468 -0
    outer loop
      vertex -25.6564 -10.4805 0
      vertex -27.1012 -9.51511 10
      vertex -25.6564 -10.4805 10
    endloop
  endfacet
  facet normal 0.555572 0.831468 0
    outer loop
      vertex -27.1012 -9.51511 10
      vertex -25.6564 -10.4805 0
      vertex -27.1012 -9.51511 0
    endloop
  endfacet
  facet normal 0.412712 -0.910862 0
    outer loop
      vertex 11.2823 33.9004 0
      vertex 13.535 34.9211 10
      vertex 11.2823 33.9004 10
    endloop
  endfacet
  facet normal 0.412712 -0.910862 0
    outer loop
      vertex 13.535 34.9211 10
      vertex 11.2823 33.9004 0
      vertex 13.535 34.9211 0
    endloop
  endfacet
  facet normal 0.162891 0.986644 -0
    outer loop
      vertex 23.0664 -37.475 0
      vertex 20.626 -37.0721 10
      vertex 23.0664 -37.475 10
    endloop
  endfacet
  facet normal 0.162891 0.986644 0
    outer loop
      vertex 20.626 -37.0721 10
      vertex 23.0664 -37.475 0
      vertex 20.626 -37.0721 0
    endloop
  endfacet
  facet normal 0.946926 0.321451 0
    outer loop
      vertex -30.8806 -4.58972 10
      vertex -31.3849 -3.10416 0
      vertex -31.3849 -3.10416 10
    endloop
  endfacet
  facet normal 0.946926 0.321451 0
    outer loop
      vertex -31.3849 -3.10416 0
      vertex -30.8806 -4.58972 10
      vertex -30.8806 -4.58972 0
    endloop
  endfacet
  facet normal 0.0983236 0.995154 -0
    outer loop
      vertex 23.2 -37.4882 0
      vertex 23.0664 -37.475 10
      vertex 23.2 -37.4882 10
    endloop
  endfacet
  facet normal 0.0983236 0.995154 0
    outer loop
      vertex 23.0664 -37.475 10
      vertex 23.2 -37.4882 0
      vertex 23.0664 -37.475 0
    endloop
  endfacet
  facet normal 0.896888 0.442258 0
    outer loop
      vertex -30.1868 -5.99673 10
      vertex -30.8806 -4.58972 0
      vertex -30.8806 -4.58972 10
    endloop
  endfacet
  facet normal 0.896888 0.442258 0
    outer loop
      vertex -30.8806 -4.58972 0
      vertex -30.1868 -5.99673 10
      vertex -30.1868 -5.99673 0
    endloop
  endfacet
  facet normal 0.290299 -0.956936 0
    outer loop
      vertex 15.8502 35.7924 0
      vertex 18.217 36.5104 10
      vertex 15.8502 35.7924 10
    endloop
  endfacet
  facet normal 0.290299 -0.956936 0
    outer loop
      vertex 18.217 36.5104 10
      vertex 15.8502 35.7924 0
      vertex 18.217 36.5104 0
    endloop
  endfacet
  facet normal 0.751868 0.659313 0
    outer loop
      vertex -28.2807 -8.48079 10
      vertex -29.3151 -7.30118 0
      vertex -29.3151 -7.30118 10
    endloop
  endfacet
  facet normal 0.751868 0.659313 0
    outer loop
      vertex -29.3151 -7.30118 0
      vertex -28.2807 -8.48079 10
      vertex -28.2807 -8.48079 0
    endloop
  endfacet
  facet normal 0.227076 -0.973877 0
    outer loop
      vertex 18.217 36.5104 0
      vertex 20.626 37.0721 10
      vertex 18.217 36.5104 10
    endloop
  endfacet
  facet normal 0.227076 -0.973877 0
    outer loop
      vertex 20.626 37.0721 10
      vertex 18.217 36.5104 0
      vertex 20.626 37.0721 0
    endloop
  endfacet
  facet normal -0 0 -1
    outer loop
      vertex 78 0 110.01
      vertex 77.9911 -0.00963972 110.01
      vertex 77.9914 0 110.01
    endloop
  endfacet
  facet normal 0 0 -1
    outer loop
      vertex 77.833 -5.10144 110.01
      vertex 77.9911 -0.00963972 110.01
      vertex 78 0 110.01
    endloop
  endfacet
  facet normal 0 0 -1
    outer loop
      vertex 77.833 -5.10144 110.01
      vertex 77.8244 -5.10088 110.01
      vertex 77.9911 -0.00963972 110.01
    endloop
  endfacet
  facet normal 0 0 -1
    outer loop
      vertex 77.3251 -10.1703 110.01
      vertex 77.833 -5.10144 110.01
      vertex 77.3327 -10.181 110.01
    endloop
  endfacet
  facet normal -0 0 -1
    outer loop
      vertex 77.833 -5.10144 110.01
      vertex 77.3251 -10.1703 110.01
      vertex 77.8244 -5.10088 110.01
    endloop
  endfacet
  facet normal 0 0 -1
    outer loop
      vertex 77.3327 -10.181 110.01
      vertex 77.3242 -10.1799 110.01
      vertex 77.3251 -10.1703 110.01
    endloop
  endfacet
  facet normal -0 0 -1
    outer loop
      vertex 77.3327 -10.181 110.01
      vertex 77.3226 -10.1894 110.01
      vertex 77.3242 -10.1799 110.01
    endloop
  endfacet
  facet normal 0 0 -1
    outer loop
      vertex 76.5013 -15.217 110.01
      vertex 77.3226 -10.1894 110.01
      vertex 77.3327 -10.181 110.01
    endloop
  endfacet
  facet normal 0 0 -1
    outer loop
      vertex 76.5013 -15.217 110.01
      vertex 76.4928 -15.2154 110.01
      vertex 77.3226 -10.1894 110.01
    endloop
  endfacet
  facet normal -0 0 -1
    outer loop
      vertex 76.5013 -15.217 110.01
      vertex 76.4906 -15.2248 110.01
      vertex 76.4928 -15.2154 110.01
    endloop
  endfacet
  facet normal 0 0 -1
    outer loop
      vertex 75.3422 -20.1879 110.01
      vertex 76.4906 -15.2248 110.01
      vertex 76.5013 -15.217 110.01
    endloop
  endfacet
  facet normal 0 0 -1
    outer loop
      vertex 75.3422 -20.1879 110.01
      vertex 75.3339 -20.1857 110.01
      vertex 76.4906 -15.2248 110.01
    endloop
  endfacet
  facet normal 0 0 -1
    outer loop
      vertex 73.8552 -25.0603 110.01
      vertex 75.3422 -20.1879 110.01
      vertex 73.8605 -25.0723 110.01
    endloop
  endfacet
  facet normal -0 0 -1
    outer loop
      vertex 75.3422 -20.1879 110.01
      vertex 73.8552 -25.0603 110.01
      vertex 75.3339 -20.1857 110.01
    endloop
  endfacet
  facet normal 0 0 -1
    outer loop
      vertex 73.8605 -25.0723 110.01
      vertex 73.8524 -25.0695 110.01
      vertex 73.8552 -25.0603 110.01
    endloop
  endfacet
  facet normal -0 0 -1
    outer loop
      vertex 73.8605 -25.0723 110.01
      vertex 73.849 -25.0785 110.01
      vertex 73.8524 -25.0695 110.01
    endloop
  endfacet
  facet normal 0 0 -1
    outer loop
      vertex 72.0626 -29.8493 110.01
      vertex 73.849 -25.0785 110.01
      vertex 73.8605 -25.0723 110.01
    endloop
  endfacet
  facet normal 0 0 -1
    outer loop
      vertex 72.0626 -29.8493 110.01
      vertex 72.0547 -29.846 110.01
      vertex 73.849 -25.0785 110.01
    endloop
  endfacet
  facet normal 0 0 -1
    outer loop
      vertex 69.9523 -34.4859 110.01
      vertex 72.0626 -29.8493 110.01
      vertex 69.9561 -34.4985 110.01
    endloop
  endfacet
  facet normal -0 0 -1
    outer loop
      vertex 72.0626 -29.8493 110.01
      vertex 69.9523 -34.4859 110.01
      vertex 72.0547 -29.846 110.01
    endloop
  endfacet
  facet normal 0 0 -1
    outer loop
      vertex 69.9561 -34.4985 110.01
      vertex 69.9484 -34.4947 110.01
      vertex 69.9523 -34.4859 110.01
    endloop
  endfacet
  facet normal 0 0 -1
    outer loop
      vertex 67.5471 -38.9872 110.01
      vertex 69.9561 -34.4985 110.01
      vertex 67.55 -39 110.01
    endloop
  endfacet
  facet normal -0 0 -1
    outer loop
      vertex 69.9561 -34.4985 110.01
      vertex 67.5471 -38.9872 110.01
      vertex 69.9484 -34.4947 110.01
    endloop
  endfacet
  facet normal 0 0 -1
    outer loop
      vertex 67.55 -39 110.01
      vertex 67.5425 -38.9957 110.01
      vertex 67.5471 -38.9872 110.01
    endloop
  endfacet
  facet normal -0 0 -1
    outer loop
      vertex 67.55 -39 110.01
      vertex 67.5374 -39.0039 110.01
      vertex 67.5425 -38.9957 110.01
    endloop
  endfacet
  facet normal 0 0 -1
    outer loop
      vertex 64.8546 -43.3345 110.01
      vertex 67.5374 -39.0039 110.01
      vertex 67.55 -39 110.01
    endloop
  endfacet
  facet normal 0 0 -1
    outer loop
      vertex 64.8546 -43.3345 110.01
      vertex 64.8475 -43.3297 110.01
      vertex 67.5374 -39.0039 110.01
    endloop
  endfacet
  facet normal 0 0 -1
    outer loop
      vertex 61.8804 -47.4703 110.01
      vertex 64.8546 -43.3345 110.01
      vertex 61.8816 -47.4834 110.01
    endloop
  endfacet
  facet normal -0 0 -1
    outer loop
      vertex 64.8546 -43.3345 110.01
      vertex 61.8804 -47.4703 110.01
      vertex 64.8475 -43.3297 110.01
    endloop
  endfacet
  facet normal 0 0 -1
    outer loop
      vertex 61.8816 -47.4834 110.01
      vertex 61.8747 -47.4782 110.01
      vertex 61.8804 -47.4703 110.01
    endloop
  endfacet
  facet normal -0 0 -1
    outer loop
      vertex 61.8816 -47.4834 110.01
      vertex 61.8686 -47.4856 110.01
      vertex 61.8747 -47.4782 110.01
    endloop
  endfacet
  facet normal 0 0 -1
    outer loop
      vertex 58.6435 -51.429 110.01
      vertex 61.8686 -47.4856 110.01
      vertex 61.8816 -47.4834 110.01
    endloop
  endfacet
  facet normal 0 0 -1
    outer loop
      vertex 58.6435 -51.429 110.01
      vertex 58.637 -51.4233 110.01
      vertex 61.8686 -47.4856 110.01
    endloop
  endfacet
  facet normal -0 0 -1
    outer loop
      vertex 58.6435 -51.429 110.01
      vertex 58.6304 -51.4303 110.01
      vertex 58.637 -51.4233 110.01
    endloop
  endfacet
  facet normal 0 0 -1
    outer loop
      vertex 55.1543 -55.1543 110.01
      vertex 58.6304 -51.4303 110.01
      vertex 58.6435 -51.429 110.01
    endloop
  endfacet
  facet normal 0 0 -1
    outer loop
      vertex 55.1543 -55.1543 110.01
      vertex 55.1482 -55.1482 110.01
      vertex 58.6304 -51.4303 110.01
    endloop
  endfacet
  facet normal -0 0 -1
    outer loop
      vertex 55.1543 -55.1543 110.01
      vertex 51.4303 -58.6304 110.01
      vertex 55.1482 -55.1482 110.01
    endloop
  endfacet
  facet normal 0 0 -1
    outer loop
      vertex 51.429 -58.6435 110.01
      vertex 51.4303 -58.6304 110.01
      vertex 55.1543 -55.1543 110.01
    endloop
  endfacet
  facet normal 0 0 -1
    outer loop
      vertex 51.429 -58.6435 110.01
      vertex 51.4233 -58.637 110.01
      vertex 51.4303 -58.6304 110.01
    endloop
  endfacet
  facet normal -0 0 -1
    outer loop
      vertex 51.429 -58.6435 110.01
      vertex 47.4856 -61.8686 110.01
      vertex 51.4233 -58.637 110.01
    endloop
  endfacet
  facet normal 0 0 -1
    outer loop
      vertex 47.4834 -61.8816 110.01
      vertex 47.4856 -61.8686 110.01
      vertex 51.429 -58.6435 110.01
    endloop
  endfacet
  facet normal 0 0 -1
    outer loop
      vertex 47.4834 -61.8816 110.01
      vertex 47.4782 -61.8747 110.01
      vertex 47.4856 -61.8686 110.01
    endloop
  endfacet
  facet normal 0 0 -1
    outer loop
      vertex 47.4834 -61.8816 110.01
      vertex 47.4703 -61.8804 110.01
      vertex 47.4782 -61.8747 110.01
    endloop
  endfacet
  facet normal 0 0 -1
    outer loop
      vertex 43.3345 -64.8546 110.01
      vertex 47.4703 -61.8804 110.01
      vertex 47.4834 -61.8816 110.01
    endloop
  endfacet
  facet normal 0 0 -1
    outer loop
      vertex 43.3345 -64.8546 110.01
      vertex 43.3297 -64.8475 110.01
      vertex 47.4703 -61.8804 110.01
    endloop
  endfacet
  facet normal -0 0 -1
    outer loop
      vertex 43.3345 -64.8546 110.01
      vertex 39.0039 -67.5374 110.01
      vertex 43.3297 -64.8475 110.01
    endloop
  endfacet
  facet normal 0 0 -1
    outer loop
      vertex 39 -67.55 110.01
      vertex 39.0039 -67.5374 110.01
      vertex 43.3345 -64.8546 110.01
    endloop
  endfacet
  facet normal 0 0 -1
    outer loop
      vertex 39 -67.55 110.01
      vertex 38.9957 -67.5425 110.01
      vertex 39.0039 -67.5374 110.01
    endloop
  endfacet
  facet normal 0 0 -1
    outer loop
      vertex 39 -67.55 110.01
      vertex 38.9872 -67.5471 110.01
      vertex 38.9957 -67.5425 110.01
    endloop
  endfacet
  facet normal 0 0 -1
    outer loop
      vertex 34.4985 -69.9561 110.01
      vertex 38.9872 -67.5471 110.01
      vertex 39 -67.55 110.01
    endloop
  endfacet
  facet normal 0 0 -1
    outer loop
      vertex 34.4985 -69.9561 110.01
      vertex 34.4947 -69.9484 110.01
      vertex 38.9872 -67.5471 110.01
    endloop
  endfacet
  facet normal 0 0 -1
    outer loop
      vertex 34.4985 -69.9561 110.01
      vertex 34.4859 -69.9523 110.01
      vertex 34.4947 -69.9484 110.01
    endloop
  endfacet
  facet normal 0 0 -1
    outer loop
      vertex 29.8493 -72.0626 110.01
      vertex 34.4859 -69.9523 110.01
      vertex 34.4985 -69.9561 110.01
    endloop
  endfacet
  facet normal 0 0 -1
    outer loop
      vertex 29.8493 -72.0626 110.01
      vertex 29.846 -72.0547 110.01
      vertex 34.4859 -69.9523 110.01
    endloop
  endfacet
  facet normal -0 0 -1
    outer loop
      vertex 29.8493 -72.0626 110.01
      vertex 25.0785 -73.849 110.01
      vertex 29.846 -72.0547 110.01
    endloop
  endfacet
  facet normal 0 0 -1
    outer loop
      vertex 25.0723 -73.8605 110.01
      vertex 25.0785 -73.849 110.01
      vertex 29.8493 -72.0626 110.01
    endloop
  endfacet
  facet normal 0 0 -1
    outer loop
      vertex 25.0723 -73.8605 110.01
      vertex 25.0695 -73.8524 110.01
      vertex 25.0785 -73.849 110.01
    endloop
  endfacet
  facet normal 0 0 -1
    outer loop
      vertex 25.0723 -73.8605 110.01
      vertex 25.0603 -73.8552 110.01
      vertex 25.0695 -73.8524 110.01
    endloop
  endfacet
  facet normal 0 0 -1
    outer loop
      vertex 20.1879 -75.3422 110.01
      vertex 25.0603 -73.8552 110.01
      vertex 25.0723 -73.8605 110.01
    endloop
  endfacet
  facet normal 0 0 -1
    outer loop
      vertex 20.1879 -75.3422 110.01
      vertex 20.1857 -75.3339 110.01
      vertex 25.0603 -73.8552 110.01
    endloop
  endfacet
  facet normal -0 0 -1
    outer loop
      vertex 20.1879 -75.3422 110.01
      vertex 15.2248 -76.4906 110.01
      vertex 20.1857 -75.3339 110.01
    endloop
  endfacet
  facet normal 0 0 -1
    outer loop
      vertex 15.217 -76.5013 110.01
      vertex 15.2248 -76.4906 110.01
      vertex 20.1879 -75.3422 110.01
    endloop
  endfacet
  facet normal 0 0 -1
    outer loop
      vertex 15.217 -76.5013 110.01
      vertex 15.2154 -76.4928 110.01
      vertex 15.2248 -76.4906 110.01
    endloop
  endfacet
  facet normal -0 0 -1
    outer loop
      vertex 15.217 -76.5013 110.01
      vertex 10.1894 -77.3226 110.01
      vertex 15.2154 -76.4928 110.01
    endloop
  endfacet
  facet normal 0 0 -1
    outer loop
      vertex 10.181 -77.3327 110.01
      vertex 10.1894 -77.3226 110.01
      vertex 15.217 -76.5013 110.01
    endloop
  endfacet
  facet normal 0 0 -1
    outer loop
      vertex 10.181 -77.3327 110.01
      vertex 10.1799 -77.3242 110.01
      vertex 10.1894 -77.3226 110.01
    endloop
  endfacet
  facet normal 0 0 -1
    outer loop
      vertex 10.181 -77.3327 110.01
      vertex 10.1703 -77.3251 110.01
      vertex 10.1799 -77.3242 110.01
    endloop
  endfacet
  facet normal 0 0 -1
    outer loop
      vertex 5.10144 -77.833 110.01
      vertex 10.1703 -77.3251 110.01
      vertex 10.181 -77.3327 110.01
    endloop
  endfacet
  facet normal 0 0 -1
    outer loop
      vertex 5.10144 -77.833 110.01
      vertex 5.10088 -77.8244 110.01
      vertex 10.1703 -77.3251 110.01
    endloop
  endfacet
  facet normal -0 0 -1
    outer loop
      vertex 5.10144 -77.833 110.01
      vertex 0.00963972 -77.9911 110.01
      vertex 5.10088 -77.8244 110.01
    endloop
  endfacet
  facet normal 0 0 -1
    outer loop
      vertex 0 -78 110.01
      vertex 0.00963972 -77.9911 110.01
      vertex 5.10144 -77.833 110.01
    endloop
  endfacet
  facet normal 0 0 -1
    outer loop
      vertex 0 -78 110.01
      vertex 0 -77.9914 110.01
      vertex 0.00963972 -77.9911 110.01
    endloop
  endfacet
  facet normal 0 0 -1
    outer loop
      vertex 0 -78 110.01
      vertex -0.00963972 -77.9911 110.01
      vertex 0 -77.9914 110.01
    endloop
  endfacet
  facet normal 0 0 -1
    outer loop
      vertex -5.10144 -77.833 110.01
      vertex -0.00963972 -77.9911 110.01
      vertex 0 -78 110.01
    endloop
  endfacet
  facet normal 0 0 -1
    outer loop
      vertex -0.00963972 -77.9911 110.01
      vertex -5.10144 -77.833 110.01
      vertex -5.10088 -77.8244 110.01
    endloop
  endfacet
  facet normal 0 0 -1
    outer loop
      vertex -5.10144 -77.833 110.01
      vertex -10.1703 -77.3251 110.01
      vertex -5.10088 -77.8244 110.01
    endloop
  endfacet
  facet normal 0 0 -1
    outer loop
      vertex -10.181 -77.3327 110.01
      vertex -10.1703 -77.3251 110.01
      vertex -5.10144 -77.833 110.01
    endloop
  endfacet
  facet normal -0 0 -1
    outer loop
      vertex -10.1703 -77.3251 110.01
      vertex -10.181 -77.3327 110.01
      vertex -10.1799 -77.3242 110.01
    endloop
  endfacet
  facet normal 0 0 -1
    outer loop
      vertex -10.181 -77.3327 110.01
      vertex -10.1894 -77.3226 110.01
      vertex -10.1799 -77.3242 110.01
    endloop
  endfacet
  facet normal 0 0 -1
    outer loop
      vertex -15.217 -76.5013 110.01
      vertex -10.1894 -77.3226 110.01
      vertex -10.181 -77.3327 110.01
    endloop
  endfacet
  facet normal 0 0 -1
    outer loop
      vertex -10.1894 -77.3226 110.01
      vertex -15.217 -76.5013 110.01
      vertex -15.2154 -76.4928 110.01
    endloop
  endfacet
  facet normal 0 0 -1
    outer loop
      vertex -15.217 -76.5013 110.01
      vertex -15.2248 -76.4906 110.01
      vertex -15.2154 -76.4928 110.01
    endloop
  endfacet
  facet normal 0 0 -1
    outer loop
      vertex -20.1879 -75.3422 110.01
      vertex -15.2248 -76.4906 110.01
      vertex -15.217 -76.5013 110.01
    endloop
  endfacet
  facet normal 0 0 -1
    outer loop
      vertex -15.2248 -76.4906 110.01
      vertex -20.1879 -75.3422 110.01
      vertex -20.1857 -75.3339 110.01
    endloop
  endfacet
  facet normal 0 0 -1
    outer loop
      vertex -20.1879 -75.3422 110.01
      vertex -25.0603 -73.8552 110.01
      vertex -20.1857 -75.3339 110.01
    endloop
  endfacet
  facet normal 0 0 -1
    outer loop
      vertex -25.0723 -73.8605 110.01
      vertex -25.0603 -73.8552 110.01
      vertex -20.1879 -75.3422 110.01
    endloop
  endfacet
  facet normal -0 0 -1
    outer loop
      vertex -25.0603 -73.8552 110.01
      vertex -25.0723 -73.8605 110.01
      vertex -25.0695 -73.8524 110.01
    endloop
  endfacet
  facet normal 0 0 -1
    outer loop
      vertex -25.0723 -73.8605 110.01
      vertex -25.0785 -73.849 110.01
      vertex -25.0695 -73.8524 110.01
    endloop
  endfacet
  facet normal 0 0 -1
    outer loop
      vertex -29.8493 -72.0626 110.01
      vertex -25.0785 -73.849 110.01
      vertex -25.0723 -73.8605 110.01
    endloop
  endfacet
  facet normal 0 0 -1
    outer loop
      vertex -25.0785 -73.849 110.01
      vertex -29.8493 -72.0626 110.01
      vertex -29.846 -72.0547 110.01
    endloop
  endfacet
  facet normal 0 0 -1
    outer loop
      vertex -29.8493 -72.0626 110.01
      vertex -34.4859 -69.9523 110.01
      vertex -29.846 -72.0547 110.01
    endloop
  endfacet
  facet normal 0 0 -1
    outer loop
      vertex -34.4985 -69.9561 110.01
      vertex -34.4859 -69.9523 110.01
      vertex -29.8493 -72.0626 110.01
    endloop
  endfacet
  facet normal -0 0 -1
    outer loop
      vertex -34.4859 -69.9523 110.01
      vertex -34.4985 -69.9561 110.01
      vertex -34.4947 -69.9484 110.01
    endloop
  endfacet
  facet normal 0 0 -1
    outer loop
      vertex -34.4985 -69.9561 110.01
      vertex -38.9872 -67.5471 110.01
      vertex -34.4947 -69.9484 110.01
    endloop
  endfacet
  facet normal 0 0 -1
    outer loop
      vertex -39 -67.55 110.01
      vertex -38.9872 -67.5471 110.01
      vertex -34.4985 -69.9561 110.01
    endloop
  endfacet
  facet normal -0 0 -1
    outer loop
      vertex -38.9872 -67.5471 110.01
      vertex -39 -67.55 110.01
      vertex -38.9957 -67.5425 110.01
    endloop
  endfacet
  facet normal 0 0 -1
    outer loop
      vertex -39 -67.55 110.01
      vertex -39.0039 -67.5374 110.01
      vertex -38.9957 -67.5425 110.01
    endloop
  endfacet
  facet normal 0 0 -1
    outer loop
      vertex -43.3345 -64.8546 110.01
      vertex -39.0039 -67.5374 110.01
      vertex -39 -67.55 110.01
    endloop
  endfacet
  facet normal 0 0 -1
    outer loop
      vertex -39.0039 -67.5374 110.01
      vertex -43.3345 -64.8546 110.01
      vertex -43.3297 -64.8475 110.01
    endloop
  endfacet
  facet normal 0 0 -1
    outer loop
      vertex -43.3345 -64.8546 110.01
      vertex -47.4703 -61.8804 110.01
      vertex -43.3297 -64.8475 110.01
    endloop
  endfacet
  facet normal 0 0 -1
    outer loop
      vertex -47.4834 -61.8816 110.01
      vertex -47.4703 -61.8804 110.01
      vertex -43.3345 -64.8546 110.01
    endloop
  endfacet
  facet normal -0 0 -1
    outer loop
      vertex -47.4703 -61.8804 110.01
      vertex -47.4834 -61.8816 110.01
      vertex -47.4782 -61.8747 110.01
    endloop
  endfacet
  facet normal 0 0 -1
    outer loop
      vertex -47.4834 -61.8816 110.01
      vertex -47.4856 -61.8686 110.01
      vertex -47.4782 -61.8747 110.01
    endloop
  endfacet
  facet normal 0 0 -1
    outer loop
      vertex -51.429 -58.6435 110.01
      vertex -47.4856 -61.8686 110.01
      vertex -47.4834 -61.8816 110.01
    endloop
  endfacet
  facet normal 0 0 -1
    outer loop
      vertex -47.4856 -61.8686 110.01
      vertex -51.429 -58.6435 110.01
      vertex -51.4233 -58.637 110.01
    endloop
  endfacet
  facet normal 0 0 -1
    outer loop
      vertex -51.429 -58.6435 110.01
      vertex -51.4303 -58.6304 110.01
      vertex -51.4233 -58.637 110.01
    endloop
  endfacet
  facet normal 0 0 -1
    outer loop
      vertex -55.1543 -55.1543 110.01
      vertex -51.4303 -58.6304 110.01
      vertex -51.429 -58.6435 110.01
    endloop
  endfacet
  facet normal 0 0 -1
    outer loop
      vertex -51.4303 -58.6304 110.01
      vertex -55.1543 -55.1543 110.01
      vertex -55.1482 -55.1482 110.01
    endloop
  endfacet
  facet normal 0 0 -1
    outer loop
      vertex -55.1543 -55.1543 110.01
      vertex -58.6304 -51.4303 110.01
      vertex -55.1482 -55.1482 110.01
    endloop
  endfacet
  facet normal 0 0 -1
    outer loop
      vertex -58.6435 -51.429 110.01
      vertex -58.6304 -51.4303 110.01
      vertex -55.1543 -55.1543 110.01
    endloop
  endfacet
  facet normal 0 0 -1
    outer loop
      vertex -58.6304 -51.4303 110.01
      vertex -58.6435 -51.429 110.01
      vertex -58.637 -51.4233 110.01
    endloop
  endfacet
  facet normal 0 0 -1
    outer loop
      vertex -58.6435 -51.429 110.01
      vertex -61.8686 -47.4856 110.01
      vertex -58.637 -51.4233 110.01
    endloop
  endfacet
  facet normal 0 0 -1
    outer loop
      vertex -61.8816 -47.4834 110.01
      vertex -61.8686 -47.4856 110.01
      vertex -58.6435 -51.429 110.01
    endloop
  endfacet
  facet normal 0 0 -1
    outer loop
      vertex -61.8686 -47.4856 110.01
      vertex -61.8816 -47.4834 110.01
      vertex -61.8747 -47.4782 110.01
    endloop
  endfacet
  facet normal 0 0 -1
    outer loop
      vertex -61.8816 -47.4834 110.01
      vertex -61.8804 -47.4703 110.01
      vertex -61.8747 -47.4782 110.01
    endloop
  endfacet
  facet normal 0 0 -1
    outer loop
      vertex -64.8546 -43.3345 110.01
      vertex -61.8804 -47.4703 110.01
      vertex -61.8816 -47.4834 110.01
    endloop
  endfacet
  facet normal 0 0 -1
    outer loop
      vertex -61.8804 -47.4703 110.01
      vertex -64.8546 -43.3345 110.01
      vertex -64.8475 -43.3297 110.01
    endloop
  endfacet
  facet normal 0 0 -1
    outer loop
      vertex -64.8546 -43.3345 110.01
      vertex -67.5374 -39.0039 110.01
      vertex -64.8475 -43.3297 110.01
    endloop
  endfacet
  facet normal 0 0 -1
    outer loop
      vertex -67.55 -39 110.01
      vertex -67.5374 -39.0039 110.01
      vertex -64.8546 -43.3345 110.01
    endloop
  endfacet
  facet normal 0 0 -1
    outer loop
      vertex -67.5374 -39.0039 110.01
      vertex -67.55 -39 110.01
      vertex -67.5425 -38.9957 110.01
    endloop
  endfacet
  facet normal 0 0 -1
    outer loop
      vertex -67.55 -39 110.01
      vertex -67.5471 -38.9872 110.01
      vertex -67.5425 -38.9957 110.01
    endloop
  endfacet
  facet normal 0 0 -1
    outer loop
      vertex -69.9561 -34.4985 110.01
      vertex -67.5471 -38.9872 110.01
      vertex -67.55 -39 110.01
    endloop
  endfacet
  facet normal 0 0 -1
    outer loop
      vertex -67.5471 -38.9872 110.01
      vertex -69.9561 -34.4985 110.01
      vertex -69.9484 -34.4947 110.01
    endloop
  endfacet
  facet normal 0 0 -1
    outer loop
      vertex -69.9561 -34.4985 110.01
      vertex -69.9523 -34.4859 110.01
      vertex -69.9484 -34.4947 110.01
    endloop
  endfacet
  facet normal 0 0 -1
    outer loop
      vertex -72.0626 -29.8493 110.01
      vertex -69.9523 -34.4859 110.01
      vertex -69.9561 -34.4985 110.01
    endloop
  endfacet
  facet normal 0 0 -1
    outer loop
      vertex -69.9523 -34.4859 110.01
      vertex -72.0626 -29.8493 110.01
      vertex -72.0547 -29.846 110.01
    endloop
  endfacet
  facet normal 0 0 -1
    outer loop
      vertex -72.0626 -29.8493 110.01
      vertex -73.849 -25.0785 110.01
      vertex -72.0547 -29.846 110.01
    endloop
  endfacet
  facet normal 0 0 -1
    outer loop
      vertex -73.8605 -25.0723 110.01
      vertex -73.849 -25.0785 110.01
      vertex -72.0626 -29.8493 110.01
    endloop
  endfacet
  facet normal 0 0 -1
    outer loop
      vertex -73.849 -25.0785 110.01
      vertex -73.8605 -25.0723 110.01
      vertex -73.8524 -25.0695 110.01
    endloop
  endfacet
  facet normal 0 0 -1
    outer loop
      vertex -73.8605 -25.0723 110.01
      vertex -73.8552 -25.0603 110.01
      vertex -73.8524 -25.0695 110.01
    endloop
  endfacet
  facet normal 0 0 -1
    outer loop
      vertex -75.3422 -20.1879 110.01
      vertex -73.8552 -25.0603 110.01
      vertex -73.8605 -25.0723 110.01
    endloop
  endfacet
  facet normal 0 0 -1
    outer loop
      vertex -73.8552 -25.0603 110.01
      vertex -75.3422 -20.1879 110.01
      vertex -75.3339 -20.1857 110.01
    endloop
  endfacet
  facet normal 0 0 -1
    outer loop
      vertex -75.3422 -20.1879 110.01
      vertex -76.4906 -15.2248 110.01
      vertex -75.3339 -20.1857 110.01
    endloop
  endfacet
  facet normal 0 0 -1
    outer loop
      vertex -76.5013 -15.217 110.01
      vertex -76.4906 -15.2248 110.01
      vertex -75.3422 -20.1879 110.01
    endloop
  endfacet
  facet normal 0 0 -1
    outer loop
      vertex -76.4906 -15.2248 110.01
      vertex -76.5013 -15.217 110.01
      vertex -76.4928 -15.2154 110.01
    endloop
  endfacet
  facet normal 0 0 -1
    outer loop
      vertex -76.5013 -15.217 110.01
      vertex -77.3226 -10.1894 110.01
      vertex -76.4928 -15.2154 110.01
    endloop
  endfacet
  facet normal 0 0 -1
    outer loop
      vertex -77.3327 -10.181 110.01
      vertex -77.3226 -10.1894 110.01
      vertex -76.5013 -15.217 110.01
    endloop
  endfacet
  facet normal 0 0 -1
    outer loop
      vertex -77.3226 -10.1894 110.01
      vertex -77.3327 -10.181 110.01
      vertex -77.3242 -10.1799 110.01
    endloop
  endfacet
  facet normal 0 0 -1
    outer loop
      vertex -77.3327 -10.181 110.01
      vertex -77.3251 -10.1703 110.01
      vertex -77.3242 -10.1799 110.01
    endloop
  endfacet
  facet normal 0 0 -1
    outer loop
      vertex -77.833 -5.10144 110.01
      vertex -77.3251 -10.1703 110.01
      vertex -77.3327 -10.181 110.01
    endloop
  endfacet
  facet normal 0 0 -1
    outer loop
      vertex -77.3251 -10.1703 110.01
      vertex -77.833 -5.10144 110.01
      vertex -77.8244 -5.10088 110.01
    endloop
  endfacet
  facet normal 0 0 -1
    outer loop
      vertex -77.833 -5.10144 110.01
      vertex -77.9911 -0.00963972 110.01
      vertex -77.8244 -5.10088 110.01
    endloop
  endfacet
  facet normal 0 0 -1
    outer loop
      vertex -78 0 110.01
      vertex -77.9911 -0.00963972 110.01
      vertex -77.833 -5.10144 110.01
    endloop
  endfacet
  facet normal 0 0 -1
    outer loop
      vertex -77.9911 -0.00963972 110.01
      vertex -78 0 110.01
      vertex -77.9914 0 110.01
    endloop
  endfacet
  facet normal 0 0 -1
    outer loop
      vertex 77.9911 0.00963972 110.01
      vertex 78 0 110.01
      vertex 77.9914 0 110.01
    endloop
  endfacet
  facet normal 0 0 -1
    outer loop
      vertex 77.9911 0.00963972 110.01
      vertex 77.833 5.10144 110.01
      vertex 78 0 110.01
    endloop
  endfacet
  facet normal 0 0 -1
    outer loop
      vertex 77.8244 5.10088 110.01
      vertex 77.833 5.10144 110.01
      vertex 77.9911 0.00963972 110.01
    endloop
  endfacet
  facet normal 0 0 -1
    outer loop
      vertex 77.3251 10.1703 110.01
      vertex 77.833 5.10144 110.01
      vertex 77.8244 5.10088 110.01
    endloop
  endfacet
  facet normal 0 0 -1
    outer loop
      vertex 77.833 5.10144 110.01
      vertex 77.3251 10.1703 110.01
      vertex 77.3327 10.181 110.01
    endloop
  endfacet
  facet normal 0 0 -1
    outer loop
      vertex 77.3242 10.1799 110.01
      vertex 77.3327 10.181 110.01
      vertex 77.3251 10.1703 110.01
    endloop
  endfacet
  facet normal 0 0 -1
    outer loop
      vertex 77.3226 10.1894 110.01
      vertex 77.3327 10.181 110.01
      vertex 77.3242 10.1799 110.01
    endloop
  endfacet
  facet normal 0 0 -1
    outer loop
      vertex 77.3226 10.1894 110.01
      vertex 76.5013 15.217 110.01
      vertex 77.3327 10.181 110.01
    endloop
  endfacet
  facet normal 0 0 -1
    outer loop
      vertex 76.4928 15.2154 110.01
      vertex 76.5013 15.217 110.01
      vertex 77.3226 10.1894 110.01
    endloop
  endfacet
  facet normal 0 0 -1
    outer loop
      vertex 76.4906 15.2248 110.01
      vertex 76.5013 15.217 110.01
      vertex 76.4928 15.2154 110.01
    endloop
  endfacet
  facet normal 0 0 -1
    outer loop
      vertex 76.4906 15.2248 110.01
      vertex 75.3422 20.1879 110.01
      vertex 76.5013 15.217 110.01
    endloop
  endfacet
  facet normal 0 0 -1
    outer loop
      vertex 75.3339 20.1857 110.01
      vertex 75.3422 20.1879 110.01
      vertex 76.4906 15.2248 110.01
    endloop
  endfacet
  facet normal 0 0 -1
    outer loop
      vertex 73.8552 25.0603 110.01
      vertex 75.3422 20.1879 110.01
      vertex 75.3339 20.1857 110.01
    endloop
  endfacet
  facet normal 0 0 -1
    outer loop
      vertex 75.3422 20.1879 110.01
      vertex 73.8552 25.0603 110.01
      vertex 73.8605 25.0723 110.01
    endloop
  endfacet
  facet normal 0 0 -1
    outer loop
      vertex 73.8524 25.0695 110.01
      vertex 73.8605 25.0723 110.01
      vertex 73.8552 25.0603 110.01
    endloop
  endfacet
  facet normal 0 0 -1
    outer loop
      vertex 73.849 25.0785 110.01
      vertex 73.8605 25.0723 110.01
      vertex 73.8524 25.0695 110.01
    endloop
  endfacet
  facet normal 0 0 -1
    outer loop
      vertex 73.849 25.0785 110.01
      vertex 72.0626 29.8493 110.01
      vertex 73.8605 25.0723 110.01
    endloop
  endfacet
  facet normal 0 0 -1
    outer loop
      vertex 72.0547 29.846 110.01
      vertex 72.0626 29.8493 110.01
      vertex 73.849 25.0785 110.01
    endloop
  endfacet
  facet normal 0 0 -1
    outer loop
      vertex 69.9523 34.4859 110.01
      vertex 72.0626 29.8493 110.01
      vertex 72.0547 29.846 110.01
    endloop
  endfacet
  facet normal 0 0 -1
    outer loop
      vertex 72.0626 29.8493 110.01
      vertex 69.9523 34.4859 110.01
      vertex 69.9561 34.4985 110.01
    endloop
  endfacet
  facet normal 0 0 -1
    outer loop
      vertex 69.9484 34.4947 110.01
      vertex 69.9561 34.4985 110.01
      vertex 69.9523 34.4859 110.01
    endloop
  endfacet
  facet normal 0 0 -1
    outer loop
      vertex 67.5471 38.9872 110.01
      vertex 69.9561 34.4985 110.01
      vertex 69.9484 34.4947 110.01
    endloop
  endfacet
  facet normal 0 0 -1
    outer loop
      vertex 69.9561 34.4985 110.01
      vertex 67.5471 38.9872 110.01
      vertex 67.55 39 110.01
    endloop
  endfacet
  facet normal 0 0 -1
    outer loop
      vertex 67.5425 38.9957 110.01
      vertex 67.55 39 110.01
      vertex 67.5471 38.9872 110.01
    endloop
  endfacet
  facet normal 0 0 -1
    outer loop
      vertex 67.5374 39.0039 110.01
      vertex 67.55 39 110.01
      vertex 67.5425 38.9957 110.01
    endloop
  endfacet
  facet normal 0 0 -1
    outer loop
      vertex 67.5374 39.0039 110.01
      vertex 64.8546 43.3345 110.01
      vertex 67.55 39 110.01
    endloop
  endfacet
  facet normal 0 0 -1
    outer loop
      vertex 64.8475 43.3297 110.01
      vertex 64.8546 43.3345 110.01
      vertex 67.5374 39.0039 110.01
    endloop
  endfacet
  facet normal 0 0 -1
    outer loop
      vertex 61.8804 47.4703 110.01
      vertex 64.8546 43.3345 110.01
      vertex 64.8475 43.3297 110.01
    endloop
  endfacet
  facet normal 0 0 -1
    outer loop
      vertex 64.8546 43.3345 110.01
      vertex 61.8804 47.4703 110.01
      vertex 61.8816 47.4834 110.01
    endloop
  endfacet
  facet normal 0 0 -1
    outer loop
      vertex 61.8747 47.4782 110.01
      vertex 61.8816 47.4834 110.01
      vertex 61.8804 47.4703 110.01
    endloop
  endfacet
  facet normal 0 0 -1
    outer loop
      vertex 61.8686 47.4856 110.01
      vertex 61.8816 47.4834 110.01
      vertex 61.8747 47.4782 110.01
    endloop
  endfacet
  facet normal 0 0 -1
    outer loop
      vertex 61.8686 47.4856 110.01
      vertex 58.6435 51.429 110.01
      vertex 61.8816 47.4834 110.01
    endloop
  endfacet
  facet normal 0 0 -1
    outer loop
      vertex 58.637 51.4233 110.01
      vertex 58.6435 51.429 110.01
      vertex 61.8686 47.4856 110.01
    endloop
  endfacet
  facet normal 0 0 -1
    outer loop
      vertex 58.6304 51.4303 110.01
      vertex 58.6435 51.429 110.01
      vertex 58.637 51.4233 110.01
    endloop
  endfacet
  facet normal 0 0 -1
    outer loop
      vertex 58.6304 51.4303 110.01
      vertex 55.1543 55.1543 110.01
      vertex 58.6435 51.429 110.01
    endloop
  endfacet
  facet normal 0 0 -1
    outer loop
      vertex 55.1482 55.1482 110.01
      vertex 55.1543 55.1543 110.01
      vertex 58.6304 51.4303 110.01
    endloop
  endfacet
  facet normal 0 0 -1
    outer loop
      vertex 51.4303 58.6304 110.01
      vertex 55.1543 55.1543 110.01
      vertex 55.1482 55.1482 110.01
    endloop
  endfacet
  facet normal 0 0 -1
    outer loop
      vertex 51.4303 58.6304 110.01
      vertex 51.429 58.6435 110.01
      vertex 55.1543 55.1543 110.01
    endloop
  endfacet
  facet normal 0 0 -1
    outer loop
      vertex 51.4233 58.637 110.01
      vertex 51.429 58.6435 110.01
      vertex 51.4303 58.6304 110.01
    endloop
  endfacet
  facet normal 0 0 -1
    outer loop
      vertex 47.4856 61.8686 110.01
      vertex 51.429 58.6435 110.01
      vertex 51.4233 58.637 110.01
    endloop
  endfacet
  facet normal 0 0 -1
    outer loop
      vertex 47.4856 61.8686 110.01
      vertex 47.4834 61.8816 110.01
      vertex 51.429 58.6435 110.01
    endloop
  endfacet
  facet normal 0 0 -1
    outer loop
      vertex 47.4782 61.8747 110.01
      vertex 47.4834 61.8816 110.01
      vertex 47.4856 61.8686 110.01
    endloop
  endfacet
  facet normal 0 0 -1
    outer loop
      vertex 47.4703 61.8804 110.01
      vertex 47.4834 61.8816 110.01
      vertex 47.4782 61.8747 110.01
    endloop
  endfacet
  facet normal 0 0 -1
    outer loop
      vertex 47.4703 61.8804 110.01
      vertex 43.3345 64.8546 110.01
      vertex 47.4834 61.8816 110.01
    endloop
  endfacet
  facet normal 0 0 -1
    outer loop
      vertex 43.3297 64.8475 110.01
      vertex 43.3345 64.8546 110.01
      vertex 47.4703 61.8804 110.01
    endloop
  endfacet
  facet normal 0 0 -1
    outer loop
      vertex 39.0039 67.5374 110.01
      vertex 43.3345 64.8546 110.01
      vertex 43.3297 64.8475 110.01
    endloop
  endfacet
  facet normal 0 0 -1
    outer loop
      vertex 39.0039 67.5374 110.01
      vertex 39 67.55 110.01
      vertex 43.3345 64.8546 110.01
    endloop
  endfacet
  facet normal 0 0 -1
    outer loop
      vertex 38.9957 67.5425 110.01
      vertex 39 67.55 110.01
      vertex 39.0039 67.5374 110.01
    endloop
  endfacet
  facet normal 0 0 -1
    outer loop
      vertex 38.9872 67.5471 110.01
      vertex 39 67.55 110.01
      vertex 38.9957 67.5425 110.01
    endloop
  endfacet
  facet normal 0 0 -1
    outer loop
      vertex 38.9872 67.5471 110.01
      vertex 34.4985 69.9561 110.01
      vertex 39 67.55 110.01
    endloop
  endfacet
  facet normal 0 0 -1
    outer loop
      vertex 34.4947 69.9484 110.01
      vertex 34.4985 69.9561 110.01
      vertex 38.9872 67.5471 110.01
    endloop
  endfacet
  facet normal 0 0 -1
    outer loop
      vertex 34.4859 69.9523 110.01
      vertex 34.4985 69.9561 110.01
      vertex 34.4947 69.9484 110.01
    endloop
  endfacet
  facet normal 0 0 -1
    outer loop
      vertex 34.4859 69.9523 110.01
      vertex 29.8493 72.0626 110.01
      vertex 34.4985 69.9561 110.01
    endloop
  endfacet
  facet normal 0 0 -1
    outer loop
      vertex 29.846 72.0547 110.01
      vertex 29.8493 72.0626 110.01
      vertex 34.4859 69.9523 110.01
    endloop
  endfacet
  facet normal 0 0 -1
    outer loop
      vertex 25.0785 73.849 110.01
      vertex 29.8493 72.0626 110.01
      vertex 29.846 72.0547 110.01
    endloop
  endfacet
  facet normal 0 0 -1
    outer loop
      vertex 25.0785 73.849 110.01
      vertex 25.0723 73.8605 110.01
      vertex 29.8493 72.0626 110.01
    endloop
  endfacet
  facet normal 0 0 -1
    outer loop
      vertex 25.0695 73.8524 110.01
      vertex 25.0723 73.8605 110.01
      vertex 25.0785 73.849 110.01
    endloop
  endfacet
  facet normal 0 0 -1
    outer loop
      vertex 25.0603 73.8552 110.01
      vertex 25.0723 73.8605 110.01
      vertex 25.0695 73.8524 110.01
    endloop
  endfacet
  facet normal 0 0 -1
    outer loop
      vertex 25.0603 73.8552 110.01
      vertex 20.1879 75.3422 110.01
      vertex 25.0723 73.8605 110.01
    endloop
  endfacet
  facet normal 0 0 -1
    outer loop
      vertex 20.1857 75.3339 110.01
      vertex 20.1879 75.3422 110.01
      vertex 25.0603 73.8552 110.01
    endloop
  endfacet
  facet normal 0 0 -1
    outer loop
      vertex 15.2248 76.4906 110.01
      vertex 20.1879 75.3422 110.01
      vertex 20.1857 75.3339 110.01
    endloop
  endfacet
  facet normal 0 0 -1
    outer loop
      vertex 15.2248 76.4906 110.01
      vertex 15.217 76.5013 110.01
      vertex 20.1879 75.3422 110.01
    endloop
  endfacet
  facet normal 0 0 -1
    outer loop
      vertex 15.2154 76.4928 110.01
      vertex 15.217 76.5013 110.01
      vertex 15.2248 76.4906 110.01
    endloop
  endfacet
  facet normal 0 0 -1
    outer loop
      vertex 10.1894 77.3226 110.01
      vertex 15.217 76.5013 110.01
      vertex 15.2154 76.4928 110.01
    endloop
  endfacet
  facet normal 0 0 -1
    outer loop
      vertex 10.1894 77.3226 110.01
      vertex 10.181 77.3327 110.01
      vertex 15.217 76.5013 110.01
    endloop
  endfacet
  facet normal 0 0 -1
    outer loop
      vertex 10.1799 77.3242 110.01
      vertex 10.181 77.3327 110.01
      vertex 10.1894 77.3226 110.01
    endloop
  endfacet
  facet normal 0 0 -1
    outer loop
      vertex 10.1703 77.3251 110.01
      vertex 10.181 77.3327 110.01
      vertex 10.1799 77.3242 110.01
    endloop
  endfacet
  facet normal 0 0 -1
    outer loop
      vertex 10.1703 77.3251 110.01
      vertex 5.10144 77.833 110.01
      vertex 10.181 77.3327 110.01
    endloop
  endfacet
  facet normal 0 0 -1
    outer loop
      vertex 5.10088 77.8244 110.01
      vertex 5.10144 77.833 110.01
      vertex 10.1703 77.3251 110.01
    endloop
  endfacet
  facet normal 0 0 -1
    outer loop
      vertex 0.00963972 77.9911 110.01
      vertex 5.10144 77.833 110.01
      vertex 5.10088 77.8244 110.01
    endloop
  endfacet
  facet normal 0 0 -1
    outer loop
      vertex 0 78 110.01
      vertex 0.00963972 77.9911 110.01
      vertex 0 77.9914 110.01
    endloop
  endfacet
  facet normal 0 0 -1
    outer loop
      vertex 0.00963972 77.9911 110.01
      vertex 0 78 110.01
      vertex 5.10144 77.833 110.01
    endloop
  endfacet
  facet normal 0 0 -1
    outer loop
      vertex -0.00963972 77.9911 110.01
      vertex 0 78 110.01
      vertex 0 77.9914 110.01
    endloop
  endfacet
  facet normal 0 0 -1
    outer loop
      vertex -5.10144 77.833 110.01
      vertex -0.00963972 77.9911 110.01
      vertex -5.10088 77.8244 110.01
    endloop
  endfacet
  facet normal -0 0 -1
    outer loop
      vertex -0.00963972 77.9911 110.01
      vertex -5.10144 77.833 110.01
      vertex 0 78 110.01
    endloop
  endfacet
  facet normal 0 0 -1
    outer loop
      vertex -10.1703 77.3251 110.01
      vertex -5.10144 77.833 110.01
      vertex -5.10088 77.8244 110.01
    endloop
  endfacet
  facet normal 0 0 -1
    outer loop
      vertex -10.181 77.3327 110.01
      vertex -10.1703 77.3251 110.01
      vertex -10.1799 77.3242 110.01
    endloop
  endfacet
  facet normal 0 0 -1
    outer loop
      vertex -10.1703 77.3251 110.01
      vertex -10.181 77.3327 110.01
      vertex -5.10144 77.833 110.01
    endloop
  endfacet
  facet normal 0 0 -1
    outer loop
      vertex -10.1894 77.3226 110.01
      vertex -10.181 77.3327 110.01
      vertex -10.1799 77.3242 110.01
    endloop
  endfacet
  facet normal 0 0 -1
    outer loop
      vertex -15.217 76.5013 110.01
      vertex -10.1894 77.3226 110.01
      vertex -15.2154 76.4928 110.01
    endloop
  endfacet
  facet normal -0 0 -1
    outer loop
      vertex -10.1894 77.3226 110.01
      vertex -15.217 76.5013 110.01
      vertex -10.181 77.3327 110.01
    endloop
  endfacet
  facet normal 0 0 -1
    outer loop
      vertex -15.2248 76.4906 110.01
      vertex -15.217 76.5013 110.01
      vertex -15.2154 76.4928 110.01
    endloop
  endfacet
  facet normal 0 0 -1
    outer loop
      vertex -20.1879 75.3422 110.01
      vertex -15.2248 76.4906 110.01
      vertex -20.1857 75.3339 110.01
    endloop
  endfacet
  facet normal -0 0 -1
    outer loop
      vertex -15.2248 76.4906 110.01
      vertex -20.1879 75.3422 110.01
      vertex -15.217 76.5013 110.01
    endloop
  endfacet
  facet normal 0 0 -1
    outer loop
      vertex -25.0603 73.8552 110.01
      vertex -20.1879 75.3422 110.01
      vertex -20.1857 75.3339 110.01
    endloop
  endfacet
  facet normal 0 0 -1
    outer loop
      vertex -25.0723 73.8605 110.01
      vertex -25.0603 73.8552 110.01
      vertex -25.0695 73.8524 110.01
    endloop
  endfacet
  facet normal 0 0 -1
    outer loop
      vertex -25.0603 73.8552 110.01
      vertex -25.0723 73.8605 110.01
      vertex -20.1879 75.3422 110.01
    endloop
  endfacet
  facet normal 0 0 -1
    outer loop
      vertex -25.0785 73.849 110.01
      vertex -25.0723 73.8605 110.01
      vertex -25.0695 73.8524 110.01
    endloop
  endfacet
  facet normal 0 0 -1
    outer loop
      vertex -29.8493 72.0626 110.01
      vertex -25.0785 73.849 110.01
      vertex -29.846 72.0547 110.01
    endloop
  endfacet
  facet normal -0 0 -1
    outer loop
      vertex -25.0785 73.849 110.01
      vertex -29.8493 72.0626 110.01
      vertex -25.0723 73.8605 110.01
    endloop
  endfacet
  facet normal 0 0 -1
    outer loop
      vertex -34.4859 69.9523 110.01
      vertex -29.8493 72.0626 110.01
      vertex -29.846 72.0547 110.01
    endloop
  endfacet
  facet normal 0 0 -1
    outer loop
      vertex -34.4985 69.9561 110.01
      vertex -34.4859 69.9523 110.01
      vertex -34.4947 69.9484 110.01
    endloop
  endfacet
  facet normal 0 0 -1
    outer loop
      vertex -34.4859 69.9523 110.01
      vertex -34.4985 69.9561 110.01
      vertex -29.8493 72.0626 110.01
    endloop
  endfacet
  facet normal 0 0 -1
    outer loop
      vertex -38.9872 67.5471 110.01
      vertex -34.4985 69.9561 110.01
      vertex -34.4947 69.9484 110.01
    endloop
  endfacet
  facet normal 0 0 -1
    outer loop
      vertex -39 67.55 110.01
      vertex -38.9872 67.5471 110.01
      vertex -38.9957 67.5425 110.01
    endloop
  endfacet
  facet normal 0 0 -1
    outer loop
      vertex -38.9872 67.5471 110.01
      vertex -39 67.55 110.01
      vertex -34.4985 69.9561 110.01
    endloop
  endfacet
  facet normal 0 0 -1
    outer loop
      vertex -39.0039 67.5374 110.01
      vertex -39 67.55 110.01
      vertex -38.9957 67.5425 110.01
    endloop
  endfacet
  facet normal 0 0 -1
    outer loop
      vertex -43.3345 64.8546 110.01
      vertex -39.0039 67.5374 110.01
      vertex -43.3297 64.8475 110.01
    endloop
  endfacet
  facet normal -0 0 -1
    outer loop
      vertex -39.0039 67.5374 110.01
      vertex -43.3345 64.8546 110.01
      vertex -39 67.55 110.01
    endloop
  endfacet
  facet normal 0 0 -1
    outer loop
      vertex -47.4703 61.8804 110.01
      vertex -43.3345 64.8546 110.01
      vertex -43.3297 64.8475 110.01
    endloop
  endfacet
  facet normal 0 0 -1
    outer loop
      vertex -47.4834 61.8816 110.01
      vertex -47.4703 61.8804 110.01
      vertex -47.4782 61.8747 110.01
    endloop
  endfacet
  facet normal 0 0 -1
    outer loop
      vertex -47.4703 61.8804 110.01
      vertex -47.4834 61.8816 110.01
      vertex -43.3345 64.8546 110.01
    endloop
  endfacet
  facet normal 0 0 -1
    outer loop
      vertex -47.4856 61.8686 110.01
      vertex -47.4834 61.8816 110.01
      vertex -47.4782 61.8747 110.01
    endloop
  endfacet
  facet normal 0 0 -1
    outer loop
      vertex -51.429 58.6435 110.01
      vertex -47.4856 61.8686 110.01
      vertex -51.4233 58.637 110.01
    endloop
  endfacet
  facet normal -0 0 -1
    outer loop
      vertex -47.4856 61.8686 110.01
      vertex -51.429 58.6435 110.01
      vertex -47.4834 61.8816 110.01
    endloop
  endfacet
  facet normal 0 0 -1
    outer loop
      vertex -51.4303 58.6304 110.01
      vertex -51.429 58.6435 110.01
      vertex -51.4233 58.637 110.01
    endloop
  endfacet
  facet normal 0 0 -1
    outer loop
      vertex -55.1543 55.1543 110.01
      vertex -51.4303 58.6304 110.01
      vertex -55.1482 55.1482 110.01
    endloop
  endfacet
  facet normal -0 0 -1
    outer loop
      vertex -51.4303 58.6304 110.01
      vertex -55.1543 55.1543 110.01
      vertex -51.429 58.6435 110.01
    endloop
  endfacet
  facet normal 0 0 -1
    outer loop
      vertex -58.6304 51.4303 110.01
      vertex -55.1543 55.1543 110.01
      vertex -55.1482 55.1482 110.01
    endloop
  endfacet
  facet normal 0 0 -1
    outer loop
      vertex -58.6435 51.429 110.01
      vertex -58.6304 51.4303 110.01
      vertex -58.637 51.4233 110.01
    endloop
  endfacet
  facet normal -0 0 -1
    outer loop
      vertex -58.6304 51.4303 110.01
      vertex -58.6435 51.429 110.01
      vertex -55.1543 55.1543 110.01
    endloop
  endfacet
  facet normal 0 0 -1
    outer loop
      vertex -61.8686 47.4856 110.01
      vertex -58.6435 51.429 110.01
      vertex -58.637 51.4233 110.01
    endloop
  endfacet
  facet normal 0 0 -1
    outer loop
      vertex -61.8816 47.4834 110.01
      vertex -61.8686 47.4856 110.01
      vertex -61.8747 47.4782 110.01
    endloop
  endfacet
  facet normal -0 0 -1
    outer loop
      vertex -61.8686 47.4856 110.01
      vertex -61.8816 47.4834 110.01
      vertex -58.6435 51.429 110.01
    endloop
  endfacet
  facet normal 0 0 -1
    outer loop
      vertex -61.8804 47.4703 110.01
      vertex -61.8816 47.4834 110.01
      vertex -61.8747 47.4782 110.01
    endloop
  endfacet
  facet normal 0 0 -1
    outer loop
      vertex -64.8546 43.3345 110.01
      vertex -61.8804 47.4703 110.01
      vertex -64.8475 43.3297 110.01
    endloop
  endfacet
  facet normal -0 0 -1
    outer loop
      vertex -61.8804 47.4703 110.01
      vertex -64.8546 43.3345 110.01
      vertex -61.8816 47.4834 110.01
    endloop
  endfacet
  facet normal 0 0 -1
    outer loop
      vertex -67.5374 39.0039 110.01
      vertex -64.8546 43.3345 110.01
      vertex -64.8475 43.3297 110.01
    endloop
  endfacet
  facet normal 0 0 -1
    outer loop
      vertex -67.55 39 110.01
      vertex -67.5374 39.0039 110.01
      vertex -67.5425 38.9957 110.01
    endloop
  endfacet
  facet normal -0 0 -1
    outer loop
      vertex -67.5374 39.0039 110.01
      vertex -67.55 39 110.01
      vertex -64.8546 43.3345 110.01
    endloop
  endfacet
  facet normal 0 0 -1
    outer loop
      vertex -67.5471 38.9872 110.01
      vertex -67.55 39 110.01
      vertex -67.5425 38.9957 110.01
    endloop
  endfacet
  facet normal 0 0 -1
    outer loop
      vertex -69.9561 34.4985 110.01
      vertex -67.5471 38.9872 110.01
      vertex -69.9484 34.4947 110.01
    endloop
  endfacet
  facet normal -0 0 -1
    outer loop
      vertex -67.5471 38.9872 110.01
      vertex -69.9561 34.4985 110.01
      vertex -67.55 39 110.01
    endloop
  endfacet
  facet normal 0 0 -1
    outer loop
      vertex -69.9523 34.4859 110.01
      vertex -69.9561 34.4985 110.01
      vertex -69.9484 34.4947 110.01
    endloop
  endfacet
  facet normal 0 0 -1
    outer loop
      vertex -72.0626 29.8493 110.01
      vertex -69.9523 34.4859 110.01
      vertex -72.0547 29.846 110.01
    endloop
  endfacet
  facet normal -0 0 -1
    outer loop
      vertex -69.9523 34.4859 110.01
      vertex -72.0626 29.8493 110.01
      vertex -69.9561 34.4985 110.01
    endloop
  endfacet
  facet normal 0 0 -1
    outer loop
      vertex -73.849 25.0785 110.01
      vertex -72.0626 29.8493 110.01
      vertex -72.0547 29.846 110.01
    endloop
  endfacet
  facet normal 0 0 -1
    outer loop
      vertex -73.8605 25.0723 110.01
      vertex -73.849 25.0785 110.01
      vertex -73.8524 25.0695 110.01
    endloop
  endfacet
  facet normal -0 0 -1
    outer loop
      vertex -73.849 25.0785 110.01
      vertex -73.8605 25.0723 110.01
      vertex -72.0626 29.8493 110.01
    endloop
  endfacet
  facet normal 0 0 -1
    outer loop
      vertex -73.8552 25.0603 110.01
      vertex -73.8605 25.0723 110.01
      vertex -73.8524 25.0695 110.01
    endloop
  endfacet
  facet normal 0 0 -1
    outer loop
      vertex -75.3422 20.1879 110.01
      vertex -73.8552 25.0603 110.01
      vertex -75.3339 20.1857 110.01
    endloop
  endfacet
  facet normal -0 0 -1
    outer loop
      vertex -73.8552 25.0603 110.01
      vertex -75.3422 20.1879 110.01
      vertex -73.8605 25.0723 110.01
    endloop
  endfacet
  facet normal 0 0 -1
    outer loop
      vertex -76.4906 15.2248 110.01
      vertex -75.3422 20.1879 110.01
      vertex -75.3339 20.1857 110.01
    endloop
  endfacet
  facet normal 0 0 -1
    outer loop
      vertex -76.5013 15.217 110.01
      vertex -76.4906 15.2248 110.01
      vertex -76.4928 15.2154 110.01
    endloop
  endfacet
  facet normal -0 0 -1
    outer loop
      vertex -76.4906 15.2248 110.01
      vertex -76.5013 15.217 110.01
      vertex -75.3422 20.1879 110.01
    endloop
  endfacet
  facet normal 0 0 -1
    outer loop
      vertex -77.3226 10.1894 110.01
      vertex -76.5013 15.217 110.01
      vertex -76.4928 15.2154 110.01
    endloop
  endfacet
  facet normal 0 0 -1
    outer loop
      vertex -77.3327 10.181 110.01
      vertex -77.3226 10.1894 110.01
      vertex -77.3242 10.1799 110.01
    endloop
  endfacet
  facet normal -0 0 -1
    outer loop
      vertex -77.3226 10.1894 110.01
      vertex -77.3327 10.181 110.01
      vertex -76.5013 15.217 110.01
    endloop
  endfacet
  facet normal 0 0 -1
    outer loop
      vertex -77.3251 10.1703 110.01
      vertex -77.3327 10.181 110.01
      vertex -77.3242 10.1799 110.01
    endloop
  endfacet
  facet normal 0 0 -1
    outer loop
      vertex -77.833 5.10144 110.01
      vertex -77.3251 10.1703 110.01
      vertex -77.8244 5.10088 110.01
    endloop
  endfacet
  facet normal -0 0 -1
    outer loop
      vertex -77.3251 10.1703 110.01
      vertex -77.833 5.10144 110.01
      vertex -77.3327 10.181 110.01
    endloop
  endfacet
  facet normal 0 0 -1
    outer loop
      vertex -77.9911 0.00963972 110.01
      vertex -77.833 5.10144 110.01
      vertex -77.8244 5.10088 110.01
    endloop
  endfacet
  facet normal 0 0 -1
    outer loop
      vertex -78 0 110.01
      vertex -77.9911 0.00963972 110.01
      vertex -77.9914 0 110.01
    endloop
  endfacet
  facet normal -0 0 -1
    outer loop
      vertex -77.9911 0.00963972 110.01
      vertex -78 0 110.01
      vertex -77.833 5.10144 110.01
    endloop
  endfacet
  facet normal 0.125955 0.74786 -0.651798
    outer loop
      vertex -10.1894 -77.3226 110.01
      vertex -9.61978 -73.0695 115
      vertex -10.1799 -77.3242 110.01
    endloop
  endfacet
  facet normal 0.12353 0.748231 -0.651837
    outer loop
      vertex -9.61978 -73.0695 115
      vertex -10.1894 -77.3226 110.01
      vertex -14.3782 -72.2839 115
    endloop
  endfacet
  facet normal 0.709433 0.268008 -0.651826
    outer loop
      vertex -69.7887 -23.6901 115
      vertex -73.849 -25.0785 110.01
      vertex -73.8524 -25.0695 110.01
    endloop
  endfacet
  facet normal 0.709752 0.267126 -0.65184
    outer loop
      vertex -73.849 -25.0785 110.01
      vertex -69.7887 -23.6901 115
      vertex -68.0899 -28.2038 115
    endloop
  endfacet
  facet normal -0.757974 -0.0235891 -0.651858
    outer loop
      vertex 73.7 0 115
      vertex 77.9911 0.00963972 110.01
      vertex 77.9914 0 110.01
    endloop
  endfacet
  facet normal -0.757951 -0.0248132 -0.65184
    outer loop
      vertex 77.9911 0.00963972 110.01
      vertex 73.7 0 115
      vertex 73.5422 4.82021 115
    endloop
  endfacet
  facet normal -0.757952 -0.0248173 -0.651838
    outer loop
      vertex 77.8244 5.10088 110.01
      vertex 77.9911 0.00963972 110.01
      vertex 73.5422 4.82021 115
    endloop
  endfacet
  facet normal 0.586223 -0.481089 -0.65184
    outer loop
      vertex -58.4701 44.8657 115
      vertex -61.8686 47.4856 110.01
      vertex -55.4106 48.5938 115
    endloop
  endfacet
  facet normal 0.585187 -0.482384 -0.651815
    outer loop
      vertex -61.8686 47.4856 110.01
      vertex -58.4701 44.8657 115
      vertex -61.8747 47.4782 110.01
    endloop
  endfacet
  facet normal -0.709433 0.268008 -0.651826
    outer loop
      vertex 73.849 -25.0785 110.01
      vertex 69.7887 -23.6901 115
      vertex 73.8524 -25.0695 110.01
    endloop
  endfacet
  facet normal -0.709752 0.267126 -0.65184
    outer loop
      vertex 69.7887 -23.6901 115
      vertex 73.849 -25.0785 110.01
      vertex 68.0899 -28.2038 115
    endloop
  endfacet
  facet normal 0.644 0.400457 -0.651842
    outer loop
      vertex -61.2793 -40.9455 115
      vertex -64.8475 -43.3297 110.01
      vertex -67.5374 -39.0039 110.01
    endloop
  endfacet
  facet normal 0.709752 -0.267126 -0.65184
    outer loop
      vertex -69.7887 23.6901 115
      vertex -73.849 25.0785 110.01
      vertex -68.0899 28.2038 115
    endloop
  endfacet
  facet normal 0.709433 -0.268008 -0.651826
    outer loop
      vertex -73.849 25.0785 110.01
      vertex -69.7887 23.6901 115
      vertex -73.8524 25.0695 110.01
    endloop
  endfacet
  facet normal 0.616427 0.441724 -0.651842
    outer loop
      vertex -61.2793 -40.9455 115
      vertex -61.8804 -47.4703 110.01
      vertex -64.8475 -43.3297 110.01
    endloop
  endfacet
  facet normal -0.690763 0.312981 -0.651835
    outer loop
      vertex 69.9523 -34.4859 110.01
      vertex 66.0995 -32.5967 115
      vertex 68.0899 -28.2038 115
    endloop
  endfacet
  facet normal -0.693408 0.307306 -0.651728
    outer loop
      vertex 66.0995 -32.5967 115
      vertex 69.9523 -34.4859 110.01
      vertex 69.9484 -34.4947 110.01
    endloop
  endfacet
  facet normal 0.748232 0.123534 -0.651835
    outer loop
      vertex -72.2839 -14.3782 115
      vertex -76.4928 -15.2154 110.01
      vertex -77.3226 -10.1894 110.01
    endloop
  endfacet
  facet normal 0.172215 -0.738549 -0.651834
    outer loop
      vertex -15.2248 76.4906 110.01
      vertex -14.3782 72.2839 115
      vertex -19.075 71.1887 115
    endloop
  endfacet
  facet normal 0.172821 -0.738416 -0.651824
    outer loop
      vertex -14.3782 72.2839 115
      vertex -15.2248 76.4906 110.01
      vertex -15.2154 76.4928 110.01
    endloop
  endfacet
  facet normal 0.4811 -0.58622 -0.651835
    outer loop
      vertex -47.4856 61.8686 110.01
      vertex -48.5938 55.4106 115
      vertex -51.4233 58.637 110.01
    endloop
  endfacet
  facet normal 0.123534 0.748232 -0.651835
    outer loop
      vertex -14.3782 -72.2839 115
      vertex -10.1894 -77.3226 110.01
      vertex -15.2154 -76.4928 110.01
    endloop
  endfacet
  facet normal -0.172215 0.738549 -0.651834
    outer loop
      vertex 15.2248 -76.4906 110.01
      vertex 14.3782 -72.2839 115
      vertex 19.075 -71.1887 115
    endloop
  endfacet
  facet normal -0.172821 0.738416 -0.651824
    outer loop
      vertex 14.3782 -72.2839 115
      vertex 15.2248 -76.4906 110.01
      vertex 15.2154 -76.4928 110.01
    endloop
  endfacet
  facet normal -0.616427 -0.441724 -0.651842
    outer loop
      vertex 61.8804 47.4703 110.01
      vertex 64.8475 43.3297 110.01
      vertex 61.2793 40.9455 115
    endloop
  endfacet
  facet normal -0.441724 -0.616427 -0.651842
    outer loop
      vertex 43.3297 64.8475 110.01
      vertex 47.4703 61.8804 110.01
      vertex 40.9455 61.2793 115
    endloop
  endfacet
  facet normal -0.643971 -0.400519 -0.651833
    outer loop
      vertex 63.8261 36.85 115
      vertex 67.5374 39.0039 110.01
      vertex 67.5425 38.9957 110.01
    endloop
  endfacet
  facet normal -0.643999 -0.400473 -0.651834
    outer loop
      vertex 67.5374 39.0039 110.01
      vertex 63.8261 36.85 115
      vertex 61.2793 40.9455 115
    endloop
  endfacet
  facet normal -0.693408 -0.307306 -0.651728
    outer loop
      vertex 69.9523 34.4859 110.01
      vertex 66.0995 32.5967 115
      vertex 69.9484 34.4947 110.01
    endloop
  endfacet
  facet normal -0.690763 -0.312981 -0.651835
    outer loop
      vertex 66.0995 32.5967 115
      vertex 69.9523 34.4859 110.01
      vertex 68.0899 28.2038 115
    endloop
  endfacet
  facet normal -0.551802 0.520271 -0.651792
    outer loop
      vertex 58.6304 -51.4303 110.01
      vertex 55.4106 -48.5938 115
      vertex 58.637 -51.4233 110.01
    endloop
  endfacet
  facet normal -0.553505 0.518408 -0.651832
    outer loop
      vertex 55.4106 -48.5938 115
      vertex 58.6304 -51.4303 110.01
      vertex 52.1138 -52.1138 115
    endloop
  endfacet
  facet normal 0.0235891 0.757974 -0.651858
    outer loop
      vertex -0.00963972 -77.9911 110.01
      vertex 0 -73.7 115
      vertex 0 -77.9914 110.01
    endloop
  endfacet
  facet normal 0.0248132 0.757951 -0.65184
    outer loop
      vertex 0 -73.7 115
      vertex -0.00963972 -77.9911 110.01
      vertex -4.82021 -73.5422 115
    endloop
  endfacet
  facet normal -0.668809 -0.357487 -0.651842
    outer loop
      vertex 67.5471 38.9872 110.01
      vertex 69.9484 34.4947 110.01
      vertex 66.0995 32.5967 115
    endloop
  endfacet
  facet normal -0.551802 -0.520271 -0.651792
    outer loop
      vertex 55.4106 48.5938 115
      vertex 58.6304 51.4303 110.01
      vertex 58.637 51.4233 110.01
    endloop
  endfacet
  facet normal -0.553505 -0.518408 -0.651832
    outer loop
      vertex 58.6304 51.4303 110.01
      vertex 55.4106 48.5938 115
      vertex 52.1138 52.1138 115
    endloop
  endfacet
  facet normal 0.4811 0.58622 -0.651835
    outer loop
      vertex -48.5938 -55.4106 115
      vertex -47.4856 -61.8686 110.01
      vertex -51.4233 -58.637 110.01
    endloop
  endfacet
  facet normal -0.725701 -0.22014 -0.651841
    outer loop
      vertex 73.8552 25.0603 110.01
      vertex 75.3339 20.1857 110.01
      vertex 71.1887 19.075 115
    endloop
  endfacet
  facet normal -0.22014 0.725701 -0.651841
    outer loop
      vertex 25.0603 -73.8552 110.01
      vertex 20.1857 -75.3339 110.01
      vertex 19.075 -71.1887 115
    endloop
  endfacet
  facet normal -0.738546 0.172202 -0.651841
    outer loop
      vertex 76.4906 -15.2248 110.01
      vertex 75.3339 -20.1857 110.01
      vertex 71.1887 -19.075 115
    endloop
  endfacet
  facet normal -0.074333 0.754707 -0.651837
    outer loop
      vertex 10.1703 -77.3251 110.01
      vertex 5.10088 -77.8244 110.01
      vertex 4.82021 -73.5422 115
    endloop
  endfacet
  facet normal -0.585187 -0.482384 -0.651815
    outer loop
      vertex 58.4701 44.8657 115
      vertex 61.8686 47.4856 110.01
      vertex 61.8747 47.4782 110.01
    endloop
  endfacet
  facet normal -0.586223 -0.481089 -0.65184
    outer loop
      vertex 61.8686 47.4856 110.01
      vertex 58.4701 44.8657 115
      vertex 55.4106 48.5938 115
    endloop
  endfacet
  facet normal -0.357487 -0.668809 -0.651842
    outer loop
      vertex 34.4947 69.9484 110.01
      vertex 38.9872 67.5471 110.01
      vertex 32.5967 66.0995 115
    endloop
  endfacet
  facet normal -0.553504 0.518414 -0.651829
    outer loop
      vertex 58.6304 -51.4303 110.01
      vertex 55.1482 -55.1482 110.01
      vertex 52.1138 -52.1138 115
    endloop
  endfacet
  facet normal 0.553504 -0.518414 -0.651829
    outer loop
      vertex -55.1482 55.1482 110.01
      vertex -52.1138 52.1138 115
      vertex -58.6304 51.4303 110.01
    endloop
  endfacet
  facet normal 0.725701 0.22014 -0.651841
    outer loop
      vertex -71.1887 -19.075 115
      vertex -73.8552 -25.0603 110.01
      vertex -75.3339 -20.1857 110.01
    endloop
  endfacet
  facet normal -0.58622 -0.4811 -0.651835
    outer loop
      vertex 58.637 51.4233 110.01
      vertex 61.8686 47.4856 110.01
      vertex 55.4106 48.5938 115
    endloop
  endfacet
  facet normal 0.172821 0.738416 -0.651824
    outer loop
      vertex -15.2248 -76.4906 110.01
      vertex -14.3782 -72.2839 115
      vertex -15.2154 -76.4928 110.01
    endloop
  endfacet
  facet normal 0.172215 0.738549 -0.651834
    outer loop
      vertex -14.3782 -72.2839 115
      vertex -15.2248 -76.4906 110.01
      vertex -19.075 -71.1887 115
    endloop
  endfacet
  facet normal -0.553504 -0.518414 -0.651829
    outer loop
      vertex 55.1482 55.1482 110.01
      vertex 58.6304 51.4303 110.01
      vertex 52.1138 52.1138 115
    endloop
  endfacet
  facet normal -0.441724 0.616427 -0.651842
    outer loop
      vertex 47.4703 -61.8804 110.01
      vertex 43.3297 -64.8475 110.01
      vertex 40.9455 -61.2793 115
    endloop
  endfacet
  facet normal -0.725701 0.22014 -0.651841
    outer loop
      vertex 75.3339 -20.1857 110.01
      vertex 73.8552 -25.0603 110.01
      vertex 71.1887 -19.075 115
    endloop
  endfacet
  facet normal 0.709752 0.267123 -0.651842
    outer loop
      vertex -68.0899 -28.2038 115
      vertex -72.0547 -29.846 110.01
      vertex -73.849 -25.0785 110.01
    endloop
  endfacet
  facet normal -0.709433 -0.268008 -0.651826
    outer loop
      vertex 69.7887 23.6901 115
      vertex 73.849 25.0785 110.01
      vertex 73.8524 25.0695 110.01
    endloop
  endfacet
  facet normal -0.709752 -0.267126 -0.65184
    outer loop
      vertex 73.849 25.0785 110.01
      vertex 69.7887 23.6901 115
      vertex 68.0899 28.2038 115
    endloop
  endfacet
  facet normal 0.754707 0.074333 -0.651837
    outer loop
      vertex -73.5422 -4.82021 115
      vertex -77.3251 -10.1703 110.01
      vertex -77.8244 -5.10088 110.01
    endloop
  endfacet
  facet normal 0.616427 -0.441724 -0.651842
    outer loop
      vertex -61.8804 47.4703 110.01
      vertex -61.2793 40.9455 115
      vertex -64.8475 43.3297 110.01
    endloop
  endfacet
  facet normal -0.267126 0.709752 -0.65184
    outer loop
      vertex 25.0785 -73.849 110.01
      vertex 23.6901 -69.7887 115
      vertex 28.2038 -68.0899 115
    endloop
  endfacet
  facet normal -0.268008 0.709433 -0.651826
    outer loop
      vertex 23.6901 -69.7887 115
      vertex 25.0785 -73.849 110.01
      vertex 25.0695 -73.8524 110.01
    endloop
  endfacet
  facet normal -0.614961 0.443706 -0.65188
    outer loop
      vertex 58.4701 -44.8657 115
      vertex 61.8804 -47.4703 110.01
      vertex 61.8747 -47.4782 110.01
    endloop
  endfacet
  facet normal -0.616422 0.441726 -0.651845
    outer loop
      vertex 61.8804 -47.4703 110.01
      vertex 58.4701 -44.8657 115
      vertex 61.2793 -40.9455 115
    endloop
  endfacet
  facet normal 0.22014 -0.725701 -0.651841
    outer loop
      vertex -20.1857 75.3339 110.01
      vertex -19.075 71.1887 115
      vertex -25.0603 73.8552 110.01
    endloop
  endfacet
  facet normal -0.754707 -0.074333 -0.651837
    outer loop
      vertex 77.3251 10.1703 110.01
      vertex 77.8244 5.10088 110.01
      vertex 73.5422 4.82021 115
    endloop
  endfacet
  facet normal 0.668815 0.357483 -0.651838
    outer loop
      vertex -63.8261 -36.85 115
      vertex -67.5471 -38.9872 110.01
      vertex -66.0995 -32.5967 115
    endloop
  endfacet
  facet normal 0.666914 0.360918 -0.651892
    outer loop
      vertex -67.5471 -38.9872 110.01
      vertex -63.8261 -36.85 115
      vertex -67.5425 -38.9957 110.01
    endloop
  endfacet
  facet normal -0.443706 -0.614961 -0.65188
    outer loop
      vertex 44.8657 58.4701 115
      vertex 47.4703 61.8804 110.01
      vertex 47.4782 61.8747 110.01
    endloop
  endfacet
  facet normal -0.441726 -0.616422 -0.651845
    outer loop
      vertex 47.4703 61.8804 110.01
      vertex 44.8657 58.4701 115
      vertex 40.9455 61.2793 115
    endloop
  endfacet
  facet normal -0.644 0.400457 -0.651842
    outer loop
      vertex 67.5374 -39.0039 110.01
      vertex 64.8475 -43.3297 110.01
      vertex 61.2793 -40.9455 115
    endloop
  endfacet
  facet normal 0.312989 -0.690753 -0.651842
    outer loop
      vertex -29.846 72.0547 110.01
      vertex -28.2038 68.0899 115
      vertex -34.4859 69.9523 110.01
    endloop
  endfacet
  facet normal -0.616422 -0.441726 -0.651845
    outer loop
      vertex 58.4701 44.8657 115
      vertex 61.8804 47.4703 110.01
      vertex 61.2793 40.9455 115
    endloop
  endfacet
  facet normal -0.614961 -0.443706 -0.65188
    outer loop
      vertex 61.8804 47.4703 110.01
      vertex 58.4701 44.8657 115
      vertex 61.8747 47.4782 110.01
    endloop
  endfacet
  facet normal -0.738416 0.172821 -0.651824
    outer loop
      vertex 76.4906 -15.2248 110.01
      vertex 72.2839 -14.3782 115
      vertex 76.4928 -15.2154 110.01
    endloop
  endfacet
  facet normal -0.738549 0.172215 -0.651834
    outer loop
      vertex 72.2839 -14.3782 115
      vertex 76.4906 -15.2248 110.01
      vertex 71.1887 -19.075 115
    endloop
  endfacet
  facet normal 0.267123 -0.709752 -0.651842
    outer loop
      vertex -25.0785 73.849 110.01
      vertex -28.2038 68.0899 115
      vertex -29.846 72.0547 110.01
    endloop
  endfacet
  facet normal -0.267123 -0.709752 -0.651842
    outer loop
      vertex 29.846 72.0547 110.01
      vertex 28.2038 68.0899 115
      vertex 25.0785 73.849 110.01
    endloop
  endfacet
  facet normal -0.725699 0.220142 -0.651842
    outer loop
      vertex 73.8552 -25.0603 110.01
      vertex 69.7887 -23.6901 115
      vertex 71.1887 -19.075 115
    endloop
  endfacet
  facet normal -0.725489 0.220801 -0.651853
    outer loop
      vertex 69.7887 -23.6901 115
      vertex 73.8552 -25.0603 110.01
      vertex 73.8524 -25.0695 110.01
    endloop
  endfacet
  facet normal 0.400519 0.643971 -0.651833
    outer loop
      vertex -39.0039 -67.5374 110.01
      vertex -36.85 -63.8261 115
      vertex -38.9957 -67.5425 110.01
    endloop
  endfacet
  facet normal 0.400473 0.643999 -0.651834
    outer loop
      vertex -36.85 -63.8261 115
      vertex -39.0039 -67.5374 110.01
      vertex -40.9455 -61.2793 115
    endloop
  endfacet
  facet normal -0.360918 0.666914 -0.651892
    outer loop
      vertex 38.9872 -67.5471 110.01
      vertex 36.85 -63.8261 115
      vertex 38.9957 -67.5425 110.01
    endloop
  endfacet
  facet normal -0.357483 0.668815 -0.651838
    outer loop
      vertex 36.85 -63.8261 115
      vertex 38.9872 -67.5471 110.01
      vertex 32.5967 -66.0995 115
    endloop
  endfacet
  facet normal -0.220801 0.725489 -0.651853
    outer loop
      vertex 25.0603 -73.8552 110.01
      vertex 23.6901 -69.7887 115
      vertex 25.0695 -73.8524 110.01
    endloop
  endfacet
  facet normal -0.220142 0.725699 -0.651842
    outer loop
      vertex 23.6901 -69.7887 115
      vertex 25.0603 -73.8552 110.01
      vertex 19.075 -71.1887 115
    endloop
  endfacet
  facet normal -0.709752 -0.267123 -0.651842
    outer loop
      vertex 72.0547 29.846 110.01
      vertex 73.849 25.0785 110.01
      vertex 68.0899 28.2038 115
    endloop
  endfacet
  facet normal -0.668815 0.357483 -0.651838
    outer loop
      vertex 67.5471 -38.9872 110.01
      vertex 63.8261 -36.85 115
      vertex 66.0995 -32.5967 115
    endloop
  endfacet
  facet normal -0.666914 0.360918 -0.651892
    outer loop
      vertex 63.8261 -36.85 115
      vertex 67.5471 -38.9872 110.01
      vertex 67.5425 -38.9957 110.01
    endloop
  endfacet
  facet normal 0.400457 0.644 -0.651842
    outer loop
      vertex -40.9455 -61.2793 115
      vertex -39.0039 -67.5374 110.01
      vertex -43.3297 -64.8475 110.01
    endloop
  endfacet
  facet normal 0.518414 -0.553504 -0.651829
    outer loop
      vertex -51.4303 58.6304 110.01
      vertex -52.1138 52.1138 115
      vertex -55.1482 55.1482 110.01
    endloop
  endfacet
  facet normal 0.668809 0.357487 -0.651842
    outer loop
      vertex -66.0995 -32.5967 115
      vertex -67.5471 -38.9872 110.01
      vertex -69.9484 -34.4947 110.01
    endloop
  endfacet
  facet normal -0.074333 -0.754707 -0.651837
    outer loop
      vertex 5.10088 77.8244 110.01
      vertex 10.1703 77.3251 110.01
      vertex 4.82021 73.5422 115
    endloop
  endfacet
  facet normal -0.709752 0.267123 -0.651842
    outer loop
      vertex 73.849 -25.0785 110.01
      vertex 72.0547 -29.846 110.01
      vertex 68.0899 -28.2038 115
    endloop
  endfacet
  facet normal -0.172821 -0.738416 -0.651824
    outer loop
      vertex 15.2248 76.4906 110.01
      vertex 14.3782 72.2839 115
      vertex 15.2154 76.4928 110.01
    endloop
  endfacet
  facet normal -0.172215 -0.738549 -0.651834
    outer loop
      vertex 14.3782 72.2839 115
      vertex 15.2248 76.4906 110.01
      vertex 19.075 71.1887 115
    endloop
  endfacet
  facet normal 0.709752 -0.267123 -0.651842
    outer loop
      vertex -72.0547 29.846 110.01
      vertex -68.0899 28.2038 115
      vertex -73.849 25.0785 110.01
    endloop
  endfacet
  facet normal -0.738546 -0.172202 -0.651841
    outer loop
      vertex 75.3339 20.1857 110.01
      vertex 76.4906 15.2248 110.01
      vertex 71.1887 19.075 115
    endloop
  endfacet
  facet normal -0.755099 -0.0707905 -0.651778
    outer loop
      vertex 77.3251 10.1703 110.01
      vertex 73.0695 9.61978 115
      vertex 77.3242 10.1799 110.01
    endloop
  endfacet
  facet normal -0.754709 -0.0743298 -0.651836
    outer loop
      vertex 73.0695 9.61978 115
      vertex 77.3251 10.1703 110.01
      vertex 73.5422 4.82021 115
    endloop
  endfacet
  facet normal -0.748232 -0.123534 -0.651835
    outer loop
      vertex 76.4928 15.2154 110.01
      vertex 77.3226 10.1894 110.01
      vertex 72.2839 14.3782 115
    endloop
  endfacet
  facet normal -0.616427 0.441724 -0.651842
    outer loop
      vertex 64.8475 -43.3297 110.01
      vertex 61.8804 -47.4703 110.01
      vertex 61.2793 -40.9455 115
    endloop
  endfacet
  facet normal -0.748232 0.123534 -0.651835
    outer loop
      vertex 77.3226 -10.1894 110.01
      vertex 76.4928 -15.2154 110.01
      vertex 72.2839 -14.3782 115
    endloop
  endfacet
  facet normal 0.58622 0.4811 -0.651835
    outer loop
      vertex -55.4106 -48.5938 115
      vertex -58.637 -51.4233 110.01
      vertex -61.8686 -47.4856 110.01
    endloop
  endfacet
  facet normal -0.585187 0.482384 -0.651815
    outer loop
      vertex 61.8686 -47.4856 110.01
      vertex 58.4701 -44.8657 115
      vertex 61.8747 -47.4782 110.01
    endloop
  endfacet
  facet normal -0.586223 0.481089 -0.65184
    outer loop
      vertex 58.4701 -44.8657 115
      vertex 61.8686 -47.4856 110.01
      vertex 55.4106 -48.5938 115
    endloop
  endfacet
  facet normal 0.738549 -0.172215 -0.651834
    outer loop
      vertex -72.2839 14.3782 115
      vertex -76.4906 15.2248 110.01
      vertex -71.1887 19.075 115
    endloop
  endfacet
  facet normal 0.738416 -0.172821 -0.651824
    outer loop
      vertex -76.4906 15.2248 110.01
      vertex -72.2839 14.3782 115
      vertex -76.4928 15.2154 110.01
    endloop
  endfacet
  facet normal -0.518414 0.553504 -0.651829
    outer loop
      vertex 52.1138 -52.1138 115
      vertex 55.1482 -55.1482 110.01
      vertex 51.4303 -58.6304 110.01
    endloop
  endfacet
  facet normal 0.725701 -0.22014 -0.651841
    outer loop
      vertex -73.8552 25.0603 110.01
      vertex -71.1887 19.075 115
      vertex -75.3339 20.1857 110.01
    endloop
  endfacet
  facet normal 0.643999 0.400473 -0.651834
    outer loop
      vertex -67.5374 -39.0039 110.01
      vertex -63.8261 -36.85 115
      vertex -61.2793 -40.9455 115
    endloop
  endfacet
  facet normal 0.643971 0.400519 -0.651833
    outer loop
      vertex -63.8261 -36.85 115
      vertex -67.5374 -39.0039 110.01
      vertex -67.5425 -38.9957 110.01
    endloop
  endfacet
  facet normal -0.725489 -0.220801 -0.651853
    outer loop
      vertex 73.8552 25.0603 110.01
      vertex 69.7887 23.6901 115
      vertex 73.8524 25.0695 110.01
    endloop
  endfacet
  facet normal -0.725699 -0.220142 -0.651842
    outer loop
      vertex 69.7887 23.6901 115
      vertex 73.8552 25.0603 110.01
      vertex 71.1887 19.075 115
    endloop
  endfacet
  facet normal 0.553504 0.518414 -0.651829
    outer loop
      vertex -52.1138 -52.1138 115
      vertex -55.1482 -55.1482 110.01
      vertex -58.6304 -51.4303 110.01
    endloop
  endfacet
  facet normal 0.074333 0.754707 -0.651837
    outer loop
      vertex -4.82021 -73.5422 115
      vertex -5.10088 -77.8244 110.01
      vertex -10.1703 -77.3251 110.01
    endloop
  endfacet
  facet normal -0.690753 -0.312989 -0.651842
    outer loop
      vertex 69.9523 34.4859 110.01
      vertex 72.0547 29.846 110.01
      vertex 68.0899 28.2038 115
    endloop
  endfacet
  facet normal 0.518414 0.553504 -0.651829
    outer loop
      vertex -52.1138 -52.1138 115
      vertex -51.4303 -58.6304 110.01
      vertex -55.1482 -55.1482 110.01
    endloop
  endfacet
  facet normal -0.123534 -0.748232 -0.651835
    outer loop
      vertex 15.2154 76.4928 110.01
      vertex 14.3782 72.2839 115
      vertex 10.1894 77.3226 110.01
    endloop
  endfacet
  facet normal 0.738546 0.172202 -0.651841
    outer loop
      vertex -71.1887 -19.075 115
      vertex -75.3339 -20.1857 110.01
      vertex -76.4906 -15.2248 110.01
    endloop
  endfacet
  facet normal -0.220142 -0.725699 -0.651842
    outer loop
      vertex 25.0603 73.8552 110.01
      vertex 23.6901 69.7887 115
      vertex 19.075 71.1887 115
    endloop
  endfacet
  facet normal -0.220801 -0.725489 -0.651853
    outer loop
      vertex 23.6901 69.7887 115
      vertex 25.0603 73.8552 110.01
      vertex 25.0695 73.8524 110.01
    endloop
  endfacet
  facet normal -0.12353 0.748231 -0.651837
    outer loop
      vertex 10.1894 -77.3226 110.01
      vertex 9.61978 -73.0695 115
      vertex 14.3782 -72.2839 115
    endloop
  endfacet
  facet normal -0.125955 0.74786 -0.651798
    outer loop
      vertex 9.61978 -73.0695 115
      vertex 10.1894 -77.3226 110.01
      vertex 10.1799 -77.3242 110.01
    endloop
  endfacet
  facet normal -0.268008 -0.709433 -0.651826
    outer loop
      vertex 25.0785 73.849 110.01
      vertex 23.6901 69.7887 115
      vertex 25.0695 73.8524 110.01
    endloop
  endfacet
  facet normal -0.267126 -0.709752 -0.65184
    outer loop
      vertex 23.6901 69.7887 115
      vertex 25.0785 73.849 110.01
      vertex 28.2038 68.0899 115
    endloop
  endfacet
  facet normal 0.738416 0.172821 -0.651824
    outer loop
      vertex -72.2839 -14.3782 115
      vertex -76.4906 -15.2248 110.01
      vertex -76.4928 -15.2154 110.01
    endloop
  endfacet
  facet normal 0.738549 0.172215 -0.651834
    outer loop
      vertex -76.4906 -15.2248 110.01
      vertex -72.2839 -14.3782 115
      vertex -71.1887 -19.075 115
    endloop
  endfacet
  facet normal -0.312989 -0.690753 -0.651842
    outer loop
      vertex 29.846 72.0547 110.01
      vertex 34.4859 69.9523 110.01
      vertex 28.2038 68.0899 115
    endloop
  endfacet
  facet normal 0.172202 -0.738546 -0.651841
    outer loop
      vertex -15.2248 76.4906 110.01
      vertex -19.075 71.1887 115
      vertex -20.1857 75.3339 110.01
    endloop
  endfacet
  facet normal 0.220142 0.725699 -0.651842
    outer loop
      vertex -25.0603 -73.8552 110.01
      vertex -23.6901 -69.7887 115
      vertex -19.075 -71.1887 115
    endloop
  endfacet
  facet normal 0.220801 0.725489 -0.651853
    outer loop
      vertex -23.6901 -69.7887 115
      vertex -25.0603 -73.8552 110.01
      vertex -25.0695 -73.8524 110.01
    endloop
  endfacet
  facet normal -0.481089 -0.586223 -0.65184
    outer loop
      vertex 44.8657 58.4701 115
      vertex 47.4856 61.8686 110.01
      vertex 48.5938 55.4106 115
    endloop
  endfacet
  facet normal -0.482384 -0.585187 -0.651815
    outer loop
      vertex 47.4856 61.8686 110.01
      vertex 44.8657 58.4701 115
      vertex 47.4782 61.8747 110.01
    endloop
  endfacet
  facet normal -0.644 -0.400457 -0.651842
    outer loop
      vertex 64.8475 43.3297 110.01
      vertex 67.5374 39.0039 110.01
      vertex 61.2793 40.9455 115
    endloop
  endfacet
  facet normal 0.757974 0.0235891 -0.651858
    outer loop
      vertex -73.7 0 115
      vertex -77.9911 -0.00963972 110.01
      vertex -77.9914 0 110.01
    endloop
  endfacet
  facet normal 0.757951 0.0248132 -0.65184
    outer loop
      vertex -77.9911 -0.00963972 110.01
      vertex -73.7 0 115
      vertex -73.5422 -4.82021 115
    endloop
  endfacet
  facet normal 0.690753 0.312989 -0.651842
    outer loop
      vertex -68.0899 -28.2038 115
      vertex -69.9523 -34.4859 110.01
      vertex -72.0547 -29.846 110.01
    endloop
  endfacet
  facet normal 0.0248173 -0.757952 -0.651838
    outer loop
      vertex -0.00963972 77.9911 110.01
      vertex -4.82021 73.5422 115
      vertex -5.10088 77.8244 110.01
    endloop
  endfacet
  facet normal 0.74786 0.125955 -0.651798
    outer loop
      vertex -73.0695 -9.61978 115
      vertex -77.3226 -10.1894 110.01
      vertex -77.3242 -10.1799 110.01
    endloop
  endfacet
  facet normal 0.748231 0.12353 -0.651837
    outer loop
      vertex -77.3226 -10.1894 110.01
      vertex -73.0695 -9.61978 115
      vertex -72.2839 -14.3782 115
    endloop
  endfacet
  facet normal 0.123534 -0.748232 -0.651835
    outer loop
      vertex -10.1894 77.3226 110.01
      vertex -14.3782 72.2839 115
      vertex -15.2154 76.4928 110.01
    endloop
  endfacet
  facet normal -0.400457 0.644 -0.651842
    outer loop
      vertex 40.9455 -61.2793 115
      vertex 43.3297 -64.8475 110.01
      vertex 39.0039 -67.5374 110.01
    endloop
  endfacet
  facet normal 0.614961 0.443706 -0.65188
    outer loop
      vertex -61.8804 -47.4703 110.01
      vertex -58.4701 -44.8657 115
      vertex -61.8747 -47.4782 110.01
    endloop
  endfacet
  facet normal 0.616422 0.441726 -0.651845
    outer loop
      vertex -58.4701 -44.8657 115
      vertex -61.8804 -47.4703 110.01
      vertex -61.2793 -40.9455 115
    endloop
  endfacet
  facet normal -0.312981 -0.690763 -0.651835
    outer loop
      vertex 34.4859 69.9523 110.01
      vertex 32.5967 66.0995 115
      vertex 28.2038 68.0899 115
    endloop
  endfacet
  facet normal -0.307306 -0.693408 -0.651728
    outer loop
      vertex 32.5967 66.0995 115
      vertex 34.4859 69.9523 110.01
      vertex 34.4947 69.9484 110.01
    endloop
  endfacet
  facet normal -0.172202 -0.738546 -0.651841
    outer loop
      vertex 20.1857 75.3339 110.01
      vertex 19.075 71.1887 115
      vertex 15.2248 76.4906 110.01
    endloop
  endfacet
  facet normal 0.644 -0.400457 -0.651842
    outer loop
      vertex -64.8475 43.3297 110.01
      vertex -61.2793 40.9455 115
      vertex -67.5374 39.0039 110.01
    endloop
  endfacet
  facet normal 0.725489 -0.220801 -0.651853
    outer loop
      vertex -69.7887 23.6901 115
      vertex -73.8552 25.0603 110.01
      vertex -73.8524 25.0695 110.01
    endloop
  endfacet
  facet normal 0.725699 -0.220142 -0.651842
    outer loop
      vertex -73.8552 25.0603 110.01
      vertex -69.7887 23.6901 115
      vertex -71.1887 19.075 115
    endloop
  endfacet
  facet normal 0.357487 -0.668809 -0.651842
    outer loop
      vertex -34.4947 69.9484 110.01
      vertex -32.5967 66.0995 115
      vertex -38.9872 67.5471 110.01
    endloop
  endfacet
  facet normal -0.754707 0.074333 -0.651837
    outer loop
      vertex 77.8244 -5.10088 110.01
      vertex 77.3251 -10.1703 110.01
      vertex 73.5422 -4.82021 115
    endloop
  endfacet
  facet normal 0.754707 -0.074333 -0.651837
    outer loop
      vertex -77.3251 10.1703 110.01
      vertex -73.5422 4.82021 115
      vertex -77.8244 5.10088 110.01
    endloop
  endfacet
  facet normal 0.172202 0.738546 -0.651841
    outer loop
      vertex -19.075 -71.1887 115
      vertex -15.2248 -76.4906 110.01
      vertex -20.1857 -75.3339 110.01
    endloop
  endfacet
  facet normal -0.58622 0.4811 -0.651835
    outer loop
      vertex 61.8686 -47.4856 110.01
      vertex 58.637 -51.4233 110.01
      vertex 55.4106 -48.5938 115
    endloop
  endfacet
  facet normal -0.312989 0.690753 -0.651842
    outer loop
      vertex 34.4859 -69.9523 110.01
      vertex 29.846 -72.0547 110.01
      vertex 28.2038 -68.0899 115
    endloop
  endfacet
  facet normal -0.357487 0.668809 -0.651842
    outer loop
      vertex 38.9872 -67.5471 110.01
      vertex 34.4947 -69.9484 110.01
      vertex 32.5967 -66.0995 115
    endloop
  endfacet
  facet normal -0.172202 0.738546 -0.651841
    outer loop
      vertex 19.075 -71.1887 115
      vertex 20.1857 -75.3339 110.01
      vertex 15.2248 -76.4906 110.01
    endloop
  endfacet
  facet normal 0.441724 -0.616427 -0.651842
    outer loop
      vertex -43.3297 64.8475 110.01
      vertex -40.9455 61.2793 115
      vertex -47.4703 61.8804 110.01
    endloop
  endfacet
  facet normal 0.220801 -0.725489 -0.651853
    outer loop
      vertex -25.0603 73.8552 110.01
      vertex -23.6901 69.7887 115
      vertex -25.0695 73.8524 110.01
    endloop
  endfacet
  facet normal 0.220142 -0.725699 -0.651842
    outer loop
      vertex -23.6901 69.7887 115
      vertex -25.0603 73.8552 110.01
      vertex -19.075 71.1887 115
    endloop
  endfacet
  facet normal -0.757952 0.0248173 -0.651838
    outer loop
      vertex 77.9911 -0.00963972 110.01
      vertex 77.8244 -5.10088 110.01
      vertex 73.5422 -4.82021 115
    endloop
  endfacet
  facet normal -0.757974 0.0235891 -0.651858
    outer loop
      vertex 77.9911 -0.00963972 110.01
      vertex 73.7 0 115
      vertex 77.9914 0 110.01
    endloop
  endfacet
  facet normal -0.757951 0.0248132 -0.65184
    outer loop
      vertex 73.7 0 115
      vertex 77.9911 -0.00963972 110.01
      vertex 73.5422 -4.82021 115
    endloop
  endfacet
  facet normal 0.666914 -0.360918 -0.651892
    outer loop
      vertex -63.8261 36.85 115
      vertex -67.5471 38.9872 110.01
      vertex -67.5425 38.9957 110.01
    endloop
  endfacet
  facet normal 0.668815 -0.357483 -0.651838
    outer loop
      vertex -67.5471 38.9872 110.01
      vertex -63.8261 36.85 115
      vertex -66.0995 32.5967 115
    endloop
  endfacet
  facet normal -0.690753 0.312989 -0.651842
    outer loop
      vertex 72.0547 -29.846 110.01
      vertex 69.9523 -34.4859 110.01
      vertex 68.0899 -28.2038 115
    endloop
  endfacet
  facet normal -0.74786 -0.125955 -0.651798
    outer loop
      vertex 73.0695 9.61978 115
      vertex 77.3226 10.1894 110.01
      vertex 77.3242 10.1799 110.01
    endloop
  endfacet
  facet normal -0.748231 -0.12353 -0.651837
    outer loop
      vertex 77.3226 10.1894 110.01
      vertex 73.0695 9.61978 115
      vertex 72.2839 14.3782 115
    endloop
  endfacet
  facet normal -0.738416 -0.172821 -0.651824
    outer loop
      vertex 72.2839 14.3782 115
      vertex 76.4906 15.2248 110.01
      vertex 76.4928 15.2154 110.01
    endloop
  endfacet
  facet normal -0.738549 -0.172215 -0.651834
    outer loop
      vertex 76.4906 15.2248 110.01
      vertex 72.2839 14.3782 115
      vertex 71.1887 19.075 115
    endloop
  endfacet
  facet normal -0.0707905 0.755099 -0.651778
    outer loop
      vertex 10.1703 -77.3251 110.01
      vertex 9.61978 -73.0695 115
      vertex 10.1799 -77.3242 110.01
    endloop
  endfacet
  facet normal -0.0743298 0.754709 -0.651836
    outer loop
      vertex 9.61978 -73.0695 115
      vertex 10.1703 -77.3251 110.01
      vertex 4.82021 -73.5422 115
    endloop
  endfacet
  facet normal 0.520271 -0.551802 -0.651792
    outer loop
      vertex -48.5938 55.4106 115
      vertex -51.4303 58.6304 110.01
      vertex -51.4233 58.637 110.01
    endloop
  endfacet
  facet normal 0.518408 -0.553505 -0.651832
    outer loop
      vertex -51.4303 58.6304 110.01
      vertex -48.5938 55.4106 115
      vertex -52.1138 52.1138 115
    endloop
  endfacet
  facet normal 0.690763 0.312981 -0.651835
    outer loop
      vertex -66.0995 -32.5967 115
      vertex -69.9523 -34.4859 110.01
      vertex -68.0899 -28.2038 115
    endloop
  endfacet
  facet normal 0.693408 0.307306 -0.651728
    outer loop
      vertex -69.9523 -34.4859 110.01
      vertex -66.0995 -32.5967 115
      vertex -69.9484 -34.4947 110.01
    endloop
  endfacet
  facet normal -0.125955 -0.74786 -0.651798
    outer loop
      vertex 10.1894 77.3226 110.01
      vertex 9.61978 73.0695 115
      vertex 10.1799 77.3242 110.01
    endloop
  endfacet
  facet normal -0.12353 -0.748231 -0.651837
    outer loop
      vertex 9.61978 73.0695 115
      vertex 10.1894 77.3226 110.01
      vertex 14.3782 72.2839 115
    endloop
  endfacet
  facet normal -0.400473 -0.643999 -0.651834
    outer loop
      vertex 36.85 63.8261 115
      vertex 39.0039 67.5374 110.01
      vertex 40.9455 61.2793 115
    endloop
  endfacet
  facet normal -0.400519 -0.643971 -0.651833
    outer loop
      vertex 39.0039 67.5374 110.01
      vertex 36.85 63.8261 115
      vertex 38.9957 67.5425 110.01
    endloop
  endfacet
  facet normal -0.666914 -0.360918 -0.651892
    outer loop
      vertex 67.5471 38.9872 110.01
      vertex 63.8261 36.85 115
      vertex 67.5425 38.9957 110.01
    endloop
  endfacet
  facet normal -0.668815 -0.357483 -0.651838
    outer loop
      vertex 63.8261 36.85 115
      vertex 67.5471 38.9872 110.01
      vertex 66.0995 32.5967 115
    endloop
  endfacet
  facet normal 0.757952 0.0248173 -0.651838
    outer loop
      vertex -73.5422 -4.82021 115
      vertex -77.8244 -5.10088 110.01
      vertex -77.9911 -0.00963972 110.01
    endloop
  endfacet
  facet normal -0.4811 0.58622 -0.651835
    outer loop
      vertex 48.5938 -55.4106 115
      vertex 51.4233 -58.637 110.01
      vertex 47.4856 -61.8686 110.01
    endloop
  endfacet
  facet normal 0.748232 -0.123534 -0.651835
    outer loop
      vertex -76.4928 15.2154 110.01
      vertex -72.2839 14.3782 115
      vertex -77.3226 10.1894 110.01
    endloop
  endfacet
  facet normal -0.518408 -0.553505 -0.651832
    outer loop
      vertex 48.5938 55.4106 115
      vertex 51.4303 58.6304 110.01
      vertex 52.1138 52.1138 115
    endloop
  endfacet
  facet normal -0.520271 -0.551802 -0.651792
    outer loop
      vertex 51.4303 58.6304 110.01
      vertex 48.5938 55.4106 115
      vertex 51.4233 58.637 110.01
    endloop
  endfacet
  facet normal 0.725699 0.220142 -0.651842
    outer loop
      vertex -69.7887 -23.6901 115
      vertex -73.8552 -25.0603 110.01
      vertex -71.1887 -19.075 115
    endloop
  endfacet
  facet normal 0.725489 0.220801 -0.651853
    outer loop
      vertex -73.8552 -25.0603 110.01
      vertex -69.7887 -23.6901 115
      vertex -73.8524 -25.0695 110.01
    endloop
  endfacet
  facet normal -0.443706 0.614961 -0.65188
    outer loop
      vertex 47.4703 -61.8804 110.01
      vertex 44.8657 -58.4701 115
      vertex 47.4782 -61.8747 110.01
    endloop
  endfacet
  facet normal -0.441726 0.616422 -0.651845
    outer loop
      vertex 44.8657 -58.4701 115
      vertex 47.4703 -61.8804 110.01
      vertex 40.9455 -61.2793 115
    endloop
  endfacet
  facet normal 0.312989 0.690753 -0.651842
    outer loop
      vertex -28.2038 -68.0899 115
      vertex -29.846 -72.0547 110.01
      vertex -34.4859 -69.9523 110.01
    endloop
  endfacet
  facet normal -0.518414 -0.553504 -0.651829
    outer loop
      vertex 55.1482 55.1482 110.01
      vertex 52.1138 52.1138 115
      vertex 51.4303 58.6304 110.01
    endloop
  endfacet
  facet normal -0.400519 0.643971 -0.651833
    outer loop
      vertex 36.85 -63.8261 115
      vertex 39.0039 -67.5374 110.01
      vertex 38.9957 -67.5425 110.01
    endloop
  endfacet
  facet normal -0.400473 0.643999 -0.651834
    outer loop
      vertex 39.0039 -67.5374 110.01
      vertex 36.85 -63.8261 115
      vertex 40.9455 -61.2793 115
    endloop
  endfacet
  facet normal -0.0248173 -0.757952 -0.651838
    outer loop
      vertex 5.10088 77.8244 110.01
      vertex 4.82021 73.5422 115
      vertex 0.00963972 77.9911 110.01
    endloop
  endfacet
  facet normal -0.123534 0.748232 -0.651835
    outer loop
      vertex 14.3782 -72.2839 115
      vertex 15.2154 -76.4928 110.01
      vertex 10.1894 -77.3226 110.01
    endloop
  endfacet
  facet normal 0.0743298 0.754709 -0.651836
    outer loop
      vertex -10.1703 -77.3251 110.01
      vertex -9.61978 -73.0695 115
      vertex -4.82021 -73.5422 115
    endloop
  endfacet
  facet normal 0.0707905 0.755099 -0.651778
    outer loop
      vertex -9.61978 -73.0695 115
      vertex -10.1703 -77.3251 110.01
      vertex -10.1799 -77.3242 110.01
    endloop
  endfacet
  facet normal 0.0707905 -0.755099 -0.651778
    outer loop
      vertex -10.1703 77.3251 110.01
      vertex -9.61978 73.0695 115
      vertex -10.1799 77.3242 110.01
    endloop
  endfacet
  facet normal 0.0743298 -0.754709 -0.651836
    outer loop
      vertex -9.61978 73.0695 115
      vertex -10.1703 77.3251 110.01
      vertex -4.82021 73.5422 115
    endloop
  endfacet
  facet normal 0.267123 0.709752 -0.651842
    outer loop
      vertex -28.2038 -68.0899 115
      vertex -25.0785 -73.849 110.01
      vertex -29.846 -72.0547 110.01
    endloop
  endfacet
  facet normal 0.312981 0.690763 -0.651835
    outer loop
      vertex -34.4859 -69.9523 110.01
      vertex -32.5967 -66.0995 115
      vertex -28.2038 -68.0899 115
    endloop
  endfacet
  facet normal 0.307306 0.693408 -0.651728
    outer loop
      vertex -32.5967 -66.0995 115
      vertex -34.4859 -69.9523 110.01
      vertex -34.4947 -69.9484 110.01
    endloop
  endfacet
  facet normal 0.754709 0.0743298 -0.651836
    outer loop
      vertex -73.0695 -9.61978 115
      vertex -77.3251 -10.1703 110.01
      vertex -73.5422 -4.82021 115
    endloop
  endfacet
  facet normal 0.755099 0.0707905 -0.651778
    outer loop
      vertex -77.3251 -10.1703 110.01
      vertex -73.0695 -9.61978 115
      vertex -77.3242 -10.1799 110.01
    endloop
  endfacet
  facet normal -0.0235891 -0.757974 -0.651858
    outer loop
      vertex 0.00963972 77.9911 110.01
      vertex 0 73.7 115
      vertex 0 77.9914 110.01
    endloop
  endfacet
  facet normal -0.0248132 -0.757951 -0.65184
    outer loop
      vertex 0 73.7 115
      vertex 0.00963972 77.9911 110.01
      vertex 4.82021 73.5422 115
    endloop
  endfacet
  facet normal -0.482384 0.585187 -0.651815
    outer loop
      vertex 44.8657 -58.4701 115
      vertex 47.4856 -61.8686 110.01
      vertex 47.4782 -61.8747 110.01
    endloop
  endfacet
  facet normal -0.481089 0.586223 -0.65184
    outer loop
      vertex 47.4856 -61.8686 110.01
      vertex 44.8657 -58.4701 115
      vertex 48.5938 -55.4106 115
    endloop
  endfacet
  facet normal 0.482384 0.585187 -0.651815
    outer loop
      vertex -47.4856 -61.8686 110.01
      vertex -44.8657 -58.4701 115
      vertex -47.4782 -61.8747 110.01
    endloop
  endfacet
  facet normal 0.481089 0.586223 -0.65184
    outer loop
      vertex -44.8657 -58.4701 115
      vertex -47.4856 -61.8686 110.01
      vertex -48.5938 -55.4106 115
    endloop
  endfacet
  facet normal 0.690753 -0.312989 -0.651842
    outer loop
      vertex -69.9523 34.4859 110.01
      vertex -68.0899 28.2038 115
      vertex -72.0547 29.846 110.01
    endloop
  endfacet
  facet normal 0.553505 0.518408 -0.651832
    outer loop
      vertex -58.6304 -51.4303 110.01
      vertex -55.4106 -48.5938 115
      vertex -52.1138 -52.1138 115
    endloop
  endfacet
  facet normal 0.551802 0.520271 -0.651792
    outer loop
      vertex -55.4106 -48.5938 115
      vertex -58.6304 -51.4303 110.01
      vertex -58.637 -51.4233 110.01
    endloop
  endfacet
  facet normal 0.441726 0.616422 -0.651845
    outer loop
      vertex -47.4703 -61.8804 110.01
      vertex -44.8657 -58.4701 115
      vertex -40.9455 -61.2793 115
    endloop
  endfacet
  facet normal 0.443706 0.614961 -0.65188
    outer loop
      vertex -44.8657 -58.4701 115
      vertex -47.4703 -61.8804 110.01
      vertex -47.4782 -61.8747 110.01
    endloop
  endfacet
  facet normal 0.616422 -0.441726 -0.651845
    outer loop
      vertex -61.8804 47.4703 110.01
      vertex -58.4701 44.8657 115
      vertex -61.2793 40.9455 115
    endloop
  endfacet
  facet normal 0.614961 -0.443706 -0.65188
    outer loop
      vertex -58.4701 44.8657 115
      vertex -61.8804 47.4703 110.01
      vertex -61.8747 47.4782 110.01
    endloop
  endfacet
  facet normal -0.668809 0.357487 -0.651842
    outer loop
      vertex 69.9484 -34.4947 110.01
      vertex 67.5471 -38.9872 110.01
      vertex 66.0995 -32.5967 115
    endloop
  endfacet
  facet normal 0.0248173 0.757952 -0.651838
    outer loop
      vertex -4.82021 -73.5422 115
      vertex -0.00963972 -77.9911 110.01
      vertex -5.10088 -77.8244 110.01
    endloop
  endfacet
  facet normal 0.0248132 -0.757951 -0.65184
    outer loop
      vertex -0.00963972 77.9911 110.01
      vertex 0 73.7 115
      vertex -4.82021 73.5422 115
    endloop
  endfacet
  facet normal 0.0235891 -0.757974 -0.651858
    outer loop
      vertex 0 73.7 115
      vertex -0.00963972 77.9911 110.01
      vertex 0 77.9914 110.01
    endloop
  endfacet
  facet normal -0.267123 0.709752 -0.651842
    outer loop
      vertex 28.2038 -68.0899 115
      vertex 29.846 -72.0547 110.01
      vertex 25.0785 -73.849 110.01
    endloop
  endfacet
  facet normal -0.520271 0.551802 -0.651792
    outer loop
      vertex 48.5938 -55.4106 115
      vertex 51.4303 -58.6304 110.01
      vertex 51.4233 -58.637 110.01
    endloop
  endfacet
  facet normal -0.518408 0.553505 -0.651832
    outer loop
      vertex 51.4303 -58.6304 110.01
      vertex 48.5938 -55.4106 115
      vertex 52.1138 -52.1138 115
    endloop
  endfacet
  facet normal -0.357483 -0.668815 -0.651838
    outer loop
      vertex 38.9872 67.5471 110.01
      vertex 36.85 63.8261 115
      vertex 32.5967 66.0995 115
    endloop
  endfacet
  facet normal -0.360918 -0.666914 -0.651892
    outer loop
      vertex 36.85 63.8261 115
      vertex 38.9872 67.5471 110.01
      vertex 38.9957 67.5425 110.01
    endloop
  endfacet
  facet normal 0.307306 -0.693408 -0.651728
    outer loop
      vertex -34.4859 69.9523 110.01
      vertex -32.5967 66.0995 115
      vertex -34.4947 69.9484 110.01
    endloop
  endfacet
  facet normal 0.312981 -0.690763 -0.651835
    outer loop
      vertex -32.5967 66.0995 115
      vertex -34.4859 69.9523 110.01
      vertex -28.2038 68.0899 115
    endloop
  endfacet
  facet normal -0.307306 0.693408 -0.651728
    outer loop
      vertex 34.4859 -69.9523 110.01
      vertex 32.5967 -66.0995 115
      vertex 34.4947 -69.9484 110.01
    endloop
  endfacet
  facet normal -0.312981 0.690763 -0.651835
    outer loop
      vertex 32.5967 -66.0995 115
      vertex 34.4859 -69.9523 110.01
      vertex 28.2038 -68.0899 115
    endloop
  endfacet
  facet normal -0.22014 -0.725701 -0.651841
    outer loop
      vertex 20.1857 75.3339 110.01
      vertex 25.0603 73.8552 110.01
      vertex 19.075 71.1887 115
    endloop
  endfacet
  facet normal 0.586223 0.481089 -0.65184
    outer loop
      vertex -61.8686 -47.4856 110.01
      vertex -58.4701 -44.8657 115
      vertex -55.4106 -48.5938 115
    endloop
  endfacet
  facet normal 0.585187 0.482384 -0.651815
    outer loop
      vertex -58.4701 -44.8657 115
      vertex -61.8686 -47.4856 110.01
      vertex -61.8747 -47.4782 110.01
    endloop
  endfacet
  facet normal -0.74786 0.125955 -0.651798
    outer loop
      vertex 77.3226 -10.1894 110.01
      vertex 73.0695 -9.61978 115
      vertex 77.3242 -10.1799 110.01
    endloop
  endfacet
  facet normal -0.748231 0.12353 -0.651837
    outer loop
      vertex 73.0695 -9.61978 115
      vertex 77.3226 -10.1894 110.01
      vertex 72.2839 -14.3782 115
    endloop
  endfacet
  facet normal -0.754709 0.0743298 -0.651836
    outer loop
      vertex 77.3251 -10.1703 110.01
      vertex 73.0695 -9.61978 115
      vertex 73.5422 -4.82021 115
    endloop
  endfacet
  facet normal -0.755099 0.0707905 -0.651778
    outer loop
      vertex 73.0695 -9.61978 115
      vertex 77.3251 -10.1703 110.01
      vertex 77.3242 -10.1799 110.01
    endloop
  endfacet
  facet normal -0.0248132 0.757951 -0.65184
    outer loop
      vertex 0.00963972 -77.9911 110.01
      vertex 0 -73.7 115
      vertex 4.82021 -73.5422 115
    endloop
  endfacet
  facet normal -0.0235891 0.757974 -0.651858
    outer loop
      vertex 0 -73.7 115
      vertex 0.00963972 -77.9911 110.01
      vertex 0 -77.9914 110.01
    endloop
  endfacet
  facet normal -0.0248173 0.757952 -0.651838
    outer loop
      vertex 4.82021 -73.5422 115
      vertex 5.10088 -77.8244 110.01
      vertex 0.00963972 -77.9911 110.01
    endloop
  endfacet
  facet normal 0.074333 -0.754707 -0.651837
    outer loop
      vertex -5.10088 77.8244 110.01
      vertex -4.82021 73.5422 115
      vertex -10.1703 77.3251 110.01
    endloop
  endfacet
  facet normal 0.757952 -0.0248173 -0.651838
    outer loop
      vertex -77.8244 5.10088 110.01
      vertex -73.5422 4.82021 115
      vertex -77.9911 0.00963972 110.01
    endloop
  endfacet
  facet normal 0.738546 -0.172202 -0.651841
    outer loop
      vertex -75.3339 20.1857 110.01
      vertex -71.1887 19.075 115
      vertex -76.4906 15.2248 110.01
    endloop
  endfacet
  facet normal 0.482384 -0.585187 -0.651815
    outer loop
      vertex -44.8657 58.4701 115
      vertex -47.4856 61.8686 110.01
      vertex -47.4782 61.8747 110.01
    endloop
  endfacet
  facet normal 0.481089 -0.586223 -0.65184
    outer loop
      vertex -47.4856 61.8686 110.01
      vertex -44.8657 58.4701 115
      vertex -48.5938 55.4106 115
    endloop
  endfacet
  facet normal -0.4811 -0.58622 -0.651835
    outer loop
      vertex 51.4233 58.637 110.01
      vertex 48.5938 55.4106 115
      vertex 47.4856 61.8686 110.01
    endloop
  endfacet
  facet normal 0.693408 -0.307306 -0.651728
    outer loop
      vertex -66.0995 32.5967 115
      vertex -69.9523 34.4859 110.01
      vertex -69.9484 34.4947 110.01
    endloop
  endfacet
  facet normal 0.690763 -0.312981 -0.651835
    outer loop
      vertex -69.9523 34.4859 110.01
      vertex -66.0995 32.5967 115
      vertex -68.0899 28.2038 115
    endloop
  endfacet
  facet normal 0.748231 -0.12353 -0.651837
    outer loop
      vertex -73.0695 9.61978 115
      vertex -77.3226 10.1894 110.01
      vertex -72.2839 14.3782 115
    endloop
  endfacet
  facet normal 0.74786 -0.125955 -0.651798
    outer loop
      vertex -77.3226 10.1894 110.01
      vertex -73.0695 9.61978 115
      vertex -77.3242 10.1799 110.01
    endloop
  endfacet
  facet normal 0.360918 -0.666914 -0.651892
    outer loop
      vertex -38.9872 67.5471 110.01
      vertex -36.85 63.8261 115
      vertex -38.9957 67.5425 110.01
    endloop
  endfacet
  facet normal 0.357483 -0.668815 -0.651838
    outer loop
      vertex -36.85 63.8261 115
      vertex -38.9872 67.5471 110.01
      vertex -32.5967 66.0995 115
    endloop
  endfacet
  facet normal 0.357483 0.668815 -0.651838
    outer loop
      vertex -38.9872 -67.5471 110.01
      vertex -36.85 -63.8261 115
      vertex -32.5967 -66.0995 115
    endloop
  endfacet
  facet normal 0.360918 0.666914 -0.651892
    outer loop
      vertex -36.85 -63.8261 115
      vertex -38.9872 -67.5471 110.01
      vertex -38.9957 -67.5425 110.01
    endloop
  endfacet
  facet normal 0.267126 -0.709752 -0.65184
    outer loop
      vertex -25.0785 73.849 110.01
      vertex -23.6901 69.7887 115
      vertex -28.2038 68.0899 115
    endloop
  endfacet
  facet normal 0.268008 -0.709433 -0.651826
    outer loop
      vertex -23.6901 69.7887 115
      vertex -25.0785 73.849 110.01
      vertex -25.0695 73.8524 110.01
    endloop
  endfacet
  facet normal 0.58622 -0.4811 -0.651835
    outer loop
      vertex -58.637 51.4233 110.01
      vertex -55.4106 48.5938 115
      vertex -61.8686 47.4856 110.01
    endloop
  endfacet
  facet normal 0.553505 -0.518408 -0.651832
    outer loop
      vertex -55.4106 48.5938 115
      vertex -58.6304 51.4303 110.01
      vertex -52.1138 52.1138 115
    endloop
  endfacet
  facet normal 0.551802 -0.520271 -0.651792
    outer loop
      vertex -58.6304 51.4303 110.01
      vertex -55.4106 48.5938 115
      vertex -58.637 51.4233 110.01
    endloop
  endfacet
  facet normal 0.757951 -0.0248132 -0.65184
    outer loop
      vertex -73.7 0 115
      vertex -77.9911 0.00963972 110.01
      vertex -73.5422 4.82021 115
    endloop
  endfacet
  facet normal 0.757974 -0.0235891 -0.651858
    outer loop
      vertex -77.9911 0.00963972 110.01
      vertex -73.7 0 115
      vertex -77.9914 0 110.01
    endloop
  endfacet
  facet normal -0.400457 -0.644 -0.651842
    outer loop
      vertex 43.3297 64.8475 110.01
      vertex 40.9455 61.2793 115
      vertex 39.0039 67.5374 110.01
    endloop
  endfacet
  facet normal 0.755099 -0.0707905 -0.651778
    outer loop
      vertex -73.0695 9.61978 115
      vertex -77.3251 10.1703 110.01
      vertex -77.3242 10.1799 110.01
    endloop
  endfacet
  facet normal 0.754709 -0.0743298 -0.651836
    outer loop
      vertex -77.3251 10.1703 110.01
      vertex -73.0695 9.61978 115
      vertex -73.5422 4.82021 115
    endloop
  endfacet
  facet normal 0.357487 0.668809 -0.651842
    outer loop
      vertex -32.5967 -66.0995 115
      vertex -34.4947 -69.9484 110.01
      vertex -38.9872 -67.5471 110.01
    endloop
  endfacet
  facet normal 0.12353 -0.748231 -0.651837
    outer loop
      vertex -10.1894 77.3226 110.01
      vertex -9.61978 73.0695 115
      vertex -14.3782 72.2839 115
    endloop
  endfacet
  facet normal 0.125955 -0.74786 -0.651798
    outer loop
      vertex -9.61978 73.0695 115
      vertex -10.1894 77.3226 110.01
      vertex -10.1799 77.3242 110.01
    endloop
  endfacet
  facet normal 0.22014 0.725701 -0.651841
    outer loop
      vertex -19.075 -71.1887 115
      vertex -20.1857 -75.3339 110.01
      vertex -25.0603 -73.8552 110.01
    endloop
  endfacet
  facet normal -0.643971 0.400519 -0.651833
    outer loop
      vertex 67.5374 -39.0039 110.01
      vertex 63.8261 -36.85 115
      vertex 67.5425 -38.9957 110.01
    endloop
  endfacet
  facet normal -0.643999 0.400473 -0.651834
    outer loop
      vertex 63.8261 -36.85 115
      vertex 67.5374 -39.0039 110.01
      vertex 61.2793 -40.9455 115
    endloop
  endfacet
  facet normal 0.400519 -0.643971 -0.651833
    outer loop
      vertex -36.85 63.8261 115
      vertex -39.0039 67.5374 110.01
      vertex -38.9957 67.5425 110.01
    endloop
  endfacet
  facet normal 0.400473 -0.643999 -0.651834
    outer loop
      vertex -39.0039 67.5374 110.01
      vertex -36.85 63.8261 115
      vertex -40.9455 61.2793 115
    endloop
  endfacet
  facet normal 0.268008 0.709433 -0.651826
    outer loop
      vertex -25.0785 -73.849 110.01
      vertex -23.6901 -69.7887 115
      vertex -25.0695 -73.8524 110.01
    endloop
  endfacet
  facet normal 0.267126 0.709752 -0.65184
    outer loop
      vertex -23.6901 -69.7887 115
      vertex -25.0785 -73.849 110.01
      vertex -28.2038 -68.0899 115
    endloop
  endfacet
  facet normal 0.520271 0.551802 -0.651792
    outer loop
      vertex -51.4303 -58.6304 110.01
      vertex -48.5938 -55.4106 115
      vertex -51.4233 -58.637 110.01
    endloop
  endfacet
  facet normal 0.518408 0.553505 -0.651832
    outer loop
      vertex -48.5938 -55.4106 115
      vertex -51.4303 -58.6304 110.01
      vertex -52.1138 -52.1138 115
    endloop
  endfacet
  facet normal 0.643999 -0.400473 -0.651834
    outer loop
      vertex -63.8261 36.85 115
      vertex -67.5374 39.0039 110.01
      vertex -61.2793 40.9455 115
    endloop
  endfacet
  facet normal 0.643971 -0.400519 -0.651833
    outer loop
      vertex -67.5374 39.0039 110.01
      vertex -63.8261 36.85 115
      vertex -67.5425 38.9957 110.01
    endloop
  endfacet
  facet normal 0.668809 -0.357487 -0.651842
    outer loop
      vertex -67.5471 38.9872 110.01
      vertex -66.0995 32.5967 115
      vertex -69.9484 34.4947 110.01
    endloop
  endfacet
  facet normal -0.0743298 -0.754709 -0.651836
    outer loop
      vertex 10.1703 77.3251 110.01
      vertex 9.61978 73.0695 115
      vertex 4.82021 73.5422 115
    endloop
  endfacet
  facet normal -0.0707905 -0.755099 -0.651778
    outer loop
      vertex 9.61978 73.0695 115
      vertex 10.1703 77.3251 110.01
      vertex 10.1799 77.3242 110.01
    endloop
  endfacet
  facet normal 0.400457 -0.644 -0.651842
    outer loop
      vertex -39.0039 67.5374 110.01
      vertex -40.9455 61.2793 115
      vertex -43.3297 64.8475 110.01
    endloop
  endfacet
  facet normal 0.441724 0.616427 -0.651842
    outer loop
      vertex -40.9455 -61.2793 115
      vertex -43.3297 -64.8475 110.01
      vertex -47.4703 -61.8804 110.01
    endloop
  endfacet
  facet normal 0.441726 -0.616422 -0.651845
    outer loop
      vertex -44.8657 58.4701 115
      vertex -47.4703 61.8804 110.01
      vertex -40.9455 61.2793 115
    endloop
  endfacet
  facet normal 0.443706 -0.614961 -0.65188
    outer loop
      vertex -47.4703 61.8804 110.01
      vertex -44.8657 58.4701 115
      vertex -47.4782 61.8747 110.01
    endloop
  endfacet
endsolid OpenSCAD_Model
