solid OpenSCAD_Model
  facet normal -0.0531278 0.0692364 0.996185
    outer loop
      vertex -0.400305 0.571694 31.9848
      vertex -1.34241 1.59982 31.8631
      vertex -0.448607 0.53463 31.9848
    endloop
  endfacet
  facet normal -0.905619 -0.0395753 0.422241
    outer loop
      vertex -14.1382 -1.23693 23.388
      vertex -14.7821 0 22.1229
      vertex -14.7258 -1.28834 22.1229
    endloop
  endfacet
  facet normal 0.679724 -0.353889 0.642447
    outer loop
      vertex 11.5044 -5.36457 25.7402
      vertex 10.216 -5.89822 26.8094
      vertex 10.993 -6.34683 25.7402
    endloop
  endfacet
  facet normal -0.00380813 -0.087188 0.996185
    outer loop
      vertex -0.0608263 -0.695254 31.9848
      vertex -0.182017 -2.08047 31.8631
      vertex 0 -2.08842 31.8631
    endloop
  endfacet
  facet normal -0.961498 0.21314 0.173475
    outer loop
      vertex -15.3226 4.10568 18.0884
      vertex -15.6221 2.7546 18.0884
      vertex -15.0885 4.04294 19.463
    endloop
  endfacet
  facet normal -0.382662 0.923888 0
    outer loop
      vertex -6.23657 14.7021 16
      vertex -5.46711 15.0208 16.6979
      vertex -5.46711 15.0208 16
    endloop
  endfacet
  facet normal -0.382713 0.923867 6.54077e-05
    outer loop
      vertex -5.46711 15.0208 16.6979
      vertex -6.23657 14.7021 16
      vertex -6.75546 14.4871 16.6979
    endloop
  endfacet
  facet normal -0.382788 0.923836 0
    outer loop
      vertex -6.75546 14.4871 16.6979
      vertex -6.23657 14.7021 16
      vertex -6.75546 14.4871 16
    endloop
  endfacet
  facet normal -0.412923 -0.0915433 0.906154
    outer loop
      vertex -5.9143 -1.58473 30.7821
      vertex -7.27574 -1.28291 30.1922
      vertex -7.13624 -1.91215 30.1922
    endloop
  endfacet
  facet normal 0.569028 -0.0749127 0.818899
    outer loop
      vertex 8.56408 -0.749259 29.4943
      vertex 8.46619 -1.49282 29.4943
      vertex 9.59221 -1.69136 28.6937
    endloop
  endfacet
  facet normal -0.368899 -0.338033 0.865822
    outer loop
      vertex -5.65952 -4.7489 30.1922
      vertex -6.07885 -6.07885 29.4943
      vertex -5.22409 -5.22409 30.1922
    endloop
  endfacet
  facet normal -0.51772 0.564998 0.642451
    outer loop
      vertex -7.5826 9.03659 26.8094
      vertex -8.97577 8.97577 25.7402
      vertex -8.34134 8.34134 26.8094
    endloop
  endfacet
  facet normal -0.793319 -0.608806 0
    outer loop
      vertex -12.245 -10.2748 16
      vertex -13.094 -9.16849 16.6979
      vertex -13.094 -9.16849 16
    endloop
  endfacet
  facet normal -0.793319 -0.608806 0
    outer loop
      vertex -13.094 -9.16849 16.6979
      vertex -12.245 -10.2748 16
      vertex -12.245 -10.2748 16.6979
    endloop
  endfacet
  facet normal -0.246163 0.59421 0.765714
    outer loop
      vertex -3.69705 10.1576 27.7964
      vertex -4.56827 9.79668 27.7964
      vertex -4.11638 8.8276 28.6937
    endloop
  endfacet
  facet normal 0.826144 0.260477 0.499637
    outer loop
      vertex 13.3363 4.85401 23.388
      vertex 12.6805 4.61531 24.5968
      vertex 13.7086 3.6732 23.388
    endloop
  endfacet
  facet normal -0.642576 -0.0280328 0.765709
    outer loop
      vertex -9.70312 -0.848912 28.6937
      vertex -10.8094 0 27.7964
      vertex -10.7683 -0.942104 27.7964
    endloop
  endfacet
  facet normal 0.692889 -0.634901 0.341767
    outer loop
      vertex 11.3237 -9.50173 22.1229
      vertex 10.4525 -10.4525 22.1229
      vertex 10.7901 -10.7901 20.8113
    endloop
  endfacet
  facet normal -0.530247 0.219639 0.8189
    outer loop
      vertex -8.8276 4.11638 28.6937
      vertex -9.15278 3.33134 28.6937
      vertex -8.07834 2.94028 29.4943
    endloop
  endfacet
  facet normal -0.972593 0.215599 0.087067
    outer loop
      vertex -15.4401 4.13716 16.6979
      vertex -15.6221 2.7546 18.0884
      vertex -15.3226 4.10568 18.0884
    endloop
  endfacet
  facet normal 0.0113908 0.0865245 0.996185
    outer loop
      vertex 0.182017 2.08047 31.8631
      vertex 0.12119 0.687307 31.9848
      vertex 0.36265 2.05669 31.8631
    endloop
  endfacet
  facet normal 0.790352 0.606429 0.0871016
    outer loop
      vertex 13.094 9.16849 16.6979
      vertex 12.1519 10.1966 18.0884
      vertex 12.9943 9.09871 18.0884
    endloop
  endfacet
  facet normal 0.781335 0.59951 0.173503
    outer loop
      vertex 12.1519 10.1966 18.0884
      vertex 11.9662 10.0408 19.463
      vertex 12.9943 9.09871 18.0884
    endloop
  endfacet
  facet normal 0.0802641 0.15418 0.984777
    outer loop
      vertex 1.73152 2.99907 31.6207
      vertex 0.882604 1.89275 31.8631
      vertex 1.04421 1.80862 31.8631
    endloop
  endfacet
  facet normal -0.864522 0.272577 0.422259
    outer loop
      vertex -13.3363 4.85401 23.388
      vertex -13.8906 5.05577 22.1229
      vertex -13.7086 3.6732 23.388
    endloop
  endfacet
  facet normal 0.921274 0.290488 0.258596
    outer loop
      vertex 14.6787 5.34261 19.463
      vertex 14.3392 5.21905 20.8113
      vertex 15.0885 4.04294 19.463
    endloop
  endfacet
  facet normal -0.953723 0.300685 0
    outer loop
      vertex -15.4401 4.13716 16
      vertex -15.0208 5.46711 16.6979
      vertex -15.0208 5.46711 16
    endloop
  endfacet
  facet normal -0.953723 0.300685 0
    outer loop
      vertex -15.0208 5.46711 16.6979
      vertex -15.4401 4.13716 16
      vertex -15.4401 4.13716 16.6979
    endloop
  endfacet
  facet normal -0.0334349 0.765599 0.642449
    outer loop
      vertex 0 11.7964 26.8094
      vertex -1.10632 12.6453 25.7402
      vertex -1.02813 11.7515 26.8094
    endloop
  endfacet
  facet normal 0.612392 0.668324 0.422277
    outer loop
      vertex 9.50173 11.3237 22.1229
      vertex 9.12255 10.8718 23.388
      vertex 10.4525 10.4525 22.1229
    endloop
  endfacet
  facet normal 0.706785 0.0308664 0.706754
    outer loop
      vertex 11.7515 1.02813 26.8094
      vertex 10.7683 0.942104 27.7964
      vertex 11.7964 0 26.8094
    endloop
  endfacet
  facet normal 0.675598 -0.73727 0
    outer loop
      vertex 10.2748 -12.245 16
      vertex 11.3029 -11.3029 16.6979
      vertex 10.2748 -12.245 16.6979
    endloop
  endfacet
  facet normal 0.675598 -0.73727 0
    outer loop
      vertex 11.3029 -11.3029 16.6979
      vertex 10.2748 -12.245 16
      vertex 11.3029 -11.3029 16
    endloop
  endfacet
  facet normal 0.712241 0.652591 0.258531
    outer loop
      vertex 11.0455 11.0455 19.463
      vertex 10.7901 10.7901 20.8113
      vertex 11.6894 9.8086 20.8113
    endloop
  endfacet
  facet normal -0.418566 0.804054 0.422256
    outer loop
      vertex -6.24717 13.3971 22.1229
      vertex -7.09609 12.2908 23.388
      vertex -5.99787 12.8625 23.388
    endloop
  endfacet
  facet normal -0.087188 0.00380813 0.996185
    outer loop
      vertex -2.08047 0.182017 31.8631
      vertex -2.08842 0 31.8631
      vertex -0.695254 0.0608263 31.9848
    endloop
  endfacet
  facet normal -0.637683 -0.0839616 0.76571
    outer loop
      vertex -9.70312 -0.848912 28.6937
      vertex -10.7683 -0.942104 27.7964
      vertex -10.6452 -1.87704 27.7964
    endloop
  endfacet
  facet normal -0.961498 -0.21314 0.173475
    outer loop
      vertex -15.0885 -4.04294 19.463
      vertex -15.6221 -2.7546 18.0884
      vertex -15.3226 -4.10568 18.0884
    endloop
  endfacet
  facet normal 0.712176 0.652633 0.258601
    outer loop
      vertex 11.9662 10.0408 19.463
      vertex 11.0455 11.0455 19.463
      vertex 11.6894 9.8086 20.8113
    endloop
  endfacet
  facet normal 0.399984 0.768359 0.499638
    outer loop
      vertex 5.99787 12.8625 23.388
      vertex 5.70292 12.23 24.5968
      vertex 7.09609 12.2908 23.388
    endloop
  endfacet
  facet normal 0.113063 -0.858821 0.499644
    outer loop
      vertex 2.34325 -13.2893 24.5968
      vertex 1.23693 -14.1382 23.388
      vertex 2.46444 -13.9766 23.388
    endloop
  endfacet
  facet normal 0.418566 -0.804054 0.422256
    outer loop
      vertex 7.09609 -12.2908 23.388
      vertex 5.99787 -12.8625 23.388
      vertex 6.24717 -13.3971 22.1229
    endloop
  endfacet
  facet normal 0.858809 -0.113022 0.499673
    outer loop
      vertex 13.4429 -1.1761 24.5968
      vertex 13.2893 -2.34325 24.5968
      vertex 14.1382 -1.23693 23.388
    endloop
  endfacet
  facet normal 0.430666 0.561253 0.706769
    outer loop
      vertex 6.76616 9.66308 26.8094
      vertex 6.20004 8.85458 27.7964
      vertex 6.94818 8.28051 27.7964
    endloop
  endfacet
  facet normal 0.29612 0.939265 0.173476
    outer loop
      vertex 4.10568 15.3226 18.0884
      vertex 4.04294 15.0885 19.463
      vertex 5.42551 14.9065 18.0884
    endloop
  endfacet
  facet normal 0.29612 -0.939265 0.173476
    outer loop
      vertex 5.42551 -14.9065 18.0884
      vertex 4.04294 -15.0885 19.463
      vertex 4.10568 -15.3226 18.0884
    endloop
  endfacet
  facet normal -0.679724 0.353889 0.642447
    outer loop
      vertex -10.993 6.34683 25.7402
      vertex -11.5044 5.36457 25.7402
      vertex -10.216 5.89822 26.8094
    endloop
  endfacet
  facet normal 0.260477 0.826144 0.499637
    outer loop
      vertex 4.85401 13.3363 23.388
      vertex 3.6732 13.7086 23.388
      vertex 4.61531 12.6805 24.5968
    endloop
  endfacet
  facet normal 0.650076 0.4988 0.573237
    outer loop
      vertex 11.0539 7.73999 24.5968
      vertex 9.7239 8.15932 25.7402
      vertex 10.398 7.28078 25.7402
    endloop
  endfacet
  facet normal -0.0436719 0.999046 0
    outer loop
      vertex 0 15.9848 16
      vertex -1.39316 15.9239 16.6979
      vertex 0 15.9848 16.6979
    endloop
  endfacet
  facet normal -0.0436719 0.999046 0
    outer loop
      vertex -1.39316 15.9239 16.6979
      vertex 0 15.9848 16
      vertex -1.39316 15.9239 16
    endloop
  endfacet
  facet normal 0.892469 0.369649 0.258572
    outer loop
      vertex 14.1572 6.60161 19.463
      vertex 13.8298 6.44893 20.8113
      vertex 14.3392 5.21905 20.8113
    endloop
  endfacet
  facet normal 0.627514 0.326664 0.706765
    outer loop
      vertex 10.216 5.89822 26.8094
      vertex 9.36125 5.40472 27.7964
      vertex 9.79668 4.56827 27.7964
    endloop
  endfacet
  facet normal 0.0410164 0.938894 0.341754
    outer loop
      vertex 1.32995 15.2014 20.8113
      vertex 0 15.2595 20.8113
      vertex 1.28834 14.7258 22.1229
    endloop
  endfacet
  facet normal -0.465457 -0.730551 0.499645
    outer loop
      vertex -6.74713 -11.6864 24.5968
      vertex -8.1403 -11.6255 23.388
      vertex -7.09609 -12.2908 23.388
    endloop
  endfacet
  facet normal -0.341983 -0.0149252 0.939587
    outer loop
      vertex -4.81129 0 31.2595
      vertex -6.12293 0 30.7821
      vertex -6.09964 -0.533648 30.7821
    endloop
  endfacet
  facet normal -0.995249 0.0435059 0.0871066
    outer loop
      vertex -15.9239 1.39316 16.6979
      vertex -15.9848 0 16.6979
      vertex -15.8631 0 18.0884
    endloop
  endfacet
  facet normal -0.957721 0.126106 0.258588
    outer loop
      vertex -15.3834 2.71251 19.463
      vertex -15.5613 1.36144 19.463
      vertex -15.2014 1.32995 20.8113
    endloop
  endfacet
  facet normal -0.858809 0.113022 0.499673
    outer loop
      vertex -13.2893 2.34325 24.5968
      vertex -14.1382 1.23693 23.388
      vertex -13.4429 1.1761 24.5968
    endloop
  endfacet
  facet normal -0.983895 -0.0429276 0.173518
    outer loop
      vertex -15.6207 0 19.463
      vertex -15.8028 -1.38256 18.0884
      vertex -15.5613 -1.36144 19.463
    endloop
  endfacet
  facet normal -0.840172 0.53528 0.0871032
    outer loop
      vertex -13.094 9.16849 16.6979
      vertex -13.7379 7.93156 18.0884
      vertex -12.9943 9.09871 18.0884
    endloop
  endfacet
  facet normal 0.403373 0.127182 0.906154
    outer loop
      vertex 6.94243 2.52684 30.1922
      vertex 5.9143 1.58473 30.7821
      vertex 7.13624 1.91215 30.1922
    endloop
  endfacet
  facet normal 0.271571 0.208384 0.939588
    outer loop
      vertex 4.69044 3.93575 30.7821
      vertex 3.68566 3.09264 31.2595
      vertex 3.94118 2.75964 31.2595
    endloop
  endfacet
  facet normal -0.256788 0.0338125 0.965876
    outer loop
      vertex -3.41042 0.601349 31.6207
      vertex -4.7382 0.835472 31.2595
      vertex -3.44986 0.301823 31.6207
    endloop
  endfacet
  facet normal -0.421993 -0.268839 0.865822
    outer loop
      vertex -6.05188 -4.23757 30.1922
      vertex -7.44504 -4.2984 29.4943
      vertex -7.04208 -4.93092 29.4943
    endloop
  endfacet
  facet normal -0.607963 -0.466517 0.642451
    outer loop
      vertex -9.66308 -6.76616 26.8094
      vertex -9.7239 -8.15932 25.7402
      vertex -9.03659 -7.5826 26.8094
    endloop
  endfacet
  facet normal 0.0421598 -0.965067 0.258589
    outer loop
      vertex 1.32995 -15.2014 20.8113
      vertex 0 -15.2595 20.8113
      vertex 1.36144 -15.5613 19.463
    endloop
  endfacet
  facet normal 0.793319 -0.608806 0
    outer loop
      vertex 12.245 -10.2748 16.6979
      vertex 13.094 -9.16849 16
      vertex 13.094 -9.16849 16.6979
    endloop
  endfacet
  facet normal 0.793319 -0.608806 0
    outer loop
      vertex 13.094 -9.16849 16
      vertex 12.245 -10.2748 16.6979
      vertex 12.245 -10.2748 16
    endloop
  endfacet
  facet normal -0.130017 -0.987681 0.0870705
    outer loop
      vertex -2.7546 -15.6221 18.0884
      vertex -2.77573 -15.7419 16.6979
      vertex -1.39316 -15.9239 16.6979
    endloop
  endfacet
  facet normal 0.730861 0.230442 0.642447
    outer loop
      vertex 11.9281 4.34149 25.7402
      vertex 11.085 4.03462 26.8094
      vertex 12.2611 3.28536 25.7402
    endloop
  endfacet
  facet normal 0.995249 0.0435059 0.0871066
    outer loop
      vertex 15.9239 1.39316 16.6979
      vertex 15.8631 0 18.0884
      vertex 15.9848 0 16.6979
    endloop
  endfacet
  facet normal 0.730551 -0.465457 0.499645
    outer loop
      vertex 11.6864 -6.74713 24.5968
      vertex 11.6255 -8.1403 23.388
      vertex 12.2908 -7.09609 23.388
    endloop
  endfacet
  facet normal 0.290472 -0.921275 0.25861
    outer loop
      vertex 5.21905 -14.3392 20.8113
      vertex 3.94944 -14.7395 20.8113
      vertex 4.04294 -15.0885 19.463
    endloop
  endfacet
  facet normal 0.800297 -0.331492 0.499637
    outer loop
      vertex 13.3363 -4.85401 23.388
      vertex 12.23 -5.70292 24.5968
      vertex 12.8625 -5.99787 23.388
    endloop
  endfacet
  facet normal 0.356707 -0.227255 0.906154
    outer loop
      vertex 5.30262 -3.06147 30.7821
      vertex 5.01561 -3.51197 30.7821
      vertex 6.05188 -4.23757 30.1922
    endloop
  endfacet
  facet normal 0.49885 -0.650065 0.573205
    outer loop
      vertex 8.15932 -9.7239 25.7402
      vertex 7.73999 -11.0539 24.5968
      vertex 8.67394 -10.3372 24.5968
    endloop
  endfacet
  facet normal -0.976299 -0.216425 0
    outer loop
      vertex -15.4401 -4.13716 16
      vertex -15.7419 -2.77573 16.6979
      vertex -15.7419 -2.77573 16
    endloop
  endfacet
  facet normal -0.976299 -0.216425 0
    outer loop
      vertex -15.7419 -2.77573 16.6979
      vertex -15.4401 -4.13716 16
      vertex -15.4401 -4.13716 16.6979
    endloop
  endfacet
  facet normal -0.892469 -0.369649 0.258572
    outer loop
      vertex -13.8298 -6.44893 20.8113
      vertex -14.3392 -5.21905 20.8113
      vertex -14.1572 -6.60161 19.463
    endloop
  endfacet
  facet normal 0.118316 0.898724 0.422251
    outer loop
      vertex 2.56688 14.5575 22.1229
      vertex 1.23693 14.1382 23.388
      vertex 2.46444 13.9766 23.388
    endloop
  endfacet
  facet normal -0.44605 0.856833 0.258605
    outer loop
      vertex -6.44893 13.8298 20.8113
      vertex -7.81037 13.528 19.463
      vertex -7.62973 13.2151 20.8113
    endloop
  endfacet
  facet normal 0.51772 0.564998 0.642451
    outer loop
      vertex 8.97577 8.97577 25.7402
      vertex 7.5826 9.03659 26.8094
      vertex 8.34134 8.34134 26.8094
    endloop
  endfacet
  facet normal 0.858809 0.113022 0.499673
    outer loop
      vertex 14.1382 1.23693 23.388
      vertex 13.2893 2.34325 24.5968
      vertex 13.4429 1.1761 24.5968
    endloop
  endfacet
  facet normal 0.957721 0.126106 0.258588
    outer loop
      vertex 15.3834 2.71251 19.463
      vertex 15.2014 1.32995 20.8113
      vertex 15.5613 1.36144 19.463
    endloop
  endfacet
  facet normal 0.551819 0.719151 0.422277
    outer loop
      vertex 9.50173 11.3237 22.1229
      vertex 8.1403 11.6255 23.388
      vertex 9.12255 10.8718 23.388
    endloop
  endfacet
  facet normal 0.338034 0.368896 0.865822
    outer loop
      vertex 5.52591 6.58553 29.4943
      vertex 4.7489 5.65952 30.1922
      vertex 6.07885 6.07885 29.4943
    endloop
  endfacet
  facet normal 0.477944 0.521583 0.706768
    outer loop
      vertex 8.34134 8.34134 26.8094
      vertex 6.94818 8.28051 27.7964
      vertex 7.64343 7.64343 27.7964
    endloop
  endfacet
  facet normal 0.950104 0.299537 0.087067
    outer loop
      vertex 15.4401 4.13716 16.6979
      vertex 14.9065 5.42551 18.0884
      vertex 15.3226 4.10568 18.0884
    endloop
  endfacet
  facet normal 0.673053 0.734456 0.0870267
    outer loop
      vertex 10.2748 12.245 16.6979
      vertex 10.1966 12.1519 18.0884
      vertex 11.2169 11.2169 18.0884
    endloop
  endfacet
  facet normal 0.726073 0.665368 0.1735
    outer loop
      vertex 11.2169 11.2169 18.0884
      vertex 11.0455 11.0455 19.463
      vertex 11.9662 10.0408 19.463
    endloop
  endfacet
  facet normal -0.215599 0.972593 0.087067
    outer loop
      vertex -2.7546 15.6221 18.0884
      vertex -4.13716 15.4401 16.6979
      vertex -4.10568 15.3226 18.0884
    endloop
  endfacet
  facet normal -0.0749136 -0.569028 0.818899
    outer loop
      vertex -0.749259 -8.56408 29.4943
      vertex -1.69136 -9.59221 28.6937
      vertex -0.848912 -9.70312 28.6937
    endloop
  endfacet
  facet normal -0.719151 -0.551819 0.422277
    outer loop
      vertex -10.8718 -9.12255 23.388
      vertex -11.6255 -8.1403 23.388
      vertex -11.3237 -9.50173 22.1229
    endloop
  endfacet
  facet normal -0.999046 -0.0436719 0
    outer loop
      vertex -15.9239 -1.39316 16
      vertex -15.9848 0 16.6979
      vertex -15.9848 0 16
    endloop
  endfacet
  facet normal -0.999046 -0.0436719 0
    outer loop
      vertex -15.9848 0 16.6979
      vertex -15.9239 -1.39316 16
      vertex -15.9239 -1.39316 16.6979
    endloop
  endfacet
  facet normal 0.308377 -0.484054 0.818899
    outer loop
      vertex 4.93092 -7.04208 29.4943
      vertex 4.2984 -7.44504 29.4943
      vertex 4.87009 -8.43525 28.6937
    endloop
  endfacet
  facet normal -0.547375 0.172581 0.8189
    outer loop
      vertex -9.15278 3.33134 28.6937
      vertex -9.40829 2.52094 28.6937
      vertex -8.07834 2.94028 29.4943
    endloop
  endfacet
  facet normal -0.759771 -0.0999963 0.642455
    outer loop
      vertex -11.6172 -2.04843 26.8094
      vertex -12.6453 -1.10632 25.7402
      vertex -12.5008 -2.20423 25.7402
    endloop
  endfacet
  facet normal -0.987678 -0.130079 0.0870095
    outer loop
      vertex -15.8028 -1.38256 18.0884
      vertex -15.9239 -1.39316 16.6979
      vertex -15.6221 -2.7546 18.0884
    endloop
  endfacet
  facet normal -0.588055 0.766365 0.258604
    outer loop
      vertex -8.75247 12.4998 20.8113
      vertex -10.0408 11.9662 19.463
      vertex -9.8086 11.6894 20.8113
    endloop
  endfacet
  facet normal -0.931766 -0.122653 0.341713
    outer loop
      vertex -14.7258 -1.28834 22.1229
      vertex -15.0276 -2.64978 20.8113
      vertex -14.5575 -2.56688 22.1229
    endloop
  endfacet
  facet normal -0.892453 0.36967 0.258595
    outer loop
      vertex -14.1572 6.60161 19.463
      vertex -14.6787 5.34261 19.463
      vertex -14.3392 5.21905 20.8113
    endloop
  endfacet
  facet normal -0.652591 0.712241 0.258531
    outer loop
      vertex -9.8086 11.6894 20.8113
      vertex -11.0455 11.0455 19.463
      vertex -10.7901 10.7901 20.8113
    endloop
  endfacet
  facet normal -0.921274 0.290488 0.258596
    outer loop
      vertex -14.6787 5.34261 19.463
      vertex -15.0885 4.04294 19.463
      vertex -14.3392 5.21905 20.8113
    endloop
  endfacet
  facet normal -0.965067 0.0421598 0.258589
    outer loop
      vertex -15.2014 1.32995 20.8113
      vertex -15.5613 1.36144 19.463
      vertex -15.2595 0 20.8113
    endloop
  endfacet
  facet normal -0.995249 -0.0435059 0.0871066
    outer loop
      vertex -15.8631 0 18.0884
      vertex -15.9848 0 16.6979
      vertex -15.9239 -1.39316 16.6979
    endloop
  endfacet
  facet normal -0.173656 -0.00757743 0.984777
    outer loop
      vertex -2.08047 -0.182017 31.8631
      vertex -3.46303 0 31.6207
      vertex -3.44986 -0.301823 31.6207
    endloop
  endfacet
  facet normal -0.173656 0.00757743 0.984777
    outer loop
      vertex -3.44986 0.301823 31.6207
      vertex -3.46303 0 31.6207
      vertex -2.08047 0.182017 31.8631
    endloop
  endfacet
  facet normal 0.270768 0.653604 0.706743
    outer loop
      vertex 4.03462 11.085 26.8094
      vertex 3.69705 10.1576 27.7964
      vertex 4.56827 9.79668 27.7964
    endloop
  endfacet
  facet normal -0.650065 0.49885 0.573205
    outer loop
      vertex -10.3372 8.67394 24.5968
      vertex -11.0539 7.73999 24.5968
      vertex -9.7239 8.15932 25.7402
    endloop
  endfacet
  facet normal -0.087188 -0.00380813 0.996185
    outer loop
      vertex -0.695254 -0.0608263 31.9848
      vertex -2.08842 0 31.8631
      vertex -2.08047 -0.182017 31.8631
    endloop
  endfacet
  facet normal -0.0280328 0.642576 0.765709
    outer loop
      vertex 0 10.8094 27.7964
      vertex -0.942104 10.7683 27.7964
      vertex -0.848912 9.70312 28.6937
    endloop
  endfacet
  facet normal -0.991447 0.130513 0
    outer loop
      vertex -15.9239 1.39316 16
      vertex -15.7419 2.77573 16.6979
      vertex -15.7419 2.77573 16
    endloop
  endfacet
  facet normal -0.991447 0.130513 0
    outer loop
      vertex -15.7419 2.77573 16.6979
      vertex -15.9239 1.39316 16
      vertex -15.9239 1.39316 16.6979
    endloop
  endfacet
  facet normal -0.53025 -0.219637 0.818898
    outer loop
      vertex -8.07834 -2.94028 29.4943
      vertex -8.8276 -4.11638 28.6937
      vertex -7.79134 -3.63316 29.4943
    endloop
  endfacet
  facet normal -0.652633 -0.712176 0.258601
    outer loop
      vertex -9.8086 -11.6894 20.8113
      vertex -11.0455 -11.0455 19.463
      vertex -10.0408 -11.9662 19.463
    endloop
  endfacet
  facet normal 0.375163 -0.195292 0.906153
    outer loop
      vertex 6.69578 -3.12229 30.1922
      vertex 5.30262 -3.06147 30.7821
      vertex 6.39818 -3.69399 30.1922
    endloop
  endfacet
  facet normal 0.547375 -0.172581 0.8189
    outer loop
      vertex 9.40829 -2.52094 28.6937
      vertex 8.07834 -2.94028 29.4943
      vertex 9.15278 -3.33134 28.6937
    endloop
  endfacet
  facet normal -0.375163 -0.19529 0.906154
    outer loop
      vertex -5.54926 -2.58766 30.7821
      vertex -6.69578 -3.12229 30.1922
      vertex -5.30262 -3.06147 30.7821
    endloop
  endfacet
  facet normal 0.553583 -0.604137 0.573205
    outer loop
      vertex 8.97577 -8.97577 25.7402
      vertex 8.15932 -9.7239 25.7402
      vertex 8.67394 -10.3372 24.5968
    endloop
  endfacet
  facet normal -0.411739 -0.646323 0.642446
    outer loop
      vertex -5.89822 -10.216 26.8094
      vertex -6.76616 -9.66308 26.8094
      vertex -6.34683 -10.993 25.7402
    endloop
  endfacet
  facet normal 0.931746 -0.122696 0.341753
    outer loop
      vertex 15.2014 -1.32995 20.8113
      vertex 14.7258 -1.28834 22.1229
      vertex 15.0276 -2.64978 20.8113
    endloop
  endfacet
  facet normal 0.837476 0.346892 0.422255
    outer loop
      vertex 13.3971 6.24717 22.1229
      vertex 12.8625 5.99787 23.388
      vertex 13.3363 4.85401 23.388
    endloop
  endfacet
  facet normal 0.864511 -0.272591 0.422273
    outer loop
      vertex 14.2784 -3.82588 22.1229
      vertex 13.7086 -3.6732 23.388
      vertex 13.8906 -5.05577 22.1229
    endloop
  endfacet
  facet normal 0.687245 -0.527337 0.499609
    outer loop
      vertex 11.0539 -7.73999 24.5968
      vertex 10.8718 -9.12255 23.388
      vertex 11.6255 -8.1403 23.388
    endloop
  endfacet
  facet normal 0.411739 -0.646323 0.642446
    outer loop
      vertex 6.76616 -9.66308 26.8094
      vertex 5.89822 -10.216 26.8094
      vertex 6.34683 -10.993 25.7402
    endloop
  endfacet
  facet normal 0.44605 -0.856833 0.258605
    outer loop
      vertex 7.62973 -13.2151 20.8113
      vertex 6.44893 -13.8298 20.8113
      vertex 7.81037 -13.528 19.463
    endloop
  endfacet
  facet normal 0.840212 -0.535228 0.0870384
    outer loop
      vertex 13.7379 -7.93156 18.0884
      vertex 13.094 -9.16849 16.6979
      vertex 13.8432 -7.99238 16.6979
    endloop
  endfacet
  facet normal -0.418566 -0.804054 0.422256
    outer loop
      vertex -5.99787 -12.8625 23.388
      vertex -7.09609 -12.2908 23.388
      vertex -6.24717 -13.3971 22.1229
    endloop
  endfacet
  facet normal 0.391545 -0.51027 0.765714
    outer loop
      vertex 6.26087 -7.46141 28.6937
      vertex 6.20004 -8.85458 27.7964
      vertex 6.94818 -8.28051 27.7964
    endloop
  endfacet
  facet normal -0.106922 -0.812392 0.573225
    outer loop
      vertex -1.10632 -12.6453 25.7402
      vertex -2.20423 -12.5008 25.7402
      vertex -1.1761 -13.4429 24.5968
    endloop
  endfacet
  facet normal 0.434526 -0.474204 0.765714
    outer loop
      vertex 6.88735 -6.88735 28.6937
      vertex 6.26087 -7.46141 28.6937
      vertex 6.94818 -8.28051 27.7964
    endloop
  endfacet
  facet normal 0.61342 -0.193404 0.765709
    outer loop
      vertex 9.40829 -2.52094 28.6937
      vertex 9.15278 -3.33134 28.6937
      vertex 10.4411 -2.79769 27.7964
    endloop
  endfacet
  facet normal 0.781464 -0.246397 0.573238
    outer loop
      vertex 12.2611 -3.28536 25.7402
      vertex 11.9281 -4.34149 25.7402
      vertex 13.0345 -3.49257 24.5968
    endloop
  endfacet
  facet normal 0.800297 -0.331492 0.499638
    outer loop
      vertex 12.6805 -4.61531 24.5968
      vertex 12.23 -5.70292 24.5968
      vertex 13.3363 -4.85401 23.388
    endloop
  endfacet
  facet normal 0.484054 -0.308377 0.818899
    outer loop
      vertex 7.44504 -4.2984 29.4943
      vertex 7.04208 -4.93092 29.4943
      vertex 8.43525 -4.87009 28.6937
    endloop
  endfacet
  facet normal 0.0402985 0.0774098 0.996185
    outer loop
      vertex 0.882604 1.89275 31.8631
      vertex 0.29495 0.632521 31.9848
      vertex 1.04421 1.80862 31.8631
    endloop
  endfacet
  facet normal 0.0112987 0.258761 0.965875
    outer loop
      vertex 0.419332 4.79298 31.2595
      vertex 0 4.81129 31.2595
      vertex 0.301823 3.44986 31.6207
    endloop
  endfacet
  facet normal 0.613414 0.193363 0.765725
    outer loop
      vertex 10.1576 3.69705 27.7964
      vertex 9.15278 3.33134 28.6937
      vertex 10.4411 2.79769 27.7964
    endloop
  endfacet
  facet normal 0.551841 0.719115 0.422309
    outer loop
      vertex 8.47865 12.1088 22.1229
      vertex 8.1403 11.6255 23.388
      vertex 9.50173 11.3237 22.1229
    endloop
  endfacet
  facet normal -0.504966 -0.792619 0.341708
    outer loop
      vertex -8.47865 -12.1088 22.1229
      vertex -8.75247 -12.4998 20.8113
      vertex -7.39104 -12.8017 22.1229
    endloop
  endfacet
  facet normal 0.212755 0.674684 0.70678
    outer loop
      vertex 3.05314 11.3945 26.8094
      vertex 2.79769 10.4411 27.7964
      vertex 4.03462 11.085 26.8094
    endloop
  endfacet
  facet normal 0.588055 0.766365 0.258604
    outer loop
      vertex 10.0408 11.9662 19.463
      vertex 8.75247 12.4998 20.8113
      vertex 9.8086 11.6894 20.8113
    endloop
  endfacet
  facet normal 0.0429125 0.983898 0.173503
    outer loop
      vertex 0 15.8631 18.0884
      vertex 0 15.6207 19.463
      vertex 1.38256 15.8028 18.0884
    endloop
  endfacet
  facet normal 0.765599 -0.0334349 0.642449
    outer loop
      vertex 11.7964 0 26.8094
      vertex 11.7515 -1.02813 26.8094
      vertex 12.6453 -1.10632 25.7402
    endloop
  endfacet
  facet normal 0.864522 0.272577 0.422259
    outer loop
      vertex 13.8906 5.05577 22.1229
      vertex 13.3363 4.85401 23.388
      vertex 13.7086 3.6732 23.388
    endloop
  endfacet
  facet normal 0.627509 0.326668 0.706767
    outer loop
      vertex 10.216 5.89822 26.8094
      vertex 9.79668 4.56827 27.7964
      vertex 10.6912 4.98539 26.8094
    endloop
  endfacet
  facet normal 0.730597 0.465426 0.499606
    outer loop
      vertex 11.6255 8.1403 23.388
      vertex 11.0539 7.73999 24.5968
      vertex 11.6864 6.74713 24.5968
    endloop
  endfacet
  facet normal 0.570511 0.29699 0.765712
    outer loop
      vertex 9.36125 5.40472 27.7964
      vertex 8.43525 4.87009 28.6937
      vertex 9.79668 4.56827 27.7964
    endloop
  endfacet
  facet normal 0.766365 0.588055 0.258604
    outer loop
      vertex 11.9662 10.0408 19.463
      vertex 11.6894 9.8086 20.8113
      vertex 12.4998 8.75247 20.8113
    endloop
  endfacet
  facet normal 0.745597 0.572119 0.341709
    outer loop
      vertex 12.4998 8.75247 20.8113
      vertex 11.6894 9.8086 20.8113
      vertex 12.1088 8.47865 22.1229
    endloop
  endfacet
  facet normal 0.792619 0.504966 0.341708
    outer loop
      vertex 12.4998 8.75247 20.8113
      vertex 12.1088 8.47865 22.1229
      vertex 12.8017 7.39104 22.1229
    endloop
  endfacet
  facet normal 0.553588 0.604136 0.573202
    outer loop
      vertex 9.54188 9.54188 24.5968
      vertex 8.67394 10.3372 24.5968
      vertex 8.97577 8.97577 25.7402
    endloop
  endfacet
  facet normal 0.665368 0.726073 0.1735
    outer loop
      vertex 11.2169 11.2169 18.0884
      vertex 10.0408 11.9662 19.463
      vertex 11.0455 11.0455 19.463
    endloop
  endfacet
  facet normal 0.572119 0.745597 0.341709
    outer loop
      vertex 8.75247 12.4998 20.8113
      vertex 8.47865 12.1088 22.1229
      vertex 9.8086 11.6894 20.8113
    endloop
  endfacet
  facet normal 0.122696 0.931746 0.341753
    outer loop
      vertex 1.32995 15.2014 20.8113
      vertex 1.28834 14.7258 22.1229
      vertex 2.64978 15.0276 20.8113
    endloop
  endfacet
  facet normal 0.265014 0.50909 0.818898
    outer loop
      vertex 4.11638 8.8276 28.6937
      vertex 3.63316 7.79134 29.4943
      vertex 4.2984 7.44504 29.4943
    endloop
  endfacet
  facet normal 0.0184532 0.422549 0.906152
    outer loop
      vertex 0.643905 7.35986 30.1922
      vertex 0 7.38798 30.1922
      vertex 0.533648 6.09964 30.7821
    endloop
  endfacet
  facet normal 0.477942 0.521588 0.706766
    outer loop
      vertex 7.5826 9.03659 26.8094
      vertex 6.94818 8.28051 27.7964
      vertex 8.34134 8.34134 26.8094
    endloop
  endfacet
  facet normal 0.399991 0.76835 0.499646
    outer loop
      vertex 7.09609 12.2908 23.388
      vertex 5.70292 12.23 24.5968
      vertex 6.74713 11.6864 24.5968
    endloop
  endfacet
  facet normal 0.814697 0.519021 0.258623
    outer loop
      vertex 12.7958 8.95969 19.463
      vertex 12.4998 8.75247 20.8113
      vertex 13.528 7.81037 19.463
    endloop
  endfacet
  facet normal 0.843412 0.537267 0
    outer loop
      vertex 13.8432 7.99238 16.6979
      vertex 13.094 9.16849 16
      vertex 13.094 9.16849 16.6979
    endloop
  endfacet
  facet normal 0.843412 0.537267 0
    outer loop
      vertex 13.094 9.16849 16
      vertex 13.8432 7.99238 16.6979
      vertex 13.8432 7.99238 16
    endloop
  endfacet
  facet normal 0.931766 0.122653 0.341713
    outer loop
      vertex 15.0276 2.64978 20.8113
      vertex 14.5575 2.56688 22.1229
      vertex 14.7258 1.28834 22.1229
    endloop
  endfacet
  facet normal 0.943091 0.209043 0.25861
    outer loop
      vertex 15.0885 4.04294 19.463
      vertex 14.7395 3.94944 20.8113
      vertex 15.3834 2.71251 19.463
    endloop
  endfacet
  facet normal 0.923867 0.382713 0
    outer loop
      vertex 15.0208 5.46711 16.6979
      vertex 14.4871 6.75546 16
      vertex 14.4871 6.75546 16.6979
    endloop
  endfacet
  facet normal 0.923867 0.382713 0
    outer loop
      vertex 14.4871 6.75546 16
      vertex 15.0208 5.46711 16.6979
      vertex 15.0208 5.46711 16
    endloop
  endfacet
  facet normal 0.203401 0.917529 0.341714
    outer loop
      vertex 2.64978 15.0276 20.8113
      vertex 2.56688 14.5575 22.1229
      vertex 3.82588 14.2784 22.1229
    endloop
  endfacet
  facet normal 0.216425 0.976299 -0
    outer loop
      vertex 4.13716 15.4401 16
      vertex 2.77573 15.7419 16.6979
      vertex 4.13716 15.4401 16.6979
    endloop
  endfacet
  facet normal 0.216425 0.976299 0
    outer loop
      vertex 2.77573 15.7419 16.6979
      vertex 4.13716 15.4401 16
      vertex 2.77573 15.7419 16
    endloop
  endfacet
  facet normal -0.957717 -0.126116 0.258597
    outer loop
      vertex -15.2014 -1.32995 20.8113
      vertex -15.3834 -2.71251 19.463
      vertex -15.0276 -2.64978 20.8113
    endloop
  endfacet
  facet normal -0.840172 -0.53528 0.0871032
    outer loop
      vertex -12.9943 -9.09871 18.0884
      vertex -13.7379 -7.93156 18.0884
      vertex -13.094 -9.16849 16.6979
    endloop
  endfacet
  facet normal -0.923867 -0.382713 0
    outer loop
      vertex -14.4871 -6.75546 16
      vertex -15.0208 -5.46711 16.6979
      vertex -15.0208 -5.46711 16
    endloop
  endfacet
  facet normal -0.923867 -0.382713 0
    outer loop
      vertex -15.0208 -5.46711 16.6979
      vertex -14.4871 -6.75546 16
      vertex -14.4871 -6.75546 16.6979
    endloop
  endfacet
  facet normal -0.873559 -0.454742 0.173505
    outer loop
      vertex -14.1572 -6.60161 19.463
      vertex -14.3769 -6.70404 18.0884
      vertex -13.7379 -7.93156 18.0884
    endloop
  endfacet
  facet normal -0.920359 -0.38126 0.0870604
    outer loop
      vertex -14.9065 -5.42551 18.0884
      vertex -15.0208 -5.46711 16.6979
      vertex -14.4871 -6.75546 16.6979
    endloop
  endfacet
  facet normal -0.800297 0.331492 0.499637
    outer loop
      vertex -12.8625 5.99787 23.388
      vertex -13.3363 4.85401 23.388
      vertex -12.23 5.70292 24.5968
    endloop
  endfacet
  facet normal -0.826144 -0.260477 0.499637
    outer loop
      vertex -12.6805 -4.61531 24.5968
      vertex -13.7086 -3.6732 23.388
      vertex -13.3363 -4.85401 23.388
    endloop
  endfacet
  facet normal -0.637688 -0.083953 0.765706
    outer loop
      vertex -9.70312 -0.848912 28.6937
      vertex -10.6452 -1.87704 27.7964
      vertex -9.59221 -1.69136 28.6937
    endloop
  endfacet
  facet normal -0.462264 -0.191481 0.865821
    outer loop
      vertex -6.94243 -2.52684 30.1922
      vertex -8.07834 -2.94028 29.4943
      vertex -6.69578 -3.12229 30.1922
    endloop
  endfacet
  facet normal -0.987681 -0.130017 0.0870705
    outer loop
      vertex -15.6221 -2.7546 18.0884
      vertex -15.9239 -1.39316 16.6979
      vertex -15.7419 -2.77573 16.6979
    endloop
  endfacet
  facet normal -0.950102 -0.299543 0.0870605
    outer loop
      vertex -14.9065 -5.42551 18.0884
      vertex -15.4401 -4.13716 16.6979
      vertex -15.0208 -5.46711 16.6979
    endloop
  endfacet
  facet normal -0.712241 -0.652591 0.258531
    outer loop
      vertex -10.7901 -10.7901 20.8113
      vertex -11.6894 -9.8086 20.8113
      vertex -11.0455 -11.0455 19.463
    endloop
  endfacet
  facet normal -0.865406 0.0378215 0.499642
    outer loop
      vertex -13.4429 1.1761 24.5968
      vertex -14.1922 0 23.388
      vertex -13.4943 0 24.5968
    endloop
  endfacet
  facet normal -0.938898 -0.0410295 0.341743
    outer loop
      vertex -14.7821 0 22.1229
      vertex -15.2595 0 20.8113
      vertex -14.7258 -1.28834 22.1229
    endloop
  endfacet
  facet normal -0.965067 -0.0421598 0.258589
    outer loop
      vertex -15.2595 0 20.8113
      vertex -15.5613 -1.36144 19.463
      vertex -15.2014 -1.32995 20.8113
    endloop
  endfacet
  facet normal -0.488491 0.108301 0.865822
    outer loop
      vertex -8.30386 2.22501 29.4943
      vertex -8.46619 1.49282 29.4943
      vertex -7.27574 1.28291 30.1922
    endloop
  endfacet
  facet normal -0.799971 0.177351 0.573231
    outer loop
      vertex -13.0345 3.49257 24.5968
      vertex -13.2893 2.34325 24.5968
      vertex -12.5008 2.20423 25.7402
    endloop
  endfacet
  facet normal -0.403376 0.127179 0.906153
    outer loop
      vertex -5.75368 2.09417 30.7821
      vertex -6.94243 2.52684 30.1922
      vertex -5.9143 1.58473 30.7821
    endloop
  endfacet
  facet normal -0.172335 0.0226875 0.984777
    outer loop
      vertex -2.05669 0.36265 31.8631
      vertex -3.41042 0.601349 31.6207
      vertex -2.08047 0.182017 31.8631
    endloop
  endfacet
  facet normal -0.231256 0.252379 0.939588
    outer loop
      vertex -3.09264 3.68566 31.2595
      vertex -3.93575 4.69044 30.7821
      vertex -3.4021 3.4021 31.2595
    endloop
  endfacet
  facet normal -0.588066 0.766351 0.258621
    outer loop
      vertex -8.95969 12.7958 19.463
      vertex -10.0408 11.9662 19.463
      vertex -8.75247 12.4998 20.8113
    endloop
  endfacet
  facet normal -0.504974 0.79261 0.341718
    outer loop
      vertex -7.62973 13.2151 20.8113
      vertex -8.75247 12.4998 20.8113
      vertex -7.39104 12.8017 22.1229
    endloop
  endfacet
  facet normal -0.856857 0.446023 0.258573
    outer loop
      vertex -13.528 7.81037 19.463
      vertex -14.1572 6.60161 19.463
      vertex -13.8298 6.44893 20.8113
    endloop
  endfacet
  facet normal -0.596659 0.3801 0.706769
    outer loop
      vertex -9.66308 6.76616 26.8094
      vertex -10.216 5.89822 26.8094
      vertex -8.85458 6.20004 27.7964
    endloop
  endfacet
  facet normal -0.812389 0.106913 0.573231
    outer loop
      vertex -13.2893 2.34325 24.5968
      vertex -13.4429 1.1761 24.5968
      vertex -12.5008 2.20423 25.7402
    endloop
  endfacet
  facet normal -0.938894 0.0410164 0.341754
    outer loop
      vertex -15.2014 1.32995 20.8113
      vertex -15.2595 0 20.8113
      vertex -14.7258 1.28834 22.1229
    endloop
  endfacet
  facet normal -0.995261 0.0434081 0.0870092
    outer loop
      vertex -15.8028 1.38256 18.0884
      vertex -15.9239 1.39316 16.6979
      vertex -15.8631 0 18.0884
    endloop
  endfacet
  facet normal -0.923867 0.382713 0
    outer loop
      vertex -15.0208 5.46711 16
      vertex -14.4871 6.75546 16.6979
      vertex -14.4871 6.75546 16
    endloop
  endfacet
  facet normal -0.923867 0.382713 0
    outer loop
      vertex -14.4871 6.75546 16.6979
      vertex -15.0208 5.46711 16
      vertex -15.0208 5.46711 16.6979
    endloop
  endfacet
  facet normal -0.288698 0.183927 0.939587
    outer loop
      vertex -5.01561 3.51197 30.7821
      vertex -5.30262 3.06147 30.7821
      vertex -3.94118 2.75964 31.2595
    endloop
  endfacet
  facet normal 0.146599 -0.0933946 0.984777
    outer loop
      vertex 2.99907 -1.73152 31.6207
      vertex 1.71073 -1.19787 31.8631
      vertex 2.83675 -1.98631 31.6207
    endloop
  endfacet
  facet normal 0.0262423 0.0832319 0.996185
    outer loop
      vertex 0.540523 2.01726 31.8631
      vertex 0.180632 0.674129 31.9848
      vertex 0.238699 0.655821 31.9848
    endloop
  endfacet
  facet normal -0.252379 0.231256 0.939588
    outer loop
      vertex -3.4021 3.4021 31.2595
      vertex -4.69044 3.93575 30.7821
      vertex -3.68566 3.09264 31.2595
    endloop
  endfacet
  facet normal -0.215603 -0.972591 0.0870709
    outer loop
      vertex -2.7546 -15.6221 18.0884
      vertex -4.13716 -15.4401 16.6979
      vertex -2.77573 -15.7419 16.6979
    endloop
  endfacet
  facet normal -0.726821 -0.378372 0.573206
    outer loop
      vertex -11.5044 -5.36457 25.7402
      vertex -12.23 -5.70292 24.5968
      vertex -11.6864 -6.74713 24.5968
    endloop
  endfacet
  facet normal -0.0434081 -0.995261 0.0870092
    outer loop
      vertex -1.38256 -15.8028 18.0884
      vertex -1.39316 -15.9239 16.6979
      vertex 0 -15.8631 18.0884
    endloop
  endfacet
  facet normal -0.130079 -0.987678 0.0870095
    outer loop
      vertex -1.38256 -15.8028 18.0884
      vertex -2.7546 -15.6221 18.0884
      vertex -1.39316 -15.9239 16.6979
    endloop
  endfacet
  facet normal -0.331492 -0.800297 0.499637
    outer loop
      vertex -5.70292 -12.23 24.5968
      vertex -5.99787 -12.8625 23.388
      vertex -4.85401 -13.3363 23.388
    endloop
  endfacet
  facet normal -0.604137 -0.553583 0.573205
    outer loop
      vertex -9.7239 -8.15932 25.7402
      vertex -10.3372 -8.67394 24.5968
      vertex -8.97577 -8.97577 25.7402
    endloop
  endfacet
  facet normal -0.748155 -0.165875 0.642455
    outer loop
      vertex -11.6172 -2.04843 26.8094
      vertex -12.5008 -2.20423 25.7402
      vertex -12.2611 -3.28536 25.7402
    endloop
  endfacet
  facet normal -0.864522 -0.272577 0.422259
    outer loop
      vertex -13.7086 -3.6732 23.388
      vertex -13.8906 -5.05577 22.1229
      vertex -13.3363 -4.85401 23.388
    endloop
  endfacet
  facet normal 0.0446752 -0.339379 0.939588
    outer loop
      vertex 0.835472 -4.7382 31.2595
      vertex 0.419332 -4.79298 31.2595
      vertex 0.533648 -6.09964 30.7821
    endloop
  endfacet
  facet normal -0.055202 -0.419334 0.906152
    outer loop
      vertex -0.533648 -6.09964 30.7821
      vertex -1.28291 -7.27574 30.1922
      vertex -0.643905 -7.35986 30.1922
    endloop
  endfacet
  facet normal -0.338384 -0.369281 0.865522
    outer loop
      vertex -5.22409 -5.22409 30.1922
      vertex -4.84862 -5.69096 30.1398
      vertex -4.81175 -5.60193 30.1922
    endloop
  endfacet
  facet normal -0.337958 -0.368972 0.86582
    outer loop
      vertex -4.84862 -5.69096 30.1398
      vertex -5.22409 -5.22409 30.1922
      vertex -6.07885 -6.07885 29.4943
    endloop
  endfacet
  facet normal -0.256788 -0.0338125 0.965876
    outer loop
      vertex -3.44986 -0.301823 31.6207
      vertex -4.7382 -0.835472 31.2595
      vertex -3.41042 -0.601349 31.6207
    endloop
  endfacet
  facet normal 0.353889 -0.679724 0.642447
    outer loop
      vertex 5.89822 -10.216 26.8094
      vertex 5.36457 -11.5044 25.7402
      vertex 6.34683 -10.993 25.7402
    endloop
  endfacet
  facet normal 0.972591 -0.215603 0.0870709
    outer loop
      vertex 15.6221 -2.7546 18.0884
      vertex 15.4401 -4.13716 16.6979
      vertex 15.7419 -2.77573 16.6979
    endloop
  endfacet
  facet normal 0.950102 -0.299543 0.0870605
    outer loop
      vertex 15.4401 -4.13716 16.6979
      vertex 14.9065 -5.42551 18.0884
      vertex 15.0208 -5.46711 16.6979
    endloop
  endfacet
  facet normal -0.359621 -0.868258 0.34176
    outer loop
      vertex -6.24717 -13.3971 22.1229
      vertex -6.44893 -13.8298 20.8113
      vertex -5.21905 -14.3392 20.8113
    endloop
  endfacet
  facet normal 0.535228 -0.840212 0.0870384
    outer loop
      vertex 9.16849 -13.094 16.6979
      vertex 7.93156 -13.7379 18.0884
      vertex 7.99238 -13.8432 16.6979
    endloop
  endfacet
  facet normal 0.830589 -0.529174 0.173484
    outer loop
      vertex 13.528 -7.81037 19.463
      vertex 12.9943 -9.09871 18.0884
      vertex 13.7379 -7.93156 18.0884
    endloop
  endfacet
  facet normal 0.799971 -0.177351 0.573231
    outer loop
      vertex 13.2893 -2.34325 24.5968
      vertex 12.5008 -2.20423 25.7402
      vertex 13.0345 -3.49257 24.5968
    endloop
  endfacet
  facet normal 0.931766 -0.122653 0.341713
    outer loop
      vertex 14.7258 -1.28834 22.1229
      vertex 14.5575 -2.56688 22.1229
      vertex 15.0276 -2.64978 20.8113
    endloop
  endfacet
  facet normal 0.884988 0.196215 0.422251
    outer loop
      vertex 14.5575 2.56688 22.1229
      vertex 13.7086 3.6732 23.388
      vertex 13.9766 2.46444 23.388
    endloop
  endfacet
  facet normal 0.679724 0.353889 0.642447
    outer loop
      vertex 10.993 6.34683 25.7402
      vertex 10.216 5.89822 26.8094
      vertex 11.5044 5.36457 25.7402
    endloop
  endfacet
  facet normal 0.342079 0.0165061 0.939526
    outer loop
      vertex 4.79298 0.419332 31.2595
      vertex 5.64549 0.345536 30.9504
      vertex 5.6477 0.362347 30.9493
    endloop
  endfacet
  facet normal 0.342 0.0150308 0.93958
    outer loop
      vertex 4.79298 0.419332 31.2595
      vertex 5.6477 0.362347 30.9493
      vertex 5.70433 0.499064 30.9265
    endloop
  endfacet
  facet normal 0.341967 0.0149319 0.939593
    outer loop
      vertex 5.64549 0.345536 30.9504
      vertex 4.79298 0.419332 31.2595
      vertex 4.81129 0 31.2595
    endloop
  endfacet
  facet normal 0.8963 -0.282615 0.341723
    outer loop
      vertex 14.2784 -3.82588 22.1229
      vertex 13.8906 -5.05577 22.1229
      vertex 14.7395 -3.94944 20.8113
    endloop
  endfacet
  facet normal 0.983895 -0.0429276 0.173518
    outer loop
      vertex 15.6207 0 19.463
      vertex 15.5613 -1.36144 19.463
      vertex 15.8028 -1.38256 18.0884
    endloop
  endfacet
  facet normal 0.938894 -0.0410164 0.341754
    outer loop
      vertex 15.2595 0 20.8113
      vertex 14.7258 -1.28834 22.1229
      vertex 15.2014 -1.32995 20.8113
    endloop
  endfacet
  facet normal 0.920359 -0.38126 0.0870604
    outer loop
      vertex 14.9065 -5.42551 18.0884
      vertex 14.4871 -6.75546 16.6979
      vertex 15.0208 -5.46711 16.6979
    endloop
  endfacet
  facet normal 0.790352 -0.606429 0.0871016
    outer loop
      vertex 12.9943 -9.09871 18.0884
      vertex 12.1519 -10.1966 18.0884
      vertex 13.094 -9.16849 16.6979
    endloop
  endfacet
  facet normal 0.840172 -0.53528 0.0871032
    outer loop
      vertex 13.7379 -7.93156 18.0884
      vertex 12.9943 -9.09871 18.0884
      vertex 13.094 -9.16849 16.6979
    endloop
  endfacet
  facet normal 0.726073 -0.665368 0.1735
    outer loop
      vertex 11.9662 -10.0408 19.463
      vertex 11.0455 -11.0455 19.463
      vertex 11.2169 -11.2169 18.0884
    endloop
  endfacet
  facet normal -0.127192 -0.403571 0.906064
    outer loop
      vertex -1.58473 -5.9143 30.7821
      vertex -2.12828 -5.84739 30.7356
      vertex -2.1 -6.06218 30.6439
    endloop
  endfacet
  facet normal -0.127174 -0.403358 0.906162
    outer loop
      vertex -2.12828 -5.84739 30.7356
      vertex -1.58473 -5.9143 30.7821
      vertex -2.09417 -5.75368 30.7821
    endloop
  endfacet
  facet normal -0.127266 -0.40338 0.906139
    outer loop
      vertex -2.1477 -6.42452 30.4759
      vertex -1.58473 -5.9143 30.7821
      vertex -2.1 -6.06218 30.6439
    endloop
  endfacet
  facet normal -0.127811 -0.402869 0.906289
    outer loop
      vertex -1.58473 -5.9143 30.7821
      vertex -2.1477 -6.42452 30.4759
      vertex -2.22644 -6.6146 30.3803
    endloop
  endfacet
  facet normal -0.650065 -0.49885 0.573205
    outer loop
      vertex -9.7239 -8.15932 25.7402
      vertex -11.0539 -7.73999 24.5968
      vertex -10.3372 -8.67394 24.5968
    endloop
  endfacet
  facet normal 0.691079 -0.440251 0.573226
    outer loop
      vertex 11.6864 -6.74713 24.5968
      vertex 10.993 -6.34683 25.7402
      vertex 11.0539 -7.73999 24.5968
    endloop
  endfacet
  facet normal 0.3801 -0.596659 0.706769
    outer loop
      vertex 6.20004 -8.85458 27.7964
      vertex 5.89822 -10.216 26.8094
      vertex 6.76616 -9.66308 26.8094
    endloop
  endfacet
  facet normal 0.353851 -0.679725 0.642467
    outer loop
      vertex 5.89822 -10.216 26.8094
      vertex 4.98539 -10.6912 26.8094
      vertex 5.36457 -11.5044 25.7402
    endloop
  endfacet
  facet normal 0.260484 -0.826145 0.499632
    outer loop
      vertex 4.61531 -12.6805 24.5968
      vertex 3.49257 -13.0345 24.5968
      vertex 3.6732 -13.7086 23.388
    endloop
  endfacet
  facet normal 0.594208 -0.246133 0.765725
    outer loop
      vertex 9.15278 -3.33134 28.6937
      vertex 8.8276 -4.11638 28.6937
      vertex 10.1576 -3.69705 27.7964
    endloop
  endfacet
  facet normal 0.627509 -0.326668 0.706767
    outer loop
      vertex 10.6912 -4.98539 26.8094
      vertex 9.79668 -4.56827 27.7964
      vertex 10.216 -5.89822 26.8094
    endloop
  endfacet
  facet normal 0.826144 -0.260477 0.499637
    outer loop
      vertex 13.7086 -3.6732 23.388
      vertex 12.6805 -4.61531 24.5968
      vertex 13.3363 -4.85401 23.388
    endloop
  endfacet
  facet normal 0.637683 -0.0839616 0.76571
    outer loop
      vertex 10.7683 -0.942104 27.7964
      vertex 9.70312 -0.848912 28.6937
      vertex 10.6452 -1.87704 27.7964
    endloop
  endfacet
  facet normal 0.596658 -0.380109 0.706765
    outer loop
      vertex 9.36125 -5.40472 27.7964
      vertex 8.85458 -6.20004 27.7964
      vertex 10.216 -5.89822 26.8094
    endloop
  endfacet
  facet normal 0.570511 -0.296984 0.765714
    outer loop
      vertex 8.8276 -4.11638 28.6937
      vertex 8.43525 -4.87009 28.6937
      vertex 9.79668 -4.56827 27.7964
    endloop
  endfacet
  facet normal 0.613414 -0.193363 0.765725
    outer loop
      vertex 10.4411 -2.79769 27.7964
      vertex 9.15278 -3.33134 28.6937
      vertex 10.1576 -3.69705 27.7964
    endloop
  endfacet
  facet normal 0.679725 -0.353851 0.642467
    outer loop
      vertex 10.6912 -4.98539 26.8094
      vertex 10.216 -5.89822 26.8094
      vertex 11.5044 -5.36457 25.7402
    endloop
  endfacet
  facet normal 0.569028 0.0749136 0.818899
    outer loop
      vertex 9.59221 1.69136 28.6937
      vertex 8.56408 0.749259 29.4943
      vertex 9.70312 0.848912 28.6937
    endloop
  endfacet
  facet normal 0.62794 -0.139216 0.765709
    outer loop
      vertex 9.59221 -1.69136 28.6937
      vertex 9.40829 -2.52094 28.6937
      vertex 10.4411 -2.79769 27.7964
    endloop
  endfacet
  facet normal 0.547375 0.172584 0.818899
    outer loop
      vertex 9.40829 2.52094 28.6937
      vertex 8.07834 2.94028 29.4943
      vertex 8.30386 2.22501 29.4943
    endloop
  endfacet
  facet normal 0.0250323 -0.573392 0.818899
    outer loop
      vertex 0.749259 -8.56408 29.4943
      vertex 0 -8.59679 29.4943
      vertex 0.848912 -9.70312 28.6937
    endloop
  endfacet
  facet normal 0.24702 0.0778786 0.965876
    outer loop
      vertex 4.52114 1.64556 31.2595
      vertex 3.25419 1.18443 31.6207
      vertex 3.34503 0.896298 31.6207
    endloop
  endfacet
  facet normal 0.390753 0.16186 0.906153
    outer loop
      vertex 6.69578 3.12229 30.1922
      vertex 5.75368 2.09417 30.7821
      vertex 6.94243 2.52684 30.1922
    endloop
  endfacet
  facet normal 0.6536 0.270715 0.706767
    outer loop
      vertex 10.6912 4.98539 26.8094
      vertex 9.79668 4.56827 27.7964
      vertex 11.085 4.03462 26.8094
    endloop
  endfacet
  facet normal -0.950104 -0.299537 0.087067
    outer loop
      vertex -15.3226 -4.10568 18.0884
      vertex -15.4401 -4.13716 16.6979
      vertex -14.9065 -5.42551 18.0884
    endloop
  endfacet
  facet normal 0.272577 -0.864522 0.422259
    outer loop
      vertex 4.85401 -13.3363 23.388
      vertex 3.6732 -13.7086 23.388
      vertex 5.05577 -13.8906 22.1229
    endloop
  endfacet
  facet normal 0.272591 -0.864511 0.422273
    outer loop
      vertex 5.05577 -13.8906 22.1229
      vertex 3.6732 -13.7086 23.388
      vertex 3.82588 -14.2784 22.1229
    endloop
  endfacet
  facet normal 0.313529 -0.757057 0.573205
    outer loop
      vertex 5.36457 -11.5044 25.7402
      vertex 4.34149 -11.9281 25.7402
      vertex 5.70292 -12.23 24.5968
    endloop
  endfacet
  facet normal -0.446023 0.856857 0.258573
    outer loop
      vertex -6.60161 14.1572 19.463
      vertex -7.81037 13.528 19.463
      vertex -6.44893 13.8298 20.8113
    endloop
  endfacet
  facet normal -0.0378215 0.865406 0.499642
    outer loop
      vertex 0 14.1922 23.388
      vertex -1.1761 13.4429 24.5968
      vertex 0 13.4943 24.5968
    endloop
  endfacet
  facet normal -0.0395753 0.905619 0.422241
    outer loop
      vertex 0 14.7821 22.1229
      vertex -1.28834 14.7258 22.1229
      vertex -1.23693 14.1382 23.388
    endloop
  endfacet
  facet normal 0.719115 0.551841 0.422309
    outer loop
      vertex 12.1088 8.47865 22.1229
      vertex 11.3237 9.50173 22.1229
      vertex 11.6255 8.1403 23.388
    endloop
  endfacet
  facet normal 0.83362 0.43391 0.34176
    outer loop
      vertex 13.8298 6.44893 20.8113
      vertex 12.8017 7.39104 22.1229
      vertex 13.3971 6.24717 22.1229
    endloop
  endfacet
  facet normal 0.799962 0.177362 0.573239
    outer loop
      vertex 13.0345 3.49257 24.5968
      vertex 12.2611 3.28536 25.7402
      vertex 12.5008 2.20423 25.7402
    endloop
  endfacet
  facet normal 0.719151 0.551819 0.422277
    outer loop
      vertex 11.3237 9.50173 22.1229
      vertex 10.8718 9.12255 23.388
      vertex 11.6255 8.1403 23.388
    endloop
  endfacet
  facet normal 0.668352 0.612379 0.422253
    outer loop
      vertex 10.4525 10.4525 22.1229
      vertex 10.0354 10.0354 23.388
      vertex 10.8718 9.12255 23.388
    endloop
  endfacet
  facet normal 0.466517 0.607963 0.642451
    outer loop
      vertex 8.15932 9.7239 25.7402
      vertex 6.76616 9.66308 26.8094
      vertex 7.5826 9.03659 26.8094
    endloop
  endfacet
  facet normal 0.745567 0.57214 0.34174
    outer loop
      vertex 11.6894 9.8086 20.8113
      vertex 11.3237 9.50173 22.1229
      vertex 12.1088 8.47865 22.1229
    endloop
  endfacet
  facet normal 0.692917 0.634885 0.341741
    outer loop
      vertex 11.6894 9.8086 20.8113
      vertex 10.7901 10.7901 20.8113
      vertex 11.3237 9.50173 22.1229
    endloop
  endfacet
  facet normal 0.840212 0.535228 0.0870384
    outer loop
      vertex 13.8432 7.99238 16.6979
      vertex 13.094 9.16849 16.6979
      vertex 13.7379 7.93156 18.0884
    endloop
  endfacet
  facet normal 0.588066 0.766351 0.258621
    outer loop
      vertex 8.95969 12.7958 19.463
      vertex 8.75247 12.4998 20.8113
      vertex 10.0408 11.9662 19.463
    endloop
  endfacet
  facet normal 0.44605 0.856833 0.258605
    outer loop
      vertex 7.81037 13.528 19.463
      vertex 6.44893 13.8298 20.8113
      vertex 7.62973 13.2151 20.8113
    endloop
  endfacet
  facet normal 0.418524 0.804059 0.422288
    outer loop
      vertex 7.39104 12.8017 22.1229
      vertex 6.24717 13.3971 22.1229
      vertex 7.09609 12.2908 23.388
    endloop
  endfacet
  facet normal 0.487043 0.764487 0.422313
    outer loop
      vertex 8.47865 12.1088 22.1229
      vertex 7.39104 12.8017 22.1229
      vertex 8.1403 11.6255 23.388
    endloop
  endfacet
  facet normal 0.634901 0.692889 0.341767
    outer loop
      vertex 10.7901 10.7901 20.8113
      vertex 9.50173 11.3237 22.1229
      vertex 10.4525 10.4525 22.1229
    endloop
  endfacet
  facet normal 0.527356 0.687211 0.499636
    outer loop
      vertex 9.12255 10.8718 23.388
      vertex 7.73999 11.0539 24.5968
      vertex 8.67394 10.3372 24.5968
    endloop
  endfacet
  facet normal 0.465457 0.730551 0.499645
    outer loop
      vertex 7.09609 12.2908 23.388
      vertex 6.74713 11.6864 24.5968
      vertex 8.1403 11.6255 23.388
    endloop
  endfacet
  facet normal 0.331492 0.800297 0.499638
    outer loop
      vertex 4.85401 13.3363 23.388
      vertex 4.61531 12.6805 24.5968
      vertex 5.70292 12.23 24.5968
    endloop
  endfacet
  facet normal 0.519041 0.81469 0.258604
    outer loop
      vertex 7.81037 13.528 19.463
      vertex 7.62973 13.2151 20.8113
      vertex 8.75247 12.4998 20.8113
    endloop
  endfacet
  facet normal 0.66537 0.726072 0.173502
    outer loop
      vertex 10.1966 12.1519 18.0884
      vertex 10.0408 11.9662 19.463
      vertex 11.2169 11.2169 18.0884
    endloop
  endfacet
  facet normal -0.0421598 0.965067 0.258589
    outer loop
      vertex 0 15.2595 20.8113
      vertex -1.36144 15.5613 19.463
      vertex -1.32995 15.2014 20.8113
    endloop
  endfacet
  facet normal 0.165875 0.748155 0.642455
    outer loop
      vertex 2.20423 12.5008 25.7402
      vertex 2.04843 11.6172 26.8094
      vertex 3.28536 12.2611 25.7402
    endloop
  endfacet
  facet normal 0.227251 0.356712 0.906153
    outer loop
      vertex 3.69399 6.39818 30.1922
      vertex 3.06147 5.30262 30.7821
      vertex 4.23757 6.05188 30.1922
    endloop
  endfacet
  facet normal 0.462264 0.191476 0.865823
    outer loop
      vertex 7.79134 3.63316 29.4943
      vertex 6.69578 3.12229 30.1922
      vertex 8.07834 2.94028 29.4943
    endloop
  endfacet
  facet normal 0.466505 0.607986 0.642437
    outer loop
      vertex 7.28078 10.398 25.7402
      vertex 6.76616 9.66308 26.8094
      vertex 8.15932 9.7239 25.7402
    endloop
  endfacet
  facet normal 0.474204 0.434528 0.765713
    outer loop
      vertex 7.64343 7.64343 27.7964
      vertex 6.88735 6.88735 28.6937
      vertex 8.28051 6.94818 27.7964
    endloop
  endfacet
  facet normal 0.604137 0.553583 0.573205
    outer loop
      vertex 10.3372 8.67394 24.5968
      vertex 8.97577 8.97577 25.7402
      vertex 9.7239 8.15932 25.7402
    endloop
  endfacet
  facet normal 0.396957 0.304594 0.865822
    outer loop
      vertex 6.58553 5.52591 29.4943
      vertex 6.05188 4.23757 30.1922
      vertex 7.04208 4.93092 29.4943
    endloop
  endfacet
  facet normal 0.391545 0.51027 0.765714
    outer loop
      vertex 6.94818 8.28051 27.7964
      vertex 6.20004 8.85458 27.7964
      vertex 6.26087 7.46141 28.6937
    endloop
  endfacet
  facet normal 0.3801 0.596659 0.706769
    outer loop
      vertex 6.76616 9.66308 26.8094
      vertex 5.89822 10.216 26.8094
      vertex 6.20004 8.85458 27.7964
    endloop
  endfacet
  facet normal 0.999046 0.0436719 0
    outer loop
      vertex 15.9848 0 16.6979
      vertex 15.9239 1.39316 16
      vertex 15.9239 1.39316 16.6979
    endloop
  endfacet
  facet normal 0.999046 0.0436719 0
    outer loop
      vertex 15.9239 1.39316 16
      vertex 15.9848 0 16.6979
      vertex 15.9848 0 16
    endloop
  endfacet
  facet normal 0.983895 0.0429276 0.173518
    outer loop
      vertex 15.8028 1.38256 18.0884
      vertex 15.5613 1.36144 19.463
      vertex 15.6207 0 19.463
    endloop
  endfacet
  facet normal 0.987678 0.130079 0.0870095
    outer loop
      vertex 15.9239 1.39316 16.6979
      vertex 15.6221 2.7546 18.0884
      vertex 15.8028 1.38256 18.0884
    endloop
  endfacet
  facet normal 0.909863 0.376889 0.173506
    outer loop
      vertex 14.3769 6.70404 18.0884
      vertex 14.1572 6.60161 19.463
      vertex 14.9065 5.42551 18.0884
    endloop
  endfacet
  facet normal 0.965083 0.0421068 0.258539
    outer loop
      vertex 15.5613 1.36144 19.463
      vertex 15.2595 0 20.8113
      vertex 15.6207 0 19.463
    endloop
  endfacet
  facet normal 0.976403 0.128566 0.173517
    outer loop
      vertex 15.8028 1.38256 18.0884
      vertex 15.3834 2.71251 19.463
      vertex 15.5613 1.36144 19.463
    endloop
  endfacet
  facet normal 0.898731 -0.118304 0.42224
    outer loop
      vertex 14.7258 -1.28834 22.1229
      vertex 14.1382 -1.23693 23.388
      vertex 14.5575 -2.56688 22.1229
    endloop
  endfacet
  facet normal 0.79031 0.606496 0.0870233
    outer loop
      vertex 12.245 10.2748 16.6979
      vertex 12.1519 10.1966 18.0884
      vertex 13.094 9.16849 16.6979
    endloop
  endfacet
  facet normal 0.883645 0.459996 0.0870369
    outer loop
      vertex 13.8432 7.99238 16.6979
      vertex 13.7379 7.93156 18.0884
      vertex 14.4871 6.75546 16.6979
    endloop
  endfacet
  facet normal 0.382713 0.923867 -0
    outer loop
      vertex 6.75546 14.4871 16
      vertex 5.46711 15.0208 16.6979
      vertex 6.75546 14.4871 16.6979
    endloop
  endfacet
  facet normal 0.382713 0.923867 0
    outer loop
      vertex 5.46711 15.0208 16.6979
      vertex 6.75546 14.4871 16
      vertex 5.46711 15.0208 16
    endloop
  endfacet
  facet normal 0.454724 0.873573 0.173484
    outer loop
      vertex 7.93156 13.7379 18.0884
      vertex 6.60161 14.1572 19.463
      vertex 7.81037 13.528 19.463
    endloop
  endfacet
  facet normal -0.961499 -0.213124 0.173491
    outer loop
      vertex -15.3834 -2.71251 19.463
      vertex -15.6221 -2.7546 18.0884
      vertex -15.0885 -4.04294 19.463
    endloop
  endfacet
  facet normal -0.535228 -0.840212 0.0870384
    outer loop
      vertex -7.93156 -13.7379 18.0884
      vertex -9.16849 -13.094 16.6979
      vertex -7.99238 -13.8432 16.6979
    endloop
  endfacet
  facet normal -0.917529 -0.203401 0.341714
    outer loop
      vertex -14.5575 -2.56688 22.1229
      vertex -15.0276 -2.64978 20.8113
      vertex -14.2784 -3.82588 22.1229
    endloop
  endfacet
  facet normal -0.830589 -0.529174 0.173484
    outer loop
      vertex -13.528 -7.81037 19.463
      vertex -13.7379 -7.93156 18.0884
      vertex -12.9943 -9.09871 18.0884
    endloop
  endfacet
  facet normal -0.883646 -0.459992 0.0870411
    outer loop
      vertex -14.3769 -6.70404 18.0884
      vertex -14.4871 -6.75546 16.6979
      vertex -13.7379 -7.93156 18.0884
    endloop
  endfacet
  facet normal -0.884984 0.196187 0.422273
    outer loop
      vertex -14.2784 3.82588 22.1229
      vertex -14.5575 2.56688 22.1229
      vertex -13.7086 3.6732 23.388
    endloop
  endfacet
  facet normal -0.931766 0.122653 0.341713
    outer loop
      vertex -14.5575 2.56688 22.1229
      vertex -15.0276 2.64978 20.8113
      vertex -14.7258 1.28834 22.1229
    endloop
  endfacet
  facet normal -0.690676 -0.153117 0.706768
    outer loop
      vertex -10.6452 -1.87704 27.7964
      vertex -11.6172 -2.04843 26.8094
      vertex -10.4411 -2.79769 27.7964
    endloop
  endfacet
  facet normal -0.701391 -0.0923499 0.706768
    outer loop
      vertex -10.7683 -0.942104 27.7964
      vertex -11.6172 -2.04843 26.8094
      vertex -10.6452 -1.87704 27.7964
    endloop
  endfacet
  facet normal -0.49607 -0.0653038 0.865823
    outer loop
      vertex -7.35986 -0.643905 30.1922
      vertex -8.56408 -0.749259 29.4943
      vertex -7.27574 -1.28291 30.1922
    endloop
  endfacet
  facet normal -0.488491 -0.108301 0.865822
    outer loop
      vertex -7.27574 -1.28291 30.1922
      vertex -8.46619 -1.49282 29.4943
      vertex -8.30386 -2.22501 29.4943
    endloop
  endfacet
  facet normal -0.972591 -0.215603 0.0870709
    outer loop
      vertex -15.6221 -2.7546 18.0884
      vertex -15.7419 -2.77573 16.6979
      vertex -15.4401 -4.13716 16.6979
    endloop
  endfacet
  facet normal -0.884988 -0.196215 0.422251
    outer loop
      vertex -13.9766 -2.46444 23.388
      vertex -14.5575 -2.56688 22.1229
      vertex -13.7086 -3.6732 23.388
    endloop
  endfacet
  facet normal -0.920369 -0.381241 0.0870393
    outer loop
      vertex -14.3769 -6.70404 18.0884
      vertex -14.9065 -5.42551 18.0884
      vertex -14.4871 -6.75546 16.6979
    endloop
  endfacet
  facet normal -0.909863 -0.376889 0.173506
    outer loop
      vertex -14.1572 -6.60161 19.463
      vertex -14.9065 -5.42551 18.0884
      vertex -14.3769 -6.70404 18.0884
    endloop
  endfacet
  facet normal -0.957721 -0.126106 0.258588
    outer loop
      vertex -15.2014 -1.32995 20.8113
      vertex -15.5613 -1.36144 19.463
      vertex -15.3834 -2.71251 19.463
    endloop
  endfacet
  facet normal -0.972593 -0.215599 0.087067
    outer loop
      vertex -15.3226 -4.10568 18.0884
      vertex -15.6221 -2.7546 18.0884
      vertex -15.4401 -4.13716 16.6979
    endloop
  endfacet
  facet normal -0.864511 -0.272591 0.422273
    outer loop
      vertex -13.7086 -3.6732 23.388
      vertex -14.2784 -3.82588 22.1229
      vertex -13.8906 -5.05577 22.1229
    endloop
  endfacet
  facet normal -0.939265 -0.29612 0.173476
    outer loop
      vertex -15.0885 -4.04294 19.463
      vertex -15.3226 -4.10568 18.0884
      vertex -14.9065 -5.42551 18.0884
    endloop
  endfacet
  facet normal -0.917528 0.203392 0.341722
    outer loop
      vertex -14.7395 3.94944 20.8113
      vertex -15.0276 2.64978 20.8113
      vertex -14.2784 3.82588 22.1229
    endloop
  endfacet
  facet normal -0.938898 0.0410295 0.341743
    outer loop
      vertex -14.7258 1.28834 22.1229
      vertex -15.2595 0 20.8113
      vertex -14.7821 0 22.1229
    endloop
  endfacet
  facet normal -0.965083 -0.0421068 0.258539
    outer loop
      vertex -15.2595 0 20.8113
      vertex -15.6207 0 19.463
      vertex -15.5613 -1.36144 19.463
    endloop
  endfacet
  facet normal -0.965083 0.0421068 0.258539
    outer loop
      vertex -15.5613 1.36144 19.463
      vertex -15.6207 0 19.463
      vertex -15.2595 0 20.8113
    endloop
  endfacet
  facet normal -0.931746 -0.122696 0.341753
    outer loop
      vertex -14.7258 -1.28834 22.1229
      vertex -15.2014 -1.32995 20.8113
      vertex -15.0276 -2.64978 20.8113
    endloop
  endfacet
  facet normal -0.938894 -0.0410164 0.341754
    outer loop
      vertex -14.7258 -1.28834 22.1229
      vertex -15.2595 0 20.8113
      vertex -15.2014 -1.32995 20.8113
    endloop
  endfacet
  facet normal -0.573392 -0.0250323 0.818899
    outer loop
      vertex -8.59679 0 29.4943
      vertex -9.70312 -0.848912 28.6937
      vertex -8.56408 -0.749259 29.4943
    endloop
  endfacet
  facet normal -0.474204 0.434526 0.765714
    outer loop
      vertex -6.88735 6.88735 28.6937
      vertex -8.28051 6.94818 27.7964
      vertex -7.46141 6.26087 28.6937
    endloop
  endfacet
  facet normal -0.419334 -0.055202 0.906152
    outer loop
      vertex -6.09964 -0.533648 30.7821
      vertex -7.35986 -0.643905 30.1922
      vertex -7.27574 -1.28291 30.1922
    endloop
  endfacet
  facet normal -0.547375 -0.172584 0.818899
    outer loop
      vertex -8.30386 -2.22501 29.4943
      vertex -9.40829 -2.52094 28.6937
      vertex -8.07834 -2.94028 29.4943
    endloop
  endfacet
  facet normal -0.701408 0.0923249 0.706755
    outer loop
      vertex -11.6172 2.04843 26.8094
      vertex -11.7515 1.02813 26.8094
      vertex -10.7683 0.942104 27.7964
    endloop
  endfacet
  facet normal -0.818615 0.0358133 0.573226
    outer loop
      vertex -12.6453 1.10632 25.7402
      vertex -13.4429 1.1761 24.5968
      vertex -12.6937 0 25.7402
    endloop
  endfacet
  facet normal -0.50909 0.265014 0.818898
    outer loop
      vertex -7.44504 4.2984 29.4943
      vertex -8.8276 4.11638 28.6937
      vertex -7.79134 3.63316 29.4943
    endloop
  endfacet
  facet normal -0.443819 0.231036 0.865822
    outer loop
      vertex -7.44504 4.2984 29.4943
      vertex -7.79134 3.63316 29.4943
      vertex -6.39818 3.69399 30.1922
    endloop
  endfacet
  facet normal 0.0560601 0.252865 0.965876
    outer loop
      vertex 0.835472 4.7382 31.2595
      vertex 0.601349 3.41042 31.6207
      vertex 0.896298 3.34503 31.6207
    endloop
  endfacet
  facet normal -0.268705 0.421998 0.865861
    outer loop
      vertex -4.2 7.27461 29.6079
      vertex -4.2984 7.44504 29.4943
      vertex -4.28801 7.20708 29.6135
    endloop
  endfacet
  facet normal -0.573392 -0.0250319 0.818899
    outer loop
      vertex -8.59679 0 29.4943
      vertex -9.74018 0 28.6937
      vertex -9.70312 -0.848912 28.6937
    endloop
  endfacet
  facet normal -0.462264 0.191481 0.865821
    outer loop
      vertex -6.69578 3.12229 30.1922
      vertex -8.07834 2.94028 29.4943
      vertex -6.94243 2.52684 30.1922
    endloop
  endfacet
  facet normal -0.687245 0.527337 0.499609
    outer loop
      vertex -10.8718 9.12255 23.388
      vertex -11.6255 8.1403 23.388
      vertex -11.0539 7.73999 24.5968
    endloop
  endfacet
  facet normal -0.118304 0.898731 0.42224
    outer loop
      vertex -1.28834 14.7258 22.1229
      vertex -2.56688 14.5575 22.1229
      vertex -1.23693 14.1382 23.388
    endloop
  endfacet
  facet normal -0.8963 0.282615 0.341723
    outer loop
      vertex -13.8906 5.05577 22.1229
      vertex -14.7395 3.94944 20.8113
      vertex -14.2784 3.82588 22.1229
    endloop
  endfacet
  facet normal -0.826145 0.260484 0.499632
    outer loop
      vertex -12.6805 4.61531 24.5968
      vertex -13.7086 3.6732 23.388
      vertex -13.0345 3.49257 24.5968
    endloop
  endfacet
  facet normal -0.707987 0.293241 0.642467
    outer loop
      vertex -10.6912 4.98539 26.8094
      vertex -11.5044 5.36457 25.7402
      vertex -11.085 4.03462 26.8094
    endloop
  endfacet
  facet normal -0.627509 0.326668 0.706767
    outer loop
      vertex -10.216 5.89822 26.8094
      vertex -10.6912 4.98539 26.8094
      vertex -9.79668 4.56827 27.7964
    endloop
  endfacet
  facet normal -0.606496 0.79031 0.0870233
    outer loop
      vertex -9.16849 13.094 16.6979
      vertex -10.2748 12.245 16.6979
      vertex -10.1966 12.1519 18.0884
    endloop
  endfacet
  facet normal -0.883646 0.459992 0.0870411
    outer loop
      vertex -13.7379 7.93156 18.0884
      vertex -14.4871 6.75546 16.6979
      vertex -14.3769 6.70404 18.0884
    endloop
  endfacet
  facet normal -0.939247 0.296155 0.173514
    outer loop
      vertex -14.9065 5.42551 18.0884
      vertex -15.0885 4.04294 19.463
      vertex -14.6787 5.34261 19.463
    endloop
  endfacet
  facet normal -0.939265 0.29612 0.173476
    outer loop
      vertex -14.9065 5.42551 18.0884
      vertex -15.3226 4.10568 18.0884
      vertex -15.0885 4.04294 19.463
    endloop
  endfacet
  facet normal -0.868258 0.359621 0.34176
    outer loop
      vertex -13.8298 6.44893 20.8113
      vertex -14.3392 5.21905 20.8113
      vertex -13.3971 6.24717 22.1229
    endloop
  endfacet
  facet normal -0.921275 0.290472 0.25861
    outer loop
      vertex -14.3392 5.21905 20.8113
      vertex -15.0885 4.04294 19.463
      vertex -14.7395 3.94944 20.8113
    endloop
  endfacet
  facet normal -0.991447 -0.130513 0
    outer loop
      vertex -15.7419 -2.77573 16
      vertex -15.9239 -1.39316 16.6979
      vertex -15.9239 -1.39316 16
    endloop
  endfacet
  facet normal -0.991447 -0.130513 0
    outer loop
      vertex -15.9239 -1.39316 16.6979
      vertex -15.7419 -2.77573 16
      vertex -15.7419 -2.77573 16.6979
    endloop
  endfacet
  facet normal -0.883645 0.459996 0.0870369
    outer loop
      vertex -13.8432 7.99238 16.6979
      vertex -14.4871 6.75546 16.6979
      vertex -13.7379 7.93156 18.0884
    endloop
  endfacet
  facet normal -0.766351 0.588066 0.258621
    outer loop
      vertex -11.9662 10.0408 19.463
      vertex -12.7958 8.95969 19.463
      vertex -12.4998 8.75247 20.8113
    endloop
  endfacet
  facet normal -0.950102 0.299543 0.0870605
    outer loop
      vertex -15.0208 5.46711 16.6979
      vertex -15.4401 4.13716 16.6979
      vertex -14.9065 5.42551 18.0884
    endloop
  endfacet
  facet normal -0.920359 0.38126 0.0870604
    outer loop
      vertex -14.4871 6.75546 16.6979
      vertex -15.0208 5.46711 16.6979
      vertex -14.9065 5.42551 18.0884
    endloop
  endfacet
  facet normal -0.0262448 0.0832313 0.996185
    outer loop
      vertex -0.540523 2.01726 31.8631
      vertex -0.714281 1.96247 31.8631
      vertex -0.238699 0.655821 31.9848
    endloop
  endfacet
  facet normal -0.0915415 0.412923 0.906154
    outer loop
      vertex -1.28291 7.27574 30.1922
      vertex -1.58473 5.9143 30.7821
      vertex -1.06324 6.02991 30.7821
    endloop
  endfacet
  facet normal -0.0865245 0.0113911 0.996185
    outer loop
      vertex -0.687307 0.12119 31.9848
      vertex -2.08047 0.182017 31.8631
      vertex -0.695254 0.0608263 31.9848
    endloop
  endfacet
  facet normal -0.154182 -0.0802613 0.984777
    outer loop
      vertex -1.89275 -0.882604 31.8631
      vertex -3.13857 -1.46354 31.6207
      vertex -2.99907 -1.73152 31.6207
    endloop
  endfacet
  facet normal -0.172333 0.0226919 0.984777
    outer loop
      vertex -3.41042 0.601349 31.6207
      vertex -3.44986 0.301823 31.6207
      vertex -2.08047 0.182017 31.8631
    endloop
  endfacet
  facet normal -0.726073 0.665368 0.1735
    outer loop
      vertex -11.2169 11.2169 18.0884
      vertex -11.9662 10.0408 19.463
      vertex -11.0455 11.0455 19.463
    endloop
  endfacet
  facet normal -0.734456 -0.673053 0.0870267
    outer loop
      vertex -12.1519 -10.1966 18.0884
      vertex -12.245 -10.2748 16.6979
      vertex -11.2169 -11.2169 18.0884
    endloop
  endfacet
  facet normal -0.692917 -0.634885 0.341741
    outer loop
      vertex -11.3237 -9.50173 22.1229
      vertex -11.6894 -9.8086 20.8113
      vertex -10.7901 -10.7901 20.8113
    endloop
  endfacet
  facet normal -0.58522 -0.638656 0.499637
    outer loop
      vertex -8.67394 -10.3372 24.5968
      vertex -9.54188 -9.54188 24.5968
      vertex -9.12255 -10.8718 23.388
    endloop
  endfacet
  facet normal -0.418524 -0.804059 0.422288
    outer loop
      vertex -7.09609 -12.2908 23.388
      vertex -7.39104 -12.8017 22.1229
      vertex -6.24717 -13.3971 22.1229
    endloop
  endfacet
  facet normal 0.139216 -0.62794 0.765709
    outer loop
      vertex 2.52094 -9.40829 28.6937
      vertex 1.69136 -9.59221 28.6937
      vertex 2.79769 -10.4411 27.7964
    endloop
  endfacet
  facet normal -0.0923249 -0.701408 0.706755
    outer loop
      vertex -0.942104 -10.7683 27.7964
      vertex -2.04843 -11.6172 26.8094
      vertex -1.02813 -11.7515 26.8094
    endloop
  endfacet
  facet normal -0.4988 -0.650076 0.573237
    outer loop
      vertex -7.28078 -10.398 25.7402
      vertex -8.15932 -9.7239 25.7402
      vertex -7.73999 -11.0539 24.5968
    endloop
  endfacet
  facet normal -0.353889 -0.679724 0.642447
    outer loop
      vertex -5.89822 -10.216 26.8094
      vertex -6.34683 -10.993 25.7402
      vertex -5.36457 -11.5044 25.7402
    endloop
  endfacet
  facet normal -0.764481 -0.487075 0.422288
    outer loop
      vertex -12.2908 -7.09609 23.388
      vertex -12.8017 -7.39104 22.1229
      vertex -11.6255 -8.1403 23.388
    endloop
  endfacet
  facet normal -0.652591 -0.712241 0.258531
    outer loop
      vertex -10.7901 -10.7901 20.8113
      vertex -11.0455 -11.0455 19.463
      vertex -9.8086 -11.6894 20.8113
    endloop
  endfacet
  facet normal -0.527356 -0.687211 0.499636
    outer loop
      vertex -8.67394 -10.3372 24.5968
      vertex -9.12255 -10.8718 23.388
      vertex -7.73999 -11.0539 24.5968
    endloop
  endfacet
  facet normal -0.570511 -0.29699 0.765712
    outer loop
      vertex -8.43525 -4.87009 28.6937
      vertex -9.79668 -4.56827 27.7964
      vertex -9.36125 -5.40472 27.7964
    endloop
  endfacet
  facet normal 0.231036 -0.443819 0.865822
    outer loop
      vertex 3.69399 -6.39818 30.1922
      vertex 3.63316 -7.79134 29.4943
      vertex 4.2984 -7.44504 29.4943
    endloop
  endfacet
  facet normal 0.00380813 -0.087188 0.996185
    outer loop
      vertex 0.0608263 -0.695254 31.9848
      vertex 0 -2.08842 31.8631
      vertex 0.182017 -2.08047 31.8631
    endloop
  endfacet
  facet normal 0.0991234 -0.239287 0.965876
    outer loop
      vertex 1.46354 -3.13857 31.6207
      vertex 1.18443 -3.25419 31.6207
      vertex 2.03334 -4.36051 31.2595
    endloop
  endfacet
  facet normal -0.61342 -0.193404 0.765709
    outer loop
      vertex -9.40829 -2.52094 28.6937
      vertex -10.4411 -2.79769 27.7964
      vertex -9.15278 -3.33134 28.6937
    endloop
  endfacet
  facet normal -0.674742 -0.212695 0.706742
    outer loop
      vertex -10.4411 -2.79769 27.7964
      vertex -11.085 -4.03462 26.8094
      vertex -10.1576 -3.69705 27.7964
    endloop
  endfacet
  facet normal 0.122696 -0.931746 0.341753
    outer loop
      vertex 2.64978 -15.0276 20.8113
      vertex 1.28834 -14.7258 22.1229
      vertex 1.32995 -15.2014 20.8113
    endloop
  endfacet
  facet normal 0.588066 -0.766351 0.258621
    outer loop
      vertex 10.0408 -11.9662 19.463
      vertex 8.75247 -12.4998 20.8113
      vertex 8.95969 -12.7958 19.463
    endloop
  endfacet
  facet normal 0.487043 -0.764487 0.422313
    outer loop
      vertex 8.1403 -11.6255 23.388
      vertex 7.39104 -12.8017 22.1229
      vertex 8.47865 -12.1088 22.1229
    endloop
  endfacet
  facet normal 0.359648 -0.868256 0.341738
    outer loop
      vertex 6.24717 -13.3971 22.1229
      vertex 5.05577 -13.8906 22.1229
      vertex 5.21905 -14.3392 20.8113
    endloop
  endfacet
  facet normal 0.8963 -0.282598 0.341737
    outer loop
      vertex 14.7395 -3.94944 20.8113
      vertex 13.8906 -5.05577 22.1229
      vertex 14.3392 -5.21905 20.8113
    endloop
  endfacet
  facet normal 0.843412 -0.537267 0
    outer loop
      vertex 13.094 -9.16849 16.6979
      vertex 13.8432 -7.99238 16
      vertex 13.8432 -7.99238 16.6979
    endloop
  endfacet
  facet normal 0.843412 -0.537267 0
    outer loop
      vertex 13.8432 -7.99238 16
      vertex 13.094 -9.16849 16.6979
      vertex 13.094 -9.16849 16
    endloop
  endfacet
  facet normal 0.734471 0.673033 0.0870517
    outer loop
      vertex 11.3029 11.3029 16.6979
      vertex 11.2169 11.2169 18.0884
      vertex 12.245 10.2748 16.6979
    endloop
  endfacet
  facet normal 0.0436719 -0.999046 0
    outer loop
      vertex 0 -15.9848 16
      vertex 1.39316 -15.9239 16.6979
      vertex 0 -15.9848 16.6979
    endloop
  endfacet
  facet normal 0.0436719 -0.999046 0
    outer loop
      vertex 1.39316 -15.9239 16.6979
      vertex 0 -15.9848 16
      vertex 1.39316 -15.9239 16
    endloop
  endfacet
  facet normal -0.446023 -0.856857 0.258573
    outer loop
      vertex -6.44893 -13.8298 20.8113
      vertex -7.81037 -13.528 19.463
      vertex -6.60161 -14.1572 19.463
    endloop
  endfacet
  facet normal 0.130513 -0.991447 0
    outer loop
      vertex 1.39316 -15.9239 16
      vertex 2.77573 -15.7419 16.6979
      vertex 1.39316 -15.9239 16.6979
    endloop
  endfacet
  facet normal 0.130513 -0.991447 0
    outer loop
      vertex 2.77573 -15.7419 16.6979
      vertex 1.39316 -15.9239 16
      vertex 2.77573 -15.7419 16
    endloop
  endfacet
  facet normal -0.0429125 -0.983898 0.173503
    outer loop
      vertex 0 -15.6207 19.463
      vertex -1.38256 -15.8028 18.0884
      vertex 0 -15.8631 18.0884
    endloop
  endfacet
  facet normal 0.216425 -0.976299 0
    outer loop
      vertex 2.77573 -15.7419 16
      vertex 4.13716 -15.4401 16.6979
      vertex 2.77573 -15.7419 16.6979
    endloop
  endfacet
  facet normal 0.216425 -0.976299 0
    outer loop
      vertex 4.13716 -15.4401 16.6979
      vertex 2.77573 -15.7419 16
      vertex 4.13716 -15.4401 16
    endloop
  endfacet
  facet normal 0.712241 -0.652591 0.258531
    outer loop
      vertex 11.6894 -9.8086 20.8113
      vertex 10.7901 -10.7901 20.8113
      vertex 11.0455 -11.0455 19.463
    endloop
  endfacet
  facet normal 0.830606 -0.529156 0.17346
    outer loop
      vertex 13.528 -7.81037 19.463
      vertex 12.7958 -8.95969 19.463
      vertex 12.9943 -9.09871 18.0884
    endloop
  endfacet
  facet normal 0.957717 -0.126116 0.258597
    outer loop
      vertex 15.2014 -1.32995 20.8113
      vertex 15.0276 -2.64978 20.8113
      vertex 15.3834 -2.71251 19.463
    endloop
  endfacet
  facet normal 0.917529 -0.203401 0.341714
    outer loop
      vertex 14.5575 -2.56688 22.1229
      vertex 14.2784 -3.82588 22.1229
      vertex 15.0276 -2.64978 20.8113
    endloop
  endfacet
  facet normal 0.845694 -0.187503 0.499644
    outer loop
      vertex 13.9766 -2.46444 23.388
      vertex 13.2893 -2.34325 24.5968
      vertex 13.7086 -3.6732 23.388
    endloop
  endfacet
  facet normal 0.938894 0.0410164 0.341754
    outer loop
      vertex 15.2014 1.32995 20.8113
      vertex 14.7258 1.28834 22.1229
      vertex 15.2595 0 20.8113
    endloop
  endfacet
  facet normal 0.873559 -0.454742 0.173505
    outer loop
      vertex 14.1572 -6.60161 19.463
      vertex 13.7379 -7.93156 18.0884
      vertex 14.3769 -6.70404 18.0884
    endloop
  endfacet
  facet normal 0.921275 -0.290472 0.25861
    outer loop
      vertex 14.7395 -3.94944 20.8113
      vertex 14.3392 -5.21905 20.8113
      vertex 15.0885 -4.04294 19.463
    endloop
  endfacet
  facet normal 0.837476 -0.346892 0.422255
    outer loop
      vertex 13.3363 -4.85401 23.388
      vertex 12.8625 -5.99787 23.388
      vertex 13.3971 -6.24717 22.1229
    endloop
  endfacet
  facet normal 0.504966 -0.792619 0.341708
    outer loop
      vertex 8.47865 -12.1088 22.1229
      vertex 7.39104 -12.8017 22.1229
      vertex 8.75247 -12.4998 20.8113
    endloop
  endfacet
  facet normal 0.781314 -0.599549 0.173462
    outer loop
      vertex 12.7958 -8.95969 19.463
      vertex 11.9662 -10.0408 19.463
      vertex 12.9943 -9.09871 18.0884
    endloop
  endfacet
  facet normal 0.673033 -0.734471 0.0870517
    outer loop
      vertex 11.2169 -11.2169 18.0884
      vertex 10.2748 -12.245 16.6979
      vertex 11.3029 -11.3029 16.6979
    endloop
  endfacet
  facet normal -0.0334349 -0.765599 0.642449
    outer loop
      vertex -1.02813 -11.7515 26.8094
      vertex -1.10632 -12.6453 25.7402
      vertex 0 -11.7964 26.8094
    endloop
  endfacet
  facet normal 0.0280328 -0.642576 0.765709
    outer loop
      vertex 0.848912 -9.70312 28.6937
      vertex 0 -10.8094 27.7964
      vertex 0.942104 -10.7683 27.7964
    endloop
  endfacet
  facet normal -0.0802613 -0.154182 0.984777
    outer loop
      vertex -0.882604 -1.89275 31.8631
      vertex -1.73152 -2.99907 31.6207
      vertex -1.46354 -3.13857 31.6207
    endloop
  endfacet
  facet normal 0.00758484 -0.173657 0.984777
    outer loop
      vertex 0 -2.08842 31.8631
      vertex 0 -3.46303 31.6207
      vertex 0.182017 -2.08047 31.8631
    endloop
  endfacet
  facet normal 0.687211 -0.527356 0.499636
    outer loop
      vertex 11.0539 -7.73999 24.5968
      vertex 10.3372 -8.67394 24.5968
      vertex 10.8718 -9.12255 23.388
    endloop
  endfacet
  facet normal 0.745567 -0.57214 0.34174
    outer loop
      vertex 12.1088 -8.47865 22.1229
      vertex 11.3237 -9.50173 22.1229
      vertex 11.6894 -9.8086 20.8113
    endloop
  endfacet
  facet normal 0.50909 -0.265011 0.818899
    outer loop
      vertex 8.8276 -4.11638 28.6937
      vertex 7.44504 -4.2984 29.4943
      vertex 8.43525 -4.87009 28.6937
    endloop
  endfacet
  facet normal 0.58522 -0.638656 0.499637
    outer loop
      vertex 9.54188 -9.54188 24.5968
      vertex 8.67394 -10.3372 24.5968
      vertex 9.12255 -10.8718 23.388
    endloop
  endfacet
  facet normal 0.553588 -0.604136 0.573202
    outer loop
      vertex 8.97577 -8.97577 25.7402
      vertex 8.67394 -10.3372 24.5968
      vertex 9.54188 -9.54188 24.5968
    endloop
  endfacet
  facet normal 0.527356 -0.687211 0.499636
    outer loop
      vertex 8.67394 -10.3372 24.5968
      vertex 7.73999 -11.0539 24.5968
      vertex 9.12255 -10.8718 23.388
    endloop
  endfacet
  facet normal 0.187489 -0.845704 0.499632
    outer loop
      vertex 3.49257 -13.0345 24.5968
      vertex 2.34325 -13.2893 24.5968
      vertex 3.6732 -13.7086 23.388
    endloop
  endfacet
  facet normal 0.177351 -0.799971 0.573231
    outer loop
      vertex 3.49257 -13.0345 24.5968
      vertex 2.20423 -12.5008 25.7402
      vertex 2.34325 -13.2893 24.5968
    endloop
  endfacet
  facet normal 0.51772 -0.564998 0.642451
    outer loop
      vertex 8.34134 -8.34134 26.8094
      vertex 7.5826 -9.03659 26.8094
      vertex 8.97577 -8.97577 25.7402
    endloop
  endfacet
  facet normal 0.466517 -0.607963 0.642451
    outer loop
      vertex 7.5826 -9.03659 26.8094
      vertex 6.76616 -9.66308 26.8094
      vertex 8.15932 -9.7239 25.7402
    endloop
  endfacet
  facet normal 0.627945 0.13921 0.765706
    outer loop
      vertex 10.4411 2.79769 27.7964
      vertex 9.59221 1.69136 28.6937
      vertex 10.6452 1.87704 27.7964
    endloop
  endfacet
  facet normal 0.706771 0.0308334 0.706771
    outer loop
      vertex 11.7964 0 26.8094
      vertex 10.7683 0.942104 27.7964
      vertex 10.8094 0 27.7964
    endloop
  endfacet
  facet normal 0.701408 -0.0923249 0.706755
    outer loop
      vertex 11.7515 -1.02813 26.8094
      vertex 10.7683 -0.942104 27.7964
      vertex 11.6172 -2.04843 26.8094
    endloop
  endfacet
  facet normal 0.748155 -0.165875 0.642455
    outer loop
      vertex 12.5008 -2.20423 25.7402
      vertex 11.6172 -2.04843 26.8094
      vertex 12.2611 -3.28536 25.7402
    endloop
  endfacet
  facet normal 0.799962 -0.177362 0.573239
    outer loop
      vertex 12.5008 -2.20423 25.7402
      vertex 12.2611 -3.28536 25.7402
      vertex 13.0345 -3.49257 24.5968
    endloop
  endfacet
  facet normal 0.674684 -0.212755 0.70678
    outer loop
      vertex 11.3945 -3.05314 26.8094
      vertex 10.4411 -2.79769 27.7964
      vertex 11.085 -4.03462 26.8094
    endloop
  endfacet
  facet normal 0.172335 0.0226875 0.984777
    outer loop
      vertex 3.41042 0.601349 31.6207
      vertex 2.05669 0.36265 31.8631
      vertex 2.08047 0.182017 31.8631
    endloop
  endfacet
  facet normal 0.173657 0.00758484 0.984777
    outer loop
      vertex 3.46303 0 31.6207
      vertex 2.08047 0.182017 31.8631
      vertex 2.08842 0 31.8631
    endloop
  endfacet
  facet normal 0.0308334 -0.706771 0.706771
    outer loop
      vertex 0 -10.8094 27.7964
      vertex 0 -11.7964 26.8094
      vertex 0.942104 -10.7683 27.7964
    endloop
  endfacet
  facet normal 0.674742 -0.212695 0.706742
    outer loop
      vertex 10.4411 -2.79769 27.7964
      vertex 10.1576 -3.69705 27.7964
      vertex 11.085 -4.03462 26.8094
    endloop
  endfacet
  facet normal 0.653604 -0.270768 0.706743
    outer loop
      vertex 10.1576 -3.69705 27.7964
      vertex 9.79668 -4.56827 27.7964
      vertex 11.085 -4.03462 26.8094
    endloop
  endfacet
  facet normal 0.627514 -0.326664 0.706765
    outer loop
      vertex 9.79668 -4.56827 27.7964
      vertex 9.36125 -5.40472 27.7964
      vertex 10.216 -5.89822 26.8094
    endloop
  endfacet
  facet normal 0.530247 -0.219639 0.8189
    outer loop
      vertex 9.15278 -3.33134 28.6937
      vertex 8.07834 -2.94028 29.4943
      vertex 8.8276 -4.11638 28.6937
    endloop
  endfacet
  facet normal 0.690676 -0.153117 0.706768
    outer loop
      vertex 10.6452 -1.87704 27.7964
      vertex 10.4411 -2.79769 27.7964
      vertex 11.6172 -2.04843 26.8094
    endloop
  endfacet
  facet normal 0.499826 -0.02183 0.865851
    outer loop
      vertex 8.3523 -0.362347 29.6263
      vertex 8.59679 0 29.4943
      vertex 8.4 0 29.6079
    endloop
  endfacet
  facet normal 0.499815 -0.0218201 0.865858
    outer loop
      vertex 8.59679 0 29.4943
      vertex 8.3523 -0.362347 29.6263
      vertex 8.56408 -0.749259 29.4943
    endloop
  endfacet
  facet normal 0.499642 -0.0219473 0.865954
    outer loop
      vertex 8.56408 -0.749259 29.4943
      vertex 8.3523 -0.362347 29.6263
      vertex 8.26971 -0.561725 29.6689
    endloop
  endfacet
  facet normal 0.62794 0.139216 0.765709
    outer loop
      vertex 10.4411 2.79769 27.7964
      vertex 9.40829 2.52094 28.6937
      vertex 9.59221 1.69136 28.6937
    endloop
  endfacet
  facet normal 0.642584 0.0280526 0.765701
    outer loop
      vertex 10.8094 0 27.7964
      vertex 9.70312 0.848912 28.6937
      vertex 9.74018 0 28.6937
    endloop
  endfacet
  facet normal 0.477197 0.150457 0.865821
    outer loop
      vertex 8.07834 2.94028 29.4943
      vertex 7.13624 1.91215 30.1922
      vertex 8.30386 2.22501 29.4943
    endloop
  endfacet
  facet normal 0.33774 0.0444597 0.940189
    outer loop
      vertex 6.02991 1.06324 30.7821
      vertex 6.01005 0.989949 30.7927
      vertex 6.03685 1.01052 30.7821
    endloop
  endfacet
  facet normal 0.341018 0.0434073 0.939054
    outer loop
      vertex 6.02991 1.06324 30.7821
      vertex 5.78756 0.7 30.8869
      vertex 6.01005 0.989949 30.7927
    endloop
  endfacet
  facet normal 0.339344 0.0442181 0.939623
    outer loop
      vertex 5.78756 0.7 30.8869
      vertex 4.7382 0.835472 31.2595
      vertex 5.7507 0.611005 30.9044
    endloop
  endfacet
  facet normal 0.339387 0.0446491 0.939587
    outer loop
      vertex 4.7382 0.835472 31.2595
      vertex 5.78756 0.7 30.8869
      vertex 6.02991 1.06324 30.7821
    endloop
  endfacet
  facet normal 0.087188 0.00380813 0.996185
    outer loop
      vertex 2.08047 0.182017 31.8631
      vertex 0.695254 0.0608263 31.9848
      vertex 2.08842 0 31.8631
    endloop
  endfacet
  facet normal 0.413105 0.0916389 0.906061
    outer loop
      vertex 5.9143 1.58473 30.7821
      vertex 6.12813 1.08055 30.7356
      vertex 6.3 1.21243 30.6439
    endloop
  endfacet
  facet normal 0.412877 0.0915314 0.906176
    outer loop
      vertex 6.12813 1.08055 30.7356
      vertex 5.9143 1.58473 30.7821
      vertex 6.02991 1.06324 30.7821
    endloop
  endfacet
  facet normal 0.412967 0.0914659 0.906141
    outer loop
      vertex 6.63765 1.3523 30.4759
      vertex 5.9143 1.58473 30.7821
      vertex 6.3 1.21243 30.6439
    endloop
  endfacet
  facet normal 0.412814 0.0908118 0.906277
    outer loop
      vertex 5.9143 1.58473 30.7821
      vertex 6.63765 1.3523 30.4759
      vertex 6.84162 1.37915 30.3803
    endloop
  endfacet
  facet normal 0.564998 0.51772 0.642451
    outer loop
      vertex 9.7239 8.15932 25.7402
      vertex 8.97577 8.97577 25.7402
      vertex 9.03659 7.5826 26.8094
    endloop
  endfacet
  facet normal 0.356712 0.227251 0.906153
    outer loop
      vertex 6.05188 4.23757 30.1922
      vertex 5.30262 3.06147 30.7821
      vertex 6.39818 3.69399 30.1922
    endloop
  endfacet
  facet normal 0.208384 0.271571 0.939588
    outer loop
      vertex 3.93575 4.69044 30.7821
      vertex 2.75964 3.94118 31.2595
      vertex 3.09264 3.68566 31.2595
    endloop
  endfacet
  facet normal 0.108297 0.488493 0.865821
    outer loop
      vertex 2.22501 8.30386 29.4943
      vertex 1.28291 7.27574 30.1922
      vertex 1.91215 7.13624 30.1922
    endloop
  endfacet
  facet normal 0.382713 -0.923867 0
    outer loop
      vertex 5.46711 -15.0208 16
      vertex 6.75546 -14.4871 16.6979
      vertex 5.46711 -15.0208 16.6979
    endloop
  endfacet
  facet normal 0.382713 -0.923867 0
    outer loop
      vertex 6.75546 -14.4871 16.6979
      vertex 5.46711 -15.0208 16
      vertex 6.75546 -14.4871 16
    endloop
  endfacet
  facet normal 0.296155 -0.939247 0.173514
    outer loop
      vertex 5.34261 -14.6787 19.463
      vertex 4.04294 -15.0885 19.463
      vertex 5.42551 -14.9065 18.0884
    endloop
  endfacet
  facet normal 0.0421068 -0.965083 0.258539
    outer loop
      vertex 0 -15.2595 20.8113
      vertex 0 -15.6207 19.463
      vertex 1.36144 -15.5613 19.463
    endloop
  endfacet
  facet normal 0.0999963 -0.759771 0.642455
    outer loop
      vertex 2.04843 -11.6172 26.8094
      vertex 1.10632 -12.6453 25.7402
      vertex 2.20423 -12.5008 25.7402
    endloop
  endfacet
  facet normal 0.100008 -0.759775 0.642449
    outer loop
      vertex 2.04843 -11.6172 26.8094
      vertex 1.02813 -11.7515 26.8094
      vertex 1.10632 -12.6453 25.7402
    endloop
  endfacet
  facet normal -0.118304 -0.898731 0.42224
    outer loop
      vertex -1.23693 -14.1382 23.388
      vertex -2.56688 -14.5575 22.1229
      vertex -1.28834 -14.7258 22.1229
    endloop
  endfacet
  facet normal -0.0435059 0.995249 0.0871066
    outer loop
      vertex 0 15.9848 16.6979
      vertex -1.39316 15.9239 16.6979
      vertex 0 15.8631 18.0884
    endloop
  endfacet
  facet normal 0.282598 0.8963 0.341737
    outer loop
      vertex 5.21905 14.3392 20.8113
      vertex 3.94944 14.7395 20.8113
      vertex 5.05577 13.8906 22.1229
    endloop
  endfacet
  facet normal -0.282598 0.8963 0.341737
    outer loop
      vertex -3.94944 14.7395 20.8113
      vertex -5.21905 14.3392 20.8113
      vertex -5.05577 13.8906 22.1229
    endloop
  endfacet
  facet normal 0.730551 0.465457 0.499645
    outer loop
      vertex 12.2908 7.09609 23.388
      vertex 11.6255 8.1403 23.388
      vertex 11.6864 6.74713 24.5968
    endloop
  endfacet
  facet normal 0.837472 0.346897 0.42226
    outer loop
      vertex 13.3971 6.24717 22.1229
      vertex 13.3363 4.85401 23.388
      vertex 13.8906 5.05577 22.1229
    endloop
  endfacet
  facet normal 0.781314 0.599549 0.173462
    outer loop
      vertex 12.9943 9.09871 18.0884
      vertex 11.9662 10.0408 19.463
      vertex 12.7958 8.95969 19.463
    endloop
  endfacet
  facet normal 0.8963 0.282615 0.341723
    outer loop
      vertex 14.7395 3.94944 20.8113
      vertex 13.8906 5.05577 22.1229
      vertex 14.2784 3.82588 22.1229
    endloop
  endfacet
  facet normal 0.642576 0.0280328 0.765709
    outer loop
      vertex 10.7683 0.942104 27.7964
      vertex 9.70312 0.848912 28.6937
      vertex 10.8094 0 27.7964
    endloop
  endfacet
  facet normal 0.799971 0.177351 0.573231
    outer loop
      vertex 13.0345 3.49257 24.5968
      vertex 12.5008 2.20423 25.7402
      vertex 13.2893 2.34325 24.5968
    endloop
  endfacet
  facet normal 0.804054 0.418566 0.422256
    outer loop
      vertex 13.3971 6.24717 22.1229
      vertex 12.2908 7.09609 23.388
      vertex 12.8625 5.99787 23.388
    endloop
  endfacet
  facet normal 0.800297 0.331492 0.499637
    outer loop
      vertex 12.8625 5.99787 23.388
      vertex 12.23 5.70292 24.5968
      vertex 13.3363 4.85401 23.388
    endloop
  endfacet
  facet normal 0.687211 0.527356 0.499636
    outer loop
      vertex 10.8718 9.12255 23.388
      vertex 10.3372 8.67394 24.5968
      vertex 11.0539 7.73999 24.5968
    endloop
  endfacet
  facet normal 0.757057 0.313529 0.573205
    outer loop
      vertex 12.23 5.70292 24.5968
      vertex 11.5044 5.36457 25.7402
      vertex 11.9281 4.34149 25.7402
    endloop
  endfacet
  facet normal 0.446023 0.856857 0.258573
    outer loop
      vertex 6.60161 14.1572 19.463
      vertex 6.44893 13.8298 20.8113
      vertex 7.81037 13.528 19.463
    endloop
  endfacet
  facet normal 0.652591 0.712241 0.258531
    outer loop
      vertex 11.0455 11.0455 19.463
      vertex 9.8086 11.6894 20.8113
      vertex 10.7901 10.7901 20.8113
    endloop
  endfacet
  facet normal 0.675598 0.73727 -0
    outer loop
      vertex 11.3029 11.3029 16
      vertex 10.2748 12.245 16.6979
      vertex 11.3029 11.3029 16.6979
    endloop
  endfacet
  facet normal 0.675598 0.73727 0
    outer loop
      vertex 10.2748 12.245 16.6979
      vertex 11.3029 11.3029 16
      vertex 10.2748 12.245 16
    endloop
  endfacet
  facet normal 0.766351 0.588066 0.258621
    outer loop
      vertex 12.7958 8.95969 19.463
      vertex 11.9662 10.0408 19.463
      vertex 12.4998 8.75247 20.8113
    endloop
  endfacet
  facet normal 0.535228 0.840212 0.0870384
    outer loop
      vertex 7.99238 13.8432 16.6979
      vertex 7.93156 13.7379 18.0884
      vertex 9.16849 13.094 16.6979
    endloop
  endfacet
  facet normal 0.246397 0.781464 0.573238
    outer loop
      vertex 3.49257 13.0345 24.5968
      vertex 3.28536 12.2611 25.7402
      vertex 4.34149 11.9281 25.7402
    endloop
  endfacet
  facet normal 0.487075 0.764481 0.422288
    outer loop
      vertex 7.39104 12.8017 22.1229
      vertex 7.09609 12.2908 23.388
      vertex 8.1403 11.6255 23.388
    endloop
  endfacet
  facet normal 0.668324 0.612392 0.422277
    outer loop
      vertex 11.3237 9.50173 22.1229
      vertex 10.4525 10.4525 22.1229
      vertex 10.8718 9.12255 23.388
    endloop
  endfacet
  facet normal 0.692889 0.634901 0.341767
    outer loop
      vertex 10.7901 10.7901 20.8113
      vertex 10.4525 10.4525 22.1229
      vertex 11.3237 9.50173 22.1229
    endloop
  endfacet
  facet normal 0.272577 0.864522 0.422259
    outer loop
      vertex 5.05577 13.8906 22.1229
      vertex 3.6732 13.7086 23.388
      vertex 4.85401 13.3363 23.388
    endloop
  endfacet
  facet normal 0.331492 0.800297 0.499637
    outer loop
      vertex 5.99787 12.8625 23.388
      vertex 4.85401 13.3363 23.388
      vertex 5.70292 12.23 24.5968
    endloop
  endfacet
  facet normal 0.128594 0.976404 0.173491
    outer loop
      vertex 2.7546 15.6221 18.0884
      vertex 1.38256 15.8028 18.0884
      vertex 2.71251 15.3834 19.463
    endloop
  endfacet
  facet normal 0.196215 0.884988 0.422251
    outer loop
      vertex 2.56688 14.5575 22.1229
      vertex 2.46444 13.9766 23.388
      vertex 3.6732 13.7086 23.388
    endloop
  endfacet
  facet normal 0.43391 0.83362 0.34176
    outer loop
      vertex 6.44893 13.8298 20.8113
      vertex 6.24717 13.3971 22.1229
      vertex 7.39104 12.8017 22.1229
    endloop
  endfacet
  facet normal 0.369649 0.892469 0.258572
    outer loop
      vertex 6.60161 14.1572 19.463
      vertex 5.21905 14.3392 20.8113
      vertex 6.44893 13.8298 20.8113
    endloop
  endfacet
  facet normal -0.270768 0.653604 0.706743
    outer loop
      vertex -4.03462 11.085 26.8094
      vertex -4.56827 9.79668 27.7964
      vertex -3.69705 10.1576 27.7964
    endloop
  endfacet
  facet normal 0.0410295 0.938898 0.341743
    outer loop
      vertex 0 15.2595 20.8113
      vertex 0 14.7821 22.1229
      vertex 1.28834 14.7258 22.1229
    endloop
  endfacet
  facet normal -0.391545 0.51027 0.765714
    outer loop
      vertex -6.20004 8.85458 27.7964
      vertex -6.26087 7.46141 28.6937
      vertex -5.58674 7.97869 28.6937
    endloop
  endfacet
  facet normal 0.0923249 0.701408 0.706755
    outer loop
      vertex 1.02813 11.7515 26.8094
      vertex 0.942104 10.7683 27.7964
      vertex 2.04843 11.6172 26.8094
    endloop
  endfacet
  facet normal -0.0377799 0.86539 0.499672
    outer loop
      vertex 0 14.1922 23.388
      vertex -1.23693 14.1382 23.388
      vertex -1.1761 13.4429 24.5968
    endloop
  endfacet
  facet normal 0.106913 0.812389 0.573231
    outer loop
      vertex 2.34325 13.2893 24.5968
      vertex 1.1761 13.4429 24.5968
      vertex 2.20423 12.5008 25.7402
    endloop
  endfacet
  facet normal 0.19529 0.375163 0.906154
    outer loop
      vertex 3.12229 6.69578 30.1922
      vertex 2.58766 5.54926 30.7821
      vertex 3.06147 5.30262 30.7821
    endloop
  endfacet
  facet normal 0.0923499 0.701391 0.706768
    outer loop
      vertex 2.04843 11.6172 26.8094
      vertex 0.942104 10.7683 27.7964
      vertex 1.87704 10.6452 27.7964
    endloop
  endfacet
  facet normal 0.596659 0.3801 0.706769
    outer loop
      vertex 9.66308 6.76616 26.8094
      vertex 8.85458 6.20004 27.7964
      vertex 10.216 5.89822 26.8094
    endloop
  endfacet
  facet normal 0.768359 0.399984 0.499638
    outer loop
      vertex 12.2908 7.09609 23.388
      vertex 12.23 5.70292 24.5968
      vertex 12.8625 5.99787 23.388
    endloop
  endfacet
  facet normal 0.440251 0.691079 0.573226
    outer loop
      vertex 6.74713 11.6864 24.5968
      vertex 6.34683 10.993 25.7402
      vertex 7.73999 11.0539 24.5968
    endloop
  endfacet
  facet normal 0.0839616 0.637683 0.76571
    outer loop
      vertex 0.942104 10.7683 27.7964
      vertex 0.848912 9.70312 28.6937
      vertex 1.87704 10.6452 27.7964
    endloop
  endfacet
  facet normal 0.604136 0.553588 0.573202
    outer loop
      vertex 9.54188 9.54188 24.5968
      vertex 8.97577 8.97577 25.7402
      vertex 10.3372 8.67394 24.5968
    endloop
  endfacet
  facet normal 0.650065 0.49885 0.573205
    outer loop
      vertex 10.3372 8.67394 24.5968
      vertex 9.7239 8.15932 25.7402
      vertex 11.0539 7.73999 24.5968
    endloop
  endfacet
  facet normal 0.612379 0.668352 0.422253
    outer loop
      vertex 10.4525 10.4525 22.1229
      vertex 9.12255 10.8718 23.388
      vertex 10.0354 10.0354 23.388
    endloop
  endfacet
  facet normal 0.49885 0.650065 0.573205
    outer loop
      vertex 8.67394 10.3372 24.5968
      vertex 7.73999 11.0539 24.5968
      vertex 8.15932 9.7239 25.7402
    endloop
  endfacet
  facet normal 0.51027 0.391545 0.765714
    outer loop
      vertex 8.28051 6.94818 27.7964
      vertex 7.46141 6.26087 28.6937
      vertex 8.85458 6.20004 27.7964
    endloop
  endfacet
  facet normal 0.607986 0.466505 0.642437
    outer loop
      vertex 9.7239 8.15932 25.7402
      vertex 9.66308 6.76616 26.8094
      vertex 10.398 7.28078 25.7402
    endloop
  endfacet
  facet normal 0.219637 0.53025 0.818898
    outer loop
      vertex 4.11638 8.8276 28.6937
      vertex 2.94028 8.07834 29.4943
      vertex 3.63316 7.79134 29.4943
    endloop
  endfacet
  facet normal 0.51772 0.564998 0.642451
    outer loop
      vertex 8.15932 9.7239 25.7402
      vertex 7.5826 9.03659 26.8094
      vertex 8.97577 8.97577 25.7402
    endloop
  endfacet
  facet normal 0.172584 0.547375 0.818899
    outer loop
      vertex 2.52094 9.40829 28.6937
      vertex 2.22501 8.30386 29.4943
      vertex 2.94028 8.07834 29.4943
    endloop
  endfacet
  facet normal 0.102929 0.326467 0.939588
    outer loop
      vertex 1.58473 5.9143 30.7821
      vertex 1.24525 4.64735 31.2595
      vertex 1.64556 4.52114 31.2595
    endloop
  endfacet
  facet normal 0.965083 -0.0421068 0.258539
    outer loop
      vertex 15.6207 0 19.463
      vertex 15.2595 0 20.8113
      vertex 15.5613 -1.36144 19.463
    endloop
  endfacet
  facet normal 0.976403 -0.128566 0.173517
    outer loop
      vertex 15.5613 -1.36144 19.463
      vertex 15.3834 -2.71251 19.463
      vertex 15.8028 -1.38256 18.0884
    endloop
  endfacet
  facet normal 0.917528 0.203392 0.341722
    outer loop
      vertex 14.7395 3.94944 20.8113
      vertex 14.2784 3.82588 22.1229
      vertex 15.0276 2.64978 20.8113
    endloop
  endfacet
  facet normal 0.873559 0.454742 0.173505
    outer loop
      vertex 14.3769 6.70404 18.0884
      vertex 13.7379 7.93156 18.0884
      vertex 14.1572 6.60161 19.463
    endloop
  endfacet
  facet normal 0.920359 0.38126 0.0870604
    outer loop
      vertex 15.0208 5.46711 16.6979
      vertex 14.4871 6.75546 16.6979
      vertex 14.9065 5.42551 18.0884
    endloop
  endfacet
  facet normal 0.950102 0.299543 0.0870605
    outer loop
      vertex 15.0208 5.46711 16.6979
      vertex 14.9065 5.42551 18.0884
      vertex 15.4401 4.13716 16.6979
    endloop
  endfacet
  facet normal 0.917529 0.203401 0.341714
    outer loop
      vertex 15.0276 2.64978 20.8113
      vertex 14.2784 3.82588 22.1229
      vertex 14.5575 2.56688 22.1229
    endloop
  endfacet
  facet normal 0.909864 0.376882 0.173513
    outer loop
      vertex 14.9065 5.42551 18.0884
      vertex 14.1572 6.60161 19.463
      vertex 14.6787 5.34261 19.463
    endloop
  endfacet
  facet normal 0.701408 0.0923249 0.706755
    outer loop
      vertex 11.6172 2.04843 26.8094
      vertex 10.7683 0.942104 27.7964
      vertex 11.7515 1.02813 26.8094
    endloop
  endfacet
  facet normal 0.858821 -0.113063 0.499644
    outer loop
      vertex 14.1382 -1.23693 23.388
      vertex 13.2893 -2.34325 24.5968
      vertex 13.9766 -2.46444 23.388
    endloop
  endfacet
  facet normal 0.898724 0.118316 0.422251
    outer loop
      vertex 14.5575 2.56688 22.1229
      vertex 13.9766 2.46444 23.388
      vertex 14.1382 1.23693 23.388
    endloop
  endfacet
  facet normal 0.865406 -0.0378215 0.499642
    outer loop
      vertex 13.4943 0 24.5968
      vertex 13.4429 -1.1761 24.5968
      vertex 14.1922 0 23.388
    endloop
  endfacet
  facet normal -0.873573 -0.454724 0.173484
    outer loop
      vertex -13.528 -7.81037 19.463
      vertex -14.1572 -6.60161 19.463
      vertex -13.7379 -7.93156 18.0884
    endloop
  endfacet
  facet normal -0.585181 -0.638669 0.499665
    outer loop
      vertex -9.54188 -9.54188 24.5968
      vertex -10.0354 -10.0354 23.388
      vertex -9.12255 -10.8718 23.388
    endloop
  endfacet
  facet normal -0.673053 -0.734456 0.0870267
    outer loop
      vertex -10.1966 -12.1519 18.0884
      vertex -11.2169 -11.2169 18.0884
      vertex -10.2748 -12.245 16.6979
    endloop
  endfacet
  facet normal -0.905606 0.0395356 0.422273
    outer loop
      vertex -14.1382 1.23693 23.388
      vertex -14.7821 0 22.1229
      vertex -14.1922 0 23.388
    endloop
  endfacet
  facet normal -0.86539 0.0377799 0.499672
    outer loop
      vertex -14.1382 1.23693 23.388
      vertex -14.1922 0 23.388
      vertex -13.4429 1.1761 24.5968
    endloop
  endfacet
  facet normal -0.759775 0.100008 0.642449
    outer loop
      vertex -11.6172 2.04843 26.8094
      vertex -12.6453 1.10632 25.7402
      vertex -11.7515 1.02813 26.8094
    endloop
  endfacet
  facet normal -0.706771 -0.0308334 0.706771
    outer loop
      vertex -10.8094 0 27.7964
      vertex -11.7964 0 26.8094
      vertex -10.7683 -0.942104 27.7964
    endloop
  endfacet
  facet normal -0.812392 -0.106922 0.573225
    outer loop
      vertex -12.6453 -1.10632 25.7402
      vertex -13.4429 -1.1761 24.5968
      vertex -12.5008 -2.20423 25.7402
    endloop
  endfacet
  facet normal -0.701408 -0.0923249 0.706755
    outer loop
      vertex -10.7683 -0.942104 27.7964
      vertex -11.7515 -1.02813 26.8094
      vertex -11.6172 -2.04843 26.8094
    endloop
  endfacet
  facet normal -0.759775 -0.100008 0.642449
    outer loop
      vertex -11.7515 -1.02813 26.8094
      vertex -12.6453 -1.10632 25.7402
      vertex -11.6172 -2.04843 26.8094
    endloop
  endfacet
  facet normal -0.765567 -0.0334925 0.642484
    outer loop
      vertex -11.7964 0 26.8094
      vertex -12.6937 0 25.7402
      vertex -12.6453 -1.10632 25.7402
    endloop
  endfacet
  facet normal -0.646321 -0.411758 0.642436
    outer loop
      vertex -9.66308 -6.76616 26.8094
      vertex -10.993 -6.34683 25.7402
      vertex -10.398 -7.28078 25.7402
    endloop
  endfacet
  facet normal -0.650076 -0.4988 0.573237
    outer loop
      vertex -10.398 -7.28078 25.7402
      vertex -11.0539 -7.73999 24.5968
      vertex -9.7239 -8.15932 25.7402
    endloop
  endfacet
  facet normal -0.953723 -0.300685 0
    outer loop
      vertex -15.0208 -5.46711 16
      vertex -15.4401 -4.13716 16.6979
      vertex -15.4401 -4.13716 16
    endloop
  endfacet
  facet normal -0.953723 -0.300685 0
    outer loop
      vertex -15.4401 -4.13716 16.6979
      vertex -15.0208 -5.46711 16
      vertex -15.0208 -5.46711 16.6979
    endloop
  endfacet
  facet normal -0.921274 -0.290488 0.258596
    outer loop
      vertex -14.3392 -5.21905 20.8113
      vertex -15.0885 -4.04294 19.463
      vertex -14.6787 -5.34261 19.463
    endloop
  endfacet
  facet normal -0.939247 -0.296155 0.173514
    outer loop
      vertex -14.6787 -5.34261 19.463
      vertex -15.0885 -4.04294 19.463
      vertex -14.9065 -5.42551 18.0884
    endloop
  endfacet
  facet normal -0.976404 -0.128594 0.173491
    outer loop
      vertex -15.3834 -2.71251 19.463
      vertex -15.8028 -1.38256 18.0884
      vertex -15.6221 -2.7546 18.0884
    endloop
  endfacet
  facet normal -0.976403 -0.128566 0.173517
    outer loop
      vertex -15.5613 -1.36144 19.463
      vertex -15.8028 -1.38256 18.0884
      vertex -15.3834 -2.71251 19.463
    endloop
  endfacet
  facet normal -0.943092 -0.209058 0.258597
    outer loop
      vertex -15.0276 -2.64978 20.8113
      vertex -15.3834 -2.71251 19.463
      vertex -14.7395 -3.94944 20.8113
    endloop
  endfacet
  facet normal -0.917528 -0.203392 0.341722
    outer loop
      vertex -14.2784 -3.82588 22.1229
      vertex -15.0276 -2.64978 20.8113
      vertex -14.7395 -3.94944 20.8113
    endloop
  endfacet
  facet normal -0.898731 -0.118304 0.42224
    outer loop
      vertex -14.1382 -1.23693 23.388
      vertex -14.7258 -1.28834 22.1229
      vertex -14.5575 -2.56688 22.1229
    endloop
  endfacet
  facet normal -0.898724 -0.118316 0.422251
    outer loop
      vertex -14.1382 -1.23693 23.388
      vertex -14.5575 -2.56688 22.1229
      vertex -13.9766 -2.46444 23.388
    endloop
  endfacet
  facet normal -0.594208 -0.246133 0.765725
    outer loop
      vertex -9.15278 -3.33134 28.6937
      vertex -10.1576 -3.69705 27.7964
      vertex -8.8276 -4.11638 28.6937
    endloop
  endfacet
  facet normal -0.569028 -0.0749127 0.818899
    outer loop
      vertex -8.56408 -0.749259 29.4943
      vertex -9.59221 -1.69136 28.6937
      vertex -8.46619 -1.49282 29.4943
    endloop
  endfacet
  facet normal -0.419328 0.0552119 0.906154
    outer loop
      vertex -6.02991 1.06324 30.7821
      vertex -7.27574 1.28291 30.1922
      vertex -6.09964 0.533648 30.7821
    endloop
  endfacet
  facet normal -0.637688 0.083953 0.765706
    outer loop
      vertex -9.59221 1.69136 28.6937
      vertex -10.6452 1.87704 27.7964
      vertex -9.70312 0.848912 28.6937
    endloop
  endfacet
  facet normal -0.642576 0.0280328 0.765709
    outer loop
      vertex -10.7683 0.942104 27.7964
      vertex -10.8094 0 27.7964
      vertex -9.70312 0.848912 28.6937
    endloop
  endfacet
  facet normal -0.499877 0.0218229 0.865821
    outer loop
      vertex -8.56408 0.749259 29.4943
      vertex -8.59679 0 29.4943
      vertex -7.38798 0 30.1922
    endloop
  endfacet
  facet normal -0.706771 0.0308334 0.706771
    outer loop
      vertex -10.7683 0.942104 27.7964
      vertex -11.7964 0 26.8094
      vertex -10.8094 0 27.7964
    endloop
  endfacet
  facet normal -0.674684 0.212755 0.70678
    outer loop
      vertex -11.085 4.03462 26.8094
      vertex -11.3945 3.05314 26.8094
      vertex -10.4411 2.79769 27.7964
    endloop
  endfacet
  facet normal -0.59421 0.246163 0.765714
    outer loop
      vertex -9.79668 4.56827 27.7964
      vertex -10.1576 3.69705 27.7964
      vertex -8.8276 4.11638 28.6937
    endloop
  endfacet
  facet normal -0.61342 0.193404 0.765709
    outer loop
      vertex -9.15278 3.33134 28.6937
      vertex -10.4411 2.79769 27.7964
      vertex -9.40829 2.52094 28.6937
    endloop
  endfacet
  facet normal -0.76835 0.399991 0.499646
    outer loop
      vertex -11.6864 6.74713 24.5968
      vertex -12.2908 7.09609 23.388
      vertex -12.23 5.70292 24.5968
    endloop
  endfacet
  facet normal -0.708014 0.293218 0.642449
    outer loop
      vertex -11.5044 5.36457 25.7402
      vertex -11.9281 4.34149 25.7402
      vertex -11.085 4.03462 26.8094
    endloop
  endfacet
  facet normal -0.0865245 0.0113908 0.996185
    outer loop
      vertex -2.05669 0.36265 31.8631
      vertex -2.08047 0.182017 31.8631
      vertex -0.687307 0.12119 31.9848
    endloop
  endfacet
  facet normal -0.390751 0.161862 0.906154
    outer loop
      vertex -5.54926 2.58766 30.7821
      vertex -6.69578 3.12229 30.1922
      vertex -5.75368 2.09417 30.7821
    endloop
  endfacet
  facet normal -0.24702 0.0778786 0.965876
    outer loop
      vertex -3.25419 1.18443 31.6207
      vertex -4.52114 1.64556 31.2595
      vertex -3.34503 0.896298 31.6207
    endloop
  endfacet
  facet normal -0.105816 0.137901 0.984777
    outer loop
      vertex -1.19787 1.71073 31.8631
      vertex -2.226 2.65284 31.6207
      vertex -1.34241 1.59982 31.8631
    endloop
  endfacet
  facet normal -0.256792 0.0338036 0.965875
    outer loop
      vertex -4.7382 0.835472 31.2595
      vertex -4.79298 0.419332 31.2595
      vertex -3.44986 0.301823 31.6207
    endloop
  endfacet
  facet normal -0.326467 0.102929 0.939588
    outer loop
      vertex -4.52114 1.64556 31.2595
      vertex -5.9143 1.58473 30.7821
      vertex -4.64735 1.24525 31.2595
    endloop
  endfacet
  facet normal -0.288698 0.183924 0.939588
    outer loop
      vertex -3.94118 2.75964 31.2595
      vertex -5.30262 3.06147 30.7821
      vertex -4.1667 2.40565 31.2595
    endloop
  endfacet
  facet normal -0.172581 0.547375 0.8189
    outer loop
      vertex -2.52094 9.40829 28.6937
      vertex -3.33134 9.15278 28.6937
      vertex -2.94028 8.07834 29.4943
    endloop
  endfacet
  facet normal -0.607963 0.466517 0.642451
    outer loop
      vertex -9.03659 7.5826 26.8094
      vertex -9.7239 8.15932 25.7402
      vertex -9.66308 6.76616 26.8094
    endloop
  endfacet
  facet normal -0.781335 0.59951 0.173503
    outer loop
      vertex -12.1519 10.1966 18.0884
      vertex -12.9943 9.09871 18.0884
      vertex -11.9662 10.0408 19.463
    endloop
  endfacet
  facet normal -0.454724 0.873573 0.173484
    outer loop
      vertex -6.60161 14.1572 19.463
      vertex -7.93156 13.7379 18.0884
      vertex -7.81037 13.528 19.463
    endloop
  endfacet
  facet normal -0.634901 0.692889 0.341767
    outer loop
      vertex -9.50173 11.3237 22.1229
      vertex -10.7901 10.7901 20.8113
      vertex -10.4525 10.4525 22.1229
    endloop
  endfacet
  facet normal -0.51027 0.391545 0.765714
    outer loop
      vertex -7.46141 6.26087 28.6937
      vertex -8.85458 6.20004 27.7964
      vertex -7.97869 5.58674 28.6937
    endloop
  endfacet
  facet normal -0.679725 0.353851 0.642467
    outer loop
      vertex -10.216 5.89822 26.8094
      vertex -11.5044 5.36457 25.7402
      vertex -10.6912 4.98539 26.8094
    endloop
  endfacet
  facet normal 0.124227 0.560333 0.818898
    outer loop
      vertex 1.69136 9.59221 28.6937
      vertex 1.49282 8.46619 29.4943
      vertex 2.52094 9.40829 28.6937
    endloop
  endfacet
  facet normal 0.0280328 0.642576 0.765709
    outer loop
      vertex 0.942104 10.7683 27.7964
      vertex 0 10.8094 27.7964
      vertex 0.848912 9.70312 28.6937
    endloop
  endfacet
  facet normal -0.29699 0.570511 0.765712
    outer loop
      vertex -4.56827 9.79668 27.7964
      vertex -5.40472 9.36125 27.7964
      vertex -4.87009 8.43525 28.6937
    endloop
  endfacet
  facet normal -0.604137 0.553583 0.573205
    outer loop
      vertex -8.97577 8.97577 25.7402
      vertex -10.3372 8.67394 24.5968
      vertex -9.7239 8.15932 25.7402
    endloop
  endfacet
  facet normal -0.950104 0.299537 0.087067
    outer loop
      vertex -14.9065 5.42551 18.0884
      vertex -15.4401 4.13716 16.6979
      vertex -15.3226 4.10568 18.0884
    endloop
  endfacet
  facet normal -0.943092 0.209058 0.258597
    outer loop
      vertex -14.7395 3.94944 20.8113
      vertex -15.3834 2.71251 19.463
      vertex -15.0276 2.64978 20.8113
    endloop
  endfacet
  facet normal -0.931746 0.122696 0.341753
    outer loop
      vertex -15.0276 2.64978 20.8113
      vertex -15.2014 1.32995 20.8113
      vertex -14.7258 1.28834 22.1229
    endloop
  endfacet
  facet normal -0.961499 0.213124 0.173491
    outer loop
      vertex -15.0885 4.04294 19.463
      vertex -15.6221 2.7546 18.0884
      vertex -15.3834 2.71251 19.463
    endloop
  endfacet
  facet normal -0.943091 0.209043 0.25861
    outer loop
      vertex -15.0885 4.04294 19.463
      vertex -15.3834 2.71251 19.463
      vertex -14.7395 3.94944 20.8113
    endloop
  endfacet
  facet normal -0.8963 0.282598 0.341737
    outer loop
      vertex -14.3392 5.21905 20.8113
      vertex -14.7395 3.94944 20.8113
      vertex -13.8906 5.05577 22.1229
    endloop
  endfacet
  facet normal -0.868256 0.359648 0.341738
    outer loop
      vertex -13.3971 6.24717 22.1229
      vertex -14.3392 5.21905 20.8113
      vertex -13.8906 5.05577 22.1229
    endloop
  endfacet
  facet normal -0.83362 0.43391 0.34176
    outer loop
      vertex -12.8017 7.39104 22.1229
      vertex -13.8298 6.44893 20.8113
      vertex -13.3971 6.24717 22.1229
    endloop
  endfacet
  facet normal -0.917529 0.203401 0.341714
    outer loop
      vertex -14.2784 3.82588 22.1229
      vertex -15.0276 2.64978 20.8113
      vertex -14.5575 2.56688 22.1229
    endloop
  endfacet
  facet normal -0.898724 0.118316 0.422251
    outer loop
      vertex -13.9766 2.46444 23.388
      vertex -14.5575 2.56688 22.1229
      vertex -14.1382 1.23693 23.388
    endloop
  endfacet
  facet normal -0.804059 0.418524 0.422288
    outer loop
      vertex -12.8017 7.39104 22.1229
      vertex -13.3971 6.24717 22.1229
      vertex -12.2908 7.09609 23.388
    endloop
  endfacet
  facet normal -0.864511 0.272591 0.422273
    outer loop
      vertex -13.8906 5.05577 22.1229
      vertex -14.2784 3.82588 22.1229
      vertex -13.7086 3.6732 23.388
    endloop
  endfacet
  facet normal -0.837476 0.346892 0.422255
    outer loop
      vertex -12.8625 5.99787 23.388
      vertex -13.3971 6.24717 22.1229
      vertex -13.3363 4.85401 23.388
    endloop
  endfacet
  facet normal -0.837472 0.346897 0.42226
    outer loop
      vertex -13.3971 6.24717 22.1229
      vertex -13.8906 5.05577 22.1229
      vertex -13.3363 4.85401 23.388
    endloop
  endfacet
  facet normal -0.983898 0.0429125 0.173503
    outer loop
      vertex -15.8028 1.38256 18.0884
      vertex -15.8631 0 18.0884
      vertex -15.6207 0 19.463
    endloop
  endfacet
  facet normal -0.983895 0.0429276 0.173518
    outer loop
      vertex -15.5613 1.36144 19.463
      vertex -15.8028 1.38256 18.0884
      vertex -15.6207 0 19.463
    endloop
  endfacet
  facet normal -0.976299 0.216425 0
    outer loop
      vertex -15.7419 2.77573 16
      vertex -15.4401 4.13716 16.6979
      vertex -15.4401 4.13716 16
    endloop
  endfacet
  facet normal -0.976299 0.216425 0
    outer loop
      vertex -15.4401 4.13716 16.6979
      vertex -15.7419 2.77573 16
      vertex -15.7419 2.77573 16.6979
    endloop
  endfacet
  facet normal -0.873573 0.454724 0.173484
    outer loop
      vertex -13.7379 7.93156 18.0884
      vertex -14.1572 6.60161 19.463
      vertex -13.528 7.81037 19.463
    endloop
  endfacet
  facet normal -0.830589 0.529174 0.173484
    outer loop
      vertex -12.9943 9.09871 18.0884
      vertex -13.7379 7.93156 18.0884
      vertex -13.528 7.81037 19.463
    endloop
  endfacet
  facet normal -0.0112987 0.258761 0.965875
    outer loop
      vertex 0 4.81129 31.2595
      vertex -0.419332 4.79298 31.2595
      vertex -0.301823 3.44986 31.6207
    endloop
  endfacet
  facet normal -0.0149325 0.341981 0.939588
    outer loop
      vertex 0 4.81129 31.2595
      vertex -0.533648 6.09964 30.7821
      vertex -0.419332 4.79298 31.2595
    endloop
  endfacet
  facet normal 0.0338036 0.256792 0.965875
    outer loop
      vertex 0.419332 4.79298 31.2595
      vertex 0.301823 3.44986 31.6207
      vertex 0.835472 4.7382 31.2595
    endloop
  endfacet
  facet normal 0.0740884 0.334196 0.939587
    outer loop
      vertex 1.06324 6.02991 30.7821
      vertex 0.835472 4.7382 31.2595
      vertex 1.58473 5.9143 30.7821
    endloop
  endfacet
  facet normal 0.105816 -0.137901 0.984777
    outer loop
      vertex 1.34241 -1.59982 31.8631
      vertex 1.19787 -1.71073 31.8631
      vertex 2.226 -2.65284 31.6207
    endloop
  endfacet
  facet normal -0.0852027 0.0188873 0.996185
    outer loop
      vertex -2.01726 0.540523 31.8631
      vertex -2.05669 0.36265 31.8631
      vertex -0.687307 0.12119 31.9848
    endloop
  endfacet
  facet normal -0.840212 0.535228 0.0870384
    outer loop
      vertex -13.094 9.16849 16.6979
      vertex -13.8432 7.99238 16.6979
      vertex -13.7379 7.93156 18.0884
    endloop
  endfacet
  facet normal -0.529174 0.830589 0.173484
    outer loop
      vertex -7.93156 13.7379 18.0884
      vertex -9.09871 12.9943 18.0884
      vertex -7.81037 13.528 19.463
    endloop
  endfacet
  facet normal -0.712241 0.652591 0.258531
    outer loop
      vertex -11.0455 11.0455 19.463
      vertex -11.6894 9.8086 20.8113
      vertex -10.7901 10.7901 20.8113
    endloop
  endfacet
  facet normal -0.527337 0.687245 0.499609
    outer loop
      vertex -8.1403 11.6255 23.388
      vertex -9.12255 10.8718 23.388
      vertex -7.73999 11.0539 24.5968
    endloop
  endfacet
  facet normal -0.38126 0.920359 0.0870604
    outer loop
      vertex -5.46711 15.0208 16.6979
      vertex -6.75546 14.4871 16.6979
      vertex -5.42551 14.9065 18.0884
    endloop
  endfacet
  facet normal -0.856857 -0.446023 0.258573
    outer loop
      vertex -13.8298 -6.44893 20.8113
      vertex -14.1572 -6.60161 19.463
      vertex -13.528 -7.81037 19.463
    endloop
  endfacet
  facet normal -0.81469 -0.519041 0.258604
    outer loop
      vertex -13.2151 -7.62973 20.8113
      vertex -13.528 -7.81037 19.463
      vertex -12.4998 -8.75247 20.8113
    endloop
  endfacet
  facet normal -0.433961 -0.833611 0.341718
    outer loop
      vertex -7.39104 -12.8017 22.1229
      vertex -7.62973 -13.2151 20.8113
      vertex -6.44893 -13.8298 20.8113
    endloop
  endfacet
  facet normal -0.59951 -0.781335 0.173503
    outer loop
      vertex -10.0408 -11.9662 19.463
      vertex -10.1966 -12.1519 18.0884
      vertex -9.09871 -12.9943 18.0884
    endloop
  endfacet
  facet normal -0.434526 -0.474204 0.765714
    outer loop
      vertex -6.88735 -6.88735 28.6937
      vertex -6.94818 -8.28051 27.7964
      vertex -6.26087 -7.46141 28.6937
    endloop
  endfacet
  facet normal -0.286175 -0.31142 0.906157
    outer loop
      vertex -3.93575 -4.69044 30.7821
      vertex -4.2 -4.84974 30.6439
      vertex -3.99985 -4.76684 30.7356
    endloop
  endfacet
  facet normal -0.285693 -0.311779 0.906186
    outer loop
      vertex -4.71243 -5.36218 30.306
      vertex -5.22409 -5.22409 30.1922
      vertex -4.81175 -5.60193 30.1922
    endloop
  endfacet
  facet normal -0.285693 -0.311778 0.906186
    outer loop
      vertex -4.48995 -5.07223 30.4759
      vertex -5.22409 -5.22409 30.1922
      vertex -4.71243 -5.36218 30.306
    endloop
  endfacet
  facet normal -0.285632 -0.311978 0.906137
    outer loop
      vertex -4.2 -4.84974 30.6439
      vertex -5.22409 -5.22409 30.1922
      vertex -4.48995 -5.07223 30.4759
    endloop
  endfacet
  facet normal -0.285282 -0.312749 0.905981
    outer loop
      vertex -5.22409 -5.22409 30.1922
      vertex -4.2 -4.84974 30.6439
      vertex -3.93575 -4.69044 30.7821
    endloop
  endfacet
  facet normal -0.293218 -0.708014 0.642449
    outer loop
      vertex -4.03462 -11.085 26.8094
      vertex -5.36457 -11.5044 25.7402
      vertex -4.34149 -11.9281 25.7402
    endloop
  endfacet
  facet normal -0.466505 -0.607986 0.642437
    outer loop
      vertex -6.76616 -9.66308 26.8094
      vertex -8.15932 -9.7239 25.7402
      vertex -7.28078 -10.398 25.7402
    endloop
  endfacet
  facet normal -0.487043 -0.764487 0.422313
    outer loop
      vertex -8.1403 -11.6255 23.388
      vertex -8.47865 -12.1088 22.1229
      vertex -7.39104 -12.8017 22.1229
    endloop
  endfacet
  facet normal -0.434528 -0.474204 0.765713
    outer loop
      vertex -6.88735 -6.88735 28.6937
      vertex -7.64343 -7.64343 27.7964
      vertex -6.94818 -8.28051 27.7964
    endloop
  endfacet
  facet normal -0.290472 -0.921275 0.25861
    outer loop
      vertex -3.94944 -14.7395 20.8113
      vertex -5.21905 -14.3392 20.8113
      vertex -4.04294 -15.0885 19.463
    endloop
  endfacet
  facet normal -0.487075 -0.764481 0.422288
    outer loop
      vertex -7.09609 -12.2908 23.388
      vertex -8.1403 -11.6255 23.388
      vertex -7.39104 -12.8017 22.1229
    endloop
  endfacet
  facet normal -0.804059 -0.418524 0.422288
    outer loop
      vertex -12.2908 -7.09609 23.388
      vertex -13.3971 -6.24717 22.1229
      vertex -12.8017 -7.39104 22.1229
    endloop
  endfacet
  facet normal -0.708014 -0.293218 0.642449
    outer loop
      vertex -11.085 -4.03462 26.8094
      vertex -11.9281 -4.34149 25.7402
      vertex -11.5044 -5.36457 25.7402
    endloop
  endfacet
  facet normal -0.884984 -0.196187 0.422273
    outer loop
      vertex -13.7086 -3.6732 23.388
      vertex -14.5575 -2.56688 22.1229
      vertex -14.2784 -3.82588 22.1229
    endloop
  endfacet
  facet normal -0.768359 -0.399984 0.499638
    outer loop
      vertex -12.23 -5.70292 24.5968
      vertex -12.8625 -5.99787 23.388
      vertex -12.2908 -7.09609 23.388
    endloop
  endfacet
  facet normal -0.59421 -0.246163 0.765714
    outer loop
      vertex -8.8276 -4.11638 28.6937
      vertex -10.1576 -3.69705 27.7964
      vertex -9.79668 -4.56827 27.7964
    endloop
  endfacet
  facet normal -0.265011 -0.50909 0.818899
    outer loop
      vertex -4.2984 -7.44504 29.4943
      vertex -4.87009 -8.43525 28.6937
      vertex -4.11638 -8.8276 28.6937
    endloop
  endfacet
  facet normal -0.800297 -0.331492 0.499637
    outer loop
      vertex -12.23 -5.70292 24.5968
      vertex -13.3363 -4.85401 23.388
      vertex -12.8625 -5.99787 23.388
    endloop
  endfacet
  facet normal -0.692889 -0.634901 0.341767
    outer loop
      vertex -10.4525 -10.4525 22.1229
      vertex -11.3237 -9.50173 22.1229
      vertex -10.7901 -10.7901 20.8113
    endloop
  endfacet
  facet normal -0.51772 -0.564998 0.642451
    outer loop
      vertex -8.34134 -8.34134 26.8094
      vertex -8.97577 -8.97577 25.7402
      vertex -7.5826 -9.03659 26.8094
    endloop
  endfacet
  facet normal -0.553588 -0.604136 0.573202
    outer loop
      vertex -8.97577 -8.97577 25.7402
      vertex -9.54188 -9.54188 24.5968
      vertex -8.67394 -10.3372 24.5968
    endloop
  endfacet
  facet normal -0.183941 -0.288725 0.939576
    outer loop
      vertex -2.94752 -4.78864 30.9623
      vertex -2.40565 -4.1667 31.2595
      vertex -2.75964 -3.94118 31.2595
    endloop
  endfacet
  facet normal -0.18392 -0.288743 0.939575
    outer loop
      vertex -2.40565 -4.1667 31.2595
      vertex -2.94752 -4.78864 30.9623
      vertex -2.8 -4.84974 30.9724
    endloop
  endfacet
  facet normal 0.165777 0.0522649 0.984777
    outer loop
      vertex 3.25419 1.18443 31.6207
      vertex 1.96247 0.714281 31.8631
      vertex 3.34503 0.896298 31.6207
    endloop
  endfacet
  facet normal 0.0871879 0.00380565 0.996185
    outer loop
      vertex 2.08842 0 31.8631
      vertex 0.695254 0.0608263 31.9848
      vertex 0.697909 0 31.9848
    endloop
  endfacet
  facet normal -0.31625 -0.131001 0.939588
    outer loop
      vertex -4.52114 -1.64556 31.2595
      vertex -5.75368 -2.09417 30.7821
      vertex -5.54926 -2.58766 30.7821
    endloop
  endfacet
  facet normal 0.0736042 -0.04689 0.996185
    outer loop
      vertex 1.80862 -1.04421 31.8631
      vertex 0.571694 -0.400305 31.9848
      vertex 1.71073 -1.19787 31.8631
    endloop
  endfacet
  facet normal -0.0552119 -0.419328 0.906154
    outer loop
      vertex -1.06324 -6.02991 30.7821
      vertex -1.28291 -7.27574 30.1922
      vertex -0.533648 -6.09964 30.7821
    endloop
  endfacet
  facet normal -0.0446853 -0.33938 0.939587
    outer loop
      vertex -0.835472 -4.7382 31.2595
      vertex -1.06324 -6.02991 30.7821
      vertex -0.533648 -6.09964 30.7821
    endloop
  endfacet
  facet normal -0.0665174 -0.160591 0.984777
    outer loop
      vertex -0.882604 -1.89275 31.8631
      vertex -1.46354 -3.13857 31.6207
      vertex -0.714281 -1.96247 31.8631
    endloop
  endfacet
  facet normal -0.239289 -0.0991205 0.965876
    outer loop
      vertex -3.25419 -1.18443 31.6207
      vertex -4.52114 -1.64556 31.2595
      vertex -4.36051 -2.03334 31.2595
    endloop
  endfacet
  facet normal -0.484054 -0.308379 0.818899
    outer loop
      vertex -7.04208 -4.93092 29.4943
      vertex -8.43525 -4.87009 28.6937
      vertex -7.97869 -5.58674 28.6937
    endloop
  endfacet
  facet normal -0.613414 -0.193363 0.765725
    outer loop
      vertex -9.15278 -3.33134 28.6937
      vertex -10.4411 -2.79769 27.7964
      vertex -10.1576 -3.69705 27.7964
    endloop
  endfacet
  facet normal -0.311831 -0.285741 0.906153
    outer loop
      vertex -4.69044 -3.93575 30.7821
      vertex -5.22409 -5.22409 30.1922
      vertex -4.32957 -4.32957 30.7821
    endloop
  endfacet
  facet normal -0.303635 -0.158056 0.939587
    outer loop
      vertex -4.36051 -2.03334 31.2595
      vertex -5.54926 -2.58766 30.7821
      vertex -5.30262 -3.06147 30.7821
    endloop
  endfacet
  facet normal 0.359621 -0.868258 0.34176
    outer loop
      vertex 6.24717 -13.3971 22.1229
      vertex 5.21905 -14.3392 20.8113
      vertex 6.44893 -13.8298 20.8113
    endloop
  endfacet
  facet normal 0.399984 -0.768359 0.499638
    outer loop
      vertex 7.09609 -12.2908 23.388
      vertex 5.70292 -12.23 24.5968
      vertex 5.99787 -12.8625 23.388
    endloop
  endfacet
  facet normal 0.792619 -0.504966 0.341708
    outer loop
      vertex 12.8017 -7.39104 22.1229
      vertex 12.1088 -8.47865 22.1229
      vertex 12.4998 -8.75247 20.8113
    endloop
  endfacet
  facet normal 0.79261 -0.504974 0.341718
    outer loop
      vertex 12.8017 -7.39104 22.1229
      vertex 12.4998 -8.75247 20.8113
      vertex 13.2151 -7.62973 20.8113
    endloop
  endfacet
  facet normal 0.126116 -0.957717 0.258597
    outer loop
      vertex 2.64978 -15.0276 20.8113
      vertex 1.32995 -15.2014 20.8113
      vertex 2.71251 -15.3834 19.463
    endloop
  endfacet
  facet normal 0.995249 -0.0435059 0.0871066
    outer loop
      vertex 15.9848 0 16.6979
      vertex 15.8631 0 18.0884
      vertex 15.9239 -1.39316 16.6979
    endloop
  endfacet
  facet normal 0.961499 -0.213124 0.173491
    outer loop
      vertex 15.3834 -2.71251 19.463
      vertex 15.0885 -4.04294 19.463
      vertex 15.6221 -2.7546 18.0884
    endloop
  endfacet
  facet normal 0.961498 -0.21314 0.173475
    outer loop
      vertex 15.6221 -2.7546 18.0884
      vertex 15.0885 -4.04294 19.463
      vertex 15.3226 -4.10568 18.0884
    endloop
  endfacet
  facet normal 0.887011 -0.461749 0
    outer loop
      vertex 13.8432 -7.99238 16.6979
      vertex 14.4871 -6.75546 16
      vertex 14.4871 -6.75546 16.6979
    endloop
  endfacet
  facet normal 0.887011 -0.461749 0
    outer loop
      vertex 14.4871 -6.75546 16
      vertex 13.8432 -7.99238 16.6979
      vertex 13.8432 -7.99238 16
    endloop
  endfacet
  facet normal 0.991447 -0.13051 0
    outer loop
      vertex 15.9239 -1.39316 16.6979
      vertex 15.8506 -1.95 16
      vertex 15.9239 -1.39316 16
    endloop
  endfacet
  facet normal 0.991447 -0.130513 2.56776e-06
    outer loop
      vertex 15.7419 -2.77573 16.6979
      vertex 15.8506 -1.95 16
      vertex 15.9239 -1.39316 16.6979
    endloop
  endfacet
  facet normal 0.991446 -0.130515 0
    outer loop
      vertex 15.8506 -1.95 16
      vertex 15.7419 -2.77573 16.6979
      vertex 15.7419 -2.77573 16
    endloop
  endfacet
  facet normal 0.766365 -0.588055 0.258604
    outer loop
      vertex 12.4998 -8.75247 20.8113
      vertex 11.6894 -9.8086 20.8113
      vertex 11.9662 -10.0408 19.463
    endloop
  endfacet
  facet normal 0.999046 -0.0436719 0
    outer loop
      vertex 15.9239 -1.39316 16.6979
      vertex 15.9848 0 16
      vertex 15.9848 0 16.6979
    endloop
  endfacet
  facet normal 0.999046 -0.0436719 0
    outer loop
      vertex 15.9848 0 16
      vertex 15.9239 -1.39316 16.6979
      vertex 15.9239 -1.39316 16
    endloop
  endfacet
  facet normal 0.953723 0.300685 0
    outer loop
      vertex 15.4401 4.13716 16.6979
      vertex 15.0208 5.46711 16
      vertex 15.0208 5.46711 16.6979
    endloop
  endfacet
  facet normal 0.953723 0.300685 0
    outer loop
      vertex 15.0208 5.46711 16
      vertex 15.4401 4.13716 16.6979
      vertex 15.4401 4.13716 16
    endloop
  endfacet
  facet normal -0.216425 -0.976299 0
    outer loop
      vertex -4.13716 -15.4401 16
      vertex -2.77573 -15.7419 16.6979
      vertex -4.13716 -15.4401 16.6979
    endloop
  endfacet
  facet normal -0.216425 -0.976299 -0
    outer loop
      vertex -2.77573 -15.7419 16.6979
      vertex -4.13716 -15.4401 16
      vertex -2.77573 -15.7419 16
    endloop
  endfacet
  facet normal 0.0378215 -0.865406 0.499642
    outer loop
      vertex 0 -13.4943 24.5968
      vertex 0 -14.1922 23.388
      vertex 1.1761 -13.4429 24.5968
    endloop
  endfacet
  facet normal -0.290488 -0.921274 0.258596
    outer loop
      vertex -5.21905 -14.3392 20.8113
      vertex -5.34261 -14.6787 19.463
      vertex -4.04294 -15.0885 19.463
    endloop
  endfacet
  facet normal -0.0421068 -0.965083 0.258539
    outer loop
      vertex 0 -15.2595 20.8113
      vertex -1.36144 -15.5613 19.463
      vertex 0 -15.6207 19.463
    endloop
  endfacet
  facet normal -0.66537 -0.726072 0.173502
    outer loop
      vertex -10.0408 -11.9662 19.463
      vertex -11.2169 -11.2169 18.0884
      vertex -10.1966 -12.1519 18.0884
    endloop
  endfacet
  facet normal -0.734471 -0.673033 0.0870517
    outer loop
      vertex -11.2169 -11.2169 18.0884
      vertex -12.245 -10.2748 16.6979
      vertex -11.3029 -11.3029 16.6979
    endloop
  endfacet
  facet normal -0.300685 -0.953723 0
    outer loop
      vertex -5.46711 -15.0208 16
      vertex -4.13716 -15.4401 16.6979
      vertex -5.46711 -15.0208 16.6979
    endloop
  endfacet
  facet normal -0.300685 -0.953723 -0
    outer loop
      vertex -4.13716 -15.4401 16.6979
      vertex -5.46711 -15.0208 16
      vertex -4.13716 -15.4401 16
    endloop
  endfacet
  facet normal 0.38126 -0.920359 0.0870604
    outer loop
      vertex 6.75546 -14.4871 16.6979
      vertex 5.42551 -14.9065 18.0884
      vertex 5.46711 -15.0208 16.6979
    endloop
  endfacet
  facet normal 0.376889 -0.909863 0.173506
    outer loop
      vertex 6.60161 -14.1572 19.463
      vertex 5.42551 -14.9065 18.0884
      vertex 6.70404 -14.3769 18.0884
    endloop
  endfacet
  facet normal 0.712176 -0.652633 0.258601
    outer loop
      vertex 11.6894 -9.8086 20.8113
      vertex 11.0455 -11.0455 19.463
      vertex 11.9662 -10.0408 19.463
    endloop
  endfacet
  facet normal 0.461749 -0.887011 0
    outer loop
      vertex 6.75546 -14.4871 16
      vertex 7.99238 -13.8432 16.6979
      vertex 6.75546 -14.4871 16.6979
    endloop
  endfacet
  facet normal 0.461749 -0.887011 0
    outer loop
      vertex 7.99238 -13.8432 16.6979
      vertex 6.75546 -14.4871 16
      vertex 7.99238 -13.8432 16
    endloop
  endfacet
  facet normal 0.957721 -0.126106 0.258588
    outer loop
      vertex 15.5613 -1.36144 19.463
      vertex 15.2014 -1.32995 20.8113
      vertex 15.3834 -2.71251 19.463
    endloop
  endfacet
  facet normal 0.965067 -0.0421598 0.258589
    outer loop
      vertex 15.2595 0 20.8113
      vertex 15.2014 -1.32995 20.8113
      vertex 15.5613 -1.36144 19.463
    endloop
  endfacet
  facet normal 0.884988 -0.196215 0.422251
    outer loop
      vertex 13.9766 -2.46444 23.388
      vertex 13.7086 -3.6732 23.388
      vertex 14.5575 -2.56688 22.1229
    endloop
  endfacet
  facet normal 0.884984 -0.196187 0.422273
    outer loop
      vertex 14.5575 -2.56688 22.1229
      vertex 13.7086 -3.6732 23.388
      vertex 14.2784 -3.82588 22.1229
    endloop
  endfacet
  facet normal 0.868256 -0.359648 0.341738
    outer loop
      vertex 13.8906 -5.05577 22.1229
      vertex 13.3971 -6.24717 22.1229
      vertex 14.3392 -5.21905 20.8113
    endloop
  endfacet
  facet normal 0.943091 -0.209043 0.25861
    outer loop
      vertex 15.3834 -2.71251 19.463
      vertex 14.7395 -3.94944 20.8113
      vertex 15.0885 -4.04294 19.463
    endloop
  endfacet
  facet normal 0.873573 -0.454724 0.173484
    outer loop
      vertex 14.1572 -6.60161 19.463
      vertex 13.528 -7.81037 19.463
      vertex 13.7379 -7.93156 18.0884
    endloop
  endfacet
  facet normal 0.939247 -0.296155 0.173514
    outer loop
      vertex 15.0885 -4.04294 19.463
      vertex 14.6787 -5.34261 19.463
      vertex 14.9065 -5.42551 18.0884
    endloop
  endfacet
  facet normal 0.909863 -0.376889 0.173506
    outer loop
      vertex 14.9065 -5.42551 18.0884
      vertex 14.1572 -6.60161 19.463
      vertex 14.3769 -6.70404 18.0884
    endloop
  endfacet
  facet normal 0.920369 -0.381241 0.0870393
    outer loop
      vertex 14.9065 -5.42551 18.0884
      vertex 14.3769 -6.70404 18.0884
      vertex 14.4871 -6.75546 16.6979
    endloop
  endfacet
  facet normal 0.734456 -0.673053 0.0870267
    outer loop
      vertex 12.1519 -10.1966 18.0884
      vertex 11.2169 -11.2169 18.0884
      vertex 12.245 -10.2748 16.6979
    endloop
  endfacet
  facet normal 0.79031 -0.606496 0.0870233
    outer loop
      vertex 13.094 -9.16849 16.6979
      vertex 12.1519 -10.1966 18.0884
      vertex 12.245 -10.2748 16.6979
    endloop
  endfacet
  facet normal 0.118304 -0.898731 0.42224
    outer loop
      vertex 2.56688 -14.5575 22.1229
      vertex 1.23693 -14.1382 23.388
      vertex 1.28834 -14.7258 22.1229
    endloop
  endfacet
  facet normal -0.0358133 -0.818615 0.573226
    outer loop
      vertex -1.10632 -12.6453 25.7402
      vertex -1.1761 -13.4429 24.5968
      vertex 0 -12.6937 25.7402
    endloop
  endfacet
  facet normal 0.0749136 -0.569028 0.818899
    outer loop
      vertex 1.69136 -9.59221 28.6937
      vertex 0.749259 -8.56408 29.4943
      vertex 0.848912 -9.70312 28.6937
    endloop
  endfacet
  facet normal -0.0334925 -0.765567 0.642484
    outer loop
      vertex 0 -11.7964 26.8094
      vertex -1.10632 -12.6453 25.7402
      vertex 0 -12.6937 25.7402
    endloop
  endfacet
  facet normal -0.268705 -0.421998 0.865861
    outer loop
      vertex -4.2984 -7.44504 29.4943
      vertex -4.2 -7.27461 29.6079
      vertex -4.28801 -7.20708 29.6135
    endloop
  endfacet
  facet normal 0.0334349 -0.765599 0.642449
    outer loop
      vertex 1.02813 -11.7515 26.8094
      vertex 0 -11.7964 26.8094
      vertex 1.10632 -12.6453 25.7402
    endloop
  endfacet
  facet normal 0.833611 -0.433961 0.341718
    outer loop
      vertex 13.8298 -6.44893 20.8113
      vertex 12.8017 -7.39104 22.1229
      vertex 13.2151 -7.62973 20.8113
    endloop
  endfacet
  facet normal 0.719115 -0.551841 0.422309
    outer loop
      vertex 11.6255 -8.1403 23.388
      vertex 11.3237 -9.50173 22.1229
      vertex 12.1088 -8.47865 22.1229
    endloop
  endfacet
  facet normal 0.726821 -0.378372 0.573206
    outer loop
      vertex 12.23 -5.70292 24.5968
      vertex 11.5044 -5.36457 25.7402
      vertex 11.6864 -6.74713 24.5968
    endloop
  endfacet
  facet normal 0.764481 -0.487075 0.422288
    outer loop
      vertex 12.2908 -7.09609 23.388
      vertex 11.6255 -8.1403 23.388
      vertex 12.8017 -7.39104 22.1229
    endloop
  endfacet
  facet normal 0.668352 -0.612379 0.422253
    outer loop
      vertex 10.8718 -9.12255 23.388
      vertex 10.0354 -10.0354 23.388
      vertex 10.4525 -10.4525 22.1229
    endloop
  endfacet
  facet normal 0.604136 -0.553588 0.573202
    outer loop
      vertex 10.3372 -8.67394 24.5968
      vertex 8.97577 -8.97577 25.7402
      vertex 9.54188 -9.54188 24.5968
    endloop
  endfacet
  facet normal 0.561251 -0.430673 0.706766
    outer loop
      vertex 9.66308 -6.76616 26.8094
      vertex 8.28051 -6.94818 27.7964
      vertex 9.03659 -7.5826 26.8094
    endloop
  endfacet
  facet normal 0.646321 -0.411758 0.642436
    outer loop
      vertex 10.993 -6.34683 25.7402
      vertex 9.66308 -6.76616 26.8094
      vertex 10.398 -7.28078 25.7402
    endloop
  endfacet
  facet normal 0.477942 -0.521588 0.706766
    outer loop
      vertex 8.34134 -8.34134 26.8094
      vertex 6.94818 -8.28051 27.7964
      vertex 7.5826 -9.03659 26.8094
    endloop
  endfacet
  facet normal 0.650065 -0.49885 0.573205
    outer loop
      vertex 11.0539 -7.73999 24.5968
      vertex 9.7239 -8.15932 25.7402
      vertex 10.3372 -8.67394 24.5968
    endloop
  endfacet
  facet normal 0.53528 -0.840172 0.0871032
    outer loop
      vertex 9.09871 -12.9943 18.0884
      vertex 7.93156 -13.7379 18.0884
      vertex 9.16849 -13.094 16.6979
    endloop
  endfacet
  facet normal 0.527337 -0.687245 0.499609
    outer loop
      vertex 9.12255 -10.8718 23.388
      vertex 7.73999 -11.0539 24.5968
      vertex 8.1403 -11.6255 23.388
    endloop
  endfacet
  facet normal 0.346897 -0.837472 0.42226
    outer loop
      vertex 6.24717 -13.3971 22.1229
      vertex 4.85401 -13.3363 23.388
      vertex 5.05577 -13.8906 22.1229
    endloop
  endfacet
  facet normal 0.331492 -0.800297 0.499637
    outer loop
      vertex 5.70292 -12.23 24.5968
      vertex 4.85401 -13.3363 23.388
      vertex 5.99787 -12.8625 23.388
    endloop
  endfacet
  facet normal 0.165839 -0.748184 0.642431
    outer loop
      vertex 3.05314 -11.3945 26.8094
      vertex 2.04843 -11.6172 26.8094
      vertex 3.28536 -12.2611 25.7402
    endloop
  endfacet
  facet normal 0.246163 -0.59421 0.765714
    outer loop
      vertex 4.11638 -8.8276 28.6937
      vertex 3.69705 -10.1576 27.7964
      vertex 4.56827 -9.79668 27.7964
    endloop
  endfacet
  facet normal 0.440251 -0.691079 0.573226
    outer loop
      vertex 7.73999 -11.0539 24.5968
      vertex 6.34683 -10.993 25.7402
      vertex 6.74713 -11.6864 24.5968
    endloop
  endfacet
  facet normal 0.378394 -0.726792 0.573228
    outer loop
      vertex 6.34683 -10.993 25.7402
      vertex 5.36457 -11.5044 25.7402
      vertex 6.74713 -11.6864 24.5968
    endloop
  endfacet
  facet normal 0.748184 0.165839 0.642431
    outer loop
      vertex 12.2611 3.28536 25.7402
      vertex 11.3945 3.05314 26.8094
      vertex 11.6172 2.04843 26.8094
    endloop
  endfacet
  facet normal 0.905606 -0.0395356 0.422273
    outer loop
      vertex 14.1922 0 23.388
      vertex 14.1382 -1.23693 23.388
      vertex 14.7821 0 22.1229
    endloop
  endfacet
  facet normal 0.443819 0.231036 0.865822
    outer loop
      vertex 7.44504 4.2984 29.4943
      vertex 6.39818 3.69399 30.1922
      vertex 7.79134 3.63316 29.4943
    endloop
  endfacet
  facet normal 0.59421 0.246163 0.765714
    outer loop
      vertex 9.79668 4.56827 27.7964
      vertex 8.8276 4.11638 28.6937
      vertex 10.1576 3.69705 27.7964
    endloop
  endfacet
  facet normal 0.701391 -0.0923499 0.706768
    outer loop
      vertex 10.7683 -0.942104 27.7964
      vertex 10.6452 -1.87704 27.7964
      vertex 11.6172 -2.04843 26.8094
    endloop
  endfacet
  facet normal 0.706785 -0.0308664 0.706754
    outer loop
      vertex 11.7964 0 26.8094
      vertex 10.7683 -0.942104 27.7964
      vertex 11.7515 -1.02813 26.8094
    endloop
  endfacet
  facet normal 0.748184 -0.165839 0.642431
    outer loop
      vertex 11.6172 -2.04843 26.8094
      vertex 11.3945 -3.05314 26.8094
      vertex 12.2611 -3.28536 25.7402
    endloop
  endfacet
  facet normal 0.69067 -0.153091 0.70678
    outer loop
      vertex 11.6172 -2.04843 26.8094
      vertex 10.4411 -2.79769 27.7964
      vertex 11.3945 -3.05314 26.8094
    endloop
  endfacet
  facet normal 0.781464 -0.246396 0.573239
    outer loop
      vertex 13.0345 -3.49257 24.5968
      vertex 11.9281 -4.34149 25.7402
      vertex 12.6805 -4.61531 24.5968
    endloop
  endfacet
  facet normal 0.898724 -0.118316 0.422251
    outer loop
      vertex 14.1382 -1.23693 23.388
      vertex 13.9766 -2.46444 23.388
      vertex 14.5575 -2.56688 22.1229
    endloop
  endfacet
  facet normal 0.837472 -0.346897 0.42226
    outer loop
      vertex 13.8906 -5.05577 22.1229
      vertex 13.3363 -4.85401 23.388
      vertex 13.3971 -6.24717 22.1229
    endloop
  endfacet
  facet normal 0.864522 -0.272577 0.422259
    outer loop
      vertex 13.7086 -3.6732 23.388
      vertex 13.3363 -4.85401 23.388
      vertex 13.8906 -5.05577 22.1229
    endloop
  endfacet
  facet normal 0.826145 -0.260484 0.499632
    outer loop
      vertex 13.0345 -3.49257 24.5968
      vertex 12.6805 -4.61531 24.5968
      vertex 13.7086 -3.6732 23.388
    endloop
  endfacet
  facet normal 0.845704 -0.187489 0.499632
    outer loop
      vertex 13.2893 -2.34325 24.5968
      vertex 13.0345 -3.49257 24.5968
      vertex 13.7086 -3.6732 23.388
    endloop
  endfacet
  facet normal 0.462264 -0.191481 0.865821
    outer loop
      vertex 6.94243 -2.52684 30.1922
      vertex 6.69578 -3.12229 30.1922
      vertex 8.07834 -2.94028 29.4943
    endloop
  endfacet
  facet normal 0.157674 -0.205484 0.965875
    outer loop
      vertex 3.09264 -3.68566 31.2595
      vertex 2.226 -2.65284 31.6207
      vertex 2.75964 -3.94118 31.2595
    endloop
  endfacet
  facet normal 0.0740884 -0.334196 0.939587
    outer loop
      vertex 1.58473 -5.9143 30.7821
      vertex 0.835472 -4.7382 31.2595
      vertex 1.06324 -6.02991 30.7821
    endloop
  endfacet
  facet normal 0.139164 -0.218443 0.965876
    outer loop
      vertex 1.98631 -2.83675 31.6207
      vertex 1.73152 -2.99907 31.6207
      vertex 2.75964 -3.94118 31.2595
    endloop
  endfacet
  facet normal 0.423153 -0.387746 0.818898
    outer loop
      vertex 7.46141 -6.26087 28.6937
      vertex 6.58553 -5.52591 29.4943
      vertex 6.88735 -6.88735 28.6937
    endloop
  endfacet
  facet normal 0.477944 -0.521583 0.706768
    outer loop
      vertex 7.64343 -7.64343 27.7964
      vertex 6.94818 -8.28051 27.7964
      vertex 8.34134 -8.34134 26.8094
    endloop
  endfacet
  facet normal 0.51027 -0.391545 0.765714
    outer loop
      vertex 7.97869 -5.58674 28.6937
      vertex 7.46141 -6.26087 28.6937
      vertex 8.85458 -6.20004 27.7964
    endloop
  endfacet
  facet normal 0.455335 -0.349392 0.818898
    outer loop
      vertex 7.97869 -5.58674 28.6937
      vertex 7.04208 -4.93092 29.4943
      vertex 7.46141 -6.26087 28.6937
    endloop
  endfacet
  facet normal 0.708014 -0.293218 0.642449
    outer loop
      vertex 11.9281 -4.34149 25.7402
      vertex 11.085 -4.03462 26.8094
      vertex 11.5044 -5.36457 25.7402
    endloop
  endfacet
  facet normal 0.59421 -0.246163 0.765714
    outer loop
      vertex 10.1576 -3.69705 27.7964
      vertex 8.8276 -4.11638 28.6937
      vertex 9.79668 -4.56827 27.7964
    endloop
  endfacet
  facet normal 0.499775 -0.0216738 0.865884
    outer loop
      vertex 8.21243 -0.7 29.6985
      vertex 8.56408 -0.749259 29.4943
      vertex 8.26971 -0.561725 29.6689
    endloop
  endfacet
  facet normal 0.500103 -0.0188278 0.865761
    outer loop
      vertex 8.56408 -0.749259 29.4943
      vertex 8.21243 -0.7 29.6985
      vertex 8.19914 -0.717331 29.7058
    endloop
  endfacet
  facet normal 0.488487 -0.1083 0.865825
    outer loop
      vertex 7.45398 -1.31434 30.0877
      vertex 8.30386 -2.22501 29.4943
      vertex 8.46619 -1.49282 29.4943
    endloop
  endfacet
  facet normal 0.48822 -0.108621 0.865935
    outer loop
      vertex 7.36235 -1.3523 30.1346
      vertex 8.30386 -2.22501 29.4943
      vertex 7.45398 -1.31434 30.0877
    endloop
  endfacet
  facet normal 0.487525 -0.10957 0.866207
    outer loop
      vertex 8.30386 -2.22501 29.4943
      vertex 7.36235 -1.3523 30.1346
      vertex 7.35283 -1.35355 30.1398
    endloop
  endfacet
  facet normal 0.547375 -0.172584 0.818899
    outer loop
      vertex 8.30386 -2.22501 29.4943
      vertex 8.07834 -2.94028 29.4943
      vertex 9.40829 -2.52094 28.6937
    endloop
  endfacet
  facet normal 0.560333 -0.124227 0.818898
    outer loop
      vertex 9.59221 -1.69136 28.6937
      vertex 8.46619 -1.49282 29.4943
      vertex 9.40829 -2.52094 28.6937
    endloop
  endfacet
  facet normal 0.288698 0.183927 0.939587
    outer loop
      vertex 5.01561 3.51197 30.7821
      vertex 3.94118 2.75964 31.2595
      vertex 5.30262 3.06147 30.7821
    endloop
  endfacet
  facet normal 0.499775 0.0216738 0.865884
    outer loop
      vertex 8.56408 0.749259 29.4943
      vertex 8.21243 0.7 29.6985
      vertex 8.26971 0.561725 29.6689
    endloop
  endfacet
  facet normal 0.500103 0.0188278 0.865761
    outer loop
      vertex 8.21243 0.7 29.6985
      vertex 8.56408 0.749259 29.4943
      vertex 8.19914 0.717331 29.7058
    endloop
  endfacet
  facet normal 0.342017 0.0147953 0.939577
    outer loop
      vertex 5.64549 0.345536 30.9504
      vertex 4.81129 0 31.2595
      vertex 5.6 0 30.9724
    endloop
  endfacet
  facet normal 0.499815 0.0218201 0.865858
    outer loop
      vertex 8.3523 0.362347 29.6263
      vertex 8.59679 0 29.4943
      vertex 8.56408 0.749259 29.4943
    endloop
  endfacet
  facet normal 0.499826 0.02183 0.865851
    outer loop
      vertex 8.59679 0 29.4943
      vertex 8.3523 0.362347 29.6263
      vertex 8.4 0 29.6079
    endloop
  endfacet
  facet normal 0.499642 0.0219473 0.865954
    outer loop
      vertex 8.3523 0.362347 29.6263
      vertex 8.56408 0.749259 29.4943
      vertex 8.26971 0.561725 29.6689
    endloop
  endfacet
  facet normal 0.496055 0.0654695 0.865819
    outer loop
      vertex 8.56408 0.749259 29.4943
      vertex 7.99319 0.985732 29.8035
      vertex 8.19914 0.717331 29.7058
    endloop
  endfacet
  facet normal 0.368896 0.338034 0.865822
    outer loop
      vertex 6.07885 6.07885 29.4943
      vertex 5.65952 4.7489 30.1922
      vertex 6.58553 5.52591 29.4943
    endloop
  endfacet
  facet normal 0.190951 0.174987 0.965876
    outer loop
      vertex 3.4021 3.4021 31.2595
      vertex 2.44873 2.44873 31.6207
      vertex 2.65284 2.226 31.6207
    endloop
  endfacet
  facet normal -0.0589586 0.0643437 0.996185
    outer loop
      vertex -0.448607 0.53463 31.9848
      vertex -1.34241 1.59982 31.8631
      vertex -0.493497 0.493497 31.9848
    endloop
  endfacet
  facet normal 0.102931 0.326467 0.939588
    outer loop
      vertex 2.09417 5.75368 30.7821
      vertex 1.58473 5.9143 30.7821
      vertex 1.64556 4.52114 31.2595
    endloop
  endfacet
  facet normal 0.349391 0.455337 0.818898
    outer loop
      vertex 6.26087 7.46141 28.6937
      vertex 4.93092 7.04208 29.4943
      vertex 5.52591 6.58553 29.4943
    endloop
  endfacet
  facet normal 0.335548 0.257477 0.906153
    outer loop
      vertex 5.65952 4.7489 30.1922
      vertex 4.69044 3.93575 30.7821
      vertex 6.05188 4.23757 30.1922
    endloop
  endfacet
  facet normal 0.227255 0.356707 0.906154
    outer loop
      vertex 4.23757 6.05188 30.1922
      vertex 3.06147 5.30262 30.7821
      vertex 3.51197 5.01561 30.7821
    endloop
  endfacet
  facet normal 0.304594 0.396957 0.865822
    outer loop
      vertex 4.93092 7.04208 29.4943
      vertex 4.23757 6.05188 30.1922
      vertex 5.52591 6.58553 29.4943
    endloop
  endfacet
  facet normal 0.231256 0.252379 0.939588
    outer loop
      vertex 3.93575 4.69044 30.7821
      vertex 3.09264 3.68566 31.2595
      vertex 3.4021 3.4021 31.2595
    endloop
  endfacet
  facet normal 0.137901 0.105816 0.984777
    outer loop
      vertex 2.65284 2.226 31.6207
      vertex 1.59982 1.34241 31.8631
      vertex 1.71073 1.19787 31.8631
    endloop
  endfacet
  facet normal -0.196187 -0.884984 0.422273
    outer loop
      vertex -3.6732 -13.7086 23.388
      vertex -3.82588 -14.2784 22.1229
      vertex -2.56688 -14.5575 22.1229
    endloop
  endfacet
  facet normal 0.209043 -0.943091 0.25861
    outer loop
      vertex 3.94944 -14.7395 20.8113
      vertex 2.71251 -15.3834 19.463
      vertex 4.04294 -15.0885 19.463
    endloop
  endfacet
  facet normal 0.21314 -0.961498 0.173475
    outer loop
      vertex 4.04294 -15.0885 19.463
      vertex 2.7546 -15.6221 18.0884
      vertex 4.10568 -15.3226 18.0884
    endloop
  endfacet
  facet normal 0.0410164 -0.938894 0.341754
    outer loop
      vertex 1.28834 -14.7258 22.1229
      vertex 0 -15.2595 20.8113
      vertex 1.32995 -15.2014 20.8113
    endloop
  endfacet
  facet normal -0.113022 -0.858809 0.499673
    outer loop
      vertex -1.1761 -13.4429 24.5968
      vertex -2.34325 -13.2893 24.5968
      vertex -1.23693 -14.1382 23.388
    endloop
  endfacet
  facet normal -0.177362 -0.799962 0.573239
    outer loop
      vertex -3.28536 -12.2611 25.7402
      vertex -3.49257 -13.0345 24.5968
      vertex -2.20423 -12.5008 25.7402
    endloop
  endfacet
  facet normal -0.0395356 -0.905606 0.422273
    outer loop
      vertex 0 -14.1922 23.388
      vertex -1.23693 -14.1382 23.388
      vertex 0 -14.7821 22.1229
    endloop
  endfacet
  facet normal -0.282598 -0.8963 0.341737
    outer loop
      vertex -5.05577 -13.8906 22.1229
      vertex -5.21905 -14.3392 20.8113
      vertex -3.94944 -14.7395 20.8113
    endloop
  endfacet
  facet normal 0.196187 -0.884984 0.422273
    outer loop
      vertex 3.6732 -13.7086 23.388
      vertex 2.56688 -14.5575 22.1229
      vertex 3.82588 -14.2784 22.1229
    endloop
  endfacet
  facet normal 0.187503 -0.845694 0.499644
    outer loop
      vertex 3.6732 -13.7086 23.388
      vertex 2.34325 -13.2893 24.5968
      vertex 2.46444 -13.9766 23.388
    endloop
  endfacet
  facet normal 0.270768 -0.653604 0.706743
    outer loop
      vertex 4.56827 -9.79668 27.7964
      vertex 3.69705 -10.1576 27.7964
      vertex 4.03462 -11.085 26.8094
    endloop
  endfacet
  facet normal 0.246397 -0.781464 0.573238
    outer loop
      vertex 4.34149 -11.9281 25.7402
      vertex 3.28536 -12.2611 25.7402
      vertex 3.49257 -13.0345 24.5968
    endloop
  endfacet
  facet normal -0.0429276 0.983895 0.173518
    outer loop
      vertex 0 15.6207 19.463
      vertex -1.38256 15.8028 18.0884
      vertex -1.36144 15.5613 19.463
    endloop
  endfacet
  facet normal -0.130079 0.987678 0.0870095
    outer loop
      vertex -1.39316 15.9239 16.6979
      vertex -2.7546 15.6221 18.0884
      vertex -1.38256 15.8028 18.0884
    endloop
  endfacet
  facet normal -0.130017 0.987681 0.0870705
    outer loop
      vertex -1.39316 15.9239 16.6979
      vertex -2.77573 15.7419 16.6979
      vertex -2.7546 15.6221 18.0884
    endloop
  endfacet
  facet normal -0.215603 0.972591 0.0870709
    outer loop
      vertex -2.77573 15.7419 16.6979
      vertex -4.13716 15.4401 16.6979
      vertex -2.7546 15.6221 18.0884
    endloop
  endfacet
  facet normal 0.126116 0.957717 0.258597
    outer loop
      vertex 2.71251 15.3834 19.463
      vertex 1.32995 15.2014 20.8113
      vertex 2.64978 15.0276 20.8113
    endloop
  endfacet
  facet normal 0.81469 0.519041 0.258604
    outer loop
      vertex 13.528 7.81037 19.463
      vertex 12.4998 8.75247 20.8113
      vertex 13.2151 7.62973 20.8113
    endloop
  endfacet
  facet normal 0.856833 0.44605 0.258605
    outer loop
      vertex 13.528 7.81037 19.463
      vertex 13.2151 7.62973 20.8113
      vertex 13.8298 6.44893 20.8113
    endloop
  endfacet
  facet normal 0.79261 0.504974 0.341718
    outer loop
      vertex 13.2151 7.62973 20.8113
      vertex 12.4998 8.75247 20.8113
      vertex 12.8017 7.39104 22.1229
    endloop
  endfacet
  facet normal 0.833611 0.433961 0.341718
    outer loop
      vertex 13.2151 7.62973 20.8113
      vertex 12.8017 7.39104 22.1229
      vertex 13.8298 6.44893 20.8113
    endloop
  endfacet
  facet normal 0.691079 0.440251 0.573226
    outer loop
      vertex 11.0539 7.73999 24.5968
      vertex 10.993 6.34683 25.7402
      vertex 11.6864 6.74713 24.5968
    endloop
  endfacet
  facet normal 0.691063 0.440262 0.573238
    outer loop
      vertex 11.0539 7.73999 24.5968
      vertex 10.398 7.28078 25.7402
      vertex 10.993 6.34683 25.7402
    endloop
  endfacet
  facet normal 0.679725 0.353851 0.642467
    outer loop
      vertex 11.5044 5.36457 25.7402
      vertex 10.216 5.89822 26.8094
      vertex 10.6912 4.98539 26.8094
    endloop
  endfacet
  facet normal 0.845704 0.187489 0.499632
    outer loop
      vertex 13.7086 3.6732 23.388
      vertex 13.0345 3.49257 24.5968
      vertex 13.2893 2.34325 24.5968
    endloop
  endfacet
  facet normal 0.804059 0.418524 0.422288
    outer loop
      vertex 12.8017 7.39104 22.1229
      vertex 12.2908 7.09609 23.388
      vertex 13.3971 6.24717 22.1229
    endloop
  endfacet
  facet normal 0.687245 0.527337 0.499609
    outer loop
      vertex 11.6255 8.1403 23.388
      vertex 10.8718 9.12255 23.388
      vertex 11.0539 7.73999 24.5968
    endloop
  endfacet
  facet normal 0.57214 0.745567 0.34174
    outer loop
      vertex 9.8086 11.6894 20.8113
      vertex 8.47865 12.1088 22.1229
      vertex 9.50173 11.3237 22.1229
    endloop
  endfacet
  facet normal 0.634885 0.692917 0.341741
    outer loop
      vertex 9.8086 11.6894 20.8113
      vertex 9.50173 11.3237 22.1229
      vertex 10.7901 10.7901 20.8113
    endloop
  endfacet
  facet normal 0.734456 0.673053 0.0870267
    outer loop
      vertex 12.245 10.2748 16.6979
      vertex 11.2169 11.2169 18.0884
      vertex 12.1519 10.1966 18.0884
    endloop
  endfacet
  facet normal 0.840172 0.53528 0.0871032
    outer loop
      vertex 13.094 9.16849 16.6979
      vertex 12.9943 9.09871 18.0884
      vertex 13.7379 7.93156 18.0884
    endloop
  endfacet
  facet normal 0.726072 0.66537 0.173502
    outer loop
      vertex 12.1519 10.1966 18.0884
      vertex 11.2169 11.2169 18.0884
      vertex 11.9662 10.0408 19.463
    endloop
  endfacet
  facet normal 0.793319 0.608806 0
    outer loop
      vertex 13.094 9.16849 16.6979
      vertex 12.245 10.2748 16
      vertex 12.245 10.2748 16.6979
    endloop
  endfacet
  facet normal 0.793319 0.608806 0
    outer loop
      vertex 12.245 10.2748 16
      vertex 13.094 9.16849 16.6979
      vertex 13.094 9.16849 16
    endloop
  endfacet
  facet normal 0.608806 0.793319 -0
    outer loop
      vertex 10.2748 12.245 16
      vertex 9.16849 13.094 16.6979
      vertex 10.2748 12.245 16.6979
    endloop
  endfacet
  facet normal 0.608806 0.793319 0
    outer loop
      vertex 9.16849 13.094 16.6979
      vertex 10.2748 12.245 16
      vertex 9.16849 13.094 16
    endloop
  endfacet
  facet normal 0.459996 0.883645 0.0870369
    outer loop
      vertex 7.99238 13.8432 16.6979
      vertex 6.75546 14.4871 16.6979
      vertex 7.93156 13.7379 18.0884
    endloop
  endfacet
  facet normal 0.537267 0.843412 -0
    outer loop
      vertex 9.16849 13.094 16
      vertex 7.99238 13.8432 16.6979
      vertex 9.16849 13.094 16.6979
    endloop
  endfacet
  facet normal 0.537267 0.843412 0
    outer loop
      vertex 7.99238 13.8432 16.6979
      vertex 9.16849 13.094 16
      vertex 7.99238 13.8432 16
    endloop
  endfacet
  facet normal 0.359621 0.868258 0.34176
    outer loop
      vertex 6.44893 13.8298 20.8113
      vertex 5.21905 14.3392 20.8113
      vertex 6.24717 13.3971 22.1229
    endloop
  endfacet
  facet normal 0.359648 0.868256 0.341738
    outer loop
      vertex 5.21905 14.3392 20.8113
      vertex 5.05577 13.8906 22.1229
      vertex 6.24717 13.3971 22.1229
    endloop
  endfacet
  facet normal 0.418566 0.804054 0.422256
    outer loop
      vertex 6.24717 13.3971 22.1229
      vertex 5.99787 12.8625 23.388
      vertex 7.09609 12.2908 23.388
    endloop
  endfacet
  facet normal 0.246396 0.781464 0.573239
    outer loop
      vertex 4.61531 12.6805 24.5968
      vertex 3.49257 13.0345 24.5968
      vertex 4.34149 11.9281 25.7402
    endloop
  endfacet
  facet normal 0.346892 0.837476 0.422255
    outer loop
      vertex 6.24717 13.3971 22.1229
      vertex 4.85401 13.3363 23.388
      vertex 5.99787 12.8625 23.388
    endloop
  endfacet
  facet normal 0.346897 0.837472 0.42226
    outer loop
      vertex 5.05577 13.8906 22.1229
      vertex 4.85401 13.3363 23.388
      vertex 6.24717 13.3971 22.1229
    endloop
  endfacet
  facet normal 0.196187 0.884984 0.422273
    outer loop
      vertex 3.82588 14.2784 22.1229
      vertex 2.56688 14.5575 22.1229
      vertex 3.6732 13.7086 23.388
    endloop
  endfacet
  facet normal 0.272591 0.864511 0.422273
    outer loop
      vertex 3.82588 14.2784 22.1229
      vertex 3.6732 13.7086 23.388
      vertex 5.05577 13.8906 22.1229
    endloop
  endfacet
  facet normal -0.454742 0.873559 0.173505
    outer loop
      vertex -6.70404 14.3769 18.0884
      vertex -7.93156 13.7379 18.0884
      vertex -6.60161 14.1572 19.463
    endloop
  endfacet
  facet normal 0.0357774 0.818633 0.573201
    outer loop
      vertex 0 13.4943 24.5968
      vertex 0 12.6937 25.7402
      vertex 1.1761 13.4429 24.5968
    endloop
  endfacet
  facet normal -0.0410295 0.938898 0.341743
    outer loop
      vertex 0 15.2595 20.8113
      vertex -1.28834 14.7258 22.1229
      vertex 0 14.7821 22.1229
    endloop
  endfacet
  facet normal -0.551841 0.719115 0.422309
    outer loop
      vertex -8.47865 12.1088 22.1229
      vertex -9.50173 11.3237 22.1229
      vertex -8.1403 11.6255 23.388
    endloop
  endfacet
  facet normal 0.0378215 0.865406 0.499642
    outer loop
      vertex 0 14.1922 23.388
      vertex 0 13.4943 24.5968
      vertex 1.1761 13.4429 24.5968
    endloop
  endfacet
  facet normal -0.326668 0.627509 0.706767
    outer loop
      vertex -4.98539 10.6912 26.8094
      vertex -5.89822 10.216 26.8094
      vertex -4.56827 9.79668 27.7964
    endloop
  endfacet
  facet normal -0.0308664 0.706785 0.706754
    outer loop
      vertex 0 11.7964 26.8094
      vertex -1.02813 11.7515 26.8094
      vertex -0.942104 10.7683 27.7964
    endloop
  endfacet
  facet normal 0.177362 0.799962 0.573239
    outer loop
      vertex 3.49257 13.0345 24.5968
      vertex 2.20423 12.5008 25.7402
      vertex 3.28536 12.2611 25.7402
    endloop
  endfacet
  facet normal -0.0334925 0.765567 0.642484
    outer loop
      vertex 0 12.6937 25.7402
      vertex -1.10632 12.6453 25.7402
      vertex 0 11.7964 26.8094
    endloop
  endfacet
  facet normal 0.153117 0.690676 0.706768
    outer loop
      vertex 2.04843 11.6172 26.8094
      vertex 1.87704 10.6452 27.7964
      vertex 2.79769 10.4411 27.7964
    endloop
  endfacet
  facet normal -0.257655 0.335819 0.906002
    outer loop
      vertex -3.89356 4.72281 30.7821
      vertex -3.94791 4.74532 30.7583
      vertex -3.93575 4.69044 30.7821
    endloop
  endfacet
  facet normal -0.055202 0.419334 0.906152
    outer loop
      vertex -0.643905 7.35986 30.1922
      vertex -1.28291 7.27574 30.1922
      vertex -0.533648 6.09964 30.7821
    endloop
  endfacet
  facet normal 0.313529 0.757057 0.573205
    outer loop
      vertex 5.70292 12.23 24.5968
      vertex 4.34149 11.9281 25.7402
      vertex 5.36457 11.5044 25.7402
    endloop
  endfacet
  facet normal 0.0999963 0.759771 0.642455
    outer loop
      vertex 2.20423 12.5008 25.7402
      vertex 1.10632 12.6453 25.7402
      vertex 2.04843 11.6172 26.8094
    endloop
  endfacet
  facet normal 0.260484 0.826145 0.499632
    outer loop
      vertex 3.6732 13.7086 23.388
      vertex 3.49257 13.0345 24.5968
      vertex 4.61531 12.6805 24.5968
    endloop
  endfacet
  facet normal 0.177351 0.799971 0.573231
    outer loop
      vertex 2.34325 13.2893 24.5968
      vertex 2.20423 12.5008 25.7402
      vertex 3.49257 13.0345 24.5968
    endloop
  endfacet
  facet normal -0.270715 0.6536 0.706767
    outer loop
      vertex -4.03462 11.085 26.8094
      vertex -4.98539 10.6912 26.8094
      vertex -4.56827 9.79668 27.7964
    endloop
  endfacet
  facet normal -0.353889 0.679724 0.642447
    outer loop
      vertex -5.36457 11.5044 25.7402
      vertex -6.34683 10.993 25.7402
      vertex -5.89822 10.216 26.8094
    endloop
  endfacet
  facet normal 0.596658 0.380109 0.706765
    outer loop
      vertex 10.216 5.89822 26.8094
      vertex 8.85458 6.20004 27.7964
      vertex 9.36125 5.40472 27.7964
    endloop
  endfacet
  facet normal 0.51027 0.391545 0.765714
    outer loop
      vertex 8.85458 6.20004 27.7964
      vertex 7.46141 6.26087 28.6937
      vertex 7.97869 5.58674 28.6937
    endloop
  endfacet
  facet normal 0.726792 0.378394 0.573228
    outer loop
      vertex 11.6864 6.74713 24.5968
      vertex 10.993 6.34683 25.7402
      vertex 11.5044 5.36457 25.7402
    endloop
  endfacet
  facet normal 0.561253 0.430666 0.706769
    outer loop
      vertex 9.66308 6.76616 26.8094
      vertex 8.28051 6.94818 27.7964
      vertex 8.85458 6.20004 27.7964
    endloop
  endfacet
  facet normal 0.193363 0.613414 0.765725
    outer loop
      vertex 3.69705 10.1576 27.7964
      vertex 2.79769 10.4411 27.7964
      vertex 3.33134 9.15278 28.6937
    endloop
  endfacet
  facet normal 0.430673 0.561251 0.706766
    outer loop
      vertex 7.5826 9.03659 26.8094
      vertex 6.76616 9.66308 26.8094
      vertex 6.94818 8.28051 27.7964
    endloop
  endfacet
  facet normal 0.564998 0.51772 0.642451
    outer loop
      vertex 8.97577 8.97577 25.7402
      vertex 8.34134 8.34134 26.8094
      vertex 9.03659 7.5826 26.8094
    endloop
  endfacet
  facet normal 0.521588 0.477942 0.706766
    outer loop
      vertex 8.34134 8.34134 26.8094
      vertex 8.28051 6.94818 27.7964
      vertex 9.03659 7.5826 26.8094
    endloop
  endfacet
  facet normal 0.638656 0.58522 0.499637
    outer loop
      vertex 10.8718 9.12255 23.388
      vertex 9.54188 9.54188 24.5968
      vertex 10.3372 8.67394 24.5968
    endloop
  endfacet
  facet normal 0.638669 0.585181 0.499665
    outer loop
      vertex 10.0354 10.0354 23.388
      vertex 9.54188 9.54188 24.5968
      vertex 10.8718 9.12255 23.388
    endloop
  endfacet
  facet normal 0.58522 0.638656 0.499637
    outer loop
      vertex 9.12255 10.8718 23.388
      vertex 8.67394 10.3372 24.5968
      vertex 9.54188 9.54188 24.5968
    endloop
  endfacet
  facet normal 0.585181 0.638669 0.499665
    outer loop
      vertex 10.0354 10.0354 23.388
      vertex 9.12255 10.8718 23.388
      vertex 9.54188 9.54188 24.5968
    endloop
  endfacet
  facet normal 0.521583 0.477944 0.706768
    outer loop
      vertex 8.34134 8.34134 26.8094
      vertex 7.64343 7.64343 27.7964
      vertex 8.28051 6.94818 27.7964
    endloop
  endfacet
  facet normal 0.474204 0.434526 0.765714
    outer loop
      vertex 8.28051 6.94818 27.7964
      vertex 6.88735 6.88735 28.6937
      vertex 7.46141 6.26087 28.6937
    endloop
  endfacet
  facet normal 0.378372 0.726821 0.573206
    outer loop
      vertex 5.70292 12.23 24.5968
      vertex 5.36457 11.5044 25.7402
      vertex 6.74713 11.6864 24.5968
    endloop
  endfacet
  facet normal 0.353851 0.679725 0.642467
    outer loop
      vertex 5.36457 11.5044 25.7402
      vertex 4.98539 10.6912 26.8094
      vertex 5.89822 10.216 26.8094
    endloop
  endfacet
  facet normal 0.308377 0.484054 0.818899
    outer loop
      vertex 4.87009 8.43525 28.6937
      vertex 4.2984 7.44504 29.4943
      vertex 4.93092 7.04208 29.4943
    endloop
  endfacet
  facet normal 0.345583 0.542453 0.765714
    outer loop
      vertex 6.20004 8.85458 27.7964
      vertex 4.87009 8.43525 28.6937
      vertex 5.58674 7.97869 28.6937
    endloop
  endfacet
  facet normal 0.987681 0.130017 0.0870705
    outer loop
      vertex 15.7419 2.77573 16.6979
      vertex 15.6221 2.7546 18.0884
      vertex 15.9239 1.39316 16.6979
    endloop
  endfacet
  facet normal 0.972591 0.215603 0.0870709
    outer loop
      vertex 15.7419 2.77573 16.6979
      vertex 15.4401 4.13716 16.6979
      vertex 15.6221 2.7546 18.0884
    endloop
  endfacet
  facet normal 0.983898 -0.0429125 0.173503
    outer loop
      vertex 15.8631 0 18.0884
      vertex 15.6207 0 19.463
      vertex 15.8028 -1.38256 18.0884
    endloop
  endfacet
  facet normal 0.995261 -0.0434081 0.0870092
    outer loop
      vertex 15.8631 0 18.0884
      vertex 15.8028 -1.38256 18.0884
      vertex 15.9239 -1.39316 16.6979
    endloop
  endfacet
  facet normal 0.892453 0.36967 0.258595
    outer loop
      vertex 14.6787 5.34261 19.463
      vertex 14.1572 6.60161 19.463
      vertex 14.3392 5.21905 20.8113
    endloop
  endfacet
  facet normal 0.957717 0.126116 0.258597
    outer loop
      vertex 15.3834 2.71251 19.463
      vertex 15.0276 2.64978 20.8113
      vertex 15.2014 1.32995 20.8113
    endloop
  endfacet
  facet normal 0.920369 0.381241 0.0870393
    outer loop
      vertex 14.4871 6.75546 16.6979
      vertex 14.3769 6.70404 18.0884
      vertex 14.9065 5.42551 18.0884
    endloop
  endfacet
  facet normal 0.883646 0.459992 0.0870411
    outer loop
      vertex 14.4871 6.75546 16.6979
      vertex 13.7379 7.93156 18.0884
      vertex 14.3769 6.70404 18.0884
    endloop
  endfacet
  facet normal 0.887011 0.461749 0
    outer loop
      vertex 14.4871 6.75546 16.6979
      vertex 13.8432 7.99238 16
      vertex 13.8432 7.99238 16.6979
    endloop
  endfacet
  facet normal 0.887011 0.461749 0
    outer loop
      vertex 13.8432 7.99238 16
      vertex 14.4871 6.75546 16.6979
      vertex 14.4871 6.75546 16
    endloop
  endfacet
  facet normal 0.884984 0.196187 0.422273
    outer loop
      vertex 14.2784 3.82588 22.1229
      vertex 13.7086 3.6732 23.388
      vertex 14.5575 2.56688 22.1229
    endloop
  endfacet
  facet normal 0.864511 0.272591 0.422273
    outer loop
      vertex 13.8906 5.05577 22.1229
      vertex 13.7086 3.6732 23.388
      vertex 14.2784 3.82588 22.1229
    endloop
  endfacet
  facet normal 0.690676 0.153117 0.706768
    outer loop
      vertex 11.6172 2.04843 26.8094
      vertex 10.4411 2.79769 27.7964
      vertex 10.6452 1.87704 27.7964
    endloop
  endfacet
  facet normal 0.759771 0.0999963 0.642455
    outer loop
      vertex 12.5008 2.20423 25.7402
      vertex 11.6172 2.04843 26.8094
      vertex 12.6453 1.10632 25.7402
    endloop
  endfacet
  facet normal 0.812389 0.106913 0.573231
    outer loop
      vertex 13.2893 2.34325 24.5968
      vertex 12.5008 2.20423 25.7402
      vertex 13.4429 1.1761 24.5968
    endloop
  endfacet
  facet normal 0.826145 0.260484 0.499632
    outer loop
      vertex 13.7086 3.6732 23.388
      vertex 12.6805 4.61531 24.5968
      vertex 13.0345 3.49257 24.5968
    endloop
  endfacet
  facet normal 0.130017 0.987681 0.0870705
    outer loop
      vertex 2.77573 15.7419 16.6979
      vertex 1.39316 15.9239 16.6979
      vertex 2.7546 15.6221 18.0884
    endloop
  endfacet
  facet normal 0.299543 0.950102 0.0870605
    outer loop
      vertex 5.46711 15.0208 16.6979
      vertex 4.13716 15.4401 16.6979
      vertex 5.42551 14.9065 18.0884
    endloop
  endfacet
  facet normal -0.887011 -0.461749 0
    outer loop
      vertex -13.8432 -7.99238 16
      vertex -14.4871 -6.75546 16.6979
      vertex -14.4871 -6.75546 16
    endloop
  endfacet
  facet normal -0.887011 -0.461749 0
    outer loop
      vertex -14.4871 -6.75546 16.6979
      vertex -13.8432 -7.99238 16
      vertex -13.8432 -7.99238 16.6979
    endloop
  endfacet
  facet normal -0.898731 0.118304 0.42224
    outer loop
      vertex -14.5575 2.56688 22.1229
      vertex -14.7258 1.28834 22.1229
      vertex -14.1382 1.23693 23.388
    endloop
  endfacet
  facet normal -0.905619 0.0395753 0.422241
    outer loop
      vertex -14.7258 1.28834 22.1229
      vertex -14.7821 0 22.1229
      vertex -14.1382 1.23693 23.388
    endloop
  endfacet
  facet normal -0.858821 0.113063 0.499644
    outer loop
      vertex -13.9766 2.46444 23.388
      vertex -14.1382 1.23693 23.388
      vertex -13.2893 2.34325 24.5968
    endloop
  endfacet
  facet normal -0.884988 0.196215 0.422251
    outer loop
      vertex -13.7086 3.6732 23.388
      vertex -14.5575 2.56688 22.1229
      vertex -13.9766 2.46444 23.388
    endloop
  endfacet
  facet normal -0.613414 0.193363 0.765725
    outer loop
      vertex -10.1576 3.69705 27.7964
      vertex -10.4411 2.79769 27.7964
      vertex -9.15278 3.33134 28.6937
    endloop
  endfacet
  facet normal -0.637683 0.0839616 0.76571
    outer loop
      vertex -10.6452 1.87704 27.7964
      vertex -10.7683 0.942104 27.7964
      vertex -9.70312 0.848912 28.6937
    endloop
  endfacet
  facet normal -0.818615 -0.0358133 0.573226
    outer loop
      vertex -12.6937 0 25.7402
      vertex -13.4429 -1.1761 24.5968
      vertex -12.6453 -1.10632 25.7402
    endloop
  endfacet
  facet normal -0.781464 -0.246396 0.573239
    outer loop
      vertex -11.9281 -4.34149 25.7402
      vertex -13.0345 -3.49257 24.5968
      vertex -12.6805 -4.61531 24.5968
    endloop
  endfacet
  facet normal -0.50909 -0.265011 0.818899
    outer loop
      vertex -7.44504 -4.2984 29.4943
      vertex -8.8276 -4.11638 28.6937
      vertex -8.43525 -4.87009 28.6937
    endloop
  endfacet
  facet normal -0.679724 -0.353889 0.642447
    outer loop
      vertex -10.216 -5.89822 26.8094
      vertex -11.5044 -5.36457 25.7402
      vertex -10.993 -6.34683 25.7402
    endloop
  endfacet
  facet normal -0.62794 -0.139216 0.765709
    outer loop
      vertex -9.59221 -1.69136 28.6937
      vertex -10.4411 -2.79769 27.7964
      vertex -9.40829 -2.52094 28.6937
    endloop
  endfacet
  facet normal -0.627945 -0.13921 0.765706
    outer loop
      vertex -9.59221 -1.69136 28.6937
      vertex -10.6452 -1.87704 27.7964
      vertex -10.4411 -2.79769 27.7964
    endloop
  endfacet
  facet normal -0.748184 -0.165839 0.642431
    outer loop
      vertex -11.6172 -2.04843 26.8094
      vertex -12.2611 -3.28536 25.7402
      vertex -11.3945 -3.05314 26.8094
    endloop
  endfacet
  facet normal -0.730861 -0.230442 0.642447
    outer loop
      vertex -11.085 -4.03462 26.8094
      vertex -12.2611 -3.28536 25.7402
      vertex -11.9281 -4.34149 25.7402
    endloop
  endfacet
  facet normal -0.909864 -0.376882 0.173513
    outer loop
      vertex -14.6787 -5.34261 19.463
      vertex -14.9065 -5.42551 18.0884
      vertex -14.1572 -6.60161 19.463
    endloop
  endfacet
  facet normal -0.892453 -0.36967 0.258595
    outer loop
      vertex -14.3392 -5.21905 20.8113
      vertex -14.6787 -5.34261 19.463
      vertex -14.1572 -6.60161 19.463
    endloop
  endfacet
  facet normal -0.983898 -0.0429125 0.173503
    outer loop
      vertex -15.6207 0 19.463
      vertex -15.8631 0 18.0884
      vertex -15.8028 -1.38256 18.0884
    endloop
  endfacet
  facet normal -0.995261 -0.0434081 0.0870092
    outer loop
      vertex -15.8631 0 18.0884
      vertex -15.9239 -1.39316 16.6979
      vertex -15.8028 -1.38256 18.0884
    endloop
  endfacet
  facet normal -0.943091 -0.209043 0.25861
    outer loop
      vertex -14.7395 -3.94944 20.8113
      vertex -15.3834 -2.71251 19.463
      vertex -15.0885 -4.04294 19.463
    endloop
  endfacet
  facet normal -0.921275 -0.290472 0.25861
    outer loop
      vertex -14.7395 -3.94944 20.8113
      vertex -15.0885 -4.04294 19.463
      vertex -14.3392 -5.21905 20.8113
    endloop
  endfacet
  facet normal -0.818633 0.0357774 0.573201
    outer loop
      vertex -13.4429 1.1761 24.5968
      vertex -13.4943 0 24.5968
      vertex -12.6937 0 25.7402
    endloop
  endfacet
  facet normal -0.905606 -0.0395356 0.422273
    outer loop
      vertex -14.1922 0 23.388
      vertex -14.7821 0 22.1229
      vertex -14.1382 -1.23693 23.388
    endloop
  endfacet
  facet normal -0.569028 -0.0749136 0.818899
    outer loop
      vertex -8.56408 -0.749259 29.4943
      vertex -9.70312 -0.848912 28.6937
      vertex -9.59221 -1.69136 28.6937
    endloop
  endfacet
  facet normal -0.496072 -0.065308 0.865822
    outer loop
      vertex -7.27574 -1.28291 30.1922
      vertex -8.56408 -0.749259 29.4943
      vertex -8.46619 -1.49282 29.4943
    endloop
  endfacet
  facet normal -0.477197 0.150457 0.865821
    outer loop
      vertex -8.07834 2.94028 29.4943
      vertex -8.30386 2.22501 29.4943
      vertex -7.13624 1.91215 30.1922
    endloop
  endfacet
  facet normal -0.573392 0.0250323 0.818899
    outer loop
      vertex -8.56408 0.749259 29.4943
      vertex -9.70312 0.848912 28.6937
      vertex -8.59679 0 29.4943
    endloop
  endfacet
  facet normal -0.341983 0.0149252 0.939587
    outer loop
      vertex -6.09964 0.533648 30.7821
      vertex -6.12293 0 30.7821
      vertex -4.81129 0 31.2595
    endloop
  endfacet
  facet normal -0.419334 0.055202 0.906152
    outer loop
      vertex -7.27574 1.28291 30.1922
      vertex -7.35986 0.643905 30.1922
      vertex -6.09964 0.533648 30.7821
    endloop
  endfacet
  facet normal -0.69067 0.153091 0.70678
    outer loop
      vertex -11.3945 3.05314 26.8094
      vertex -11.6172 2.04843 26.8094
      vertex -10.4411 2.79769 27.7964
    endloop
  endfacet
  facet normal -0.765567 0.0334925 0.642484
    outer loop
      vertex -12.6453 1.10632 25.7402
      vertex -12.6937 0 25.7402
      vertex -11.7964 0 26.8094
    endloop
  endfacet
  facet normal -0.573392 0.0250319 0.818899
    outer loop
      vertex -9.70312 0.848912 28.6937
      vertex -9.74018 0 28.6937
      vertex -8.59679 0 29.4943
    endloop
  endfacet
  facet normal -0.499874 0.02183 0.865823
    outer loop
      vertex -7.35986 0.643905 30.1922
      vertex -8.56408 0.749259 29.4943
      vertex -7.38798 0 30.1922
    endloop
  endfacet
  facet normal -0.412923 0.0915415 0.906154
    outer loop
      vertex -5.9143 1.58473 30.7821
      vertex -7.27574 1.28291 30.1922
      vertex -6.02991 1.06324 30.7821
    endloop
  endfacet
  facet normal -0.51027 0.391545 0.765714
    outer loop
      vertex -8.28051 6.94818 27.7964
      vertex -8.85458 6.20004 27.7964
      vertex -7.46141 6.26087 28.6937
    endloop
  endfacet
  facet normal -0.730861 0.230442 0.642447
    outer loop
      vertex -11.9281 4.34149 25.7402
      vertex -12.2611 3.28536 25.7402
      vertex -11.085 4.03462 26.8094
    endloop
  endfacet
  facet normal -0.757057 0.313529 0.573205
    outer loop
      vertex -11.5044 5.36457 25.7402
      vertex -12.23 5.70292 24.5968
      vertex -11.9281 4.34149 25.7402
    endloop
  endfacet
  facet normal -0.594208 0.246133 0.765725
    outer loop
      vertex -8.8276 4.11638 28.6937
      vertex -10.1576 3.69705 27.7964
      vertex -9.15278 3.33134 28.6937
    endloop
  endfacet
  facet normal -0.570511 0.296984 0.765714
    outer loop
      vertex -8.43525 4.87009 28.6937
      vertex -9.79668 4.56827 27.7964
      vertex -8.8276 4.11638 28.6937
    endloop
  endfacet
  facet normal -0.6536 0.270715 0.706767
    outer loop
      vertex -10.6912 4.98539 26.8094
      vertex -11.085 4.03462 26.8094
      vertex -9.79668 4.56827 27.7964
    endloop
  endfacet
  facet normal -0.668352 0.612379 0.422253
    outer loop
      vertex -10.4525 10.4525 22.1229
      vertex -10.8718 9.12255 23.388
      vertex -10.0354 10.0354 23.388
    endloop
  endfacet
  facet normal -0.403373 0.127182 0.906154
    outer loop
      vertex -6.94243 2.52684 30.1922
      vertex -7.13624 1.91215 30.1922
      vertex -5.9143 1.58473 30.7821
    endloop
  endfacet
  facet normal -0.173657 -0.00758484 0.984777
    outer loop
      vertex -2.08842 0 31.8631
      vertex -3.46303 0 31.6207
      vertex -2.08047 -0.182017 31.8631
    endloop
  endfacet
  facet normal -0.0446752 0.339379 0.939588
    outer loop
      vertex -0.533648 6.09964 30.7821
      vertex -0.835472 4.7382 31.2595
      vertex -0.419332 4.79298 31.2595
    endloop
  endfacet
  facet normal -0.0531274 0.0692367 0.996185
    outer loop
      vertex -1.19787 1.71073 31.8631
      vertex -1.34241 1.59982 31.8631
      vertex -0.400305 0.571694 31.9848
    endloop
  endfacet
  facet normal -0.247019 0.0778803 0.965876
    outer loop
      vertex -4.52114 1.64556 31.2595
      vertex -4.64735 1.24525 31.2595
      vertex -3.34503 0.896298 31.6207
    endloop
  endfacet
  facet normal -0.105812 0.137905 0.984777
    outer loop
      vertex -1.98631 2.83675 31.6207
      vertex -2.226 2.65284 31.6207
      vertex -1.19787 1.71073 31.8631
    endloop
  endfacet
  facet normal -0.338384 0.369281 0.865522
    outer loop
      vertex -4.84862 5.69096 30.1398
      vertex -5.22409 5.22409 30.1922
      vertex -4.81175 5.60193 30.1922
    endloop
  endfacet
  facet normal -0.337958 0.368972 0.86582
    outer loop
      vertex -5.22409 5.22409 30.1922
      vertex -4.84862 5.69096 30.1398
      vertex -6.07885 6.07885 29.4943
    endloop
  endfacet
  facet normal -0.484054 0.308379 0.818899
    outer loop
      vertex -7.97869 5.58674 28.6937
      vertex -8.43525 4.87009 28.6937
      vertex -7.04208 4.93092 29.4943
    endloop
  endfacet
  facet normal -0.781314 0.599549 0.173462
    outer loop
      vertex -11.9662 10.0408 19.463
      vertex -12.9943 9.09871 18.0884
      vertex -12.7958 8.95969 19.463
    endloop
  endfacet
  facet normal -0.537267 0.843412 0
    outer loop
      vertex -7.99238 13.8432 16
      vertex -9.16849 13.094 16.6979
      vertex -7.99238 13.8432 16.6979
    endloop
  endfacet
  facet normal -0.537267 0.843412 0
    outer loop
      vertex -9.16849 13.094 16.6979
      vertex -7.99238 13.8432 16
      vertex -9.16849 13.094 16
    endloop
  endfacet
  facet normal -0.719151 0.551819 0.422277
    outer loop
      vertex -11.3237 9.50173 22.1229
      vertex -11.6255 8.1403 23.388
      vertex -10.8718 9.12255 23.388
    endloop
  endfacet
  facet normal -0.719115 0.551841 0.422309
    outer loop
      vertex -11.3237 9.50173 22.1229
      vertex -12.1088 8.47865 22.1229
      vertex -11.6255 8.1403 23.388
    endloop
  endfacet
  facet normal -0.634885 0.692917 0.341741
    outer loop
      vertex -9.8086 11.6894 20.8113
      vertex -10.7901 10.7901 20.8113
      vertex -9.50173 11.3237 22.1229
    endloop
  endfacet
  facet normal -0.230442 0.730861 0.642447
    outer loop
      vertex -3.28536 12.2611 25.7402
      vertex -4.34149 11.9281 25.7402
      vertex -4.03462 11.085 26.8094
    endloop
  endfacet
  facet normal -0.293241 0.707987 0.642467
    outer loop
      vertex -4.03462 11.085 26.8094
      vertex -5.36457 11.5044 25.7402
      vertex -4.98539 10.6912 26.8094
    endloop
  endfacet
  facet normal -0.411739 0.646323 0.642446
    outer loop
      vertex -6.34683 10.993 25.7402
      vertex -6.76616 9.66308 26.8094
      vertex -5.89822 10.216 26.8094
    endloop
  endfacet
  facet normal -0.338032 0.368894 0.865824
    outer loop
      vertex -6.07885 6.07885 29.4943
      vertex -4.86524 5.79817 30.0877
      vertex -5.52591 6.58553 29.4943
    endloop
  endfacet
  facet normal -0.338184 0.368482 0.86594
    outer loop
      vertex -4.86524 5.79817 30.0877
      vertex -6.07885 6.07885 29.4943
      vertex -4.8523 5.69983 30.1346
    endloop
  endfacet
  facet normal -0.338702 0.367307 0.866237
    outer loop
      vertex -4.8523 5.69983 30.1346
      vertex -6.07885 6.07885 29.4943
      vertex -4.84862 5.69096 30.1398
    endloop
  endfacet
  facet normal -0.349391 0.455337 0.818898
    outer loop
      vertex -4.93092 7.04208 29.4943
      vertex -6.26087 7.46141 28.6937
      vertex -5.52591 6.58553 29.4943
    endloop
  endfacet
  facet normal -0.387746 0.423153 0.818898
    outer loop
      vertex -6.26087 7.46141 28.6937
      vertex -6.88735 6.88735 28.6937
      vertex -5.52591 6.58553 29.4943
    endloop
  endfacet
  facet normal -0.430673 0.561251 0.706766
    outer loop
      vertex -6.76616 9.66308 26.8094
      vertex -7.5826 9.03659 26.8094
      vertex -6.94818 8.28051 27.7964
    endloop
  endfacet
  facet normal -0.127174 0.403376 0.906154
    outer loop
      vertex -1.91215 7.13624 30.1922
      vertex -2.22644 6.6146 30.3803
      vertex -1.58473 5.9143 30.7821
    endloop
  endfacet
  facet normal -0.127319 0.403445 0.906103
    outer loop
      vertex -1.91215 7.13624 30.1922
      vertex -2.28757 6.76218 30.306
      vertex -2.22644 6.6146 30.3803
    endloop
  endfacet
  facet normal -0.127167 0.403316 0.906181
    outer loop
      vertex -2.28757 6.76218 30.306
      vertex -1.91215 7.13624 30.1922
      vertex -2.44554 6.96806 30.1922
    endloop
  endfacet
  facet normal 0.0280526 0.642584 0.765701
    outer loop
      vertex 0 10.8094 27.7964
      vertex 0 9.74018 28.6937
      vertex 0.848912 9.70312 28.6937
    endloop
  endfacet
  facet normal -0.845694 0.187503 0.499644
    outer loop
      vertex -13.7086 3.6732 23.388
      vertex -13.9766 2.46444 23.388
      vertex -13.2893 2.34325 24.5968
    endloop
  endfacet
  facet normal -0.845704 0.187489 0.499632
    outer loop
      vertex -13.0345 3.49257 24.5968
      vertex -13.7086 3.6732 23.388
      vertex -13.2893 2.34325 24.5968
    endloop
  endfacet
  facet normal -0.768359 0.399984 0.499638
    outer loop
      vertex -12.2908 7.09609 23.388
      vertex -12.8625 5.99787 23.388
      vertex -12.23 5.70292 24.5968
    endloop
  endfacet
  facet normal -0.804054 0.418566 0.422256
    outer loop
      vertex -12.2908 7.09609 23.388
      vertex -13.3971 6.24717 22.1229
      vertex -12.8625 5.99787 23.388
    endloop
  endfacet
  facet normal -0.764487 0.487043 0.422313
    outer loop
      vertex -12.1088 8.47865 22.1229
      vertex -12.8017 7.39104 22.1229
      vertex -11.6255 8.1403 23.388
    endloop
  endfacet
  facet normal -0.892469 0.369649 0.258572
    outer loop
      vertex -14.1572 6.60161 19.463
      vertex -14.3392 5.21905 20.8113
      vertex -13.8298 6.44893 20.8113
    endloop
  endfacet
  facet normal -0.987678 0.130079 0.0870095
    outer loop
      vertex -15.6221 2.7546 18.0884
      vertex -15.9239 1.39316 16.6979
      vertex -15.8028 1.38256 18.0884
    endloop
  endfacet
  facet normal -0.957717 0.126116 0.258597
    outer loop
      vertex -15.0276 2.64978 20.8113
      vertex -15.3834 2.71251 19.463
      vertex -15.2014 1.32995 20.8113
    endloop
  endfacet
  facet normal -0.920369 0.381241 0.0870393
    outer loop
      vertex -14.4871 6.75546 16.6979
      vertex -14.9065 5.42551 18.0884
      vertex -14.3769 6.70404 18.0884
    endloop
  endfacet
  facet normal -0.873559 0.454742 0.173505
    outer loop
      vertex -13.7379 7.93156 18.0884
      vertex -14.3769 6.70404 18.0884
      vertex -14.1572 6.60161 19.463
    endloop
  endfacet
  facet normal -0.887011 0.461749 0
    outer loop
      vertex -14.4871 6.75546 16
      vertex -13.8432 7.99238 16.6979
      vertex -13.8432 7.99238 16
    endloop
  endfacet
  facet normal -0.887011 0.461749 0
    outer loop
      vertex -13.8432 7.99238 16.6979
      vertex -14.4871 6.75546 16
      vertex -14.4871 6.75546 16.6979
    endloop
  endfacet
  facet normal -0.286175 0.31142 0.906157
    outer loop
      vertex -4.2 4.84974 30.6439
      vertex -3.93575 4.69044 30.7821
      vertex -3.99985 4.76684 30.7356
    endloop
  endfacet
  facet normal -0.285282 0.312749 0.905981
    outer loop
      vertex -4.2 4.84974 30.6439
      vertex -5.22409 5.22409 30.1922
      vertex -3.93575 4.69044 30.7821
    endloop
  endfacet
  facet normal -0.285632 0.311978 0.906137
    outer loop
      vertex -4.48995 5.07223 30.4759
      vertex -5.22409 5.22409 30.1922
      vertex -4.2 4.84974 30.6439
    endloop
  endfacet
  facet normal -0.285693 0.311778 0.906186
    outer loop
      vertex -4.71243 5.36218 30.306
      vertex -5.22409 5.22409 30.1922
      vertex -4.48995 5.07223 30.4759
    endloop
  endfacet
  facet normal -0.285693 0.311779 0.906186
    outer loop
      vertex -5.22409 5.22409 30.1922
      vertex -4.71243 5.36218 30.306
      vertex -4.81175 5.60193 30.1922
    endloop
  endfacet
  facet normal -0.0933946 0.146599 0.984777
    outer loop
      vertex -1.73152 2.99907 31.6207
      vertex -1.98631 2.83675 31.6207
      vertex -1.19787 1.71073 31.8631
    endloop
  endfacet
  facet normal -0.157674 0.205484 0.965875
    outer loop
      vertex -2.75964 3.94118 31.2595
      vertex -3.09264 3.68566 31.2595
      vertex -2.226 2.65284 31.6207
    endloop
  endfacet
  facet normal -0.0338036 0.256792 0.965875
    outer loop
      vertex -0.419332 4.79298 31.2595
      vertex -0.835472 4.7382 31.2595
      vertex -0.301823 3.44986 31.6207
    endloop
  endfacet
  facet normal -0.0184411 0.422545 0.906154
    outer loop
      vertex 0 7.38798 30.1922
      vertex -0.533648 6.09964 30.7821
      vertex 0 6.12293 30.7821
    endloop
  endfacet
  facet normal -0.0149252 0.341983 0.939587
    outer loop
      vertex 0 6.12293 30.7821
      vertex -0.533648 6.09964 30.7821
      vertex 0 4.81129 31.2595
    endloop
  endfacet
  facet normal 0.161862 0.390751 0.906154
    outer loop
      vertex 3.12229 6.69578 30.1922
      vertex 2.09417 5.75368 30.7821
      vertex 2.58766 5.54926 30.7821
    endloop
  endfacet
  facet normal 0.0446853 0.33938 0.939587
    outer loop
      vertex 1.06324 6.02991 30.7821
      vertex 0.533648 6.09964 30.7821
      vertex 0.835472 4.7382 31.2595
    endloop
  endfacet
  facet normal 0.0333965 0.0806283 0.996185
    outer loop
      vertex 0.714281 1.96247 31.8631
      vertex 0.238699 0.655821 31.9848
      vertex 0.882604 1.89275 31.8631
    endloop
  endfacet
  facet normal 0.00758484 0.173657 0.984777
    outer loop
      vertex 0 3.46303 31.6207
      vertex 0 2.08842 31.8631
      vertex 0.182017 2.08047 31.8631
    endloop
  endfacet
  facet normal -0.999046 0.0436719 0
    outer loop
      vertex -15.9848 0 16
      vertex -15.9239 1.39316 16.6979
      vertex -15.9239 1.39316 16
    endloop
  endfacet
  facet normal -0.999046 0.0436719 0
    outer loop
      vertex -15.9239 1.39316 16.6979
      vertex -15.9848 0 16
      vertex -15.9848 0 16.6979
    endloop
  endfacet
  facet normal -0.529156 0.830606 0.17346
    outer loop
      vertex -7.81037 13.528 19.463
      vertex -9.09871 12.9943 18.0884
      vertex -8.95969 12.7958 19.463
    endloop
  endfacet
  facet normal -0.599549 0.781314 0.173462
    outer loop
      vertex -9.09871 12.9943 18.0884
      vertex -10.0408 11.9662 19.463
      vertex -8.95969 12.7958 19.463
    endloop
  endfacet
  facet normal -0.519021 0.814697 0.258623
    outer loop
      vertex -7.81037 13.528 19.463
      vertex -8.95969 12.7958 19.463
      vertex -8.75247 12.4998 20.8113
    endloop
  endfacet
  facet normal -0.519041 0.81469 0.258604
    outer loop
      vertex -7.81037 13.528 19.463
      vertex -8.75247 12.4998 20.8113
      vertex -7.62973 13.2151 20.8113
    endloop
  endfacet
  facet normal -0.73727 -0.675598 0
    outer loop
      vertex -11.3029 -11.3029 16
      vertex -12.245 -10.2748 16.6979
      vertex -12.245 -10.2748 16
    endloop
  endfacet
  facet normal -0.73727 -0.675598 0
    outer loop
      vertex -12.245 -10.2748 16.6979
      vertex -11.3029 -11.3029 16
      vertex -11.3029 -11.3029 16.6979
    endloop
  endfacet
  facet normal -0.781335 -0.59951 0.173503
    outer loop
      vertex -11.9662 -10.0408 19.463
      vertex -12.9943 -9.09871 18.0884
      vertex -12.1519 -10.1966 18.0884
    endloop
  endfacet
  facet normal -0.726072 -0.66537 0.173502
    outer loop
      vertex -11.9662 -10.0408 19.463
      vertex -12.1519 -10.1966 18.0884
      vertex -11.2169 -11.2169 18.0884
    endloop
  endfacet
  facet normal -0.551819 -0.719151 0.422277
    outer loop
      vertex -9.12255 -10.8718 23.388
      vertex -9.50173 -11.3237 22.1229
      vertex -8.1403 -11.6255 23.388
    endloop
  endfacet
  facet normal -0.668324 -0.612392 0.422277
    outer loop
      vertex -10.8718 -9.12255 23.388
      vertex -11.3237 -9.50173 22.1229
      vertex -10.4525 -10.4525 22.1229
    endloop
  endfacet
  facet normal -0.313565 -0.757017 0.573238
    outer loop
      vertex -4.34149 -11.9281 25.7402
      vertex -5.70292 -12.23 24.5968
      vertex -4.61531 -12.6805 24.5968
    endloop
  endfacet
  facet normal -0.272577 -0.864522 0.422259
    outer loop
      vertex -4.85401 -13.3363 23.388
      vertex -5.05577 -13.8906 22.1229
      vertex -3.6732 -13.7086 23.388
    endloop
  endfacet
  facet normal -0.588055 -0.766365 0.258604
    outer loop
      vertex -9.8086 -11.6894 20.8113
      vertex -10.0408 -11.9662 19.463
      vertex -8.75247 -12.4998 20.8113
    endloop
  endfacet
  facet normal -0.572119 -0.745597 0.341709
    outer loop
      vertex -8.47865 -12.1088 22.1229
      vertex -9.8086 -11.6894 20.8113
      vertex -8.75247 -12.4998 20.8113
    endloop
  endfacet
  facet normal -0.256782 -0.336078 0.906153
    outer loop
      vertex -3.93575 -4.69044 30.7821
      vertex -3.99985 -4.76684 30.7356
      vertex -3.94791 -4.74532 30.7583
    endloop
  endfacet
  facet normal -0.396954 -0.304596 0.865823
    outer loop
      vertex -6.05188 -4.23757 30.1922
      vertex -6.58553 -5.52591 29.4943
      vertex -5.65952 -4.7489 30.1922
    endloop
  endfacet
  facet normal -0.065308 -0.496072 0.865822
    outer loop
      vertex -1.28291 -7.27574 30.1922
      vertex -1.49282 -8.46619 29.4943
      vertex -0.749259 -8.56408 29.4943
    endloop
  endfacet
  facet normal -0.124228 -0.560332 0.818899
    outer loop
      vertex -2.22501 -8.30386 29.4943
      vertex -2.52094 -9.40829 28.6937
      vertex -1.49282 -8.46619 29.4943
    endloop
  endfacet
  facet normal -0.190962 -0.17498 0.965875
    outer loop
      vertex -2.65284 -2.226 31.6207
      vertex -3.68566 -3.09264 31.2595
      vertex -3.4021 -3.4021 31.2595
    endloop
  endfacet
  facet normal -0.0991205 -0.239289 0.965876
    outer loop
      vertex -1.18443 -3.25419 31.6207
      vertex -2.03334 -4.36051 31.2595
      vertex -1.64556 -4.52114 31.2595
    endloop
  endfacet
  facet normal -0.0999963 -0.759771 0.642455
    outer loop
      vertex -2.04843 -11.6172 26.8094
      vertex -2.20423 -12.5008 25.7402
      vertex -1.10632 -12.6453 25.7402
    endloop
  endfacet
  facet normal -0.219637 -0.53025 0.818898
    outer loop
      vertex -3.63316 -7.79134 29.4943
      vertex -4.11638 -8.8276 28.6937
      vertex -2.94028 -8.07834 29.4943
    endloop
  endfacet
  facet normal -0.122696 -0.931746 0.341753
    outer loop
      vertex -1.28834 -14.7258 22.1229
      vertex -2.64978 -15.0276 20.8113
      vertex -1.32995 -15.2014 20.8113
    endloop
  endfacet
  facet normal -0.246397 -0.781464 0.573238
    outer loop
      vertex -3.28536 -12.2611 25.7402
      vertex -4.34149 -11.9281 25.7402
      vertex -3.49257 -13.0345 24.5968
    endloop
  endfacet
  facet normal -0.527337 -0.687245 0.499609
    outer loop
      vertex -7.73999 -11.0539 24.5968
      vertex -9.12255 -10.8718 23.388
      vertex -8.1403 -11.6255 23.388
    endloop
  endfacet
  facet normal -0.634901 -0.692889 0.341767
    outer loop
      vertex -10.4525 -10.4525 22.1229
      vertex -10.7901 -10.7901 20.8113
      vertex -9.50173 -11.3237 22.1229
    endloop
  endfacet
  facet normal -0.606429 -0.790352 0.0871016
    outer loop
      vertex -9.09871 -12.9943 18.0884
      vertex -10.1966 -12.1519 18.0884
      vertex -9.16849 -13.094 16.6979
    endloop
  endfacet
  facet normal -0.43391 -0.83362 0.34176
    outer loop
      vertex -6.24717 -13.3971 22.1229
      vertex -7.39104 -12.8017 22.1229
      vertex -6.44893 -13.8298 20.8113
    endloop
  endfacet
  facet normal -0.868258 -0.359621 0.34176
    outer loop
      vertex -13.3971 -6.24717 22.1229
      vertex -14.3392 -5.21905 20.8113
      vertex -13.8298 -6.44893 20.8113
    endloop
  endfacet
  facet normal -0.83362 -0.43391 0.34176
    outer loop
      vertex -13.3971 -6.24717 22.1229
      vertex -13.8298 -6.44893 20.8113
      vertex -12.8017 -7.39104 22.1229
    endloop
  endfacet
  facet normal -0.79261 -0.504974 0.341718
    outer loop
      vertex -12.8017 -7.39104 22.1229
      vertex -13.2151 -7.62973 20.8113
      vertex -12.4998 -8.75247 20.8113
    endloop
  endfacet
  facet normal -0.766365 -0.588055 0.258604
    outer loop
      vertex -11.6894 -9.8086 20.8113
      vertex -12.4998 -8.75247 20.8113
      vertex -11.9662 -10.0408 19.463
    endloop
  endfacet
  facet normal -0.668352 -0.612379 0.422253
    outer loop
      vertex -10.0354 -10.0354 23.388
      vertex -10.8718 -9.12255 23.388
      vertex -10.4525 -10.4525 22.1229
    endloop
  endfacet
  facet normal -0.764487 -0.487043 0.422313
    outer loop
      vertex -11.6255 -8.1403 23.388
      vertex -12.8017 -7.39104 22.1229
      vertex -12.1088 -8.47865 22.1229
    endloop
  endfacet
  facet normal -0.730551 -0.465457 0.499645
    outer loop
      vertex -11.6864 -6.74713 24.5968
      vertex -12.2908 -7.09609 23.388
      vertex -11.6255 -8.1403 23.388
    endloop
  endfacet
  facet normal -0.76835 -0.399991 0.499646
    outer loop
      vertex -12.23 -5.70292 24.5968
      vertex -12.2908 -7.09609 23.388
      vertex -11.6864 -6.74713 24.5968
    endloop
  endfacet
  facet normal -0.561251 -0.430673 0.706766
    outer loop
      vertex -8.28051 -6.94818 27.7964
      vertex -9.66308 -6.76616 26.8094
      vertex -9.03659 -7.5826 26.8094
    endloop
  endfacet
  facet normal -0.430673 -0.561251 0.706766
    outer loop
      vertex -6.94818 -8.28051 27.7964
      vertex -7.5826 -9.03659 26.8094
      vertex -6.76616 -9.66308 26.8094
    endloop
  endfacet
  facet normal -0.607986 -0.466505 0.642437
    outer loop
      vertex -9.66308 -6.76616 26.8094
      vertex -10.398 -7.28078 25.7402
      vertex -9.7239 -8.15932 25.7402
    endloop
  endfacet
  facet normal -0.691063 -0.440262 0.573238
    outer loop
      vertex -10.993 -6.34683 25.7402
      vertex -11.0539 -7.73999 24.5968
      vertex -10.398 -7.28078 25.7402
    endloop
  endfacet
  facet normal -0.49885 -0.650065 0.573205
    outer loop
      vertex -8.15932 -9.7239 25.7402
      vertex -8.67394 -10.3372 24.5968
      vertex -7.73999 -11.0539 24.5968
    endloop
  endfacet
  facet normal -0.465426 -0.730597 0.499606
    outer loop
      vertex -7.73999 -11.0539 24.5968
      vertex -8.1403 -11.6255 23.388
      vertex -6.74713 -11.6864 24.5968
    endloop
  endfacet
  facet normal 0.0736045 0.0468895 0.996185
    outer loop
      vertex 1.80862 1.04421 31.8631
      vertex 0.571694 0.400305 31.9848
      vertex 0.604407 0.348954 31.9848
    endloop
  endfacet
  facet normal 0.0774098 0.0402985 0.996185
    outer loop
      vertex 1.80862 1.04421 31.8631
      vertex 0.632521 0.29495 31.9848
      vertex 1.89275 0.882604 31.8631
    endloop
  endfacet
  facet normal 0.174987 -0.190951 0.965876
    outer loop
      vertex 2.44873 -2.44873 31.6207
      vertex 2.226 -2.65284 31.6207
      vertex 3.4021 -3.4021 31.2595
    endloop
  endfacet
  facet normal -0.157667 -0.205487 0.965876
    outer loop
      vertex -2.226 -2.65284 31.6207
      vertex -2.75964 -3.94118 31.2595
      vertex -1.98631 -2.83675 31.6207
    endloop
  endfacet
  facet normal 0.258761 0.0112987 0.965875
    outer loop
      vertex 4.79298 0.419332 31.2595
      vertex 3.44986 0.301823 31.6207
      vertex 4.81129 0 31.2595
    endloop
  endfacet
  facet normal 0.396957 -0.304594 0.865822
    outer loop
      vertex 7.04208 -4.93092 29.4943
      vertex 6.05188 -4.23757 30.1922
      vertex 6.58553 -5.52591 29.4943
    endloop
  endfacet
  facet normal -0.04689 0.0736042 0.996185
    outer loop
      vertex -1.04421 1.80862 31.8631
      vertex -1.19787 1.71073 31.8631
      vertex -0.400305 0.571694 31.9848
    endloop
  endfacet
  facet normal -0.0832313 0.0262448 0.996185
    outer loop
      vertex -1.96247 0.714281 31.8631
      vertex -2.01726 0.540523 31.8631
      vertex -0.655821 0.238699 31.9848
    endloop
  endfacet
  facet normal -0.462264 -0.191476 0.865823
    outer loop
      vertex -6.69578 -3.12229 30.1922
      vertex -8.07834 -2.94028 29.4943
      vertex -7.79134 -3.63316 29.4943
    endloop
  endfacet
  facet normal -0.403373 -0.127182 0.906154
    outer loop
      vertex -5.9143 -1.58473 30.7821
      vertex -7.13624 -1.91215 30.1922
      vertex -6.94243 -2.52684 30.1922
    endloop
  endfacet
  facet normal -0.339379 -0.0446752 0.939588
    outer loop
      vertex -4.79298 -0.419332 31.2595
      vertex -6.09964 -0.533648 30.7821
      vertex -4.7382 -0.835472 31.2595
    endloop
  endfacet
  facet normal -0.256792 -0.0338036 0.965875
    outer loop
      vertex -3.44986 -0.301823 31.6207
      vertex -4.79298 -0.419332 31.2595
      vertex -4.7382 -0.835472 31.2595
    endloop
  endfacet
  facet normal -0.158073 -0.30366 0.939576
    outer loop
      vertex -2.40565 -4.1667 31.2595
      vertex -2.67332 -4.94695 30.9623
      vertex -2.03334 -4.36051 31.2595
    endloop
  endfacet
  facet normal -0.1581 -0.30365 0.939575
    outer loop
      vertex -2.67332 -4.94695 30.9623
      vertex -2.40565 -4.1667 31.2595
      vertex -2.8 -4.84974 30.9724
    endloop
  endfacet
  facet normal -0.252377 -0.231261 0.939587
    outer loop
      vertex -3.4021 -3.4021 31.2595
      vertex -4.69044 -3.93575 30.7821
      vertex -4.32957 -4.32957 30.7821
    endloop
  endfacet
  facet normal -0.0915433 -0.412923 0.906154
    outer loop
      vertex -1.58473 -5.9143 30.7821
      vertex -1.91215 -7.13624 30.1922
      vertex -1.28291 -7.27574 30.1922
    endloop
  endfacet
  facet normal -0.0740925 -0.334193 0.939588
    outer loop
      vertex -1.24525 -4.64735 31.2595
      vertex -1.58473 -5.9143 30.7821
      vertex -0.835472 -4.7382 31.2595
    endloop
  endfacet
  facet normal -0.24702 -0.0778786 0.965876
    outer loop
      vertex -3.34503 -0.896298 31.6207
      vertex -4.52114 -1.64556 31.2595
      vertex -3.25419 -1.18443 31.6207
    endloop
  endfacet
  facet normal -0.231256 -0.252379 0.939588
    outer loop
      vertex -3.4021 -3.4021 31.2595
      vertex -3.93575 -4.69044 30.7821
      vertex -3.09264 -3.68566 31.2595
    endloop
  endfacet
  facet normal -0.0262448 -0.0832313 0.996185
    outer loop
      vertex -0.238699 -0.655821 31.9848
      vertex -0.714281 -1.96247 31.8631
      vertex -0.540523 -2.01726 31.8631
    endloop
  endfacet
  facet normal -0.50909 -0.265014 0.818898
    outer loop
      vertex -7.79134 -3.63316 29.4943
      vertex -8.8276 -4.11638 28.6937
      vertex -7.44504 -4.2984 29.4943
    endloop
  endfacet
  facet normal -0.484054 -0.308377 0.818899
    outer loop
      vertex -7.44504 -4.2984 29.4943
      vertex -8.43525 -4.87009 28.6937
      vertex -7.04208 -4.93092 29.4943
    endloop
  endfacet
  facet normal -0.419328 -0.0552119 0.906154
    outer loop
      vertex -6.09964 -0.533648 30.7821
      vertex -7.27574 -1.28291 30.1922
      vertex -6.02991 -1.06324 30.7821
    endloop
  endfacet
  facet normal -0.488493 -0.108297 0.865821
    outer loop
      vertex -7.27574 -1.28291 30.1922
      vertex -8.30386 -2.22501 29.4943
      vertex -7.13624 -1.91215 30.1922
    endloop
  endfacet
  facet normal -0.33555 -0.25747 0.906154
    outer loop
      vertex -5.01561 -3.51197 30.7821
      vertex -6.05188 -4.23757 30.1922
      vertex -4.69044 -3.93575 30.7821
    endloop
  endfacet
  facet normal -0.477197 -0.150457 0.865821
    outer loop
      vertex -7.13624 -1.91215 30.1922
      vertex -8.30386 -2.22501 29.4943
      vertex -8.07834 -2.94028 29.4943
    endloop
  endfacet
  facet normal -0.443819 -0.231031 0.865823
    outer loop
      vertex -6.69578 -3.12229 30.1922
      vertex -7.79134 -3.63316 29.4943
      vertex -6.39818 -3.69399 30.1922
    endloop
  endfacet
  facet normal -0.288698 -0.183924 0.939588
    outer loop
      vertex -4.1667 -2.40565 31.2595
      vertex -5.30262 -3.06147 30.7821
      vertex -3.94118 -2.75964 31.2595
    endloop
  endfacet
  facet normal -0.390753 -0.16186 0.906153
    outer loop
      vertex -5.75368 -2.09417 30.7821
      vertex -6.94243 -2.52684 30.1922
      vertex -6.69578 -3.12229 30.1922
    endloop
  endfacet
  facet normal -0.390751 -0.161862 0.906154
    outer loop
      vertex -5.75368 -2.09417 30.7821
      vertex -6.69578 -3.12229 30.1922
      vertex -5.54926 -2.58766 30.7821
    endloop
  endfacet
  facet normal 0.246396 -0.781464 0.573239
    outer loop
      vertex 4.34149 -11.9281 25.7402
      vertex 3.49257 -13.0345 24.5968
      vertex 4.61531 -12.6805 24.5968
    endloop
  endfacet
  facet normal 0.346892 -0.837476 0.422255
    outer loop
      vertex 5.99787 -12.8625 23.388
      vertex 4.85401 -13.3363 23.388
      vertex 6.24717 -13.3971 22.1229
    endloop
  endfacet
  facet normal 0.487075 -0.764481 0.422288
    outer loop
      vertex 8.1403 -11.6255 23.388
      vertex 7.09609 -12.2908 23.388
      vertex 7.39104 -12.8017 22.1229
    endloop
  endfacet
  facet normal 0.418524 -0.804059 0.422288
    outer loop
      vertex 7.09609 -12.2908 23.388
      vertex 6.24717 -13.3971 22.1229
      vertex 7.39104 -12.8017 22.1229
    endloop
  endfacet
  facet normal 0.66537 -0.726072 0.173502
    outer loop
      vertex 11.2169 -11.2169 18.0884
      vertex 10.0408 -11.9662 19.463
      vertex 10.1966 -12.1519 18.0884
    endloop
  endfacet
  facet normal 0.519021 -0.814697 0.258623
    outer loop
      vertex 8.75247 -12.4998 20.8113
      vertex 7.81037 -13.528 19.463
      vertex 8.95969 -12.7958 19.463
    endloop
  endfacet
  facet normal 0.991446 0.130515 0
    outer loop
      vertex 15.7419 2.77573 16.6979
      vertex 15.8506 1.95 16
      vertex 15.7419 2.77573 16
    endloop
  endfacet
  facet normal 0.991447 0.130513 2.56776e-06
    outer loop
      vertex 15.9239 1.39316 16.6979
      vertex 15.8506 1.95 16
      vertex 15.7419 2.77573 16.6979
    endloop
  endfacet
  facet normal 0.991447 0.13051 0
    outer loop
      vertex 15.8506 1.95 16
      vertex 15.9239 1.39316 16.6979
      vertex 15.9239 1.39316 16
    endloop
  endfacet
  facet normal 0.939265 -0.29612 0.173476
    outer loop
      vertex 15.0885 -4.04294 19.463
      vertex 14.9065 -5.42551 18.0884
      vertex 15.3226 -4.10568 18.0884
    endloop
  endfacet
  facet normal 0.987681 -0.130017 0.0870705
    outer loop
      vertex 15.9239 -1.39316 16.6979
      vertex 15.6221 -2.7546 18.0884
      vertex 15.7419 -2.77573 16.6979
    endloop
  endfacet
  facet normal 0.987678 -0.130079 0.0870095
    outer loop
      vertex 15.8028 -1.38256 18.0884
      vertex 15.6221 -2.7546 18.0884
      vertex 15.9239 -1.39316 16.6979
    endloop
  endfacet
  facet normal 0.976404 -0.128594 0.173491
    outer loop
      vertex 15.8028 -1.38256 18.0884
      vertex 15.3834 -2.71251 19.463
      vertex 15.6221 -2.7546 18.0884
    endloop
  endfacet
  facet normal 0.883646 -0.459992 0.0870411
    outer loop
      vertex 14.3769 -6.70404 18.0884
      vertex 13.7379 -7.93156 18.0884
      vertex 14.4871 -6.75546 16.6979
    endloop
  endfacet
  facet normal 0.883645 -0.459996 0.0870369
    outer loop
      vertex 14.4871 -6.75546 16.6979
      vertex 13.7379 -7.93156 18.0884
      vertex 13.8432 -7.99238 16.6979
    endloop
  endfacet
  facet normal 0.923867 -0.382713 0
    outer loop
      vertex 14.4871 -6.75546 16.6979
      vertex 15.0208 -5.46711 16
      vertex 15.0208 -5.46711 16.6979
    endloop
  endfacet
  facet normal 0.923867 -0.382713 0
    outer loop
      vertex 15.0208 -5.46711 16
      vertex 14.4871 -6.75546 16.6979
      vertex 14.4871 -6.75546 16
    endloop
  endfacet
  facet normal 0.976299 0.216425 0
    outer loop
      vertex 15.7419 2.77573 16.6979
      vertex 15.4401 4.13716 16
      vertex 15.4401 4.13716 16.6979
    endloop
  endfacet
  facet normal 0.976299 0.216425 0
    outer loop
      vertex 15.4401 4.13716 16
      vertex 15.7419 2.77573 16.6979
      vertex 15.7419 2.77573 16
    endloop
  endfacet
  facet normal -0.0435059 -0.995249 0.0871066
    outer loop
      vertex 0 -15.8631 18.0884
      vertex -1.39316 -15.9239 16.6979
      vertex 0 -15.9848 16.6979
    endloop
  endfacet
  facet normal 0.0435059 -0.995249 0.0871066
    outer loop
      vertex 0 -15.8631 18.0884
      vertex 0 -15.9848 16.6979
      vertex 1.39316 -15.9239 16.6979
    endloop
  endfacet
  facet normal 0.130079 -0.987678 0.0870095
    outer loop
      vertex 2.7546 -15.6221 18.0884
      vertex 1.38256 -15.8028 18.0884
      vertex 1.39316 -15.9239 16.6979
    endloop
  endfacet
  facet normal -0.38126 -0.920359 0.0870604
    outer loop
      vertex -5.42551 -14.9065 18.0884
      vertex -6.75546 -14.4871 16.6979
      vertex -5.46711 -15.0208 16.6979
    endloop
  endfacet
  facet normal -0.382788 -0.923836 0
    outer loop
      vertex -6.23657 -14.7021 16
      vertex -6.75546 -14.4871 16.6979
      vertex -6.75546 -14.4871 16
    endloop
  endfacet
  facet normal -0.382713 -0.923867 6.54077e-05
    outer loop
      vertex -6.75546 -14.4871 16.6979
      vertex -6.23657 -14.7021 16
      vertex -5.46711 -15.0208 16.6979
    endloop
  endfacet
  facet normal -0.382662 -0.923888 -0
    outer loop
      vertex -5.46711 -15.0208 16.6979
      vertex -6.23657 -14.7021 16
      vertex -5.46711 -15.0208 16
    endloop
  endfacet
  facet normal -0.130513 -0.991447 0
    outer loop
      vertex -2.77573 -15.7419 16
      vertex -1.39316 -15.9239 16.6979
      vertex -2.77573 -15.7419 16.6979
    endloop
  endfacet
  facet normal -0.130513 -0.991447 -0
    outer loop
      vertex -1.39316 -15.9239 16.6979
      vertex -2.77573 -15.7419 16
      vertex -1.39316 -15.9239 16
    endloop
  endfacet
  facet normal -0.44605 -0.856833 0.258605
    outer loop
      vertex -7.62973 -13.2151 20.8113
      vertex -7.81037 -13.528 19.463
      vertex -6.44893 -13.8298 20.8113
    endloop
  endfacet
  facet normal -0.376882 -0.909864 0.173513
    outer loop
      vertex -5.34261 -14.6787 19.463
      vertex -6.60161 -14.1572 19.463
      vertex -5.42551 -14.9065 18.0884
    endloop
  endfacet
  facet normal 0.300685 -0.953723 0
    outer loop
      vertex 4.13716 -15.4401 16
      vertex 5.46711 -15.0208 16.6979
      vertex 4.13716 -15.4401 16.6979
    endloop
  endfacet
  facet normal 0.300685 -0.953723 0
    outer loop
      vertex 5.46711 -15.0208 16.6979
      vertex 4.13716 -15.4401 16
      vertex 5.46711 -15.0208 16
    endloop
  endfacet
  facet normal 0.215603 -0.972591 0.0870709
    outer loop
      vertex 4.13716 -15.4401 16.6979
      vertex 2.7546 -15.6221 18.0884
      vertex 2.77573 -15.7419 16.6979
    endloop
  endfacet
  facet normal 0.299543 -0.950102 0.0870605
    outer loop
      vertex 5.42551 -14.9065 18.0884
      vertex 4.13716 -15.4401 16.6979
      vertex 5.46711 -15.0208 16.6979
    endloop
  endfacet
  facet normal 0.454742 -0.873559 0.173505
    outer loop
      vertex 7.93156 -13.7379 18.0884
      vertex 6.60161 -14.1572 19.463
      vertex 6.70404 -14.3769 18.0884
    endloop
  endfacet
  facet normal 0.381241 -0.920369 0.0870393
    outer loop
      vertex 6.70404 -14.3769 18.0884
      vertex 5.42551 -14.9065 18.0884
      vertex 6.75546 -14.4871 16.6979
    endloop
  endfacet
  facet normal 0.606496 -0.79031 0.0870233
    outer loop
      vertex 10.1966 -12.1519 18.0884
      vertex 9.16849 -13.094 16.6979
      vertex 10.2748 -12.245 16.6979
    endloop
  endfacet
  facet normal 0.608806 -0.793319 0
    outer loop
      vertex 9.16849 -13.094 16
      vertex 10.2748 -12.245 16.6979
      vertex 9.16849 -13.094 16.6979
    endloop
  endfacet
  facet normal 0.608806 -0.793319 0
    outer loop
      vertex 10.2748 -12.245 16.6979
      vertex 9.16849 -13.094 16
      vertex 10.2748 -12.245 16
    endloop
  endfacet
  facet normal 0.599549 -0.781314 0.173462
    outer loop
      vertex 10.0408 -11.9662 19.463
      vertex 8.95969 -12.7958 19.463
      vertex 9.09871 -12.9943 18.0884
    endloop
  endfacet
  facet normal 0.551841 -0.719115 0.422309
    outer loop
      vertex 9.50173 -11.3237 22.1229
      vertex 8.1403 -11.6255 23.388
      vertex 8.47865 -12.1088 22.1229
    endloop
  endfacet
  facet normal 0.83362 -0.43391 0.34176
    outer loop
      vertex 13.3971 -6.24717 22.1229
      vertex 12.8017 -7.39104 22.1229
      vertex 13.8298 -6.44893 20.8113
    endloop
  endfacet
  facet normal 0.768359 -0.399984 0.499638
    outer loop
      vertex 12.8625 -5.99787 23.388
      vertex 12.23 -5.70292 24.5968
      vertex 12.2908 -7.09609 23.388
    endloop
  endfacet
  facet normal 0.921274 -0.290488 0.258596
    outer loop
      vertex 15.0885 -4.04294 19.463
      vertex 14.3392 -5.21905 20.8113
      vertex 14.6787 -5.34261 19.463
    endloop
  endfacet
  facet normal 0.892469 -0.369649 0.258572
    outer loop
      vertex 14.3392 -5.21905 20.8113
      vertex 13.8298 -6.44893 20.8113
      vertex 14.1572 -6.60161 19.463
    endloop
  endfacet
  facet normal 0.734471 -0.673033 0.0870517
    outer loop
      vertex 12.245 -10.2748 16.6979
      vertex 11.2169 -11.2169 18.0884
      vertex 11.3029 -11.3029 16.6979
    endloop
  endfacet
  facet normal 0.781335 -0.59951 0.173503
    outer loop
      vertex 12.9943 -9.09871 18.0884
      vertex 11.9662 -10.0408 19.463
      vertex 12.1519 -10.1966 18.0884
    endloop
  endfacet
  facet normal 0.726072 -0.66537 0.173502
    outer loop
      vertex 11.9662 -10.0408 19.463
      vertex 11.2169 -11.2169 18.0884
      vertex 12.1519 -10.1966 18.0884
    endloop
  endfacet
  facet normal -0.118316 -0.898724 0.422251
    outer loop
      vertex -2.46444 -13.9766 23.388
      vertex -2.56688 -14.5575 22.1229
      vertex -1.23693 -14.1382 23.388
    endloop
  endfacet
  facet normal 0.106913 -0.812389 0.573231
    outer loop
      vertex 2.20423 -12.5008 25.7402
      vertex 1.1761 -13.4429 24.5968
      vertex 2.34325 -13.2893 24.5968
    endloop
  endfacet
  facet normal -0.219639 -0.530247 0.8189
    outer loop
      vertex -2.94028 -8.07834 29.4943
      vertex -4.11638 -8.8276 28.6937
      vertex -3.33134 -9.15278 28.6937
    endloop
  endfacet
  facet normal -0.29699 -0.570511 0.765712
    outer loop
      vertex -4.87009 -8.43525 28.6937
      vertex -5.40472 -9.36125 27.7964
      vertex -4.56827 -9.79668 27.7964
    endloop
  endfacet
  facet normal 0.083953 -0.637688 0.765706
    outer loop
      vertex 1.69136 -9.59221 28.6937
      vertex 0.848912 -9.70312 28.6937
      vertex 1.87704 -10.6452 27.7964
    endloop
  endfacet
  facet normal 0.0839616 -0.637683 0.76571
    outer loop
      vertex 1.87704 -10.6452 27.7964
      vertex 0.848912 -9.70312 28.6937
      vertex 0.942104 -10.7683 27.7964
    endloop
  endfacet
  facet normal -0.153117 -0.690676 0.706768
    outer loop
      vertex -1.87704 -10.6452 27.7964
      vertex -2.79769 -10.4411 27.7964
      vertex -2.04843 -11.6172 26.8094
    endloop
  endfacet
  facet normal -0.0280526 -0.642584 0.765701
    outer loop
      vertex 0 -9.74018 28.6937
      vertex -0.848912 -9.70312 28.6937
      vertex 0 -10.8094 27.7964
    endloop
  endfacet
  facet normal -0.139216 -0.62794 0.765709
    outer loop
      vertex -2.52094 -9.40829 28.6937
      vertex -2.79769 -10.4411 27.7964
      vertex -1.69136 -9.59221 28.6937
    endloop
  endfacet
  facet normal 0.0280526 -0.642584 0.765701
    outer loop
      vertex 0 -9.74018 28.6937
      vertex 0 -10.8094 27.7964
      vertex 0.848912 -9.70312 28.6937
    endloop
  endfacet
  facet normal 0.745597 -0.572119 0.341709
    outer loop
      vertex 12.1088 -8.47865 22.1229
      vertex 11.6894 -9.8086 20.8113
      vertex 12.4998 -8.75247 20.8113
    endloop
  endfacet
  facet normal 0.692917 -0.634885 0.341741
    outer loop
      vertex 11.3237 -9.50173 22.1229
      vertex 10.7901 -10.7901 20.8113
      vertex 11.6894 -9.8086 20.8113
    endloop
  endfacet
  facet normal 0.730597 -0.465426 0.499606
    outer loop
      vertex 11.6864 -6.74713 24.5968
      vertex 11.0539 -7.73999 24.5968
      vertex 11.6255 -8.1403 23.388
    endloop
  endfacet
  facet normal 0.726792 -0.378394 0.573228
    outer loop
      vertex 11.5044 -5.36457 25.7402
      vertex 10.993 -6.34683 25.7402
      vertex 11.6864 -6.74713 24.5968
    endloop
  endfacet
  facet normal 0.691063 -0.440262 0.573238
    outer loop
      vertex 10.993 -6.34683 25.7402
      vertex 10.398 -7.28078 25.7402
      vertex 11.0539 -7.73999 24.5968
    endloop
  endfacet
  facet normal 0.604137 -0.553583 0.573205
    outer loop
      vertex 9.7239 -8.15932 25.7402
      vertex 8.97577 -8.97577 25.7402
      vertex 10.3372 -8.67394 24.5968
    endloop
  endfacet
  facet normal 0.757017 -0.313565 0.573238
    outer loop
      vertex 12.6805 -4.61531 24.5968
      vertex 11.9281 -4.34149 25.7402
      vertex 12.23 -5.70292 24.5968
    endloop
  endfacet
  facet normal 0.757057 -0.313529 0.573205
    outer loop
      vertex 11.9281 -4.34149 25.7402
      vertex 11.5044 -5.36457 25.7402
      vertex 12.23 -5.70292 24.5968
    endloop
  endfacet
  facet normal 0.612379 -0.668352 0.422253
    outer loop
      vertex 10.0354 -10.0354 23.388
      vertex 9.12255 -10.8718 23.388
      vertex 10.4525 -10.4525 22.1229
    endloop
  endfacet
  facet normal 0.585181 -0.638669 0.499665
    outer loop
      vertex 9.54188 -9.54188 24.5968
      vertex 9.12255 -10.8718 23.388
      vertex 10.0354 -10.0354 23.388
    endloop
  endfacet
  facet normal 0.51027 -0.391545 0.765714
    outer loop
      vertex 8.85458 -6.20004 27.7964
      vertex 7.46141 -6.26087 28.6937
      vertex 8.28051 -6.94818 27.7964
    endloop
  endfacet
  facet normal 0.430666 -0.561253 0.706769
    outer loop
      vertex 6.94818 -8.28051 27.7964
      vertex 6.20004 -8.85458 27.7964
      vertex 6.76616 -9.66308 26.8094
    endloop
  endfacet
  facet normal 0.650076 -0.4988 0.573237
    outer loop
      vertex 10.398 -7.28078 25.7402
      vertex 9.7239 -8.15932 25.7402
      vertex 11.0539 -7.73999 24.5968
    endloop
  endfacet
  facet normal 0.564998 -0.51772 0.642451
    outer loop
      vertex 9.03659 -7.5826 26.8094
      vertex 8.97577 -8.97577 25.7402
      vertex 9.7239 -8.15932 25.7402
    endloop
  endfacet
  facet normal 0.212695 -0.674742 0.706742
    outer loop
      vertex 3.69705 -10.1576 27.7964
      vertex 2.79769 -10.4411 27.7964
      vertex 4.03462 -11.085 26.8094
    endloop
  endfacet
  facet normal 0.34558 -0.542457 0.765712
    outer loop
      vertex 6.20004 -8.85458 27.7964
      vertex 4.87009 -8.43525 28.6937
      vertex 5.40472 -9.36125 27.7964
    endloop
  endfacet
  facet normal 0.465457 -0.730551 0.499645
    outer loop
      vertex 8.1403 -11.6255 23.388
      vertex 6.74713 -11.6864 24.5968
      vertex 7.09609 -12.2908 23.388
    endloop
  endfacet
  facet normal 0.465426 -0.730597 0.499606
    outer loop
      vertex 7.73999 -11.0539 24.5968
      vertex 6.74713 -11.6864 24.5968
      vertex 8.1403 -11.6255 23.388
    endloop
  endfacet
  facet normal 0.69067 0.153091 0.70678
    outer loop
      vertex 11.3945 3.05314 26.8094
      vertex 10.4411 2.79769 27.7964
      vertex 11.6172 2.04843 26.8094
    endloop
  endfacet
  facet normal 0.730866 0.230471 0.642432
    outer loop
      vertex 12.2611 3.28536 25.7402
      vertex 11.085 4.03462 26.8094
      vertex 11.3945 3.05314 26.8094
    endloop
  endfacet
  facet normal 0.812392 0.106922 0.573225
    outer loop
      vertex 13.4429 1.1761 24.5968
      vertex 12.5008 2.20423 25.7402
      vertex 12.6453 1.10632 25.7402
    endloop
  endfacet
  facet normal 0.748155 0.165875 0.642455
    outer loop
      vertex 12.2611 3.28536 25.7402
      vertex 11.6172 2.04843 26.8094
      vertex 12.5008 2.20423 25.7402
    endloop
  endfacet
  facet normal 0.701391 0.0923499 0.706768
    outer loop
      vertex 11.6172 2.04843 26.8094
      vertex 10.6452 1.87704 27.7964
      vertex 10.7683 0.942104 27.7964
    endloop
  endfacet
  facet normal 0.569028 0.0749127 0.818899
    outer loop
      vertex 9.59221 1.69136 28.6937
      vertex 8.46619 1.49282 29.4943
      vertex 8.56408 0.749259 29.4943
    endloop
  endfacet
  facet normal 0.674684 0.212755 0.70678
    outer loop
      vertex 11.085 4.03462 26.8094
      vertex 10.4411 2.79769 27.7964
      vertex 11.3945 3.05314 26.8094
    endloop
  endfacet
  facet normal 0.594208 0.246133 0.765725
    outer loop
      vertex 10.1576 3.69705 27.7964
      vertex 8.8276 4.11638 28.6937
      vertex 9.15278 3.33134 28.6937
    endloop
  endfacet
  facet normal 0.484054 0.308379 0.818899
    outer loop
      vertex 7.97869 5.58674 28.6937
      vertex 7.04208 4.93092 29.4943
      vertex 8.43525 4.87009 28.6937
    endloop
  endfacet
  facet normal 0.61342 0.193404 0.765709
    outer loop
      vertex 10.4411 2.79769 27.7964
      vertex 9.15278 3.33134 28.6937
      vertex 9.40829 2.52094 28.6937
    endloop
  endfacet
  facet normal 0.569028 -0.0749136 0.818899
    outer loop
      vertex 9.70312 -0.848912 28.6937
      vertex 8.56408 -0.749259 29.4943
      vertex 9.59221 -1.69136 28.6937
    endloop
  endfacet
  facet normal 0.706771 -0.0308334 0.706771
    outer loop
      vertex 10.8094 0 27.7964
      vertex 10.7683 -0.942104 27.7964
      vertex 11.7964 0 26.8094
    endloop
  endfacet
  facet normal 0.642576 -0.0280328 0.765709
    outer loop
      vertex 10.8094 0 27.7964
      vertex 9.70312 -0.848912 28.6937
      vertex 10.7683 -0.942104 27.7964
    endloop
  endfacet
  facet normal 0.642584 -0.0280526 0.765701
    outer loop
      vertex 9.74018 0 28.6937
      vertex 9.70312 -0.848912 28.6937
      vertex 10.8094 0 27.7964
    endloop
  endfacet
  facet normal 0.637688 -0.083953 0.765706
    outer loop
      vertex 9.70312 -0.848912 28.6937
      vertex 9.59221 -1.69136 28.6937
      vertex 10.6452 -1.87704 27.7964
    endloop
  endfacet
  facet normal 0.627945 -0.13921 0.765706
    outer loop
      vertex 10.6452 -1.87704 27.7964
      vertex 9.59221 -1.69136 28.6937
      vertex 10.4411 -2.79769 27.7964
    endloop
  endfacet
  facet normal 0.759775 -0.100008 0.642449
    outer loop
      vertex 11.7515 -1.02813 26.8094
      vertex 11.6172 -2.04843 26.8094
      vertex 12.6453 -1.10632 25.7402
    endloop
  endfacet
  facet normal 0.759771 -0.0999963 0.642455
    outer loop
      vertex 12.6453 -1.10632 25.7402
      vertex 11.6172 -2.04843 26.8094
      vertex 12.5008 -2.20423 25.7402
    endloop
  endfacet
  facet normal 0.403373 -0.127182 0.906154
    outer loop
      vertex 7.13624 -1.91215 30.1922
      vertex 5.9143 -1.58473 30.7821
      vertex 6.94243 -2.52684 30.1922
    endloop
  endfacet
  facet normal 0.477196 -0.150458 0.865821
    outer loop
      vertex 7.13624 -1.91215 30.1922
      vertex 6.94243 -2.52684 30.1922
      vertex 8.07834 -2.94028 29.4943
    endloop
  endfacet
  facet normal 0.0250319 -0.573392 0.818899
    outer loop
      vertex 0 -8.59679 29.4943
      vertex 0 -9.74018 28.6937
      vertex 0.848912 -9.70312 28.6937
    endloop
  endfacet
  facet normal 0.288698 -0.183924 0.939588
    outer loop
      vertex 4.1667 -2.40565 31.2595
      vertex 3.94118 -2.75964 31.2595
      vertex 5.30262 -3.06147 30.7821
    endloop
  endfacet
  facet normal 0.157667 -0.205487 0.965876
    outer loop
      vertex 2.226 -2.65284 31.6207
      vertex 1.98631 -2.83675 31.6207
      vertex 2.75964 -3.94118 31.2595
    endloop
  endfacet
  facet normal 0.375163 -0.19529 0.906154
    outer loop
      vertex 5.54926 -2.58766 30.7821
      vertex 5.30262 -3.06147 30.7821
      vertex 6.69578 -3.12229 30.1922
    endloop
  endfacet
  facet normal 0.484054 -0.308379 0.818899
    outer loop
      vertex 8.43525 -4.87009 28.6937
      vertex 7.04208 -4.93092 29.4943
      vertex 7.97869 -5.58674 28.6937
    endloop
  endfacet
  facet normal 0.542453 -0.345583 0.765714
    outer loop
      vertex 8.43525 -4.87009 28.6937
      vertex 7.97869 -5.58674 28.6937
      vertex 8.85458 -6.20004 27.7964
    endloop
  endfacet
  facet normal 0.521583 -0.477944 0.706768
    outer loop
      vertex 8.28051 -6.94818 27.7964
      vertex 7.64343 -7.64343 27.7964
      vertex 8.34134 -8.34134 26.8094
    endloop
  endfacet
  facet normal 0.474204 -0.434528 0.765713
    outer loop
      vertex 8.28051 -6.94818 27.7964
      vertex 6.88735 -6.88735 28.6937
      vertex 7.64343 -7.64343 27.7964
    endloop
  endfacet
  facet normal 0.730861 -0.230442 0.642447
    outer loop
      vertex 12.2611 -3.28536 25.7402
      vertex 11.085 -4.03462 26.8094
      vertex 11.9281 -4.34149 25.7402
    endloop
  endfacet
  facet normal 0.730866 -0.230471 0.642432
    outer loop
      vertex 11.3945 -3.05314 26.8094
      vertex 11.085 -4.03462 26.8094
      vertex 12.2611 -3.28536 25.7402
    endloop
  endfacet
  facet normal 0.573392 -0.0250323 0.818899
    outer loop
      vertex 8.59679 0 29.4943
      vertex 8.56408 -0.749259 29.4943
      vertex 9.70312 -0.848912 28.6937
    endloop
  endfacet
  facet normal 0.573392 -0.0250319 0.818899
    outer loop
      vertex 9.74018 0 28.6937
      vertex 8.59679 0 29.4943
      vertex 9.70312 -0.848912 28.6937
    endloop
  endfacet
  facet normal 0.412857 -0.0915284 0.906185
    outer loop
      vertex 7 -1.4 30.306
      vertex 7.13624 -1.91215 30.1922
      vertex 7.25729 -1.36613 30.1922
    endloop
  endfacet
  facet normal 0.413038 -0.0914634 0.906109
    outer loop
      vertex 6.84162 -1.37915 30.3803
      vertex 7.13624 -1.91215 30.1922
      vertex 7 -1.4 30.306
    endloop
  endfacet
  facet normal 0.412923 -0.0915424 0.906154
    outer loop
      vertex 7.13624 -1.91215 30.1922
      vertex 6.84162 -1.37915 30.3803
      vertex 5.9143 -1.58473 30.7821
    endloop
  endfacet
  facet normal 0.560332 -0.124228 0.818899
    outer loop
      vertex 8.46619 -1.49282 29.4943
      vertex 8.30386 -2.22501 29.4943
      vertex 9.40829 -2.52094 28.6937
    endloop
  endfacet
  facet normal 0.443819 0.231031 0.865823
    outer loop
      vertex 7.79134 3.63316 29.4943
      vertex 6.39818 3.69399 30.1922
      vertex 6.69578 3.12229 30.1922
    endloop
  endfacet
  facet normal 0.326467 0.102931 0.939588
    outer loop
      vertex 5.75368 2.09417 30.7821
      vertex 4.52114 1.64556 31.2595
      vertex 5.9143 1.58473 30.7821
    endloop
  endfacet
  facet normal 0.208381 0.271574 0.939587
    outer loop
      vertex 3.51197 5.01561 30.7821
      vertex 2.75964 3.94118 31.2595
      vertex 3.93575 4.69044 30.7821
    endloop
  endfacet
  facet normal 0.423153 0.387746 0.818898
    outer loop
      vertex 6.88735 6.88735 28.6937
      vertex 6.58553 5.52591 29.4943
      vertex 7.46141 6.26087 28.6937
    endloop
  endfacet
  facet normal 0.303632 0.158059 0.939588
    outer loop
      vertex 5.30262 3.06147 30.7821
      vertex 4.1667 2.40565 31.2595
      vertex 4.36051 2.03334 31.2595
    endloop
  endfacet
  facet normal 0.239289 0.0991205 0.965876
    outer loop
      vertex 4.36051 2.03334 31.2595
      vertex 3.25419 1.18443 31.6207
      vertex 4.52114 1.64556 31.2595
    endloop
  endfacet
  facet normal 0.218442 -0.139165 0.965876
    outer loop
      vertex 4.1667 -2.40565 31.2595
      vertex 2.99907 -1.73152 31.6207
      vertex 3.94118 -2.75964 31.2595
    endloop
  endfacet
  facet normal 0.412877 -0.0915314 0.906176
    outer loop
      vertex 5.9143 -1.58473 30.7821
      vertex 6.12813 -1.08055 30.7356
      vertex 6.02991 -1.06324 30.7821
    endloop
  endfacet
  facet normal 0.412814 -0.0908118 0.906277
    outer loop
      vertex 6.63765 -1.3523 30.4759
      vertex 5.9143 -1.58473 30.7821
      vertex 6.84162 -1.37915 30.3803
    endloop
  endfacet
  facet normal 0.412967 -0.0914659 0.906141
    outer loop
      vertex 6.3 -1.21243 30.6439
      vertex 5.9143 -1.58473 30.7821
      vertex 6.63765 -1.3523 30.4759
    endloop
  endfacet
  facet normal 0.413105 -0.0916389 0.906061
    outer loop
      vertex 6.12813 -1.08055 30.7356
      vertex 5.9143 -1.58473 30.7821
      vertex 6.3 -1.21243 30.6439
    endloop
  endfacet
  facet normal 0.488519 0.108198 0.865819
    outer loop
      vertex 7.13624 1.91215 30.1922
      vertex 7.35283 1.35355 30.1398
      vertex 8.30386 2.22501 29.4943
    endloop
  endfacet
  facet normal 0.488984 0.108405 0.86553
    outer loop
      vertex 7.35283 1.35355 30.1398
      vertex 7.13624 1.91215 30.1922
      vertex 7.25729 1.36613 30.1922
    endloop
  endfacet
  facet normal 0.403376 0.127179 0.906153
    outer loop
      vertex 6.94243 2.52684 30.1922
      vertex 5.75368 2.09417 30.7821
      vertex 5.9143 1.58473 30.7821
    endloop
  endfacet
  facet normal 0.419281 0.0551937 0.906177
    outer loop
      vertex 6.12813 1.08055 30.7356
      vertex 6.02991 1.06324 30.7821
      vertex 6.03685 1.01052 30.7821
    endloop
  endfacet
  facet normal 0.412857 0.0915284 0.906185
    outer loop
      vertex 7.13624 1.91215 30.1922
      vertex 7 1.4 30.306
      vertex 7.25729 1.36613 30.1922
    endloop
  endfacet
  facet normal 0.413038 0.0914634 0.906109
    outer loop
      vertex 7.13624 1.91215 30.1922
      vertex 6.84162 1.37915 30.3803
      vertex 7 1.4 30.306
    endloop
  endfacet
  facet normal 0.412923 0.0915424 0.906154
    outer loop
      vertex 6.84162 1.37915 30.3803
      vertex 7.13624 1.91215 30.1922
      vertex 5.9143 1.58473 30.7821
    endloop
  endfacet
  facet normal 0.560333 0.124227 0.818898
    outer loop
      vertex 9.40829 2.52094 28.6937
      vertex 8.46619 1.49282 29.4943
      vertex 9.59221 1.69136 28.6937
    endloop
  endfacet
  facet normal 0.560332 0.124228 0.818899
    outer loop
      vertex 9.40829 2.52094 28.6937
      vertex 8.30386 2.22501 29.4943
      vertex 8.46619 1.49282 29.4943
    endloop
  endfacet
  facet normal 0.169701 0.0376226 0.984777
    outer loop
      vertex 3.34503 0.896298 31.6207
      vertex 2.05669 0.36265 31.8631
      vertex 3.41042 0.601349 31.6207
    endloop
  endfacet
  facet normal 0.339463 0.044873 0.939548
    outer loop
      vertex 4.7382 0.835472 31.2595
      vertex 5.70433 0.499064 30.9265
      vertex 5.7507 0.611005 30.9044
    endloop
  endfacet
  facet normal 0.339406 0.0446788 0.939578
    outer loop
      vertex 5.70433 0.499064 30.9265
      vertex 4.7382 0.835472 31.2595
      vertex 4.79298 0.419332 31.2595
    endloop
  endfacet
  facet normal 0.239287 0.0991234 0.965876
    outer loop
      vertex 4.36051 2.03334 31.2595
      vertex 3.13857 1.46354 31.6207
      vertex 3.25419 1.18443 31.6207
    endloop
  endfacet
  facet normal 0.375163 0.19529 0.906154
    outer loop
      vertex 6.69578 3.12229 30.1922
      vertex 5.30262 3.06147 30.7821
      vertex 5.54926 2.58766 30.7821
    endloop
  endfacet
  facet normal 0.0338125 0.256788 0.965876
    outer loop
      vertex 0.835472 4.7382 31.2595
      vertex 0.301823 3.44986 31.6207
      vertex 0.601349 3.41042 31.6207
    endloop
  endfacet
  facet normal 0.0226919 0.172333 0.984777
    outer loop
      vertex 0.301823 3.44986 31.6207
      vertex 0.182017 2.08047 31.8631
      vertex 0.601349 3.41042 31.6207
    endloop
  endfacet
  facet normal 0.434528 0.474204 0.765713
    outer loop
      vertex 6.94818 8.28051 27.7964
      vertex 6.88735 6.88735 28.6937
      vertex 7.64343 7.64343 27.7964
    endloop
  endfacet
  facet normal 0.434526 0.474204 0.765714
    outer loop
      vertex 6.94818 8.28051 27.7964
      vertex 6.26087 7.46141 28.6937
      vertex 6.88735 6.88735 28.6937
    endloop
  endfacet
  facet normal 0.183927 0.288698 0.939587
    outer loop
      vertex 3.06147 5.30262 30.7821
      vertex 2.75964 3.94118 31.2595
      vertex 3.51197 5.01561 30.7821
    endloop
  endfacet
  facet normal 0.205487 0.157667 0.965876
    outer loop
      vertex 3.94118 2.75964 31.2595
      vertex 2.65284 2.226 31.6207
      vertex 2.83675 1.98631 31.6207
    endloop
  endfacet
  facet normal 0.246163 0.59421 0.765714
    outer loop
      vertex 4.56827 9.79668 27.7964
      vertex 3.69705 10.1576 27.7964
      vertex 4.11638 8.8276 28.6937
    endloop
  endfacet
  facet normal 0.265011 0.50909 0.818899
    outer loop
      vertex 4.87009 8.43525 28.6937
      vertex 4.11638 8.8276 28.6937
      vertex 4.2984 7.44504 29.4943
    endloop
  endfacet
  facet normal 0.290488 -0.921274 0.258596
    outer loop
      vertex 5.21905 -14.3392 20.8113
      vertex 4.04294 -15.0885 19.463
      vertex 5.34261 -14.6787 19.463
    endloop
  endfacet
  facet normal 0.213124 -0.961499 0.173491
    outer loop
      vertex 4.04294 -15.0885 19.463
      vertex 2.71251 -15.3834 19.463
      vertex 2.7546 -15.6221 18.0884
    endloop
  endfacet
  facet normal -0.378394 -0.726792 0.573228
    outer loop
      vertex -6.34683 -10.993 25.7402
      vertex -6.74713 -11.6864 24.5968
      vertex -5.36457 -11.5044 25.7402
    endloop
  endfacet
  facet normal -0.246396 -0.781464 0.573239
    outer loop
      vertex -4.34149 -11.9281 25.7402
      vertex -4.61531 -12.6805 24.5968
      vertex -3.49257 -13.0345 24.5968
    endloop
  endfacet
  facet normal -0.165875 -0.748155 0.642455
    outer loop
      vertex -2.04843 -11.6172 26.8094
      vertex -3.28536 -12.2611 25.7402
      vertex -2.20423 -12.5008 25.7402
    endloop
  endfacet
  facet normal -0.296984 -0.570511 0.765714
    outer loop
      vertex -4.11638 -8.8276 28.6937
      vertex -4.87009 -8.43525 28.6937
      vertex -4.56827 -9.79668 27.7964
    endloop
  endfacet
  facet normal -0.209043 -0.943091 0.25861
    outer loop
      vertex -3.94944 -14.7395 20.8113
      vertex -4.04294 -15.0885 19.463
      vertex -2.71251 -15.3834 19.463
    endloop
  endfacet
  facet normal -0.213124 -0.961499 0.173491
    outer loop
      vertex -2.71251 -15.3834 19.463
      vertex -4.04294 -15.0885 19.463
      vertex -2.7546 -15.6221 18.0884
    endloop
  endfacet
  facet normal -0.106913 -0.812389 0.573231
    outer loop
      vertex -2.20423 -12.5008 25.7402
      vertex -2.34325 -13.2893 24.5968
      vertex -1.1761 -13.4429 24.5968
    endloop
  endfacet
  facet normal -0.0377799 -0.86539 0.499672
    outer loop
      vertex -1.1761 -13.4429 24.5968
      vertex -1.23693 -14.1382 23.388
      vertex 0 -14.1922 23.388
    endloop
  endfacet
  facet normal 0.118316 -0.898724 0.422251
    outer loop
      vertex 2.46444 -13.9766 23.388
      vertex 1.23693 -14.1382 23.388
      vertex 2.56688 -14.5575 22.1229
    endloop
  endfacet
  facet normal 0.196215 -0.884988 0.422251
    outer loop
      vertex 3.6732 -13.7086 23.388
      vertex 2.46444 -13.9766 23.388
      vertex 2.56688 -14.5575 22.1229
    endloop
  endfacet
  facet normal 0.260477 -0.826144 0.499637
    outer loop
      vertex 4.61531 -12.6805 24.5968
      vertex 3.6732 -13.7086 23.388
      vertex 4.85401 -13.3363 23.388
    endloop
  endfacet
  facet normal 0.177362 -0.799962 0.573239
    outer loop
      vertex 3.28536 -12.2611 25.7402
      vertex 2.20423 -12.5008 25.7402
      vertex 3.49257 -13.0345 24.5968
    endloop
  endfacet
  facet normal 0.230442 -0.730861 0.642447
    outer loop
      vertex 4.03462 -11.085 26.8094
      vertex 3.28536 -12.2611 25.7402
      vertex 4.34149 -11.9281 25.7402
    endloop
  endfacet
  facet normal 0.293218 -0.708014 0.642449
    outer loop
      vertex 5.36457 -11.5044 25.7402
      vertex 4.03462 -11.085 26.8094
      vertex 4.34149 -11.9281 25.7402
    endloop
  endfacet
  facet normal 0.0435059 0.995249 0.0871066
    outer loop
      vertex 0 15.9848 16.6979
      vertex 0 15.8631 18.0884
      vertex 1.39316 15.9239 16.6979
    endloop
  endfacet
  facet normal 0.209058 0.943092 0.258597
    outer loop
      vertex 2.71251 15.3834 19.463
      vertex 2.64978 15.0276 20.8113
      vertex 3.94944 14.7395 20.8113
    endloop
  endfacet
  facet normal -0.122653 0.931766 0.341713
    outer loop
      vertex -1.28834 14.7258 22.1229
      vertex -2.64978 15.0276 20.8113
      vertex -2.56688 14.5575 22.1229
    endloop
  endfacet
  facet normal -0.122696 0.931746 0.341753
    outer loop
      vertex -1.32995 15.2014 20.8113
      vertex -2.64978 15.0276 20.8113
      vertex -1.28834 14.7258 22.1229
    endloop
  endfacet
  facet normal 0.0434081 0.995261 0.0870092
    outer loop
      vertex 1.39316 15.9239 16.6979
      vertex 0 15.8631 18.0884
      vertex 1.38256 15.8028 18.0884
    endloop
  endfacet
  facet normal 0.130079 0.987678 0.0870095
    outer loop
      vertex 1.39316 15.9239 16.6979
      vertex 1.38256 15.8028 18.0884
      vertex 2.7546 15.6221 18.0884
    endloop
  endfacet
  facet normal 0.0429276 0.983895 0.173518
    outer loop
      vertex 1.38256 15.8028 18.0884
      vertex 0 15.6207 19.463
      vertex 1.36144 15.5613 19.463
    endloop
  endfacet
  facet normal 0.856857 0.446023 0.258573
    outer loop
      vertex 14.1572 6.60161 19.463
      vertex 13.528 7.81037 19.463
      vertex 13.8298 6.44893 20.8113
    endloop
  endfacet
  facet normal 0.873573 0.454724 0.173484
    outer loop
      vertex 13.7379 7.93156 18.0884
      vertex 13.528 7.81037 19.463
      vertex 14.1572 6.60161 19.463
    endloop
  endfacet
  facet normal 0.707987 0.293241 0.642467
    outer loop
      vertex 11.5044 5.36457 25.7402
      vertex 10.6912 4.98539 26.8094
      vertex 11.085 4.03462 26.8094
    endloop
  endfacet
  facet normal 0.708014 0.293218 0.642449
    outer loop
      vertex 11.5044 5.36457 25.7402
      vertex 11.085 4.03462 26.8094
      vertex 11.9281 4.34149 25.7402
    endloop
  endfacet
  facet normal 0.76835 0.399991 0.499646
    outer loop
      vertex 12.2908 7.09609 23.388
      vertex 11.6864 6.74713 24.5968
      vertex 12.23 5.70292 24.5968
    endloop
  endfacet
  facet normal 0.726821 0.378372 0.573206
    outer loop
      vertex 11.6864 6.74713 24.5968
      vertex 11.5044 5.36457 25.7402
      vertex 12.23 5.70292 24.5968
    endloop
  endfacet
  facet normal 0.764481 0.487075 0.422288
    outer loop
      vertex 12.8017 7.39104 22.1229
      vertex 11.6255 8.1403 23.388
      vertex 12.2908 7.09609 23.388
    endloop
  endfacet
  facet normal 0.764487 0.487043 0.422313
    outer loop
      vertex 12.1088 8.47865 22.1229
      vertex 11.6255 8.1403 23.388
      vertex 12.8017 7.39104 22.1229
    endloop
  endfacet
  facet normal 0.73727 0.675598 0
    outer loop
      vertex 12.245 10.2748 16.6979
      vertex 11.3029 11.3029 16
      vertex 11.3029 11.3029 16.6979
    endloop
  endfacet
  facet normal 0.73727 0.675598 0
    outer loop
      vertex 11.3029 11.3029 16
      vertex 12.245 10.2748 16.6979
      vertex 12.245 10.2748 16
    endloop
  endfacet
  facet normal 0.830606 0.529156 0.17346
    outer loop
      vertex 12.9943 9.09871 18.0884
      vertex 12.7958 8.95969 19.463
      vertex 13.528 7.81037 19.463
    endloop
  endfacet
  facet normal 0.830589 0.529174 0.173484
    outer loop
      vertex 13.7379 7.93156 18.0884
      vertex 12.9943 9.09871 18.0884
      vertex 13.528 7.81037 19.463
    endloop
  endfacet
  facet normal 0.606496 0.79031 0.0870233
    outer loop
      vertex 10.2748 12.245 16.6979
      vertex 9.16849 13.094 16.6979
      vertex 10.1966 12.1519 18.0884
    endloop
  endfacet
  facet normal 0.673033 0.734471 0.0870517
    outer loop
      vertex 11.3029 11.3029 16.6979
      vertex 10.2748 12.245 16.6979
      vertex 11.2169 11.2169 18.0884
    endloop
  endfacet
  facet normal 0.459992 0.883646 0.0870411
    outer loop
      vertex 6.75546 14.4871 16.6979
      vertex 6.70404 14.3769 18.0884
      vertex 7.93156 13.7379 18.0884
    endloop
  endfacet
  facet normal 0.529174 0.830589 0.173484
    outer loop
      vertex 7.93156 13.7379 18.0884
      vertex 7.81037 13.528 19.463
      vertex 9.09871 12.9943 18.0884
    endloop
  endfacet
  facet normal 0.433961 0.833611 0.341718
    outer loop
      vertex 7.62973 13.2151 20.8113
      vertex 6.44893 13.8298 20.8113
      vertex 7.39104 12.8017 22.1229
    endloop
  endfacet
  facet normal 0.519021 0.814697 0.258623
    outer loop
      vertex 8.95969 12.7958 19.463
      vertex 7.81037 13.528 19.463
      vertex 8.75247 12.4998 20.8113
    endloop
  endfacet
  facet normal 0.53528 0.840172 0.0871032
    outer loop
      vertex 9.16849 13.094 16.6979
      vertex 7.93156 13.7379 18.0884
      vertex 9.09871 12.9943 18.0884
    endloop
  endfacet
  facet normal 0.529156 0.830606 0.17346
    outer loop
      vertex 9.09871 12.9943 18.0884
      vertex 7.81037 13.528 19.463
      vertex 8.95969 12.7958 19.463
    endloop
  endfacet
  facet normal 0.0395753 0.905619 0.422241
    outer loop
      vertex 1.28834 14.7258 22.1229
      vertex 0 14.7821 22.1229
      vertex 1.23693 14.1382 23.388
    endloop
  endfacet
  facet normal 0.118304 0.898731 0.42224
    outer loop
      vertex 1.28834 14.7258 22.1229
      vertex 1.23693 14.1382 23.388
      vertex 2.56688 14.5575 22.1229
    endloop
  endfacet
  facet normal 0.0421598 0.965067 0.258589
    outer loop
      vertex 1.36144 15.5613 19.463
      vertex 0 15.2595 20.8113
      vertex 1.32995 15.2014 20.8113
    endloop
  endfacet
  facet normal 0.0421068 0.965083 0.258539
    outer loop
      vertex 0 15.6207 19.463
      vertex 0 15.2595 20.8113
      vertex 1.36144 15.5613 19.463
    endloop
  endfacet
  facet normal -0.153091 0.69067 0.70678
    outer loop
      vertex -2.04843 11.6172 26.8094
      vertex -3.05314 11.3945 26.8094
      vertex -2.79769 10.4411 27.7964
    endloop
  endfacet
  facet normal -0.106922 0.812392 0.573225
    outer loop
      vertex -1.1761 13.4429 24.5968
      vertex -2.20423 12.5008 25.7402
      vertex -1.10632 12.6453 25.7402
    endloop
  endfacet
  facet normal -0.118316 0.898724 0.422251
    outer loop
      vertex -1.23693 14.1382 23.388
      vertex -2.56688 14.5575 22.1229
      vertex -2.46444 13.9766 23.388
    endloop
  endfacet
  facet normal -0.0358133 0.818615 0.573226
    outer loop
      vertex 0 12.6937 25.7402
      vertex -1.1761 13.4429 24.5968
      vertex -1.10632 12.6453 25.7402
    endloop
  endfacet
  facet normal 0.0377799 0.86539 0.499672
    outer loop
      vertex 1.23693 14.1382 23.388
      vertex 0 14.1922 23.388
      vertex 1.1761 13.4429 24.5968
    endloop
  endfacet
  facet normal -0.0357774 0.818633 0.573201
    outer loop
      vertex 0 13.4943 24.5968
      vertex -1.1761 13.4429 24.5968
      vertex 0 12.6937 25.7402
    endloop
  endfacet
  facet normal 0.106922 0.812392 0.573225
    outer loop
      vertex 1.1761 13.4429 24.5968
      vertex 1.10632 12.6453 25.7402
      vertex 2.20423 12.5008 25.7402
    endloop
  endfacet
  facet normal 0.0358133 0.818615 0.573226
    outer loop
      vertex 1.1761 13.4429 24.5968
      vertex 0 12.6937 25.7402
      vertex 1.10632 12.6453 25.7402
    endloop
  endfacet
  facet normal 0.100008 0.759775 0.642449
    outer loop
      vertex 1.10632 12.6453 25.7402
      vertex 1.02813 11.7515 26.8094
      vertex 2.04843 11.6172 26.8094
    endloop
  endfacet
  facet normal 0.0308664 0.706785 0.706754
    outer loop
      vertex 1.02813 11.7515 26.8094
      vertex 0 11.7964 26.8094
      vertex 0.942104 10.7683 27.7964
    endloop
  endfacet
  facet normal 0.0334349 0.765599 0.642449
    outer loop
      vertex 1.10632 12.6453 25.7402
      vertex 0 11.7964 26.8094
      vertex 1.02813 11.7515 26.8094
    endloop
  endfacet
  facet normal 0.0334925 0.765567 0.642484
    outer loop
      vertex 0 12.6937 25.7402
      vertex 0 11.7964 26.8094
      vertex 1.10632 12.6453 25.7402
    endloop
  endfacet
  facet normal 0.187489 0.845704 0.499632
    outer loop
      vertex 3.6732 13.7086 23.388
      vertex 2.34325 13.2893 24.5968
      vertex 3.49257 13.0345 24.5968
    endloop
  endfacet
  facet normal 0.187503 0.845694 0.499644
    outer loop
      vertex 2.46444 13.9766 23.388
      vertex 2.34325 13.2893 24.5968
      vertex 3.6732 13.7086 23.388
    endloop
  endfacet
  facet normal 0.230471 0.730866 0.642432
    outer loop
      vertex 3.28536 12.2611 25.7402
      vertex 3.05314 11.3945 26.8094
      vertex 4.03462 11.085 26.8094
    endloop
  endfacet
  facet normal 0.230442 0.730861 0.642447
    outer loop
      vertex 4.34149 11.9281 25.7402
      vertex 3.28536 12.2611 25.7402
      vertex 4.03462 11.085 26.8094
    endloop
  endfacet
  facet normal 0.0218229 0.499877 0.865821
    outer loop
      vertex 0 8.59679 29.4943
      vertex 0 7.38798 30.1922
      vertex 0.749259 8.56408 29.4943
    endloop
  endfacet
  facet normal 0.0250323 0.573392 0.818899
    outer loop
      vertex 0.848912 9.70312 28.6937
      vertex 0 8.59679 29.4943
      vertex 0.749259 8.56408 29.4943
    endloop
  endfacet
  facet normal 0.172581 0.547375 0.8189
    outer loop
      vertex 3.33134 9.15278 28.6937
      vertex 2.52094 9.40829 28.6937
      vertex 2.94028 8.07834 29.4943
    endloop
  endfacet
  facet normal 0.193404 0.61342 0.765709
    outer loop
      vertex 2.79769 10.4411 27.7964
      vertex 2.52094 9.40829 28.6937
      vertex 3.33134 9.15278 28.6937
    endloop
  endfacet
  facet normal -0.153117 0.690676 0.706768
    outer loop
      vertex -2.04843 11.6172 26.8094
      vertex -2.79769 10.4411 27.7964
      vertex -1.87704 10.6452 27.7964
    endloop
  endfacet
  facet normal 0.0749136 0.569028 0.818899
    outer loop
      vertex 0.848912 9.70312 28.6937
      vertex 0.749259 8.56408 29.4943
      vertex 1.69136 9.59221 28.6937
    endloop
  endfacet
  facet normal 0.553583 0.604137 0.573205
    outer loop
      vertex 8.67394 10.3372 24.5968
      vertex 8.15932 9.7239 25.7402
      vertex 8.97577 8.97577 25.7402
    endloop
  endfacet
  facet normal 0.411758 0.646321 0.642436
    outer loop
      vertex 7.28078 10.398 25.7402
      vertex 6.34683 10.993 25.7402
      vertex 6.76616 9.66308 26.8094
    endloop
  endfacet
  facet normal 0.411739 0.646323 0.642446
    outer loop
      vertex 6.34683 10.993 25.7402
      vertex 5.89822 10.216 26.8094
      vertex 6.76616 9.66308 26.8094
    endloop
  endfacet
  facet normal 0.293241 0.707987 0.642467
    outer loop
      vertex 5.36457 11.5044 25.7402
      vertex 4.03462 11.085 26.8094
      vertex 4.98539 10.6912 26.8094
    endloop
  endfacet
  facet normal 0.561251 0.430673 0.706766
    outer loop
      vertex 9.03659 7.5826 26.8094
      vertex 8.28051 6.94818 27.7964
      vertex 9.66308 6.76616 26.8094
    endloop
  endfacet
  facet normal 0.607963 0.466517 0.642451
    outer loop
      vertex 9.7239 8.15932 25.7402
      vertex 9.03659 7.5826 26.8094
      vertex 9.66308 6.76616 26.8094
    endloop
  endfacet
  facet normal 0.293218 0.708014 0.642449
    outer loop
      vertex 4.34149 11.9281 25.7402
      vertex 4.03462 11.085 26.8094
      vertex 5.36457 11.5044 25.7402
    endloop
  endfacet
  facet normal 0.313565 0.757017 0.573238
    outer loop
      vertex 4.61531 12.6805 24.5968
      vertex 4.34149 11.9281 25.7402
      vertex 5.70292 12.23 24.5968
    endloop
  endfacet
  facet normal 0.270715 0.6536 0.706767
    outer loop
      vertex 4.98539 10.6912 26.8094
      vertex 4.03462 11.085 26.8094
      vertex 4.56827 9.79668 27.7964
    endloop
  endfacet
  facet normal 0.391545 0.51027 0.765714
    outer loop
      vertex 6.20004 8.85458 27.7964
      vertex 5.58674 7.97869 28.6937
      vertex 6.26087 7.46141 28.6937
    endloop
  endfacet
  facet normal 0.34558 0.542457 0.765712
    outer loop
      vertex 5.40472 9.36125 27.7964
      vertex 4.87009 8.43525 28.6937
      vertex 6.20004 8.85458 27.7964
    endloop
  endfacet
  facet normal 0.212695 0.674742 0.706742
    outer loop
      vertex 4.03462 11.085 26.8094
      vertex 2.79769 10.4411 27.7964
      vertex 3.69705 10.1576 27.7964
    endloop
  endfacet
  facet normal 0.296984 0.570511 0.765714
    outer loop
      vertex 4.56827 9.79668 27.7964
      vertex 4.11638 8.8276 28.6937
      vertex 4.87009 8.43525 28.6937
    endloop
  endfacet
  facet normal 0.26884 0.421993 0.865822
    outer loop
      vertex 4.2984 7.44504 29.4943
      vertex 3.69399 6.39818 30.1922
      vertex 4.23757 6.05188 30.1922
    endloop
  endfacet
  facet normal 0.976404 0.128594 0.173491
    outer loop
      vertex 15.6221 2.7546 18.0884
      vertex 15.3834 2.71251 19.463
      vertex 15.8028 1.38256 18.0884
    endloop
  endfacet
  facet normal 0.972593 0.215599 0.087067
    outer loop
      vertex 15.4401 4.13716 16.6979
      vertex 15.3226 4.10568 18.0884
      vertex 15.6221 2.7546 18.0884
    endloop
  endfacet
  facet normal 0.939247 0.296155 0.173514
    outer loop
      vertex 14.9065 5.42551 18.0884
      vertex 14.6787 5.34261 19.463
      vertex 15.0885 4.04294 19.463
    endloop
  endfacet
  facet normal 0.965067 0.0421598 0.258589
    outer loop
      vertex 15.5613 1.36144 19.463
      vertex 15.2014 1.32995 20.8113
      vertex 15.2595 0 20.8113
    endloop
  endfacet
  facet normal 0.8963 0.282598 0.341737
    outer loop
      vertex 14.3392 5.21905 20.8113
      vertex 13.8906 5.05577 22.1229
      vertex 14.7395 3.94944 20.8113
    endloop
  endfacet
  facet normal 0.961499 0.213124 0.173491
    outer loop
      vertex 15.6221 2.7546 18.0884
      vertex 15.0885 4.04294 19.463
      vertex 15.3834 2.71251 19.463
    endloop
  endfacet
  facet normal 0.781464 0.246396 0.573239
    outer loop
      vertex 12.6805 4.61531 24.5968
      vertex 11.9281 4.34149 25.7402
      vertex 13.0345 3.49257 24.5968
    endloop
  endfacet
  facet normal 0.781464 0.246397 0.573238
    outer loop
      vertex 13.0345 3.49257 24.5968
      vertex 11.9281 4.34149 25.7402
      vertex 12.2611 3.28536 25.7402
    endloop
  endfacet
  facet normal 0.931746 0.122696 0.341753
    outer loop
      vertex 15.0276 2.64978 20.8113
      vertex 14.7258 1.28834 22.1229
      vertex 15.2014 1.32995 20.8113
    endloop
  endfacet
  facet normal 0.818633 -0.0357774 0.573201
    outer loop
      vertex 13.4943 0 24.5968
      vertex 12.6937 0 25.7402
      vertex 13.4429 -1.1761 24.5968
    endloop
  endfacet
  facet normal 0.759775 0.100008 0.642449
    outer loop
      vertex 12.6453 1.10632 25.7402
      vertex 11.6172 2.04843 26.8094
      vertex 11.7515 1.02813 26.8094
    endloop
  endfacet
  facet normal 0.765599 0.0334349 0.642449
    outer loop
      vertex 12.6453 1.10632 25.7402
      vertex 11.7515 1.02813 26.8094
      vertex 11.7964 0 26.8094
    endloop
  endfacet
  facet normal 0.122653 0.931766 0.341713
    outer loop
      vertex 2.64978 15.0276 20.8113
      vertex 1.28834 14.7258 22.1229
      vertex 2.56688 14.5575 22.1229
    endloop
  endfacet
  facet normal 0.299537 0.950104 0.087067
    outer loop
      vertex 4.13716 15.4401 16.6979
      vertex 4.10568 15.3226 18.0884
      vertex 5.42551 14.9065 18.0884
    endloop
  endfacet
  facet normal 0.300685 0.953723 -0
    outer loop
      vertex 5.46711 15.0208 16
      vertex 4.13716 15.4401 16.6979
      vertex 5.46711 15.0208 16.6979
    endloop
  endfacet
  facet normal 0.300685 0.953723 0
    outer loop
      vertex 4.13716 15.4401 16.6979
      vertex 5.46711 15.0208 16
      vertex 4.13716 15.4401 16
    endloop
  endfacet
  facet normal -0.79031 -0.606496 0.0870233
    outer loop
      vertex -12.1519 -10.1966 18.0884
      vertex -13.094 -9.16849 16.6979
      vertex -12.245 -10.2748 16.6979
    endloop
  endfacet
  facet normal -0.790352 -0.606429 0.0871016
    outer loop
      vertex -12.9943 -9.09871 18.0884
      vertex -13.094 -9.16849 16.6979
      vertex -12.1519 -10.1966 18.0884
    endloop
  endfacet
  facet normal -0.765599 -0.0334349 0.642449
    outer loop
      vertex -11.7964 0 26.8094
      vertex -12.6453 -1.10632 25.7402
      vertex -11.7515 -1.02813 26.8094
    endloop
  endfacet
  facet normal -0.706785 -0.0308664 0.706754
    outer loop
      vertex -10.7683 -0.942104 27.7964
      vertex -11.7964 0 26.8094
      vertex -11.7515 -1.02813 26.8094
    endloop
  endfacet
  facet normal -0.542453 -0.345583 0.765714
    outer loop
      vertex -8.43525 -4.87009 28.6937
      vertex -8.85458 -6.20004 27.7964
      vertex -7.97869 -5.58674 28.6937
    endloop
  endfacet
  facet normal -0.542457 -0.34558 0.765712
    outer loop
      vertex -8.43525 -4.87009 28.6937
      vertex -9.36125 -5.40472 27.7964
      vertex -8.85458 -6.20004 27.7964
    endloop
  endfacet
  facet normal -0.674684 -0.212755 0.70678
    outer loop
      vertex -10.4411 -2.79769 27.7964
      vertex -11.3945 -3.05314 26.8094
      vertex -11.085 -4.03462 26.8094
    endloop
  endfacet
  facet normal -0.69067 -0.153091 0.70678
    outer loop
      vertex -10.4411 -2.79769 27.7964
      vertex -11.6172 -2.04843 26.8094
      vertex -11.3945 -3.05314 26.8094
    endloop
  endfacet
  facet normal -0.86539 -0.0377799 0.499672
    outer loop
      vertex -13.4429 -1.1761 24.5968
      vertex -14.1922 0 23.388
      vertex -14.1382 -1.23693 23.388
    endloop
  endfacet
  facet normal -0.812389 -0.106913 0.573231
    outer loop
      vertex -12.5008 -2.20423 25.7402
      vertex -13.4429 -1.1761 24.5968
      vertex -13.2893 -2.34325 24.5968
    endloop
  endfacet
  facet normal -0.422549 0.0184532 0.906152
    outer loop
      vertex -7.35986 0.643905 30.1922
      vertex -7.38798 0 30.1922
      vertex -6.09964 0.533648 30.7821
    endloop
  endfacet
  facet normal -0.499877 -0.0218229 0.865821
    outer loop
      vertex -7.38798 0 30.1922
      vertex -8.59679 0 29.4943
      vertex -8.56408 -0.749259 29.4943
    endloop
  endfacet
  facet normal -0.31625 0.131001 0.939588
    outer loop
      vertex -5.54926 2.58766 30.7821
      vertex -5.75368 2.09417 30.7821
      vertex -4.52114 1.64556 31.2595
    endloop
  endfacet
  facet normal -0.390753 0.16186 0.906153
    outer loop
      vertex -6.69578 3.12229 30.1922
      vertex -6.94243 2.52684 30.1922
      vertex -5.75368 2.09417 30.7821
    endloop
  endfacet
  facet normal -0.49607 0.0653038 0.865823
    outer loop
      vertex -7.27574 1.28291 30.1922
      vertex -8.56408 0.749259 29.4943
      vertex -7.35986 0.643905 30.1922
    endloop
  endfacet
  facet normal -0.496072 0.065308 0.865822
    outer loop
      vertex -8.46619 1.49282 29.4943
      vertex -8.56408 0.749259 29.4943
      vertex -7.27574 1.28291 30.1922
    endloop
  endfacet
  facet normal -0.499874 -0.02183 0.865823
    outer loop
      vertex -7.38798 0 30.1922
      vertex -8.56408 -0.749259 29.4943
      vertex -7.35986 -0.643905 30.1922
    endloop
  endfacet
  facet normal -0.422549 -0.0184532 0.906152
    outer loop
      vertex -6.09964 -0.533648 30.7821
      vertex -7.38798 0 30.1922
      vertex -7.35986 -0.643905 30.1922
    endloop
  endfacet
  facet normal -0.812392 0.106922 0.573225
    outer loop
      vertex -12.5008 2.20423 25.7402
      vertex -13.4429 1.1761 24.5968
      vertex -12.6453 1.10632 25.7402
    endloop
  endfacet
  facet normal -0.627945 0.13921 0.765706
    outer loop
      vertex -10.4411 2.79769 27.7964
      vertex -10.6452 1.87704 27.7964
      vertex -9.59221 1.69136 28.6937
    endloop
  endfacet
  facet normal -0.560333 0.124227 0.818898
    outer loop
      vertex -9.40829 2.52094 28.6937
      vertex -9.59221 1.69136 28.6937
      vertex -8.46619 1.49282 29.4943
    endloop
  endfacet
  facet normal -0.62794 0.139216 0.765709
    outer loop
      vertex -9.40829 2.52094 28.6937
      vertex -10.4411 2.79769 27.7964
      vertex -9.59221 1.69136 28.6937
    endloop
  endfacet
  facet normal -0.642584 0.0280526 0.765701
    outer loop
      vertex -9.70312 0.848912 28.6937
      vertex -10.8094 0 27.7964
      vertex -9.74018 0 28.6937
    endloop
  endfacet
  facet normal -0.642584 -0.0280526 0.765701
    outer loop
      vertex -9.74018 0 28.6937
      vertex -10.8094 0 27.7964
      vertex -9.70312 -0.848912 28.6937
    endloop
  endfacet
  facet normal -0.730866 0.230471 0.642432
    outer loop
      vertex -11.085 4.03462 26.8094
      vertex -12.2611 3.28536 25.7402
      vertex -11.3945 3.05314 26.8094
    endloop
  endfacet
  facet normal -0.799962 0.177362 0.573239
    outer loop
      vertex -12.2611 3.28536 25.7402
      vertex -13.0345 3.49257 24.5968
      vertex -12.5008 2.20423 25.7402
    endloop
  endfacet
  facet normal -0.781464 0.246397 0.573238
    outer loop
      vertex -11.9281 4.34149 25.7402
      vertex -13.0345 3.49257 24.5968
      vertex -12.2611 3.28536 25.7402
    endloop
  endfacet
  facet normal -0.759771 0.0999963 0.642455
    outer loop
      vertex -12.5008 2.20423 25.7402
      vertex -12.6453 1.10632 25.7402
      vertex -11.6172 2.04843 26.8094
    endloop
  endfacet
  facet normal -0.542457 0.34558 0.765712
    outer loop
      vertex -8.85458 6.20004 27.7964
      vertex -9.36125 5.40472 27.7964
      vertex -8.43525 4.87009 28.6937
    endloop
  endfacet
  facet normal -0.596658 0.380109 0.706765
    outer loop
      vertex -8.85458 6.20004 27.7964
      vertex -10.216 5.89822 26.8094
      vertex -9.36125 5.40472 27.7964
    endloop
  endfacet
  facet normal -0.50909 0.265011 0.818899
    outer loop
      vertex -8.43525 4.87009 28.6937
      vertex -8.8276 4.11638 28.6937
      vertex -7.44504 4.2984 29.4943
    endloop
  endfacet
  facet normal -0.443819 0.231031 0.865823
    outer loop
      vertex -6.39818 3.69399 30.1922
      vertex -7.79134 3.63316 29.4943
      vertex -6.69578 3.12229 30.1922
    endloop
  endfacet
  facet normal -0.33938 0.0446853 0.939587
    outer loop
      vertex -6.02991 1.06324 30.7821
      vertex -6.09964 0.533648 30.7821
      vertex -4.7382 0.835472 31.2595
    endloop
  endfacet
  facet normal -0.173657 0.00758484 0.984777
    outer loop
      vertex -2.08047 0.182017 31.8631
      vertex -3.46303 0 31.6207
      vertex -2.08842 0 31.8631
    endloop
  endfacet
  facet normal -0.258761 0.0112987 0.965875
    outer loop
      vertex -4.79298 0.419332 31.2595
      vertex -4.81129 0 31.2595
      vertex -3.44986 0.301823 31.6207
    endloop
  endfacet
  facet normal -0.169701 0.0376226 0.984777
    outer loop
      vertex -3.34503 0.896298 31.6207
      vertex -3.41042 0.601349 31.6207
      vertex -2.05669 0.36265 31.8631
    endloop
  endfacet
  facet normal -0.252865 0.0560601 0.965876
    outer loop
      vertex -3.34503 0.896298 31.6207
      vertex -4.7382 0.835472 31.2595
      vertex -3.41042 0.601349 31.6207
    endloop
  endfacet
  facet normal -0.252865 0.0560616 0.965876
    outer loop
      vertex -4.64735 1.24525 31.2595
      vertex -4.7382 0.835472 31.2595
      vertex -3.34503 0.896298 31.6207
    endloop
  endfacet
  facet normal 0.0933926 0.1466 0.984777
    outer loop
      vertex 1.73152 2.99907 31.6207
      vertex 1.04421 1.80862 31.8631
      vertex 1.19787 1.71073 31.8631
    endloop
  endfacet
  facet normal 0.00380565 0.0871879 0.996185
    outer loop
      vertex 0 2.08842 31.8631
      vertex 0 0.697909 31.9848
      vertex 0.0608263 0.695254 31.9848
    endloop
  endfacet
  facet normal -0.231261 0.252377 0.939587
    outer loop
      vertex -3.93575 4.69044 30.7821
      vertex -4.32957 4.32957 30.7821
      vertex -3.4021 3.4021 31.2595
    endloop
  endfacet
  facet normal -0.412923 0.0915433 0.906154
    outer loop
      vertex -7.13624 1.91215 30.1922
      vertex -7.27574 1.28291 30.1922
      vertex -5.9143 1.58473 30.7821
    endloop
  endfacet
  facet normal -0.326467 0.102931 0.939588
    outer loop
      vertex -5.75368 2.09417 30.7821
      vertex -5.9143 1.58473 30.7821
      vertex -4.52114 1.64556 31.2595
    endloop
  endfacet
  facet normal -0.375163 0.195292 0.906153
    outer loop
      vertex -6.39818 3.69399 30.1922
      vertex -6.69578 3.12229 30.1922
      vertex -5.30262 3.06147 30.7821
    endloop
  endfacet
  facet normal -0.421993 0.26884 0.865822
    outer loop
      vertex -6.05188 4.23757 30.1922
      vertex -7.44504 4.2984 29.4943
      vertex -6.39818 3.69399 30.1922
    endloop
  endfacet
  facet normal -0.455335 0.349392 0.818898
    outer loop
      vertex -7.46141 6.26087 28.6937
      vertex -7.97869 5.58674 28.6937
      vertex -7.04208 4.93092 29.4943
    endloop
  endfacet
  facet normal -0.542453 0.345583 0.765714
    outer loop
      vertex -7.97869 5.58674 28.6937
      vertex -8.85458 6.20004 27.7964
      vertex -8.43525 4.87009 28.6937
    endloop
  endfacet
  facet normal -0.766365 0.588055 0.258604
    outer loop
      vertex -11.9662 10.0408 19.463
      vertex -12.4998 8.75247 20.8113
      vertex -11.6894 9.8086 20.8113
    endloop
  endfacet
  facet normal -0.814697 0.519021 0.258623
    outer loop
      vertex -12.7958 8.95969 19.463
      vertex -13.528 7.81037 19.463
      vertex -12.4998 8.75247 20.8113
    endloop
  endfacet
  facet normal -0.830606 0.529156 0.17346
    outer loop
      vertex -12.9943 9.09871 18.0884
      vertex -13.528 7.81037 19.463
      vertex -12.7958 8.95969 19.463
    endloop
  endfacet
  facet normal -0.692917 0.634885 0.341741
    outer loop
      vertex -10.7901 10.7901 20.8113
      vertex -11.6894 9.8086 20.8113
      vertex -11.3237 9.50173 22.1229
    endloop
  endfacet
  facet normal -0.691079 0.440251 0.573226
    outer loop
      vertex -11.0539 7.73999 24.5968
      vertex -11.6864 6.74713 24.5968
      vertex -10.993 6.34683 25.7402
    endloop
  endfacet
  facet normal -0.730551 0.465457 0.499645
    outer loop
      vertex -11.6255 8.1403 23.388
      vertex -12.2908 7.09609 23.388
      vertex -11.6864 6.74713 24.5968
    endloop
  endfacet
  facet normal -0.504966 0.792619 0.341708
    outer loop
      vertex -7.39104 12.8017 22.1229
      vertex -8.75247 12.4998 20.8113
      vertex -8.47865 12.1088 22.1229
    endloop
  endfacet
  facet normal -0.572119 0.745597 0.341709
    outer loop
      vertex -8.75247 12.4998 20.8113
      vertex -9.8086 11.6894 20.8113
      vertex -8.47865 12.1088 22.1229
    endloop
  endfacet
  facet normal -0.246396 0.781464 0.573239
    outer loop
      vertex -3.49257 13.0345 24.5968
      vertex -4.61531 12.6805 24.5968
      vertex -4.34149 11.9281 25.7402
    endloop
  endfacet
  facet normal -0.359621 0.868258 0.34176
    outer loop
      vertex -5.21905 14.3392 20.8113
      vertex -6.44893 13.8298 20.8113
      vertex -6.24717 13.3971 22.1229
    endloop
  endfacet
  facet normal -0.551819 0.719151 0.422277
    outer loop
      vertex -8.1403 11.6255 23.388
      vertex -9.50173 11.3237 22.1229
      vertex -9.12255 10.8718 23.388
    endloop
  endfacet
  facet normal -0.466505 0.607986 0.642437
    outer loop
      vertex -7.28078 10.398 25.7402
      vertex -8.15932 9.7239 25.7402
      vertex -6.76616 9.66308 26.8094
    endloop
  endfacet
  facet normal -0.378394 0.726792 0.573228
    outer loop
      vertex -5.36457 11.5044 25.7402
      vertex -6.74713 11.6864 24.5968
      vertex -6.34683 10.993 25.7402
    endloop
  endfacet
  facet normal -0.124228 0.560332 0.818899
    outer loop
      vertex -1.49282 8.46619 29.4943
      vertex -2.52094 9.40829 28.6937
      vertex -2.22501 8.30386 29.4943
    endloop
  endfacet
  facet normal -0.33555 0.25747 0.906154
    outer loop
      vertex -4.69044 3.93575 30.7821
      vertex -6.05188 4.23757 30.1922
      vertex -5.01561 3.51197 30.7821
    endloop
  endfacet
  facet normal -0.285741 0.311831 0.906153
    outer loop
      vertex -3.93575 4.69044 30.7821
      vertex -5.22409 5.22409 30.1922
      vertex -4.32957 4.32957 30.7821
    endloop
  endfacet
  facet normal -0.349392 0.455335 0.818898
    outer loop
      vertex -5.58674 7.97869 28.6937
      vertex -6.26087 7.46141 28.6937
      vertex -4.93092 7.04208 29.4943
    endloop
  endfacet
  facet normal -0.345583 0.542453 0.765714
    outer loop
      vertex -4.87009 8.43525 28.6937
      vertex -6.20004 8.85458 27.7964
      vertex -5.58674 7.97869 28.6937
    endloop
  endfacet
  facet normal -0.34558 0.542457 0.765712
    outer loop
      vertex -5.40472 9.36125 27.7964
      vertex -6.20004 8.85458 27.7964
      vertex -4.87009 8.43525 28.6937
    endloop
  endfacet
  facet normal -0.0923499 0.701391 0.706768
    outer loop
      vertex -0.942104 10.7683 27.7964
      vertex -2.04843 11.6172 26.8094
      vertex -1.87704 10.6452 27.7964
    endloop
  endfacet
  facet normal -0.730597 0.465426 0.499606
    outer loop
      vertex -11.6255 8.1403 23.388
      vertex -11.6864 6.74713 24.5968
      vertex -11.0539 7.73999 24.5968
    endloop
  endfacet
  facet normal -0.764481 0.487075 0.422288
    outer loop
      vertex -11.6255 8.1403 23.388
      vertex -12.8017 7.39104 22.1229
      vertex -12.2908 7.09609 23.388
    endloop
  endfacet
  facet normal -0.826144 0.260477 0.499637
    outer loop
      vertex -13.3363 4.85401 23.388
      vertex -13.7086 3.6732 23.388
      vertex -12.6805 4.61531 24.5968
    endloop
  endfacet
  facet normal -0.800297 0.331492 0.499638
    outer loop
      vertex -12.23 5.70292 24.5968
      vertex -13.3363 4.85401 23.388
      vertex -12.6805 4.61531 24.5968
    endloop
  endfacet
  facet normal -0.909863 0.376889 0.173506
    outer loop
      vertex -14.3769 6.70404 18.0884
      vertex -14.9065 5.42551 18.0884
      vertex -14.1572 6.60161 19.463
    endloop
  endfacet
  facet normal -0.909864 0.376882 0.173513
    outer loop
      vertex -14.1572 6.60161 19.463
      vertex -14.9065 5.42551 18.0884
      vertex -14.6787 5.34261 19.463
    endloop
  endfacet
  facet normal -0.856833 0.44605 0.258605
    outer loop
      vertex -13.528 7.81037 19.463
      vertex -13.8298 6.44893 20.8113
      vertex -13.2151 7.62973 20.8113
    endloop
  endfacet
  facet normal -0.833611 0.433961 0.341718
    outer loop
      vertex -13.2151 7.62973 20.8113
      vertex -13.8298 6.44893 20.8113
      vertex -12.8017 7.39104 22.1229
    endloop
  endfacet
  facet normal -0.976404 0.128594 0.173491
    outer loop
      vertex -15.6221 2.7546 18.0884
      vertex -15.8028 1.38256 18.0884
      vertex -15.3834 2.71251 19.463
    endloop
  endfacet
  facet normal -0.976403 0.128566 0.173517
    outer loop
      vertex -15.3834 2.71251 19.463
      vertex -15.8028 1.38256 18.0884
      vertex -15.5613 1.36144 19.463
    endloop
  endfacet
  facet normal -0.987681 0.130017 0.0870705
    outer loop
      vertex -15.7419 2.77573 16.6979
      vertex -15.9239 1.39316 16.6979
      vertex -15.6221 2.7546 18.0884
    endloop
  endfacet
  facet normal -0.972591 0.215603 0.0870709
    outer loop
      vertex -15.4401 4.13716 16.6979
      vertex -15.7419 2.77573 16.6979
      vertex -15.6221 2.7546 18.0884
    endloop
  endfacet
  facet normal -0.256782 0.336078 0.906153
    outer loop
      vertex -3.94791 4.74532 30.7583
      vertex -3.99985 4.76684 30.7356
      vertex -3.93575 4.69044 30.7821
    endloop
  endfacet
  facet normal -0.387748 0.42315 0.818899
    outer loop
      vertex -5.52591 6.58553 29.4943
      vertex -6.88735 6.88735 28.6937
      vertex -6.07885 6.07885 29.4943
    endloop
  endfacet
  facet normal -0.219637 0.53025 0.818898
    outer loop
      vertex -2.94028 8.07834 29.4943
      vertex -4.11638 8.8276 28.6937
      vertex -3.63316 7.79134 29.4943
    endloop
  endfacet
  facet normal -0.162494 0.390496 0.906151
    outer loop
      vertex -2.12828 5.84739 30.7356
      vertex -2.13562 5.79166 30.7583
      vertex -2.09417 5.75368 30.7821
    endloop
  endfacet
  facet normal -0.3046 0.396908 0.865842
    outer loop
      vertex -4.86703 6.31261 29.8512
      vertex -5.52591 6.58553 29.4943
      vertex -4.9 6.06218 29.9544
    endloop
  endfacet
  facet normal -0.304446 0.397073 0.865821
    outer loop
      vertex -4.86524 5.79817 30.0877
      vertex -4.9 6.06218 29.9544
      vertex -5.52591 6.58553 29.4943
    endloop
  endfacet
  facet normal -0.42315 0.387748 0.818899
    outer loop
      vertex -6.07885 6.07885 29.4943
      vertex -6.88735 6.88735 28.6937
      vertex -6.58553 5.52591 29.4943
    endloop
  endfacet
  facet normal -0.0446853 0.33938 0.939587
    outer loop
      vertex -0.533648 6.09964 30.7821
      vertex -1.06324 6.02991 30.7821
      vertex -0.835472 4.7382 31.2595
    endloop
  endfacet
  facet normal -0.127192 0.403571 0.906064
    outer loop
      vertex -2.12828 5.84739 30.7356
      vertex -1.58473 5.9143 30.7821
      vertex -2.1 6.06218 30.6439
    endloop
  endfacet
  facet normal -0.127266 0.40338 0.906139
    outer loop
      vertex -1.58473 5.9143 30.7821
      vertex -2.1477 6.42452 30.4759
      vertex -2.1 6.06218 30.6439
    endloop
  endfacet
  facet normal -0.127811 0.402869 0.906289
    outer loop
      vertex -2.1477 6.42452 30.4759
      vertex -1.58473 5.9143 30.7821
      vertex -2.22644 6.6146 30.3803
    endloop
  endfacet
  facet normal -0.127174 0.403358 0.906162
    outer loop
      vertex -1.58473 5.9143 30.7821
      vertex -2.12828 5.84739 30.7356
      vertex -2.09417 5.75368 30.7821
    endloop
  endfacet
  facet normal 0.0149252 0.341983 0.939587
    outer loop
      vertex 0 6.12293 30.7821
      vertex 0 4.81129 31.2595
      vertex 0.533648 6.09964 30.7821
    endloop
  endfacet
  facet normal 0.0184411 0.422545 0.906154
    outer loop
      vertex 0 7.38798 30.1922
      vertex 0 6.12293 30.7821
      vertex 0.533648 6.09964 30.7821
    endloop
  endfacet
  facet normal 0.124228 0.560332 0.818899
    outer loop
      vertex 2.52094 9.40829 28.6937
      vertex 1.49282 8.46619 29.4943
      vertex 2.22501 8.30386 29.4943
    endloop
  endfacet
  facet normal 0.055202 0.419334 0.906152
    outer loop
      vertex 0.643905 7.35986 30.1922
      vertex 0.533648 6.09964 30.7821
      vertex 1.28291 7.27574 30.1922
    endloop
  endfacet
  facet normal -0.128159 0.117426 0.984777
    outer loop
      vertex -1.47674 1.47674 31.8631
      vertex -2.65284 2.226 31.6207
      vertex -1.59982 1.34241 31.8631
    endloop
  endfacet
  facet normal -0.0774096 0.0402988 0.996185
    outer loop
      vertex -0.604407 0.348954 31.9848
      vertex -1.80862 1.04421 31.8631
      vertex -0.632521 0.29495 31.9848
    endloop
  endfacet
  facet normal -0.0402988 0.0774096 0.996185
    outer loop
      vertex -0.29495 0.632521 31.9848
      vertex -1.04421 1.80862 31.8631
      vertex -0.348954 0.604407 31.9848
    endloop
  endfacet
  facet normal -0.0468895 0.0736045 0.996185
    outer loop
      vertex -0.348954 0.604407 31.9848
      vertex -1.04421 1.80862 31.8631
      vertex -0.400305 0.571694 31.9848
    endloop
  endfacet
  facet normal -0.843412 0.537267 0
    outer loop
      vertex -13.8432 7.99238 16
      vertex -13.094 9.16849 16.6979
      vertex -13.094 9.16849 16
    endloop
  endfacet
  facet normal -0.843412 0.537267 0
    outer loop
      vertex -13.094 9.16849 16.6979
      vertex -13.8432 7.99238 16
      vertex -13.8432 7.99238 16.6979
    endloop
  endfacet
  facet normal -0.299537 0.950104 0.087067
    outer loop
      vertex -4.13716 15.4401 16.6979
      vertex -5.42551 14.9065 18.0884
      vertex -4.10568 15.3226 18.0884
    endloop
  endfacet
  facet normal -0.300685 0.953723 0
    outer loop
      vertex -4.13716 15.4401 16
      vertex -5.46711 15.0208 16.6979
      vertex -4.13716 15.4401 16.6979
    endloop
  endfacet
  facet normal -0.300685 0.953723 0
    outer loop
      vertex -5.46711 15.0208 16.6979
      vertex -4.13716 15.4401 16
      vertex -5.46711 15.0208 16
    endloop
  endfacet
  facet normal -0.418524 0.804059 0.422288
    outer loop
      vertex -6.24717 13.3971 22.1229
      vertex -7.39104 12.8017 22.1229
      vertex -7.09609 12.2908 23.388
    endloop
  endfacet
  facet normal -0.376889 0.909863 0.173506
    outer loop
      vertex -5.42551 14.9065 18.0884
      vertex -6.70404 14.3769 18.0884
      vertex -6.60161 14.1572 19.463
    endloop
  endfacet
  facet normal -0.53528 0.840172 0.0871032
    outer loop
      vertex -7.93156 13.7379 18.0884
      vertex -9.16849 13.094 16.6979
      vertex -9.09871 12.9943 18.0884
    endloop
  endfacet
  facet normal -0.781314 -0.599549 0.173462
    outer loop
      vertex -12.7958 -8.95969 19.463
      vertex -12.9943 -9.09871 18.0884
      vertex -11.9662 -10.0408 19.463
    endloop
  endfacet
  facet normal -0.766351 -0.588066 0.258621
    outer loop
      vertex -12.4998 -8.75247 20.8113
      vertex -12.7958 -8.95969 19.463
      vertex -11.9662 -10.0408 19.463
    endloop
  endfacet
  facet normal -0.209058 -0.943092 0.258597
    outer loop
      vertex -2.64978 -15.0276 20.8113
      vertex -3.94944 -14.7395 20.8113
      vertex -2.71251 -15.3834 19.463
    endloop
  endfacet
  facet normal -0.346897 -0.837472 0.42226
    outer loop
      vertex -4.85401 -13.3363 23.388
      vertex -6.24717 -13.3971 22.1229
      vertex -5.05577 -13.8906 22.1229
    endloop
  endfacet
  facet normal -0.203392 -0.917528 0.341722
    outer loop
      vertex -3.82588 -14.2784 22.1229
      vertex -3.94944 -14.7395 20.8113
      vertex -2.64978 -15.0276 20.8113
    endloop
  endfacet
  facet normal -0.0410164 -0.938894 0.341754
    outer loop
      vertex -1.28834 -14.7258 22.1229
      vertex -1.32995 -15.2014 20.8113
      vertex 0 -15.2595 20.8113
    endloop
  endfacet
  facet normal -0.551841 -0.719115 0.422309
    outer loop
      vertex -8.1403 -11.6255 23.388
      vertex -9.50173 -11.3237 22.1229
      vertex -8.47865 -12.1088 22.1229
    endloop
  endfacet
  facet normal -0.712176 -0.652633 0.258601
    outer loop
      vertex -11.6894 -9.8086 20.8113
      vertex -11.9662 -10.0408 19.463
      vertex -11.0455 -11.0455 19.463
    endloop
  endfacet
  facet normal -0.304446 -0.397073 0.865821
    outer loop
      vertex -4.86524 -5.79817 30.0877
      vertex -5.52591 -6.58553 29.4943
      vertex -4.9 -6.06218 29.9544
    endloop
  endfacet
  facet normal -0.3046 -0.396908 0.865842
    outer loop
      vertex -4.86703 -6.31261 29.8512
      vertex -4.9 -6.06218 29.9544
      vertex -5.52591 -6.58553 29.4943
    endloop
  endfacet
  facet normal -0.3801 -0.596659 0.706769
    outer loop
      vertex -6.20004 -8.85458 27.7964
      vertex -6.76616 -9.66308 26.8094
      vertex -5.89822 -10.216 26.8094
    endloop
  endfacet
  facet normal -0.396957 -0.304594 0.865822
    outer loop
      vertex -6.05188 -4.23757 30.1922
      vertex -7.04208 -4.93092 29.4943
      vertex -6.58553 -5.52591 29.4943
    endloop
  endfacet
  facet normal -0.423153 -0.387746 0.818898
    outer loop
      vertex -6.58553 -5.52591 29.4943
      vertex -7.46141 -6.26087 28.6937
      vertex -6.88735 -6.88735 28.6937
    endloop
  endfacet
  facet normal -0.368896 -0.338034 0.865822
    outer loop
      vertex -5.65952 -4.7489 30.1922
      vertex -6.58553 -5.52591 29.4943
      vertex -6.07885 -6.07885 29.4943
    endloop
  endfacet
  facet normal -0.387746 -0.423153 0.818898
    outer loop
      vertex -5.52591 -6.58553 29.4943
      vertex -6.88735 -6.88735 28.6937
      vertex -6.26087 -7.46141 28.6937
    endloop
  endfacet
  facet normal -0.353851 -0.679725 0.642467
    outer loop
      vertex -4.98539 -10.6912 26.8094
      vertex -5.89822 -10.216 26.8094
      vertex -5.36457 -11.5044 25.7402
    endloop
  endfacet
  facet normal -0.260484 -0.826145 0.499632
    outer loop
      vertex -3.49257 -13.0345 24.5968
      vertex -4.61531 -12.6805 24.5968
      vertex -3.6732 -13.7086 23.388
    endloop
  endfacet
  facet normal -0.326668 -0.627509 0.706767
    outer loop
      vertex -4.56827 -9.79668 27.7964
      vertex -5.89822 -10.216 26.8094
      vertex -4.98539 -10.6912 26.8094
    endloop
  endfacet
  facet normal -0.193404 -0.61342 0.765709
    outer loop
      vertex -2.52094 -9.40829 28.6937
      vertex -3.33134 -9.15278 28.6937
      vertex -2.79769 -10.4411 27.7964
    endloop
  endfacet
  facet normal -0.504974 -0.79261 0.341718
    outer loop
      vertex -7.39104 -12.8017 22.1229
      vertex -8.75247 -12.4998 20.8113
      vertex -7.62973 -13.2151 20.8113
    endloop
  endfacet
  facet normal -0.53528 -0.840172 0.0871032
    outer loop
      vertex -9.09871 -12.9943 18.0884
      vertex -9.16849 -13.094 16.6979
      vertex -7.93156 -13.7379 18.0884
    endloop
  endfacet
  facet normal -0.868256 -0.359648 0.341738
    outer loop
      vertex -13.8906 -5.05577 22.1229
      vertex -14.3392 -5.21905 20.8113
      vertex -13.3971 -6.24717 22.1229
    endloop
  endfacet
  facet normal -0.837472 -0.346897 0.42226
    outer loop
      vertex -13.3363 -4.85401 23.388
      vertex -13.8906 -5.05577 22.1229
      vertex -13.3971 -6.24717 22.1229
    endloop
  endfacet
  facet normal -0.833611 -0.433961 0.341718
    outer loop
      vertex -12.8017 -7.39104 22.1229
      vertex -13.8298 -6.44893 20.8113
      vertex -13.2151 -7.62973 20.8113
    endloop
  endfacet
  facet normal -0.856833 -0.44605 0.258605
    outer loop
      vertex -13.2151 -7.62973 20.8113
      vertex -13.8298 -6.44893 20.8113
      vertex -13.528 -7.81037 19.463
    endloop
  endfacet
  facet normal -0.687211 -0.527356 0.499636
    outer loop
      vertex -10.3372 -8.67394 24.5968
      vertex -11.0539 -7.73999 24.5968
      vertex -10.8718 -9.12255 23.388
    endloop
  endfacet
  facet normal -0.638669 -0.585181 0.499665
    outer loop
      vertex -9.54188 -9.54188 24.5968
      vertex -10.8718 -9.12255 23.388
      vertex -10.0354 -10.0354 23.388
    endloop
  endfacet
  facet normal -0.687245 -0.527337 0.499609
    outer loop
      vertex -11.0539 -7.73999 24.5968
      vertex -11.6255 -8.1403 23.388
      vertex -10.8718 -9.12255 23.388
    endloop
  endfacet
  facet normal -0.730597 -0.465426 0.499606
    outer loop
      vertex -11.0539 -7.73999 24.5968
      vertex -11.6864 -6.74713 24.5968
      vertex -11.6255 -8.1403 23.388
    endloop
  endfacet
  facet normal -0.612392 -0.668324 0.422277
    outer loop
      vertex -9.12255 -10.8718 23.388
      vertex -10.4525 -10.4525 22.1229
      vertex -9.50173 -11.3237 22.1229
    endloop
  endfacet
  facet normal -0.612379 -0.668352 0.422253
    outer loop
      vertex -10.0354 -10.0354 23.388
      vertex -10.4525 -10.4525 22.1229
      vertex -9.12255 -10.8718 23.388
    endloop
  endfacet
  facet normal -0.845694 -0.187503 0.499644
    outer loop
      vertex -13.2893 -2.34325 24.5968
      vertex -13.9766 -2.46444 23.388
      vertex -13.7086 -3.6732 23.388
    endloop
  endfacet
  facet normal -0.845704 -0.187489 0.499632
    outer loop
      vertex -13.2893 -2.34325 24.5968
      vertex -13.7086 -3.6732 23.388
      vertex -13.0345 -3.49257 24.5968
    endloop
  endfacet
  facet normal -0.345583 -0.542453 0.765714
    outer loop
      vertex -5.58674 -7.97869 28.6937
      vertex -6.20004 -8.85458 27.7964
      vertex -4.87009 -8.43525 28.6937
    endloop
  endfacet
  facet normal -0.521588 -0.477942 0.706766
    outer loop
      vertex -8.28051 -6.94818 27.7964
      vertex -9.03659 -7.5826 26.8094
      vertex -8.34134 -8.34134 26.8094
    endloop
  endfacet
  facet normal -0.726792 -0.378394 0.573228
    outer loop
      vertex -11.5044 -5.36457 25.7402
      vertex -11.6864 -6.74713 24.5968
      vertex -10.993 -6.34683 25.7402
    endloop
  endfacet
  facet normal -0.691079 -0.440251 0.573226
    outer loop
      vertex -10.993 -6.34683 25.7402
      vertex -11.6864 -6.74713 24.5968
      vertex -11.0539 -7.73999 24.5968
    endloop
  endfacet
  facet normal -0.0531274 -0.0692367 0.996185
    outer loop
      vertex -0.400305 -0.571694 31.9848
      vertex -1.34241 -1.59982 31.8631
      vertex -1.19787 -1.71073 31.8631
    endloop
  endfacet
  facet normal 0.0226875 0.172335 0.984777
    outer loop
      vertex 0.601349 3.41042 31.6207
      vertex 0.182017 2.08047 31.8631
      vertex 0.36265 2.05669 31.8631
    endloop
  endfacet
  facet normal -0.128151 -0.117438 0.984777
    outer loop
      vertex -1.47674 -1.47674 31.8631
      vertex -2.65284 -2.226 31.6207
      vertex -2.44873 -2.44873 31.6207
    endloop
  endfacet
  facet normal -0.0865245 -0.0113911 0.996185
    outer loop
      vertex -0.695254 -0.0608263 31.9848
      vertex -2.08047 -0.182017 31.8631
      vertex -0.687307 -0.12119 31.9848
    endloop
  endfacet
  facet normal 0.0832313 0.0262448 0.996185
    outer loop
      vertex 1.96247 0.714281 31.8631
      vertex 0.655821 0.238699 31.9848
      vertex 2.01726 0.540523 31.8631
    endloop
  endfacet
  facet normal -0.0184411 -0.422545 0.906154
    outer loop
      vertex 0 -6.12293 30.7821
      vertex -0.533648 -6.09964 30.7821
      vertex 0 -7.38798 30.1922
    endloop
  endfacet
  facet normal 0.0852027 0.0188873 0.996185
    outer loop
      vertex 2.01726 0.540523 31.8631
      vertex 0.687307 0.12119 31.9848
      vertex 2.05669 0.36265 31.8631
    endloop
  endfacet
  facet normal 0.303635 0.158056 0.939587
    outer loop
      vertex 5.30262 3.06147 30.7821
      vertex 4.36051 2.03334 31.2595
      vertex 5.54926 2.58766 30.7821
    endloop
  endfacet
  facet normal 0.190962 0.17498 0.965875
    outer loop
      vertex 3.4021 3.4021 31.2595
      vertex 2.65284 2.226 31.6207
      vertex 3.68566 3.09264 31.2595
    endloop
  endfacet
  facet normal -0.17498 0.190962 0.965875
    outer loop
      vertex -3.09264 3.68566 31.2595
      vertex -3.4021 3.4021 31.2595
      vertex -2.226 2.65284 31.6207
    endloop
  endfacet
  facet normal -0.119594 0.229741 0.965876
    outer loop
      vertex -1.46354 3.13857 31.6207
      vertex -2.03334 4.36051 31.2595
      vertex -1.73152 2.99907 31.6207
    endloop
  endfacet
  facet normal 0.17498 0.190962 0.965875
    outer loop
      vertex 3.09264 3.68566 31.2595
      vertex 2.226 2.65284 31.6207
      vertex 3.4021 3.4021 31.2595
    endloop
  endfacet
  facet normal 0.139164 0.218443 0.965876
    outer loop
      vertex 2.75964 3.94118 31.2595
      vertex 1.73152 2.99907 31.6207
      vertex 1.98631 2.83675 31.6207
    endloop
  endfacet
  facet normal -0.00380565 0.0871879 0.996185
    outer loop
      vertex 0 2.08842 31.8631
      vertex -0.0608263 0.695254 31.9848
      vertex 0 0.697909 31.9848
    endloop
  endfacet
  facet normal -0.356707 -0.227255 0.906154
    outer loop
      vertex -5.30262 -3.06147 30.7821
      vertex -6.05188 -4.23757 30.1922
      vertex -5.01561 -3.51197 30.7821
    endloop
  endfacet
  facet normal -0.205484 -0.157674 0.965875
    outer loop
      vertex -2.65284 -2.226 31.6207
      vertex -3.94118 -2.75964 31.2595
      vertex -3.68566 -3.09264 31.2595
    endloop
  endfacet
  facet normal -0.258761 -0.0112987 0.965875
    outer loop
      vertex -3.44986 -0.301823 31.6207
      vertex -4.81129 0 31.2595
      vertex -4.79298 -0.419332 31.2595
    endloop
  endfacet
  facet normal -0.341981 -0.0149325 0.939588
    outer loop
      vertex -4.81129 0 31.2595
      vertex -6.09964 -0.533648 30.7821
      vertex -4.79298 -0.419332 31.2595
    endloop
  endfacet
  facet normal 0.102931 -0.326467 0.939588
    outer loop
      vertex 1.64556 -4.52114 31.2595
      vertex 1.58473 -5.9143 30.7821
      vertex 2.09417 -5.75368 30.7821
    endloop
  endfacet
  facet normal 0.0991205 -0.239289 0.965876
    outer loop
      vertex 2.03334 -4.36051 31.2595
      vertex 1.18443 -3.25419 31.6207
      vertex 1.64556 -4.52114 31.2595
    endloop
  endfacet
  facet normal -0.230828 -0.443677 0.86595
    outer loop
      vertex -3.86235 -7.41447 29.6263
      vertex -3.63316 -7.79134 29.4943
      vertex -3.64839 -7.44264 29.6689
    endloop
  endfacet
  facet normal -0.231 -0.443767 0.865858
    outer loop
      vertex -4.2984 -7.44504 29.4943
      vertex -3.86235 -7.41447 29.6263
      vertex -4.2 -7.27461 29.6079
    endloop
  endfacet
  facet normal -0.231002 -0.443754 0.865864
    outer loop
      vertex -3.86235 -7.41447 29.6263
      vertex -4.2984 -7.44504 29.4943
      vertex -3.63316 -7.79134 29.4943
    endloop
  endfacet
  facet normal -0.119594 -0.229741 0.965876
    outer loop
      vertex -1.73152 -2.99907 31.6207
      vertex -2.40565 -4.1667 31.2595
      vertex -2.03334 -4.36051 31.2595
    endloop
  endfacet
  facet normal -0.191314 -0.462246 0.865868
    outer loop
      vertex -3.13765 -7.41447 29.8051
      vertex -2.94028 -8.07834 29.4943
      vertex -3.03336 -7.37128 29.8512
    endloop
  endfacet
  facet normal -0.191491 -0.462259 0.865822
    outer loop
      vertex -3.63316 -7.79134 29.4943
      vertex -3.13765 -7.41447 29.8051
      vertex -3.47834 -7.45933 29.7058
    endloop
  endfacet
  facet normal -0.191479 -0.462272 0.865818
    outer loop
      vertex -3.13765 -7.41447 29.8051
      vertex -3.63316 -7.79134 29.4943
      vertex -2.94028 -8.07834 29.4943
    endloop
  endfacet
  facet normal -0.127174 -0.403376 0.906154
    outer loop
      vertex -2.22644 -6.6146 30.3803
      vertex -1.91215 -7.13624 30.1922
      vertex -1.58473 -5.9143 30.7821
    endloop
  endfacet
  facet normal -0.127319 -0.403445 0.906103
    outer loop
      vertex -2.28757 -6.76218 30.306
      vertex -1.91215 -7.13624 30.1922
      vertex -2.22644 -6.6146 30.3803
    endloop
  endfacet
  facet normal -0.127167 -0.403316 0.906181
    outer loop
      vertex -1.91215 -7.13624 30.1922
      vertex -2.28757 -6.76218 30.306
      vertex -2.44554 -6.96806 30.1922
    endloop
  endfacet
  facet normal -0.229741 -0.119594 0.965876
    outer loop
      vertex -3.13857 -1.46354 31.6207
      vertex -4.36051 -2.03334 31.2595
      vertex -2.99907 -1.73152 31.6207
    endloop
  endfacet
  facet normal -0.252865 -0.0560601 0.965876
    outer loop
      vertex -3.41042 -0.601349 31.6207
      vertex -4.7382 -0.835472 31.2595
      vertex -3.34503 -0.896298 31.6207
    endloop
  endfacet
  facet normal 0.117426 -0.128159 0.984777
    outer loop
      vertex 1.47674 -1.47674 31.8631
      vertex 1.34241 -1.59982 31.8631
      vertex 2.226 -2.65284 31.6207
    endloop
  endfacet
  facet normal -0.0774098 -0.0402985 0.996185
    outer loop
      vertex -0.632521 -0.29495 31.9848
      vertex -1.89275 -0.882604 31.8631
      vertex -1.80862 -1.04421 31.8631
    endloop
  endfacet
  facet normal -0.105816 -0.137901 0.984777
    outer loop
      vertex -1.34241 -1.59982 31.8631
      vertex -2.226 -2.65284 31.6207
      vertex -1.19787 -1.71073 31.8631
    endloop
  endfacet
  facet normal -0.0112987 -0.258761 0.965875
    outer loop
      vertex -0.301823 -3.44986 31.6207
      vertex -0.419332 -4.79298 31.2595
      vertex 0 -4.81129 31.2595
    endloop
  endfacet
  facet normal -0.174987 -0.190951 0.965876
    outer loop
      vertex -2.44873 -2.44873 31.6207
      vertex -3.4021 -3.4021 31.2595
      vertex -2.226 -2.65284 31.6207
    endloop
  endfacet
  facet normal -0.117438 -0.128151 0.984777
    outer loop
      vertex -1.47674 -1.47674 31.8631
      vertex -2.44873 -2.44873 31.6207
      vertex -2.226 -2.65284 31.6207
    endloop
  endfacet
  facet normal -0.139165 -0.218442 0.965876
    outer loop
      vertex -1.73152 -2.99907 31.6207
      vertex -2.75964 -3.94118 31.2595
      vertex -2.40565 -4.1667 31.2595
    endloop
  endfacet
  facet normal -0.183855 -0.288748 0.939586
    outer loop
      vertex -2.75964 -3.94118 31.2595
      vertex -3.13765 -4.70988 30.9493
      vertex -2.94752 -4.78864 30.9623
    endloop
  endfacet
  facet normal -0.184002 -0.288674 0.93958
    outer loop
      vertex -3.13765 -4.70988 30.9493
      vertex -2.75964 -3.94118 31.2595
      vertex -3.28437 -4.69057 30.9265
    endloop
  endfacet
  facet normal -0.570511 -0.296984 0.765714
    outer loop
      vertex -8.8276 -4.11638 28.6937
      vertex -9.79668 -4.56827 27.7964
      vertex -8.43525 -4.87009 28.6937
    endloop
  endfacet
  facet normal -0.596659 -0.3801 0.706769
    outer loop
      vertex -8.85458 -6.20004 27.7964
      vertex -10.216 -5.89822 26.8094
      vertex -9.66308 -6.76616 26.8094
    endloop
  endfacet
  facet normal -0.560333 -0.124227 0.818898
    outer loop
      vertex -8.46619 -1.49282 29.4943
      vertex -9.59221 -1.69136 28.6937
      vertex -9.40829 -2.52094 28.6937
    endloop
  endfacet
  facet normal -0.560332 -0.124228 0.818899
    outer loop
      vertex -8.46619 -1.49282 29.4943
      vertex -9.40829 -2.52094 28.6937
      vertex -8.30386 -2.22501 29.4943
    endloop
  endfacet
  facet normal -0.477196 -0.150458 0.865821
    outer loop
      vertex -7.13624 -1.91215 30.1922
      vertex -8.07834 -2.94028 29.4943
      vertex -6.94243 -2.52684 30.1922
    endloop
  endfacet
  facet normal -0.303632 -0.158059 0.939588
    outer loop
      vertex -4.36051 -2.03334 31.2595
      vertex -5.30262 -3.06147 30.7821
      vertex -4.1667 -2.40565 31.2595
    endloop
  endfacet
  facet normal -0.530247 -0.219639 0.8189
    outer loop
      vertex -8.07834 -2.94028 29.4943
      vertex -9.15278 -3.33134 28.6937
      vertex -8.8276 -4.11638 28.6937
    endloop
  endfacet
  facet normal -0.547375 -0.172581 0.8189
    outer loop
      vertex -8.07834 -2.94028 29.4943
      vertex -9.40829 -2.52094 28.6937
      vertex -9.15278 -3.33134 28.6937
    endloop
  endfacet
  facet normal -0.316251 -0.131 0.939587
    outer loop
      vertex -4.52114 -1.64556 31.2595
      vertex -5.54926 -2.58766 30.7821
      vertex -4.36051 -2.03334 31.2595
    endloop
  endfacet
  facet normal -0.247019 -0.0778803 0.965876
    outer loop
      vertex -3.34503 -0.896298 31.6207
      vertex -4.64735 -1.24525 31.2595
      vertex -4.52114 -1.64556 31.2595
    endloop
  endfacet
  facet normal 0.331492 -0.800297 0.499638
    outer loop
      vertex 5.70292 -12.23 24.5968
      vertex 4.61531 -12.6805 24.5968
      vertex 4.85401 -13.3363 23.388
    endloop
  endfacet
  facet normal 0.313565 -0.757017 0.573238
    outer loop
      vertex 5.70292 -12.23 24.5968
      vertex 4.34149 -11.9281 25.7402
      vertex 4.61531 -12.6805 24.5968
    endloop
  endfacet
  facet normal 0.433961 -0.833611 0.341718
    outer loop
      vertex 7.39104 -12.8017 22.1229
      vertex 6.44893 -13.8298 20.8113
      vertex 7.62973 -13.2151 20.8113
    endloop
  endfacet
  facet normal 0.43391 -0.83362 0.34176
    outer loop
      vertex 7.39104 -12.8017 22.1229
      vertex 6.24717 -13.3971 22.1229
      vertex 6.44893 -13.8298 20.8113
    endloop
  endfacet
  facet normal 0.943092 -0.209058 0.258597
    outer loop
      vertex 15.0276 -2.64978 20.8113
      vertex 14.7395 -3.94944 20.8113
      vertex 15.3834 -2.71251 19.463
    endloop
  endfacet
  facet normal 0.917528 -0.203392 0.341722
    outer loop
      vertex 15.0276 -2.64978 20.8113
      vertex 14.2784 -3.82588 22.1229
      vertex 14.7395 -3.94944 20.8113
    endloop
  endfacet
  facet normal 0.972593 -0.215599 0.087067
    outer loop
      vertex 15.6221 -2.7546 18.0884
      vertex 15.3226 -4.10568 18.0884
      vertex 15.4401 -4.13716 16.6979
    endloop
  endfacet
  facet normal 0.950104 -0.299537 0.087067
    outer loop
      vertex 15.3226 -4.10568 18.0884
      vertex 14.9065 -5.42551 18.0884
      vertex 15.4401 -4.13716 16.6979
    endloop
  endfacet
  facet normal 0.976299 -0.216425 0
    outer loop
      vertex 15.4401 -4.13716 16.6979
      vertex 15.7419 -2.77573 16
      vertex 15.7419 -2.77573 16.6979
    endloop
  endfacet
  facet normal 0.976299 -0.216425 0
    outer loop
      vertex 15.7419 -2.77573 16
      vertex 15.4401 -4.13716 16.6979
      vertex 15.4401 -4.13716 16
    endloop
  endfacet
  facet normal 0.126106 -0.957721 0.258588
    outer loop
      vertex 2.71251 -15.3834 19.463
      vertex 1.32995 -15.2014 20.8113
      vertex 1.36144 -15.5613 19.463
    endloop
  endfacet
  facet normal 0.0429276 -0.983895 0.173518
    outer loop
      vertex 1.36144 -15.5613 19.463
      vertex 0 -15.6207 19.463
      vertex 1.38256 -15.8028 18.0884
    endloop
  endfacet
  facet normal -0.21314 -0.961498 0.173475
    outer loop
      vertex -4.04294 -15.0885 19.463
      vertex -4.10568 -15.3226 18.0884
      vertex -2.7546 -15.6221 18.0884
    endloop
  endfacet
  facet normal -0.299543 -0.950102 0.0870605
    outer loop
      vertex -5.42551 -14.9065 18.0884
      vertex -5.46711 -15.0208 16.6979
      vertex -4.13716 -15.4401 16.6979
    endloop
  endfacet
  facet normal -0.537267 -0.843412 0
    outer loop
      vertex -9.16849 -13.094 16
      vertex -7.99238 -13.8432 16.6979
      vertex -9.16849 -13.094 16.6979
    endloop
  endfacet
  facet normal -0.537267 -0.843412 -0
    outer loop
      vertex -7.99238 -13.8432 16.6979
      vertex -9.16849 -13.094 16
      vertex -7.99238 -13.8432 16
    endloop
  endfacet
  facet normal -0.606496 -0.79031 0.0870233
    outer loop
      vertex -10.1966 -12.1519 18.0884
      vertex -10.2748 -12.245 16.6979
      vertex -9.16849 -13.094 16.6979
    endloop
  endfacet
  facet normal -0.60884 -0.793293 0
    outer loop
      vertex -9.61407 -12.7521 16
      vertex -10.2748 -12.245 16.6979
      vertex -10.2748 -12.245 16
    endloop
  endfacet
  facet normal -0.608806 -0.793319 5.14064e-05
    outer loop
      vertex -10.2748 -12.245 16.6979
      vertex -9.61407 -12.7521 16
      vertex -9.16849 -13.094 16.6979
    endloop
  endfacet
  facet normal -0.608755 -0.793358 -0
    outer loop
      vertex -9.16849 -13.094 16.6979
      vertex -9.61407 -12.7521 16
      vertex -9.16849 -13.094 16
    endloop
  endfacet
  facet normal -0.454742 -0.873559 0.173505
    outer loop
      vertex -6.60161 -14.1572 19.463
      vertex -7.93156 -13.7379 18.0884
      vertex -6.70404 -14.3769 18.0884
    endloop
  endfacet
  facet normal -0.376889 -0.909863 0.173506
    outer loop
      vertex -6.60161 -14.1572 19.463
      vertex -6.70404 -14.3769 18.0884
      vertex -5.42551 -14.9065 18.0884
    endloop
  endfacet
  facet normal -0.381241 -0.920369 0.0870393
    outer loop
      vertex -6.70404 -14.3769 18.0884
      vertex -6.75546 -14.4871 16.6979
      vertex -5.42551 -14.9065 18.0884
    endloop
  endfacet
  facet normal -0.459992 -0.883646 0.0870411
    outer loop
      vertex -6.70404 -14.3769 18.0884
      vertex -7.93156 -13.7379 18.0884
      vertex -6.75546 -14.4871 16.6979
    endloop
  endfacet
  facet normal -0.29612 -0.939265 0.173476
    outer loop
      vertex -4.04294 -15.0885 19.463
      vertex -5.42551 -14.9065 18.0884
      vertex -4.10568 -15.3226 18.0884
    endloop
  endfacet
  facet normal -0.296155 -0.939247 0.173514
    outer loop
      vertex -5.34261 -14.6787 19.463
      vertex -5.42551 -14.9065 18.0884
      vertex -4.04294 -15.0885 19.463
    endloop
  endfacet
  facet normal 0.215599 -0.972593 0.087067
    outer loop
      vertex 4.10568 -15.3226 18.0884
      vertex 2.7546 -15.6221 18.0884
      vertex 4.13716 -15.4401 16.6979
    endloop
  endfacet
  facet normal 0.299537 -0.950104 0.087067
    outer loop
      vertex 5.42551 -14.9065 18.0884
      vertex 4.10568 -15.3226 18.0884
      vertex 4.13716 -15.4401 16.6979
    endloop
  endfacet
  facet normal 0.130017 -0.987681 0.0870705
    outer loop
      vertex 2.7546 -15.6221 18.0884
      vertex 1.39316 -15.9239 16.6979
      vertex 2.77573 -15.7419 16.6979
    endloop
  endfacet
  facet normal 0.369649 -0.892469 0.258572
    outer loop
      vertex 6.44893 -13.8298 20.8113
      vertex 5.21905 -14.3392 20.8113
      vertex 6.60161 -14.1572 19.463
    endloop
  endfacet
  facet normal 0.529174 -0.830589 0.173484
    outer loop
      vertex 9.09871 -12.9943 18.0884
      vertex 7.81037 -13.528 19.463
      vertex 7.93156 -13.7379 18.0884
    endloop
  endfacet
  facet normal 0.519041 -0.81469 0.258604
    outer loop
      vertex 8.75247 -12.4998 20.8113
      vertex 7.62973 -13.2151 20.8113
      vertex 7.81037 -13.528 19.463
    endloop
  endfacet
  facet normal 0.652633 -0.712176 0.258601
    outer loop
      vertex 11.0455 -11.0455 19.463
      vertex 9.8086 -11.6894 20.8113
      vertex 10.0408 -11.9662 19.463
    endloop
  endfacet
  facet normal 0.537267 -0.843412 0
    outer loop
      vertex 7.99238 -13.8432 16
      vertex 9.16849 -13.094 16.6979
      vertex 7.99238 -13.8432 16.6979
    endloop
  endfacet
  facet normal 0.537267 -0.843412 0
    outer loop
      vertex 9.16849 -13.094 16.6979
      vertex 7.99238 -13.8432 16
      vertex 9.16849 -13.094 16
    endloop
  endfacet
  facet normal 0.59951 -0.781335 0.173503
    outer loop
      vertex 10.0408 -11.9662 19.463
      vertex 9.09871 -12.9943 18.0884
      vertex 10.1966 -12.1519 18.0884
    endloop
  endfacet
  facet normal 0.868258 -0.359621 0.34176
    outer loop
      vertex 14.3392 -5.21905 20.8113
      vertex 13.3971 -6.24717 22.1229
      vertex 13.8298 -6.44893 20.8113
    endloop
  endfacet
  facet normal 0.76835 -0.399991 0.499646
    outer loop
      vertex 12.23 -5.70292 24.5968
      vertex 11.6864 -6.74713 24.5968
      vertex 12.2908 -7.09609 23.388
    endloop
  endfacet
  facet normal 0.764487 -0.487043 0.422313
    outer loop
      vertex 12.8017 -7.39104 22.1229
      vertex 11.6255 -8.1403 23.388
      vertex 12.1088 -8.47865 22.1229
    endloop
  endfacet
  facet normal 0.766351 -0.588066 0.258621
    outer loop
      vertex 12.4998 -8.75247 20.8113
      vertex 11.9662 -10.0408 19.463
      vertex 12.7958 -8.95969 19.463
    endloop
  endfacet
  facet normal 0.856857 -0.446023 0.258573
    outer loop
      vertex 13.8298 -6.44893 20.8113
      vertex 13.528 -7.81037 19.463
      vertex 14.1572 -6.60161 19.463
    endloop
  endfacet
  facet normal 0.856833 -0.44605 0.258605
    outer loop
      vertex 13.8298 -6.44893 20.8113
      vertex 13.2151 -7.62973 20.8113
      vertex 13.528 -7.81037 19.463
    endloop
  endfacet
  facet normal 0.892453 -0.36967 0.258595
    outer loop
      vertex 14.3392 -5.21905 20.8113
      vertex 14.1572 -6.60161 19.463
      vertex 14.6787 -5.34261 19.463
    endloop
  endfacet
  facet normal 0.909864 -0.376882 0.173513
    outer loop
      vertex 14.6787 -5.34261 19.463
      vertex 14.1572 -6.60161 19.463
      vertex 14.9065 -5.42551 18.0884
    endloop
  endfacet
  facet normal 0.0357774 -0.818633 0.573201
    outer loop
      vertex 0 -12.6937 25.7402
      vertex 0 -13.4943 24.5968
      vertex 1.1761 -13.4429 24.5968
    endloop
  endfacet
  facet normal 0.106922 -0.812392 0.573225
    outer loop
      vertex 2.20423 -12.5008 25.7402
      vertex 1.10632 -12.6453 25.7402
      vertex 1.1761 -13.4429 24.5968
    endloop
  endfacet
  facet normal -0.230442 -0.730861 0.642447
    outer loop
      vertex -4.03462 -11.085 26.8094
      vertex -4.34149 -11.9281 25.7402
      vertex -3.28536 -12.2611 25.7402
    endloop
  endfacet
  facet normal -0.153091 -0.69067 0.70678
    outer loop
      vertex -2.79769 -10.4411 27.7964
      vertex -3.05314 -11.3945 26.8094
      vertex -2.04843 -11.6172 26.8094
    endloop
  endfacet
  facet normal 0.0218229 -0.499877 0.865821
    outer loop
      vertex 0 -7.38798 30.1922
      vertex 0 -8.59679 29.4943
      vertex 0.749259 -8.56408 29.4943
    endloop
  endfacet
  facet normal 0.0923499 -0.701391 0.706768
    outer loop
      vertex 1.87704 -10.6452 27.7964
      vertex 0.942104 -10.7683 27.7964
      vertex 2.04843 -11.6172 26.8094
    endloop
  endfacet
  facet normal -0.100008 -0.759775 0.642449
    outer loop
      vertex -1.02813 -11.7515 26.8094
      vertex -2.04843 -11.6172 26.8094
      vertex -1.10632 -12.6453 25.7402
    endloop
  endfacet
  facet normal -0.0308664 -0.706785 0.706754
    outer loop
      vertex -0.942104 -10.7683 27.7964
      vertex -1.02813 -11.7515 26.8094
      vertex 0 -11.7964 26.8094
    endloop
  endfacet
  facet normal 0.0923249 -0.701408 0.706755
    outer loop
      vertex 2.04843 -11.6172 26.8094
      vertex 0.942104 -10.7683 27.7964
      vertex 1.02813 -11.7515 26.8094
    endloop
  endfacet
  facet normal 0.0308664 -0.706785 0.706754
    outer loop
      vertex 0.942104 -10.7683 27.7964
      vertex 0 -11.7964 26.8094
      vertex 1.02813 -11.7515 26.8094
    endloop
  endfacet
  facet normal 0.124227 -0.560333 0.818898
    outer loop
      vertex 2.52094 -9.40829 28.6937
      vertex 1.49282 -8.46619 29.4943
      vertex 1.69136 -9.59221 28.6937
    endloop
  endfacet
  facet normal 0.246133 -0.594208 0.765725
    outer loop
      vertex 4.11638 -8.8276 28.6937
      vertex 3.33134 -9.15278 28.6937
      vertex 3.69705 -10.1576 27.7964
    endloop
  endfacet
  facet normal -0.0149252 -0.341983 0.939587
    outer loop
      vertex 0 -4.81129 31.2595
      vertex -0.533648 -6.09964 30.7821
      vertex 0 -6.12293 30.7821
    endloop
  endfacet
  facet normal -0.0184532 -0.422549 0.906152
    outer loop
      vertex -0.533648 -6.09964 30.7821
      vertex -0.643905 -7.35986 30.1922
      vertex 0 -7.38798 30.1922
    endloop
  endfacet
  facet normal -0.124227 -0.560333 0.818898
    outer loop
      vertex -1.49282 -8.46619 29.4943
      vertex -2.52094 -9.40829 28.6937
      vertex -1.69136 -9.59221 28.6937
    endloop
  endfacet
  facet normal -0.108301 -0.488491 0.865822
    outer loop
      vertex -1.28291 -7.27574 30.1922
      vertex -2.22501 -8.30386 29.4943
      vertex -1.49282 -8.46619 29.4943
    endloop
  endfacet
  facet normal 0.0653038 -0.49607 0.865823
    outer loop
      vertex 1.28291 -7.27574 30.1922
      vertex 0.643905 -7.35986 30.1922
      vertex 0.749259 -8.56408 29.4943
    endloop
  endfacet
  facet normal -0.0653038 -0.49607 0.865823
    outer loop
      vertex -0.643905 -7.35986 30.1922
      vertex -1.28291 -7.27574 30.1922
      vertex -0.749259 -8.56408 29.4943
    endloop
  endfacet
  facet normal 0.719151 -0.551819 0.422277
    outer loop
      vertex 11.6255 -8.1403 23.388
      vertex 10.8718 -9.12255 23.388
      vertex 11.3237 -9.50173 22.1229
    endloop
  endfacet
  facet normal 0.668324 -0.612392 0.422277
    outer loop
      vertex 10.8718 -9.12255 23.388
      vertex 10.4525 -10.4525 22.1229
      vertex 11.3237 -9.50173 22.1229
    endloop
  endfacet
  facet normal 0.814697 -0.519021 0.258623
    outer loop
      vertex 13.528 -7.81037 19.463
      vertex 12.4998 -8.75247 20.8113
      vertex 12.7958 -8.95969 19.463
    endloop
  endfacet
  facet normal 0.81469 -0.519041 0.258604
    outer loop
      vertex 13.2151 -7.62973 20.8113
      vertex 12.4998 -8.75247 20.8113
      vertex 13.528 -7.81037 19.463
    endloop
  endfacet
  facet normal 0.638669 -0.585181 0.499665
    outer loop
      vertex 10.8718 -9.12255 23.388
      vertex 9.54188 -9.54188 24.5968
      vertex 10.0354 -10.0354 23.388
    endloop
  endfacet
  facet normal 0.638656 -0.58522 0.499637
    outer loop
      vertex 10.3372 -8.67394 24.5968
      vertex 9.54188 -9.54188 24.5968
      vertex 10.8718 -9.12255 23.388
    endloop
  endfacet
  facet normal 0.612392 -0.668324 0.422277
    outer loop
      vertex 10.4525 -10.4525 22.1229
      vertex 9.12255 -10.8718 23.388
      vertex 9.50173 -11.3237 22.1229
    endloop
  endfacet
  facet normal 0.551819 -0.719151 0.422277
    outer loop
      vertex 9.12255 -10.8718 23.388
      vertex 8.1403 -11.6255 23.388
      vertex 9.50173 -11.3237 22.1229
    endloop
  endfacet
  facet normal 0.51772 -0.564998 0.642451
    outer loop
      vertex 8.97577 -8.97577 25.7402
      vertex 7.5826 -9.03659 26.8094
      vertex 8.15932 -9.7239 25.7402
    endloop
  endfacet
  facet normal 0.430673 -0.561251 0.706766
    outer loop
      vertex 6.94818 -8.28051 27.7964
      vertex 6.76616 -9.66308 26.8094
      vertex 7.5826 -9.03659 26.8094
    endloop
  endfacet
  facet normal 0.564998 -0.51772 0.642451
    outer loop
      vertex 9.03659 -7.5826 26.8094
      vertex 8.34134 -8.34134 26.8094
      vertex 8.97577 -8.97577 25.7402
    endloop
  endfacet
  facet normal 0.474204 -0.434526 0.765714
    outer loop
      vertex 7.46141 -6.26087 28.6937
      vertex 6.88735 -6.88735 28.6937
      vertex 8.28051 -6.94818 27.7964
    endloop
  endfacet
  facet normal 0.434528 -0.474204 0.765713
    outer loop
      vertex 7.64343 -7.64343 27.7964
      vertex 6.88735 -6.88735 28.6937
      vertex 6.94818 -8.28051 27.7964
    endloop
  endfacet
  facet normal 0.257477 -0.335548 0.906153
    outer loop
      vertex 4.7489 -5.65952 30.1922
      vertex 3.93575 -4.69044 30.7821
      vertex 4.23757 -6.05188 30.1922
    endloop
  endfacet
  facet normal 0.268839 -0.421993 0.865822
    outer loop
      vertex 4.93092 -7.04208 29.4943
      vertex 4.23757 -6.05188 30.1922
      vertex 4.2984 -7.44504 29.4943
    endloop
  endfacet
  facet normal 0.29699 -0.570511 0.765712
    outer loop
      vertex 4.87009 -8.43525 28.6937
      vertex 4.56827 -9.79668 27.7964
      vertex 5.40472 -9.36125 27.7964
    endloop
  endfacet
  facet normal 0.055202 -0.419334 0.906152
    outer loop
      vertex 1.28291 -7.27574 30.1922
      vertex 0.533648 -6.09964 30.7821
      vertex 0.643905 -7.35986 30.1922
    endloop
  endfacet
  facet normal 0.172581 -0.547375 0.8189
    outer loop
      vertex 2.94028 -8.07834 29.4943
      vertex 2.52094 -9.40829 28.6937
      vertex 3.33134 -9.15278 28.6937
    endloop
  endfacet
  facet normal 0.102929 -0.326467 0.939588
    outer loop
      vertex 1.64556 -4.52114 31.2595
      vertex 1.24525 -4.64735 31.2595
      vertex 1.58473 -5.9143 30.7821
    endloop
  endfacet
  facet normal 0.0915433 -0.412923 0.906154
    outer loop
      vertex 1.58473 -5.9143 30.7821
      vertex 1.28291 -7.27574 30.1922
      vertex 1.91215 -7.13624 30.1922
    endloop
  endfacet
  facet normal 0.326668 -0.627509 0.706767
    outer loop
      vertex 5.89822 -10.216 26.8094
      vertex 4.56827 -9.79668 27.7964
      vertex 4.98539 -10.6912 26.8094
    endloop
  endfacet
  facet normal 0.296984 -0.570511 0.765714
    outer loop
      vertex 4.87009 -8.43525 28.6937
      vertex 4.11638 -8.8276 28.6937
      vertex 4.56827 -9.79668 27.7964
    endloop
  endfacet
  facet normal 0.573392 0.0250323 0.818899
    outer loop
      vertex 9.70312 0.848912 28.6937
      vertex 8.56408 0.749259 29.4943
      vertex 8.59679 0 29.4943
    endloop
  endfacet
  facet normal 0.573392 0.0250319 0.818899
    outer loop
      vertex 9.70312 0.848912 28.6937
      vertex 8.59679 0 29.4943
      vertex 9.74018 0 28.6937
    endloop
  endfacet
  facet normal 0.637688 0.083953 0.765706
    outer loop
      vertex 10.6452 1.87704 27.7964
      vertex 9.59221 1.69136 28.6937
      vertex 9.70312 0.848912 28.6937
    endloop
  endfacet
  facet normal 0.637683 0.0839616 0.76571
    outer loop
      vertex 10.6452 1.87704 27.7964
      vertex 9.70312 0.848912 28.6937
      vertex 10.7683 0.942104 27.7964
    endloop
  endfacet
  facet normal 0.674742 0.212695 0.706742
    outer loop
      vertex 11.085 4.03462 26.8094
      vertex 10.1576 3.69705 27.7964
      vertex 10.4411 2.79769 27.7964
    endloop
  endfacet
  facet normal 0.653604 0.270768 0.706743
    outer loop
      vertex 11.085 4.03462 26.8094
      vertex 9.79668 4.56827 27.7964
      vertex 10.1576 3.69705 27.7964
    endloop
  endfacet
  facet normal 0.542457 0.34558 0.765712
    outer loop
      vertex 8.85458 6.20004 27.7964
      vertex 8.43525 4.87009 28.6937
      vertex 9.36125 5.40472 27.7964
    endloop
  endfacet
  facet normal 0.542453 0.345583 0.765714
    outer loop
      vertex 8.85458 6.20004 27.7964
      vertex 7.97869 5.58674 28.6937
      vertex 8.43525 4.87009 28.6937
    endloop
  endfacet
  facet normal 0.765567 -0.0334925 0.642484
    outer loop
      vertex 12.6937 0 25.7402
      vertex 11.7964 0 26.8094
      vertex 12.6453 -1.10632 25.7402
    endloop
  endfacet
  facet normal 0.818615 -0.0358133 0.573226
    outer loop
      vertex 12.6937 0 25.7402
      vertex 12.6453 -1.10632 25.7402
      vertex 13.4429 -1.1761 24.5968
    endloop
  endfacet
  facet normal 0.50909 -0.265014 0.818898
    outer loop
      vertex 7.79134 -3.63316 29.4943
      vertex 7.44504 -4.2984 29.4943
      vertex 8.8276 -4.11638 28.6937
    endloop
  endfacet
  facet normal 0.53025 -0.219637 0.818898
    outer loop
      vertex 8.07834 -2.94028 29.4943
      vertex 7.79134 -3.63316 29.4943
      vertex 8.8276 -4.11638 28.6937
    endloop
  endfacet
  facet normal 0.403376 -0.127179 0.906153
    outer loop
      vertex 5.9143 -1.58473 30.7821
      vertex 5.75368 -2.09417 30.7821
      vertex 6.94243 -2.52684 30.1922
    endloop
  endfacet
  facet normal 0.252865 -0.0560601 0.965876
    outer loop
      vertex 3.41042 -0.601349 31.6207
      vertex 3.34503 -0.896298 31.6207
      vertex 4.7382 -0.835472 31.2595
    endloop
  endfacet
  facet normal 0.570511 -0.29699 0.765712
    outer loop
      vertex 9.79668 -4.56827 27.7964
      vertex 8.43525 -4.87009 28.6937
      vertex 9.36125 -5.40472 27.7964
    endloop
  endfacet
  facet normal 0.542457 -0.34558 0.765712
    outer loop
      vertex 9.36125 -5.40472 27.7964
      vertex 8.43525 -4.87009 28.6937
      vertex 8.85458 -6.20004 27.7964
    endloop
  endfacet
  facet normal 0.6536 -0.270715 0.706767
    outer loop
      vertex 11.085 -4.03462 26.8094
      vertex 9.79668 -4.56827 27.7964
      vertex 10.6912 -4.98539 26.8094
    endloop
  endfacet
  facet normal 0.707987 -0.293241 0.642467
    outer loop
      vertex 11.085 -4.03462 26.8094
      vertex 10.6912 -4.98539 26.8094
      vertex 11.5044 -5.36457 25.7402
    endloop
  endfacet
  facet normal 0.488984 -0.108405 0.86553
    outer loop
      vertex 7.13624 -1.91215 30.1922
      vertex 7.35283 -1.35355 30.1398
      vertex 7.25729 -1.36613 30.1922
    endloop
  endfacet
  facet normal 0.488519 -0.108198 0.865819
    outer loop
      vertex 7.35283 -1.35355 30.1398
      vertex 7.13624 -1.91215 30.1922
      vertex 8.30386 -2.22501 29.4943
    endloop
  endfacet
  facet normal 0.477197 -0.150457 0.865821
    outer loop
      vertex 8.30386 -2.22501 29.4943
      vertex 7.13624 -1.91215 30.1922
      vertex 8.07834 -2.94028 29.4943
    endloop
  endfacet
  facet normal 0.496007 -0.0652994 0.86586
    outer loop
      vertex 7.99319 -0.985732 29.8035
      vertex 8.46619 -1.49282 29.4943
      vertex 8.56408 -0.749259 29.4943
    endloop
  endfacet
  facet normal 0.501833 -0.0581273 0.863009
    outer loop
      vertex 7.98995 -0.989949 29.8051
      vertex 8.46619 -1.49282 29.4943
      vertex 7.99319 -0.985732 29.8035
    endloop
  endfacet
  facet normal 0.496015 -0.0653915 0.865848
    outer loop
      vertex 7.7 -1.21243 29.9544
      vertex 8.46619 -1.49282 29.4943
      vertex 7.98995 -0.989949 29.8051
    endloop
  endfacet
  facet normal 0.496098 -0.0651184 0.865821
    outer loop
      vertex 8.46619 -1.49282 29.4943
      vertex 7.7 -1.21243 29.9544
      vertex 7.45398 -1.31434 30.0877
    endloop
  endfacet
  facet normal 0.496055 -0.0654695 0.865819
    outer loop
      vertex 8.19914 -0.717331 29.7058
      vertex 7.99319 -0.985732 29.8035
      vertex 8.56408 -0.749259 29.4943
    endloop
  endfacet
  facet normal 0.530247 0.219639 0.8189
    outer loop
      vertex 8.8276 4.11638 28.6937
      vertex 8.07834 2.94028 29.4943
      vertex 9.15278 3.33134 28.6937
    endloop
  endfacet
  facet normal 0.547375 0.172581 0.8189
    outer loop
      vertex 9.15278 3.33134 28.6937
      vertex 8.07834 2.94028 29.4943
      vertex 9.40829 2.52094 28.6937
    endloop
  endfacet
  facet normal 0.53025 0.219637 0.818898
    outer loop
      vertex 8.8276 4.11638 28.6937
      vertex 7.79134 3.63316 29.4943
      vertex 8.07834 2.94028 29.4943
    endloop
  endfacet
  facet normal 0.50909 0.265014 0.818898
    outer loop
      vertex 8.8276 4.11638 28.6937
      vertex 7.44504 4.2984 29.4943
      vertex 7.79134 3.63316 29.4943
    endloop
  endfacet
  facet normal 0.285741 0.311831 0.906153
    outer loop
      vertex 5.22409 5.22409 30.1922
      vertex 3.93575 4.69044 30.7821
      vertex 4.32957 4.32957 30.7821
    endloop
  endfacet
  facet normal 0.271574 0.208381 0.939587
    outer loop
      vertex 4.69044 3.93575 30.7821
      vertex 3.94118 2.75964 31.2595
      vertex 5.01561 3.51197 30.7821
    endloop
  endfacet
  facet normal 0.375163 0.195292 0.906153
    outer loop
      vertex 6.39818 3.69399 30.1922
      vertex 5.30262 3.06147 30.7821
      vertex 6.69578 3.12229 30.1922
    endloop
  endfacet
  facet normal 0.28574 0.311832 0.906153
    outer loop
      vertex 4.7489 5.65952 30.1922
      vertex 3.93575 4.69044 30.7821
      vertex 5.22409 5.22409 30.1922
    endloop
  endfacet
  facet normal 0.334196 -0.0740884 0.939587
    outer loop
      vertex 6.02991 -1.06324 30.7821
      vertex 4.7382 -0.835472 31.2595
      vertex 5.9143 -1.58473 30.7821
    endloop
  endfacet
  facet normal 0.303635 -0.158056 0.939587
    outer loop
      vertex 5.54926 -2.58766 30.7821
      vertex 4.36051 -2.03334 31.2595
      vertex 5.30262 -3.06147 30.7821
    endloop
  endfacet
  facet normal 0.342017 -0.0147953 0.939577
    outer loop
      vertex 5.6 0 30.9724
      vertex 4.81129 0 31.2595
      vertex 5.64549 -0.345536 30.9504
    endloop
  endfacet
  facet normal 0.477196 0.150458 0.865821
    outer loop
      vertex 8.07834 2.94028 29.4943
      vertex 6.94243 2.52684 30.1922
      vertex 7.13624 1.91215 30.1922
    endloop
  endfacet
  facet normal 0.462264 0.191481 0.865821
    outer loop
      vertex 8.07834 2.94028 29.4943
      vertex 6.69578 3.12229 30.1922
      vertex 6.94243 2.52684 30.1922
    endloop
  endfacet
  facet normal 0.496007 0.0652994 0.86586
    outer loop
      vertex 8.46619 1.49282 29.4943
      vertex 7.99319 0.985732 29.8035
      vertex 8.56408 0.749259 29.4943
    endloop
  endfacet
  facet normal 0.501833 0.0581273 0.863009
    outer loop
      vertex 8.46619 1.49282 29.4943
      vertex 7.98995 0.989949 29.8051
      vertex 7.99319 0.985732 29.8035
    endloop
  endfacet
  facet normal 0.496015 0.0653915 0.865848
    outer loop
      vertex 8.46619 1.49282 29.4943
      vertex 7.7 1.21243 29.9544
      vertex 7.98995 0.989949 29.8051
    endloop
  endfacet
  facet normal 0.496098 0.0651184 0.865821
    outer loop
      vertex 7.7 1.21243 29.9544
      vertex 8.46619 1.49282 29.4943
      vertex 7.45398 1.31434 30.0877
    endloop
  endfacet
  facet normal 0.488487 0.1083 0.865825
    outer loop
      vertex 8.30386 2.22501 29.4943
      vertex 7.45398 1.31434 30.0877
      vertex 8.46619 1.49282 29.4943
    endloop
  endfacet
  facet normal 0.48822 0.108621 0.865935
    outer loop
      vertex 8.30386 2.22501 29.4943
      vertex 7.36235 1.3523 30.1346
      vertex 7.45398 1.31434 30.0877
    endloop
  endfacet
  facet normal 0.487525 0.10957 0.866207
    outer loop
      vertex 7.36235 1.3523 30.1346
      vertex 8.30386 2.22501 29.4943
      vertex 7.35283 1.35355 30.1398
    endloop
  endfacet
  facet normal 0.256792 0.0338036 0.965875
    outer loop
      vertex 4.7382 0.835472 31.2595
      vertex 3.44986 0.301823 31.6207
      vertex 4.79298 0.419332 31.2595
    endloop
  endfacet
  facet normal 0.258759 -0.0112909 0.965876
    outer loop
      vertex 3.46303 0 31.6207
      vertex 3.44986 -0.301823 31.6207
      vertex 4.81129 0 31.2595
    endloop
  endfacet
  facet normal 0.247019 0.0778803 0.965876
    outer loop
      vertex 4.52114 1.64556 31.2595
      vertex 3.34503 0.896298 31.6207
      vertex 4.64735 1.24525 31.2595
    endloop
  endfacet
  facet normal 0.334196 0.0740884 0.939587
    outer loop
      vertex 5.9143 1.58473 30.7821
      vertex 4.7382 0.835472 31.2595
      vertex 6.02991 1.06324 30.7821
    endloop
  endfacet
  facet normal 0.231261 0.252377 0.939587
    outer loop
      vertex 3.93575 4.69044 30.7821
      vertex 3.4021 3.4021 31.2595
      vertex 4.32957 4.32957 30.7821
    endloop
  endfacet
  facet normal 0.252377 0.231261 0.939587
    outer loop
      vertex 4.32957 4.32957 30.7821
      vertex 3.4021 3.4021 31.2595
      vertex 4.69044 3.93575 30.7821
    endloop
  endfacet
  facet normal 0.288698 0.183924 0.939588
    outer loop
      vertex 5.30262 3.06147 30.7821
      vertex 3.94118 2.75964 31.2595
      vertex 4.1667 2.40565 31.2595
    endloop
  endfacet
  facet normal 0.0806283 0.0333965 0.996185
    outer loop
      vertex 1.89275 0.882604 31.8631
      vertex 0.655821 0.238699 31.9848
      vertex 1.96247 0.714281 31.8631
    endloop
  endfacet
  facet normal 0.0933946 0.146599 0.984777
    outer loop
      vertex 1.73152 2.99907 31.6207
      vertex 1.19787 1.71073 31.8631
      vertex 1.98631 2.83675 31.6207
    endloop
  endfacet
  facet normal 0.157674 0.205484 0.965875
    outer loop
      vertex 2.75964 3.94118 31.2595
      vertex 2.226 2.65284 31.6207
      vertex 3.09264 3.68566 31.2595
    endloop
  endfacet
  facet normal 0.0446752 0.339379 0.939588
    outer loop
      vertex 0.533648 6.09964 30.7821
      vertex 0.419332 4.79298 31.2595
      vertex 0.835472 4.7382 31.2595
    endloop
  endfacet
  facet normal 0.0149325 0.341981 0.939588
    outer loop
      vertex 0.533648 6.09964 30.7821
      vertex 0 4.81129 31.2595
      vertex 0.419332 4.79298 31.2595
    endloop
  endfacet
  facet normal 0.150457 0.477197 0.865821
    outer loop
      vertex 2.22501 8.30386 29.4943
      vertex 1.91215 7.13624 30.1922
      vertex 2.94028 8.07834 29.4943
    endloop
  endfacet
  facet normal 0.231036 0.443819 0.865822
    outer loop
      vertex 4.2984 7.44504 29.4943
      vertex 3.63316 7.79134 29.4943
      vertex 3.69399 6.39818 30.1922
    endloop
  endfacet
  facet normal 0.33555 0.25747 0.906154
    outer loop
      vertex 6.05188 4.23757 30.1922
      vertex 4.69044 3.93575 30.7821
      vertex 5.01561 3.51197 30.7821
    endloop
  endfacet
  facet normal 0.356707 0.227255 0.906154
    outer loop
      vertex 6.05188 4.23757 30.1922
      vertex 5.01561 3.51197 30.7821
      vertex 5.30262 3.06147 30.7821
    endloop
  endfacet
  facet normal 0.203392 -0.917528 0.341722
    outer loop
      vertex 3.82588 -14.2784 22.1229
      vertex 2.64978 -15.0276 20.8113
      vertex 3.94944 -14.7395 20.8113
    endloop
  endfacet
  facet normal 0.209058 -0.943092 0.258597
    outer loop
      vertex 3.94944 -14.7395 20.8113
      vertex 2.64978 -15.0276 20.8113
      vertex 2.71251 -15.3834 19.463
    endloop
  endfacet
  facet normal -0.359648 -0.868256 0.341738
    outer loop
      vertex -5.05577 -13.8906 22.1229
      vertex -6.24717 -13.3971 22.1229
      vertex -5.21905 -14.3392 20.8113
    endloop
  endfacet
  facet normal -0.346892 -0.837476 0.422255
    outer loop
      vertex -5.99787 -12.8625 23.388
      vertex -6.24717 -13.3971 22.1229
      vertex -4.85401 -13.3363 23.388
    endloop
  endfacet
  facet normal -0.0749127 -0.569028 0.818899
    outer loop
      vertex -1.49282 -8.46619 29.4943
      vertex -1.69136 -9.59221 28.6937
      vertex -0.749259 -8.56408 29.4943
    endloop
  endfacet
  facet normal -0.165839 -0.748184 0.642431
    outer loop
      vertex -3.05314 -11.3945 26.8094
      vertex -3.28536 -12.2611 25.7402
      vertex -2.04843 -11.6172 26.8094
    endloop
  endfacet
  facet normal 0.0410295 -0.938898 0.341743
    outer loop
      vertex 0 -14.7821 22.1229
      vertex 0 -15.2595 20.8113
      vertex 1.28834 -14.7258 22.1229
    endloop
  endfacet
  facet normal -0.126106 -0.957721 0.258588
    outer loop
      vertex -1.32995 -15.2014 20.8113
      vertex -2.71251 -15.3834 19.463
      vertex -1.36144 -15.5613 19.463
    endloop
  endfacet
  facet normal -0.0357774 -0.818633 0.573201
    outer loop
      vertex 0 -12.6937 25.7402
      vertex -1.1761 -13.4429 24.5968
      vertex 0 -13.4943 24.5968
    endloop
  endfacet
  facet normal -0.0378215 -0.865406 0.499642
    outer loop
      vertex 0 -13.4943 24.5968
      vertex -1.1761 -13.4429 24.5968
      vertex 0 -14.1922 23.388
    endloop
  endfacet
  facet normal -0.177351 -0.799971 0.573231
    outer loop
      vertex -2.20423 -12.5008 25.7402
      vertex -3.49257 -13.0345 24.5968
      vertex -2.34325 -13.2893 24.5968
    endloop
  endfacet
  facet normal -0.187489 -0.845704 0.499632
    outer loop
      vertex -3.49257 -13.0345 24.5968
      vertex -3.6732 -13.7086 23.388
      vertex -2.34325 -13.2893 24.5968
    endloop
  endfacet
  facet normal 0.122653 -0.931766 0.341713
    outer loop
      vertex 2.56688 -14.5575 22.1229
      vertex 1.28834 -14.7258 22.1229
      vertex 2.64978 -15.0276 20.8113
    endloop
  endfacet
  facet normal 0.203401 -0.917529 0.341714
    outer loop
      vertex 3.82588 -14.2784 22.1229
      vertex 2.56688 -14.5575 22.1229
      vertex 2.64978 -15.0276 20.8113
    endloop
  endfacet
  facet normal 0.113022 -0.858809 0.499673
    outer loop
      vertex 2.34325 -13.2893 24.5968
      vertex 1.1761 -13.4429 24.5968
      vertex 1.23693 -14.1382 23.388
    endloop
  endfacet
  facet normal 0.0377799 -0.86539 0.499672
    outer loop
      vertex 1.1761 -13.4429 24.5968
      vertex 0 -14.1922 23.388
      vertex 1.23693 -14.1382 23.388
    endloop
  endfacet
  facet normal 0.230471 -0.730866 0.642432
    outer loop
      vertex 4.03462 -11.085 26.8094
      vertex 3.05314 -11.3945 26.8094
      vertex 3.28536 -12.2611 25.7402
    endloop
  endfacet
  facet normal 0.165875 -0.748155 0.642455
    outer loop
      vertex 3.28536 -12.2611 25.7402
      vertex 2.04843 -11.6172 26.8094
      vertex 2.20423 -12.5008 25.7402
    endloop
  endfacet
  facet normal 0.270715 -0.6536 0.706767
    outer loop
      vertex 4.56827 -9.79668 27.7964
      vertex 4.03462 -11.085 26.8094
      vertex 4.98539 -10.6912 26.8094
    endloop
  endfacet
  facet normal 0.293241 -0.707987 0.642467
    outer loop
      vertex 4.98539 -10.6912 26.8094
      vertex 4.03462 -11.085 26.8094
      vertex 5.36457 -11.5044 25.7402
    endloop
  endfacet
  facet normal -0.0434081 0.995261 0.0870092
    outer loop
      vertex 0 15.8631 18.0884
      vertex -1.39316 15.9239 16.6979
      vertex -1.38256 15.8028 18.0884
    endloop
  endfacet
  facet normal -0.0429125 0.983898 0.173503
    outer loop
      vertex 0 15.8631 18.0884
      vertex -1.38256 15.8028 18.0884
      vertex 0 15.6207 19.463
    endloop
  endfacet
  facet normal 0.0436719 0.999046 -0
    outer loop
      vertex 1.39316 15.9239 16
      vertex 0 15.9848 16.6979
      vertex 1.39316 15.9239 16.6979
    endloop
  endfacet
  facet normal 0.0436719 0.999046 0
    outer loop
      vertex 0 15.9848 16.6979
      vertex 1.39316 15.9239 16
      vertex 0 15.9848 16
    endloop
  endfacet
  facet normal -0.282615 0.8963 0.341723
    outer loop
      vertex -3.94944 14.7395 20.8113
      vertex -5.05577 13.8906 22.1229
      vertex -3.82588 14.2784 22.1229
    endloop
  endfacet
  facet normal -0.43391 0.83362 0.34176
    outer loop
      vertex -6.44893 13.8298 20.8113
      vertex -7.39104 12.8017 22.1229
      vertex -6.24717 13.3971 22.1229
    endloop
  endfacet
  facet normal 0.21314 0.961498 0.173475
    outer loop
      vertex 4.10568 15.3226 18.0884
      vertex 2.7546 15.6221 18.0884
      vertex 4.04294 15.0885 19.463
    endloop
  endfacet
  facet normal 0.213124 0.961499 0.173491
    outer loop
      vertex 2.7546 15.6221 18.0884
      vertex 2.71251 15.3834 19.463
      vertex 4.04294 15.0885 19.463
    endloop
  endfacet
  facet normal 0.757017 0.313565 0.573238
    outer loop
      vertex 12.23 5.70292 24.5968
      vertex 11.9281 4.34149 25.7402
      vertex 12.6805 4.61531 24.5968
    endloop
  endfacet
  facet normal 0.800297 0.331492 0.499638
    outer loop
      vertex 13.3363 4.85401 23.388
      vertex 12.23 5.70292 24.5968
      vertex 12.6805 4.61531 24.5968
    endloop
  endfacet
  facet normal 0.376889 0.909863 0.173506
    outer loop
      vertex 6.70404 14.3769 18.0884
      vertex 5.42551 14.9065 18.0884
      vertex 6.60161 14.1572 19.463
    endloop
  endfacet
  facet normal 0.381241 0.920369 0.0870393
    outer loop
      vertex 6.75546 14.4871 16.6979
      vertex 5.42551 14.9065 18.0884
      vertex 6.70404 14.3769 18.0884
    endloop
  endfacet
  facet normal 0.504974 0.79261 0.341718
    outer loop
      vertex 7.62973 13.2151 20.8113
      vertex 7.39104 12.8017 22.1229
      vertex 8.75247 12.4998 20.8113
    endloop
  endfacet
  facet normal 0.504966 0.792619 0.341708
    outer loop
      vertex 8.75247 12.4998 20.8113
      vertex 7.39104 12.8017 22.1229
      vertex 8.47865 12.1088 22.1229
    endloop
  endfacet
  facet normal 0.606429 0.790352 0.0871016
    outer loop
      vertex 9.16849 13.094 16.6979
      vertex 9.09871 12.9943 18.0884
      vertex 10.1966 12.1519 18.0884
    endloop
  endfacet
  facet normal 0.652633 0.712176 0.258601
    outer loop
      vertex 10.0408 11.9662 19.463
      vertex 9.8086 11.6894 20.8113
      vertex 11.0455 11.0455 19.463
    endloop
  endfacet
  facet normal 0.38126 0.920359 0.0870604
    outer loop
      vertex 5.46711 15.0208 16.6979
      vertex 5.42551 14.9065 18.0884
      vertex 6.75546 14.4871 16.6979
    endloop
  endfacet
  facet normal 0.454742 0.873559 0.173505
    outer loop
      vertex 6.70404 14.3769 18.0884
      vertex 6.60161 14.1572 19.463
      vertex 7.93156 13.7379 18.0884
    endloop
  endfacet
  facet normal 0.113022 0.858809 0.499673
    outer loop
      vertex 1.23693 14.1382 23.388
      vertex 1.1761 13.4429 24.5968
      vertex 2.34325 13.2893 24.5968
    endloop
  endfacet
  facet normal 0.113063 0.858821 0.499644
    outer loop
      vertex 2.46444 13.9766 23.388
      vertex 1.23693 14.1382 23.388
      vertex 2.34325 13.2893 24.5968
    endloop
  endfacet
  facet normal -0.128594 0.976404 0.173491
    outer loop
      vertex -1.38256 15.8028 18.0884
      vertex -2.7546 15.6221 18.0884
      vertex -2.71251 15.3834 19.463
    endloop
  endfacet
  facet normal -0.213124 0.961499 0.173491
    outer loop
      vertex -2.7546 15.6221 18.0884
      vertex -4.04294 15.0885 19.463
      vertex -2.71251 15.3834 19.463
    endloop
  endfacet
  facet normal -0.0749127 0.569028 0.818899
    outer loop
      vertex -0.749259 8.56408 29.4943
      vertex -1.69136 9.59221 28.6937
      vertex -1.49282 8.46619 29.4943
    endloop
  endfacet
  facet normal -0.212755 0.674684 0.70678
    outer loop
      vertex -3.05314 11.3945 26.8094
      vertex -4.03462 11.085 26.8094
      vertex -2.79769 10.4411 27.7964
    endloop
  endfacet
  facet normal -0.353851 0.679725 0.642467
    outer loop
      vertex -5.36457 11.5044 25.7402
      vertex -5.89822 10.216 26.8094
      vertex -4.98539 10.6912 26.8094
    endloop
  endfacet
  facet normal -0.313565 0.757017 0.573238
    outer loop
      vertex -4.61531 12.6805 24.5968
      vertex -5.70292 12.23 24.5968
      vertex -4.34149 11.9281 25.7402
    endloop
  endfacet
  facet normal 0.165839 0.748184 0.642431
    outer loop
      vertex 3.28536 12.2611 25.7402
      vertex 2.04843 11.6172 26.8094
      vertex 3.05314 11.3945 26.8094
    endloop
  endfacet
  facet normal 0.153091 0.69067 0.70678
    outer loop
      vertex 3.05314 11.3945 26.8094
      vertex 2.04843 11.6172 26.8094
      vertex 2.79769 10.4411 27.7964
    endloop
  endfacet
  facet normal -0.100008 0.759775 0.642449
    outer loop
      vertex -1.10632 12.6453 25.7402
      vertex -2.04843 11.6172 26.8094
      vertex -1.02813 11.7515 26.8094
    endloop
  endfacet
  facet normal -0.0923249 0.701408 0.706755
    outer loop
      vertex -1.02813 11.7515 26.8094
      vertex -2.04843 11.6172 26.8094
      vertex -0.942104 10.7683 27.7964
    endloop
  endfacet
  facet normal -0.0915433 0.412923 0.906154
    outer loop
      vertex -1.28291 7.27574 30.1922
      vertex -1.91215 7.13624 30.1922
      vertex -1.58473 5.9143 30.7821
    endloop
  endfacet
  facet normal 0.0250319 0.573392 0.818899
    outer loop
      vertex 0 9.74018 28.6937
      vertex 0 8.59679 29.4943
      vertex 0.848912 9.70312 28.6937
    endloop
  endfacet
  facet normal 0.0749127 0.569028 0.818899
    outer loop
      vertex 1.69136 9.59221 28.6937
      vertex 0.749259 8.56408 29.4943
      vertex 1.49282 8.46619 29.4943
    endloop
  endfacet
  facet normal 0.139216 0.62794 0.765709
    outer loop
      vertex 2.79769 10.4411 27.7964
      vertex 1.69136 9.59221 28.6937
      vertex 2.52094 9.40829 28.6937
    endloop
  endfacet
  facet normal 0.083953 0.637688 0.765706
    outer loop
      vertex 1.87704 10.6452 27.7964
      vertex 0.848912 9.70312 28.6937
      vertex 1.69136 9.59221 28.6937
    endloop
  endfacet
  facet normal 0.13921 0.627945 0.765706
    outer loop
      vertex 1.87704 10.6452 27.7964
      vertex 1.69136 9.59221 28.6937
      vertex 2.79769 10.4411 27.7964
    endloop
  endfacet
  facet normal 0.0308334 0.706771 0.706771
    outer loop
      vertex 0 11.7964 26.8094
      vertex 0 10.8094 27.7964
      vertex 0.942104 10.7683 27.7964
    endloop
  endfacet
  facet normal -0.0308334 0.706771 0.706771
    outer loop
      vertex 0 11.7964 26.8094
      vertex -0.942104 10.7683 27.7964
      vertex 0 10.8094 27.7964
    endloop
  endfacet
  facet normal 0.527337 0.687245 0.499609
    outer loop
      vertex 8.1403 11.6255 23.388
      vertex 7.73999 11.0539 24.5968
      vertex 9.12255 10.8718 23.388
    endloop
  endfacet
  facet normal 0.465426 0.730597 0.499606
    outer loop
      vertex 8.1403 11.6255 23.388
      vertex 6.74713 11.6864 24.5968
      vertex 7.73999 11.0539 24.5968
    endloop
  endfacet
  facet normal 0.646323 0.411739 0.642446
    outer loop
      vertex 10.993 6.34683 25.7402
      vertex 9.66308 6.76616 26.8094
      vertex 10.216 5.89822 26.8094
    endloop
  endfacet
  facet normal 0.646321 0.411758 0.642436
    outer loop
      vertex 10.398 7.28078 25.7402
      vertex 9.66308 6.76616 26.8094
      vertex 10.993 6.34683 25.7402
    endloop
  endfacet
  facet normal 0.353889 0.679724 0.642447
    outer loop
      vertex 6.34683 10.993 25.7402
      vertex 5.36457 11.5044 25.7402
      vertex 5.89822 10.216 26.8094
    endloop
  endfacet
  facet normal 0.378394 0.726792 0.573228
    outer loop
      vertex 6.74713 11.6864 24.5968
      vertex 5.36457 11.5044 25.7402
      vertex 6.34683 10.993 25.7402
    endloop
  endfacet
  facet normal 0.308379 0.484054 0.818899
    outer loop
      vertex 5.58674 7.97869 28.6937
      vertex 4.87009 8.43525 28.6937
      vertex 4.93092 7.04208 29.4943
    endloop
  endfacet
  facet normal 0.349392 0.455335 0.818898
    outer loop
      vertex 5.58674 7.97869 28.6937
      vertex 4.93092 7.04208 29.4943
      vertex 6.26087 7.46141 28.6937
    endloop
  endfacet
  facet normal 0.380109 0.596658 0.706765
    outer loop
      vertex 5.89822 10.216 26.8094
      vertex 5.40472 9.36125 27.7964
      vertex 6.20004 8.85458 27.7964
    endloop
  endfacet
  facet normal 0.326668 0.627509 0.706767
    outer loop
      vertex 4.98539 10.6912 26.8094
      vertex 4.56827 9.79668 27.7964
      vertex 5.89822 10.216 26.8094
    endloop
  endfacet
  facet normal 0.191476 0.462264 0.865823
    outer loop
      vertex 3.63316 7.79134 29.4943
      vertex 2.94028 8.07834 29.4943
      vertex 3.12229 6.69578 30.1922
    endloop
  endfacet
  facet normal 0.268839 0.421993 0.865822
    outer loop
      vertex 4.2984 7.44504 29.4943
      vertex 4.23757 6.05188 30.1922
      vertex 4.93092 7.04208 29.4943
    endloop
  endfacet
  facet normal 0.983898 0.0429125 0.173503
    outer loop
      vertex 15.8028 1.38256 18.0884
      vertex 15.6207 0 19.463
      vertex 15.8631 0 18.0884
    endloop
  endfacet
  facet normal 0.995261 0.0434081 0.0870092
    outer loop
      vertex 15.9239 1.39316 16.6979
      vertex 15.8028 1.38256 18.0884
      vertex 15.8631 0 18.0884
    endloop
  endfacet
  facet normal 0.921275 0.290472 0.25861
    outer loop
      vertex 15.0885 4.04294 19.463
      vertex 14.3392 5.21905 20.8113
      vertex 14.7395 3.94944 20.8113
    endloop
  endfacet
  facet normal 0.943092 0.209058 0.258597
    outer loop
      vertex 15.3834 2.71251 19.463
      vertex 14.7395 3.94944 20.8113
      vertex 15.0276 2.64978 20.8113
    endloop
  endfacet
  facet normal 0.868258 0.359621 0.34176
    outer loop
      vertex 13.8298 6.44893 20.8113
      vertex 13.3971 6.24717 22.1229
      vertex 14.3392 5.21905 20.8113
    endloop
  endfacet
  facet normal 0.868256 0.359648 0.341738
    outer loop
      vertex 14.3392 5.21905 20.8113
      vertex 13.3971 6.24717 22.1229
      vertex 13.8906 5.05577 22.1229
    endloop
  endfacet
  facet normal 0.905619 -0.0395753 0.422241
    outer loop
      vertex 14.7821 0 22.1229
      vertex 14.1382 -1.23693 23.388
      vertex 14.7258 -1.28834 22.1229
    endloop
  endfacet
  facet normal 0.938898 -0.0410295 0.341743
    outer loop
      vertex 14.7821 0 22.1229
      vertex 14.7258 -1.28834 22.1229
      vertex 15.2595 0 20.8113
    endloop
  endfacet
  facet normal 0.215599 0.972593 0.087067
    outer loop
      vertex 4.13716 15.4401 16.6979
      vertex 2.7546 15.6221 18.0884
      vertex 4.10568 15.3226 18.0884
    endloop
  endfacet
  facet normal 0.215603 0.972591 0.0870709
    outer loop
      vertex 2.77573 15.7419 16.6979
      vertex 2.7546 15.6221 18.0884
      vertex 4.13716 15.4401 16.6979
    endloop
  endfacet
  facet normal 0.130513 0.991447 -0
    outer loop
      vertex 2.77573 15.7419 16
      vertex 1.39316 15.9239 16.6979
      vertex 2.77573 15.7419 16.6979
    endloop
  endfacet
  facet normal 0.130513 0.991447 0
    outer loop
      vertex 1.39316 15.9239 16.6979
      vertex 2.77573 15.7419 16
      vertex 1.39316 15.9239 16
    endloop
  endfacet
  facet normal -0.840212 -0.535228 0.0870384
    outer loop
      vertex -13.7379 -7.93156 18.0884
      vertex -13.8432 -7.99238 16.6979
      vertex -13.094 -9.16849 16.6979
    endloop
  endfacet
  facet normal -0.883645 -0.459996 0.0870369
    outer loop
      vertex -13.7379 -7.93156 18.0884
      vertex -14.4871 -6.75546 16.6979
      vertex -13.8432 -7.99238 16.6979
    endloop
  endfacet
  facet normal -0.843412 -0.537267 0
    outer loop
      vertex -13.094 -9.16849 16
      vertex -13.8432 -7.99238 16.6979
      vertex -13.8432 -7.99238 16
    endloop
  endfacet
  facet normal -0.843412 -0.537267 0
    outer loop
      vertex -13.8432 -7.99238 16.6979
      vertex -13.094 -9.16849 16
      vertex -13.094 -9.16849 16.6979
    endloop
  endfacet
  facet normal -0.765599 0.0334349 0.642449
    outer loop
      vertex -11.7515 1.02813 26.8094
      vertex -12.6453 1.10632 25.7402
      vertex -11.7964 0 26.8094
    endloop
  endfacet
  facet normal -0.706785 0.0308664 0.706754
    outer loop
      vertex -11.7515 1.02813 26.8094
      vertex -11.7964 0 26.8094
      vertex -10.7683 0.942104 27.7964
    endloop
  endfacet
  facet normal -0.653604 -0.270768 0.706743
    outer loop
      vertex -10.1576 -3.69705 27.7964
      vertex -11.085 -4.03462 26.8094
      vertex -9.79668 -4.56827 27.7964
    endloop
  endfacet
  facet normal -0.627514 -0.326664 0.706765
    outer loop
      vertex -9.79668 -4.56827 27.7964
      vertex -10.216 -5.89822 26.8094
      vertex -9.36125 -5.40472 27.7964
    endloop
  endfacet
  facet normal -0.51027 -0.391545 0.765714
    outer loop
      vertex -7.97869 -5.58674 28.6937
      vertex -8.85458 -6.20004 27.7964
      vertex -7.46141 -6.26087 28.6937
    endloop
  endfacet
  facet normal -0.474204 -0.434528 0.765713
    outer loop
      vertex -6.88735 -6.88735 28.6937
      vertex -8.28051 -6.94818 27.7964
      vertex -7.64343 -7.64343 27.7964
    endloop
  endfacet
  facet normal -0.865406 -0.0378215 0.499642
    outer loop
      vertex -13.4943 0 24.5968
      vertex -14.1922 0 23.388
      vertex -13.4429 -1.1761 24.5968
    endloop
  endfacet
  facet normal -0.818633 -0.0357774 0.573201
    outer loop
      vertex -12.6937 0 25.7402
      vertex -13.4943 0 24.5968
      vertex -13.4429 -1.1761 24.5968
    endloop
  endfacet
  facet normal -0.422545 0.0184411 0.906154
    outer loop
      vertex -6.09964 0.533648 30.7821
      vertex -7.38798 0 30.1922
      vertex -6.12293 0 30.7821
    endloop
  endfacet
  facet normal -0.422545 -0.0184411 0.906154
    outer loop
      vertex -6.12293 0 30.7821
      vertex -7.38798 0 30.1922
      vertex -6.09964 -0.533648 30.7821
    endloop
  endfacet
  facet normal -0.477196 0.150458 0.865821
    outer loop
      vertex -6.94243 2.52684 30.1922
      vertex -8.07834 2.94028 29.4943
      vertex -7.13624 1.91215 30.1922
    endloop
  endfacet
  facet normal -0.488493 0.108297 0.865821
    outer loop
      vertex -7.13624 1.91215 30.1922
      vertex -8.30386 2.22501 29.4943
      vertex -7.27574 1.28291 30.1922
    endloop
  endfacet
  facet normal -0.547375 0.172584 0.818899
    outer loop
      vertex -8.07834 2.94028 29.4943
      vertex -9.40829 2.52094 28.6937
      vertex -8.30386 2.22501 29.4943
    endloop
  endfacet
  facet normal -0.560332 0.124228 0.818899
    outer loop
      vertex -8.30386 2.22501 29.4943
      vertex -9.40829 2.52094 28.6937
      vertex -8.46619 1.49282 29.4943
    endloop
  endfacet
  facet normal -0.569028 0.0749136 0.818899
    outer loop
      vertex -9.59221 1.69136 28.6937
      vertex -9.70312 0.848912 28.6937
      vertex -8.56408 0.749259 29.4943
    endloop
  endfacet
  facet normal -0.569028 0.0749127 0.818899
    outer loop
      vertex -8.46619 1.49282 29.4943
      vertex -9.59221 1.69136 28.6937
      vertex -8.56408 0.749259 29.4943
    endloop
  endfacet
  facet normal -0.748184 0.165839 0.642431
    outer loop
      vertex -11.3945 3.05314 26.8094
      vertex -12.2611 3.28536 25.7402
      vertex -11.6172 2.04843 26.8094
    endloop
  endfacet
  facet normal -0.748155 0.165875 0.642455
    outer loop
      vertex -12.2611 3.28536 25.7402
      vertex -12.5008 2.20423 25.7402
      vertex -11.6172 2.04843 26.8094
    endloop
  endfacet
  facet normal -0.653604 0.270768 0.706743
    outer loop
      vertex -9.79668 4.56827 27.7964
      vertex -11.085 4.03462 26.8094
      vertex -10.1576 3.69705 27.7964
    endloop
  endfacet
  facet normal -0.674742 0.212695 0.706742
    outer loop
      vertex -10.1576 3.69705 27.7964
      vertex -11.085 4.03462 26.8094
      vertex -10.4411 2.79769 27.7964
    endloop
  endfacet
  facet normal -0.757017 0.313565 0.573238
    outer loop
      vertex -12.23 5.70292 24.5968
      vertex -12.6805 4.61531 24.5968
      vertex -11.9281 4.34149 25.7402
    endloop
  endfacet
  facet normal -0.781464 0.246396 0.573239
    outer loop
      vertex -12.6805 4.61531 24.5968
      vertex -13.0345 3.49257 24.5968
      vertex -11.9281 4.34149 25.7402
    endloop
  endfacet
  facet normal -0.477944 0.521583 0.706768
    outer loop
      vertex -6.94818 8.28051 27.7964
      vertex -8.34134 8.34134 26.8094
      vertex -7.64343 7.64343 27.7964
    endloop
  endfacet
  facet normal -0.646323 0.411739 0.642446
    outer loop
      vertex -9.66308 6.76616 26.8094
      vertex -10.993 6.34683 25.7402
      vertex -10.216 5.89822 26.8094
    endloop
  endfacet
  facet normal -0.564998 0.51772 0.642451
    outer loop
      vertex -8.97577 8.97577 25.7402
      vertex -9.7239 8.15932 25.7402
      vertex -9.03659 7.5826 26.8094
    endloop
  endfacet
  facet normal -0.607986 0.466505 0.642437
    outer loop
      vertex -9.7239 8.15932 25.7402
      vertex -10.398 7.28078 25.7402
      vertex -9.66308 6.76616 26.8094
    endloop
  endfacet
  facet normal -0.396957 0.304594 0.865822
    outer loop
      vertex -6.58553 5.52591 29.4943
      vertex -7.04208 4.93092 29.4943
      vertex -6.05188 4.23757 30.1922
    endloop
  endfacet
  facet normal -0.484054 0.308377 0.818899
    outer loop
      vertex -7.04208 4.93092 29.4943
      vertex -8.43525 4.87009 28.6937
      vertex -7.44504 4.2984 29.4943
    endloop
  endfacet
  facet normal -0.258759 0.0112909 0.965876
    outer loop
      vertex -3.44986 0.301823 31.6207
      vertex -4.81129 0 31.2595
      vertex -3.46303 0 31.6207
    endloop
  endfacet
  facet normal -0.258759 -0.0112909 0.965876
    outer loop
      vertex -3.46303 0 31.6207
      vertex -4.81129 0 31.2595
      vertex -3.44986 -0.301823 31.6207
    endloop
  endfacet
  facet normal -0.339379 0.0446752 0.939588
    outer loop
      vertex -4.7382 0.835472 31.2595
      vertex -6.09964 0.533648 30.7821
      vertex -4.79298 0.419332 31.2595
    endloop
  endfacet
  facet normal -0.341981 0.0149325 0.939588
    outer loop
      vertex -4.79298 0.419332 31.2595
      vertex -6.09964 0.533648 30.7821
      vertex -4.81129 0 31.2595
    endloop
  endfacet
  facet normal -0.239287 0.0991234 0.965876
    outer loop
      vertex -3.13857 1.46354 31.6207
      vertex -4.36051 2.03334 31.2595
      vertex -3.25419 1.18443 31.6207
    endloop
  endfacet
  facet normal -0.0692367 -0.0531274 0.996185
    outer loop
      vertex -0.571694 -0.400305 31.9848
      vertex -1.71073 -1.19787 31.8631
      vertex -1.59982 -1.34241 31.8631
    endloop
  endfacet
  facet normal 0.0112909 0.258759 0.965876
    outer loop
      vertex 0 4.81129 31.2595
      vertex 0 3.46303 31.6207
      vertex 0.301823 3.44986 31.6207
    endloop
  endfacet
  facet normal -0.0112909 0.258759 0.965876
    outer loop
      vertex 0 4.81129 31.2595
      vertex -0.301823 3.44986 31.6207
      vertex 0 3.46303 31.6207
    endloop
  endfacet
  facet normal -0.271574 0.208381 0.939587
    outer loop
      vertex -4.69044 3.93575 30.7821
      vertex -5.01561 3.51197 30.7821
      vertex -3.94118 2.75964 31.2595
    endloop
  endfacet
  facet normal -0.0933926 0.1466 0.984777
    outer loop
      vertex -1.04421 1.80862 31.8631
      vertex -1.73152 2.99907 31.6207
      vertex -1.19787 1.71073 31.8631
    endloop
  endfacet
  facet normal -0.102929 0.326467 0.939588
    outer loop
      vertex -1.58473 5.9143 30.7821
      vertex -1.64556 4.52114 31.2595
      vertex -1.24525 4.64735 31.2595
    endloop
  endfacet
  facet normal -0.334196 0.0740884 0.939587
    outer loop
      vertex -5.9143 1.58473 30.7821
      vertex -6.02991 1.06324 30.7821
      vertex -4.7382 0.835472 31.2595
    endloop
  endfacet
  facet normal -0.334193 0.0740925 0.939588
    outer loop
      vertex -4.64735 1.24525 31.2595
      vertex -5.9143 1.58473 30.7821
      vertex -4.7382 0.835472 31.2595
    endloop
  endfacet
  facet normal -0.137905 0.105812 0.984777
    outer loop
      vertex -2.65284 2.226 31.6207
      vertex -2.83675 1.98631 31.6207
      vertex -1.71073 1.19787 31.8631
    endloop
  endfacet
  facet normal -0.375163 0.19529 0.906154
    outer loop
      vertex -5.30262 3.06147 30.7821
      vertex -6.69578 3.12229 30.1922
      vertex -5.54926 2.58766 30.7821
    endloop
  endfacet
  facet normal -0.335548 0.257477 0.906153
    outer loop
      vertex -5.65952 4.7489 30.1922
      vertex -6.05188 4.23757 30.1922
      vertex -4.69044 3.93575 30.7821
    endloop
  endfacet
  facet normal -0.396954 0.304596 0.865823
    outer loop
      vertex -5.65952 4.7489 30.1922
      vertex -6.58553 5.52591 29.4943
      vertex -6.05188 4.23757 30.1922
    endloop
  endfacet
  facet normal -0.606429 0.790352 0.0871016
    outer loop
      vertex -9.16849 13.094 16.6979
      vertex -10.1966 12.1519 18.0884
      vertex -9.09871 12.9943 18.0884
    endloop
  endfacet
  facet normal -0.652633 0.712176 0.258601
    outer loop
      vertex -10.0408 11.9662 19.463
      vertex -11.0455 11.0455 19.463
      vertex -9.8086 11.6894 20.8113
    endloop
  endfacet
  facet normal -0.793319 0.608806 0
    outer loop
      vertex -13.094 9.16849 16
      vertex -12.245 10.2748 16.6979
      vertex -12.245 10.2748 16
    endloop
  endfacet
  facet normal -0.793319 0.608806 0
    outer loop
      vertex -12.245 10.2748 16.6979
      vertex -13.094 9.16849 16
      vertex -13.094 9.16849 16.6979
    endloop
  endfacet
  facet normal -0.673033 0.734471 0.0870517
    outer loop
      vertex -10.2748 12.245 16.6979
      vertex -11.3029 11.3029 16.6979
      vertex -11.2169 11.2169 18.0884
    endloop
  endfacet
  facet normal -0.692889 0.634901 0.341767
    outer loop
      vertex -10.7901 10.7901 20.8113
      vertex -11.3237 9.50173 22.1229
      vertex -10.4525 10.4525 22.1229
    endloop
  endfacet
  facet normal -0.58522 0.638656 0.499637
    outer loop
      vertex -9.12255 10.8718 23.388
      vertex -9.54188 9.54188 24.5968
      vertex -8.67394 10.3372 24.5968
    endloop
  endfacet
  facet normal -0.668324 0.612392 0.422277
    outer loop
      vertex -10.4525 10.4525 22.1229
      vertex -11.3237 9.50173 22.1229
      vertex -10.8718 9.12255 23.388
    endloop
  endfacet
  facet normal -0.646321 0.411758 0.642436
    outer loop
      vertex -10.398 7.28078 25.7402
      vertex -10.993 6.34683 25.7402
      vertex -9.66308 6.76616 26.8094
    endloop
  endfacet
  facet normal -0.487043 0.764487 0.422313
    outer loop
      vertex -7.39104 12.8017 22.1229
      vertex -8.47865 12.1088 22.1229
      vertex -8.1403 11.6255 23.388
    endloop
  endfacet
  facet normal -0.57214 0.745567 0.34174
    outer loop
      vertex -8.47865 12.1088 22.1229
      vertex -9.8086 11.6894 20.8113
      vertex -9.50173 11.3237 22.1229
    endloop
  endfacet
  facet normal -0.196187 0.884984 0.422273
    outer loop
      vertex -2.56688 14.5575 22.1229
      vertex -3.82588 14.2784 22.1229
      vertex -3.6732 13.7086 23.388
    endloop
  endfacet
  facet normal -0.433961 0.833611 0.341718
    outer loop
      vertex -6.44893 13.8298 20.8113
      vertex -7.62973 13.2151 20.8113
      vertex -7.39104 12.8017 22.1229
    endloop
  endfacet
  facet normal -0.187489 0.845704 0.499632
    outer loop
      vertex -2.34325 13.2893 24.5968
      vertex -3.6732 13.7086 23.388
      vertex -3.49257 13.0345 24.5968
    endloop
  endfacet
  facet normal -0.260484 0.826145 0.499632
    outer loop
      vertex -3.6732 13.7086 23.388
      vertex -4.61531 12.6805 24.5968
      vertex -3.49257 13.0345 24.5968
    endloop
  endfacet
  facet normal -0.331492 0.800297 0.499638
    outer loop
      vertex -4.85401 13.3363 23.388
      vertex -5.70292 12.23 24.5968
      vertex -4.61531 12.6805 24.5968
    endloop
  endfacet
  facet normal -0.399984 0.768359 0.499638
    outer loop
      vertex -5.99787 12.8625 23.388
      vertex -7.09609 12.2908 23.388
      vertex -5.70292 12.23 24.5968
    endloop
  endfacet
  facet normal -0.487075 0.764481 0.422288
    outer loop
      vertex -7.39104 12.8017 22.1229
      vertex -8.1403 11.6255 23.388
      vertex -7.09609 12.2908 23.388
    endloop
  endfacet
  facet normal -0.527356 0.687211 0.499636
    outer loop
      vertex -7.73999 11.0539 24.5968
      vertex -9.12255 10.8718 23.388
      vertex -8.67394 10.3372 24.5968
    endloop
  endfacet
  facet normal -0.440251 0.691079 0.573226
    outer loop
      vertex -6.74713 11.6864 24.5968
      vertex -7.73999 11.0539 24.5968
      vertex -6.34683 10.993 25.7402
    endloop
  endfacet
  facet normal -0.49885 0.650065 0.573205
    outer loop
      vertex -7.73999 11.0539 24.5968
      vertex -8.67394 10.3372 24.5968
      vertex -8.15932 9.7239 25.7402
    endloop
  endfacet
  facet normal -0.368896 0.338034 0.865822
    outer loop
      vertex -6.07885 6.07885 29.4943
      vertex -6.58553 5.52591 29.4943
      vertex -5.65952 4.7489 30.1922
    endloop
  endfacet
  facet normal -0.368899 0.338033 0.865822
    outer loop
      vertex -5.22409 5.22409 30.1922
      vertex -6.07885 6.07885 29.4943
      vertex -5.65952 4.7489 30.1922
    endloop
  endfacet
  facet normal -0.455337 0.349391 0.818898
    outer loop
      vertex -6.58553 5.52591 29.4943
      vertex -7.46141 6.26087 28.6937
      vertex -7.04208 4.93092 29.4943
    endloop
  endfacet
  facet normal -0.423153 0.387746 0.818898
    outer loop
      vertex -6.88735 6.88735 28.6937
      vertex -7.46141 6.26087 28.6937
      vertex -6.58553 5.52591 29.4943
    endloop
  endfacet
  facet normal -0.326664 0.627514 0.706765
    outer loop
      vertex -4.56827 9.79668 27.7964
      vertex -5.89822 10.216 26.8094
      vertex -5.40472 9.36125 27.7964
    endloop
  endfacet
  facet normal -0.430666 0.561253 0.706769
    outer loop
      vertex -6.76616 9.66308 26.8094
      vertex -6.94818 8.28051 27.7964
      vertex -6.20004 8.85458 27.7964
    endloop
  endfacet
  facet normal -0.391545 0.51027 0.765714
    outer loop
      vertex -6.20004 8.85458 27.7964
      vertex -6.94818 8.28051 27.7964
      vertex -6.26087 7.46141 28.6937
    endloop
  endfacet
  facet normal -0.434526 0.474204 0.765714
    outer loop
      vertex -6.26087 7.46141 28.6937
      vertex -6.94818 8.28051 27.7964
      vertex -6.88735 6.88735 28.6937
    endloop
  endfacet
  facet normal -0.304564 0.396972 0.865826
    outer loop
      vertex -4.93092 7.04208 29.4943
      vertex -4.8523 6.42452 29.8051
      vertex -4.7208 6.74199 29.7058
    endloop
  endfacet
  facet normal -0.304599 0.396963 0.865817
    outer loop
      vertex -5.52591 6.58553 29.4943
      vertex -4.8523 6.42452 29.8051
      vertex -4.93092 7.04208 29.4943
    endloop
  endfacet
  facet normal -0.304667 0.396788 0.865874
    outer loop
      vertex -4.8523 6.42452 29.8051
      vertex -5.52591 6.58553 29.4943
      vertex -4.86703 6.31261 29.8512
    endloop
  endfacet
  facet normal -0.268899 0.421967 0.865816
    outer loop
      vertex -4.2984 7.44504 29.4943
      vertex -4.48995 7.05213 29.6263
      vertex -4.28801 7.20708 29.6135
    endloop
  endfacet
  facet normal -0.268803 0.421936 0.865861
    outer loop
      vertex -4.93092 7.04208 29.4943
      vertex -4.48995 7.05213 29.6263
      vertex -4.2984 7.44504 29.4943
    endloop
  endfacet
  facet normal -0.266564 0.423539 0.86577
    outer loop
      vertex -4.71243 6.76218 29.6985
      vertex -4.93092 7.04208 29.4943
      vertex -4.7208 6.74199 29.7058
    endloop
  endfacet
  facet normal -0.26881 0.421873 0.865889
    outer loop
      vertex -4.48995 7.05213 29.6263
      vertex -4.93092 7.04208 29.4943
      vertex -4.71243 6.76218 29.6985
    endloop
  endfacet
  facet normal -0.308379 0.484054 0.818899
    outer loop
      vertex -4.87009 8.43525 28.6937
      vertex -5.58674 7.97869 28.6937
      vertex -4.93092 7.04208 29.4943
    endloop
  endfacet
  facet normal -0.308377 0.484054 0.818899
    outer loop
      vertex -4.87009 8.43525 28.6937
      vertex -4.93092 7.04208 29.4943
      vertex -4.2984 7.44504 29.4943
    endloop
  endfacet
  facet normal -0.726821 0.378372 0.573206
    outer loop
      vertex -11.6864 6.74713 24.5968
      vertex -12.23 5.70292 24.5968
      vertex -11.5044 5.36457 25.7402
    endloop
  endfacet
  facet normal -0.726792 0.378394 0.573228
    outer loop
      vertex -10.993 6.34683 25.7402
      vertex -11.6864 6.74713 24.5968
      vertex -11.5044 5.36457 25.7402
    endloop
  endfacet
  facet normal -0.81469 0.519041 0.258604
    outer loop
      vertex -12.4998 8.75247 20.8113
      vertex -13.528 7.81037 19.463
      vertex -13.2151 7.62973 20.8113
    endloop
  endfacet
  facet normal -0.79261 0.504974 0.341718
    outer loop
      vertex -12.4998 8.75247 20.8113
      vertex -13.2151 7.62973 20.8113
      vertex -12.8017 7.39104 22.1229
    endloop
  endfacet
  facet normal -0.230828 0.443677 0.86595
    outer loop
      vertex -3.63316 7.79134 29.4943
      vertex -3.86235 7.41447 29.6263
      vertex -3.64839 7.44264 29.6689
    endloop
  endfacet
  facet normal -0.231002 0.443754 0.865864
    outer loop
      vertex -4.2984 7.44504 29.4943
      vertex -3.86235 7.41447 29.6263
      vertex -3.63316 7.79134 29.4943
    endloop
  endfacet
  facet normal -0.231 0.443767 0.865858
    outer loop
      vertex -3.86235 7.41447 29.6263
      vertex -4.2984 7.44504 29.4943
      vertex -4.2 7.27461 29.6079
    endloop
  endfacet
  facet normal -0.083953 0.637688 0.765706
    outer loop
      vertex -0.848912 9.70312 28.6937
      vertex -1.87704 10.6452 27.7964
      vertex -1.69136 9.59221 28.6937
    endloop
  endfacet
  facet normal -0.193404 0.61342 0.765709
    outer loop
      vertex -2.79769 10.4411 27.7964
      vertex -3.33134 9.15278 28.6937
      vertex -2.52094 9.40829 28.6937
    endloop
  endfacet
  facet normal -0.0740884 0.334196 0.939587
    outer loop
      vertex -1.06324 6.02991 30.7821
      vertex -1.58473 5.9143 30.7821
      vertex -0.835472 4.7382 31.2595
    endloop
  endfacet
  facet normal -0.0552119 0.419328 0.906154
    outer loop
      vertex -0.533648 6.09964 30.7821
      vertex -1.28291 7.27574 30.1922
      vertex -1.06324 6.02991 30.7821
    endloop
  endfacet
  facet normal 0.0653038 0.49607 0.865823
    outer loop
      vertex 0.749259 8.56408 29.4943
      vertex 0.643905 7.35986 30.1922
      vertex 1.28291 7.27574 30.1922
    endloop
  endfacet
  facet normal 0.02183 0.499874 0.865823
    outer loop
      vertex 0.749259 8.56408 29.4943
      vertex 0 7.38798 30.1922
      vertex 0.643905 7.35986 30.1922
    endloop
  endfacet
  facet normal 0.0915415 0.412923 0.906154
    outer loop
      vertex 1.28291 7.27574 30.1922
      vertex 1.06324 6.02991 30.7821
      vertex 1.58473 5.9143 30.7821
    endloop
  endfacet
  facet normal 0.0552119 0.419328 0.906154
    outer loop
      vertex 1.28291 7.27574 30.1922
      vertex 0.533648 6.09964 30.7821
      vertex 1.06324 6.02991 30.7821
    endloop
  endfacet
  facet normal 0.0915433 0.412923 0.906154
    outer loop
      vertex 1.91215 7.13624 30.1922
      vertex 1.28291 7.27574 30.1922
      vertex 1.58473 5.9143 30.7821
    endloop
  endfacet
  facet normal 0.127179 0.403376 0.906153
    outer loop
      vertex 2.52684 6.94243 30.1922
      vertex 1.58473 5.9143 30.7821
      vertex 2.09417 5.75368 30.7821
    endloop
  endfacet
  facet normal 0.065308 0.496072 0.865822
    outer loop
      vertex 1.49282 8.46619 29.4943
      vertex 0.749259 8.56408 29.4943
      vertex 1.28291 7.27574 30.1922
    endloop
  endfacet
  facet normal 0.108301 0.488491 0.865822
    outer loop
      vertex 1.49282 8.46619 29.4943
      vertex 1.28291 7.27574 30.1922
      vertex 2.22501 8.30386 29.4943
    endloop
  endfacet
  facet normal -0.160591 0.0665174 0.984777
    outer loop
      vertex -1.89275 0.882604 31.8631
      vertex -3.13857 1.46354 31.6207
      vertex -1.96247 0.714281 31.8631
    endloop
  endfacet
  facet normal -0.0774098 0.0402985 0.996185
    outer loop
      vertex -1.80862 1.04421 31.8631
      vertex -1.89275 0.882604 31.8631
      vertex -0.632521 0.29495 31.9848
    endloop
  endfacet
  facet normal -0.0736042 -0.04689 0.996185
    outer loop
      vertex -0.571694 -0.400305 31.9848
      vertex -1.80862 -1.04421 31.8631
      vertex -1.71073 -1.19787 31.8631
    endloop
  endfacet
  facet normal -0.0806283 0.0333965 0.996185
    outer loop
      vertex -1.89275 0.882604 31.8631
      vertex -1.96247 0.714281 31.8631
      vertex -0.655821 0.238699 31.9848
    endloop
  endfacet
  facet normal -0.0262423 -0.0832319 0.996185
    outer loop
      vertex -0.238699 -0.655821 31.9848
      vertex -0.540523 -2.01726 31.8631
      vertex -0.180632 -0.674129 31.9848
    endloop
  endfacet
  facet normal -0.0871879 0.00380565 0.996185
    outer loop
      vertex -0.695254 0.0608263 31.9848
      vertex -2.08842 0 31.8631
      vertex -0.697909 0 31.9848
    endloop
  endfacet
  facet normal -0.0589565 0.0643453 0.996185
    outer loop
      vertex -1.34241 1.59982 31.8631
      vertex -1.47674 1.47674 31.8631
      vertex -0.493497 0.493497 31.9848
    endloop
  endfacet
  facet normal -0.0643437 0.0589586 0.996185
    outer loop
      vertex -0.493497 0.493497 31.9848
      vertex -1.59982 1.34241 31.8631
      vertex -0.53463 0.448607 31.9848
    endloop
  endfacet
  facet normal -0.130513 0.991447 0
    outer loop
      vertex -1.39316 15.9239 16
      vertex -2.77573 15.7419 16.6979
      vertex -1.39316 15.9239 16.6979
    endloop
  endfacet
  facet normal -0.130513 0.991447 0
    outer loop
      vertex -2.77573 15.7419 16.6979
      vertex -1.39316 15.9239 16
      vertex -2.77573 15.7419 16
    endloop
  endfacet
  facet normal -0.216425 0.976299 0
    outer loop
      vertex -2.77573 15.7419 16
      vertex -4.13716 15.4401 16.6979
      vertex -2.77573 15.7419 16.6979
    endloop
  endfacet
  facet normal -0.216425 0.976299 0
    outer loop
      vertex -4.13716 15.4401 16.6979
      vertex -2.77573 15.7419 16
      vertex -4.13716 15.4401 16
    endloop
  endfacet
  facet normal -0.299543 0.950102 0.0870605
    outer loop
      vertex -4.13716 15.4401 16.6979
      vertex -5.46711 15.0208 16.6979
      vertex -5.42551 14.9065 18.0884
    endloop
  endfacet
  facet normal -0.296155 0.939247 0.173514
    outer loop
      vertex -4.04294 15.0885 19.463
      vertex -5.42551 14.9065 18.0884
      vertex -5.34261 14.6787 19.463
    endloop
  endfacet
  facet normal -0.290488 0.921274 0.258596
    outer loop
      vertex -4.04294 15.0885 19.463
      vertex -5.34261 14.6787 19.463
      vertex -5.21905 14.3392 20.8113
    endloop
  endfacet
  facet normal -0.459996 0.883645 0.0870369
    outer loop
      vertex -6.75546 14.4871 16.6979
      vertex -7.99238 13.8432 16.6979
      vertex -7.93156 13.7379 18.0884
    endloop
  endfacet
  facet normal -0.535228 0.840212 0.0870384
    outer loop
      vertex -7.99238 13.8432 16.6979
      vertex -9.16849 13.094 16.6979
      vertex -7.93156 13.7379 18.0884
    endloop
  endfacet
  facet normal -0.665368 0.726073 0.1735
    outer loop
      vertex -10.0408 11.9662 19.463
      vertex -11.2169 11.2169 18.0884
      vertex -11.0455 11.0455 19.463
    endloop
  endfacet
  facet normal -0.673053 0.734456 0.0870267
    outer loop
      vertex -10.2748 12.245 16.6979
      vertex -11.2169 11.2169 18.0884
      vertex -10.1966 12.1519 18.0884
    endloop
  endfacet
  facet normal -0.726073 -0.665368 0.1735
    outer loop
      vertex -11.0455 -11.0455 19.463
      vertex -11.9662 -10.0408 19.463
      vertex -11.2169 -11.2169 18.0884
    endloop
  endfacet
  facet normal -0.665368 -0.726073 0.1735
    outer loop
      vertex -11.0455 -11.0455 19.463
      vertex -11.2169 -11.2169 18.0884
      vertex -10.0408 -11.9662 19.463
    endloop
  endfacet
  facet normal -0.814697 -0.519021 0.258623
    outer loop
      vertex -12.4998 -8.75247 20.8113
      vertex -13.528 -7.81037 19.463
      vertex -12.7958 -8.95969 19.463
    endloop
  endfacet
  facet normal -0.830606 -0.529156 0.17346
    outer loop
      vertex -12.7958 -8.95969 19.463
      vertex -13.528 -7.81037 19.463
      vertex -12.9943 -9.09871 18.0884
    endloop
  endfacet
  facet normal -0.128594 -0.976404 0.173491
    outer loop
      vertex -2.71251 -15.3834 19.463
      vertex -2.7546 -15.6221 18.0884
      vertex -1.38256 -15.8028 18.0884
    endloop
  endfacet
  facet normal -0.0421598 -0.965067 0.258589
    outer loop
      vertex -1.32995 -15.2014 20.8113
      vertex -1.36144 -15.5613 19.463
      vertex 0 -15.2595 20.8113
    endloop
  endfacet
  facet normal -0.126116 -0.957717 0.258597
    outer loop
      vertex -2.64978 -15.0276 20.8113
      vertex -2.71251 -15.3834 19.463
      vertex -1.32995 -15.2014 20.8113
    endloop
  endfacet
  facet normal -0.196215 -0.884988 0.422251
    outer loop
      vertex -2.46444 -13.9766 23.388
      vertex -3.6732 -13.7086 23.388
      vertex -2.56688 -14.5575 22.1229
    endloop
  endfacet
  facet normal -0.233548 -0.442612 0.865766
    outer loop
      vertex -3.5 -7.46218 29.6985
      vertex -3.63316 -7.79134 29.4943
      vertex -3.47834 -7.45933 29.7058
    endloop
  endfacet
  facet normal -0.231141 -0.443655 0.865878
    outer loop
      vertex -3.63316 -7.79134 29.4943
      vertex -3.5 -7.46218 29.6985
      vertex -3.64839 -7.44264 29.6689
    endloop
  endfacet
  facet normal -0.349391 -0.455337 0.818898
    outer loop
      vertex -5.52591 -6.58553 29.4943
      vertex -6.26087 -7.46141 28.6937
      vertex -4.93092 -7.04208 29.4943
    endloop
  endfacet
  facet normal -0.311832 -0.28574 0.906153
    outer loop
      vertex -4.69044 -3.93575 30.7821
      vertex -5.65952 -4.7489 30.1922
      vertex -5.22409 -5.22409 30.1922
    endloop
  endfacet
  facet normal -0.335548 -0.257477 0.906153
    outer loop
      vertex -4.69044 -3.93575 30.7821
      vertex -6.05188 -4.23757 30.1922
      vertex -5.65952 -4.7489 30.1922
    endloop
  endfacet
  facet normal -0.387748 -0.42315 0.818899
    outer loop
      vertex -6.07885 -6.07885 29.4943
      vertex -6.88735 -6.88735 28.6937
      vertex -5.52591 -6.58553 29.4943
    endloop
  endfacet
  facet normal -0.338184 -0.368482 0.86594
    outer loop
      vertex -6.07885 -6.07885 29.4943
      vertex -4.86524 -5.79817 30.0877
      vertex -4.8523 -5.69983 30.1346
    endloop
  endfacet
  facet normal -0.338702 -0.367307 0.866237
    outer loop
      vertex -6.07885 -6.07885 29.4943
      vertex -4.8523 -5.69983 30.1346
      vertex -4.84862 -5.69096 30.1398
    endloop
  endfacet
  facet normal -0.338032 -0.368894 0.865824
    outer loop
      vertex -4.86524 -5.79817 30.0877
      vertex -6.07885 -6.07885 29.4943
      vertex -5.52591 -6.58553 29.4943
    endloop
  endfacet
  facet normal -0.440251 -0.691079 0.573226
    outer loop
      vertex -6.34683 -10.993 25.7402
      vertex -7.73999 -11.0539 24.5968
      vertex -6.74713 -11.6864 24.5968
    endloop
  endfacet
  facet normal -0.399984 -0.768359 0.499638
    outer loop
      vertex -5.70292 -12.23 24.5968
      vertex -7.09609 -12.2908 23.388
      vertex -5.99787 -12.8625 23.388
    endloop
  endfacet
  facet normal -0.440262 -0.691063 0.573238
    outer loop
      vertex -7.28078 -10.398 25.7402
      vertex -7.73999 -11.0539 24.5968
      vertex -6.34683 -10.993 25.7402
    endloop
  endfacet
  facet normal -0.411758 -0.646321 0.642436
    outer loop
      vertex -6.76616 -9.66308 26.8094
      vertex -7.28078 -10.398 25.7402
      vertex -6.34683 -10.993 25.7402
    endloop
  endfacet
  facet normal -0.326664 -0.627514 0.706765
    outer loop
      vertex -5.40472 -9.36125 27.7964
      vertex -5.89822 -10.216 26.8094
      vertex -4.56827 -9.79668 27.7964
    endloop
  endfacet
  facet normal -0.265014 -0.50909 0.818898
    outer loop
      vertex -3.63316 -7.79134 29.4943
      vertex -4.2984 -7.44504 29.4943
      vertex -4.11638 -8.8276 28.6937
    endloop
  endfacet
  facet normal -0.837476 -0.346892 0.422255
    outer loop
      vertex -13.3363 -4.85401 23.388
      vertex -13.3971 -6.24717 22.1229
      vertex -12.8625 -5.99787 23.388
    endloop
  endfacet
  facet normal -0.804054 -0.418566 0.422256
    outer loop
      vertex -12.8625 -5.99787 23.388
      vertex -13.3971 -6.24717 22.1229
      vertex -12.2908 -7.09609 23.388
    endloop
  endfacet
  facet normal -0.8963 -0.282615 0.341723
    outer loop
      vertex -14.2784 -3.82588 22.1229
      vertex -14.7395 -3.94944 20.8113
      vertex -13.8906 -5.05577 22.1229
    endloop
  endfacet
  facet normal -0.8963 -0.282598 0.341737
    outer loop
      vertex -13.8906 -5.05577 22.1229
      vertex -14.7395 -3.94944 20.8113
      vertex -14.3392 -5.21905 20.8113
    endloop
  endfacet
  facet normal -0.638656 -0.58522 0.499637
    outer loop
      vertex -10.3372 -8.67394 24.5968
      vertex -10.8718 -9.12255 23.388
      vertex -9.54188 -9.54188 24.5968
    endloop
  endfacet
  facet normal -0.604136 -0.553588 0.573202
    outer loop
      vertex -8.97577 -8.97577 25.7402
      vertex -10.3372 -8.67394 24.5968
      vertex -9.54188 -9.54188 24.5968
    endloop
  endfacet
  facet normal -0.792619 -0.504966 0.341708
    outer loop
      vertex -12.1088 -8.47865 22.1229
      vertex -12.8017 -7.39104 22.1229
      vertex -12.4998 -8.75247 20.8113
    endloop
  endfacet
  facet normal -0.745597 -0.572119 0.341709
    outer loop
      vertex -12.1088 -8.47865 22.1229
      vertex -12.4998 -8.75247 20.8113
      vertex -11.6894 -9.8086 20.8113
    endloop
  endfacet
  facet normal -0.634885 -0.692917 0.341741
    outer loop
      vertex -9.50173 -11.3237 22.1229
      vertex -10.7901 -10.7901 20.8113
      vertex -9.8086 -11.6894 20.8113
    endloop
  endfacet
  facet normal -0.57214 -0.745567 0.34174
    outer loop
      vertex -9.50173 -11.3237 22.1229
      vertex -9.8086 -11.6894 20.8113
      vertex -8.47865 -12.1088 22.1229
    endloop
  endfacet
  facet normal -0.826145 -0.260484 0.499632
    outer loop
      vertex -13.0345 -3.49257 24.5968
      vertex -13.7086 -3.6732 23.388
      vertex -12.6805 -4.61531 24.5968
    endloop
  endfacet
  facet normal -0.799971 -0.177351 0.573231
    outer loop
      vertex -12.5008 -2.20423 25.7402
      vertex -13.2893 -2.34325 24.5968
      vertex -13.0345 -3.49257 24.5968
    endloop
  endfacet
  facet normal -0.800297 -0.331492 0.499638
    outer loop
      vertex -12.6805 -4.61531 24.5968
      vertex -13.3363 -4.85401 23.388
      vertex -12.23 -5.70292 24.5968
    endloop
  endfacet
  facet normal -0.730866 -0.230471 0.642432
    outer loop
      vertex -11.3945 -3.05314 26.8094
      vertex -12.2611 -3.28536 25.7402
      vertex -11.085 -4.03462 26.8094
    endloop
  endfacet
  facet normal -0.858809 -0.113022 0.499673
    outer loop
      vertex -13.4429 -1.1761 24.5968
      vertex -14.1382 -1.23693 23.388
      vertex -13.2893 -2.34325 24.5968
    endloop
  endfacet
  facet normal -0.858821 -0.113063 0.499644
    outer loop
      vertex -13.2893 -2.34325 24.5968
      vertex -14.1382 -1.23693 23.388
      vertex -13.9766 -2.46444 23.388
    endloop
  endfacet
  facet normal -0.564998 -0.51772 0.642451
    outer loop
      vertex -8.34134 -8.34134 26.8094
      vertex -9.03659 -7.5826 26.8094
      vertex -8.97577 -8.97577 25.7402
    endloop
  endfacet
  facet normal -0.477942 -0.521588 0.706766
    outer loop
      vertex -6.94818 -8.28051 27.7964
      vertex -8.34134 -8.34134 26.8094
      vertex -7.5826 -9.03659 26.8094
    endloop
  endfacet
  facet normal -0.391545 -0.51027 0.765714
    outer loop
      vertex -6.26087 -7.46141 28.6937
      vertex -6.94818 -8.28051 27.7964
      vertex -6.20004 -8.85458 27.7964
    endloop
  endfacet
  facet normal -0.430666 -0.561253 0.706769
    outer loop
      vertex -6.20004 -8.85458 27.7964
      vertex -6.94818 -8.28051 27.7964
      vertex -6.76616 -9.66308 26.8094
    endloop
  endfacet
  facet normal -0.646323 -0.411739 0.642446
    outer loop
      vertex -10.216 -5.89822 26.8094
      vertex -10.993 -6.34683 25.7402
      vertex -9.66308 -6.76616 26.8094
    endloop
  endfacet
  facet normal -0.596658 -0.380109 0.706765
    outer loop
      vertex -9.36125 -5.40472 27.7964
      vertex -10.216 -5.89822 26.8094
      vertex -8.85458 -6.20004 27.7964
    endloop
  endfacet
  facet normal -0.0643453 0.0589565 0.996185
    outer loop
      vertex -1.47674 1.47674 31.8631
      vertex -1.59982 1.34241 31.8631
      vertex -0.493497 0.493497 31.9848
    endloop
  endfacet
  facet normal -0.0736042 0.04689 0.996185
    outer loop
      vertex -1.71073 1.19787 31.8631
      vertex -1.80862 1.04421 31.8631
      vertex -0.571694 0.400305 31.9848
    endloop
  endfacet
  facet normal 0.0262448 0.0832313 0.996185
    outer loop
      vertex 0.540523 2.01726 31.8631
      vertex 0.238699 0.655821 31.9848
      vertex 0.714281 1.96247 31.8631
    endloop
  endfacet
  facet normal 0.0522649 -0.165777 0.984777
    outer loop
      vertex 1.18443 -3.25419 31.6207
      vertex 0.714281 -1.96247 31.8631
      vertex 0.896298 -3.34503 31.6207
    endloop
  endfacet
  facet normal 0.239287 -0.0991234 0.965876
    outer loop
      vertex 3.25419 -1.18443 31.6207
      vertex 3.13857 -1.46354 31.6207
      vertex 4.36051 -2.03334 31.2595
    endloop
  endfacet
  facet normal 0.0665227 -0.160588 0.984777
    outer loop
      vertex 1.46354 -3.13857 31.6207
      vertex 0.714281 -1.96247 31.8631
      vertex 1.18443 -3.25419 31.6207
    endloop
  endfacet
  facet normal 0.0226919 -0.172333 0.984777
    outer loop
      vertex 0.601349 -3.41042 31.6207
      vertex 0.182017 -2.08047 31.8631
      vertex 0.301823 -3.44986 31.6207
    endloop
  endfacet
  facet normal 0.0338125 -0.256788 0.965876
    outer loop
      vertex 0.601349 -3.41042 31.6207
      vertex 0.301823 -3.44986 31.6207
      vertex 0.835472 -4.7382 31.2595
    endloop
  endfacet
  facet normal 0.0802641 -0.15418 0.984777
    outer loop
      vertex 1.04421 -1.80862 31.8631
      vertex 0.882604 -1.89275 31.8631
      vertex 1.73152 -2.99907 31.6207
    endloop
  endfacet
  facet normal 0.119594 -0.229741 0.965876
    outer loop
      vertex 1.73152 -2.99907 31.6207
      vertex 1.46354 -3.13857 31.6207
      vertex 2.03334 -4.36051 31.2595
    endloop
  endfacet
  facet normal 0.169703 0.0376188 0.984777
    outer loop
      vertex 3.34503 0.896298 31.6207
      vertex 2.01726 0.540523 31.8631
      vertex 2.05669 0.36265 31.8631
    endloop
  endfacet
  facet normal 0.172333 -0.0226919 0.984777
    outer loop
      vertex 3.44986 -0.301823 31.6207
      vertex 2.08047 -0.182017 31.8631
      vertex 3.41042 -0.601349 31.6207
    endloop
  endfacet
  facet normal 0.252865 0.0560601 0.965876
    outer loop
      vertex 4.7382 0.835472 31.2595
      vertex 3.34503 0.896298 31.6207
      vertex 3.41042 0.601349 31.6207
    endloop
  endfacet
  facet normal 0.252865 0.0560616 0.965876
    outer loop
      vertex 4.64735 1.24525 31.2595
      vertex 3.34503 0.896298 31.6207
      vertex 4.7382 0.835472 31.2595
    endloop
  endfacet
  facet normal 0.218442 0.139165 0.965876
    outer loop
      vertex 3.94118 2.75964 31.2595
      vertex 2.99907 1.73152 31.6207
      vertex 4.1667 2.40565 31.2595
    endloop
  endfacet
  facet normal 0.218443 0.139164 0.965876
    outer loop
      vertex 3.94118 2.75964 31.2595
      vertex 2.83675 1.98631 31.6207
      vertex 2.99907 1.73152 31.6207
    endloop
  endfacet
  facet normal 0.0832319 0.0262423 0.996185
    outer loop
      vertex 2.01726 0.540523 31.8631
      vertex 0.655821 0.238699 31.9848
      vertex 0.674129 0.180632 31.9848
    endloop
  endfacet
  facet normal -0.0852022 0.0188889 0.996185
    outer loop
      vertex -0.674129 0.180632 31.9848
      vertex -2.01726 0.540523 31.8631
      vertex -0.687307 0.12119 31.9848
    endloop
  endfacet
  facet normal -0.0806279 0.0333973 0.996185
    outer loop
      vertex -0.632521 0.29495 31.9848
      vertex -1.89275 0.882604 31.8631
      vertex -0.655821 0.238699 31.9848
    endloop
  endfacet
  facet normal -0.271571 -0.208384 0.939588
    outer loop
      vertex -3.94118 -2.75964 31.2595
      vertex -4.69044 -3.93575 30.7821
      vertex -3.68566 -3.09264 31.2595
    endloop
  endfacet
  facet normal -0.252379 -0.231256 0.939588
    outer loop
      vertex -3.68566 -3.09264 31.2595
      vertex -4.69044 -3.93575 30.7821
      vertex -3.4021 -3.4021 31.2595
    endloop
  endfacet
  facet normal -0.00757743 -0.173656 0.984777
    outer loop
      vertex -0.182017 -2.08047 31.8631
      vertex -0.301823 -3.44986 31.6207
      vertex 0 -3.46303 31.6207
    endloop
  endfacet
  facet normal -0.0446752 -0.339379 0.939588
    outer loop
      vertex -0.419332 -4.79298 31.2595
      vertex -0.835472 -4.7382 31.2595
      vertex -0.533648 -6.09964 30.7821
    endloop
  endfacet
  facet normal -0.0740884 -0.334196 0.939587
    outer loop
      vertex -0.835472 -4.7382 31.2595
      vertex -1.58473 -5.9143 30.7821
      vertex -1.06324 -6.02991 30.7821
    endloop
  endfacet
  facet normal -0.0915415 -0.412923 0.906154
    outer loop
      vertex -1.06324 -6.02991 30.7821
      vertex -1.58473 -5.9143 30.7821
      vertex -1.28291 -7.27574 30.1922
    endloop
  endfacet
  facet normal -0.150568 -0.477534 0.865616
    outer loop
      vertex -2.51005 -7.05213 30.1346
      vertex -1.91215 -7.13624 30.1922
      vertex -2.44554 -6.96806 30.1922
    endloop
  endfacet
  facet normal -0.150491 -0.476634 0.866125
    outer loop
      vertex -2.58874 -7.11251 30.0877
      vertex -1.91215 -7.13624 30.1922
      vertex -2.51005 -7.05213 30.1346
    endloop
  endfacet
  facet normal -0.150464 -0.477191 0.865823
    outer loop
      vertex -1.91215 -7.13624 30.1922
      vertex -2.58874 -7.11251 30.0877
      vertex -2.94028 -8.07834 29.4943
    endloop
  endfacet
  facet normal -0.102931 -0.326467 0.939588
    outer loop
      vertex -1.64556 -4.52114 31.2595
      vertex -2.09417 -5.75368 30.7821
      vertex -1.58473 -5.9143 30.7821
    endloop
  endfacet
  facet normal -0.285741 -0.311831 0.906153
    outer loop
      vertex -4.32957 -4.32957 30.7821
      vertex -5.22409 -5.22409 30.1922
      vertex -3.93575 -4.69044 30.7821
    endloop
  endfacet
  facet normal -0.231261 -0.252377 0.939587
    outer loop
      vertex -3.4021 -3.4021 31.2595
      vertex -4.32957 -4.32957 30.7821
      vertex -3.93575 -4.69044 30.7821
    endloop
  endfacet
  facet normal -0.208317 -0.271648 0.93958
    outer loop
      vertex -2.75964 -3.94118 31.2595
      vertex -3.5 -4.66218 30.8869
      vertex -3.28437 -4.69057 30.9265
    endloop
  endfacet
  facet normal -0.20836 -0.271605 0.939583
    outer loop
      vertex -3.93575 -4.69044 30.7821
      vertex -3.5 -4.66218 30.8869
      vertex -2.75964 -3.94118 31.2595
    endloop
  endfacet
  facet normal -0.208095 -0.273679 0.93904
    outer loop
      vertex -3.5 -4.66218 30.8869
      vertex -3.93575 -4.69044 30.7821
      vertex -3.86235 -4.70988 30.7927
    endloop
  endfacet
  facet normal -0.207356 -0.270261 0.940193
    outer loop
      vertex -3.86235 -4.70988 30.7927
      vertex -3.93575 -4.69044 30.7821
      vertex -3.89356 -4.72281 30.7821
    endloop
  endfacet
  facet normal -0.257655 -0.335819 0.906002
    outer loop
      vertex -3.93575 -4.69044 30.7821
      vertex -3.94791 -4.74532 30.7583
      vertex -3.89356 -4.72281 30.7821
    endloop
  endfacet
  facet normal -0.150457 -0.477197 0.865821
    outer loop
      vertex -1.91215 -7.13624 30.1922
      vertex -2.94028 -8.07834 29.4943
      vertex -2.22501 -8.30386 29.4943
    endloop
  endfacet
  facet normal -0.108297 -0.488493 0.865821
    outer loop
      vertex -1.91215 -7.13624 30.1922
      vertex -2.22501 -8.30386 29.4943
      vertex -1.28291 -7.27574 30.1922
    endloop
  endfacet
  facet normal -0.165777 -0.0522649 0.984777
    outer loop
      vertex -1.96247 -0.714281 31.8631
      vertex -3.34503 -0.896298 31.6207
      vertex -3.25419 -1.18443 31.6207
    endloop
  endfacet
  facet normal -0.172333 -0.0226919 0.984777
    outer loop
      vertex -2.08047 -0.182017 31.8631
      vertex -3.44986 -0.301823 31.6207
      vertex -3.41042 -0.601349 31.6207
    endloop
  endfacet
  facet normal -0.252865 -0.0560616 0.965876
    outer loop
      vertex -3.34503 -0.896298 31.6207
      vertex -4.7382 -0.835472 31.2595
      vertex -4.64735 -1.24525 31.2595
    endloop
  endfacet
  facet normal -0.326467 -0.102929 0.939588
    outer loop
      vertex -4.64735 -1.24525 31.2595
      vertex -5.9143 -1.58473 30.7821
      vertex -4.52114 -1.64556 31.2595
    endloop
  endfacet
  facet normal -0.160588 -0.0665227 0.984777
    outer loop
      vertex -1.96247 -0.714281 31.8631
      vertex -3.25419 -1.18443 31.6207
      vertex -3.13857 -1.46354 31.6207
    endloop
  endfacet
  facet normal -0.165776 -0.0522731 0.984777
    outer loop
      vertex -2.01726 -0.540523 31.8631
      vertex -3.34503 -0.896298 31.6207
      vertex -1.96247 -0.714281 31.8631
    endloop
  endfacet
  facet normal -0.218442 -0.139165 0.965876
    outer loop
      vertex -2.99907 -1.73152 31.6207
      vertex -4.1667 -2.40565 31.2595
      vertex -3.94118 -2.75964 31.2595
    endloop
  endfacet
  facet normal -0.229741 -0.119594 0.965876
    outer loop
      vertex -2.99907 -1.73152 31.6207
      vertex -4.36051 -2.03334 31.2595
      vertex -4.1667 -2.40565 31.2595
    endloop
  endfacet
  facet normal -0.218443 -0.139164 0.965876
    outer loop
      vertex -2.99907 -1.73152 31.6207
      vertex -3.94118 -2.75964 31.2595
      vertex -2.83675 -1.98631 31.6207
    endloop
  endfacet
  facet normal -0.205487 -0.157667 0.965876
    outer loop
      vertex -2.83675 -1.98631 31.6207
      vertex -3.94118 -2.75964 31.2595
      vertex -2.65284 -2.226 31.6207
    endloop
  endfacet
  facet normal 0.0333973 -0.0806279 0.996185
    outer loop
      vertex 0.29495 -0.632521 31.9848
      vertex 0.238699 -0.655821 31.9848
      vertex 0.882604 -1.89275 31.8631
    endloop
  endfacet
  facet normal -0.0376188 -0.169703 0.984777
    outer loop
      vertex -0.540523 -2.01726 31.8631
      vertex -0.896298 -3.34503 31.6207
      vertex -0.36265 -2.05669 31.8631
    endloop
  endfacet
  facet normal -0.0522731 -0.165776 0.984777
    outer loop
      vertex -0.714281 -1.96247 31.8631
      vertex -0.896298 -3.34503 31.6207
      vertex -0.540523 -2.01726 31.8631
    endloop
  endfacet
  facet normal 0.0113911 -0.0865245 0.996185
    outer loop
      vertex 0.12119 -0.687307 31.9848
      vertex 0.0608263 -0.695254 31.9848
      vertex 0.182017 -2.08047 31.8631
    endloop
  endfacet
  facet normal -0.102929 -0.326467 0.939588
    outer loop
      vertex -1.24525 -4.64735 31.2595
      vertex -1.64556 -4.52114 31.2595
      vertex -1.58473 -5.9143 30.7821
    endloop
  endfacet
  facet normal -0.0112909 -0.258759 0.965876
    outer loop
      vertex 0 -3.46303 31.6207
      vertex -0.301823 -3.44986 31.6207
      vertex 0 -4.81129 31.2595
    endloop
  endfacet
  facet normal -0.137901 -0.105816 0.984777
    outer loop
      vertex -1.71073 -1.19787 31.8631
      vertex -2.65284 -2.226 31.6207
      vertex -1.59982 -1.34241 31.8631
    endloop
  endfacet
  facet normal -0.190951 -0.174987 0.965876
    outer loop
      vertex -2.65284 -2.226 31.6207
      vertex -3.4021 -3.4021 31.2595
      vertex -2.44873 -2.44873 31.6207
    endloop
  endfacet
  facet normal -0.105812 -0.137905 0.984777
    outer loop
      vertex -1.19787 -1.71073 31.8631
      vertex -2.226 -2.65284 31.6207
      vertex -1.98631 -2.83675 31.6207
    endloop
  endfacet
  facet normal -0.208384 -0.271571 0.939588
    outer loop
      vertex -3.09264 -3.68566 31.2595
      vertex -3.93575 -4.69044 30.7821
      vertex -2.75964 -3.94118 31.2595
    endloop
  endfacet
  facet normal -0.13101 -0.316273 0.939578
    outer loop
      vertex -2.41996 -5.18963 30.9265
      vertex -1.64556 -4.52114 31.2595
      vertex -2.03334 -4.36051 31.2595
    endloop
  endfacet
  facet normal -0.130873 -0.316417 0.939549
    outer loop
      vertex -1.64556 -4.52114 31.2595
      vertex -2.41996 -5.18963 30.9265
      vertex -2.3462 -5.28576 30.9044
    endloop
  endfacet
  facet normal -0.157975 -0.3037 0.93958
    outer loop
      vertex -2.03334 -4.36051 31.2595
      vertex -2.51005 -5.07223 30.9493
      vertex -2.41996 -5.18963 30.9265
    endloop
  endfacet
  facet normal -0.15814 -0.303593 0.939587
    outer loop
      vertex -2.51005 -5.07223 30.9493
      vertex -2.03334 -4.36051 31.2595
      vertex -2.67332 -4.94695 30.9623
    endloop
  endfacet
  facet normal -0.334193 -0.0740925 0.939588
    outer loop
      vertex -4.7382 -0.835472 31.2595
      vertex -5.9143 -1.58473 30.7821
      vertex -4.64735 -1.24525 31.2595
    endloop
  endfacet
  facet normal -0.412923 -0.0915415 0.906154
    outer loop
      vertex -6.02991 -1.06324 30.7821
      vertex -7.27574 -1.28291 30.1922
      vertex -5.9143 -1.58473 30.7821
    endloop
  endfacet
  facet normal -0.443819 -0.231036 0.865822
    outer loop
      vertex -6.39818 -3.69399 30.1922
      vertex -7.79134 -3.63316 29.4943
      vertex -7.44504 -4.2984 29.4943
    endloop
  endfacet
  facet normal -0.421993 -0.26884 0.865822
    outer loop
      vertex -6.39818 -3.69399 30.1922
      vertex -7.44504 -4.2984 29.4943
      vertex -6.05188 -4.23757 30.1922
    endloop
  endfacet
  facet normal 0.399991 -0.76835 0.499646
    outer loop
      vertex 6.74713 -11.6864 24.5968
      vertex 5.70292 -12.23 24.5968
      vertex 7.09609 -12.2908 23.388
    endloop
  endfacet
  facet normal 0.378372 -0.726821 0.573206
    outer loop
      vertex 6.74713 -11.6864 24.5968
      vertex 5.36457 -11.5044 25.7402
      vertex 5.70292 -12.23 24.5968
    endloop
  endfacet
  facet normal 0.36967 -0.892453 0.258595
    outer loop
      vertex 6.60161 -14.1572 19.463
      vertex 5.21905 -14.3392 20.8113
      vertex 5.34261 -14.6787 19.463
    endloop
  endfacet
  facet normal 0.376882 -0.909864 0.173513
    outer loop
      vertex 6.60161 -14.1572 19.463
      vertex 5.34261 -14.6787 19.463
      vertex 5.42551 -14.9065 18.0884
    endloop
  endfacet
  facet normal 0.953723 -0.300685 0
    outer loop
      vertex 15.0208 -5.46711 16.6979
      vertex 15.4401 -4.13716 16
      vertex 15.4401 -4.13716 16.6979
    endloop
  endfacet
  facet normal 0.953723 -0.300685 0
    outer loop
      vertex 15.4401 -4.13716 16
      vertex 15.0208 -5.46711 16.6979
      vertex 15.0208 -5.46711 16
    endloop
  endfacet
  facet normal 0.0434081 -0.995261 0.0870092
    outer loop
      vertex 1.38256 -15.8028 18.0884
      vertex 0 -15.8631 18.0884
      vertex 1.39316 -15.9239 16.6979
    endloop
  endfacet
  facet normal 0.0429125 -0.983898 0.173503
    outer loop
      vertex 0 -15.6207 19.463
      vertex 0 -15.8631 18.0884
      vertex 1.38256 -15.8028 18.0884
    endloop
  endfacet
  facet normal -0.0436719 -0.999046 0
    outer loop
      vertex -1.39316 -15.9239 16
      vertex 0 -15.9848 16.6979
      vertex -1.39316 -15.9239 16.6979
    endloop
  endfacet
  facet normal -0.0436719 -0.999046 -0
    outer loop
      vertex 0 -15.9848 16.6979
      vertex -1.39316 -15.9239 16
      vertex 0 -15.9848 16
    endloop
  endfacet
  facet normal -0.461749 -0.887011 0
    outer loop
      vertex -7.99238 -13.8432 16
      vertex -6.75546 -14.4871 16.6979
      vertex -7.99238 -13.8432 16.6979
    endloop
  endfacet
  facet normal -0.461749 -0.887011 -0
    outer loop
      vertex -6.75546 -14.4871 16.6979
      vertex -7.99238 -13.8432 16
      vertex -6.75546 -14.4871 16
    endloop
  endfacet
  facet normal -0.673033 -0.734471 0.0870517
    outer loop
      vertex -11.2169 -11.2169 18.0884
      vertex -11.3029 -11.3029 16.6979
      vertex -10.2748 -12.245 16.6979
    endloop
  endfacet
  facet normal -0.519041 -0.81469 0.258604
    outer loop
      vertex -7.62973 -13.2151 20.8113
      vertex -8.75247 -12.4998 20.8113
      vertex -7.81037 -13.528 19.463
    endloop
  endfacet
  facet normal -0.519021 -0.814697 0.258623
    outer loop
      vertex -8.75247 -12.4998 20.8113
      vertex -8.95969 -12.7958 19.463
      vertex -7.81037 -13.528 19.463
    endloop
  endfacet
  facet normal -0.299537 -0.950104 0.087067
    outer loop
      vertex -4.10568 -15.3226 18.0884
      vertex -5.42551 -14.9065 18.0884
      vertex -4.13716 -15.4401 16.6979
    endloop
  endfacet
  facet normal -0.215599 -0.972593 0.087067
    outer loop
      vertex -4.10568 -15.3226 18.0884
      vertex -4.13716 -15.4401 16.6979
      vertex -2.7546 -15.6221 18.0884
    endloop
  endfacet
  facet normal 0.504974 -0.79261 0.341718
    outer loop
      vertex 8.75247 -12.4998 20.8113
      vertex 7.39104 -12.8017 22.1229
      vertex 7.62973 -13.2151 20.8113
    endloop
  endfacet
  facet normal 0.665368 -0.726073 0.1735
    outer loop
      vertex 11.0455 -11.0455 19.463
      vertex 10.0408 -11.9662 19.463
      vertex 11.2169 -11.2169 18.0884
    endloop
  endfacet
  facet normal 0.652591 -0.712241 0.258531
    outer loop
      vertex 10.7901 -10.7901 20.8113
      vertex 9.8086 -11.6894 20.8113
      vertex 11.0455 -11.0455 19.463
    endloop
  endfacet
  facet normal 0.57214 -0.745567 0.34174
    outer loop
      vertex 9.50173 -11.3237 22.1229
      vertex 8.47865 -12.1088 22.1229
      vertex 9.8086 -11.6894 20.8113
    endloop
  endfacet
  facet normal 0.673053 -0.734456 0.0870267
    outer loop
      vertex 11.2169 -11.2169 18.0884
      vertex 10.1966 -12.1519 18.0884
      vertex 10.2748 -12.245 16.6979
    endloop
  endfacet
  facet normal 0.606429 -0.790352 0.0871016
    outer loop
      vertex 10.1966 -12.1519 18.0884
      vertex 9.09871 -12.9943 18.0884
      vertex 9.16849 -13.094 16.6979
    endloop
  endfacet
  facet normal 0.529156 -0.830606 0.17346
    outer loop
      vertex 8.95969 -12.7958 19.463
      vertex 7.81037 -13.528 19.463
      vertex 9.09871 -12.9943 18.0884
    endloop
  endfacet
  facet normal 0.804059 -0.418524 0.422288
    outer loop
      vertex 13.3971 -6.24717 22.1229
      vertex 12.2908 -7.09609 23.388
      vertex 12.8017 -7.39104 22.1229
    endloop
  endfacet
  facet normal 0.804054 -0.418566 0.422256
    outer loop
      vertex 12.8625 -5.99787 23.388
      vertex 12.2908 -7.09609 23.388
      vertex 13.3971 -6.24717 22.1229
    endloop
  endfacet
  facet normal 0.73727 -0.675598 0
    outer loop
      vertex 11.3029 -11.3029 16.6979
      vertex 12.245 -10.2748 16
      vertex 12.245 -10.2748 16.6979
    endloop
  endfacet
  facet normal 0.73727 -0.675598 0
    outer loop
      vertex 12.245 -10.2748 16
      vertex 11.3029 -11.3029 16.6979
      vertex 11.3029 -11.3029 16
    endloop
  endfacet
  facet normal 0.0358133 -0.818615 0.573226
    outer loop
      vertex 1.10632 -12.6453 25.7402
      vertex 0 -12.6937 25.7402
      vertex 1.1761 -13.4429 24.5968
    endloop
  endfacet
  facet normal 0.0334925 -0.765567 0.642484
    outer loop
      vertex 0 -11.7964 26.8094
      vertex 0 -12.6937 25.7402
      vertex 1.10632 -12.6453 25.7402
    endloop
  endfacet
  facet normal -0.172584 -0.547375 0.818899
    outer loop
      vertex -2.22501 -8.30386 29.4943
      vertex -2.94028 -8.07834 29.4943
      vertex -2.52094 -9.40829 28.6937
    endloop
  endfacet
  facet normal -0.172581 -0.547375 0.8189
    outer loop
      vertex -2.94028 -8.07834 29.4943
      vertex -3.33134 -9.15278 28.6937
      vertex -2.52094 -9.40829 28.6937
    endloop
  endfacet
  facet normal -0.212755 -0.674684 0.70678
    outer loop
      vertex -2.79769 -10.4411 27.7964
      vertex -4.03462 -11.085 26.8094
      vertex -3.05314 -11.3945 26.8094
    endloop
  endfacet
  facet normal -0.193363 -0.613414 0.765725
    outer loop
      vertex -3.33134 -9.15278 28.6937
      vertex -3.69705 -10.1576 27.7964
      vertex -2.79769 -10.4411 27.7964
    endloop
  endfacet
  facet normal -0.0280328 -0.642576 0.765709
    outer loop
      vertex -0.848912 -9.70312 28.6937
      vertex -0.942104 -10.7683 27.7964
      vertex 0 -10.8094 27.7964
    endloop
  endfacet
  facet normal -0.0308334 -0.706771 0.706771
    outer loop
      vertex 0 -10.8094 27.7964
      vertex -0.942104 -10.7683 27.7964
      vertex 0 -11.7964 26.8094
    endloop
  endfacet
  facet normal -0.0923499 -0.701391 0.706768
    outer loop
      vertex -1.87704 -10.6452 27.7964
      vertex -2.04843 -11.6172 26.8094
      vertex -0.942104 -10.7683 27.7964
    endloop
  endfacet
  facet normal -0.0839616 -0.637683 0.76571
    outer loop
      vertex -0.848912 -9.70312 28.6937
      vertex -1.87704 -10.6452 27.7964
      vertex -0.942104 -10.7683 27.7964
    endloop
  endfacet
  facet normal 0.153117 -0.690676 0.706768
    outer loop
      vertex 2.79769 -10.4411 27.7964
      vertex 1.87704 -10.6452 27.7964
      vertex 2.04843 -11.6172 26.8094
    endloop
  endfacet
  facet normal 0.13921 -0.627945 0.765706
    outer loop
      vertex 2.79769 -10.4411 27.7964
      vertex 1.69136 -9.59221 28.6937
      vertex 1.87704 -10.6452 27.7964
    endloop
  endfacet
  facet normal 0.212755 -0.674684 0.70678
    outer loop
      vertex 4.03462 -11.085 26.8094
      vertex 2.79769 -10.4411 27.7964
      vertex 3.05314 -11.3945 26.8094
    endloop
  endfacet
  facet normal 0.153091 -0.69067 0.70678
    outer loop
      vertex 2.79769 -10.4411 27.7964
      vertex 2.04843 -11.6172 26.8094
      vertex 3.05314 -11.3945 26.8094
    endloop
  endfacet
  facet normal -0.0250323 -0.573392 0.818899
    outer loop
      vertex -0.749259 -8.56408 29.4943
      vertex -0.848912 -9.70312 28.6937
      vertex 0 -8.59679 29.4943
    endloop
  endfacet
  facet normal -0.0250319 -0.573392 0.818899
    outer loop
      vertex 0 -8.59679 29.4943
      vertex -0.848912 -9.70312 28.6937
      vertex 0 -9.74018 28.6937
    endloop
  endfacet
  facet normal 0.634885 -0.692917 0.341741
    outer loop
      vertex 10.7901 -10.7901 20.8113
      vertex 9.50173 -11.3237 22.1229
      vertex 9.8086 -11.6894 20.8113
    endloop
  endfacet
  facet normal 0.634901 -0.692889 0.341767
    outer loop
      vertex 10.4525 -10.4525 22.1229
      vertex 9.50173 -11.3237 22.1229
      vertex 10.7901 -10.7901 20.8113
    endloop
  endfacet
  facet normal 0.411758 -0.646321 0.642436
    outer loop
      vertex 6.76616 -9.66308 26.8094
      vertex 6.34683 -10.993 25.7402
      vertex 7.28078 -10.398 25.7402
    endloop
  endfacet
  facet normal 0.440262 -0.691063 0.573238
    outer loop
      vertex 7.28078 -10.398 25.7402
      vertex 6.34683 -10.993 25.7402
      vertex 7.73999 -11.0539 24.5968
    endloop
  endfacet
  facet normal 0.607963 -0.466517 0.642451
    outer loop
      vertex 9.66308 -6.76616 26.8094
      vertex 9.03659 -7.5826 26.8094
      vertex 9.7239 -8.15932 25.7402
    endloop
  endfacet
  facet normal 0.607986 -0.466505 0.642437
    outer loop
      vertex 10.398 -7.28078 25.7402
      vertex 9.66308 -6.76616 26.8094
      vertex 9.7239 -8.15932 25.7402
    endloop
  endfacet
  facet normal 0.0531278 -0.0692364 0.996185
    outer loop
      vertex 0.448607 -0.53463 31.9848
      vertex 0.400305 -0.571694 31.9848
      vertex 1.34241 -1.59982 31.8631
    endloop
  endfacet
  facet normal 0.391545 -0.51027 0.765714
    outer loop
      vertex 6.26087 -7.46141 28.6937
      vertex 5.58674 -7.97869 28.6937
      vertex 6.20004 -8.85458 27.7964
    endloop
  endfacet
  facet normal 0.308379 -0.484054 0.818899
    outer loop
      vertex 4.93092 -7.04208 29.4943
      vertex 4.87009 -8.43525 28.6937
      vertex 5.58674 -7.97869 28.6937
    endloop
  endfacet
  facet normal 0.396954 -0.304596 0.865823
    outer loop
      vertex 6.05188 -4.23757 30.1922
      vertex 5.65952 -4.7489 30.1922
      vertex 6.58553 -5.52591 29.4943
    endloop
  endfacet
  facet normal 0.0149252 -0.341983 0.939587
    outer loop
      vertex 0 -4.81129 31.2595
      vertex 0 -6.12293 30.7821
      vertex 0.533648 -6.09964 30.7821
    endloop
  endfacet
  facet normal 0.0184411 -0.422545 0.906154
    outer loop
      vertex 0 -6.12293 30.7821
      vertex 0 -7.38798 30.1922
      vertex 0.533648 -6.09964 30.7821
    endloop
  endfacet
  facet normal 0.0778803 -0.247019 0.965876
    outer loop
      vertex 1.64556 -4.52114 31.2595
      vertex 0.896298 -3.34503 31.6207
      vertex 1.24525 -4.64735 31.2595
    endloop
  endfacet
  facet normal 0.0226875 -0.172335 0.984777
    outer loop
      vertex 0.36265 -2.05669 31.8631
      vertex 0.182017 -2.08047 31.8631
      vertex 0.601349 -3.41042 31.6207
    endloop
  endfacet
  facet normal 0.193404 -0.61342 0.765709
    outer loop
      vertex 3.33134 -9.15278 28.6937
      vertex 2.52094 -9.40829 28.6937
      vertex 2.79769 -10.4411 27.7964
    endloop
  endfacet
  facet normal 0.193363 -0.613414 0.765725
    outer loop
      vertex 3.33134 -9.15278 28.6937
      vertex 2.79769 -10.4411 27.7964
      vertex 3.69705 -10.1576 27.7964
    endloop
  endfacet
  facet normal 0.326664 -0.627514 0.706765
    outer loop
      vertex 5.40472 -9.36125 27.7964
      vertex 4.56827 -9.79668 27.7964
      vertex 5.89822 -10.216 26.8094
    endloop
  endfacet
  facet normal 0.380109 -0.596658 0.706765
    outer loop
      vertex 6.20004 -8.85458 27.7964
      vertex 5.40472 -9.36125 27.7964
      vertex 5.89822 -10.216 26.8094
    endloop
  endfacet
  facet normal 0.50909 0.265011 0.818899
    outer loop
      vertex 8.43525 4.87009 28.6937
      vertex 7.44504 4.2984 29.4943
      vertex 8.8276 4.11638 28.6937
    endloop
  endfacet
  facet normal 0.570511 0.296984 0.765714
    outer loop
      vertex 9.79668 4.56827 27.7964
      vertex 8.43525 4.87009 28.6937
      vertex 8.8276 4.11638 28.6937
    endloop
  endfacet
  facet normal 0.812392 -0.106922 0.573225
    outer loop
      vertex 12.6453 -1.10632 25.7402
      vertex 12.5008 -2.20423 25.7402
      vertex 13.4429 -1.1761 24.5968
    endloop
  endfacet
  facet normal 0.812389 -0.106913 0.573231
    outer loop
      vertex 13.4429 -1.1761 24.5968
      vertex 12.5008 -2.20423 25.7402
      vertex 13.2893 -2.34325 24.5968
    endloop
  endfacet
  facet normal 0.818615 0.0358133 0.573226
    outer loop
      vertex 13.4429 1.1761 24.5968
      vertex 12.6453 1.10632 25.7402
      vertex 12.6937 0 25.7402
    endloop
  endfacet
  facet normal 0.765567 0.0334925 0.642484
    outer loop
      vertex 12.6453 1.10632 25.7402
      vertex 11.7964 0 26.8094
      vertex 12.6937 0 25.7402
    endloop
  endfacet
  facet normal 0.443819 -0.231031 0.865823
    outer loop
      vertex 6.69578 -3.12229 30.1922
      vertex 6.39818 -3.69399 30.1922
      vertex 7.79134 -3.63316 29.4943
    endloop
  endfacet
  facet normal 0.462264 -0.191476 0.865823
    outer loop
      vertex 8.07834 -2.94028 29.4943
      vertex 6.69578 -3.12229 30.1922
      vertex 7.79134 -3.63316 29.4943
    endloop
  endfacet
  facet normal 0.443819 -0.231036 0.865822
    outer loop
      vertex 7.79134 -3.63316 29.4943
      vertex 6.39818 -3.69399 30.1922
      vertex 7.44504 -4.2984 29.4943
    endloop
  endfacet
  facet normal 0.421993 -0.26884 0.865822
    outer loop
      vertex 6.39818 -3.69399 30.1922
      vertex 6.05188 -4.23757 30.1922
      vertex 7.44504 -4.2984 29.4943
    endloop
  endfacet
  facet normal 0.205484 -0.157674 0.965875
    outer loop
      vertex 3.94118 -2.75964 31.2595
      vertex 2.65284 -2.226 31.6207
      vertex 3.68566 -3.09264 31.2595
    endloop
  endfacet
  facet normal 0.339406 -0.0446788 0.939578
    outer loop
      vertex 4.7382 -0.835472 31.2595
      vertex 5.70433 -0.499064 30.9265
      vertex 4.79298 -0.419332 31.2595
    endloop
  endfacet
  facet normal 0.339463 -0.044873 0.939548
    outer loop
      vertex 5.70433 -0.499064 30.9265
      vertex 4.7382 -0.835472 31.2595
      vertex 5.7507 -0.611005 30.9044
    endloop
  endfacet
  facet normal 0.169703 -0.0376188 0.984777
    outer loop
      vertex 2.05669 -0.36265 31.8631
      vertex 2.01726 -0.540523 31.8631
      vertex 3.34503 -0.896298 31.6207
    endloop
  endfacet
  facet normal 0.165776 -0.0522731 0.984777
    outer loop
      vertex 2.01726 -0.540523 31.8631
      vertex 1.96247 -0.714281 31.8631
      vertex 3.34503 -0.896298 31.6207
    endloop
  endfacet
  facet normal 0.421993 0.26884 0.865822
    outer loop
      vertex 7.44504 4.2984 29.4943
      vertex 6.05188 4.23757 30.1922
      vertex 6.39818 3.69399 30.1922
    endloop
  endfacet
  facet normal 0.387746 0.423153 0.818898
    outer loop
      vertex 6.26087 7.46141 28.6937
      vertex 5.52591 6.58553 29.4943
      vertex 6.88735 6.88735 28.6937
    endloop
  endfacet
  facet normal 0.31625 0.131001 0.939588
    outer loop
      vertex 5.54926 2.58766 30.7821
      vertex 4.52114 1.64556 31.2595
      vertex 5.75368 2.09417 30.7821
    endloop
  endfacet
  facet normal 0.390751 0.161862 0.906154
    outer loop
      vertex 6.69578 3.12229 30.1922
      vertex 5.54926 2.58766 30.7821
      vertex 5.75368 2.09417 30.7821
    endloop
  endfacet
  facet normal 0.390751 -0.161862 0.906154
    outer loop
      vertex 5.75368 -2.09417 30.7821
      vertex 5.54926 -2.58766 30.7821
      vertex 6.69578 -3.12229 30.1922
    endloop
  endfacet
  facet normal 0.390753 -0.16186 0.906153
    outer loop
      vertex 6.94243 -2.52684 30.1922
      vertex 5.75368 -2.09417 30.7821
      vertex 6.69578 -3.12229 30.1922
    endloop
  endfacet
  facet normal 0.419281 -0.0551937 0.906177
    outer loop
      vertex 6.03685 -1.01052 30.7821
      vertex 6.02991 -1.06324 30.7821
      vertex 6.12813 -1.08055 30.7356
    endloop
  endfacet
  facet normal 0.24702 -0.0778786 0.965876
    outer loop
      vertex 3.34503 -0.896298 31.6207
      vertex 3.25419 -1.18443 31.6207
      vertex 4.52114 -1.64556 31.2595
    endloop
  endfacet
  facet normal 0.334193 0.0740925 0.939588
    outer loop
      vertex 5.9143 1.58473 30.7821
      vertex 4.64735 1.24525 31.2595
      vertex 4.7382 0.835472 31.2595
    endloop
  endfacet
  facet normal 0.326467 0.102929 0.939588
    outer loop
      vertex 5.9143 1.58473 30.7821
      vertex 4.52114 1.64556 31.2595
      vertex 4.64735 1.24525 31.2595
    endloop
  endfacet
  facet normal 0.205484 0.157674 0.965875
    outer loop
      vertex 3.68566 3.09264 31.2595
      vertex 2.65284 2.226 31.6207
      vertex 3.94118 2.75964 31.2595
    endloop
  endfacet
  facet normal 0.183924 0.288698 0.939588
    outer loop
      vertex 3.06147 5.30262 30.7821
      vertex 2.40565 4.1667 31.2595
      vertex 2.75964 3.94118 31.2595
    endloop
  endfacet
  facet normal 0.0740925 0.334193 0.939588
    outer loop
      vertex 1.58473 5.9143 30.7821
      vertex 0.835472 4.7382 31.2595
      vertex 1.24525 4.64735 31.2595
    endloop
  endfacet
  facet normal 0.257477 0.335548 0.906153
    outer loop
      vertex 4.23757 6.05188 30.1922
      vertex 3.93575 4.69044 30.7821
      vertex 4.7489 5.65952 30.1922
    endloop
  endfacet
  facet normal 0.25747 0.33555 0.906154
    outer loop
      vertex 4.23757 6.05188 30.1922
      vertex 3.51197 5.01561 30.7821
      vertex 3.93575 4.69044 30.7821
    endloop
  endfacet
  facet normal 0.128566 -0.976403 0.173517
    outer loop
      vertex 2.71251 -15.3834 19.463
      vertex 1.36144 -15.5613 19.463
      vertex 1.38256 -15.8028 18.0884
    endloop
  endfacet
  facet normal 0.128594 -0.976404 0.173491
    outer loop
      vertex 2.71251 -15.3834 19.463
      vertex 1.38256 -15.8028 18.0884
      vertex 2.7546 -15.6221 18.0884
    endloop
  endfacet
  facet normal 0.282598 -0.8963 0.341737
    outer loop
      vertex 5.05577 -13.8906 22.1229
      vertex 3.94944 -14.7395 20.8113
      vertex 5.21905 -14.3392 20.8113
    endloop
  endfacet
  facet normal 0.282615 -0.8963 0.341723
    outer loop
      vertex 5.05577 -13.8906 22.1229
      vertex 3.82588 -14.2784 22.1229
      vertex 3.94944 -14.7395 20.8113
    endloop
  endfacet
  facet normal -0.369649 -0.892469 0.258572
    outer loop
      vertex -6.44893 -13.8298 20.8113
      vertex -6.60161 -14.1572 19.463
      vertex -5.21905 -14.3392 20.8113
    endloop
  endfacet
  facet normal -0.36967 -0.892453 0.258595
    outer loop
      vertex -5.21905 -14.3392 20.8113
      vertex -6.60161 -14.1572 19.463
      vertex -5.34261 -14.6787 19.463
    endloop
  endfacet
  facet normal -0.230471 -0.730866 0.642432
    outer loop
      vertex -3.05314 -11.3945 26.8094
      vertex -4.03462 -11.085 26.8094
      vertex -3.28536 -12.2611 25.7402
    endloop
  endfacet
  facet normal -0.212695 -0.674742 0.706742
    outer loop
      vertex -3.69705 -10.1576 27.7964
      vertex -4.03462 -11.085 26.8094
      vertex -2.79769 -10.4411 27.7964
    endloop
  endfacet
  facet normal 0.0395753 -0.905619 0.422241
    outer loop
      vertex 1.23693 -14.1382 23.388
      vertex 0 -14.7821 22.1229
      vertex 1.28834 -14.7258 22.1229
    endloop
  endfacet
  facet normal 0.0395356 -0.905606 0.422273
    outer loop
      vertex 0 -14.1922 23.388
      vertex 0 -14.7821 22.1229
      vertex 1.23693 -14.1382 23.388
    endloop
  endfacet
  facet normal -0.113063 -0.858821 0.499644
    outer loop
      vertex -2.34325 -13.2893 24.5968
      vertex -2.46444 -13.9766 23.388
      vertex -1.23693 -14.1382 23.388
    endloop
  endfacet
  facet normal -0.187503 -0.845694 0.499644
    outer loop
      vertex -2.34325 -13.2893 24.5968
      vertex -3.6732 -13.7086 23.388
      vertex -2.46444 -13.9766 23.388
    endloop
  endfacet
  facet normal 0.203392 0.917528 0.341722
    outer loop
      vertex 3.94944 14.7395 20.8113
      vertex 2.64978 15.0276 20.8113
      vertex 3.82588 14.2784 22.1229
    endloop
  endfacet
  facet normal 0.282615 0.8963 0.341723
    outer loop
      vertex 3.94944 14.7395 20.8113
      vertex 3.82588 14.2784 22.1229
      vertex 5.05577 13.8906 22.1229
    endloop
  endfacet
  facet normal 0.461749 0.887011 -0
    outer loop
      vertex 7.99238 13.8432 16
      vertex 6.75546 14.4871 16.6979
      vertex 7.99238 13.8432 16.6979
    endloop
  endfacet
  facet normal 0.461749 0.887011 0
    outer loop
      vertex 6.75546 14.4871 16.6979
      vertex 7.99238 13.8432 16
      vertex 6.75546 14.4871 16
    endloop
  endfacet
  facet normal 0.376882 0.909864 0.173513
    outer loop
      vertex 5.42551 14.9065 18.0884
      vertex 5.34261 14.6787 19.463
      vertex 6.60161 14.1572 19.463
    endloop
  endfacet
  facet normal 0.296155 0.939247 0.173514
    outer loop
      vertex 5.42551 14.9065 18.0884
      vertex 4.04294 15.0885 19.463
      vertex 5.34261 14.6787 19.463
    endloop
  endfacet
  facet normal 0.59951 0.781335 0.173503
    outer loop
      vertex 10.1966 12.1519 18.0884
      vertex 9.09871 12.9943 18.0884
      vertex 10.0408 11.9662 19.463
    endloop
  endfacet
  facet normal 0.599549 0.781314 0.173462
    outer loop
      vertex 9.09871 12.9943 18.0884
      vertex 8.95969 12.7958 19.463
      vertex 10.0408 11.9662 19.463
    endloop
  endfacet
  facet normal 0.0395356 0.905606 0.422273
    outer loop
      vertex 0 14.7821 22.1229
      vertex 0 14.1922 23.388
      vertex 1.23693 14.1382 23.388
    endloop
  endfacet
  facet normal -0.0395356 0.905606 0.422273
    outer loop
      vertex 0 14.7821 22.1229
      vertex -1.23693 14.1382 23.388
      vertex 0 14.1922 23.388
    endloop
  endfacet
  facet normal -0.126116 0.957717 0.258597
    outer loop
      vertex -1.32995 15.2014 20.8113
      vertex -2.71251 15.3834 19.463
      vertex -2.64978 15.0276 20.8113
    endloop
  endfacet
  facet normal -0.209058 0.943092 0.258597
    outer loop
      vertex -2.71251 15.3834 19.463
      vertex -3.94944 14.7395 20.8113
      vertex -2.64978 15.0276 20.8113
    endloop
  endfacet
  facet normal -0.193363 0.613414 0.765725
    outer loop
      vertex -2.79769 10.4411 27.7964
      vertex -3.69705 10.1576 27.7964
      vertex -3.33134 9.15278 28.6937
    endloop
  endfacet
  facet normal -0.212695 0.674742 0.706742
    outer loop
      vertex -2.79769 10.4411 27.7964
      vertex -4.03462 11.085 26.8094
      vertex -3.69705 10.1576 27.7964
    endloop
  endfacet
  facet normal -0.165839 0.748184 0.642431
    outer loop
      vertex -2.04843 11.6172 26.8094
      vertex -3.28536 12.2611 25.7402
      vertex -3.05314 11.3945 26.8094
    endloop
  endfacet
  facet normal -0.230471 0.730866 0.642432
    outer loop
      vertex -3.28536 12.2611 25.7402
      vertex -4.03462 11.085 26.8094
      vertex -3.05314 11.3945 26.8094
    endloop
  endfacet
  facet normal -0.165875 0.748155 0.642455
    outer loop
      vertex -2.20423 12.5008 25.7402
      vertex -3.28536 12.2611 25.7402
      vertex -2.04843 11.6172 26.8094
    endloop
  endfacet
  facet normal -0.0999963 0.759771 0.642455
    outer loop
      vertex -1.10632 12.6453 25.7402
      vertex -2.20423 12.5008 25.7402
      vertex -2.04843 11.6172 26.8094
    endloop
  endfacet
  facet normal -0.13921 0.627945 0.765706
    outer loop
      vertex -1.87704 10.6452 27.7964
      vertex -2.79769 10.4411 27.7964
      vertex -1.69136 9.59221 28.6937
    endloop
  endfacet
  facet normal -0.150457 0.477197 0.865821
    outer loop
      vertex -2.22501 8.30386 29.4943
      vertex -2.94028 8.07834 29.4943
      vertex -1.91215 7.13624 30.1922
    endloop
  endfacet
  facet normal -0.0749136 0.569028 0.818899
    outer loop
      vertex -0.848912 9.70312 28.6937
      vertex -1.69136 9.59221 28.6937
      vertex -0.749259 8.56408 29.4943
    endloop
  endfacet
  facet normal -0.0839616 0.637683 0.76571
    outer loop
      vertex -0.942104 10.7683 27.7964
      vertex -1.87704 10.6452 27.7964
      vertex -0.848912 9.70312 28.6937
    endloop
  endfacet
  facet normal 0.4988 0.650076 0.573237
    outer loop
      vertex 7.73999 11.0539 24.5968
      vertex 7.28078 10.398 25.7402
      vertex 8.15932 9.7239 25.7402
    endloop
  endfacet
  facet normal 0.440262 0.691063 0.573238
    outer loop
      vertex 7.73999 11.0539 24.5968
      vertex 6.34683 10.993 25.7402
      vertex 7.28078 10.398 25.7402
    endloop
  endfacet
  facet normal 0.246133 0.594208 0.765725
    outer loop
      vertex 3.69705 10.1576 27.7964
      vertex 3.33134 9.15278 28.6937
      vertex 4.11638 8.8276 28.6937
    endloop
  endfacet
  facet normal 0.219639 0.530247 0.8189
    outer loop
      vertex 3.33134 9.15278 28.6937
      vertex 2.94028 8.07834 29.4943
      vertex 4.11638 8.8276 28.6937
    endloop
  endfacet
  facet normal 0.326664 0.627514 0.706765
    outer loop
      vertex 5.89822 10.216 26.8094
      vertex 4.56827 9.79668 27.7964
      vertex 5.40472 9.36125 27.7964
    endloop
  endfacet
  facet normal 0.29699 0.570511 0.765712
    outer loop
      vertex 5.40472 9.36125 27.7964
      vertex 4.56827 9.79668 27.7964
      vertex 4.87009 8.43525 28.6937
    endloop
  endfacet
  facet normal 0.961498 0.21314 0.173475
    outer loop
      vertex 15.3226 4.10568 18.0884
      vertex 15.0885 4.04294 19.463
      vertex 15.6221 2.7546 18.0884
    endloop
  endfacet
  facet normal 0.939265 0.29612 0.173476
    outer loop
      vertex 15.3226 4.10568 18.0884
      vertex 14.9065 5.42551 18.0884
      vertex 15.0885 4.04294 19.463
    endloop
  endfacet
  facet normal 0.865406 0.0378215 0.499642
    outer loop
      vertex 14.1922 0 23.388
      vertex 13.4429 1.1761 24.5968
      vertex 13.4943 0 24.5968
    endloop
  endfacet
  facet normal 0.938898 0.0410295 0.341743
    outer loop
      vertex 15.2595 0 20.8113
      vertex 14.7258 1.28834 22.1229
      vertex 14.7821 0 22.1229
    endloop
  endfacet
  facet normal 0.128566 0.976403 0.173517
    outer loop
      vertex 1.38256 15.8028 18.0884
      vertex 1.36144 15.5613 19.463
      vertex 2.71251 15.3834 19.463
    endloop
  endfacet
  facet normal 0.126106 0.957721 0.258588
    outer loop
      vertex 1.36144 15.5613 19.463
      vertex 1.32995 15.2014 20.8113
      vertex 2.71251 15.3834 19.463
    endloop
  endfacet
  facet normal -0.675598 -0.73727 0
    outer loop
      vertex -11.3029 -11.3029 16
      vertex -10.2748 -12.245 16.6979
      vertex -11.3029 -11.3029 16.6979
    endloop
  endfacet
  facet normal -0.675598 -0.73727 -0
    outer loop
      vertex -10.2748 -12.245 16.6979
      vertex -11.3029 -11.3029 16
      vertex -10.2748 -12.245 16
    endloop
  endfacet
  facet normal -0.701391 0.0923499 0.706768
    outer loop
      vertex -10.6452 1.87704 27.7964
      vertex -11.6172 2.04843 26.8094
      vertex -10.7683 0.942104 27.7964
    endloop
  endfacet
  facet normal -0.690676 0.153117 0.706768
    outer loop
      vertex -10.4411 2.79769 27.7964
      vertex -11.6172 2.04843 26.8094
      vertex -10.6452 1.87704 27.7964
    endloop
  endfacet
  facet normal -0.561253 -0.430666 0.706769
    outer loop
      vertex -8.85458 -6.20004 27.7964
      vertex -9.66308 -6.76616 26.8094
      vertex -8.28051 -6.94818 27.7964
    endloop
  endfacet
  facet normal -0.474204 -0.434526 0.765714
    outer loop
      vertex -7.46141 -6.26087 28.6937
      vertex -8.28051 -6.94818 27.7964
      vertex -6.88735 -6.88735 28.6937
    endloop
  endfacet
  facet normal -0.42315 -0.387748 0.818899
    outer loop
      vertex -6.58553 -5.52591 29.4943
      vertex -6.88735 -6.88735 28.6937
      vertex -6.07885 -6.07885 29.4943
    endloop
  endfacet
  facet normal -0.51027 -0.391545 0.765714
    outer loop
      vertex -7.46141 -6.26087 28.6937
      vertex -8.85458 -6.20004 27.7964
      vertex -8.28051 -6.94818 27.7964
    endloop
  endfacet
  facet normal -0.434528 0.474204 0.765713
    outer loop
      vertex -6.94818 8.28051 27.7964
      vertex -7.64343 7.64343 27.7964
      vertex -6.88735 6.88735 28.6937
    endloop
  endfacet
  facet normal -0.477942 0.521588 0.706766
    outer loop
      vertex -7.5826 9.03659 26.8094
      vertex -8.34134 8.34134 26.8094
      vertex -6.94818 8.28051 27.7964
    endloop
  endfacet
  facet normal -0.627514 0.326664 0.706765
    outer loop
      vertex -9.36125 5.40472 27.7964
      vertex -10.216 5.89822 26.8094
      vertex -9.79668 4.56827 27.7964
    endloop
  endfacet
  facet normal -0.570511 0.29699 0.765712
    outer loop
      vertex -9.36125 5.40472 27.7964
      vertex -9.79668 4.56827 27.7964
      vertex -8.43525 4.87009 28.6937
    endloop
  endfacet
  facet normal -0.53025 0.219637 0.818898
    outer loop
      vertex -7.79134 3.63316 29.4943
      vertex -8.8276 4.11638 28.6937
      vertex -8.07834 2.94028 29.4943
    endloop
  endfacet
  facet normal -0.462264 0.191476 0.865823
    outer loop
      vertex -7.79134 3.63316 29.4943
      vertex -8.07834 2.94028 29.4943
      vertex -6.69578 3.12229 30.1922
    endloop
  endfacet
  facet normal -0.303632 0.158059 0.939588
    outer loop
      vertex -4.1667 2.40565 31.2595
      vertex -5.30262 3.06147 30.7821
      vertex -4.36051 2.03334 31.2595
    endloop
  endfacet
  facet normal -0.303635 0.158056 0.939587
    outer loop
      vertex -5.30262 3.06147 30.7821
      vertex -5.54926 2.58766 30.7821
      vertex -4.36051 2.03334 31.2595
    endloop
  endfacet
  facet normal -0.146599 0.0933946 0.984777
    outer loop
      vertex -2.83675 1.98631 31.6207
      vertex -2.99907 1.73152 31.6207
      vertex -1.71073 1.19787 31.8631
    endloop
  endfacet
  facet normal -0.15418 0.0802641 0.984777
    outer loop
      vertex -1.80862 1.04421 31.8631
      vertex -2.99907 1.73152 31.6207
      vertex -1.89275 0.882604 31.8631
    endloop
  endfacet
  facet normal -0.139164 0.218443 0.965876
    outer loop
      vertex -1.73152 2.99907 31.6207
      vertex -2.75964 3.94118 31.2595
      vertex -1.98631 2.83675 31.6207
    endloop
  endfacet
  facet normal -0.102931 0.326467 0.939588
    outer loop
      vertex -1.58473 5.9143 30.7821
      vertex -2.09417 5.75368 30.7821
      vertex -1.64556 4.52114 31.2595
    endloop
  endfacet
  facet normal -0.311832 0.28574 0.906153
    outer loop
      vertex -5.22409 5.22409 30.1922
      vertex -5.65952 4.7489 30.1922
      vertex -4.69044 3.93575 30.7821
    endloop
  endfacet
  facet normal -0.421993 0.268839 0.865822
    outer loop
      vertex -7.04208 4.93092 29.4943
      vertex -7.44504 4.2984 29.4943
      vertex -6.05188 4.23757 30.1922
    endloop
  endfacet
  facet normal -0.157667 0.205487 0.965876
    outer loop
      vertex -1.98631 2.83675 31.6207
      vertex -2.75964 3.94118 31.2595
      vertex -2.226 2.65284 31.6207
    endloop
  endfacet
  facet normal 0.0188889 -0.0852022 0.996185
    outer loop
      vertex 0.180632 -0.674129 31.9848
      vertex 0.12119 -0.687307 31.9848
      vertex 0.540523 -2.01726 31.8631
    endloop
  endfacet
  facet normal -0.356712 0.227251 0.906153
    outer loop
      vertex -6.05188 4.23757 30.1922
      vertex -6.39818 3.69399 30.1922
      vertex -5.30262 3.06147 30.7821
    endloop
  endfacet
  facet normal -0.356707 0.227255 0.906154
    outer loop
      vertex -5.01561 3.51197 30.7821
      vertex -6.05188 4.23757 30.1922
      vertex -5.30262 3.06147 30.7821
    endloop
  endfacet
  facet normal -0.734471 0.673033 0.0870517
    outer loop
      vertex -11.3029 11.3029 16.6979
      vertex -12.245 10.2748 16.6979
      vertex -11.2169 11.2169 18.0884
    endloop
  endfacet
  facet normal -0.790352 0.606429 0.0871016
    outer loop
      vertex -12.1519 10.1966 18.0884
      vertex -13.094 9.16849 16.6979
      vertex -12.9943 9.09871 18.0884
    endloop
  endfacet
  facet normal -0.66537 0.726072 0.173502
    outer loop
      vertex -10.1966 12.1519 18.0884
      vertex -11.2169 11.2169 18.0884
      vertex -10.0408 11.9662 19.463
    endloop
  endfacet
  facet normal -0.59951 0.781335 0.173503
    outer loop
      vertex -9.09871 12.9943 18.0884
      vertex -10.1966 12.1519 18.0884
      vertex -10.0408 11.9662 19.463
    endloop
  endfacet
  facet normal -0.650076 0.4988 0.573237
    outer loop
      vertex -9.7239 8.15932 25.7402
      vertex -11.0539 7.73999 24.5968
      vertex -10.398 7.28078 25.7402
    endloop
  endfacet
  facet normal -0.691063 0.440262 0.573238
    outer loop
      vertex -10.398 7.28078 25.7402
      vertex -11.0539 7.73999 24.5968
      vertex -10.993 6.34683 25.7402
    endloop
  endfacet
  facet normal -0.638656 0.58522 0.499637
    outer loop
      vertex -9.54188 9.54188 24.5968
      vertex -10.8718 9.12255 23.388
      vertex -10.3372 8.67394 24.5968
    endloop
  endfacet
  facet normal -0.604136 0.553588 0.573202
    outer loop
      vertex -9.54188 9.54188 24.5968
      vertex -10.3372 8.67394 24.5968
      vertex -8.97577 8.97577 25.7402
    endloop
  endfacet
  facet normal -0.612392 0.668324 0.422277
    outer loop
      vertex -9.50173 11.3237 22.1229
      vertex -10.4525 10.4525 22.1229
      vertex -9.12255 10.8718 23.388
    endloop
  endfacet
  facet normal -0.612379 0.668352 0.422253
    outer loop
      vertex -9.12255 10.8718 23.388
      vertex -10.4525 10.4525 22.1229
      vertex -10.0354 10.0354 23.388
    endloop
  endfacet
  facet normal -0.346892 0.837476 0.422255
    outer loop
      vertex -4.85401 13.3363 23.388
      vertex -6.24717 13.3971 22.1229
      vertex -5.99787 12.8625 23.388
    endloop
  endfacet
  facet normal -0.113063 0.858821 0.499644
    outer loop
      vertex -1.23693 14.1382 23.388
      vertex -2.46444 13.9766 23.388
      vertex -2.34325 13.2893 24.5968
    endloop
  endfacet
  facet normal -0.272591 0.864511 0.422273
    outer loop
      vertex -3.82588 14.2784 22.1229
      vertex -5.05577 13.8906 22.1229
      vertex -3.6732 13.7086 23.388
    endloop
  endfacet
  facet normal -0.290472 0.921275 0.25861
    outer loop
      vertex -4.04294 15.0885 19.463
      vertex -5.21905 14.3392 20.8113
      vertex -3.94944 14.7395 20.8113
    endloop
  endfacet
  facet normal -0.378372 0.726821 0.573206
    outer loop
      vertex -5.70292 12.23 24.5968
      vertex -6.74713 11.6864 24.5968
      vertex -5.36457 11.5044 25.7402
    endloop
  endfacet
  facet normal -0.399991 0.76835 0.499646
    outer loop
      vertex -5.70292 12.23 24.5968
      vertex -7.09609 12.2908 23.388
      vertex -6.74713 11.6864 24.5968
    endloop
  endfacet
  facet normal -0.260477 0.826144 0.499637
    outer loop
      vertex -3.6732 13.7086 23.388
      vertex -4.85401 13.3363 23.388
      vertex -4.61531 12.6805 24.5968
    endloop
  endfacet
  facet normal -0.246397 0.781464 0.573238
    outer loop
      vertex -3.49257 13.0345 24.5968
      vertex -4.34149 11.9281 25.7402
      vertex -3.28536 12.2611 25.7402
    endloop
  endfacet
  facet normal -0.553583 0.604137 0.573205
    outer loop
      vertex -8.67394 10.3372 24.5968
      vertex -8.97577 8.97577 25.7402
      vertex -8.15932 9.7239 25.7402
    endloop
  endfacet
  facet normal -0.51772 0.564998 0.642451
    outer loop
      vertex -8.15932 9.7239 25.7402
      vertex -8.97577 8.97577 25.7402
      vertex -7.5826 9.03659 26.8094
    endloop
  endfacet
  facet normal -0.4988 0.650076 0.573237
    outer loop
      vertex -7.73999 11.0539 24.5968
      vertex -8.15932 9.7239 25.7402
      vertex -7.28078 10.398 25.7402
    endloop
  endfacet
  facet normal -0.466517 0.607963 0.642451
    outer loop
      vertex -6.76616 9.66308 26.8094
      vertex -8.15932 9.7239 25.7402
      vertex -7.5826 9.03659 26.8094
    endloop
  endfacet
  facet normal -0.296984 0.570511 0.765714
    outer loop
      vertex -4.56827 9.79668 27.7964
      vertex -4.87009 8.43525 28.6937
      vertex -4.11638 8.8276 28.6937
    endloop
  endfacet
  facet normal -0.265011 0.50909 0.818899
    outer loop
      vertex -4.11638 8.8276 28.6937
      vertex -4.87009 8.43525 28.6937
      vertex -4.2984 7.44504 29.4943
    endloop
  endfacet
  facet normal -0.712176 0.652633 0.258601
    outer loop
      vertex -11.0455 11.0455 19.463
      vertex -11.9662 10.0408 19.463
      vertex -11.6894 9.8086 20.8113
    endloop
  endfacet
  facet normal -0.792619 0.504966 0.341708
    outer loop
      vertex -12.4998 8.75247 20.8113
      vertex -12.8017 7.39104 22.1229
      vertex -12.1088 8.47865 22.1229
    endloop
  endfacet
  facet normal -0.745597 0.572119 0.341709
    outer loop
      vertex -11.6894 9.8086 20.8113
      vertex -12.4998 8.75247 20.8113
      vertex -12.1088 8.47865 22.1229
    endloop
  endfacet
  facet normal -0.745567 0.57214 0.34174
    outer loop
      vertex -11.6894 9.8086 20.8113
      vertex -12.1088 8.47865 22.1229
      vertex -11.3237 9.50173 22.1229
    endloop
  endfacet
  facet normal 0.191481 0.462264 0.865821
    outer loop
      vertex 2.94028 8.07834 29.4943
      vertex 2.52684 6.94243 30.1922
      vertex 3.12229 6.69578 30.1922
    endloop
  endfacet
  facet normal 0.16186 0.390753 0.906153
    outer loop
      vertex 2.52684 6.94243 30.1922
      vertex 2.09417 5.75368 30.7821
      vertex 3.12229 6.69578 30.1922
    endloop
  endfacet
  facet normal 0.127182 0.403373 0.906154
    outer loop
      vertex 1.91215 7.13624 30.1922
      vertex 1.58473 5.9143 30.7821
      vertex 2.52684 6.94243 30.1922
    endloop
  endfacet
  facet normal 0.150458 0.477196 0.865821
    outer loop
      vertex 2.94028 8.07834 29.4943
      vertex 1.91215 7.13624 30.1922
      vertex 2.52684 6.94243 30.1922
    endloop
  endfacet
  facet normal -0.165777 0.0522649 0.984777
    outer loop
      vertex -3.25419 1.18443 31.6207
      vertex -3.34503 0.896298 31.6207
      vertex -1.96247 0.714281 31.8631
    endloop
  endfacet
  facet normal 0.0736045 -0.0468895 0.996185
    outer loop
      vertex 0.604407 -0.348954 31.9848
      vertex 0.571694 -0.400305 31.9848
      vertex 1.80862 -1.04421 31.8631
    endloop
  endfacet
  facet normal -0.137901 0.105816 0.984777
    outer loop
      vertex -1.59982 1.34241 31.8631
      vertex -2.65284 2.226 31.6207
      vertex -1.71073 1.19787 31.8631
    endloop
  endfacet
  facet normal -0.160588 0.0665227 0.984777
    outer loop
      vertex -3.13857 1.46354 31.6207
      vertex -3.25419 1.18443 31.6207
      vertex -1.96247 0.714281 31.8631
    endloop
  endfacet
  facet normal -0.158073 0.30366 0.939576
    outer loop
      vertex -2.67332 4.94695 30.9623
      vertex -2.40565 4.1667 31.2595
      vertex -2.03334 4.36051 31.2595
    endloop
  endfacet
  facet normal -0.1581 0.30365 0.939575
    outer loop
      vertex -2.40565 4.1667 31.2595
      vertex -2.67332 4.94695 30.9623
      vertex -2.8 4.84974 30.9724
    endloop
  endfacet
  facet normal -0.0871879 -0.00380565 0.996185
    outer loop
      vertex -0.697909 0 31.9848
      vertex -2.08842 0 31.8631
      vertex -0.695254 -0.0608263 31.9848
    endloop
  endfacet
  facet normal 0.0589586 0.0643437 0.996185
    outer loop
      vertex 1.34241 1.59982 31.8631
      vertex 0.448607 0.53463 31.9848
      vertex 0.493497 0.493497 31.9848
    endloop
  endfacet
  facet normal 0.0774096 0.0402988 0.996185
    outer loop
      vertex 1.80862 1.04421 31.8631
      vertex 0.604407 0.348954 31.9848
      vertex 0.632521 0.29495 31.9848
    endloop
  endfacet
  facet normal -0.0402985 -0.0774098 0.996185
    outer loop
      vertex -0.29495 -0.632521 31.9848
      vertex -1.04421 -1.80862 31.8631
      vertex -0.882604 -1.89275 31.8631
    endloop
  endfacet
  facet normal 0.0802613 -0.154182 0.984777
    outer loop
      vertex 1.73152 -2.99907 31.6207
      vertex 0.882604 -1.89275 31.8631
      vertex 1.46354 -3.13857 31.6207
    endloop
  endfacet
  facet normal -0.376882 0.909864 0.173513
    outer loop
      vertex -5.42551 14.9065 18.0884
      vertex -6.60161 14.1572 19.463
      vertex -5.34261 14.6787 19.463
    endloop
  endfacet
  facet normal -0.209043 0.943091 0.25861
    outer loop
      vertex -2.71251 15.3834 19.463
      vertex -4.04294 15.0885 19.463
      vertex -3.94944 14.7395 20.8113
    endloop
  endfacet
  facet normal -0.459992 0.883646 0.0870411
    outer loop
      vertex -6.75546 14.4871 16.6979
      vertex -7.93156 13.7379 18.0884
      vertex -6.70404 14.3769 18.0884
    endloop
  endfacet
  facet normal -0.381241 0.920369 0.0870393
    outer loop
      vertex -5.42551 14.9065 18.0884
      vertex -6.75546 14.4871 16.6979
      vertex -6.70404 14.3769 18.0884
    endloop
  endfacet
  facet normal -0.36967 0.892453 0.258595
    outer loop
      vertex -5.34261 14.6787 19.463
      vertex -6.60161 14.1572 19.463
      vertex -5.21905 14.3392 20.8113
    endloop
  endfacet
  facet normal -0.369649 0.892469 0.258572
    outer loop
      vertex -5.21905 14.3392 20.8113
      vertex -6.60161 14.1572 19.463
      vertex -6.44893 13.8298 20.8113
    endloop
  endfacet
  facet normal -0.21314 0.961498 0.173475
    outer loop
      vertex -2.7546 15.6221 18.0884
      vertex -4.10568 15.3226 18.0884
      vertex -4.04294 15.0885 19.463
    endloop
  endfacet
  facet normal -0.29612 0.939265 0.173476
    outer loop
      vertex -4.10568 15.3226 18.0884
      vertex -5.42551 14.9065 18.0884
      vertex -4.04294 15.0885 19.463
    endloop
  endfacet
  facet normal -0.461749 0.887011 0
    outer loop
      vertex -6.75546 14.4871 16
      vertex -7.99238 13.8432 16.6979
      vertex -6.75546 14.4871 16.6979
    endloop
  endfacet
  facet normal -0.461749 0.887011 0
    outer loop
      vertex -7.99238 13.8432 16.6979
      vertex -6.75546 14.4871 16
      vertex -7.99238 13.8432 16
    endloop
  endfacet
  facet normal -0.73727 0.675598 0
    outer loop
      vertex -12.245 10.2748 16
      vertex -11.3029 11.3029 16.6979
      vertex -11.3029 11.3029 16
    endloop
  endfacet
  facet normal -0.73727 0.675598 0
    outer loop
      vertex -11.3029 11.3029 16.6979
      vertex -12.245 10.2748 16
      vertex -12.245 10.2748 16.6979
    endloop
  endfacet
  facet normal -0.128566 -0.976403 0.173517
    outer loop
      vertex -1.36144 -15.5613 19.463
      vertex -2.71251 -15.3834 19.463
      vertex -1.38256 -15.8028 18.0884
    endloop
  endfacet
  facet normal -0.0429276 -0.983895 0.173518
    outer loop
      vertex -1.36144 -15.5613 19.463
      vertex -1.38256 -15.8028 18.0884
      vertex 0 -15.6207 19.463
    endloop
  endfacet
  facet normal -0.391545 -0.51027 0.765714
    outer loop
      vertex -5.58674 -7.97869 28.6937
      vertex -6.26087 -7.46141 28.6937
      vertex -6.20004 -8.85458 27.7964
    endloop
  endfacet
  facet normal -0.308377 -0.484054 0.818899
    outer loop
      vertex -4.2984 -7.44504 29.4943
      vertex -4.93092 -7.04208 29.4943
      vertex -4.87009 -8.43525 28.6937
    endloop
  endfacet
  facet normal -0.331492 -0.800297 0.499638
    outer loop
      vertex -4.61531 -12.6805 24.5968
      vertex -5.70292 -12.23 24.5968
      vertex -4.85401 -13.3363 23.388
    endloop
  endfacet
  facet normal -0.260477 -0.826144 0.499637
    outer loop
      vertex -4.61531 -12.6805 24.5968
      vertex -4.85401 -13.3363 23.388
      vertex -3.6732 -13.7086 23.388
    endloop
  endfacet
  facet normal -0.313529 -0.757057 0.573205
    outer loop
      vertex -5.36457 -11.5044 25.7402
      vertex -5.70292 -12.23 24.5968
      vertex -4.34149 -11.9281 25.7402
    endloop
  endfacet
  facet normal -0.270768 -0.653604 0.706743
    outer loop
      vertex -3.69705 -10.1576 27.7964
      vertex -4.56827 -9.79668 27.7964
      vertex -4.03462 -11.085 26.8094
    endloop
  endfacet
  facet normal -0.399991 -0.76835 0.499646
    outer loop
      vertex -6.74713 -11.6864 24.5968
      vertex -7.09609 -12.2908 23.388
      vertex -5.70292 -12.23 24.5968
    endloop
  endfacet
  facet normal -0.378372 -0.726821 0.573206
    outer loop
      vertex -5.36457 -11.5044 25.7402
      vertex -6.74713 -11.6864 24.5968
      vertex -5.70292 -12.23 24.5968
    endloop
  endfacet
  facet normal -0.246163 -0.59421 0.765714
    outer loop
      vertex -4.11638 -8.8276 28.6937
      vertex -4.56827 -9.79668 27.7964
      vertex -3.69705 -10.1576 27.7964
    endloop
  endfacet
  facet normal -0.246133 -0.594208 0.765725
    outer loop
      vertex -3.33134 -9.15278 28.6937
      vertex -4.11638 -8.8276 28.6937
      vertex -3.69705 -10.1576 27.7964
    endloop
  endfacet
  facet normal -0.719115 -0.551841 0.422309
    outer loop
      vertex -11.6255 -8.1403 23.388
      vertex -12.1088 -8.47865 22.1229
      vertex -11.3237 -9.50173 22.1229
    endloop
  endfacet
  facet normal -0.745567 -0.57214 0.34174
    outer loop
      vertex -11.3237 -9.50173 22.1229
      vertex -12.1088 -8.47865 22.1229
      vertex -11.6894 -9.8086 20.8113
    endloop
  endfacet
  facet normal -0.757017 -0.313565 0.573238
    outer loop
      vertex -11.9281 -4.34149 25.7402
      vertex -12.6805 -4.61531 24.5968
      vertex -12.23 -5.70292 24.5968
    endloop
  endfacet
  facet normal -0.757057 -0.313529 0.573205
    outer loop
      vertex -11.9281 -4.34149 25.7402
      vertex -12.23 -5.70292 24.5968
      vertex -11.5044 -5.36457 25.7402
    endloop
  endfacet
  facet normal -0.564998 -0.51772 0.642451
    outer loop
      vertex -9.03659 -7.5826 26.8094
      vertex -9.7239 -8.15932 25.7402
      vertex -8.97577 -8.97577 25.7402
    endloop
  endfacet
  facet normal -0.466517 -0.607963 0.642451
    outer loop
      vertex -7.5826 -9.03659 26.8094
      vertex -8.15932 -9.7239 25.7402
      vertex -6.76616 -9.66308 26.8094
    endloop
  endfacet
  facet normal -0.521583 -0.477944 0.706768
    outer loop
      vertex -8.28051 -6.94818 27.7964
      vertex -8.34134 -8.34134 26.8094
      vertex -7.64343 -7.64343 27.7964
    endloop
  endfacet
  facet normal -0.477944 -0.521583 0.706768
    outer loop
      vertex -7.64343 -7.64343 27.7964
      vertex -8.34134 -8.34134 26.8094
      vertex -6.94818 -8.28051 27.7964
    endloop
  endfacet
  facet normal -0.553583 -0.604137 0.573205
    outer loop
      vertex -8.15932 -9.7239 25.7402
      vertex -8.97577 -8.97577 25.7402
      vertex -8.67394 -10.3372 24.5968
    endloop
  endfacet
  facet normal -0.51772 -0.564998 0.642451
    outer loop
      vertex -7.5826 -9.03659 26.8094
      vertex -8.97577 -8.97577 25.7402
      vertex -8.15932 -9.7239 25.7402
    endloop
  endfacet
  facet normal -0.34558 -0.542457 0.765712
    outer loop
      vertex -4.87009 -8.43525 28.6937
      vertex -6.20004 -8.85458 27.7964
      vertex -5.40472 -9.36125 27.7964
    endloop
  endfacet
  facet normal -0.380109 -0.596658 0.706765
    outer loop
      vertex -5.40472 -9.36125 27.7964
      vertex -6.20004 -8.85458 27.7964
      vertex -5.89822 -10.216 26.8094
    endloop
  endfacet
  facet normal -0.627509 -0.326668 0.706767
    outer loop
      vertex -9.79668 -4.56827 27.7964
      vertex -10.6912 -4.98539 26.8094
      vertex -10.216 -5.89822 26.8094
    endloop
  endfacet
  facet normal -0.6536 -0.270715 0.706767
    outer loop
      vertex -9.79668 -4.56827 27.7964
      vertex -11.085 -4.03462 26.8094
      vertex -10.6912 -4.98539 26.8094
    endloop
  endfacet
  facet normal -0.0188873 -0.0852027 0.996185
    outer loop
      vertex -0.12119 -0.687307 31.9848
      vertex -0.540523 -2.01726 31.8631
      vertex -0.36265 -2.05669 31.8631
    endloop
  endfacet
  facet normal 0.0333973 0.0806279 0.996185
    outer loop
      vertex 0.882604 1.89275 31.8631
      vertex 0.238699 0.655821 31.9848
      vertex 0.29495 0.632521 31.9848
    endloop
  endfacet
  facet normal -0.0736045 0.0468895 0.996185
    outer loop
      vertex -0.571694 0.400305 31.9848
      vertex -1.80862 1.04421 31.8631
      vertex -0.604407 0.348954 31.9848
    endloop
  endfacet
  facet normal 0.0832313 -0.0262448 0.996185
    outer loop
      vertex 2.01726 -0.540523 31.8631
      vertex 0.655821 -0.238699 31.9848
      vertex 1.96247 -0.714281 31.8631
    endloop
  endfacet
  facet normal -0.0188889 0.0852022 0.996185
    outer loop
      vertex -0.12119 0.687307 31.9848
      vertex -0.540523 2.01726 31.8631
      vertex -0.180632 0.674129 31.9848
    endloop
  endfacet
  facet normal 0.0376188 -0.169703 0.984777
    outer loop
      vertex 0.540523 -2.01726 31.8631
      vertex 0.36265 -2.05669 31.8631
      vertex 0.896298 -3.34503 31.6207
    endloop
  endfacet
  facet normal 0.0778786 -0.24702 0.965876
    outer loop
      vertex 1.18443 -3.25419 31.6207
      vertex 0.896298 -3.34503 31.6207
      vertex 1.64556 -4.52114 31.2595
    endloop
  endfacet
  facet normal -0.0402988 -0.0774096 0.996185
    outer loop
      vertex -0.348954 -0.604407 31.9848
      vertex -1.04421 -1.80862 31.8631
      vertex -0.29495 -0.632521 31.9848
    endloop
  endfacet
  facet normal 0.0402988 -0.0774096 0.996185
    outer loop
      vertex 0.348954 -0.604407 31.9848
      vertex 0.29495 -0.632521 31.9848
      vertex 1.04421 -1.80862 31.8631
    endloop
  endfacet
  facet normal 0.0113908 -0.0865245 0.996185
    outer loop
      vertex 0.36265 -2.05669 31.8631
      vertex 0.12119 -0.687307 31.9848
      vertex 0.182017 -2.08047 31.8631
    endloop
  endfacet
  facet normal -0.0832313 -0.0262448 0.996185
    outer loop
      vertex -0.655821 -0.238699 31.9848
      vertex -2.01726 -0.540523 31.8631
      vertex -1.96247 -0.714281 31.8631
    endloop
  endfacet
  facet normal 0.105812 -0.137905 0.984777
    outer loop
      vertex 2.226 -2.65284 31.6207
      vertex 1.19787 -1.71073 31.8631
      vertex 1.98631 -2.83675 31.6207
    endloop
  endfacet
  facet normal 0.0852022 0.0188889 0.996185
    outer loop
      vertex 2.01726 0.540523 31.8631
      vertex 0.674129 0.180632 31.9848
      vertex 0.687307 0.12119 31.9848
    endloop
  endfacet
  facet normal 0.0865245 0.0113908 0.996185
    outer loop
      vertex 2.05669 0.36265 31.8631
      vertex 0.687307 0.12119 31.9848
      vertex 2.08047 0.182017 31.8631
    endloop
  endfacet
  facet normal 0.0865245 0.0113911 0.996185
    outer loop
      vertex 2.08047 0.182017 31.8631
      vertex 0.687307 0.12119 31.9848
      vertex 0.695254 0.0608263 31.9848
    endloop
  endfacet
  facet normal 0.165776 0.0522731 0.984777
    outer loop
      vertex 3.34503 0.896298 31.6207
      vertex 1.96247 0.714281 31.8631
      vertex 2.01726 0.540523 31.8631
    endloop
  endfacet
  facet normal -0.0852022 -0.0188889 0.996185
    outer loop
      vertex -0.687307 -0.12119 31.9848
      vertex -2.01726 -0.540523 31.8631
      vertex -0.674129 -0.180632 31.9848
    endloop
  endfacet
  facet normal 0.146599 0.0933946 0.984777
    outer loop
      vertex 2.83675 1.98631 31.6207
      vertex 1.71073 1.19787 31.8631
      vertex 2.99907 1.73152 31.6207
    endloop
  endfacet
  facet normal 0.160588 0.0665227 0.984777
    outer loop
      vertex 3.13857 1.46354 31.6207
      vertex 1.96247 0.714281 31.8631
      vertex 3.25419 1.18443 31.6207
    endloop
  endfacet
  facet normal 0.316251 0.131 0.939587
    outer loop
      vertex 5.54926 2.58766 30.7821
      vertex 4.36051 2.03334 31.2595
      vertex 4.52114 1.64556 31.2595
    endloop
  endfacet
  facet normal 0.00757743 0.173656 0.984777
    outer loop
      vertex 0.301823 3.44986 31.6207
      vertex 0 3.46303 31.6207
      vertex 0.182017 2.08047 31.8631
    endloop
  endfacet
  facet normal -0.00757743 0.173656 0.984777
    outer loop
      vertex 0 3.46303 31.6207
      vertex -0.301823 3.44986 31.6207
      vertex -0.182017 2.08047 31.8631
    endloop
  endfacet
  facet normal -0.0643437 -0.0589586 0.996185
    outer loop
      vertex -0.53463 -0.448607 31.9848
      vertex -1.59982 -1.34241 31.8631
      vertex -0.493497 -0.493497 31.9848
    endloop
  endfacet
  facet normal 0.0643453 0.0589565 0.996185
    outer loop
      vertex 1.47674 1.47674 31.8631
      vertex 0.493497 0.493497 31.9848
      vertex 1.59982 1.34241 31.8631
    endloop
  endfacet
  facet normal -0.0149325 -0.341981 0.939588
    outer loop
      vertex -0.419332 -4.79298 31.2595
      vertex -0.533648 -6.09964 30.7821
      vertex 0 -4.81129 31.2595
    endloop
  endfacet
  facet normal -0.0376226 -0.169701 0.984777
    outer loop
      vertex -0.36265 -2.05669 31.8631
      vertex -0.896298 -3.34503 31.6207
      vertex -0.601349 -3.41042 31.6207
    endloop
  endfacet
  facet normal -0.162494 -0.390496 0.906151
    outer loop
      vertex -2.09417 -5.75368 30.7821
      vertex -2.13562 -5.79166 30.7583
      vertex -2.12828 -5.84739 30.7356
    endloop
  endfacet
  facet normal -0.191673 -0.462189 0.865819
    outer loop
      vertex -2.8 -7.27461 29.9544
      vertex -2.94028 -8.07834 29.4943
      vertex -2.58874 -7.11251 30.0877
    endloop
  endfacet
  facet normal -0.191419 -0.462248 0.865844
    outer loop
      vertex -2.94028 -8.07834 29.4943
      vertex -2.8 -7.27461 29.9544
      vertex -3.03336 -7.37128 29.8512
    endloop
  endfacet
  facet normal 0.0113911 0.0865245 0.996185
    outer loop
      vertex 0.182017 2.08047 31.8631
      vertex 0.0608263 0.695254 31.9848
      vertex 0.12119 0.687307 31.9848
    endloop
  endfacet
  facet normal -0.172335 -0.0226875 0.984777
    outer loop
      vertex -2.08047 -0.182017 31.8631
      vertex -3.41042 -0.601349 31.6207
      vertex -2.05669 -0.36265 31.8631
    endloop
  endfacet
  facet normal -0.160591 -0.0665174 0.984777
    outer loop
      vertex -1.96247 -0.714281 31.8631
      vertex -3.13857 -1.46354 31.6207
      vertex -1.89275 -0.882604 31.8631
    endloop
  endfacet
  facet normal -0.239287 -0.0991234 0.965876
    outer loop
      vertex -3.25419 -1.18443 31.6207
      vertex -4.36051 -2.03334 31.2595
      vertex -3.13857 -1.46354 31.6207
    endloop
  endfacet
  facet normal -0.146599 -0.0933946 0.984777
    outer loop
      vertex -1.71073 -1.19787 31.8631
      vertex -2.99907 -1.73152 31.6207
      vertex -2.83675 -1.98631 31.6207
    endloop
  endfacet
  facet normal -0.137905 -0.105812 0.984777
    outer loop
      vertex -1.71073 -1.19787 31.8631
      vertex -2.83675 -1.98631 31.6207
      vertex -2.65284 -2.226 31.6207
    endloop
  endfacet
  facet normal -0.0188889 -0.0852022 0.996185
    outer loop
      vertex -0.180632 -0.674129 31.9848
      vertex -0.540523 -2.01726 31.8631
      vertex -0.12119 -0.687307 31.9848
    endloop
  endfacet
  facet normal -0.00758484 -0.173657 0.984777
    outer loop
      vertex 0 -2.08842 31.8631
      vertex -0.182017 -2.08047 31.8631
      vertex 0 -3.46303 31.6207
    endloop
  endfacet
  facet normal 0.0531274 -0.0692367 0.996185
    outer loop
      vertex 1.34241 -1.59982 31.8631
      vertex 0.400305 -0.571694 31.9848
      vertex 1.19787 -1.71073 31.8631
    endloop
  endfacet
  facet normal -0.00380813 0.087188 0.996185
    outer loop
      vertex 0 2.08842 31.8631
      vertex -0.182017 2.08047 31.8631
      vertex -0.0608263 0.695254 31.9848
    endloop
  endfacet
  facet normal -0.0933926 -0.1466 0.984777
    outer loop
      vertex -1.19787 -1.71073 31.8631
      vertex -1.73152 -2.99907 31.6207
      vertex -1.04421 -1.80862 31.8631
    endloop
  endfacet
  facet normal -0.04689 -0.0736042 0.996185
    outer loop
      vertex -0.400305 -0.571694 31.9848
      vertex -1.19787 -1.71073 31.8631
      vertex -1.04421 -1.80862 31.8631
    endloop
  endfacet
  facet normal -0.0692367 0.0531274 0.996185
    outer loop
      vertex -1.59982 1.34241 31.8631
      vertex -1.71073 1.19787 31.8631
      vertex -0.571694 0.400305 31.9848
    endloop
  endfacet
  facet normal -0.0665227 -0.160588 0.984777
    outer loop
      vertex -0.714281 -1.96247 31.8631
      vertex -1.46354 -3.13857 31.6207
      vertex -1.18443 -3.25419 31.6207
    endloop
  endfacet
  facet normal -0.0338125 -0.256788 0.965876
    outer loop
      vertex -0.601349 -3.41042 31.6207
      vertex -0.835472 -4.7382 31.2595
      vertex -0.301823 -3.44986 31.6207
    endloop
  endfacet
  facet normal -0.0338036 -0.256792 0.965875
    outer loop
      vertex -0.301823 -3.44986 31.6207
      vertex -0.835472 -4.7382 31.2595
      vertex -0.419332 -4.79298 31.2595
    endloop
  endfacet
  facet normal -0.0560616 -0.252865 0.965876
    outer loop
      vertex -0.896298 -3.34503 31.6207
      vertex -1.24525 -4.64735 31.2595
      vertex -0.835472 -4.7382 31.2595
    endloop
  endfacet
  facet normal -0.0778803 -0.247019 0.965876
    outer loop
      vertex -0.896298 -3.34503 31.6207
      vertex -1.64556 -4.52114 31.2595
      vertex -1.24525 -4.64735 31.2595
    endloop
  endfacet
  facet normal -0.157674 -0.205484 0.965875
    outer loop
      vertex -2.226 -2.65284 31.6207
      vertex -3.09264 -3.68566 31.2595
      vertex -2.75964 -3.94118 31.2595
    endloop
  endfacet
  facet normal -0.17498 -0.190962 0.965875
    outer loop
      vertex -2.226 -2.65284 31.6207
      vertex -3.4021 -3.4021 31.2595
      vertex -3.09264 -3.68566 31.2595
    endloop
  endfacet
  facet normal -0.139164 -0.218443 0.965876
    outer loop
      vertex -1.98631 -2.83675 31.6207
      vertex -2.75964 -3.94118 31.2595
      vertex -1.73152 -2.99907 31.6207
    endloop
  endfacet
  facet normal -0.0933946 -0.146599 0.984777
    outer loop
      vertex -1.19787 -1.71073 31.8631
      vertex -1.98631 -2.83675 31.6207
      vertex -1.73152 -2.99907 31.6207
    endloop
  endfacet
  facet normal -0.16198 -0.390982 0.906033
    outer loop
      vertex -2.09417 -5.75368 30.7821
      vertex -2.14329 -5.73333 30.7821
      vertex -2.13562 -5.79166 30.7583
    endloop
  endfacet
  facet normal -0.131023 -0.316242 0.939587
    outer loop
      vertex -2.28757 -5.36218 30.8869
      vertex -2.09417 -5.75368 30.7821
      vertex -1.64556 -4.52114 31.2595
    endloop
  endfacet
  facet normal -0.130361 -0.31466 0.94021
    outer loop
      vertex -2.09417 -5.75368 30.7821
      vertex -2.1477 -5.69983 30.7927
      vertex -2.14329 -5.73333 30.7821
    endloop
  endfacet
  facet normal -0.133034 -0.317084 0.939021
    outer loop
      vertex -2.09417 -5.75368 30.7821
      vertex -2.28757 -5.36218 30.8869
      vertex -2.1477 -5.69983 30.7927
    endloop
  endfacet
  facet normal -0.131392 -0.315977 0.939625
    outer loop
      vertex -2.28757 -5.36218 30.8869
      vertex -1.64556 -4.52114 31.2595
      vertex -2.3462 -5.28576 30.9044
    endloop
  endfacet
  facet normal -0.334196 -0.0740884 0.939587
    outer loop
      vertex -4.7382 -0.835472 31.2595
      vertex -6.02991 -1.06324 30.7821
      vertex -5.9143 -1.58473 30.7821
    endloop
  endfacet
  facet normal -0.33938 -0.0446853 0.939587
    outer loop
      vertex -4.7382 -0.835472 31.2595
      vertex -6.09964 -0.533648 30.7821
      vertex -6.02991 -1.06324 30.7821
    endloop
  endfacet
  facet normal -0.326467 -0.102931 0.939588
    outer loop
      vertex -4.52114 -1.64556 31.2595
      vertex -5.9143 -1.58473 30.7821
      vertex -5.75368 -2.09417 30.7821
    endloop
  endfacet
  facet normal -0.403376 -0.127179 0.906153
    outer loop
      vertex -5.9143 -1.58473 30.7821
      vertex -6.94243 -2.52684 30.1922
      vertex -5.75368 -2.09417 30.7821
    endloop
  endfacet
  facet normal -0.375163 -0.195292 0.906153
    outer loop
      vertex -5.30262 -3.06147 30.7821
      vertex -6.69578 -3.12229 30.1922
      vertex -6.39818 -3.69399 30.1922
    endloop
  endfacet
  facet normal -0.356712 -0.227251 0.906153
    outer loop
      vertex -5.30262 -3.06147 30.7821
      vertex -6.39818 -3.69399 30.1922
      vertex -6.05188 -4.23757 30.1922
    endloop
  endfacet
  facet normal 0.459992 -0.883646 0.0870411
    outer loop
      vertex 7.93156 -13.7379 18.0884
      vertex 6.70404 -14.3769 18.0884
      vertex 6.75546 -14.4871 16.6979
    endloop
  endfacet
  facet normal 0.459996 -0.883645 0.0870369
    outer loop
      vertex 7.93156 -13.7379 18.0884
      vertex 6.75546 -14.4871 16.6979
      vertex 7.99238 -13.8432 16.6979
    endloop
  endfacet
  facet normal -0.459996 -0.883645 0.0870369
    outer loop
      vertex -7.93156 -13.7379 18.0884
      vertex -7.99238 -13.8432 16.6979
      vertex -6.75546 -14.4871 16.6979
    endloop
  endfacet
  facet normal -0.529156 -0.830606 0.17346
    outer loop
      vertex -8.95969 -12.7958 19.463
      vertex -9.09871 -12.9943 18.0884
      vertex -7.81037 -13.528 19.463
    endloop
  endfacet
  facet normal 0.588055 -0.766365 0.258604
    outer loop
      vertex 9.8086 -11.6894 20.8113
      vertex 8.75247 -12.4998 20.8113
      vertex 10.0408 -11.9662 19.463
    endloop
  endfacet
  facet normal 0.572119 -0.745597 0.341709
    outer loop
      vertex 9.8086 -11.6894 20.8113
      vertex 8.47865 -12.1088 22.1229
      vertex 8.75247 -12.4998 20.8113
    endloop
  endfacet
  facet normal -0.270715 -0.6536 0.706767
    outer loop
      vertex -4.56827 -9.79668 27.7964
      vertex -4.98539 -10.6912 26.8094
      vertex -4.03462 -11.085 26.8094
    endloop
  endfacet
  facet normal -0.293241 -0.707987 0.642467
    outer loop
      vertex -4.98539 -10.6912 26.8094
      vertex -5.36457 -11.5044 25.7402
      vertex -4.03462 -11.085 26.8094
    endloop
  endfacet
  facet normal -0.13921 -0.627945 0.765706
    outer loop
      vertex -1.69136 -9.59221 28.6937
      vertex -2.79769 -10.4411 27.7964
      vertex -1.87704 -10.6452 27.7964
    endloop
  endfacet
  facet normal -0.083953 -0.637688 0.765706
    outer loop
      vertex -1.69136 -9.59221 28.6937
      vertex -1.87704 -10.6452 27.7964
      vertex -0.848912 -9.70312 28.6937
    endloop
  endfacet
  facet normal 0.0184532 -0.422549 0.906152
    outer loop
      vertex 0.533648 -6.09964 30.7821
      vertex 0 -7.38798 30.1922
      vertex 0.643905 -7.35986 30.1922
    endloop
  endfacet
  facet normal 0.02183 -0.499874 0.865823
    outer loop
      vertex 0.643905 -7.35986 30.1922
      vertex 0 -7.38798 30.1922
      vertex 0.749259 -8.56408 29.4943
    endloop
  endfacet
  facet normal 0.466505 -0.607986 0.642437
    outer loop
      vertex 8.15932 -9.7239 25.7402
      vertex 6.76616 -9.66308 26.8094
      vertex 7.28078 -10.398 25.7402
    endloop
  endfacet
  facet normal 0.4988 -0.650076 0.573237
    outer loop
      vertex 8.15932 -9.7239 25.7402
      vertex 7.28078 -10.398 25.7402
      vertex 7.73999 -11.0539 24.5968
    endloop
  endfacet
  facet normal 0.521588 -0.477942 0.706766
    outer loop
      vertex 9.03659 -7.5826 26.8094
      vertex 8.28051 -6.94818 27.7964
      vertex 8.34134 -8.34134 26.8094
    endloop
  endfacet
  facet normal 0.646323 -0.411739 0.642446
    outer loop
      vertex 10.216 -5.89822 26.8094
      vertex 9.66308 -6.76616 26.8094
      vertex 10.993 -6.34683 25.7402
    endloop
  endfacet
  facet normal 0.596659 -0.3801 0.706769
    outer loop
      vertex 10.216 -5.89822 26.8094
      vertex 8.85458 -6.20004 27.7964
      vertex 9.66308 -6.76616 26.8094
    endloop
  endfacet
  facet normal 0.561253 -0.430666 0.706769
    outer loop
      vertex 8.85458 -6.20004 27.7964
      vertex 8.28051 -6.94818 27.7964
      vertex 9.66308 -6.76616 26.8094
    endloop
  endfacet
  facet normal 0.387746 -0.423153 0.818898
    outer loop
      vertex 6.88735 -6.88735 28.6937
      vertex 5.52591 -6.58553 29.4943
      vertex 6.26087 -7.46141 28.6937
    endloop
  endfacet
  facet normal 0.387748 -0.42315 0.818899
    outer loop
      vertex 6.07885 -6.07885 29.4943
      vertex 5.52591 -6.58553 29.4943
      vertex 6.88735 -6.88735 28.6937
    endloop
  endfacet
  facet normal 0.271571 -0.208384 0.939588
    outer loop
      vertex 3.94118 -2.75964 31.2595
      vertex 3.68566 -3.09264 31.2595
      vertex 4.69044 -3.93575 30.7821
    endloop
  endfacet
  facet normal 0.190962 -0.17498 0.965875
    outer loop
      vertex 3.68566 -3.09264 31.2595
      vertex 2.65284 -2.226 31.6207
      vertex 3.4021 -3.4021 31.2595
    endloop
  endfacet
  facet normal 0.161862 -0.390751 0.906154
    outer loop
      vertex 2.58766 -5.54926 30.7821
      vertex 2.09417 -5.75368 30.7821
      vertex 3.12229 -6.69578 30.1922
    endloop
  endfacet
  facet normal 0.158056 -0.303635 0.939587
    outer loop
      vertex 3.06147 -5.30262 30.7821
      vertex 2.03334 -4.36051 31.2595
      vertex 2.58766 -5.54926 30.7821
    endloop
  endfacet
  facet normal 0.0446853 -0.33938 0.939587
    outer loop
      vertex 0.835472 -4.7382 31.2595
      vertex 0.533648 -6.09964 30.7821
      vertex 1.06324 -6.02991 30.7821
    endloop
  endfacet
  facet normal 0.0338036 -0.256792 0.965875
    outer loop
      vertex 0.835472 -4.7382 31.2595
      vertex 0.301823 -3.44986 31.6207
      vertex 0.419332 -4.79298 31.2595
    endloop
  endfacet
  facet normal 0.00757743 -0.173656 0.984777
    outer loop
      vertex 0.182017 -2.08047 31.8631
      vertex 0 -3.46303 31.6207
      vertex 0.301823 -3.44986 31.6207
    endloop
  endfacet
  facet normal 0.0149325 -0.341981 0.939588
    outer loop
      vertex 0.419332 -4.79298 31.2595
      vertex 0 -4.81129 31.2595
      vertex 0.533648 -6.09964 30.7821
    endloop
  endfacet
  facet normal 0.0560601 -0.252865 0.965876
    outer loop
      vertex 0.896298 -3.34503 31.6207
      vertex 0.601349 -3.41042 31.6207
      vertex 0.835472 -4.7382 31.2595
    endloop
  endfacet
  facet normal 0.0376226 -0.169701 0.984777
    outer loop
      vertex 0.896298 -3.34503 31.6207
      vertex 0.36265 -2.05669 31.8631
      vertex 0.601349 -3.41042 31.6207
    endloop
  endfacet
  facet normal 0.256788 0.0338125 0.965876
    outer loop
      vertex 4.7382 0.835472 31.2595
      vertex 3.41042 0.601349 31.6207
      vertex 3.44986 0.301823 31.6207
    endloop
  endfacet
  facet normal 0.172333 0.0226919 0.984777
    outer loop
      vertex 3.41042 0.601349 31.6207
      vertex 2.08047 0.182017 31.8631
      vertex 3.44986 0.301823 31.6207
    endloop
  endfacet
  facet normal 0.33774 -0.0444597 0.940189
    outer loop
      vertex 6.01005 -0.989949 30.7927
      vertex 6.02991 -1.06324 30.7821
      vertex 6.03685 -1.01052 30.7821
    endloop
  endfacet
  facet normal 0.341018 -0.0434073 0.939054
    outer loop
      vertex 5.78756 -0.7 30.8869
      vertex 6.02991 -1.06324 30.7821
      vertex 6.01005 -0.989949 30.7927
    endloop
  endfacet
  facet normal 0.339387 -0.0446491 0.939587
    outer loop
      vertex 5.78756 -0.7 30.8869
      vertex 4.7382 -0.835472 31.2595
      vertex 6.02991 -1.06324 30.7821
    endloop
  endfacet
  facet normal 0.339344 -0.0442181 0.939623
    outer loop
      vertex 4.7382 -0.835472 31.2595
      vertex 5.78756 -0.7 30.8869
      vertex 5.7507 -0.611005 30.9044
    endloop
  endfacet
  facet normal 0.341967 -0.0149319 0.939593
    outer loop
      vertex 4.79298 -0.419332 31.2595
      vertex 5.64549 -0.345536 30.9504
      vertex 4.81129 0 31.2595
    endloop
  endfacet
  facet normal 0.342079 -0.0165061 0.939526
    outer loop
      vertex 5.64549 -0.345536 30.9504
      vertex 4.79298 -0.419332 31.2595
      vertex 5.6477 -0.362347 30.9493
    endloop
  endfacet
  facet normal 0.342 -0.0150308 0.93958
    outer loop
      vertex 5.6477 -0.362347 30.9493
      vertex 4.79298 -0.419332 31.2595
      vertex 5.70433 -0.499064 30.9265
    endloop
  endfacet
  facet normal 0.1466 -0.0933926 0.984777
    outer loop
      vertex 1.80862 -1.04421 31.8631
      vertex 1.71073 -1.19787 31.8631
      vertex 2.99907 -1.73152 31.6207
    endloop
  endfacet
  facet normal -0.0865245 -0.0113908 0.996185
    outer loop
      vertex -0.687307 -0.12119 31.9848
      vertex -2.08047 -0.182017 31.8631
      vertex -2.05669 -0.36265 31.8631
    endloop
  endfacet
  facet normal 0.165777 -0.0522649 0.984777
    outer loop
      vertex 3.34503 -0.896298 31.6207
      vertex 1.96247 -0.714281 31.8631
      vertex 3.25419 -1.18443 31.6207
    endloop
  endfacet
  facet normal 0.316251 -0.131 0.939587
    outer loop
      vertex 4.52114 -1.64556 31.2595
      vertex 4.36051 -2.03334 31.2595
      vertex 5.54926 -2.58766 30.7821
    endloop
  endfacet
  facet normal 0.421993 0.268839 0.865822
    outer loop
      vertex 7.04208 4.93092 29.4943
      vertex 6.05188 4.23757 30.1922
      vertex 7.44504 4.2984 29.4943
    endloop
  endfacet
  facet normal 0.484054 0.308377 0.818899
    outer loop
      vertex 8.43525 4.87009 28.6937
      vertex 7.04208 4.93092 29.4943
      vertex 7.44504 4.2984 29.4943
    endloop
  endfacet
  facet normal 0.252379 0.231256 0.939588
    outer loop
      vertex 4.69044 3.93575 30.7821
      vertex 3.4021 3.4021 31.2595
      vertex 3.68566 3.09264 31.2595
    endloop
  endfacet
  facet normal 0.137905 0.105812 0.984777
    outer loop
      vertex 2.65284 2.226 31.6207
      vertex 1.71073 1.19787 31.8631
      vertex 2.83675 1.98631 31.6207
    endloop
  endfacet
  facet normal 0.157667 0.205487 0.965876
    outer loop
      vertex 2.75964 3.94118 31.2595
      vertex 1.98631 2.83675 31.6207
      vertex 2.226 2.65284 31.6207
    endloop
  endfacet
  facet normal 0.105812 0.137905 0.984777
    outer loop
      vertex 1.98631 2.83675 31.6207
      vertex 1.19787 1.71073 31.8631
      vertex 2.226 2.65284 31.6207
    endloop
  endfacet
  facet normal 0.131 0.316251 0.939587
    outer loop
      vertex 2.58766 5.54926 30.7821
      vertex 1.64556 4.52114 31.2595
      vertex 2.03334 4.36051 31.2595
    endloop
  endfacet
  facet normal 0.131001 0.31625 0.939588
    outer loop
      vertex 2.09417 5.75368 30.7821
      vertex 1.64556 4.52114 31.2595
      vertex 2.58766 5.54926 30.7821
    endloop
  endfacet
  facet normal -0.282615 -0.8963 0.341723
    outer loop
      vertex -3.82588 -14.2784 22.1229
      vertex -5.05577 -13.8906 22.1229
      vertex -3.94944 -14.7395 20.8113
    endloop
  endfacet
  facet normal -0.272591 -0.864511 0.422273
    outer loop
      vertex -3.6732 -13.7086 23.388
      vertex -5.05577 -13.8906 22.1229
      vertex -3.82588 -14.2784 22.1229
    endloop
  endfacet
  facet normal -0.0410295 -0.938898 0.341743
    outer loop
      vertex 0 -14.7821 22.1229
      vertex -1.28834 -14.7258 22.1229
      vertex 0 -15.2595 20.8113
    endloop
  endfacet
  facet normal -0.0395753 -0.905619 0.422241
    outer loop
      vertex -1.23693 -14.1382 23.388
      vertex -1.28834 -14.7258 22.1229
      vertex 0 -14.7821 22.1229
    endloop
  endfacet
  facet normal -0.203401 -0.917529 0.341714
    outer loop
      vertex -2.56688 -14.5575 22.1229
      vertex -3.82588 -14.2784 22.1229
      vertex -2.64978 -15.0276 20.8113
    endloop
  endfacet
  facet normal -0.122653 -0.931766 0.341713
    outer loop
      vertex -2.56688 -14.5575 22.1229
      vertex -2.64978 -15.0276 20.8113
      vertex -1.28834 -14.7258 22.1229
    endloop
  endfacet
  facet normal 0.209043 0.943091 0.25861
    outer loop
      vertex 4.04294 15.0885 19.463
      vertex 2.71251 15.3834 19.463
      vertex 3.94944 14.7395 20.8113
    endloop
  endfacet
  facet normal 0.36967 0.892453 0.258595
    outer loop
      vertex 5.34261 14.6787 19.463
      vertex 5.21905 14.3392 20.8113
      vertex 6.60161 14.1572 19.463
    endloop
  endfacet
  facet normal -0.0410164 0.938894 0.341754
    outer loop
      vertex 0 15.2595 20.8113
      vertex -1.32995 15.2014 20.8113
      vertex -1.28834 14.7258 22.1229
    endloop
  endfacet
  facet normal -0.0421068 0.965083 0.258539
    outer loop
      vertex 0 15.6207 19.463
      vertex -1.36144 15.5613 19.463
      vertex 0 15.2595 20.8113
    endloop
  endfacet
  facet normal -0.106913 0.812389 0.573231
    outer loop
      vertex -1.1761 13.4429 24.5968
      vertex -2.34325 13.2893 24.5968
      vertex -2.20423 12.5008 25.7402
    endloop
  endfacet
  facet normal -0.113022 0.858809 0.499673
    outer loop
      vertex -1.23693 14.1382 23.388
      vertex -2.34325 13.2893 24.5968
      vertex -1.1761 13.4429 24.5968
    endloop
  endfacet
  facet normal -0.0250323 0.573392 0.818899
    outer loop
      vertex 0 8.59679 29.4943
      vertex -0.848912 9.70312 28.6937
      vertex -0.749259 8.56408 29.4943
    endloop
  endfacet
  facet normal -0.0218229 0.499877 0.865821
    outer loop
      vertex 0 8.59679 29.4943
      vertex -0.749259 8.56408 29.4943
      vertex 0 7.38798 30.1922
    endloop
  endfacet
  facet normal -0.265014 0.50909 0.818898
    outer loop
      vertex -4.11638 8.8276 28.6937
      vertex -4.2984 7.44504 29.4943
      vertex -3.63316 7.79134 29.4943
    endloop
  endfacet
  facet normal -0.191673 0.462189 0.865819
    outer loop
      vertex -2.94028 8.07834 29.4943
      vertex -2.8 7.27461 29.9544
      vertex -2.58874 7.11251 30.0877
    endloop
  endfacet
  facet normal -0.191419 0.462248 0.865844
    outer loop
      vertex -2.8 7.27461 29.9544
      vertex -2.94028 8.07834 29.4943
      vertex -3.03336 7.37128 29.8512
    endloop
  endfacet
  facet normal -0.0184532 0.422549 0.906152
    outer loop
      vertex 0 7.38798 30.1922
      vertex -0.643905 7.35986 30.1922
      vertex -0.533648 6.09964 30.7821
    endloop
  endfacet
  facet normal -0.065308 0.496072 0.865822
    outer loop
      vertex -0.749259 8.56408 29.4943
      vertex -1.49282 8.46619 29.4943
      vertex -1.28291 7.27574 30.1922
    endloop
  endfacet
  facet normal -0.139216 0.62794 0.765709
    outer loop
      vertex -1.69136 9.59221 28.6937
      vertex -2.79769 10.4411 27.7964
      vertex -2.52094 9.40829 28.6937
    endloop
  endfacet
  facet normal -0.124227 0.560333 0.818898
    outer loop
      vertex -1.69136 9.59221 28.6937
      vertex -2.52094 9.40829 28.6937
      vertex -1.49282 8.46619 29.4943
    endloop
  endfacet
  facet normal 0.905619 0.0395753 0.422241
    outer loop
      vertex 14.7258 1.28834 22.1229
      vertex 14.1382 1.23693 23.388
      vertex 14.7821 0 22.1229
    endloop
  endfacet
  facet normal 0.898731 0.118304 0.42224
    outer loop
      vertex 14.5575 2.56688 22.1229
      vertex 14.1382 1.23693 23.388
      vertex 14.7258 1.28834 22.1229
    endloop
  endfacet
  facet normal -0.455337 -0.349391 0.818898
    outer loop
      vertex -7.04208 -4.93092 29.4943
      vertex -7.46141 -6.26087 28.6937
      vertex -6.58553 -5.52591 29.4943
    endloop
  endfacet
  facet normal -0.455335 -0.349392 0.818898
    outer loop
      vertex -7.04208 -4.93092 29.4943
      vertex -7.97869 -5.58674 28.6937
      vertex -7.46141 -6.26087 28.6937
    endloop
  endfacet
  facet normal -0.521588 0.477942 0.706766
    outer loop
      vertex -8.34134 8.34134 26.8094
      vertex -9.03659 7.5826 26.8094
      vertex -8.28051 6.94818 27.7964
    endloop
  endfacet
  facet normal -0.564998 0.51772 0.642451
    outer loop
      vertex -8.97577 8.97577 25.7402
      vertex -9.03659 7.5826 26.8094
      vertex -8.34134 8.34134 26.8094
    endloop
  endfacet
  facet normal -0.521583 0.477944 0.706768
    outer loop
      vertex -7.64343 7.64343 27.7964
      vertex -8.34134 8.34134 26.8094
      vertex -8.28051 6.94818 27.7964
    endloop
  endfacet
  facet normal -0.474204 0.434528 0.765713
    outer loop
      vertex -7.64343 7.64343 27.7964
      vertex -8.28051 6.94818 27.7964
      vertex -6.88735 6.88735 28.6937
    endloop
  endfacet
  facet normal -0.316251 0.131 0.939587
    outer loop
      vertex -4.36051 2.03334 31.2595
      vertex -5.54926 2.58766 30.7821
      vertex -4.52114 1.64556 31.2595
    endloop
  endfacet
  facet normal -0.239289 0.0991205 0.965876
    outer loop
      vertex -4.36051 2.03334 31.2595
      vertex -4.52114 1.64556 31.2595
      vertex -3.25419 1.18443 31.6207
    endloop
  endfacet
  facet normal -0.190951 0.174987 0.965876
    outer loop
      vertex -2.44873 2.44873 31.6207
      vertex -3.4021 3.4021 31.2595
      vertex -2.65284 2.226 31.6207
    endloop
  endfacet
  facet normal -0.117426 0.128159 0.984777
    outer loop
      vertex -1.34241 1.59982 31.8631
      vertex -2.226 2.65284 31.6207
      vertex -1.47674 1.47674 31.8631
    endloop
  endfacet
  facet normal -0.271571 0.208384 0.939588
    outer loop
      vertex -3.68566 3.09264 31.2595
      vertex -4.69044 3.93575 30.7821
      vertex -3.94118 2.75964 31.2595
    endloop
  endfacet
  facet normal -0.174987 0.190951 0.965876
    outer loop
      vertex -2.226 2.65284 31.6207
      vertex -3.4021 3.4021 31.2595
      vertex -2.44873 2.44873 31.6207
    endloop
  endfacet
  facet normal -0.0740925 0.334193 0.939588
    outer loop
      vertex -0.835472 4.7382 31.2595
      vertex -1.58473 5.9143 30.7821
      vertex -1.24525 4.64735 31.2595
    endloop
  endfacet
  facet normal -0.0522649 0.165777 0.984777
    outer loop
      vertex -0.896298 3.34503 31.6207
      vertex -1.18443 3.25419 31.6207
      vertex -0.714281 1.96247 31.8631
    endloop
  endfacet
  facet normal -0.157975 0.3037 0.93958
    outer loop
      vertex -2.51005 5.07223 30.9493
      vertex -2.03334 4.36051 31.2595
      vertex -2.41996 5.18963 30.9265
    endloop
  endfacet
  facet normal -0.15814 0.303593 0.939587
    outer loop
      vertex -2.03334 4.36051 31.2595
      vertex -2.51005 5.07223 30.9493
      vertex -2.67332 4.94695 30.9623
    endloop
  endfacet
  facet normal -0.130361 0.31466 0.94021
    outer loop
      vertex -2.1477 5.69983 30.7927
      vertex -2.09417 5.75368 30.7821
      vertex -2.14329 5.73333 30.7821
    endloop
  endfacet
  facet normal -0.133034 0.317084 0.939021
    outer loop
      vertex -2.28757 5.36218 30.8869
      vertex -2.09417 5.75368 30.7821
      vertex -2.1477 5.69983 30.7927
    endloop
  endfacet
  facet normal -0.131023 0.316242 0.939587
    outer loop
      vertex -2.09417 5.75368 30.7821
      vertex -2.28757 5.36218 30.8869
      vertex -1.64556 4.52114 31.2595
    endloop
  endfacet
  facet normal -0.131392 0.315977 0.939625
    outer loop
      vertex -1.64556 4.52114 31.2595
      vertex -2.28757 5.36218 30.8869
      vertex -2.3462 5.28576 30.9044
    endloop
  endfacet
  facet normal -0.0402985 0.0774098 0.996185
    outer loop
      vertex -0.882604 1.89275 31.8631
      vertex -1.04421 1.80862 31.8631
      vertex -0.29495 0.632521 31.9848
    endloop
  endfacet
  facet normal -0.00758484 0.173657 0.984777
    outer loop
      vertex 0 3.46303 31.6207
      vertex -0.182017 2.08047 31.8631
      vertex 0 2.08842 31.8631
    endloop
  endfacet
  facet normal -0.726072 0.66537 0.173502
    outer loop
      vertex -11.2169 11.2169 18.0884
      vertex -12.1519 10.1966 18.0884
      vertex -11.9662 10.0408 19.463
    endloop
  endfacet
  facet normal -0.79031 0.606496 0.0870233
    outer loop
      vertex -12.245 10.2748 16.6979
      vertex -13.094 9.16849 16.6979
      vertex -12.1519 10.1966 18.0884
    endloop
  endfacet
  facet normal -0.734456 0.673053 0.0870267
    outer loop
      vertex -11.2169 11.2169 18.0884
      vertex -12.245 10.2748 16.6979
      vertex -12.1519 10.1966 18.0884
    endloop
  endfacet
  facet normal -0.608755 0.793358 0
    outer loop
      vertex -9.61407 12.7521 16
      vertex -9.16849 13.094 16.6979
      vertex -9.16849 13.094 16
    endloop
  endfacet
  facet normal -0.608806 0.793319 5.14064e-05
    outer loop
      vertex -9.16849 13.094 16.6979
      vertex -9.61407 12.7521 16
      vertex -10.2748 12.245 16.6979
    endloop
  endfacet
  facet normal -0.60884 0.793293 0
    outer loop
      vertex -10.2748 12.245 16.6979
      vertex -9.61407 12.7521 16
      vertex -10.2748 12.245 16
    endloop
  endfacet
  facet normal -0.561253 0.430666 0.706769
    outer loop
      vertex -8.28051 6.94818 27.7964
      vertex -9.66308 6.76616 26.8094
      vertex -8.85458 6.20004 27.7964
    endloop
  endfacet
  facet normal -0.561251 0.430673 0.706766
    outer loop
      vertex -9.03659 7.5826 26.8094
      vertex -9.66308 6.76616 26.8094
      vertex -8.28051 6.94818 27.7964
    endloop
  endfacet
  facet normal -0.687211 0.527356 0.499636
    outer loop
      vertex -10.8718 9.12255 23.388
      vertex -11.0539 7.73999 24.5968
      vertex -10.3372 8.67394 24.5968
    endloop
  endfacet
  facet normal -0.553588 0.604136 0.573202
    outer loop
      vertex -8.67394 10.3372 24.5968
      vertex -9.54188 9.54188 24.5968
      vertex -8.97577 8.97577 25.7402
    endloop
  endfacet
  facet normal -0.585181 0.638669 0.499665
    outer loop
      vertex -9.12255 10.8718 23.388
      vertex -10.0354 10.0354 23.388
      vertex -9.54188 9.54188 24.5968
    endloop
  endfacet
  facet normal -0.638669 0.585181 0.499665
    outer loop
      vertex -10.0354 10.0354 23.388
      vertex -10.8718 9.12255 23.388
      vertex -9.54188 9.54188 24.5968
    endloop
  endfacet
  facet normal -0.465426 0.730597 0.499606
    outer loop
      vertex -6.74713 11.6864 24.5968
      vertex -8.1403 11.6255 23.388
      vertex -7.73999 11.0539 24.5968
    endloop
  endfacet
  facet normal -0.465457 0.730551 0.499645
    outer loop
      vertex -7.09609 12.2908 23.388
      vertex -8.1403 11.6255 23.388
      vertex -6.74713 11.6864 24.5968
    endloop
  endfacet
  facet normal -0.203401 0.917529 0.341714
    outer loop
      vertex -2.64978 15.0276 20.8113
      vertex -3.82588 14.2784 22.1229
      vertex -2.56688 14.5575 22.1229
    endloop
  endfacet
  facet normal -0.203392 0.917528 0.341722
    outer loop
      vertex -2.64978 15.0276 20.8113
      vertex -3.94944 14.7395 20.8113
      vertex -3.82588 14.2784 22.1229
    endloop
  endfacet
  facet normal -0.196215 0.884988 0.422251
    outer loop
      vertex -2.56688 14.5575 22.1229
      vertex -3.6732 13.7086 23.388
      vertex -2.46444 13.9766 23.388
    endloop
  endfacet
  facet normal -0.187503 0.845694 0.499644
    outer loop
      vertex -2.46444 13.9766 23.388
      vertex -3.6732 13.7086 23.388
      vertex -2.34325 13.2893 24.5968
    endloop
  endfacet
  facet normal -0.331492 0.800297 0.499637
    outer loop
      vertex -4.85401 13.3363 23.388
      vertex -5.99787 12.8625 23.388
      vertex -5.70292 12.23 24.5968
    endloop
  endfacet
  facet normal -0.359648 0.868256 0.341738
    outer loop
      vertex -5.21905 14.3392 20.8113
      vertex -6.24717 13.3971 22.1229
      vertex -5.05577 13.8906 22.1229
    endloop
  endfacet
  facet normal -0.272577 0.864522 0.422259
    outer loop
      vertex -3.6732 13.7086 23.388
      vertex -5.05577 13.8906 22.1229
      vertex -4.85401 13.3363 23.388
    endloop
  endfacet
  facet normal -0.346897 0.837472 0.42226
    outer loop
      vertex -5.05577 13.8906 22.1229
      vertex -6.24717 13.3971 22.1229
      vertex -4.85401 13.3363 23.388
    endloop
  endfacet
  facet normal -0.313529 0.757057 0.573205
    outer loop
      vertex -4.34149 11.9281 25.7402
      vertex -5.70292 12.23 24.5968
      vertex -5.36457 11.5044 25.7402
    endloop
  endfacet
  facet normal -0.293218 0.708014 0.642449
    outer loop
      vertex -4.34149 11.9281 25.7402
      vertex -5.36457 11.5044 25.7402
      vertex -4.03462 11.085 26.8094
    endloop
  endfacet
  facet normal -0.3801 0.596659 0.706769
    outer loop
      vertex -5.89822 10.216 26.8094
      vertex -6.76616 9.66308 26.8094
      vertex -6.20004 8.85458 27.7964
    endloop
  endfacet
  facet normal -0.380109 0.596658 0.706765
    outer loop
      vertex -5.89822 10.216 26.8094
      vertex -6.20004 8.85458 27.7964
      vertex -5.40472 9.36125 27.7964
    endloop
  endfacet
  facet normal -0.411758 0.646321 0.642436
    outer loop
      vertex -6.34683 10.993 25.7402
      vertex -7.28078 10.398 25.7402
      vertex -6.76616 9.66308 26.8094
    endloop
  endfacet
  facet normal -0.440262 0.691063 0.573238
    outer loop
      vertex -6.34683 10.993 25.7402
      vertex -7.73999 11.0539 24.5968
      vertex -7.28078 10.398 25.7402
    endloop
  endfacet
  facet normal -0.150568 0.477534 0.865616
    outer loop
      vertex -1.91215 7.13624 30.1922
      vertex -2.51005 7.05213 30.1346
      vertex -2.44554 6.96806 30.1922
    endloop
  endfacet
  facet normal -0.150491 0.476634 0.866125
    outer loop
      vertex -1.91215 7.13624 30.1922
      vertex -2.58874 7.11251 30.0877
      vertex -2.51005 7.05213 30.1346
    endloop
  endfacet
  facet normal -0.150464 0.477191 0.865823
    outer loop
      vertex -2.58874 7.11251 30.0877
      vertex -1.91215 7.13624 30.1922
      vertex -2.94028 8.07834 29.4943
    endloop
  endfacet
  facet normal -0.172584 0.547375 0.818899
    outer loop
      vertex -2.52094 9.40829 28.6937
      vertex -2.94028 8.07834 29.4943
      vertex -2.22501 8.30386 29.4943
    endloop
  endfacet
  facet normal 0.231031 0.443819 0.865823
    outer loop
      vertex 3.63316 7.79134 29.4943
      vertex 3.12229 6.69578 30.1922
      vertex 3.69399 6.39818 30.1922
    endloop
  endfacet
  facet normal 0.195292 0.375163 0.906153
    outer loop
      vertex 3.12229 6.69578 30.1922
      vertex 3.06147 5.30262 30.7821
      vertex 3.69399 6.39818 30.1922
    endloop
  endfacet
  facet normal -0.165776 0.0522731 0.984777
    outer loop
      vertex -1.96247 0.714281 31.8631
      vertex -3.34503 0.896298 31.6207
      vertex -2.01726 0.540523 31.8631
    endloop
  endfacet
  facet normal -0.169703 0.0376188 0.984777
    outer loop
      vertex -2.01726 0.540523 31.8631
      vertex -3.34503 0.896298 31.6207
      vertex -2.05669 0.36265 31.8631
    endloop
  endfacet
  facet normal -0.0802641 -0.15418 0.984777
    outer loop
      vertex -1.04421 -1.80862 31.8631
      vertex -1.73152 -2.99907 31.6207
      vertex -0.882604 -1.89275 31.8631
    endloop
  endfacet
  facet normal -0.218442 0.139165 0.965876
    outer loop
      vertex -3.94118 2.75964 31.2595
      vertex -4.1667 2.40565 31.2595
      vertex -2.99907 1.73152 31.6207
    endloop
  endfacet
  facet normal -0.229741 0.119594 0.965876
    outer loop
      vertex -4.1667 2.40565 31.2595
      vertex -4.36051 2.03334 31.2595
      vertex -2.99907 1.73152 31.6207
    endloop
  endfacet
  facet normal 0.0806279 -0.0333973 0.996185
    outer loop
      vertex 0.655821 -0.238699 31.9848
      vertex 0.632521 -0.29495 31.9848
      vertex 1.89275 -0.882604 31.8631
    endloop
  endfacet
  facet normal 0.0188873 -0.0852027 0.996185
    outer loop
      vertex 0.540523 -2.01726 31.8631
      vertex 0.12119 -0.687307 31.9848
      vertex 0.36265 -2.05669 31.8631
    endloop
  endfacet
  facet normal 0.0806283 -0.0333965 0.996185
    outer loop
      vertex 1.96247 -0.714281 31.8631
      vertex 0.655821 -0.238699 31.9848
      vertex 1.89275 -0.882604 31.8631
    endloop
  endfacet
  facet normal -0.675598 0.73727 0
    outer loop
      vertex -10.2748 12.245 16
      vertex -11.3029 11.3029 16.6979
      vertex -10.2748 12.245 16.6979
    endloop
  endfacet
  facet normal -0.675598 0.73727 0
    outer loop
      vertex -11.3029 11.3029 16.6979
      vertex -10.2748 12.245 16
      vertex -11.3029 11.3029 16
    endloop
  endfacet
  facet normal -0.308379 -0.484054 0.818899
    outer loop
      vertex -4.93092 -7.04208 29.4943
      vertex -5.58674 -7.97869 28.6937
      vertex -4.87009 -8.43525 28.6937
    endloop
  endfacet
  facet normal -0.349392 -0.455335 0.818898
    outer loop
      vertex -4.93092 -7.04208 29.4943
      vertex -6.26087 -7.46141 28.6937
      vertex -5.58674 -7.97869 28.6937
    endloop
  endfacet
  facet normal -0.799962 -0.177362 0.573239
    outer loop
      vertex -12.5008 -2.20423 25.7402
      vertex -13.0345 -3.49257 24.5968
      vertex -12.2611 -3.28536 25.7402
    endloop
  endfacet
  facet normal -0.781464 -0.246397 0.573238
    outer loop
      vertex -12.2611 -3.28536 25.7402
      vertex -13.0345 -3.49257 24.5968
      vertex -11.9281 -4.34149 25.7402
    endloop
  endfacet
  facet normal -0.707987 -0.293241 0.642467
    outer loop
      vertex -11.085 -4.03462 26.8094
      vertex -11.5044 -5.36457 25.7402
      vertex -10.6912 -4.98539 26.8094
    endloop
  endfacet
  facet normal -0.679725 -0.353851 0.642467
    outer loop
      vertex -10.6912 -4.98539 26.8094
      vertex -11.5044 -5.36457 25.7402
      vertex -10.216 -5.89822 26.8094
    endloop
  endfacet
  facet normal 0.00380565 -0.0871879 0.996185
    outer loop
      vertex 0 -0.697909 31.9848
      vertex 0 -2.08842 31.8631
      vertex 0.0608263 -0.695254 31.9848
    endloop
  endfacet
  facet normal -0.0832319 0.0262423 0.996185
    outer loop
      vertex -0.655821 0.238699 31.9848
      vertex -2.01726 0.540523 31.8631
      vertex -0.674129 0.180632 31.9848
    endloop
  endfacet
  facet normal 0.0531278 0.0692364 0.996185
    outer loop
      vertex 1.34241 1.59982 31.8631
      vertex 0.400305 0.571694 31.9848
      vertex 0.448607 0.53463 31.9848
    endloop
  endfacet
  facet normal -0.0778803 0.247019 0.965876
    outer loop
      vertex -1.24525 4.64735 31.2595
      vertex -1.64556 4.52114 31.2595
      vertex -0.896298 3.34503 31.6207
    endloop
  endfacet
  facet normal -0.0468895 -0.0736045 0.996185
    outer loop
      vertex -0.400305 -0.571694 31.9848
      vertex -1.04421 -1.80862 31.8631
      vertex -0.348954 -0.604407 31.9848
    endloop
  endfacet
  facet normal 0.0865245 -0.0113911 0.996185
    outer loop
      vertex 0.695254 -0.0608263 31.9848
      vertex 0.687307 -0.12119 31.9848
      vertex 2.08047 -0.182017 31.8631
    endloop
  endfacet
  facet normal 0.0865245 -0.0113908 0.996185
    outer loop
      vertex 2.08047 -0.182017 31.8631
      vertex 0.687307 -0.12119 31.9848
      vertex 2.05669 -0.36265 31.8631
    endloop
  endfacet
  facet normal 0.172335 -0.0226875 0.984777
    outer loop
      vertex 2.08047 -0.182017 31.8631
      vertex 2.05669 -0.36265 31.8631
      vertex 3.41042 -0.601349 31.6207
    endloop
  endfacet
  facet normal 0.0871879 -0.00380565 0.996185
    outer loop
      vertex 0.697909 0 31.9848
      vertex 0.695254 -0.0608263 31.9848
      vertex 2.08842 0 31.8631
    endloop
  endfacet
  facet normal 0.0665174 -0.160591 0.984777
    outer loop
      vertex 0.882604 -1.89275 31.8631
      vertex 0.714281 -1.96247 31.8631
      vertex 1.46354 -3.13857 31.6207
    endloop
  endfacet
  facet normal 0.0333965 -0.0806283 0.996185
    outer loop
      vertex 0.882604 -1.89275 31.8631
      vertex 0.238699 -0.655821 31.9848
      vertex 0.714281 -1.96247 31.8631
    endloop
  endfacet
  facet normal 0.119594 -0.229741 0.965876
    outer loop
      vertex 2.40565 -4.1667 31.2595
      vertex 1.73152 -2.99907 31.6207
      vertex 2.03334 -4.36051 31.2595
    endloop
  endfacet
  facet normal 0.190951 -0.174987 0.965876
    outer loop
      vertex 2.65284 -2.226 31.6207
      vertex 2.44873 -2.44873 31.6207
      vertex 3.4021 -3.4021 31.2595
    endloop
  endfacet
  facet normal 0.160588 -0.0665227 0.984777
    outer loop
      vertex 3.25419 -1.18443 31.6207
      vertex 1.96247 -0.714281 31.8631
      vertex 3.13857 -1.46354 31.6207
    endloop
  endfacet
  facet normal 0.0468895 -0.0736045 0.996185
    outer loop
      vertex 0.400305 -0.571694 31.9848
      vertex 0.348954 -0.604407 31.9848
      vertex 1.04421 -1.80862 31.8631
    endloop
  endfacet
  facet normal 0.04689 -0.0736042 0.996185
    outer loop
      vertex 1.19787 -1.71073 31.8631
      vertex 0.400305 -0.571694 31.9848
      vertex 1.04421 -1.80862 31.8631
    endloop
  endfacet
  facet normal 0.0736042 0.04689 0.996185
    outer loop
      vertex 1.71073 1.19787 31.8631
      vertex 0.571694 0.400305 31.9848
      vertex 1.80862 1.04421 31.8631
    endloop
  endfacet
  facet normal 0.160591 0.0665174 0.984777
    outer loop
      vertex 3.13857 1.46354 31.6207
      vertex 1.89275 0.882604 31.8631
      vertex 1.96247 0.714281 31.8631
    endloop
  endfacet
  facet normal 0.1466 0.0933926 0.984777
    outer loop
      vertex 2.99907 1.73152 31.6207
      vertex 1.71073 1.19787 31.8631
      vertex 1.80862 1.04421 31.8631
    endloop
  endfacet
  facet normal 0.229741 0.119594 0.965876
    outer loop
      vertex 4.1667 2.40565 31.2595
      vertex 2.99907 1.73152 31.6207
      vertex 4.36051 2.03334 31.2595
    endloop
  endfacet
  facet normal 0.229741 0.119594 0.965876
    outer loop
      vertex 4.36051 2.03334 31.2595
      vertex 2.99907 1.73152 31.6207
      vertex 3.13857 1.46354 31.6207
    endloop
  endfacet
  facet normal -0.0113911 -0.0865245 0.996185
    outer loop
      vertex -0.12119 -0.687307 31.9848
      vertex -0.182017 -2.08047 31.8631
      vertex -0.0608263 -0.695254 31.9848
    endloop
  endfacet
  facet normal 0.0522731 0.165776 0.984777
    outer loop
      vertex 0.896298 3.34503 31.6207
      vertex 0.540523 2.01726 31.8631
      vertex 0.714281 1.96247 31.8631
    endloop
  endfacet
  facet normal -0.0806279 -0.0333973 0.996185
    outer loop
      vertex -0.655821 -0.238699 31.9848
      vertex -1.89275 -0.882604 31.8631
      vertex -0.632521 -0.29495 31.9848
    endloop
  endfacet
  facet normal -0.0774096 -0.0402988 0.996185
    outer loop
      vertex -0.632521 -0.29495 31.9848
      vertex -1.80862 -1.04421 31.8631
      vertex -0.604407 -0.348954 31.9848
    endloop
  endfacet
  facet normal -0.169701 -0.0376226 0.984777
    outer loop
      vertex -2.05669 -0.36265 31.8631
      vertex -3.41042 -0.601349 31.6207
      vertex -3.34503 -0.896298 31.6207
    endloop
  endfacet
  facet normal -0.169703 -0.0376188 0.984777
    outer loop
      vertex -2.05669 -0.36265 31.8631
      vertex -3.34503 -0.896298 31.6207
      vertex -2.01726 -0.540523 31.8631
    endloop
  endfacet
  facet normal 0.0692367 -0.0531274 0.996185
    outer loop
      vertex 1.71073 -1.19787 31.8631
      vertex 0.571694 -0.400305 31.9848
      vertex 1.59982 -1.34241 31.8631
    endloop
  endfacet
  facet normal -0.117426 -0.128159 0.984777
    outer loop
      vertex -1.47674 -1.47674 31.8631
      vertex -2.226 -2.65284 31.6207
      vertex -1.34241 -1.59982 31.8631
    endloop
  endfacet
  facet normal -0.0589565 -0.0643453 0.996185
    outer loop
      vertex -0.493497 -0.493497 31.9848
      vertex -1.47674 -1.47674 31.8631
      vertex -1.34241 -1.59982 31.8631
    endloop
  endfacet
  facet normal -0.15418 -0.0802641 0.984777
    outer loop
      vertex -1.89275 -0.882604 31.8631
      vertex -2.99907 -1.73152 31.6207
      vertex -1.80862 -1.04421 31.8631
    endloop
  endfacet
  facet normal -0.1466 -0.0933926 0.984777
    outer loop
      vertex -1.80862 -1.04421 31.8631
      vertex -2.99907 -1.73152 31.6207
      vertex -1.71073 -1.19787 31.8631
    endloop
  endfacet
  facet normal 0.0589565 0.0643453 0.996185
    outer loop
      vertex 1.34241 1.59982 31.8631
      vertex 0.493497 0.493497 31.9848
      vertex 1.47674 1.47674 31.8631
    endloop
  endfacet
  facet normal -0.0692364 0.0531278 0.996185
    outer loop
      vertex -0.53463 0.448607 31.9848
      vertex -1.59982 1.34241 31.8631
      vertex -0.571694 0.400305 31.9848
    endloop
  endfacet
  facet normal -0.0560601 -0.252865 0.965876
    outer loop
      vertex -0.601349 -3.41042 31.6207
      vertex -0.896298 -3.34503 31.6207
      vertex -0.835472 -4.7382 31.2595
    endloop
  endfacet
  facet normal -0.0113908 -0.0865245 0.996185
    outer loop
      vertex -0.12119 -0.687307 31.9848
      vertex -0.36265 -2.05669 31.8631
      vertex -0.182017 -2.08047 31.8631
    endloop
  endfacet
  facet normal -0.0778786 -0.24702 0.965876
    outer loop
      vertex -1.18443 -3.25419 31.6207
      vertex -1.64556 -4.52114 31.2595
      vertex -0.896298 -3.34503 31.6207
    endloop
  endfacet
  facet normal -0.0522649 -0.165777 0.984777
    outer loop
      vertex -0.714281 -1.96247 31.8631
      vertex -1.18443 -3.25419 31.6207
      vertex -0.896298 -3.34503 31.6207
    endloop
  endfacet
  facet normal -0.271574 -0.208381 0.939587
    outer loop
      vertex -3.94118 -2.75964 31.2595
      vertex -5.01561 -3.51197 30.7821
      vertex -4.69044 -3.93575 30.7821
    endloop
  endfacet
  facet normal -0.288698 -0.183927 0.939587
    outer loop
      vertex -3.94118 -2.75964 31.2595
      vertex -5.30262 -3.06147 30.7821
      vertex -5.01561 -3.51197 30.7821
    endloop
  endfacet
  facet normal 0.446023 -0.856857 0.258573
    outer loop
      vertex 7.81037 -13.528 19.463
      vertex 6.44893 -13.8298 20.8113
      vertex 6.60161 -14.1572 19.463
    endloop
  endfacet
  facet normal 0.454724 -0.873573 0.173484
    outer loop
      vertex 7.81037 -13.528 19.463
      vertex 6.60161 -14.1572 19.463
      vertex 7.93156 -13.7379 18.0884
    endloop
  endfacet
  facet normal -0.454724 -0.873573 0.173484
    outer loop
      vertex -7.81037 -13.528 19.463
      vertex -7.93156 -13.7379 18.0884
      vertex -6.60161 -14.1572 19.463
    endloop
  endfacet
  facet normal -0.529174 -0.830589 0.173484
    outer loop
      vertex -7.81037 -13.528 19.463
      vertex -9.09871 -12.9943 18.0884
      vertex -7.93156 -13.7379 18.0884
    endloop
  endfacet
  facet normal -0.588066 -0.766351 0.258621
    outer loop
      vertex -8.75247 -12.4998 20.8113
      vertex -10.0408 -11.9662 19.463
      vertex -8.95969 -12.7958 19.463
    endloop
  endfacet
  facet normal -0.599549 -0.781314 0.173462
    outer loop
      vertex -8.95969 -12.7958 19.463
      vertex -10.0408 -11.9662 19.463
      vertex -9.09871 -12.9943 18.0884
    endloop
  endfacet
  facet normal -0.02183 -0.499874 0.865823
    outer loop
      vertex -0.643905 -7.35986 30.1922
      vertex -0.749259 -8.56408 29.4943
      vertex 0 -7.38798 30.1922
    endloop
  endfacet
  facet normal -0.0218229 -0.499877 0.865821
    outer loop
      vertex 0 -7.38798 30.1922
      vertex -0.749259 -8.56408 29.4943
      vertex 0 -8.59679 29.4943
    endloop
  endfacet
  facet normal 0.288698 -0.183927 0.939587
    outer loop
      vertex 5.30262 -3.06147 30.7821
      vertex 3.94118 -2.75964 31.2595
      vertex 5.01561 -3.51197 30.7821
    endloop
  endfacet
  facet normal 0.252379 -0.231256 0.939588
    outer loop
      vertex 3.68566 -3.09264 31.2595
      vertex 3.4021 -3.4021 31.2595
      vertex 4.69044 -3.93575 30.7821
    endloop
  endfacet
  facet normal 0.265011 -0.50909 0.818899
    outer loop
      vertex 4.2984 -7.44504 29.4943
      vertex 4.11638 -8.8276 28.6937
      vertex 4.87009 -8.43525 28.6937
    endloop
  endfacet
  facet normal 0.349392 -0.455335 0.818898
    outer loop
      vertex 6.26087 -7.46141 28.6937
      vertex 4.93092 -7.04208 29.4943
      vertex 5.58674 -7.97869 28.6937
    endloop
  endfacet
  facet normal 0.183924 -0.288698 0.939588
    outer loop
      vertex 2.75964 -3.94118 31.2595
      vertex 2.40565 -4.1667 31.2595
      vertex 3.06147 -5.30262 30.7821
    endloop
  endfacet
  facet normal 0.139165 -0.218442 0.965876
    outer loop
      vertex 2.75964 -3.94118 31.2595
      vertex 1.73152 -2.99907 31.6207
      vertex 2.40565 -4.1667 31.2595
    endloop
  endfacet
  facet normal 0.0915415 -0.412923 0.906154
    outer loop
      vertex 1.58473 -5.9143 30.7821
      vertex 1.06324 -6.02991 30.7821
      vertex 1.28291 -7.27574 30.1922
    endloop
  endfacet
  facet normal 0.0552119 -0.419328 0.906154
    outer loop
      vertex 1.06324 -6.02991 30.7821
      vertex 0.533648 -6.09964 30.7821
      vertex 1.28291 -7.27574 30.1922
    endloop
  endfacet
  facet normal 0.0112909 -0.258759 0.965876
    outer loop
      vertex 0 -3.46303 31.6207
      vertex 0 -4.81129 31.2595
      vertex 0.301823 -3.44986 31.6207
    endloop
  endfacet
  facet normal 0.0112987 -0.258761 0.965875
    outer loop
      vertex 0.301823 -3.44986 31.6207
      vertex 0 -4.81129 31.2595
      vertex 0.419332 -4.79298 31.2595
    endloop
  endfacet
  facet normal 0.258759 0.0112909 0.965876
    outer loop
      vertex 4.81129 0 31.2595
      vertex 3.44986 0.301823 31.6207
      vertex 3.46303 0 31.6207
    endloop
  endfacet
  facet normal 0.173656 0.00757743 0.984777
    outer loop
      vertex 3.44986 0.301823 31.6207
      vertex 2.08047 0.182017 31.8631
      vertex 3.46303 0 31.6207
    endloop
  endfacet
  facet normal 0.258761 -0.0112987 0.965875
    outer loop
      vertex 4.81129 0 31.2595
      vertex 3.44986 -0.301823 31.6207
      vertex 4.79298 -0.419332 31.2595
    endloop
  endfacet
  facet normal 0.256792 -0.0338036 0.965875
    outer loop
      vertex 4.79298 -0.419332 31.2595
      vertex 3.44986 -0.301823 31.6207
      vertex 4.7382 -0.835472 31.2595
    endloop
  endfacet
  facet normal -0.0692364 -0.0531278 0.996185
    outer loop
      vertex -0.571694 -0.400305 31.9848
      vertex -1.59982 -1.34241 31.8631
      vertex -0.53463 -0.448607 31.9848
    endloop
  endfacet
  facet normal 0.0402985 -0.0774098 0.996185
    outer loop
      vertex 1.04421 -1.80862 31.8631
      vertex 0.29495 -0.632521 31.9848
      vertex 0.882604 -1.89275 31.8631
    endloop
  endfacet
  facet normal 0.0643453 -0.0589565 0.996185
    outer loop
      vertex 1.59982 -1.34241 31.8631
      vertex 0.493497 -0.493497 31.9848
      vertex 1.47674 -1.47674 31.8631
    endloop
  endfacet
  facet normal 0.137905 -0.105812 0.984777
    outer loop
      vertex 2.83675 -1.98631 31.6207
      vertex 1.71073 -1.19787 31.8631
      vertex 2.65284 -2.226 31.6207
    endloop
  endfacet
  facet normal 0.256788 -0.0338125 0.965876
    outer loop
      vertex 3.44986 -0.301823 31.6207
      vertex 3.41042 -0.601349 31.6207
      vertex 4.7382 -0.835472 31.2595
    endloop
  endfacet
  facet normal 0.169701 -0.0376226 0.984777
    outer loop
      vertex 3.41042 -0.601349 31.6207
      vertex 2.05669 -0.36265 31.8631
      vertex 3.34503 -0.896298 31.6207
    endloop
  endfacet
  facet normal 0.304596 0.396954 0.865823
    outer loop
      vertex 5.52591 6.58553 29.4943
      vertex 4.23757 6.05188 30.1922
      vertex 4.7489 5.65952 30.1922
    endloop
  endfacet
  facet normal 0.338033 0.368899 0.865822
    outer loop
      vertex 6.07885 6.07885 29.4943
      vertex 4.7489 5.65952 30.1922
      vertex 5.22409 5.22409 30.1922
    endloop
  endfacet
  facet normal 0.396954 0.304596 0.865823
    outer loop
      vertex 6.58553 5.52591 29.4943
      vertex 5.65952 4.7489 30.1922
      vertex 6.05188 4.23757 30.1922
    endloop
  endfacet
  facet normal 0.368899 0.338033 0.865822
    outer loop
      vertex 6.07885 6.07885 29.4943
      vertex 5.22409 5.22409 30.1922
      vertex 5.65952 4.7489 30.1922
    endloop
  endfacet
  facet normal 0.455335 0.349392 0.818898
    outer loop
      vertex 7.46141 6.26087 28.6937
      vertex 7.04208 4.93092 29.4943
      vertex 7.97869 5.58674 28.6937
    endloop
  endfacet
  facet normal 0.455337 0.349391 0.818898
    outer loop
      vertex 7.46141 6.26087 28.6937
      vertex 6.58553 5.52591 29.4943
      vertex 7.04208 4.93092 29.4943
    endloop
  endfacet
  facet normal 0.174987 0.190951 0.965876
    outer loop
      vertex 3.4021 3.4021 31.2595
      vertex 2.226 2.65284 31.6207
      vertex 2.44873 2.44873 31.6207
    endloop
  endfacet
  facet normal 0.128159 0.117426 0.984777
    outer loop
      vertex 2.65284 2.226 31.6207
      vertex 1.47674 1.47674 31.8631
      vertex 1.59982 1.34241 31.8631
    endloop
  endfacet
  facet normal 0.117426 0.128159 0.984777
    outer loop
      vertex 2.226 2.65284 31.6207
      vertex 1.34241 1.59982 31.8631
      vertex 1.47674 1.47674 31.8631
    endloop
  endfacet
  facet normal 0.105816 0.137901 0.984777
    outer loop
      vertex 2.226 2.65284 31.6207
      vertex 1.19787 1.71073 31.8631
      vertex 1.34241 1.59982 31.8631
    endloop
  endfacet
  facet normal 0.0560616 0.252865 0.965876
    outer loop
      vertex 1.24525 4.64735 31.2595
      vertex 0.835472 4.7382 31.2595
      vertex 0.896298 3.34503 31.6207
    endloop
  endfacet
  facet normal 0.0778803 0.247019 0.965876
    outer loop
      vertex 1.24525 4.64735 31.2595
      vertex 0.896298 3.34503 31.6207
      vertex 1.64556 4.52114 31.2595
    endloop
  endfacet
  facet normal 0.0665227 0.160588 0.984777
    outer loop
      vertex 1.18443 3.25419 31.6207
      vertex 0.714281 1.96247 31.8631
      vertex 1.46354 3.13857 31.6207
    endloop
  endfacet
  facet normal 0.158056 0.303635 0.939587
    outer loop
      vertex 2.58766 5.54926 30.7821
      vertex 2.03334 4.36051 31.2595
      vertex 3.06147 5.30262 30.7821
    endloop
  endfacet
  facet normal 0.290472 0.921275 0.25861
    outer loop
      vertex 4.04294 15.0885 19.463
      vertex 3.94944 14.7395 20.8113
      vertex 5.21905 14.3392 20.8113
    endloop
  endfacet
  facet normal 0.290488 0.921274 0.258596
    outer loop
      vertex 5.34261 14.6787 19.463
      vertex 4.04294 15.0885 19.463
      vertex 5.21905 14.3392 20.8113
    endloop
  endfacet
  facet normal -0.128566 0.976403 0.173517
    outer loop
      vertex -1.38256 15.8028 18.0884
      vertex -2.71251 15.3834 19.463
      vertex -1.36144 15.5613 19.463
    endloop
  endfacet
  facet normal -0.126106 0.957721 0.258588
    outer loop
      vertex -1.36144 15.5613 19.463
      vertex -2.71251 15.3834 19.463
      vertex -1.32995 15.2014 20.8113
    endloop
  endfacet
  facet normal -0.177362 0.799962 0.573239
    outer loop
      vertex -2.20423 12.5008 25.7402
      vertex -3.49257 13.0345 24.5968
      vertex -3.28536 12.2611 25.7402
    endloop
  endfacet
  facet normal -0.177351 0.799971 0.573231
    outer loop
      vertex -2.34325 13.2893 24.5968
      vertex -3.49257 13.0345 24.5968
      vertex -2.20423 12.5008 25.7402
    endloop
  endfacet
  facet normal -0.0280526 0.642584 0.765701
    outer loop
      vertex 0 10.8094 27.7964
      vertex -0.848912 9.70312 28.6937
      vertex 0 9.74018 28.6937
    endloop
  endfacet
  facet normal -0.0250319 0.573392 0.818899
    outer loop
      vertex 0 9.74018 28.6937
      vertex -0.848912 9.70312 28.6937
      vertex 0 8.59679 29.4943
    endloop
  endfacet
  facet normal -0.02183 0.499874 0.865823
    outer loop
      vertex 0 7.38798 30.1922
      vertex -0.749259 8.56408 29.4943
      vertex -0.643905 7.35986 30.1922
    endloop
  endfacet
  facet normal -0.0653038 0.49607 0.865823
    outer loop
      vertex -0.749259 8.56408 29.4943
      vertex -1.28291 7.27574 30.1922
      vertex -0.643905 7.35986 30.1922
    endloop
  endfacet
  facet normal 0.845694 0.187503 0.499644
    outer loop
      vertex 13.7086 3.6732 23.388
      vertex 13.2893 2.34325 24.5968
      vertex 13.9766 2.46444 23.388
    endloop
  endfacet
  facet normal 0.858821 0.113063 0.499644
    outer loop
      vertex 13.9766 2.46444 23.388
      vertex 13.2893 2.34325 24.5968
      vertex 14.1382 1.23693 23.388
    endloop
  endfacet
  facet normal 0.818633 0.0357774 0.573201
    outer loop
      vertex 13.4429 1.1761 24.5968
      vertex 12.6937 0 25.7402
      vertex 13.4943 0 24.5968
    endloop
  endfacet
  facet normal 0.86539 -0.0377799 0.499672
    outer loop
      vertex 14.1922 0 23.388
      vertex 13.4429 -1.1761 24.5968
      vertex 14.1382 -1.23693 23.388
    endloop
  endfacet
  facet normal 0.905606 0.0395356 0.422273
    outer loop
      vertex 14.7821 0 22.1229
      vertex 14.1382 1.23693 23.388
      vertex 14.1922 0 23.388
    endloop
  endfacet
  facet normal 0.86539 0.0377799 0.499672
    outer loop
      vertex 14.1382 1.23693 23.388
      vertex 13.4429 1.1761 24.5968
      vertex 14.1922 0 23.388
    endloop
  endfacet
  facet normal -0.311831 0.285741 0.906153
    outer loop
      vertex -4.32957 4.32957 30.7821
      vertex -5.22409 5.22409 30.1922
      vertex -4.69044 3.93575 30.7821
    endloop
  endfacet
  facet normal -0.252377 0.231261 0.939587
    outer loop
      vertex -4.32957 4.32957 30.7821
      vertex -4.69044 3.93575 30.7821
      vertex -3.4021 3.4021 31.2595
    endloop
  endfacet
  facet normal -0.205484 0.157674 0.965875
    outer loop
      vertex -3.68566 3.09264 31.2595
      vertex -3.94118 2.75964 31.2595
      vertex -2.65284 2.226 31.6207
    endloop
  endfacet
  facet normal -0.190962 0.17498 0.965875
    outer loop
      vertex -3.4021 3.4021 31.2595
      vertex -3.68566 3.09264 31.2595
      vertex -2.65284 2.226 31.6207
    endloop
  endfacet
  facet normal -0.128151 0.117438 0.984777
    outer loop
      vertex -2.44873 2.44873 31.6207
      vertex -2.65284 2.226 31.6207
      vertex -1.47674 1.47674 31.8631
    endloop
  endfacet
  facet normal -0.117438 0.128151 0.984777
    outer loop
      vertex -2.226 2.65284 31.6207
      vertex -2.44873 2.44873 31.6207
      vertex -1.47674 1.47674 31.8631
    endloop
  endfacet
  facet normal -0.0226919 0.172333 0.984777
    outer loop
      vertex -0.301823 3.44986 31.6207
      vertex -0.601349 3.41042 31.6207
      vertex -0.182017 2.08047 31.8631
    endloop
  endfacet
  facet normal -0.0113908 0.0865245 0.996185
    outer loop
      vertex -0.182017 2.08047 31.8631
      vertex -0.36265 2.05669 31.8631
      vertex -0.12119 0.687307 31.9848
    endloop
  endfacet
  facet normal -0.16198 0.390982 0.906033
    outer loop
      vertex -2.13562 5.79166 30.7583
      vertex -2.14329 5.73333 30.7821
      vertex -2.09417 5.75368 30.7821
    endloop
  endfacet
  facet normal -0.208317 0.271648 0.93958
    outer loop
      vertex -3.5 4.66218 30.8869
      vertex -2.75964 3.94118 31.2595
      vertex -3.28437 4.69057 30.9265
    endloop
  endfacet
  facet normal -0.208095 0.273679 0.93904
    outer loop
      vertex -3.93575 4.69044 30.7821
      vertex -3.5 4.66218 30.8869
      vertex -3.86235 4.70988 30.7927
    endloop
  endfacet
  facet normal -0.207356 0.270261 0.940193
    outer loop
      vertex -3.93575 4.69044 30.7821
      vertex -3.86235 4.70988 30.7927
      vertex -3.89356 4.72281 30.7821
    endloop
  endfacet
  facet normal -0.20836 0.271605 0.939583
    outer loop
      vertex -3.5 4.66218 30.8869
      vertex -3.93575 4.69044 30.7821
      vertex -2.75964 3.94118 31.2595
    endloop
  endfacet
  facet normal -0.208384 0.271571 0.939588
    outer loop
      vertex -2.75964 3.94118 31.2595
      vertex -3.93575 4.69044 30.7821
      vertex -3.09264 3.68566 31.2595
    endloop
  endfacet
  facet normal -0.0991205 0.239289 0.965876
    outer loop
      vertex -1.64556 4.52114 31.2595
      vertex -2.03334 4.36051 31.2595
      vertex -1.18443 3.25419 31.6207
    endloop
  endfacet
  facet normal -0.130873 0.316417 0.939549
    outer loop
      vertex -2.41996 5.18963 30.9265
      vertex -1.64556 4.52114 31.2595
      vertex -2.3462 5.28576 30.9044
    endloop
  endfacet
  facet normal -0.13101 0.316273 0.939578
    outer loop
      vertex -1.64556 4.52114 31.2595
      vertex -2.41996 5.18963 30.9265
      vertex -2.03334 4.36051 31.2595
    endloop
  endfacet
  facet normal -0.0522731 0.165776 0.984777
    outer loop
      vertex -0.540523 2.01726 31.8631
      vertex -0.896298 3.34503 31.6207
      vertex -0.714281 1.96247 31.8631
    endloop
  endfacet
  facet normal -0.0802613 0.154182 0.984777
    outer loop
      vertex -1.46354 3.13857 31.6207
      vertex -1.73152 2.99907 31.6207
      vertex -0.882604 1.89275 31.8631
    endloop
  endfacet
  facet normal -0.108297 0.488493 0.865821
    outer loop
      vertex -1.28291 7.27574 30.1922
      vertex -2.22501 8.30386 29.4943
      vertex -1.91215 7.13624 30.1922
    endloop
  endfacet
  facet normal -0.108301 0.488491 0.865822
    outer loop
      vertex -1.49282 8.46619 29.4943
      vertex -2.22501 8.30386 29.4943
      vertex -1.28291 7.27574 30.1922
    endloop
  endfacet
  facet normal -0.246133 0.594208 0.765725
    outer loop
      vertex -3.69705 10.1576 27.7964
      vertex -4.11638 8.8276 28.6937
      vertex -3.33134 9.15278 28.6937
    endloop
  endfacet
  facet normal -0.219639 0.530247 0.8189
    outer loop
      vertex -3.33134 9.15278 28.6937
      vertex -4.11638 8.8276 28.6937
      vertex -2.94028 8.07834 29.4943
    endloop
  endfacet
  facet normal -0.233548 0.442612 0.865766
    outer loop
      vertex -3.63316 7.79134 29.4943
      vertex -3.5 7.46218 29.6985
      vertex -3.47834 7.45933 29.7058
    endloop
  endfacet
  facet normal -0.231141 0.443655 0.865878
    outer loop
      vertex -3.5 7.46218 29.6985
      vertex -3.63316 7.79134 29.4943
      vertex -3.64839 7.44264 29.6689
    endloop
  endfacet
  facet normal -0.191314 0.462246 0.865868
    outer loop
      vertex -2.94028 8.07834 29.4943
      vertex -3.13765 7.41447 29.8051
      vertex -3.03336 7.37128 29.8512
    endloop
  endfacet
  facet normal -0.191479 0.462272 0.865818
    outer loop
      vertex -3.63316 7.79134 29.4943
      vertex -3.13765 7.41447 29.8051
      vertex -2.94028 8.07834 29.4943
    endloop
  endfacet
  facet normal -0.191491 0.462259 0.865822
    outer loop
      vertex -3.13765 7.41447 29.8051
      vertex -3.63316 7.79134 29.4943
      vertex -3.47834 7.45933 29.7058
    endloop
  endfacet
  facet normal -0.00380565 -0.0871879 0.996185
    outer loop
      vertex 0 -0.697909 31.9848
      vertex -0.0608263 -0.695254 31.9848
      vertex 0 -2.08842 31.8631
    endloop
  endfacet
  facet normal -0.154182 0.0802613 0.984777
    outer loop
      vertex -2.99907 1.73152 31.6207
      vertex -3.13857 1.46354 31.6207
      vertex -1.89275 0.882604 31.8631
    endloop
  endfacet
  facet normal -0.229741 0.119594 0.965876
    outer loop
      vertex -2.99907 1.73152 31.6207
      vertex -4.36051 2.03334 31.2595
      vertex -3.13857 1.46354 31.6207
    endloop
  endfacet
  facet normal -0.1466 0.0933926 0.984777
    outer loop
      vertex -1.71073 1.19787 31.8631
      vertex -2.99907 1.73152 31.6207
      vertex -1.80862 1.04421 31.8631
    endloop
  endfacet
  facet normal -0.205487 0.157667 0.965876
    outer loop
      vertex -2.65284 2.226 31.6207
      vertex -3.94118 2.75964 31.2595
      vertex -2.83675 1.98631 31.6207
    endloop
  endfacet
  facet normal -0.218443 0.139164 0.965876
    outer loop
      vertex -2.83675 1.98631 31.6207
      vertex -3.94118 2.75964 31.2595
      vertex -2.99907 1.73152 31.6207
    endloop
  endfacet
  facet normal -0.0589586 -0.0643437 0.996185
    outer loop
      vertex -0.493497 -0.493497 31.9848
      vertex -1.34241 -1.59982 31.8631
      vertex -0.448607 -0.53463 31.9848
    endloop
  endfacet
  facet normal -0.0531278 -0.0692364 0.996185
    outer loop
      vertex -0.448607 -0.53463 31.9848
      vertex -1.34241 -1.59982 31.8631
      vertex -0.400305 -0.571694 31.9848
    endloop
  endfacet
  facet normal -0.268899 -0.421967 0.865816
    outer loop
      vertex -4.48995 -7.05213 29.6263
      vertex -4.2984 -7.44504 29.4943
      vertex -4.28801 -7.20708 29.6135
    endloop
  endfacet
  facet normal -0.26881 -0.421873 0.865889
    outer loop
      vertex -4.93092 -7.04208 29.4943
      vertex -4.48995 -7.05213 29.6263
      vertex -4.71243 -6.76218 29.6985
    endloop
  endfacet
  facet normal -0.268803 -0.421936 0.865861
    outer loop
      vertex -4.48995 -7.05213 29.6263
      vertex -4.93092 -7.04208 29.4943
      vertex -4.2984 -7.44504 29.4943
    endloop
  endfacet
  facet normal -0.266564 -0.423539 0.86577
    outer loop
      vertex -4.93092 -7.04208 29.4943
      vertex -4.71243 -6.76218 29.6985
      vertex -4.7208 -6.74199 29.7058
    endloop
  endfacet
  facet normal -0.304564 -0.396972 0.865826
    outer loop
      vertex -4.8523 -6.42452 29.8051
      vertex -4.93092 -7.04208 29.4943
      vertex -4.7208 -6.74199 29.7058
    endloop
  endfacet
  facet normal -0.304667 -0.396788 0.865874
    outer loop
      vertex -5.52591 -6.58553 29.4943
      vertex -4.8523 -6.42452 29.8051
      vertex -4.86703 -6.31261 29.8512
    endloop
  endfacet
  facet normal -0.304599 -0.396963 0.865817
    outer loop
      vertex -4.8523 -6.42452 29.8051
      vertex -5.52591 -6.58553 29.4943
      vertex -4.93092 -7.04208 29.4943
    endloop
  endfacet
  facet normal 0.0832319 -0.0262423 0.996185
    outer loop
      vertex 0.674129 -0.180632 31.9848
      vertex 0.655821 -0.238699 31.9848
      vertex 2.01726 -0.540523 31.8631
    endloop
  endfacet
  facet normal 0.0852022 -0.0188889 0.996185
    outer loop
      vertex 0.687307 -0.12119 31.9848
      vertex 0.674129 -0.180632 31.9848
      vertex 2.01726 -0.540523 31.8631
    endloop
  endfacet
  facet normal 0.0643437 0.0589586 0.996185
    outer loop
      vertex 1.59982 1.34241 31.8631
      vertex 0.493497 0.493497 31.9848
      vertex 0.53463 0.448607 31.9848
    endloop
  endfacet
  facet normal -0.0333965 -0.0806283 0.996185
    outer loop
      vertex -0.238699 -0.655821 31.9848
      vertex -0.882604 -1.89275 31.8631
      vertex -0.714281 -1.96247 31.8631
    endloop
  endfacet
  facet normal -0.0333973 -0.0806279 0.996185
    outer loop
      vertex -0.29495 -0.632521 31.9848
      vertex -0.882604 -1.89275 31.8631
      vertex -0.238699 -0.655821 31.9848
    endloop
  endfacet
  facet normal -0.0333973 0.0806279 0.996185
    outer loop
      vertex -0.238699 0.655821 31.9848
      vertex -0.882604 1.89275 31.8631
      vertex -0.29495 0.632521 31.9848
    endloop
  endfacet
  facet normal -0.0806283 -0.0333965 0.996185
    outer loop
      vertex -0.655821 -0.238699 31.9848
      vertex -1.96247 -0.714281 31.8631
      vertex -1.89275 -0.882604 31.8631
    endloop
  endfacet
  facet normal 0.128151 -0.117438 0.984777
    outer loop
      vertex 2.65284 -2.226 31.6207
      vertex 1.47674 -1.47674 31.8631
      vertex 2.44873 -2.44873 31.6207
    endloop
  endfacet
  facet normal 0.117438 -0.128151 0.984777
    outer loop
      vertex 2.44873 -2.44873 31.6207
      vertex 1.47674 -1.47674 31.8631
      vertex 2.226 -2.65284 31.6207
    endloop
  endfacet
  facet normal 0.0589565 -0.0643453 0.996185
    outer loop
      vertex 1.47674 -1.47674 31.8631
      vertex 0.493497 -0.493497 31.9848
      vertex 1.34241 -1.59982 31.8631
    endloop
  endfacet
  facet normal 0.0589586 -0.0643437 0.996185
    outer loop
      vertex 0.493497 -0.493497 31.9848
      vertex 0.448607 -0.53463 31.9848
      vertex 1.34241 -1.59982 31.8631
    endloop
  endfacet
  facet normal 0.252865 -0.0560616 0.965876
    outer loop
      vertex 4.7382 -0.835472 31.2595
      vertex 3.34503 -0.896298 31.6207
      vertex 4.64735 -1.24525 31.2595
    endloop
  endfacet
  facet normal 0.239289 -0.0991205 0.965876
    outer loop
      vertex 4.52114 -1.64556 31.2595
      vertex 3.25419 -1.18443 31.6207
      vertex 4.36051 -2.03334 31.2595
    endloop
  endfacet
  facet normal 0.0774098 -0.0402985 0.996185
    outer loop
      vertex 1.89275 -0.882604 31.8631
      vertex 0.632521 -0.29495 31.9848
      vertex 1.80862 -1.04421 31.8631
    endloop
  endfacet
  facet normal 0.15418 -0.0802641 0.984777
    outer loop
      vertex 1.89275 -0.882604 31.8631
      vertex 1.80862 -1.04421 31.8631
      vertex 2.99907 -1.73152 31.6207
    endloop
  endfacet
  facet normal 0.0643437 -0.0589586 0.996185
    outer loop
      vertex 0.53463 -0.448607 31.9848
      vertex 0.493497 -0.493497 31.9848
      vertex 1.59982 -1.34241 31.8631
    endloop
  endfacet
  facet normal 0.0376226 0.169701 0.984777
    outer loop
      vertex 0.601349 3.41042 31.6207
      vertex 0.36265 2.05669 31.8631
      vertex 0.896298 3.34503 31.6207
    endloop
  endfacet
  facet normal 0.0933946 -0.146599 0.984777
    outer loop
      vertex 1.98631 -2.83675 31.6207
      vertex 1.19787 -1.71073 31.8631
      vertex 1.73152 -2.99907 31.6207
    endloop
  endfacet
  facet normal 0.0933926 -0.1466 0.984777
    outer loop
      vertex 1.19787 -1.71073 31.8631
      vertex 1.04421 -1.80862 31.8631
      vertex 1.73152 -2.99907 31.6207
    endloop
  endfacet
  facet normal -0.0113911 0.0865245 0.996185
    outer loop
      vertex -0.0608263 0.695254 31.9848
      vertex -0.182017 2.08047 31.8631
      vertex -0.12119 0.687307 31.9848
    endloop
  endfacet
  facet normal 0.154182 0.0802613 0.984777
    outer loop
      vertex 2.99907 1.73152 31.6207
      vertex 1.89275 0.882604 31.8631
      vertex 3.13857 1.46354 31.6207
    endloop
  endfacet
  facet normal 0.15418 0.0802641 0.984777
    outer loop
      vertex 2.99907 1.73152 31.6207
      vertex 1.80862 1.04421 31.8631
      vertex 1.89275 0.882604 31.8631
    endloop
  endfacet
  facet normal 0.04689 0.0736042 0.996185
    outer loop
      vertex 1.04421 1.80862 31.8631
      vertex 0.400305 0.571694 31.9848
      vertex 1.19787 1.71073 31.8631
    endloop
  endfacet
  facet normal 0.0376188 0.169703 0.984777
    outer loop
      vertex 0.896298 3.34503 31.6207
      vertex 0.36265 2.05669 31.8631
      vertex 0.540523 2.01726 31.8631
    endloop
  endfacet
  facet normal 0.0806279 0.0333973 0.996185
    outer loop
      vertex 1.89275 0.882604 31.8631
      vertex 0.632521 0.29495 31.9848
      vertex 0.655821 0.238699 31.9848
    endloop
  endfacet
  facet normal 0.0692367 0.0531274 0.996185
    outer loop
      vertex 1.59982 1.34241 31.8631
      vertex 0.571694 0.400305 31.9848
      vertex 1.71073 1.19787 31.8631
    endloop
  endfacet
  facet normal -0.128159 -0.117426 0.984777
    outer loop
      vertex -1.59982 -1.34241 31.8631
      vertex -2.65284 -2.226 31.6207
      vertex -1.47674 -1.47674 31.8631
    endloop
  endfacet
  facet normal -0.0643453 -0.0589565 0.996185
    outer loop
      vertex -0.493497 -0.493497 31.9848
      vertex -1.59982 -1.34241 31.8631
      vertex -1.47674 -1.47674 31.8631
    endloop
  endfacet
  facet normal -0.0226919 -0.172333 0.984777
    outer loop
      vertex -0.182017 -2.08047 31.8631
      vertex -0.601349 -3.41042 31.6207
      vertex -0.301823 -3.44986 31.6207
    endloop
  endfacet
  facet normal -0.0226875 -0.172335 0.984777
    outer loop
      vertex -0.36265 -2.05669 31.8631
      vertex -0.601349 -3.41042 31.6207
      vertex -0.182017 -2.08047 31.8631
    endloop
  endfacet
  facet normal 0.455337 -0.349391 0.818898
    outer loop
      vertex 7.04208 -4.93092 29.4943
      vertex 6.58553 -5.52591 29.4943
      vertex 7.46141 -6.26087 28.6937
    endloop
  endfacet
  facet normal 0.421993 -0.268839 0.865822
    outer loop
      vertex 7.44504 -4.2984 29.4943
      vertex 6.05188 -4.23757 30.1922
      vertex 7.04208 -4.93092 29.4943
    endloop
  endfacet
  facet normal 0.356712 -0.227251 0.906153
    outer loop
      vertex 6.39818 -3.69399 30.1922
      vertex 5.30262 -3.06147 30.7821
      vertex 6.05188 -4.23757 30.1922
    endloop
  endfacet
  facet normal 0.335548 -0.257477 0.906153
    outer loop
      vertex 6.05188 -4.23757 30.1922
      vertex 4.69044 -3.93575 30.7821
      vertex 5.65952 -4.7489 30.1922
    endloop
  endfacet
  facet normal 0.311832 -0.28574 0.906153
    outer loop
      vertex 5.65952 -4.7489 30.1922
      vertex 4.69044 -3.93575 30.7821
      vertex 5.22409 -5.22409 30.1922
    endloop
  endfacet
  facet normal 0.227255 -0.356707 0.906154
    outer loop
      vertex 3.51197 -5.01561 30.7821
      vertex 3.06147 -5.30262 30.7821
      vertex 4.23757 -6.05188 30.1922
    endloop
  endfacet
  facet normal 0.150457 -0.477197 0.865821
    outer loop
      vertex 2.94028 -8.07834 29.4943
      vertex 1.91215 -7.13624 30.1922
      vertex 2.22501 -8.30386 29.4943
    endloop
  endfacet
  facet normal 0.191481 -0.462264 0.865821
    outer loop
      vertex 3.12229 -6.69578 30.1922
      vertex 2.52684 -6.94243 30.1922
      vertex 2.94028 -8.07834 29.4943
    endloop
  endfacet
  facet normal 0.345583 -0.542453 0.765714
    outer loop
      vertex 5.58674 -7.97869 28.6937
      vertex 4.87009 -8.43525 28.6937
      vertex 6.20004 -8.85458 27.7964
    endloop
  endfacet
  facet normal 0.349391 -0.455337 0.818898
    outer loop
      vertex 5.52591 -6.58553 29.4943
      vertex 4.93092 -7.04208 29.4943
      vertex 6.26087 -7.46141 28.6937
    endloop
  endfacet
  facet normal 0.183927 -0.288698 0.939587
    outer loop
      vertex 3.51197 -5.01561 30.7821
      vertex 2.75964 -3.94118 31.2595
      vertex 3.06147 -5.30262 30.7821
    endloop
  endfacet
  facet normal 0.208384 -0.271571 0.939588
    outer loop
      vertex 3.09264 -3.68566 31.2595
      vertex 2.75964 -3.94118 31.2595
      vertex 3.93575 -4.69044 30.7821
    endloop
  endfacet
  facet normal 0.19529 -0.375163 0.906154
    outer loop
      vertex 3.06147 -5.30262 30.7821
      vertex 2.58766 -5.54926 30.7821
      vertex 3.12229 -6.69578 30.1922
    endloop
  endfacet
  facet normal 0.158059 -0.303632 0.939588
    outer loop
      vertex 2.40565 -4.1667 31.2595
      vertex 2.03334 -4.36051 31.2595
      vertex 3.06147 -5.30262 30.7821
    endloop
  endfacet
  facet normal 0.0560616 -0.252865 0.965876
    outer loop
      vertex 0.896298 -3.34503 31.6207
      vertex 0.835472 -4.7382 31.2595
      vertex 1.24525 -4.64735 31.2595
    endloop
  endfacet
  facet normal 0.0740925 -0.334193 0.939588
    outer loop
      vertex 1.24525 -4.64735 31.2595
      vertex 0.835472 -4.7382 31.2595
      vertex 1.58473 -5.9143 30.7821
    endloop
  endfacet
  facet normal 0.127179 -0.403376 0.906153
    outer loop
      vertex 2.09417 -5.75368 30.7821
      vertex 1.58473 -5.9143 30.7821
      vertex 2.52684 -6.94243 30.1922
    endloop
  endfacet
  facet normal 0.16186 -0.390753 0.906153
    outer loop
      vertex 3.12229 -6.69578 30.1922
      vertex 2.09417 -5.75368 30.7821
      vertex 2.52684 -6.94243 30.1922
    endloop
  endfacet
  facet normal 0.0692364 0.0531278 0.996185
    outer loop
      vertex 1.59982 1.34241 31.8631
      vertex 0.53463 0.448607 31.9848
      vertex 0.571694 0.400305 31.9848
    endloop
  endfacet
  facet normal 0.0468895 0.0736045 0.996185
    outer loop
      vertex 1.04421 1.80862 31.8631
      vertex 0.348954 0.604407 31.9848
      vertex 0.400305 0.571694 31.9848
    endloop
  endfacet
  facet normal 0.173656 -0.00757743 0.984777
    outer loop
      vertex 3.46303 0 31.6207
      vertex 2.08047 -0.182017 31.8631
      vertex 3.44986 -0.301823 31.6207
    endloop
  endfacet
  facet normal 0.0852027 -0.0188873 0.996185
    outer loop
      vertex 2.05669 -0.36265 31.8631
      vertex 0.687307 -0.12119 31.9848
      vertex 2.01726 -0.540523 31.8631
    endloop
  endfacet
  facet normal 0.42315 0.387748 0.818899
    outer loop
      vertex 6.88735 6.88735 28.6937
      vertex 6.07885 6.07885 29.4943
      vertex 6.58553 5.52591 29.4943
    endloop
  endfacet
  facet normal 0.387748 0.42315 0.818899
    outer loop
      vertex 6.88735 6.88735 28.6937
      vertex 5.52591 6.58553 29.4943
      vertex 6.07885 6.07885 29.4943
    endloop
  endfacet
  facet normal 0.117438 0.128151 0.984777
    outer loop
      vertex 2.226 2.65284 31.6207
      vertex 1.47674 1.47674 31.8631
      vertex 2.44873 2.44873 31.6207
    endloop
  endfacet
  facet normal 0.128151 0.117438 0.984777
    outer loop
      vertex 2.44873 2.44873 31.6207
      vertex 1.47674 1.47674 31.8631
      vertex 2.65284 2.226 31.6207
    endloop
  endfacet
  facet normal 0.119594 0.229741 0.965876
    outer loop
      vertex 2.03334 4.36051 31.2595
      vertex 1.46354 3.13857 31.6207
      vertex 1.73152 2.99907 31.6207
    endloop
  endfacet
  facet normal 0.139165 0.218442 0.965876
    outer loop
      vertex 2.40565 4.1667 31.2595
      vertex 1.73152 2.99907 31.6207
      vertex 2.75964 3.94118 31.2595
    endloop
  endfacet
  facet normal 0.0778786 0.24702 0.965876
    outer loop
      vertex 1.64556 4.52114 31.2595
      vertex 0.896298 3.34503 31.6207
      vertex 1.18443 3.25419 31.6207
    endloop
  endfacet
  facet normal 0.0522649 0.165777 0.984777
    outer loop
      vertex 0.896298 3.34503 31.6207
      vertex 0.714281 1.96247 31.8631
      vertex 1.18443 3.25419 31.6207
    endloop
  endfacet
  facet normal -0.18392 0.288743 0.939575
    outer loop
      vertex -2.94752 4.78864 30.9623
      vertex -2.40565 4.1667 31.2595
      vertex -2.8 4.84974 30.9724
    endloop
  endfacet
  facet normal -0.183941 0.288725 0.939576
    outer loop
      vertex -2.40565 4.1667 31.2595
      vertex -2.94752 4.78864 30.9623
      vertex -2.75964 3.94118 31.2595
    endloop
  endfacet
  facet normal -0.183855 0.288748 0.939586
    outer loop
      vertex -3.13765 4.70988 30.9493
      vertex -2.75964 3.94118 31.2595
      vertex -2.94752 4.78864 30.9623
    endloop
  endfacet
  facet normal -0.184002 0.288674 0.93958
    outer loop
      vertex -2.75964 3.94118 31.2595
      vertex -3.13765 4.70988 30.9493
      vertex -3.28437 4.69057 30.9265
    endloop
  endfacet
  facet normal -0.0665227 0.160588 0.984777
    outer loop
      vertex -1.18443 3.25419 31.6207
      vertex -1.46354 3.13857 31.6207
      vertex -0.714281 1.96247 31.8631
    endloop
  endfacet
  facet normal -0.0991234 0.239287 0.965876
    outer loop
      vertex -1.18443 3.25419 31.6207
      vertex -2.03334 4.36051 31.2595
      vertex -1.46354 3.13857 31.6207
    endloop
  endfacet
  facet normal -0.0778786 0.24702 0.965876
    outer loop
      vertex -0.896298 3.34503 31.6207
      vertex -1.64556 4.52114 31.2595
      vertex -1.18443 3.25419 31.6207
    endloop
  endfacet
  facet normal -0.0376226 0.169701 0.984777
    outer loop
      vertex -0.601349 3.41042 31.6207
      vertex -0.896298 3.34503 31.6207
      vertex -0.36265 2.05669 31.8631
    endloop
  endfacet
  facet normal -0.0338125 0.256788 0.965876
    outer loop
      vertex -0.301823 3.44986 31.6207
      vertex -0.835472 4.7382 31.2595
      vertex -0.601349 3.41042 31.6207
    endloop
  endfacet
  facet normal -0.0560616 0.252865 0.965876
    outer loop
      vertex -0.835472 4.7382 31.2595
      vertex -1.24525 4.64735 31.2595
      vertex -0.896298 3.34503 31.6207
    endloop
  endfacet
  facet normal -0.0802641 0.15418 0.984777
    outer loop
      vertex -0.882604 1.89275 31.8631
      vertex -1.73152 2.99907 31.6207
      vertex -1.04421 1.80862 31.8631
    endloop
  endfacet
  facet normal 0.0188889 0.0852022 0.996185
    outer loop
      vertex 0.540523 2.01726 31.8631
      vertex 0.12119 0.687307 31.9848
      vertex 0.180632 0.674129 31.9848
    endloop
  endfacet
  facet normal -0.119594 -0.229741 0.965876
    outer loop
      vertex -1.73152 -2.99907 31.6207
      vertex -2.03334 -4.36051 31.2595
      vertex -1.46354 -3.13857 31.6207
    endloop
  endfacet
  facet normal -0.0991234 -0.239287 0.965876
    outer loop
      vertex -1.46354 -3.13857 31.6207
      vertex -2.03334 -4.36051 31.2595
      vertex -1.18443 -3.25419 31.6207
    endloop
  endfacet
  facet normal 0.0522731 -0.165776 0.984777
    outer loop
      vertex 0.714281 -1.96247 31.8631
      vertex 0.540523 -2.01726 31.8631
      vertex 0.896298 -3.34503 31.6207
    endloop
  endfacet
  facet normal 0.0262448 -0.0832313 0.996185
    outer loop
      vertex 0.714281 -1.96247 31.8631
      vertex 0.238699 -0.655821 31.9848
      vertex 0.540523 -2.01726 31.8631
    endloop
  endfacet
  facet normal 0.205487 -0.157667 0.965876
    outer loop
      vertex 2.83675 -1.98631 31.6207
      vertex 2.65284 -2.226 31.6207
      vertex 3.94118 -2.75964 31.2595
    endloop
  endfacet
  facet normal 0.218443 -0.139164 0.965876
    outer loop
      vertex 2.99907 -1.73152 31.6207
      vertex 2.83675 -1.98631 31.6207
      vertex 3.94118 -2.75964 31.2595
    endloop
  endfacet
  facet normal 0.31625 -0.131001 0.939588
    outer loop
      vertex 5.75368 -2.09417 30.7821
      vertex 4.52114 -1.64556 31.2595
      vertex 5.54926 -2.58766 30.7821
    endloop
  endfacet
  facet normal 0.229741 -0.119594 0.965876
    outer loop
      vertex 3.13857 -1.46354 31.6207
      vertex 2.99907 -1.73152 31.6207
      vertex 4.36051 -2.03334 31.2595
    endloop
  endfacet
  facet normal -0.0852027 -0.0188873 0.996185
    outer loop
      vertex -0.687307 -0.12119 31.9848
      vertex -2.05669 -0.36265 31.8631
      vertex -2.01726 -0.540523 31.8631
    endloop
  endfacet
  facet normal 0.0774096 -0.0402988 0.996185
    outer loop
      vertex 0.632521 -0.29495 31.9848
      vertex 0.604407 -0.348954 31.9848
      vertex 1.80862 -1.04421 31.8631
    endloop
  endfacet
  facet normal -0.0832319 -0.0262423 0.996185
    outer loop
      vertex -0.674129 -0.180632 31.9848
      vertex -2.01726 -0.540523 31.8631
      vertex -0.655821 -0.238699 31.9848
    endloop
  endfacet
  facet normal -0.0736045 -0.0468895 0.996185
    outer loop
      vertex -0.604407 -0.348954 31.9848
      vertex -1.80862 -1.04421 31.8631
      vertex -0.571694 -0.400305 31.9848
    endloop
  endfacet
  facet normal 0.0262423 -0.0832319 0.996185
    outer loop
      vertex 0.238699 -0.655821 31.9848
      vertex 0.180632 -0.674129 31.9848
      vertex 0.540523 -2.01726 31.8631
    endloop
  endfacet
  facet normal 0.0402988 0.0774096 0.996185
    outer loop
      vertex 1.04421 1.80862 31.8631
      vertex 0.29495 0.632521 31.9848
      vertex 0.348954 0.604407 31.9848
    endloop
  endfacet
  facet normal 0.42315 -0.387748 0.818899
    outer loop
      vertex 6.58553 -5.52591 29.4943
      vertex 6.07885 -6.07885 29.4943
      vertex 6.88735 -6.88735 28.6937
    endloop
  endfacet
  facet normal 0.368896 -0.338034 0.865822
    outer loop
      vertex 6.58553 -5.52591 29.4943
      vertex 5.65952 -4.7489 30.1922
      vertex 6.07885 -6.07885 29.4943
    endloop
  endfacet
  facet normal 0.271574 -0.208381 0.939587
    outer loop
      vertex 5.01561 -3.51197 30.7821
      vertex 3.94118 -2.75964 31.2595
      vertex 4.69044 -3.93575 30.7821
    endloop
  endfacet
  facet normal 0.33555 -0.25747 0.906154
    outer loop
      vertex 5.01561 -3.51197 30.7821
      vertex 4.69044 -3.93575 30.7821
      vertex 6.05188 -4.23757 30.1922
    endloop
  endfacet
  facet normal 0.338034 -0.368896 0.865822
    outer loop
      vertex 6.07885 -6.07885 29.4943
      vertex 4.7489 -5.65952 30.1922
      vertex 5.52591 -6.58553 29.4943
    endloop
  endfacet
  facet normal 0.285741 -0.311831 0.906153
    outer loop
      vertex 4.32957 -4.32957 30.7821
      vertex 3.93575 -4.69044 30.7821
      vertex 5.22409 -5.22409 30.1922
    endloop
  endfacet
  facet normal 0.131 -0.316251 0.939587
    outer loop
      vertex 2.03334 -4.36051 31.2595
      vertex 1.64556 -4.52114 31.2595
      vertex 2.58766 -5.54926 30.7821
    endloop
  endfacet
  facet normal 0.131001 -0.31625 0.939588
    outer loop
      vertex 2.58766 -5.54926 30.7821
      vertex 1.64556 -4.52114 31.2595
      vertex 2.09417 -5.75368 30.7821
    endloop
  endfacet
  facet normal 0.065308 -0.496072 0.865822
    outer loop
      vertex 1.28291 -7.27574 30.1922
      vertex 0.749259 -8.56408 29.4943
      vertex 1.49282 -8.46619 29.4943
    endloop
  endfacet
  facet normal 0.0749127 -0.569028 0.818899
    outer loop
      vertex 1.49282 -8.46619 29.4943
      vertex 0.749259 -8.56408 29.4943
      vertex 1.69136 -9.59221 28.6937
    endloop
  endfacet
  facet normal 0.311831 -0.285741 0.906153
    outer loop
      vertex 4.69044 -3.93575 30.7821
      vertex 4.32957 -4.32957 30.7821
      vertex 5.22409 -5.22409 30.1922
    endloop
  endfacet
  facet normal 0.231261 -0.252377 0.939587
    outer loop
      vertex 4.32957 -4.32957 30.7821
      vertex 3.4021 -3.4021 31.2595
      vertex 3.93575 -4.69044 30.7821
    endloop
  endfacet
  facet normal 0.172584 -0.547375 0.818899
    outer loop
      vertex 2.94028 -8.07834 29.4943
      vertex 2.22501 -8.30386 29.4943
      vertex 2.52094 -9.40829 28.6937
    endloop
  endfacet
  facet normal 0.108297 -0.488493 0.865821
    outer loop
      vertex 1.91215 -7.13624 30.1922
      vertex 1.28291 -7.27574 30.1922
      vertex 2.22501 -8.30386 29.4943
    endloop
  endfacet
  facet normal 0.128159 -0.117426 0.984777
    outer loop
      vertex 1.59982 -1.34241 31.8631
      vertex 1.47674 -1.47674 31.8631
      vertex 2.65284 -2.226 31.6207
    endloop
  endfacet
  facet normal 0.137901 -0.105816 0.984777
    outer loop
      vertex 1.71073 -1.19787 31.8631
      vertex 1.59982 -1.34241 31.8631
      vertex 2.65284 -2.226 31.6207
    endloop
  endfacet
  facet normal 0.0188873 0.0852027 0.996185
    outer loop
      vertex 0.36265 2.05669 31.8631
      vertex 0.12119 0.687307 31.9848
      vertex 0.540523 2.01726 31.8631
    endloop
  endfacet
  facet normal 0.173657 -0.00758484 0.984777
    outer loop
      vertex 2.08842 0 31.8631
      vertex 2.08047 -0.182017 31.8631
      vertex 3.46303 0 31.6207
    endloop
  endfacet
  facet normal 0.087188 -0.00380813 0.996185
    outer loop
      vertex 2.08842 0 31.8631
      vertex 0.695254 -0.0608263 31.9848
      vertex 2.08047 -0.182017 31.8631
    endloop
  endfacet
  facet normal 0.311831 0.285741 0.906153
    outer loop
      vertex 5.22409 5.22409 30.1922
      vertex 4.32957 4.32957 30.7821
      vertex 4.69044 3.93575 30.7821
    endloop
  endfacet
  facet normal 0.311832 0.28574 0.906153
    outer loop
      vertex 5.22409 5.22409 30.1922
      vertex 4.69044 3.93575 30.7821
      vertex 5.65952 4.7489 30.1922
    endloop
  endfacet
  facet normal 0.158059 0.303632 0.939588
    outer loop
      vertex 3.06147 5.30262 30.7821
      vertex 2.03334 4.36051 31.2595
      vertex 2.40565 4.1667 31.2595
    endloop
  endfacet
  facet normal 0.119594 0.229741 0.965876
    outer loop
      vertex 2.03334 4.36051 31.2595
      vertex 1.73152 2.99907 31.6207
      vertex 2.40565 4.1667 31.2595
    endloop
  endfacet
  facet normal -0.139165 0.218442 0.965876
    outer loop
      vertex -2.40565 4.1667 31.2595
      vertex -2.75964 3.94118 31.2595
      vertex -1.73152 2.99907 31.6207
    endloop
  endfacet
  facet normal -0.119594 0.229741 0.965876
    outer loop
      vertex -2.03334 4.36051 31.2595
      vertex -2.40565 4.1667 31.2595
      vertex -1.73152 2.99907 31.6207
    endloop
  endfacet
  facet normal -0.0560601 0.252865 0.965876
    outer loop
      vertex -0.835472 4.7382 31.2595
      vertex -0.896298 3.34503 31.6207
      vertex -0.601349 3.41042 31.6207
    endloop
  endfacet
  facet normal -0.0226875 0.172335 0.984777
    outer loop
      vertex -0.182017 2.08047 31.8631
      vertex -0.601349 3.41042 31.6207
      vertex -0.36265 2.05669 31.8631
    endloop
  endfacet
  facet normal -0.0333965 0.0806283 0.996185
    outer loop
      vertex -0.714281 1.96247 31.8631
      vertex -0.882604 1.89275 31.8631
      vertex -0.238699 0.655821 31.9848
    endloop
  endfacet
  facet normal -0.0665174 0.160591 0.984777
    outer loop
      vertex -0.714281 1.96247 31.8631
      vertex -1.46354 3.13857 31.6207
      vertex -0.882604 1.89275 31.8631
    endloop
  endfacet
  facet normal 0.0531274 0.0692367 0.996185
    outer loop
      vertex 1.19787 1.71073 31.8631
      vertex 0.400305 0.571694 31.9848
      vertex 1.34241 1.59982 31.8631
    endloop
  endfacet
  facet normal 0.303632 -0.158059 0.939588
    outer loop
      vertex 4.36051 -2.03334 31.2595
      vertex 4.1667 -2.40565 31.2595
      vertex 5.30262 -3.06147 30.7821
    endloop
  endfacet
  facet normal 0.229741 -0.119594 0.965876
    outer loop
      vertex 4.36051 -2.03334 31.2595
      vertex 2.99907 -1.73152 31.6207
      vertex 4.1667 -2.40565 31.2595
    endloop
  endfacet
  facet normal 0.326467 -0.102931 0.939588
    outer loop
      vertex 5.9143 -1.58473 30.7821
      vertex 4.52114 -1.64556 31.2595
      vertex 5.75368 -2.09417 30.7821
    endloop
  endfacet
  facet normal 0.247019 -0.0778803 0.965876
    outer loop
      vertex 4.64735 -1.24525 31.2595
      vertex 3.34503 -0.896298 31.6207
      vertex 4.52114 -1.64556 31.2595
    endloop
  endfacet
  facet normal 0.160591 -0.0665174 0.984777
    outer loop
      vertex 1.96247 -0.714281 31.8631
      vertex 1.89275 -0.882604 31.8631
      vertex 3.13857 -1.46354 31.6207
    endloop
  endfacet
  facet normal 0.154182 -0.0802613 0.984777
    outer loop
      vertex 3.13857 -1.46354 31.6207
      vertex 1.89275 -0.882604 31.8631
      vertex 2.99907 -1.73152 31.6207
    endloop
  endfacet
  facet normal -0.0262423 0.0832319 0.996185
    outer loop
      vertex -0.180632 0.674129 31.9848
      vertex -0.540523 2.01726 31.8631
      vertex -0.238699 0.655821 31.9848
    endloop
  endfacet
  facet normal 0.0802613 0.154182 0.984777
    outer loop
      vertex 1.46354 3.13857 31.6207
      vertex 0.882604 1.89275 31.8631
      vertex 1.73152 2.99907 31.6207
    endloop
  endfacet
  facet normal 0.0665174 0.160591 0.984777
    outer loop
      vertex 1.46354 3.13857 31.6207
      vertex 0.714281 1.96247 31.8631
      vertex 0.882604 1.89275 31.8631
    endloop
  endfacet
  facet normal 0.0692364 -0.0531278 0.996185
    outer loop
      vertex 0.571694 -0.400305 31.9848
      vertex 0.53463 -0.448607 31.9848
      vertex 1.59982 -1.34241 31.8631
    endloop
  endfacet
  facet normal 0.00380813 0.087188 0.996185
    outer loop
      vertex 0.182017 2.08047 31.8631
      vertex 0 2.08842 31.8631
      vertex 0.0608263 0.695254 31.9848
    endloop
  endfacet
  facet normal 0.252377 -0.231261 0.939587
    outer loop
      vertex 4.69044 -3.93575 30.7821
      vertex 3.4021 -3.4021 31.2595
      vertex 4.32957 -4.32957 30.7821
    endloop
  endfacet
  facet normal 0.28574 -0.311832 0.906153
    outer loop
      vertex 5.22409 -5.22409 30.1922
      vertex 3.93575 -4.69044 30.7821
      vertex 4.7489 -5.65952 30.1922
    endloop
  endfacet
  facet normal 0.338033 -0.368899 0.865822
    outer loop
      vertex 5.22409 -5.22409 30.1922
      vertex 4.7489 -5.65952 30.1922
      vertex 6.07885 -6.07885 29.4943
    endloop
  endfacet
  facet normal 0.368899 -0.338033 0.865822
    outer loop
      vertex 5.65952 -4.7489 30.1922
      vertex 5.22409 -5.22409 30.1922
      vertex 6.07885 -6.07885 29.4943
    endloop
  endfacet
  facet normal 0.195292 -0.375163 0.906153
    outer loop
      vertex 3.69399 -6.39818 30.1922
      vertex 3.06147 -5.30262 30.7821
      vertex 3.12229 -6.69578 30.1922
    endloop
  endfacet
  facet normal 0.191476 -0.462264 0.865823
    outer loop
      vertex 3.12229 -6.69578 30.1922
      vertex 2.94028 -8.07834 29.4943
      vertex 3.63316 -7.79134 29.4943
    endloop
  endfacet
  facet normal 0.304594 -0.396957 0.865822
    outer loop
      vertex 5.52591 -6.58553 29.4943
      vertex 4.23757 -6.05188 30.1922
      vertex 4.93092 -7.04208 29.4943
    endloop
  endfacet
  facet normal 0.304596 -0.396954 0.865823
    outer loop
      vertex 4.7489 -5.65952 30.1922
      vertex 4.23757 -6.05188 30.1922
      vertex 5.52591 -6.58553 29.4943
    endloop
  endfacet
  facet normal 0.231256 -0.252379 0.939588
    outer loop
      vertex 3.4021 -3.4021 31.2595
      vertex 3.09264 -3.68566 31.2595
      vertex 3.93575 -4.69044 30.7821
    endloop
  endfacet
  facet normal 0.17498 -0.190962 0.965875
    outer loop
      vertex 3.4021 -3.4021 31.2595
      vertex 2.226 -2.65284 31.6207
      vertex 3.09264 -3.68566 31.2595
    endloop
  endfacet
  facet normal 0.25747 -0.33555 0.906154
    outer loop
      vertex 3.93575 -4.69044 30.7821
      vertex 3.51197 -5.01561 30.7821
      vertex 4.23757 -6.05188 30.1922
    endloop
  endfacet
  facet normal 0.208381 -0.271574 0.939587
    outer loop
      vertex 3.93575 -4.69044 30.7821
      vertex 2.75964 -3.94118 31.2595
      vertex 3.51197 -5.01561 30.7821
    endloop
  endfacet
  facet normal 0.219639 -0.530247 0.8189
    outer loop
      vertex 4.11638 -8.8276 28.6937
      vertex 2.94028 -8.07834 29.4943
      vertex 3.33134 -9.15278 28.6937
    endloop
  endfacet
  facet normal 0.231031 -0.443819 0.865823
    outer loop
      vertex 3.69399 -6.39818 30.1922
      vertex 3.12229 -6.69578 30.1922
      vertex 3.63316 -7.79134 29.4943
    endloop
  endfacet
  facet normal 0.150458 -0.477196 0.865821
    outer loop
      vertex 2.52684 -6.94243 30.1922
      vertex 1.91215 -7.13624 30.1922
      vertex 2.94028 -8.07834 29.4943
    endloop
  endfacet
  facet normal 0.127182 -0.403373 0.906154
    outer loop
      vertex 2.52684 -6.94243 30.1922
      vertex 1.58473 -5.9143 30.7821
      vertex 1.91215 -7.13624 30.1922
    endloop
  endfacet
  facet normal 0.124228 -0.560332 0.818899
    outer loop
      vertex 2.22501 -8.30386 29.4943
      vertex 1.49282 -8.46619 29.4943
      vertex 2.52094 -9.40829 28.6937
    endloop
  endfacet
  facet normal 0.108301 -0.488491 0.865822
    outer loop
      vertex 2.22501 -8.30386 29.4943
      vertex 1.28291 -7.27574 30.1922
      vertex 1.49282 -8.46619 29.4943
    endloop
  endfacet
  facet normal 0 0 1
    outer loop
      vertex 0.695254 0.0608263 31.9848
      vertex 0.695254 -0.0608263 31.9848
      vertex 0.697909 0 31.9848
    endloop
  endfacet
  facet normal 0 0 1
    outer loop
      vertex 0.687307 0.12119 31.9848
      vertex 0.695254 -0.0608263 31.9848
      vertex 0.695254 0.0608263 31.9848
    endloop
  endfacet
  facet normal 0 0 1
    outer loop
      vertex 0.687307 0.12119 31.9848
      vertex 0.687307 -0.12119 31.9848
      vertex 0.695254 -0.0608263 31.9848
    endloop
  endfacet
  facet normal 0 0 1
    outer loop
      vertex 0.674129 0.180632 31.9848
      vertex 0.687307 -0.12119 31.9848
      vertex 0.687307 0.12119 31.9848
    endloop
  endfacet
  facet normal 0 0 1
    outer loop
      vertex 0.674129 0.180632 31.9848
      vertex 0.674129 -0.180632 31.9848
      vertex 0.687307 -0.12119 31.9848
    endloop
  endfacet
  facet normal 0 0 1
    outer loop
      vertex 0.655821 0.238699 31.9848
      vertex 0.674129 -0.180632 31.9848
      vertex 0.674129 0.180632 31.9848
    endloop
  endfacet
  facet normal 0 0 1
    outer loop
      vertex 0.655821 0.238699 31.9848
      vertex 0.655821 -0.238699 31.9848
      vertex 0.674129 -0.180632 31.9848
    endloop
  endfacet
  facet normal 0 0 1
    outer loop
      vertex 0.632521 0.29495 31.9848
      vertex 0.655821 -0.238699 31.9848
      vertex 0.655821 0.238699 31.9848
    endloop
  endfacet
  facet normal 0 0 1
    outer loop
      vertex 0.632521 0.29495 31.9848
      vertex 0.632521 -0.29495 31.9848
      vertex 0.655821 -0.238699 31.9848
    endloop
  endfacet
  facet normal 0 0 1
    outer loop
      vertex 0.604407 0.348954 31.9848
      vertex 0.632521 -0.29495 31.9848
      vertex 0.632521 0.29495 31.9848
    endloop
  endfacet
  facet normal 0 0 1
    outer loop
      vertex 0.604407 0.348954 31.9848
      vertex 0.604407 -0.348954 31.9848
      vertex 0.632521 -0.29495 31.9848
    endloop
  endfacet
  facet normal 0 0 1
    outer loop
      vertex 0.571694 0.400305 31.9848
      vertex 0.604407 -0.348954 31.9848
      vertex 0.604407 0.348954 31.9848
    endloop
  endfacet
  facet normal 0 0 1
    outer loop
      vertex 0.571694 0.400305 31.9848
      vertex 0.571694 -0.400305 31.9848
      vertex 0.604407 -0.348954 31.9848
    endloop
  endfacet
  facet normal 0 0 1
    outer loop
      vertex 0.53463 0.448607 31.9848
      vertex 0.571694 -0.400305 31.9848
      vertex 0.571694 0.400305 31.9848
    endloop
  endfacet
  facet normal 0 0 1
    outer loop
      vertex 0.53463 0.448607 31.9848
      vertex 0.53463 -0.448607 31.9848
      vertex 0.571694 -0.400305 31.9848
    endloop
  endfacet
  facet normal 0 0 1
    outer loop
      vertex 0.493497 0.493497 31.9848
      vertex 0.53463 -0.448607 31.9848
      vertex 0.53463 0.448607 31.9848
    endloop
  endfacet
  facet normal 0 0 1
    outer loop
      vertex 0.493497 0.493497 31.9848
      vertex 0.493497 -0.493497 31.9848
      vertex 0.53463 -0.448607 31.9848
    endloop
  endfacet
  facet normal 0 0 1
    outer loop
      vertex 0.448607 0.53463 31.9848
      vertex 0.493497 -0.493497 31.9848
      vertex 0.493497 0.493497 31.9848
    endloop
  endfacet
  facet normal 0 0 1
    outer loop
      vertex 0.448607 0.53463 31.9848
      vertex 0.448607 -0.53463 31.9848
      vertex 0.493497 -0.493497 31.9848
    endloop
  endfacet
  facet normal 0 0 1
    outer loop
      vertex 0.400305 0.571694 31.9848
      vertex 0.448607 -0.53463 31.9848
      vertex 0.448607 0.53463 31.9848
    endloop
  endfacet
  facet normal 0 0 1
    outer loop
      vertex 0.400305 0.571694 31.9848
      vertex 0.400305 -0.571694 31.9848
      vertex 0.448607 -0.53463 31.9848
    endloop
  endfacet
  facet normal 0 0 1
    outer loop
      vertex 0.348954 0.604407 31.9848
      vertex 0.400305 -0.571694 31.9848
      vertex 0.400305 0.571694 31.9848
    endloop
  endfacet
  facet normal 0 0 1
    outer loop
      vertex 0.348954 0.604407 31.9848
      vertex 0.348954 -0.604407 31.9848
      vertex 0.400305 -0.571694 31.9848
    endloop
  endfacet
  facet normal 0 0 1
    outer loop
      vertex 0.29495 0.632521 31.9848
      vertex 0.348954 -0.604407 31.9848
      vertex 0.348954 0.604407 31.9848
    endloop
  endfacet
  facet normal 0 0 1
    outer loop
      vertex 0.29495 0.632521 31.9848
      vertex 0.29495 -0.632521 31.9848
      vertex 0.348954 -0.604407 31.9848
    endloop
  endfacet
  facet normal 0 0 1
    outer loop
      vertex 0.238699 0.655821 31.9848
      vertex 0.29495 -0.632521 31.9848
      vertex 0.29495 0.632521 31.9848
    endloop
  endfacet
  facet normal 0 0 1
    outer loop
      vertex 0.238699 0.655821 31.9848
      vertex 0.238699 -0.655821 31.9848
      vertex 0.29495 -0.632521 31.9848
    endloop
  endfacet
  facet normal 0 0 1
    outer loop
      vertex 0.180632 0.674129 31.9848
      vertex 0.238699 -0.655821 31.9848
      vertex 0.238699 0.655821 31.9848
    endloop
  endfacet
  facet normal 0 0 1
    outer loop
      vertex 0.180632 0.674129 31.9848
      vertex 0.180632 -0.674129 31.9848
      vertex 0.238699 -0.655821 31.9848
    endloop
  endfacet
  facet normal 0 0 1
    outer loop
      vertex 0.12119 0.687307 31.9848
      vertex 0.180632 -0.674129 31.9848
      vertex 0.180632 0.674129 31.9848
    endloop
  endfacet
  facet normal 0 0 1
    outer loop
      vertex 0.12119 0.687307 31.9848
      vertex 0.12119 -0.687307 31.9848
      vertex 0.180632 -0.674129 31.9848
    endloop
  endfacet
  facet normal 0 0 1
    outer loop
      vertex 0.0608263 0.695254 31.9848
      vertex 0.12119 -0.687307 31.9848
      vertex 0.12119 0.687307 31.9848
    endloop
  endfacet
  facet normal 0 0 1
    outer loop
      vertex 0.0608263 0.695254 31.9848
      vertex 0.0608263 -0.695254 31.9848
      vertex 0.12119 -0.687307 31.9848
    endloop
  endfacet
  facet normal 0 0 1
    outer loop
      vertex 0 0.697909 31.9848
      vertex 0.0608263 -0.695254 31.9848
      vertex 0.0608263 0.695254 31.9848
    endloop
  endfacet
  facet normal 0 0 1
    outer loop
      vertex 0 0.697909 31.9848
      vertex 0 -0.697909 31.9848
      vertex 0.0608263 -0.695254 31.9848
    endloop
  endfacet
  facet normal -0 0 1
    outer loop
      vertex -0.0608263 0.695254 31.9848
      vertex 0 -0.697909 31.9848
      vertex 0 0.697909 31.9848
    endloop
  endfacet
  facet normal 0 0 1
    outer loop
      vertex -0.0608263 0.695254 31.9848
      vertex -0.0608263 -0.695254 31.9848
      vertex 0 -0.697909 31.9848
    endloop
  endfacet
  facet normal -0 0 1
    outer loop
      vertex -0.12119 0.687307 31.9848
      vertex -0.0608263 -0.695254 31.9848
      vertex -0.0608263 0.695254 31.9848
    endloop
  endfacet
  facet normal 0 0 1
    outer loop
      vertex -0.12119 0.687307 31.9848
      vertex -0.12119 -0.687307 31.9848
      vertex -0.0608263 -0.695254 31.9848
    endloop
  endfacet
  facet normal -0 0 1
    outer loop
      vertex -0.180632 0.674129 31.9848
      vertex -0.12119 -0.687307 31.9848
      vertex -0.12119 0.687307 31.9848
    endloop
  endfacet
  facet normal 0 0 1
    outer loop
      vertex -0.180632 0.674129 31.9848
      vertex -0.180632 -0.674129 31.9848
      vertex -0.12119 -0.687307 31.9848
    endloop
  endfacet
  facet normal -0 0 1
    outer loop
      vertex -0.238699 0.655821 31.9848
      vertex -0.180632 -0.674129 31.9848
      vertex -0.180632 0.674129 31.9848
    endloop
  endfacet
  facet normal 0 0 1
    outer loop
      vertex -0.238699 0.655821 31.9848
      vertex -0.238699 -0.655821 31.9848
      vertex -0.180632 -0.674129 31.9848
    endloop
  endfacet
  facet normal -0 0 1
    outer loop
      vertex -0.29495 0.632521 31.9848
      vertex -0.238699 -0.655821 31.9848
      vertex -0.238699 0.655821 31.9848
    endloop
  endfacet
  facet normal 0 0 1
    outer loop
      vertex -0.29495 0.632521 31.9848
      vertex -0.29495 -0.632521 31.9848
      vertex -0.238699 -0.655821 31.9848
    endloop
  endfacet
  facet normal -0 0 1
    outer loop
      vertex -0.348954 0.604407 31.9848
      vertex -0.29495 -0.632521 31.9848
      vertex -0.29495 0.632521 31.9848
    endloop
  endfacet
  facet normal 0 0 1
    outer loop
      vertex -0.348954 0.604407 31.9848
      vertex -0.348954 -0.604407 31.9848
      vertex -0.29495 -0.632521 31.9848
    endloop
  endfacet
  facet normal -0 0 1
    outer loop
      vertex -0.400305 0.571694 31.9848
      vertex -0.348954 -0.604407 31.9848
      vertex -0.348954 0.604407 31.9848
    endloop
  endfacet
  facet normal 0 0 1
    outer loop
      vertex -0.400305 0.571694 31.9848
      vertex -0.400305 -0.571694 31.9848
      vertex -0.348954 -0.604407 31.9848
    endloop
  endfacet
  facet normal -0 0 1
    outer loop
      vertex -0.448607 0.53463 31.9848
      vertex -0.400305 -0.571694 31.9848
      vertex -0.400305 0.571694 31.9848
    endloop
  endfacet
  facet normal 0 0 1
    outer loop
      vertex -0.448607 0.53463 31.9848
      vertex -0.448607 -0.53463 31.9848
      vertex -0.400305 -0.571694 31.9848
    endloop
  endfacet
  facet normal -0 0 1
    outer loop
      vertex -0.493497 0.493497 31.9848
      vertex -0.448607 -0.53463 31.9848
      vertex -0.448607 0.53463 31.9848
    endloop
  endfacet
  facet normal 0 0 1
    outer loop
      vertex -0.493497 0.493497 31.9848
      vertex -0.493497 -0.493497 31.9848
      vertex -0.448607 -0.53463 31.9848
    endloop
  endfacet
  facet normal -0 0 1
    outer loop
      vertex -0.53463 0.448607 31.9848
      vertex -0.493497 -0.493497 31.9848
      vertex -0.493497 0.493497 31.9848
    endloop
  endfacet
  facet normal 0 0 1
    outer loop
      vertex -0.53463 0.448607 31.9848
      vertex -0.53463 -0.448607 31.9848
      vertex -0.493497 -0.493497 31.9848
    endloop
  endfacet
  facet normal -0 0 1
    outer loop
      vertex -0.571694 0.400305 31.9848
      vertex -0.53463 -0.448607 31.9848
      vertex -0.53463 0.448607 31.9848
    endloop
  endfacet
  facet normal 0 0 1
    outer loop
      vertex -0.571694 0.400305 31.9848
      vertex -0.571694 -0.400305 31.9848
      vertex -0.53463 -0.448607 31.9848
    endloop
  endfacet
  facet normal -0 0 1
    outer loop
      vertex -0.604407 0.348954 31.9848
      vertex -0.571694 -0.400305 31.9848
      vertex -0.571694 0.400305 31.9848
    endloop
  endfacet
  facet normal 0 0 1
    outer loop
      vertex -0.604407 0.348954 31.9848
      vertex -0.604407 -0.348954 31.9848
      vertex -0.571694 -0.400305 31.9848
    endloop
  endfacet
  facet normal -0 0 1
    outer loop
      vertex -0.632521 0.29495 31.9848
      vertex -0.604407 -0.348954 31.9848
      vertex -0.604407 0.348954 31.9848
    endloop
  endfacet
  facet normal 0 0 1
    outer loop
      vertex -0.632521 0.29495 31.9848
      vertex -0.632521 -0.29495 31.9848
      vertex -0.604407 -0.348954 31.9848
    endloop
  endfacet
  facet normal -0 0 1
    outer loop
      vertex -0.655821 0.238699 31.9848
      vertex -0.632521 -0.29495 31.9848
      vertex -0.632521 0.29495 31.9848
    endloop
  endfacet
  facet normal 0 0 1
    outer loop
      vertex -0.655821 0.238699 31.9848
      vertex -0.655821 -0.238699 31.9848
      vertex -0.632521 -0.29495 31.9848
    endloop
  endfacet
  facet normal -0 0 1
    outer loop
      vertex -0.674129 0.180632 31.9848
      vertex -0.655821 -0.238699 31.9848
      vertex -0.655821 0.238699 31.9848
    endloop
  endfacet
  facet normal 0 0 1
    outer loop
      vertex -0.674129 0.180632 31.9848
      vertex -0.674129 -0.180632 31.9848
      vertex -0.655821 -0.238699 31.9848
    endloop
  endfacet
  facet normal -0 0 1
    outer loop
      vertex -0.687307 0.12119 31.9848
      vertex -0.674129 -0.180632 31.9848
      vertex -0.674129 0.180632 31.9848
    endloop
  endfacet
  facet normal 0 0 1
    outer loop
      vertex -0.687307 0.12119 31.9848
      vertex -0.687307 -0.12119 31.9848
      vertex -0.674129 -0.180632 31.9848
    endloop
  endfacet
  facet normal -0 0 1
    outer loop
      vertex -0.695254 0.0608263 31.9848
      vertex -0.687307 -0.12119 31.9848
      vertex -0.687307 0.12119 31.9848
    endloop
  endfacet
  facet normal 0 0 1
    outer loop
      vertex -0.695254 0.0608263 31.9848
      vertex -0.695254 -0.0608263 31.9848
      vertex -0.687307 -0.12119 31.9848
    endloop
  endfacet
  facet normal 0 -0 1
    outer loop
      vertex -0.695254 -0.0608263 31.9848
      vertex -0.695254 0.0608263 31.9848
      vertex -0.697909 0 31.9848
    endloop
  endfacet
  facet normal 0.0991205 0.239289 0.965876
    outer loop
      vertex 1.64556 4.52114 31.2595
      vertex 1.18443 3.25419 31.6207
      vertex 2.03334 4.36051 31.2595
    endloop
  endfacet
  facet normal 0.0991234 0.239287 0.965876
    outer loop
      vertex 2.03334 4.36051 31.2595
      vertex 1.18443 3.25419 31.6207
      vertex 1.46354 3.13857 31.6207
    endloop
  endfacet
  facet normal -0.0376188 0.169703 0.984777
    outer loop
      vertex -0.36265 2.05669 31.8631
      vertex -0.896298 3.34503 31.6207
      vertex -0.540523 2.01726 31.8631
    endloop
  endfacet
  facet normal -0.0188873 0.0852027 0.996185
    outer loop
      vertex -0.36265 2.05669 31.8631
      vertex -0.540523 2.01726 31.8631
      vertex -0.12119 0.687307 31.9848
    endloop
  endfacet
  facet normal 0.326467 -0.102929 0.939588
    outer loop
      vertex 4.64735 -1.24525 31.2595
      vertex 4.52114 -1.64556 31.2595
      vertex 5.9143 -1.58473 30.7821
    endloop
  endfacet
  facet normal 0.334193 -0.0740925 0.939588
    outer loop
      vertex 4.7382 -0.835472 31.2595
      vertex 4.64735 -1.24525 31.2595
      vertex 5.9143 -1.58473 30.7821
    endloop
  endfacet
  facet normal 0.227251 -0.356712 0.906153
    outer loop
      vertex 4.23757 -6.05188 30.1922
      vertex 3.06147 -5.30262 30.7821
      vertex 3.69399 -6.39818 30.1922
    endloop
  endfacet
  facet normal 0.26884 -0.421993 0.865822
    outer loop
      vertex 4.23757 -6.05188 30.1922
      vertex 3.69399 -6.39818 30.1922
      vertex 4.2984 -7.44504 29.4943
    endloop
  endfacet
  facet normal 0.219637 -0.53025 0.818898
    outer loop
      vertex 3.63316 -7.79134 29.4943
      vertex 2.94028 -8.07834 29.4943
      vertex 4.11638 -8.8276 28.6937
    endloop
  endfacet
  facet normal 0.265014 -0.50909 0.818898
    outer loop
      vertex 4.2984 -7.44504 29.4943
      vertex 3.63316 -7.79134 29.4943
      vertex 4.11638 -8.8276 28.6937
    endloop
  endfacet
  facet normal 0 0 1
    outer loop
      vertex 15.7569 2.77837 16
      vertex 15.8506 1.95 16
      vertex 15.866 1.95 16
    endloop
  endfacet
  facet normal 0 0 1
    outer loop
      vertex 15.7569 2.77837 16
      vertex 15.7419 2.77573 16
      vertex 15.8506 1.95 16
    endloop
  endfacet
  facet normal 0 0 1
    outer loop
      vertex 15.4548 4.1411 16
      vertex 15.7419 2.77573 16
      vertex 15.7569 2.77837 16
    endloop
  endfacet
  facet normal 0 0 1
    outer loop
      vertex 15.4548 4.1411 16
      vertex 15.4401 4.13716 16
      vertex 15.7419 2.77573 16
    endloop
  endfacet
  facet normal 0 0 1
    outer loop
      vertex 15.0351 5.47232 16
      vertex 15.4401 4.13716 16
      vertex 15.4548 4.1411 16
    endloop
  endfacet
  facet normal 0 0 1
    outer loop
      vertex 15.0351 5.47232 16
      vertex 15.0208 5.46711 16
      vertex 15.4401 4.13716 16
    endloop
  endfacet
  facet normal 0 0 1
    outer loop
      vertex 14.5009 6.76189 16
      vertex 15.0208 5.46711 16
      vertex 15.0351 5.47232 16
    endloop
  endfacet
  facet normal 0 0 1
    outer loop
      vertex 14.5009 6.76189 16
      vertex 14.4871 6.75546 16
      vertex 15.0208 5.46711 16
    endloop
  endfacet
  facet normal 0 0 1
    outer loop
      vertex 13.8564 8 16
      vertex 14.4871 6.75546 16
      vertex 14.5009 6.76189 16
    endloop
  endfacet
  facet normal 0 0 1
    outer loop
      vertex 13.8564 8 16
      vertex 13.8432 7.99238 16
      vertex 14.4871 6.75546 16
    endloop
  endfacet
  facet normal 0 0 1
    outer loop
      vertex 13.1064 9.17722 16
      vertex 13.8432 7.99238 16
      vertex 13.8564 8 16
    endloop
  endfacet
  facet normal 0 0 1
    outer loop
      vertex 13.1064 9.17722 16
      vertex 13.094 9.16849 16
      vertex 13.8432 7.99238 16
    endloop
  endfacet
  facet normal 0 0 1
    outer loop
      vertex 12.2567 10.2846 16
      vertex 13.094 9.16849 16
      vertex 13.1064 9.17722 16
    endloop
  endfacet
  facet normal 0 0 1
    outer loop
      vertex 12.2567 10.2846 16
      vertex 12.245 10.2748 16
      vertex 13.094 9.16849 16
    endloop
  endfacet
  facet normal 0 0 1
    outer loop
      vertex 11.3137 11.3137 16
      vertex 12.245 10.2748 16
      vertex 12.2567 10.2846 16
    endloop
  endfacet
  facet normal 0 0 1
    outer loop
      vertex 11.3137 11.3137 16
      vertex 11.3029 11.3029 16
      vertex 12.245 10.2748 16
    endloop
  endfacet
  facet normal 0 0 1
    outer loop
      vertex 10.2846 12.2567 16
      vertex 11.3029 11.3029 16
      vertex 11.3137 11.3137 16
    endloop
  endfacet
  facet normal 0 0 1
    outer loop
      vertex 10.2846 12.2567 16
      vertex 10.2748 12.245 16
      vertex 11.3029 11.3029 16
    endloop
  endfacet
  facet normal 0 0 1
    outer loop
      vertex 9.17722 13.1064 16
      vertex 10.2748 12.245 16
      vertex 10.2846 12.2567 16
    endloop
  endfacet
  facet normal 0 0 1
    outer loop
      vertex 9.17722 13.1064 16
      vertex 9.16849 13.094 16
      vertex 10.2748 12.245 16
    endloop
  endfacet
  facet normal 0 0 1
    outer loop
      vertex 8 13.8564 16
      vertex 9.16849 13.094 16
      vertex 9.17722 13.1064 16
    endloop
  endfacet
  facet normal 0 0 1
    outer loop
      vertex 8 13.8564 16
      vertex 7.99238 13.8432 16
      vertex 9.16849 13.094 16
    endloop
  endfacet
  facet normal 0 0 1
    outer loop
      vertex 6.76189 14.5009 16
      vertex 7.99238 13.8432 16
      vertex 8 13.8564 16
    endloop
  endfacet
  facet normal 0 0 1
    outer loop
      vertex 6.76189 14.5009 16
      vertex 6.75546 14.4871 16
      vertex 7.99238 13.8432 16
    endloop
  endfacet
  facet normal 0 0 1
    outer loop
      vertex 5.47232 15.0351 16
      vertex 6.75546 14.4871 16
      vertex 6.76189 14.5009 16
    endloop
  endfacet
  facet normal 0 0 1
    outer loop
      vertex 5.47232 15.0351 16
      vertex 5.46711 15.0208 16
      vertex 6.75546 14.4871 16
    endloop
  endfacet
  facet normal 0 0 1
    outer loop
      vertex 4.1411 15.4548 16
      vertex 5.46711 15.0208 16
      vertex 5.47232 15.0351 16
    endloop
  endfacet
  facet normal 0 0 1
    outer loop
      vertex 4.1411 15.4548 16
      vertex 4.13716 15.4401 16
      vertex 5.46711 15.0208 16
    endloop
  endfacet
  facet normal 0 0 1
    outer loop
      vertex 2.77837 15.7569 16
      vertex 4.13716 15.4401 16
      vertex 4.1411 15.4548 16
    endloop
  endfacet
  facet normal 0 0 1
    outer loop
      vertex 2.77837 15.7569 16
      vertex 2.77573 15.7419 16
      vertex 4.13716 15.4401 16
    endloop
  endfacet
  facet normal 0 0 1
    outer loop
      vertex 1.39449 15.9391 16
      vertex 2.77573 15.7419 16
      vertex 2.77837 15.7569 16
    endloop
  endfacet
  facet normal 0 0 1
    outer loop
      vertex 1.39449 15.9391 16
      vertex 1.39316 15.9239 16
      vertex 2.77573 15.7419 16
    endloop
  endfacet
  facet normal 0 0 1
    outer loop
      vertex 0 16 16
      vertex 1.39316 15.9239 16
      vertex 1.39449 15.9391 16
    endloop
  endfacet
  facet normal 0 0 1
    outer loop
      vertex 0 16 16
      vertex 0 15.9848 16
      vertex 1.39316 15.9239 16
    endloop
  endfacet
  facet normal 0 0 1
    outer loop
      vertex 0 16 16
      vertex -1.39316 15.9239 16
      vertex 0 15.9848 16
    endloop
  endfacet
  facet normal -0 0 1
    outer loop
      vertex -1.39449 15.9391 16
      vertex -1.39316 15.9239 16
      vertex 0 16 16
    endloop
  endfacet
  facet normal 0 0 1
    outer loop
      vertex -1.39449 15.9391 16
      vertex -2.77573 15.7419 16
      vertex -1.39316 15.9239 16
    endloop
  endfacet
  facet normal -0 0 1
    outer loop
      vertex -2.77837 15.7569 16
      vertex -2.77573 15.7419 16
      vertex -1.39449 15.9391 16
    endloop
  endfacet
  facet normal 0 0 1
    outer loop
      vertex -2.77837 15.7569 16
      vertex -4.13716 15.4401 16
      vertex -2.77573 15.7419 16
    endloop
  endfacet
  facet normal -0 0 1
    outer loop
      vertex -4.1411 15.4548 16
      vertex -4.13716 15.4401 16
      vertex -2.77837 15.7569 16
    endloop
  endfacet
  facet normal 0 0 1
    outer loop
      vertex -4.1411 15.4548 16
      vertex -5.46711 15.0208 16
      vertex -4.13716 15.4401 16
    endloop
  endfacet
  facet normal -0 0 1
    outer loop
      vertex -5.47232 15.0351 16
      vertex -5.46711 15.0208 16
      vertex -4.1411 15.4548 16
    endloop
  endfacet
  facet normal 0 0 1
    outer loop
      vertex -5.47232 15.0351 16
      vertex -6.23657 14.7021 16
      vertex -5.46711 15.0208 16
    endloop
  endfacet
  facet normal 0 -0 1
    outer loop
      vertex -6.23657 14.7021 16
      vertex -5.47232 15.0351 16
      vertex -6.24424 14.7153 16
    endloop
  endfacet
  facet normal -0 0 1
    outer loop
      vertex 15.8506 -1.95 16
      vertex 15.7569 -2.77837 16
      vertex 15.866 -1.95 16
    endloop
  endfacet
  facet normal -0 0 1
    outer loop
      vertex 15.7419 -2.77573 16
      vertex 15.7569 -2.77837 16
      vertex 15.8506 -1.95 16
    endloop
  endfacet
  facet normal 0 0 1
    outer loop
      vertex 15.7419 -2.77573 16
      vertex 15.4548 -4.1411 16
      vertex 15.7569 -2.77837 16
    endloop
  endfacet
  facet normal -0 0 1
    outer loop
      vertex 15.4401 -4.13716 16
      vertex 15.4548 -4.1411 16
      vertex 15.7419 -2.77573 16
    endloop
  endfacet
  facet normal 0 0 1
    outer loop
      vertex 15.4401 -4.13716 16
      vertex 15.0351 -5.47232 16
      vertex 15.4548 -4.1411 16
    endloop
  endfacet
  facet normal -0 0 1
    outer loop
      vertex 15.0208 -5.46711 16
      vertex 15.0351 -5.47232 16
      vertex 15.4401 -4.13716 16
    endloop
  endfacet
  facet normal 0 0 1
    outer loop
      vertex 15.0208 -5.46711 16
      vertex 14.5009 -6.76189 16
      vertex 15.0351 -5.47232 16
    endloop
  endfacet
  facet normal -0 0 1
    outer loop
      vertex 14.4871 -6.75546 16
      vertex 14.5009 -6.76189 16
      vertex 15.0208 -5.46711 16
    endloop
  endfacet
  facet normal 0 0 1
    outer loop
      vertex 14.4871 -6.75546 16
      vertex 13.8564 -8 16
      vertex 14.5009 -6.76189 16
    endloop
  endfacet
  facet normal -0 0 1
    outer loop
      vertex 13.8432 -7.99238 16
      vertex 13.8564 -8 16
      vertex 14.4871 -6.75546 16
    endloop
  endfacet
  facet normal 0 0 1
    outer loop
      vertex 13.8432 -7.99238 16
      vertex 13.1064 -9.17722 16
      vertex 13.8564 -8 16
    endloop
  endfacet
  facet normal -0 0 1
    outer loop
      vertex 13.094 -9.16849 16
      vertex 13.1064 -9.17722 16
      vertex 13.8432 -7.99238 16
    endloop
  endfacet
  facet normal 0 0 1
    outer loop
      vertex 13.094 -9.16849 16
      vertex 12.2567 -10.2846 16
      vertex 13.1064 -9.17722 16
    endloop
  endfacet
  facet normal -0 0 1
    outer loop
      vertex 12.245 -10.2748 16
      vertex 12.2567 -10.2846 16
      vertex 13.094 -9.16849 16
    endloop
  endfacet
  facet normal 0 0 1
    outer loop
      vertex 12.245 -10.2748 16
      vertex 11.3137 -11.3137 16
      vertex 12.2567 -10.2846 16
    endloop
  endfacet
  facet normal -0 0 1
    outer loop
      vertex 11.3029 -11.3029 16
      vertex 11.3137 -11.3137 16
      vertex 12.245 -10.2748 16
    endloop
  endfacet
  facet normal 0 0 1
    outer loop
      vertex 11.3029 -11.3029 16
      vertex 10.2846 -12.2567 16
      vertex 11.3137 -11.3137 16
    endloop
  endfacet
  facet normal -0 0 1
    outer loop
      vertex 10.2748 -12.245 16
      vertex 10.2846 -12.2567 16
      vertex 11.3029 -11.3029 16
    endloop
  endfacet
  facet normal 0 0 1
    outer loop
      vertex 10.2748 -12.245 16
      vertex 9.17722 -13.1064 16
      vertex 10.2846 -12.2567 16
    endloop
  endfacet
  facet normal -0 0 1
    outer loop
      vertex 9.16849 -13.094 16
      vertex 9.17722 -13.1064 16
      vertex 10.2748 -12.245 16
    endloop
  endfacet
  facet normal 0 0 1
    outer loop
      vertex 9.16849 -13.094 16
      vertex 8 -13.8564 16
      vertex 9.17722 -13.1064 16
    endloop
  endfacet
  facet normal -0 0 1
    outer loop
      vertex 7.99238 -13.8432 16
      vertex 8 -13.8564 16
      vertex 9.16849 -13.094 16
    endloop
  endfacet
  facet normal 0 0 1
    outer loop
      vertex 7.99238 -13.8432 16
      vertex 6.76189 -14.5009 16
      vertex 8 -13.8564 16
    endloop
  endfacet
  facet normal -0 0 1
    outer loop
      vertex 6.75546 -14.4871 16
      vertex 6.76189 -14.5009 16
      vertex 7.99238 -13.8432 16
    endloop
  endfacet
  facet normal 0 0 1
    outer loop
      vertex 6.75546 -14.4871 16
      vertex 5.47232 -15.0351 16
      vertex 6.76189 -14.5009 16
    endloop
  endfacet
  facet normal -0 0 1
    outer loop
      vertex 5.46711 -15.0208 16
      vertex 5.47232 -15.0351 16
      vertex 6.75546 -14.4871 16
    endloop
  endfacet
  facet normal 0 0 1
    outer loop
      vertex 5.46711 -15.0208 16
      vertex 4.1411 -15.4548 16
      vertex 5.47232 -15.0351 16
    endloop
  endfacet
  facet normal -0 0 1
    outer loop
      vertex 4.13716 -15.4401 16
      vertex 4.1411 -15.4548 16
      vertex 5.46711 -15.0208 16
    endloop
  endfacet
  facet normal 0 0 1
    outer loop
      vertex 4.13716 -15.4401 16
      vertex 2.77837 -15.7569 16
      vertex 4.1411 -15.4548 16
    endloop
  endfacet
  facet normal -0 0 1
    outer loop
      vertex 2.77573 -15.7419 16
      vertex 2.77837 -15.7569 16
      vertex 4.13716 -15.4401 16
    endloop
  endfacet
  facet normal 0 0 1
    outer loop
      vertex 2.77573 -15.7419 16
      vertex 1.39449 -15.9391 16
      vertex 2.77837 -15.7569 16
    endloop
  endfacet
  facet normal -0 0 1
    outer loop
      vertex 1.39316 -15.9239 16
      vertex 1.39449 -15.9391 16
      vertex 2.77573 -15.7419 16
    endloop
  endfacet
  facet normal 0 0 1
    outer loop
      vertex 0 -15.9848 16
      vertex 1.39449 -15.9391 16
      vertex 1.39316 -15.9239 16
    endloop
  endfacet
  facet normal -0 0 1
    outer loop
      vertex 0 -15.9848 16
      vertex 0 -16 16
      vertex 1.39449 -15.9391 16
    endloop
  endfacet
  facet normal 0 0 1
    outer loop
      vertex -1.39316 -15.9239 16
      vertex 0 -16 16
      vertex 0 -15.9848 16
    endloop
  endfacet
  facet normal 0 0 1
    outer loop
      vertex -1.39316 -15.9239 16
      vertex -1.39449 -15.9391 16
      vertex 0 -16 16
    endloop
  endfacet
  facet normal 0 0 1
    outer loop
      vertex -2.77573 -15.7419 16
      vertex -1.39449 -15.9391 16
      vertex -1.39316 -15.9239 16
    endloop
  endfacet
  facet normal 0 0 1
    outer loop
      vertex -2.77573 -15.7419 16
      vertex -2.77837 -15.7569 16
      vertex -1.39449 -15.9391 16
    endloop
  endfacet
  facet normal 0 0 1
    outer loop
      vertex -4.13716 -15.4401 16
      vertex -2.77837 -15.7569 16
      vertex -2.77573 -15.7419 16
    endloop
  endfacet
  facet normal 0 0 1
    outer loop
      vertex -4.13716 -15.4401 16
      vertex -4.1411 -15.4548 16
      vertex -2.77837 -15.7569 16
    endloop
  endfacet
  facet normal 0 0 1
    outer loop
      vertex -5.46711 -15.0208 16
      vertex -4.1411 -15.4548 16
      vertex -4.13716 -15.4401 16
    endloop
  endfacet
  facet normal 0 0 1
    outer loop
      vertex -5.46711 -15.0208 16
      vertex -5.47232 -15.0351 16
      vertex -4.1411 -15.4548 16
    endloop
  endfacet
  facet normal 0 0 1
    outer loop
      vertex -6.23657 -14.7021 16
      vertex -5.47232 -15.0351 16
      vertex -5.46711 -15.0208 16
    endloop
  endfacet
  facet normal 0 0 1
    outer loop
      vertex -5.47232 -15.0351 16
      vertex -6.23657 -14.7021 16
      vertex -6.24424 -14.7153 16
    endloop
  endfacet
  facet normal 0 0 1
    outer loop
      vertex -10.2846 12.2567 16
      vertex -9.61407 12.7521 16
      vertex -9.62174 12.7653 16
    endloop
  endfacet
  facet normal 0 0 1
    outer loop
      vertex -9.61407 12.7521 16
      vertex -10.2846 12.2567 16
      vertex -10.2748 12.245 16
    endloop
  endfacet
  facet normal 0 0 1
    outer loop
      vertex -10.2846 12.2567 16
      vertex -11.3029 11.3029 16
      vertex -10.2748 12.245 16
    endloop
  endfacet
  facet normal -0 0 1
    outer loop
      vertex -11.3137 11.3137 16
      vertex -11.3029 11.3029 16
      vertex -10.2846 12.2567 16
    endloop
  endfacet
  facet normal 0 0 1
    outer loop
      vertex -11.3137 11.3137 16
      vertex -12.245 10.2748 16
      vertex -11.3029 11.3029 16
    endloop
  endfacet
  facet normal -0 0 1
    outer loop
      vertex -12.2567 10.2846 16
      vertex -12.245 10.2748 16
      vertex -11.3137 11.3137 16
    endloop
  endfacet
  facet normal 0 0 1
    outer loop
      vertex -12.2567 10.2846 16
      vertex -13.094 9.16849 16
      vertex -12.245 10.2748 16
    endloop
  endfacet
  facet normal -0 0 1
    outer loop
      vertex -13.1064 9.17722 16
      vertex -13.094 9.16849 16
      vertex -12.2567 10.2846 16
    endloop
  endfacet
  facet normal 0 0 1
    outer loop
      vertex -13.1064 9.17722 16
      vertex -13.8432 7.99238 16
      vertex -13.094 9.16849 16
    endloop
  endfacet
  facet normal -0 0 1
    outer loop
      vertex -13.8564 8 16
      vertex -13.8432 7.99238 16
      vertex -13.1064 9.17722 16
    endloop
  endfacet
  facet normal 0 0 1
    outer loop
      vertex -13.8564 8 16
      vertex -14.4871 6.75546 16
      vertex -13.8432 7.99238 16
    endloop
  endfacet
  facet normal -0 0 1
    outer loop
      vertex -14.5009 6.76189 16
      vertex -14.4871 6.75546 16
      vertex -13.8564 8 16
    endloop
  endfacet
  facet normal 0 0 1
    outer loop
      vertex -14.5009 6.76189 16
      vertex -15.0208 5.46711 16
      vertex -14.4871 6.75546 16
    endloop
  endfacet
  facet normal -0 0 1
    outer loop
      vertex -15.0351 5.47232 16
      vertex -15.0208 5.46711 16
      vertex -14.5009 6.76189 16
    endloop
  endfacet
  facet normal 0 0 1
    outer loop
      vertex -15.0351 5.47232 16
      vertex -15.4401 4.13716 16
      vertex -15.0208 5.46711 16
    endloop
  endfacet
  facet normal -0 0 1
    outer loop
      vertex -15.4548 4.1411 16
      vertex -15.4401 4.13716 16
      vertex -15.0351 5.47232 16
    endloop
  endfacet
  facet normal 0 0 1
    outer loop
      vertex -15.4548 4.1411 16
      vertex -15.7419 2.77573 16
      vertex -15.4401 4.13716 16
    endloop
  endfacet
  facet normal -0 0 1
    outer loop
      vertex -15.7569 2.77837 16
      vertex -15.7419 2.77573 16
      vertex -15.4548 4.1411 16
    endloop
  endfacet
  facet normal 0 0 1
    outer loop
      vertex -15.7569 2.77837 16
      vertex -15.9239 1.39316 16
      vertex -15.7419 2.77573 16
    endloop
  endfacet
  facet normal -0 0 1
    outer loop
      vertex -15.9391 1.39449 16
      vertex -15.9239 1.39316 16
      vertex -15.7569 2.77837 16
    endloop
  endfacet
  facet normal 0 0 1
    outer loop
      vertex -15.9391 1.39449 16
      vertex -15.9848 0 16
      vertex -15.9239 1.39316 16
    endloop
  endfacet
  facet normal 0 -0 1
    outer loop
      vertex -15.9848 0 16
      vertex -15.9391 1.39449 16
      vertex -16 0 16
    endloop
  endfacet
  facet normal -0 0 1
    outer loop
      vertex -10.2846 -12.2567 16
      vertex -9.61407 -12.7521 16
      vertex -10.2748 -12.245 16
    endloop
  endfacet
  facet normal 0 0 1
    outer loop
      vertex -9.61407 -12.7521 16
      vertex -10.2846 -12.2567 16
      vertex -9.62174 -12.7653 16
    endloop
  endfacet
  facet normal 0 0 1
    outer loop
      vertex -11.3029 -11.3029 16
      vertex -10.2846 -12.2567 16
      vertex -10.2748 -12.245 16
    endloop
  endfacet
  facet normal 0 0 1
    outer loop
      vertex -11.3029 -11.3029 16
      vertex -11.3137 -11.3137 16
      vertex -10.2846 -12.2567 16
    endloop
  endfacet
  facet normal 0 0 1
    outer loop
      vertex -12.245 -10.2748 16
      vertex -11.3137 -11.3137 16
      vertex -11.3029 -11.3029 16
    endloop
  endfacet
  facet normal 0 0 1
    outer loop
      vertex -12.245 -10.2748 16
      vertex -12.2567 -10.2846 16
      vertex -11.3137 -11.3137 16
    endloop
  endfacet
  facet normal 0 0 1
    outer loop
      vertex -13.094 -9.16849 16
      vertex -12.2567 -10.2846 16
      vertex -12.245 -10.2748 16
    endloop
  endfacet
  facet normal 0 0 1
    outer loop
      vertex -13.094 -9.16849 16
      vertex -13.1064 -9.17722 16
      vertex -12.2567 -10.2846 16
    endloop
  endfacet
  facet normal 0 0 1
    outer loop
      vertex -13.8432 -7.99238 16
      vertex -13.1064 -9.17722 16
      vertex -13.094 -9.16849 16
    endloop
  endfacet
  facet normal 0 0 1
    outer loop
      vertex -13.8432 -7.99238 16
      vertex -13.8564 -8 16
      vertex -13.1064 -9.17722 16
    endloop
  endfacet
  facet normal 0 0 1
    outer loop
      vertex -14.4871 -6.75546 16
      vertex -13.8564 -8 16
      vertex -13.8432 -7.99238 16
    endloop
  endfacet
  facet normal 0 0 1
    outer loop
      vertex -14.4871 -6.75546 16
      vertex -14.5009 -6.76189 16
      vertex -13.8564 -8 16
    endloop
  endfacet
  facet normal 0 0 1
    outer loop
      vertex -15.0208 -5.46711 16
      vertex -14.5009 -6.76189 16
      vertex -14.4871 -6.75546 16
    endloop
  endfacet
  facet normal 0 0 1
    outer loop
      vertex -15.0208 -5.46711 16
      vertex -15.0351 -5.47232 16
      vertex -14.5009 -6.76189 16
    endloop
  endfacet
  facet normal 0 0 1
    outer loop
      vertex -15.4401 -4.13716 16
      vertex -15.0351 -5.47232 16
      vertex -15.0208 -5.46711 16
    endloop
  endfacet
  facet normal 0 0 1
    outer loop
      vertex -15.4401 -4.13716 16
      vertex -15.4548 -4.1411 16
      vertex -15.0351 -5.47232 16
    endloop
  endfacet
  facet normal 0 0 1
    outer loop
      vertex -15.7419 -2.77573 16
      vertex -15.4548 -4.1411 16
      vertex -15.4401 -4.13716 16
    endloop
  endfacet
  facet normal 0 0 1
    outer loop
      vertex -15.7419 -2.77573 16
      vertex -15.7569 -2.77837 16
      vertex -15.4548 -4.1411 16
    endloop
  endfacet
  facet normal 0 0 1
    outer loop
      vertex -15.9239 -1.39316 16
      vertex -15.7569 -2.77837 16
      vertex -15.7419 -2.77573 16
    endloop
  endfacet
  facet normal 0 0 1
    outer loop
      vertex -15.9239 -1.39316 16
      vertex -15.9391 -1.39449 16
      vertex -15.7569 -2.77837 16
    endloop
  endfacet
  facet normal 0 0 1
    outer loop
      vertex -15.9848 0 16
      vertex -15.9391 -1.39449 16
      vertex -15.9239 -1.39316 16
    endloop
  endfacet
  facet normal 0 0 1
    outer loop
      vertex -15.9391 -1.39449 16
      vertex -15.9848 0 16
      vertex -16 0 16
    endloop
  endfacet
  facet normal -0 0 -1
    outer loop
      vertex -1.31125 -6.17115 16
      vertex -2.1477 -6.42452 16
      vertex -2.1 -6.06218 16
    endloop
  endfacet
  facet normal 0 0 -1
    outer loop
      vertex -1.31125 -6.17115 16
      vertex -2.28757 -6.76218 16
      vertex -2.1477 -6.42452 16
    endloop
  endfacet
  facet normal 0 0 -1
    outer loop
      vertex -1.31125 -6.17115 16
      vertex -2.51005 -7.05213 16
      vertex -2.28757 -6.76218 16
    endloop
  endfacet
  facet normal 0 0 -1
    outer loop
      vertex -6.23657 -14.7021 16
      vertex -2.51005 -7.05213 16
      vertex -1.31125 -6.17115 16
    endloop
  endfacet
  facet normal -0 0 -1
    outer loop
      vertex -4.2 -7.27461 16
      vertex -9.16849 -13.094 16
      vertex -4.48995 -7.05213 16
    endloop
  endfacet
  facet normal 0 0 -1
    outer loop
      vertex -9.16849 -13.094 16
      vertex -4.2 -7.27461 16
      vertex -7.99238 -13.8432 16
    endloop
  endfacet
  facet normal 0 0 -1
    outer loop
      vertex -7.99238 -13.8432 16
      vertex -4.2 -7.27461 16
      vertex -6.75546 -14.4871 16
    endloop
  endfacet
  facet normal -0 0 -1
    outer loop
      vertex -3.86235 -7.41447 16
      vertex -6.75546 -14.4871 16
      vertex -4.2 -7.27461 16
    endloop
  endfacet
  facet normal 0 0 -1
    outer loop
      vertex -6.75546 -14.4871 16
      vertex -3.86235 -7.41447 16
      vertex -6.23657 -14.7021 16
    endloop
  endfacet
  facet normal -0 0 -1
    outer loop
      vertex -3.5 -7.46218 16
      vertex -6.23657 -14.7021 16
      vertex -3.86235 -7.41447 16
    endloop
  endfacet
  facet normal 0 0 -1
    outer loop
      vertex -3.13765 -7.41447 16
      vertex -6.23657 -14.7021 16
      vertex -3.5 -7.46218 16
    endloop
  endfacet
  facet normal 0 0 -1
    outer loop
      vertex -2.8 -7.27461 16
      vertex -6.23657 -14.7021 16
      vertex -3.13765 -7.41447 16
    endloop
  endfacet
  facet normal 0 0 -1
    outer loop
      vertex -2.51005 -7.05213 16
      vertex -6.23657 -14.7021 16
      vertex -2.8 -7.27461 16
    endloop
  endfacet
  facet normal 0 0 -1
    outer loop
      vertex -2.1477 -5.69983 16
      vertex -1.31125 -6.17115 16
      vertex -2.1 -6.06218 16
    endloop
  endfacet
  facet normal 0 0 -1
    outer loop
      vertex -1.31125 -6.17115 16
      vertex -2.1477 -5.69983 16
      vertex -2.15402 -5.68458 16
    endloop
  endfacet
  facet normal 0 0 -1
    outer loop
      vertex -3.86235 -4.70988 16
      vertex -4.68875 -4.22115 16
      vertex -3.84598 -4.70773 16
    endloop
  endfacet
  facet normal 0 0 -1
    outer loop
      vertex -4.2 -4.84974 16
      vertex -4.68875 -4.22115 16
      vertex -3.86235 -4.70988 16
    endloop
  endfacet
  facet normal 0 0 -1
    outer loop
      vertex -4.48995 -5.07223 16
      vertex -4.68875 -4.22115 16
      vertex -4.2 -4.84974 16
    endloop
  endfacet
  facet normal 0 0 -1
    outer loop
      vertex -4.71243 -5.36218 16
      vertex -4.68875 -4.22115 16
      vertex -4.48995 -5.07223 16
    endloop
  endfacet
  facet normal 0 0 -1
    outer loop
      vertex -4.8523 -5.69983 16
      vertex -4.68875 -4.22115 16
      vertex -4.71243 -5.36218 16
    endloop
  endfacet
  facet normal 0 0 -1
    outer loop
      vertex -9.61407 -12.7521 16
      vertex -4.8523 -5.69983 16
      vertex -4.9 -6.06218 16
    endloop
  endfacet
  facet normal 0 0 -1
    outer loop
      vertex -9.61407 -12.7521 16
      vertex -4.48995 -7.05213 16
      vertex -9.16849 -13.094 16
    endloop
  endfacet
  facet normal -0 0 -1
    outer loop
      vertex -4.48995 -7.05213 16
      vertex -9.61407 -12.7521 16
      vertex -4.71243 -6.76218 16
    endloop
  endfacet
  facet normal -0 0 -1
    outer loop
      vertex -4.71243 -6.76218 16
      vertex -9.61407 -12.7521 16
      vertex -4.8523 -6.42452 16
    endloop
  endfacet
  facet normal -0 0 -1
    outer loop
      vertex -4.8523 -6.42452 16
      vertex -9.61407 -12.7521 16
      vertex -4.9 -6.06218 16
    endloop
  endfacet
  facet normal -0 0 -1
    outer loop
      vertex -4.8523 -5.69983 16
      vertex -9.61407 -12.7521 16
      vertex -4.68875 -4.22115 16
    endloop
  endfacet
  facet normal 0 0 -1
    outer loop
      vertex -4.68875 4.22115 16
      vertex -3.86235 4.70988 16
      vertex -3.84598 4.70773 16
    endloop
  endfacet
  facet normal 0 0 -1
    outer loop
      vertex -4.68875 4.22115 16
      vertex -4.2 4.84974 16
      vertex -3.86235 4.70988 16
    endloop
  endfacet
  facet normal 0 0 -1
    outer loop
      vertex -4.68875 4.22115 16
      vertex -4.48995 5.07223 16
      vertex -4.2 4.84974 16
    endloop
  endfacet
  facet normal 0 0 -1
    outer loop
      vertex -4.68875 4.22115 16
      vertex -4.71243 5.36218 16
      vertex -4.48995 5.07223 16
    endloop
  endfacet
  facet normal 0 0 -1
    outer loop
      vertex -4.68875 4.22115 16
      vertex -4.8523 5.69983 16
      vertex -4.71243 5.36218 16
    endloop
  endfacet
  facet normal 0 0 -1
    outer loop
      vertex -9.61407 12.7521 16
      vertex -4.8523 5.69983 16
      vertex -4.68875 4.22115 16
    endloop
  endfacet
  facet normal 0 0 -1
    outer loop
      vertex -4.8523 5.69983 16
      vertex -9.61407 12.7521 16
      vertex -4.9 6.06218 16
    endloop
  endfacet
  facet normal 0 0 -1
    outer loop
      vertex -4.9 6.06218 16
      vertex -6.75546 14.4871 16
      vertex -6.23657 14.7021 16
    endloop
  endfacet
  facet normal 0 0 -1
    outer loop
      vertex -4.9 6.06218 16
      vertex -7.99238 13.8432 16
      vertex -6.75546 14.4871 16
    endloop
  endfacet
  facet normal 0 0 -1
    outer loop
      vertex -4.9 6.06218 16
      vertex -9.16849 13.094 16
      vertex -7.99238 13.8432 16
    endloop
  endfacet
  facet normal 0 0 -1
    outer loop
      vertex -4.9 6.06218 16
      vertex -9.61407 12.7521 16
      vertex -9.16849 13.094 16
    endloop
  endfacet
  facet normal 0 0 -1
    outer loop
      vertex -1.31125 6.17115 16
      vertex -2.1477 5.69983 16
      vertex -2.1 6.06218 16
    endloop
  endfacet
  facet normal 0 -0 -1
    outer loop
      vertex -2.1477 5.69983 16
      vertex -1.31125 6.17115 16
      vertex -2.15402 5.68458 16
    endloop
  endfacet
  facet normal 0 0 -1
    outer loop
      vertex -2.1477 6.42452 16
      vertex -1.31125 6.17115 16
      vertex -2.1 6.06218 16
    endloop
  endfacet
  facet normal 0 0 -1
    outer loop
      vertex -2.28757 6.76218 16
      vertex -1.31125 6.17115 16
      vertex -2.1477 6.42452 16
    endloop
  endfacet
  facet normal 0 0 -1
    outer loop
      vertex -2.51005 7.05213 16
      vertex -1.31125 6.17115 16
      vertex -2.28757 6.76218 16
    endloop
  endfacet
  facet normal 0 0 -1
    outer loop
      vertex -6.23657 14.7021 16
      vertex -2.51005 7.05213 16
      vertex -2.8 7.27461 16
    endloop
  endfacet
  facet normal 0 0 -1
    outer loop
      vertex -2.51005 7.05213 16
      vertex -6.23657 14.7021 16
      vertex -1.31125 6.17115 16
    endloop
  endfacet
  facet normal 0 0 -1
    outer loop
      vertex -3.13765 7.41447 16
      vertex -6.23657 14.7021 16
      vertex -2.8 7.27461 16
    endloop
  endfacet
  facet normal 0 0 -1
    outer loop
      vertex -3.5 7.46218 16
      vertex -6.23657 14.7021 16
      vertex -3.13765 7.41447 16
    endloop
  endfacet
  facet normal 0 0 -1
    outer loop
      vertex -3.86235 7.41447 16
      vertex -6.23657 14.7021 16
      vertex -3.5 7.46218 16
    endloop
  endfacet
  facet normal 0 0 -1
    outer loop
      vertex -4.2 7.27461 16
      vertex -6.23657 14.7021 16
      vertex -3.86235 7.41447 16
    endloop
  endfacet
  facet normal 0 0 -1
    outer loop
      vertex -4.48995 7.05213 16
      vertex -6.23657 14.7021 16
      vertex -4.2 7.27461 16
    endloop
  endfacet
  facet normal 0 0 -1
    outer loop
      vertex -4.71243 6.76218 16
      vertex -6.23657 14.7021 16
      vertex -4.48995 7.05213 16
    endloop
  endfacet
  facet normal 0 0 -1
    outer loop
      vertex -4.8523 6.42452 16
      vertex -6.23657 14.7021 16
      vertex -4.71243 6.76218 16
    endloop
  endfacet
  facet normal 0 0 -1
    outer loop
      vertex -6.23657 14.7021 16
      vertex -4.8523 6.42452 16
      vertex -4.9 6.06218 16
    endloop
  endfacet
  facet normal 0 0 -1
    outer loop
      vertex 8.4 0 16
      vertex 15.9848 0 16
      vertex 15.9239 -1.39316 16
    endloop
  endfacet
  facet normal 0 0 -1
    outer loop
      vertex 8.3523 -0.362347 16
      vertex 15.9239 -1.39316 16
      vertex 15.8506 -1.95 16
    endloop
  endfacet
  facet normal 0 0 -1
    outer loop
      vertex 15.9848 0 16
      vertex 8.4 0 16
      vertex 15.9239 1.39316 16
    endloop
  endfacet
  facet normal 0 0 -1
    outer loop
      vertex 8.3523 0.362347 16
      vertex 15.9239 1.39316 16
      vertex 8.4 0 16
    endloop
  endfacet
  facet normal 0 0 -1
    outer loop
      vertex 15.9239 -1.39316 16
      vertex 8.3523 -0.362347 16
      vertex 8.4 0 16
    endloop
  endfacet
  facet normal 0 0 -1
    outer loop
      vertex 15.8506 -1.95 16
      vertex 8.21243 -0.7 16
      vertex 8.3523 -0.362347 16
    endloop
  endfacet
  facet normal 0 0 -1
    outer loop
      vertex 15.8506 -1.95 16
      vertex 7.98995 -0.989949 16
      vertex 8.21243 -0.7 16
    endloop
  endfacet
  facet normal 0 0 -1
    outer loop
      vertex 15.8506 -1.95 16
      vertex 7.7 -1.21243 16
      vertex 7.98995 -0.989949 16
    endloop
  endfacet
  facet normal 0 0 -1
    outer loop
      vertex 15.8506 -1.95 16
      vertex 7.36235 -1.3523 16
      vertex 7.7 -1.21243 16
    endloop
  endfacet
  facet normal 0 0 -1
    outer loop
      vertex 6 -1.95 16
      vertex 7.36235 -1.3523 16
      vertex 15.8506 -1.95 16
    endloop
  endfacet
  facet normal 0 0 -1
    outer loop
      vertex 7.36235 -1.3523 16
      vertex 6 -1.95 16
      vertex 7 -1.4 16
    endloop
  endfacet
  facet normal 0 0 -1
    outer loop
      vertex 6 -1.95 16
      vertex 6.63765 -1.3523 16
      vertex 7 -1.4 16
    endloop
  endfacet
  facet normal 0 0 -1
    outer loop
      vertex 6 -1.95 16
      vertex 6.3 -1.21243 16
      vertex 6.63765 -1.3523 16
    endloop
  endfacet
  facet normal 0 0 -1
    outer loop
      vertex 6 -1.95 16
      vertex 6.01005 -0.989949 16
      vertex 6.3 -1.21243 16
    endloop
  endfacet
  facet normal -0 0 -1
    outer loop
      vertex 6.01005 -0.989949 16
      vertex 6 -1.95 16
      vertex 6 -0.976852 16
    endloop
  endfacet
  facet normal -0 0 -1
    outer loop
      vertex 15.9239 1.39316 16
      vertex 8.3523 0.362347 16
      vertex 15.8506 1.95 16
    endloop
  endfacet
  facet normal 0 0 -1
    outer loop
      vertex 8.21243 0.7 16
      vertex 15.8506 1.95 16
      vertex 8.3523 0.362347 16
    endloop
  endfacet
  facet normal 0 0 -1
    outer loop
      vertex 7.98995 0.989949 16
      vertex 15.8506 1.95 16
      vertex 8.21243 0.7 16
    endloop
  endfacet
  facet normal 0 0 -1
    outer loop
      vertex 7.7 1.21243 16
      vertex 15.8506 1.95 16
      vertex 7.98995 0.989949 16
    endloop
  endfacet
  facet normal 0 0 -1
    outer loop
      vertex 7.36235 1.3523 16
      vertex 15.8506 1.95 16
      vertex 7.7 1.21243 16
    endloop
  endfacet
  facet normal 0 0 -1
    outer loop
      vertex 6 1.95 16
      vertex 7.36235 1.3523 16
      vertex 7 1.4 16
    endloop
  endfacet
  facet normal 0 0 -1
    outer loop
      vertex 7.36235 1.3523 16
      vertex 6 1.95 16
      vertex 15.8506 1.95 16
    endloop
  endfacet
  facet normal 0 0 -1
    outer loop
      vertex 6.63765 1.3523 16
      vertex 6 1.95 16
      vertex 7 1.4 16
    endloop
  endfacet
  facet normal 0 0 -1
    outer loop
      vertex 6.3 1.21243 16
      vertex 6 1.95 16
      vertex 6.63765 1.3523 16
    endloop
  endfacet
  facet normal 0 0 -1
    outer loop
      vertex 6.01005 0.989949 16
      vertex 6 1.95 16
      vertex 6.3 1.21243 16
    endloop
  endfacet
  facet normal 0 0 -1
    outer loop
      vertex 6 1.95 16
      vertex 6.01005 0.989949 16
      vertex 6 0.976852 16
    endloop
  endfacet
  facet normal 0.991148 0.132759 0
    outer loop
      vertex 15.7569 2.77837 16
      vertex 15.7607 2.75 2.5
      vertex 15.7569 2.77837 -2.5
    endloop
  endfacet
  facet normal 0.991438 0.130577 4.66676e-06
    outer loop
      vertex 15.866 1.95 16
      vertex 15.7607 2.75 2.5
      vertex 15.7569 2.77837 16
    endloop
  endfacet
  facet normal 0.991448 0.130499 0
    outer loop
      vertex 15.7607 2.75 2.5
      vertex 15.866 1.95 16
      vertex 15.866 1.95 2.5
    endloop
  endfacet
  facet normal 0.991148 0.132759 -0
    outer loop
      vertex 15.7607 2.75 0
      vertex 15.7569 2.77837 -2.5
      vertex 15.7607 2.75 2.5
    endloop
  endfacet
  facet normal 0.99145 0.130486 -0
    outer loop
      vertex 15.9391 1.39449 -2.5
      vertex 15.7607 2.75 0
      vertex 15.9391 1.39449 0
    endloop
  endfacet
  facet normal 0.991444 0.130532 -2.57139e-05
    outer loop
      vertex 15.7607 2.75 0
      vertex 15.9391 1.39449 -2.5
      vertex 15.7569 2.77837 -2.5
    endloop
  endfacet
  facet normal 0.999048 0.0436303 0
    outer loop
      vertex 16 0 0
      vertex 15.9391 1.39449 -2.5
      vertex 15.9391 1.39449 0
    endloop
  endfacet
  facet normal 0.999048 0.0436303 0
    outer loop
      vertex 15.9391 1.39449 -2.5
      vertex 16 0 0
      vertex 16 0 -2.5
    endloop
  endfacet
  facet normal 0.976298 0.216433 0
    outer loop
      vertex 15.7569 2.77837 16
      vertex 15.4548 4.1411 -2.5
      vertex 15.4548 4.1411 16
    endloop
  endfacet
  facet normal 0.976298 0.216433 0
    outer loop
      vertex 15.4548 4.1411 -2.5
      vertex 15.7569 2.77837 16
      vertex 15.7569 2.77837 -2.5
    endloop
  endfacet
  facet normal -0.793361 -0.608751 0
    outer loop
      vertex -12.2567 -10.2846 -2.5
      vertex -13.1064 -9.17722 16
      vertex -13.1064 -9.17722 -2.5
    endloop
  endfacet
  facet normal -0.793361 -0.608751 0
    outer loop
      vertex -13.1064 -9.17722 16
      vertex -12.2567 -10.2846 -2.5
      vertex -12.2567 -10.2846 16
    endloop
  endfacet
  facet normal -0.130532 -0.991444 0
    outer loop
      vertex -2.77837 -15.7569 -2.5
      vertex -1.39449 -15.9391 16
      vertex -2.77837 -15.7569 16
    endloop
  endfacet
  facet normal -0.130532 -0.991444 -0
    outer loop
      vertex -1.39449 -15.9391 16
      vertex -2.77837 -15.7569 -2.5
      vertex -1.39449 -15.9391 -2.5
    endloop
  endfacet
  facet normal 0.737276 0.675592 0
    outer loop
      vertex 12.2567 10.2846 16
      vertex 11.3137 11.3137 -2.5
      vertex 11.3137 11.3137 16
    endloop
  endfacet
  facet normal 0.737276 0.675592 0
    outer loop
      vertex 11.3137 11.3137 -2.5
      vertex 12.2567 10.2846 16
      vertex 12.2567 10.2846 -2.5
    endloop
  endfacet
  facet normal -0.976298 0.216433 0
    outer loop
      vertex -15.7569 2.77837 -2.5
      vertex -15.4548 4.1411 16
      vertex -15.4548 4.1411 -2.5
    endloop
  endfacet
  facet normal -0.976298 0.216433 0
    outer loop
      vertex -15.4548 4.1411 16
      vertex -15.7569 2.77837 -2.5
      vertex -15.7569 2.77837 16
    endloop
  endfacet
  facet normal -0.537314 0.843382 0
    outer loop
      vertex -8 13.8564 -2.5
      vertex -9.17722 13.1064 0
      vertex -8 13.8564 0
    endloop
  endfacet
  facet normal -0.537314 0.843382 0
    outer loop
      vertex -9.17722 13.1064 0
      vertex -8 13.8564 -2.5
      vertex -9.17722 13.1064 -2.5
    endloop
  endfacet
  facet normal -0.216433 0.976298 0
    outer loop
      vertex -2.77837 15.7569 -2.5
      vertex -4.1411 15.4548 16
      vertex -2.77837 15.7569 16
    endloop
  endfacet
  facet normal -0.216433 0.976298 0
    outer loop
      vertex -4.1411 15.4548 16
      vertex -2.77837 15.7569 -2.5
      vertex -4.1411 15.4548 -2.5
    endloop
  endfacet
  facet normal 0.130532 -0.991444 0
    outer loop
      vertex 1.39449 -15.9391 -2.5
      vertex 2.77837 -15.7569 16
      vertex 1.39449 -15.9391 16
    endloop
  endfacet
  facet normal 0.130532 -0.991444 0
    outer loop
      vertex 2.77837 -15.7569 16
      vertex 1.39449 -15.9391 -2.5
      vertex 2.77837 -15.7569 -2.5
    endloop
  endfacet
  facet normal 0.999048 -0.0436303 0
    outer loop
      vertex 15.9391 -1.39449 0
      vertex 16 0 -2.5
      vertex 16 0 0
    endloop
  endfacet
  facet normal 0.999048 -0.0436303 0
    outer loop
      vertex 16 0 -2.5
      vertex 15.9391 -1.39449 0
      vertex 15.9391 -1.39449 -2.5
    endloop
  endfacet
  facet normal 0.843382 -0.537314 0
    outer loop
      vertex 13.1064 -9.17722 16
      vertex 13.8564 -8 -2.5
      vertex 13.8564 -8 16
    endloop
  endfacet
  facet normal 0.843382 -0.537314 0
    outer loop
      vertex 13.8564 -8 -2.5
      vertex 13.1064 -9.17722 16
      vertex 13.1064 -9.17722 -2.5
    endloop
  endfacet
  facet normal 0.608751 -0.793361 0
    outer loop
      vertex 9.17722 -13.1064 -2.5
      vertex 10.2846 -12.2567 16
      vertex 9.17722 -13.1064 16
    endloop
  endfacet
  facet normal 0.608751 -0.793361 0
    outer loop
      vertex 10.2846 -12.2567 16
      vertex 9.17722 -13.1064 -2.5
      vertex 10.2846 -12.2567 -2.5
    endloop
  endfacet
  facet normal 0.675592 0.737276 -0
    outer loop
      vertex 11.3137 11.3137 -2.5
      vertex 10.2846 12.2567 16
      vertex 11.3137 11.3137 16
    endloop
  endfacet
  facet normal 0.675592 0.737276 0
    outer loop
      vertex 10.2846 12.2567 16
      vertex 11.3137 11.3137 -2.5
      vertex 10.2846 12.2567 -2.5
    endloop
  endfacet
  facet normal -0.608759 0.793355 0
    outer loop
      vertex -9.17722 13.1064 0
      vertex -9.17722 13.1064 -2.5
      vertex -10.2619 12.2741 0
    endloop
  endfacet
  facet normal -0.608739 0.793371 0
    outer loop
      vertex -9.62174 12.7653 2.5
      vertex -10.2846 12.2567 16
      vertex -9.62174 12.7653 16
    endloop
  endfacet
  facet normal -0.608752 0.793361 -1.05167e-06
    outer loop
      vertex -10.2619 12.2741 2.5
      vertex -10.2846 12.2567 16
      vertex -9.62174 12.7653 2.5
    endloop
  endfacet
  facet normal -0.608358 0.793663 0
    outer loop
      vertex -10.2619 12.2741 0
      vertex -10.2846 12.2567 16
      vertex -10.2619 12.2741 2.5
    endloop
  endfacet
  facet normal -0.608358 0.793663 0
    outer loop
      vertex -10.2619 12.2741 0
      vertex -10.2846 12.2567 -2.5
      vertex -10.2846 12.2567 16
    endloop
  endfacet
  facet normal -0.608751 0.793361 5.66783e-06
    outer loop
      vertex -10.2846 12.2567 -2.5
      vertex -10.2619 12.2741 0
      vertex -9.17722 13.1064 -2.5
    endloop
  endfacet
  facet normal -0.953724 -0.300685 0
    outer loop
      vertex -15.0351 -5.47232 -2.5
      vertex -15.4548 -4.1411 16
      vertex -15.4548 -4.1411 -2.5
    endloop
  endfacet
  facet normal -0.953724 -0.300685 0
    outer loop
      vertex -15.4548 -4.1411 16
      vertex -15.0351 -5.47232 -2.5
      vertex -15.0351 -5.47232 16
    endloop
  endfacet
  facet normal 0.737276 -0.675592 0
    outer loop
      vertex 11.3137 -11.3137 16
      vertex 12.2567 -10.2846 -2.5
      vertex 12.2567 -10.2846 16
    endloop
  endfacet
  facet normal 0.737276 -0.675592 0
    outer loop
      vertex 12.2567 -10.2846 -2.5
      vertex 11.3137 -11.3137 16
      vertex 11.3137 -11.3137 -2.5
    endloop
  endfacet
  facet normal 0.843382 0.537314 0
    outer loop
      vertex 13.8564 8 16
      vertex 13.1064 9.17722 -2.5
      vertex 13.1064 9.17722 16
    endloop
  endfacet
  facet normal 0.843382 0.537314 0
    outer loop
      vertex 13.1064 9.17722 -2.5
      vertex 13.8564 8 16
      vertex 13.8564 8 -2.5
    endloop
  endfacet
  facet normal -0.843382 -0.537314 0
    outer loop
      vertex -13.1064 -9.17722 -2.5
      vertex -13.8564 -8 16
      vertex -13.8564 -8 -2.5
    endloop
  endfacet
  facet normal -0.843382 -0.537314 0
    outer loop
      vertex -13.8564 -8 16
      vertex -13.1064 -9.17722 -2.5
      vertex -13.1064 -9.17722 16
    endloop
  endfacet
  facet normal 0 0 -1
    outer loop
      vertex 15.9391 -1.39449 -2.5
      vertex 15.9391 1.39449 -2.5
      vertex 16 0 -2.5
    endloop
  endfacet
  facet normal 0 0 -1
    outer loop
      vertex 15.7569 -2.77837 -2.5
      vertex 15.9391 1.39449 -2.5
      vertex 15.9391 -1.39449 -2.5
    endloop
  endfacet
  facet normal 0 0 -1
    outer loop
      vertex 15.7569 -2.77837 -2.5
      vertex 15.7569 2.77837 -2.5
      vertex 15.9391 1.39449 -2.5
    endloop
  endfacet
  facet normal 0 0 -1
    outer loop
      vertex 15.4548 -4.1411 -2.5
      vertex 15.7569 2.77837 -2.5
      vertex 15.7569 -2.77837 -2.5
    endloop
  endfacet
  facet normal 0 0 -1
    outer loop
      vertex 15.4548 -4.1411 -2.5
      vertex 15.4548 4.1411 -2.5
      vertex 15.7569 2.77837 -2.5
    endloop
  endfacet
  facet normal 0 0 -1
    outer loop
      vertex 15.0351 -5.47232 -2.5
      vertex 15.4548 4.1411 -2.5
      vertex 15.4548 -4.1411 -2.5
    endloop
  endfacet
  facet normal 0 0 -1
    outer loop
      vertex 15.0351 -5.47232 -2.5
      vertex 15.0351 5.47232 -2.5
      vertex 15.4548 4.1411 -2.5
    endloop
  endfacet
  facet normal 0 0 -1
    outer loop
      vertex 14.5009 -6.76189 -2.5
      vertex 15.0351 5.47232 -2.5
      vertex 15.0351 -5.47232 -2.5
    endloop
  endfacet
  facet normal 0 0 -1
    outer loop
      vertex 14.5009 -6.76189 -2.5
      vertex 14.5009 6.76189 -2.5
      vertex 15.0351 5.47232 -2.5
    endloop
  endfacet
  facet normal 0 0 -1
    outer loop
      vertex 13.8564 -8 -2.5
      vertex 14.5009 6.76189 -2.5
      vertex 14.5009 -6.76189 -2.5
    endloop
  endfacet
  facet normal 0 0 -1
    outer loop
      vertex 13.8564 -8 -2.5
      vertex 13.8564 8 -2.5
      vertex 14.5009 6.76189 -2.5
    endloop
  endfacet
  facet normal 0 0 -1
    outer loop
      vertex 13.1064 -9.17722 -2.5
      vertex 13.8564 8 -2.5
      vertex 13.8564 -8 -2.5
    endloop
  endfacet
  facet normal 0 0 -1
    outer loop
      vertex 13.1064 -9.17722 -2.5
      vertex 13.1064 9.17722 -2.5
      vertex 13.8564 8 -2.5
    endloop
  endfacet
  facet normal 0 0 -1
    outer loop
      vertex 12.2567 -10.2846 -2.5
      vertex 13.1064 9.17722 -2.5
      vertex 13.1064 -9.17722 -2.5
    endloop
  endfacet
  facet normal 0 0 -1
    outer loop
      vertex 12.2567 -10.2846 -2.5
      vertex 12.2567 10.2846 -2.5
      vertex 13.1064 9.17722 -2.5
    endloop
  endfacet
  facet normal 0 0 -1
    outer loop
      vertex 11.3137 -11.3137 -2.5
      vertex 12.2567 10.2846 -2.5
      vertex 12.2567 -10.2846 -2.5
    endloop
  endfacet
  facet normal 0 0 -1
    outer loop
      vertex 11.3137 -11.3137 -2.5
      vertex 11.3137 11.3137 -2.5
      vertex 12.2567 10.2846 -2.5
    endloop
  endfacet
  facet normal 0 0 -1
    outer loop
      vertex 10.2846 -12.2567 -2.5
      vertex 11.3137 11.3137 -2.5
      vertex 11.3137 -11.3137 -2.5
    endloop
  endfacet
  facet normal 0 0 -1
    outer loop
      vertex 10.2846 -12.2567 -2.5
      vertex 10.2846 12.2567 -2.5
      vertex 11.3137 11.3137 -2.5
    endloop
  endfacet
  facet normal 0 0 -1
    outer loop
      vertex 9.17722 -13.1064 -2.5
      vertex 10.2846 12.2567 -2.5
      vertex 10.2846 -12.2567 -2.5
    endloop
  endfacet
  facet normal 0 0 -1
    outer loop
      vertex 9.17722 -13.1064 -2.5
      vertex 9.17722 13.1064 -2.5
      vertex 10.2846 12.2567 -2.5
    endloop
  endfacet
  facet normal 0 0 -1
    outer loop
      vertex 8 -13.8564 -2.5
      vertex 9.17722 13.1064 -2.5
      vertex 9.17722 -13.1064 -2.5
    endloop
  endfacet
  facet normal 0 0 -1
    outer loop
      vertex 8 -13.8564 -2.5
      vertex 8 13.8564 -2.5
      vertex 9.17722 13.1064 -2.5
    endloop
  endfacet
  facet normal 0 0 -1
    outer loop
      vertex 6.76189 -14.5009 -2.5
      vertex 8 13.8564 -2.5
      vertex 8 -13.8564 -2.5
    endloop
  endfacet
  facet normal 0 0 -1
    outer loop
      vertex 6.76189 -14.5009 -2.5
      vertex 6.76189 14.5009 -2.5
      vertex 8 13.8564 -2.5
    endloop
  endfacet
  facet normal 0 0 -1
    outer loop
      vertex 5.47232 -15.0351 -2.5
      vertex 6.76189 14.5009 -2.5
      vertex 6.76189 -14.5009 -2.5
    endloop
  endfacet
  facet normal 0 0 -1
    outer loop
      vertex 5.47232 -15.0351 -2.5
      vertex 5.47232 15.0351 -2.5
      vertex 6.76189 14.5009 -2.5
    endloop
  endfacet
  facet normal 0 0 -1
    outer loop
      vertex 4.1411 -15.4548 -2.5
      vertex 5.47232 15.0351 -2.5
      vertex 5.47232 -15.0351 -2.5
    endloop
  endfacet
  facet normal 0 0 -1
    outer loop
      vertex 4.1411 -15.4548 -2.5
      vertex 4.1411 15.4548 -2.5
      vertex 5.47232 15.0351 -2.5
    endloop
  endfacet
  facet normal 0 0 -1
    outer loop
      vertex 2.77837 -15.7569 -2.5
      vertex 4.1411 15.4548 -2.5
      vertex 4.1411 -15.4548 -2.5
    endloop
  endfacet
  facet normal 0 0 -1
    outer loop
      vertex 2.77837 -15.7569 -2.5
      vertex 2.77837 15.7569 -2.5
      vertex 4.1411 15.4548 -2.5
    endloop
  endfacet
  facet normal 0 0 -1
    outer loop
      vertex 1.39449 -15.9391 -2.5
      vertex 2.77837 15.7569 -2.5
      vertex 2.77837 -15.7569 -2.5
    endloop
  endfacet
  facet normal 0 0 -1
    outer loop
      vertex 1.39449 -15.9391 -2.5
      vertex 1.39449 15.9391 -2.5
      vertex 2.77837 15.7569 -2.5
    endloop
  endfacet
  facet normal 0 0 -1
    outer loop
      vertex 0 -16 -2.5
      vertex 1.39449 15.9391 -2.5
      vertex 1.39449 -15.9391 -2.5
    endloop
  endfacet
  facet normal 0 0 -1
    outer loop
      vertex 0 -16 -2.5
      vertex 0 16 -2.5
      vertex 1.39449 15.9391 -2.5
    endloop
  endfacet
  facet normal 0 0 -1
    outer loop
      vertex -1.39449 -15.9391 -2.5
      vertex 0 16 -2.5
      vertex 0 -16 -2.5
    endloop
  endfacet
  facet normal 0 0 -1
    outer loop
      vertex -1.39449 -15.9391 -2.5
      vertex -1.39449 15.9391 -2.5
      vertex 0 16 -2.5
    endloop
  endfacet
  facet normal 0 0 -1
    outer loop
      vertex -2.77837 -15.7569 -2.5
      vertex -1.39449 15.9391 -2.5
      vertex -1.39449 -15.9391 -2.5
    endloop
  endfacet
  facet normal 0 0 -1
    outer loop
      vertex -2.77837 -15.7569 -2.5
      vertex -2.77837 15.7569 -2.5
      vertex -1.39449 15.9391 -2.5
    endloop
  endfacet
  facet normal 0 0 -1
    outer loop
      vertex -4.1411 -15.4548 -2.5
      vertex -2.77837 15.7569 -2.5
      vertex -2.77837 -15.7569 -2.5
    endloop
  endfacet
  facet normal 0 0 -1
    outer loop
      vertex -4.1411 -15.4548 -2.5
      vertex -4.1411 15.4548 -2.5
      vertex -2.77837 15.7569 -2.5
    endloop
  endfacet
  facet normal 0 0 -1
    outer loop
      vertex -5.47232 -15.0351 -2.5
      vertex -4.1411 15.4548 -2.5
      vertex -4.1411 -15.4548 -2.5
    endloop
  endfacet
  facet normal 0 0 -1
    outer loop
      vertex -5.47232 -15.0351 -2.5
      vertex -5.47232 15.0351 -2.5
      vertex -4.1411 15.4548 -2.5
    endloop
  endfacet
  facet normal 0 0 -1
    outer loop
      vertex -6.76189 -14.5009 -2.5
      vertex -5.47232 15.0351 -2.5
      vertex -5.47232 -15.0351 -2.5
    endloop
  endfacet
  facet normal 0 0 -1
    outer loop
      vertex -6.76189 -14.5009 -2.5
      vertex -6.76189 14.5009 -2.5
      vertex -5.47232 15.0351 -2.5
    endloop
  endfacet
  facet normal 0 0 -1
    outer loop
      vertex -8 -13.8564 -2.5
      vertex -6.76189 14.5009 -2.5
      vertex -6.76189 -14.5009 -2.5
    endloop
  endfacet
  facet normal 0 0 -1
    outer loop
      vertex -8 -13.8564 -2.5
      vertex -8 13.8564 -2.5
      vertex -6.76189 14.5009 -2.5
    endloop
  endfacet
  facet normal 0 0 -1
    outer loop
      vertex -9.17722 -13.1064 -2.5
      vertex -8 13.8564 -2.5
      vertex -8 -13.8564 -2.5
    endloop
  endfacet
  facet normal 0 0 -1
    outer loop
      vertex -9.17722 -13.1064 -2.5
      vertex -9.17722 13.1064 -2.5
      vertex -8 13.8564 -2.5
    endloop
  endfacet
  facet normal 0 0 -1
    outer loop
      vertex -10.2846 -12.2567 -2.5
      vertex -9.17722 13.1064 -2.5
      vertex -9.17722 -13.1064 -2.5
    endloop
  endfacet
  facet normal 0 0 -1
    outer loop
      vertex -10.2846 -12.2567 -2.5
      vertex -10.2846 12.2567 -2.5
      vertex -9.17722 13.1064 -2.5
    endloop
  endfacet
  facet normal 0 0 -1
    outer loop
      vertex -11.3137 -11.3137 -2.5
      vertex -10.2846 12.2567 -2.5
      vertex -10.2846 -12.2567 -2.5
    endloop
  endfacet
  facet normal 0 0 -1
    outer loop
      vertex -11.3137 -11.3137 -2.5
      vertex -11.3137 11.3137 -2.5
      vertex -10.2846 12.2567 -2.5
    endloop
  endfacet
  facet normal 0 0 -1
    outer loop
      vertex -12.2567 -10.2846 -2.5
      vertex -11.3137 11.3137 -2.5
      vertex -11.3137 -11.3137 -2.5
    endloop
  endfacet
  facet normal 0 0 -1
    outer loop
      vertex -12.2567 -10.2846 -2.5
      vertex -12.2567 10.2846 -2.5
      vertex -11.3137 11.3137 -2.5
    endloop
  endfacet
  facet normal 0 0 -1
    outer loop
      vertex -13.1064 -9.17722 -2.5
      vertex -12.2567 10.2846 -2.5
      vertex -12.2567 -10.2846 -2.5
    endloop
  endfacet
  facet normal 0 0 -1
    outer loop
      vertex -13.1064 -9.17722 -2.5
      vertex -13.1064 9.17722 -2.5
      vertex -12.2567 10.2846 -2.5
    endloop
  endfacet
  facet normal 0 0 -1
    outer loop
      vertex -13.8564 -8 -2.5
      vertex -13.1064 9.17722 -2.5
      vertex -13.1064 -9.17722 -2.5
    endloop
  endfacet
  facet normal 0 0 -1
    outer loop
      vertex -13.8564 -8 -2.5
      vertex -13.8564 8 -2.5
      vertex -13.1064 9.17722 -2.5
    endloop
  endfacet
  facet normal 0 0 -1
    outer loop
      vertex -14.5009 -6.76189 -2.5
      vertex -13.8564 8 -2.5
      vertex -13.8564 -8 -2.5
    endloop
  endfacet
  facet normal 0 0 -1
    outer loop
      vertex -14.5009 -6.76189 -2.5
      vertex -14.5009 6.76189 -2.5
      vertex -13.8564 8 -2.5
    endloop
  endfacet
  facet normal 0 0 -1
    outer loop
      vertex -15.0351 -5.47232 -2.5
      vertex -14.5009 6.76189 -2.5
      vertex -14.5009 -6.76189 -2.5
    endloop
  endfacet
  facet normal 0 0 -1
    outer loop
      vertex -15.0351 -5.47232 -2.5
      vertex -15.0351 5.47232 -2.5
      vertex -14.5009 6.76189 -2.5
    endloop
  endfacet
  facet normal 0 0 -1
    outer loop
      vertex -15.4548 -4.1411 -2.5
      vertex -15.0351 5.47232 -2.5
      vertex -15.0351 -5.47232 -2.5
    endloop
  endfacet
  facet normal 0 0 -1
    outer loop
      vertex -15.4548 -4.1411 -2.5
      vertex -15.4548 4.1411 -2.5
      vertex -15.0351 5.47232 -2.5
    endloop
  endfacet
  facet normal 0 0 -1
    outer loop
      vertex -15.7569 -2.77837 -2.5
      vertex -15.4548 4.1411 -2.5
      vertex -15.4548 -4.1411 -2.5
    endloop
  endfacet
  facet normal 0 0 -1
    outer loop
      vertex -15.7569 -2.77837 -2.5
      vertex -15.7569 2.77837 -2.5
      vertex -15.4548 4.1411 -2.5
    endloop
  endfacet
  facet normal 0 0 -1
    outer loop
      vertex -15.9391 -1.39449 -2.5
      vertex -15.7569 2.77837 -2.5
      vertex -15.7569 -2.77837 -2.5
    endloop
  endfacet
  facet normal 0 0 -1
    outer loop
      vertex -15.9391 -1.39449 -2.5
      vertex -15.9391 1.39449 -2.5
      vertex -15.7569 2.77837 -2.5
    endloop
  endfacet
  facet normal 0 -0 -1
    outer loop
      vertex -15.9391 1.39449 -2.5
      vertex -15.9391 -1.39449 -2.5
      vertex -16 0 -2.5
    endloop
  endfacet
  facet normal 0.976298 -0.216433 0
    outer loop
      vertex 15.4548 -4.1411 16
      vertex 15.7569 -2.77837 -2.5
      vertex 15.7569 -2.77837 16
    endloop
  endfacet
  facet normal 0.976298 -0.216433 0
    outer loop
      vertex 15.7569 -2.77837 -2.5
      vertex 15.4548 -4.1411 16
      vertex 15.4548 -4.1411 -2.5
    endloop
  endfacet
  facet normal -0.737276 0.675592 0
    outer loop
      vertex -12.2567 10.2846 -2.5
      vertex -11.3137 11.3137 16
      vertex -11.3137 11.3137 -2.5
    endloop
  endfacet
  facet normal -0.737276 0.675592 0
    outer loop
      vertex -11.3137 11.3137 16
      vertex -12.2567 10.2846 -2.5
      vertex -12.2567 10.2846 16
    endloop
  endfacet
  facet normal 0.461738 0.887016 -0
    outer loop
      vertex 8 13.8564 -2.5
      vertex 6.76189 14.5009 16
      vertex 8 13.8564 16
    endloop
  endfacet
  facet normal 0.461738 0.887016 0
    outer loop
      vertex 6.76189 14.5009 16
      vertex 8 13.8564 -2.5
      vertex 6.76189 14.5009 -2.5
    endloop
  endfacet
  facet normal -0.382745 0.923854 -3.15678e-06
    outer loop
      vertex -5.47232 15.0351 16
      vertex -5.49876 15.0241 2.5
      vertex -6.24424 14.7153 16
    endloop
  endfacet
  facet normal -0.384119 0.923283 0
    outer loop
      vertex -5.47232 15.0351 16
      vertex -5.49876 15.0241 0
      vertex -5.49876 15.0241 2.5
    endloop
  endfacet
  facet normal -0.384119 0.923283 0
    outer loop
      vertex -5.47232 15.0351 -2.5
      vertex -5.49876 15.0241 0
      vertex -5.47232 15.0351 16
    endloop
  endfacet
  facet normal -0.382709 0.923869 1.74869e-05
    outer loop
      vertex -6.76189 14.5009 -2.5
      vertex -5.49876 15.0241 0
      vertex -5.47232 15.0351 -2.5
    endloop
  endfacet
  facet normal -0.38268 0.923881 0
    outer loop
      vertex -5.49876 15.0241 0
      vertex -6.76189 14.5009 -2.5
      vertex -6.76189 14.5009 0
    endloop
  endfacet
  facet normal -0.382696 0.923874 0
    outer loop
      vertex -6.24424 14.7153 16
      vertex -5.49876 15.0241 2.5
      vertex -6.24424 14.7153 2.5
    endloop
  endfacet
  facet normal -0.537314 -0.843382 0
    outer loop
      vertex -9.17722 -13.1064 -2.5
      vertex -8 -13.8564 0
      vertex -9.17722 -13.1064 0
    endloop
  endfacet
  facet normal -0.537314 -0.843382 -0
    outer loop
      vertex -8 -13.8564 0
      vertex -9.17722 -13.1064 -2.5
      vertex -8 -13.8564 -2.5
    endloop
  endfacet
  facet normal 0.953724 0.300685 0
    outer loop
      vertex 15.4548 4.1411 16
      vertex 15.0351 5.47232 -2.5
      vertex 15.0351 5.47232 16
    endloop
  endfacet
  facet normal 0.953724 0.300685 0
    outer loop
      vertex 15.0351 5.47232 -2.5
      vertex 15.4548 4.1411 16
      vertex 15.4548 4.1411 -2.5
    endloop
  endfacet
  facet normal 0.382709 0.923869 -0
    outer loop
      vertex 6.76189 14.5009 -2.5
      vertex 5.47232 15.0351 16
      vertex 6.76189 14.5009 16
    endloop
  endfacet
  facet normal 0.382709 0.923869 0
    outer loop
      vertex 5.47232 15.0351 16
      vertex 6.76189 14.5009 -2.5
      vertex 5.47232 15.0351 -2.5
    endloop
  endfacet
  facet normal 0.216433 0.976298 -0
    outer loop
      vertex 4.1411 15.4548 -2.5
      vertex 2.77837 15.7569 16
      vertex 4.1411 15.4548 16
    endloop
  endfacet
  facet normal 0.216433 0.976298 0
    outer loop
      vertex 2.77837 15.7569 16
      vertex 4.1411 15.4548 -2.5
      vertex 2.77837 15.7569 -2.5
    endloop
  endfacet
  facet normal -0.38268 -0.923881 -0
    outer loop
      vertex -6.76189 -14.5009 0
      vertex -6.76189 -14.5009 -2.5
      vertex -5.49876 -15.0241 0
    endloop
  endfacet
  facet normal -0.382745 -0.923854 0
    outer loop
      vertex -6.24424 -14.7153 2.5
      vertex -5.47232 -15.0351 16
      vertex -6.24424 -14.7153 16
    endloop
  endfacet
  facet normal -0.382696 -0.923874 -3.26882e-06
    outer loop
      vertex -5.49876 -15.0241 2.5
      vertex -5.47232 -15.0351 16
      vertex -6.24424 -14.7153 2.5
    endloop
  endfacet
  facet normal -0.384119 -0.923283 0
    outer loop
      vertex -5.49876 -15.0241 0
      vertex -5.47232 -15.0351 16
      vertex -5.49876 -15.0241 2.5
    endloop
  endfacet
  facet normal -0.384119 -0.923283 0
    outer loop
      vertex -5.49876 -15.0241 0
      vertex -5.47232 -15.0351 -2.5
      vertex -5.47232 -15.0351 16
    endloop
  endfacet
  facet normal -0.382709 -0.923869 1.74869e-05
    outer loop
      vertex -5.47232 -15.0351 -2.5
      vertex -5.49876 -15.0241 0
      vertex -6.76189 -14.5009 -2.5
    endloop
  endfacet
  facet normal 0.793361 -0.608751 0
    outer loop
      vertex 12.2567 -10.2846 16
      vertex 13.1064 -9.17722 -2.5
      vertex 13.1064 -9.17722 16
    endloop
  endfacet
  facet normal 0.793361 -0.608751 0
    outer loop
      vertex 13.1064 -9.17722 -2.5
      vertex 12.2567 -10.2846 16
      vertex 12.2567 -10.2846 -2.5
    endloop
  endfacet
  facet normal 0.461738 -0.887016 0
    outer loop
      vertex 6.76189 -14.5009 -2.5
      vertex 8 -13.8564 16
      vertex 6.76189 -14.5009 16
    endloop
  endfacet
  facet normal 0.461738 -0.887016 0
    outer loop
      vertex 8 -13.8564 16
      vertex 6.76189 -14.5009 -2.5
      vertex 8 -13.8564 -2.5
    endloop
  endfacet
  facet normal 0.0436303 0.999048 -0
    outer loop
      vertex 1.39449 15.9391 -2.5
      vertex 0 16 16
      vertex 1.39449 15.9391 16
    endloop
  endfacet
  facet normal 0.0436303 0.999048 0
    outer loop
      vertex 0 16 16
      vertex 1.39449 15.9391 -2.5
      vertex 0 16 -2.5
    endloop
  endfacet
  facet normal -0.887016 -0.461738 0
    outer loop
      vertex -13.8564 -8 -2.5
      vertex -14.5009 -6.76189 16
      vertex -14.5009 -6.76189 -2.5
    endloop
  endfacet
  facet normal -0.887016 -0.461738 0
    outer loop
      vertex -14.5009 -6.76189 16
      vertex -13.8564 -8 -2.5
      vertex -13.8564 -8 16
    endloop
  endfacet
  facet normal -0.923869 -0.382709 0
    outer loop
      vertex -14.5009 -6.76189 -2.5
      vertex -15.0351 -5.47232 16
      vertex -15.0351 -5.47232 -2.5
    endloop
  endfacet
  facet normal -0.923869 -0.382709 0
    outer loop
      vertex -15.0351 -5.47232 16
      vertex -14.5009 -6.76189 -2.5
      vertex -14.5009 -6.76189 16
    endloop
  endfacet
  facet normal 0.382709 -0.923869 0
    outer loop
      vertex 5.47232 -15.0351 -2.5
      vertex 6.76189 -14.5009 16
      vertex 5.47232 -15.0351 16
    endloop
  endfacet
  facet normal 0.382709 -0.923869 0
    outer loop
      vertex 6.76189 -14.5009 16
      vertex 5.47232 -15.0351 -2.5
      vertex 6.76189 -14.5009 -2.5
    endloop
  endfacet
  facet normal -0.675592 -0.737276 0
    outer loop
      vertex -11.3137 -11.3137 -2.5
      vertex -10.2846 -12.2567 16
      vertex -11.3137 -11.3137 16
    endloop
  endfacet
  facet normal -0.675592 -0.737276 -0
    outer loop
      vertex -10.2846 -12.2567 16
      vertex -11.3137 -11.3137 -2.5
      vertex -10.2846 -12.2567 -2.5
    endloop
  endfacet
  facet normal 0.0436303 -0.999048 0
    outer loop
      vertex 0 -16 -2.5
      vertex 1.39449 -15.9391 16
      vertex 0 -16 16
    endloop
  endfacet
  facet normal 0.0436303 -0.999048 0
    outer loop
      vertex 1.39449 -15.9391 16
      vertex 0 -16 -2.5
      vertex 1.39449 -15.9391 -2.5
    endloop
  endfacet
  facet normal 0.953724 -0.300685 0
    outer loop
      vertex 15.0351 -5.47232 16
      vertex 15.4548 -4.1411 -2.5
      vertex 15.4548 -4.1411 16
    endloop
  endfacet
  facet normal 0.953724 -0.300685 0
    outer loop
      vertex 15.4548 -4.1411 -2.5
      vertex 15.0351 -5.47232 16
      vertex 15.0351 -5.47232 -2.5
    endloop
  endfacet
  facet normal -0.923869 0.382709 0
    outer loop
      vertex -15.0351 5.47232 -2.5
      vertex -14.5009 6.76189 16
      vertex -14.5009 6.76189 -2.5
    endloop
  endfacet
  facet normal -0.923869 0.382709 0
    outer loop
      vertex -14.5009 6.76189 16
      vertex -15.0351 5.47232 -2.5
      vertex -15.0351 5.47232 16
    endloop
  endfacet
  facet normal -0.608739 -0.793371 -1.01567e-06
    outer loop
      vertex -10.2846 -12.2567 16
      vertex -10.2619 -12.2741 2.5
      vertex -9.62174 -12.7653 16
    endloop
  endfacet
  facet normal -0.608358 -0.793663 0
    outer loop
      vertex -10.2846 -12.2567 16
      vertex -10.2619 -12.2741 0
      vertex -10.2619 -12.2741 2.5
    endloop
  endfacet
  facet normal -0.608358 -0.793663 0
    outer loop
      vertex -10.2846 -12.2567 -2.5
      vertex -10.2619 -12.2741 0
      vertex -10.2846 -12.2567 16
    endloop
  endfacet
  facet normal -0.608759 -0.793355 5.7864e-06
    outer loop
      vertex -10.2846 -12.2567 -2.5
      vertex -9.17722 -13.1064 0
      vertex -10.2619 -12.2741 0
    endloop
  endfacet
  facet normal -0.608751 -0.793361 -0
    outer loop
      vertex -9.17722 -13.1064 0
      vertex -10.2846 -12.2567 -2.5
      vertex -9.17722 -13.1064 -2.5
    endloop
  endfacet
  facet normal -0.608752 -0.793361 -0
    outer loop
      vertex -9.62174 -12.7653 16
      vertex -10.2619 -12.2741 2.5
      vertex -9.62174 -12.7653 2.5
    endloop
  endfacet
  facet normal 0.537314 0.843382 -0
    outer loop
      vertex 9.17722 13.1064 -2.5
      vertex 8 13.8564 16
      vertex 9.17722 13.1064 16
    endloop
  endfacet
  facet normal 0.537314 0.843382 0
    outer loop
      vertex 8 13.8564 16
      vertex 9.17722 13.1064 -2.5
      vertex 8 13.8564 -2.5
    endloop
  endfacet
  facet normal -0.130532 0.991444 0
    outer loop
      vertex -1.39449 15.9391 -2.5
      vertex -2.77837 15.7569 16
      vertex -1.39449 15.9391 16
    endloop
  endfacet
  facet normal -0.130532 0.991444 0
    outer loop
      vertex -2.77837 15.7569 16
      vertex -1.39449 15.9391 -2.5
      vertex -2.77837 15.7569 -2.5
    endloop
  endfacet
  facet normal 0.991448 -0.130499 0
    outer loop
      vertex 15.866 -1.95 16
      vertex 15.7607 -2.75 2.5
      vertex 15.866 -1.95 2.5
    endloop
  endfacet
  facet normal 0.991148 -0.132759 0
    outer loop
      vertex 15.7607 -2.75 2.5
      vertex 15.7569 -2.77837 16
      vertex 15.7607 -2.75 0
    endloop
  endfacet
  facet normal 0.991438 -0.130577 4.66676e-06
    outer loop
      vertex 15.7569 -2.77837 16
      vertex 15.7607 -2.75 2.5
      vertex 15.866 -1.95 16
    endloop
  endfacet
  facet normal 0.99145 -0.130486 0
    outer loop
      vertex 15.7607 -2.75 0
      vertex 15.9391 -1.39449 -2.5
      vertex 15.9391 -1.39449 0
    endloop
  endfacet
  facet normal 0.991444 -0.130532 -2.57139e-05
    outer loop
      vertex 15.7607 -2.75 0
      vertex 15.7569 -2.77837 -2.5
      vertex 15.9391 -1.39449 -2.5
    endloop
  endfacet
  facet normal 0.991148 -0.132759 0
    outer loop
      vertex 15.7569 -2.77837 -2.5
      vertex 15.7607 -2.75 0
      vertex 15.7569 -2.77837 16
    endloop
  endfacet
  facet normal -0.976298 -0.216433 0
    outer loop
      vertex -15.4548 -4.1411 -2.5
      vertex -15.7569 -2.77837 16
      vertex -15.7569 -2.77837 -2.5
    endloop
  endfacet
  facet normal -0.976298 -0.216433 0
    outer loop
      vertex -15.7569 -2.77837 16
      vertex -15.4548 -4.1411 -2.5
      vertex -15.4548 -4.1411 16
    endloop
  endfacet
  facet normal 0.923869 0.382709 0
    outer loop
      vertex 15.0351 5.47232 16
      vertex 14.5009 6.76189 -2.5
      vertex 14.5009 6.76189 16
    endloop
  endfacet
  facet normal 0.923869 0.382709 0
    outer loop
      vertex 14.5009 6.76189 -2.5
      vertex 15.0351 5.47232 16
      vertex 15.0351 5.47232 -2.5
    endloop
  endfacet
  facet normal 0.130532 0.991444 -0
    outer loop
      vertex 2.77837 15.7569 -2.5
      vertex 1.39449 15.9391 16
      vertex 2.77837 15.7569 16
    endloop
  endfacet
  facet normal 0.130532 0.991444 0
    outer loop
      vertex 1.39449 15.9391 16
      vertex 2.77837 15.7569 -2.5
      vertex 1.39449 15.9391 -2.5
    endloop
  endfacet
  facet normal 0.887016 0.461738 0
    outer loop
      vertex 14.5009 6.76189 16
      vertex 13.8564 8 -2.5
      vertex 13.8564 8 16
    endloop
  endfacet
  facet normal 0.887016 0.461738 0
    outer loop
      vertex 13.8564 8 -2.5
      vertex 14.5009 6.76189 16
      vertex 14.5009 6.76189 -2.5
    endloop
  endfacet
  facet normal -0.461738 -0.887016 0
    outer loop
      vertex -8 -13.8564 -2.5
      vertex -6.76189 -14.5009 0
      vertex -8 -13.8564 0
    endloop
  endfacet
  facet normal -0.461738 -0.887016 -0
    outer loop
      vertex -6.76189 -14.5009 0
      vertex -8 -13.8564 -2.5
      vertex -6.76189 -14.5009 -2.5
    endloop
  endfacet
  facet normal -0.675592 0.737276 0
    outer loop
      vertex -10.2846 12.2567 -2.5
      vertex -11.3137 11.3137 16
      vertex -10.2846 12.2567 16
    endloop
  endfacet
  facet normal -0.675592 0.737276 0
    outer loop
      vertex -11.3137 11.3137 16
      vertex -10.2846 12.2567 -2.5
      vertex -11.3137 11.3137 -2.5
    endloop
  endfacet
  facet normal -0.300685 0.953724 0
    outer loop
      vertex -4.1411 15.4548 -2.5
      vertex -5.47232 15.0351 16
      vertex -4.1411 15.4548 16
    endloop
  endfacet
  facet normal -0.300685 0.953724 0
    outer loop
      vertex -5.47232 15.0351 16
      vertex -4.1411 15.4548 -2.5
      vertex -5.47232 15.0351 -2.5
    endloop
  endfacet
  facet normal -0.843382 0.537314 0
    outer loop
      vertex -13.8564 8 -2.5
      vertex -13.1064 9.17722 16
      vertex -13.1064 9.17722 -2.5
    endloop
  endfacet
  facet normal -0.843382 0.537314 0
    outer loop
      vertex -13.1064 9.17722 16
      vertex -13.8564 8 -2.5
      vertex -13.8564 8 16
    endloop
  endfacet
  facet normal -0.999048 -0.0436303 0
    outer loop
      vertex -15.9391 -1.39449 -2.5
      vertex -16 0 16
      vertex -16 0 -2.5
    endloop
  endfacet
  facet normal -0.999048 -0.0436303 0
    outer loop
      vertex -16 0 16
      vertex -15.9391 -1.39449 -2.5
      vertex -15.9391 -1.39449 16
    endloop
  endfacet
  facet normal -0.216433 -0.976298 0
    outer loop
      vertex -4.1411 -15.4548 -2.5
      vertex -2.77837 -15.7569 16
      vertex -4.1411 -15.4548 16
    endloop
  endfacet
  facet normal -0.216433 -0.976298 -0
    outer loop
      vertex -2.77837 -15.7569 16
      vertex -4.1411 -15.4548 -2.5
      vertex -2.77837 -15.7569 -2.5
    endloop
  endfacet
  facet normal -0.0436303 0.999048 0
    outer loop
      vertex 0 16 -2.5
      vertex -1.39449 15.9391 16
      vertex 0 16 16
    endloop
  endfacet
  facet normal -0.0436303 0.999048 0
    outer loop
      vertex -1.39449 15.9391 16
      vertex 0 16 -2.5
      vertex -1.39449 15.9391 -2.5
    endloop
  endfacet
  facet normal 0.300685 -0.953724 0
    outer loop
      vertex 4.1411 -15.4548 -2.5
      vertex 5.47232 -15.0351 16
      vertex 4.1411 -15.4548 16
    endloop
  endfacet
  facet normal 0.300685 -0.953724 0
    outer loop
      vertex 5.47232 -15.0351 16
      vertex 4.1411 -15.4548 -2.5
      vertex 5.47232 -15.0351 -2.5
    endloop
  endfacet
  facet normal 0.216433 -0.976298 0
    outer loop
      vertex 2.77837 -15.7569 -2.5
      vertex 4.1411 -15.4548 16
      vertex 2.77837 -15.7569 16
    endloop
  endfacet
  facet normal 0.216433 -0.976298 0
    outer loop
      vertex 4.1411 -15.4548 16
      vertex 2.77837 -15.7569 -2.5
      vertex 4.1411 -15.4548 -2.5
    endloop
  endfacet
  facet normal -0.953724 0.300685 0
    outer loop
      vertex -15.4548 4.1411 -2.5
      vertex -15.0351 5.47232 16
      vertex -15.0351 5.47232 -2.5
    endloop
  endfacet
  facet normal -0.953724 0.300685 0
    outer loop
      vertex -15.0351 5.47232 16
      vertex -15.4548 4.1411 -2.5
      vertex -15.4548 4.1411 16
    endloop
  endfacet
  facet normal -0.737276 -0.675592 0
    outer loop
      vertex -11.3137 -11.3137 -2.5
      vertex -12.2567 -10.2846 16
      vertex -12.2567 -10.2846 -2.5
    endloop
  endfacet
  facet normal -0.737276 -0.675592 0
    outer loop
      vertex -12.2567 -10.2846 16
      vertex -11.3137 -11.3137 -2.5
      vertex -11.3137 -11.3137 16
    endloop
  endfacet
  facet normal -0.461738 0.887016 0
    outer loop
      vertex -6.76189 14.5009 -2.5
      vertex -8 13.8564 0
      vertex -6.76189 14.5009 0
    endloop
  endfacet
  facet normal -0.461738 0.887016 0
    outer loop
      vertex -8 13.8564 0
      vertex -6.76189 14.5009 -2.5
      vertex -8 13.8564 -2.5
    endloop
  endfacet
  facet normal -0.991444 -0.130532 0
    outer loop
      vertex -15.7569 -2.77837 -2.5
      vertex -15.9391 -1.39449 16
      vertex -15.9391 -1.39449 -2.5
    endloop
  endfacet
  facet normal -0.991444 -0.130532 0
    outer loop
      vertex -15.9391 -1.39449 16
      vertex -15.7569 -2.77837 -2.5
      vertex -15.7569 -2.77837 16
    endloop
  endfacet
  facet normal -0.0436303 -0.999048 0
    outer loop
      vertex -1.39449 -15.9391 -2.5
      vertex 0 -16 16
      vertex -1.39449 -15.9391 16
    endloop
  endfacet
  facet normal -0.0436303 -0.999048 -0
    outer loop
      vertex 0 -16 16
      vertex -1.39449 -15.9391 -2.5
      vertex 0 -16 -2.5
    endloop
  endfacet
  facet normal 0.608751 0.793361 -0
    outer loop
      vertex 10.2846 12.2567 -2.5
      vertex 9.17722 13.1064 16
      vertex 10.2846 12.2567 16
    endloop
  endfacet
  facet normal 0.608751 0.793361 0
    outer loop
      vertex 9.17722 13.1064 16
      vertex 10.2846 12.2567 -2.5
      vertex 9.17722 13.1064 -2.5
    endloop
  endfacet
  facet normal 0.887016 -0.461738 0
    outer loop
      vertex 13.8564 -8 16
      vertex 14.5009 -6.76189 -2.5
      vertex 14.5009 -6.76189 16
    endloop
  endfacet
  facet normal 0.887016 -0.461738 0
    outer loop
      vertex 14.5009 -6.76189 -2.5
      vertex 13.8564 -8 16
      vertex 13.8564 -8 -2.5
    endloop
  endfacet
  facet normal 0.923869 -0.382709 0
    outer loop
      vertex 14.5009 -6.76189 16
      vertex 15.0351 -5.47232 -2.5
      vertex 15.0351 -5.47232 16
    endloop
  endfacet
  facet normal 0.923869 -0.382709 0
    outer loop
      vertex 15.0351 -5.47232 -2.5
      vertex 14.5009 -6.76189 16
      vertex 14.5009 -6.76189 -2.5
    endloop
  endfacet
  facet normal 0.793361 0.608751 0
    outer loop
      vertex 13.1064 9.17722 16
      vertex 12.2567 10.2846 -2.5
      vertex 12.2567 10.2846 16
    endloop
  endfacet
  facet normal 0.793361 0.608751 0
    outer loop
      vertex 12.2567 10.2846 -2.5
      vertex 13.1064 9.17722 16
      vertex 13.1064 9.17722 -2.5
    endloop
  endfacet
  facet normal 0.537314 -0.843382 0
    outer loop
      vertex 8 -13.8564 -2.5
      vertex 9.17722 -13.1064 16
      vertex 8 -13.8564 16
    endloop
  endfacet
  facet normal 0.537314 -0.843382 0
    outer loop
      vertex 9.17722 -13.1064 16
      vertex 8 -13.8564 -2.5
      vertex 9.17722 -13.1064 -2.5
    endloop
  endfacet
  facet normal -0.991444 0.130532 0
    outer loop
      vertex -15.9391 1.39449 -2.5
      vertex -15.7569 2.77837 16
      vertex -15.7569 2.77837 -2.5
    endloop
  endfacet
  facet normal -0.991444 0.130532 0
    outer loop
      vertex -15.7569 2.77837 16
      vertex -15.9391 1.39449 -2.5
      vertex -15.9391 1.39449 16
    endloop
  endfacet
  facet normal -0.999048 0.0436303 0
    outer loop
      vertex -16 0 -2.5
      vertex -15.9391 1.39449 16
      vertex -15.9391 1.39449 -2.5
    endloop
  endfacet
  facet normal -0.999048 0.0436303 0
    outer loop
      vertex -15.9391 1.39449 16
      vertex -16 0 -2.5
      vertex -16 0 16
    endloop
  endfacet
  facet normal -0.300685 -0.953724 0
    outer loop
      vertex -5.47232 -15.0351 -2.5
      vertex -4.1411 -15.4548 16
      vertex -5.47232 -15.0351 16
    endloop
  endfacet
  facet normal -0.300685 -0.953724 -0
    outer loop
      vertex -4.1411 -15.4548 16
      vertex -5.47232 -15.0351 -2.5
      vertex -4.1411 -15.4548 -2.5
    endloop
  endfacet
  facet normal 0.300685 0.953724 -0
    outer loop
      vertex 5.47232 15.0351 -2.5
      vertex 4.1411 15.4548 16
      vertex 5.47232 15.0351 16
    endloop
  endfacet
  facet normal 0.300685 0.953724 0
    outer loop
      vertex 4.1411 15.4548 16
      vertex 5.47232 15.0351 -2.5
      vertex 4.1411 15.4548 -2.5
    endloop
  endfacet
  facet normal 0.675592 -0.737276 0
    outer loop
      vertex 10.2846 -12.2567 -2.5
      vertex 11.3137 -11.3137 16
      vertex 10.2846 -12.2567 16
    endloop
  endfacet
  facet normal 0.675592 -0.737276 0
    outer loop
      vertex 11.3137 -11.3137 16
      vertex 10.2846 -12.2567 -2.5
      vertex 11.3137 -11.3137 -2.5
    endloop
  endfacet
  facet normal -0.887016 0.461738 0
    outer loop
      vertex -14.5009 6.76189 -2.5
      vertex -13.8564 8 16
      vertex -13.8564 8 -2.5
    endloop
  endfacet
  facet normal -0.887016 0.461738 0
    outer loop
      vertex -13.8564 8 16
      vertex -14.5009 6.76189 -2.5
      vertex -14.5009 6.76189 16
    endloop
  endfacet
  facet normal -0.793361 0.608751 0
    outer loop
      vertex -13.1064 9.17722 -2.5
      vertex -12.2567 10.2846 16
      vertex -12.2567 10.2846 -2.5
    endloop
  endfacet
  facet normal -0.793361 0.608751 0
    outer loop
      vertex -12.2567 10.2846 16
      vertex -13.1064 9.17722 -2.5
      vertex -13.1064 9.17722 16
    endloop
  endfacet
  facet normal 0 0 -1
    outer loop
      vertex 6 1.95 2.5
      vertex 15.7607 2.75 2.5
      vertex 15.866 1.95 2.5
    endloop
  endfacet
  facet normal -0 0 -1
    outer loop
      vertex 15.7607 2.75 2.5
      vertex 6 1.95 2.5
      vertex 6 2.75 2.5
    endloop
  endfacet
  facet normal 0 0 -1
    outer loop
      vertex 6 -1.95 2.5
      vertex 15.7607 -2.75 2.5
      vertex 6 -2.75 2.5
    endloop
  endfacet
  facet normal 0 0 -1
    outer loop
      vertex 15.7607 -2.75 2.5
      vertex 6 -1.95 2.5
      vertex 15.866 -1.95 2.5
    endloop
  endfacet
  facet normal 0 0 1
    outer loop
      vertex 8.4 0 0
      vertex 16 0 0
      vertex 15.9391 1.39449 0
    endloop
  endfacet
  facet normal 0 0 1
    outer loop
      vertex 8.3523 0.362347 0
      vertex 15.9391 1.39449 0
      vertex 15.7607 2.75 0
    endloop
  endfacet
  facet normal 0 0 1
    outer loop
      vertex 16 0 0
      vertex 8.4 0 0
      vertex 15.9391 -1.39449 0
    endloop
  endfacet
  facet normal -0 0 1
    outer loop
      vertex 8.3523 -0.362347 0
      vertex 15.9391 -1.39449 0
      vertex 8.4 0 0
    endloop
  endfacet
  facet normal 0 0 1
    outer loop
      vertex 15.9391 1.39449 0
      vertex 8.3523 0.362347 0
      vertex 8.4 0 0
    endloop
  endfacet
  facet normal 0 0 1
    outer loop
      vertex 15.7607 2.75 0
      vertex 8.21243 0.7 0
      vertex 8.3523 0.362347 0
    endloop
  endfacet
  facet normal 0 0 1
    outer loop
      vertex 15.7607 2.75 0
      vertex 7.98995 0.989949 0
      vertex 8.21243 0.7 0
    endloop
  endfacet
  facet normal 0 0 1
    outer loop
      vertex 15.7607 2.75 0
      vertex 7.7 1.21243 0
      vertex 7.98995 0.989949 0
    endloop
  endfacet
  facet normal -0 0 1
    outer loop
      vertex 6 2.75 0
      vertex 7.7 1.21243 0
      vertex 15.7607 2.75 0
    endloop
  endfacet
  facet normal 0 0 1
    outer loop
      vertex 7.7 1.21243 0
      vertex 6 2.75 0
      vertex 7.36235 1.3523 0
    endloop
  endfacet
  facet normal 0 0 1
    outer loop
      vertex 7.36235 1.3523 0
      vertex 6 2.75 0
      vertex 7 1.4 0
    endloop
  endfacet
  facet normal 0 0 1
    outer loop
      vertex 7 1.4 0
      vertex 6 2.75 0
      vertex 6.63765 1.3523 0
    endloop
  endfacet
  facet normal 0 0 1
    outer loop
      vertex 6 2.75 0
      vertex 6.3 1.21243 0
      vertex 6.63765 1.3523 0
    endloop
  endfacet
  facet normal 0 0 1
    outer loop
      vertex 6 2.75 0
      vertex 6.01005 0.989949 0
      vertex 6.3 1.21243 0
    endloop
  endfacet
  facet normal 0 0 1
    outer loop
      vertex 6.01005 0.989949 0
      vertex 6 2.75 0
      vertex 6 0.976852 0
    endloop
  endfacet
  facet normal 0 0 1
    outer loop
      vertex 15.9391 -1.39449 0
      vertex 8.3523 -0.362347 0
      vertex 15.7607 -2.75 0
    endloop
  endfacet
  facet normal -0 0 1
    outer loop
      vertex 8.21243 -0.7 0
      vertex 15.7607 -2.75 0
      vertex 8.3523 -0.362347 0
    endloop
  endfacet
  facet normal -0 0 1
    outer loop
      vertex 7.98995 -0.989949 0
      vertex 15.7607 -2.75 0
      vertex 8.21243 -0.7 0
    endloop
  endfacet
  facet normal -0 0 1
    outer loop
      vertex 7.7 -1.21243 0
      vertex 15.7607 -2.75 0
      vertex 7.98995 -0.989949 0
    endloop
  endfacet
  facet normal 0 0 1
    outer loop
      vertex 6 -2.75 0
      vertex 7.7 -1.21243 0
      vertex 7.36235 -1.3523 0
    endloop
  endfacet
  facet normal 0 0 1
    outer loop
      vertex 6 -2.75 0
      vertex 7.36235 -1.3523 0
      vertex 7 -1.4 0
    endloop
  endfacet
  facet normal 0 0 1
    outer loop
      vertex 6 -2.75 0
      vertex 7 -1.4 0
      vertex 6.63765 -1.3523 0
    endloop
  endfacet
  facet normal 0 0 1
    outer loop
      vertex 7.7 -1.21243 0
      vertex 6 -2.75 0
      vertex 15.7607 -2.75 0
    endloop
  endfacet
  facet normal 0 0 1
    outer loop
      vertex 6.3 -1.21243 0
      vertex 6 -2.75 0
      vertex 6.63765 -1.3523 0
    endloop
  endfacet
  facet normal 0 0 1
    outer loop
      vertex 6.01005 -0.989949 0
      vertex 6 -2.75 0
      vertex 6.3 -1.21243 0
    endloop
  endfacet
  facet normal 0 0 1
    outer loop
      vertex 6 -2.75 0
      vertex 6.01005 -0.989949 0
      vertex 6 -0.976852 0
    endloop
  endfacet
  facet normal 1 0 0
    outer loop
      vertex 6 1.95 16
      vertex 6 0.976852 16
      vertex 6 1.95 2.5
    endloop
  endfacet
  facet normal 1 -0 0
    outer loop
      vertex 6 1.95 2.5
      vertex 6 2.75 0
      vertex 6 2.75 2.5
    endloop
  endfacet
  facet normal 1 0 0
    outer loop
      vertex 6 1.95 2.5
      vertex 6 0.976852 0
      vertex 6 2.75 0
    endloop
  endfacet
  facet normal 1 0 0
    outer loop
      vertex 6 0.976852 0
      vertex 6 1.95 2.5
      vertex 6 0.976852 16
    endloop
  endfacet
  facet normal 1 0 0
    outer loop
      vertex 6 -1.95 2.5
      vertex 6 -0.976852 16
      vertex 6 -1.95 16
    endloop
  endfacet
  facet normal 1 0 0
    outer loop
      vertex 6 -0.976852 16
      vertex 6 -1.95 2.5
      vertex 6 -0.976852 0
    endloop
  endfacet
  facet normal 1 0 0
    outer loop
      vertex 6 -2.75 0
      vertex 6 -1.95 2.5
      vertex 6 -2.75 2.5
    endloop
  endfacet
  facet normal 1 0 0
    outer loop
      vertex 6 -1.95 2.5
      vertex 6 -2.75 0
      vertex 6 -0.976852 0
    endloop
  endfacet
  facet normal 0 -1 0
    outer loop
      vertex 6 2.75 0
      vertex 15.7607 2.75 2.5
      vertex 6 2.75 2.5
    endloop
  endfacet
  facet normal 0 -1 -0
    outer loop
      vertex 15.7607 2.75 2.5
      vertex 6 2.75 0
      vertex 15.7607 2.75 0
    endloop
  endfacet
  facet normal 0 1 -0
    outer loop
      vertex 15.7607 -2.75 0
      vertex 6 -2.75 2.5
      vertex 15.7607 -2.75 2.5
    endloop
  endfacet
  facet normal 0 1 0
    outer loop
      vertex 6 -2.75 2.5
      vertex 15.7607 -2.75 0
      vertex 6 -2.75 0
    endloop
  endfacet
  facet normal 0 -1 0
    outer loop
      vertex 6 1.95 2.5
      vertex 15.8506 1.95 16
      vertex 6 1.95 16
    endloop
  endfacet
  facet normal 0 -1 0
    outer loop
      vertex 15.866 1.95 2.5
      vertex 15.8506 1.95 16
      vertex 6 1.95 2.5
    endloop
  endfacet
  facet normal 0 -1 0
    outer loop
      vertex 15.8506 1.95 16
      vertex 15.866 1.95 2.5
      vertex 15.866 1.95 16
    endloop
  endfacet
  facet normal 0 1 -0
    outer loop
      vertex 15.866 -1.95 2.5
      vertex 15.8506 -1.95 16
      vertex 15.866 -1.95 16
    endloop
  endfacet
  facet normal 0 1 0
    outer loop
      vertex 15.8506 -1.95 16
      vertex 15.866 -1.95 2.5
      vertex 6 -1.95 16
    endloop
  endfacet
  facet normal 0 1 0
    outer loop
      vertex 6 -1.95 16
      vertex 15.866 -1.95 2.5
      vertex 6 -1.95 2.5
    endloop
  endfacet
  facet normal 0 0 -1
    outer loop
      vertex -10.2619 12.2741 2.5
      vertex -4.68875 4.22115 2.5
      vertex -5.38157 3.82115 2.5
    endloop
  endfacet
  facet normal 0 0 -1
    outer loop
      vertex -4.68875 4.22115 2.5
      vertex -10.2619 12.2741 2.5
      vertex -9.62174 12.7653 2.5
    endloop
  endfacet
  facet normal 0 0 -1
    outer loop
      vertex -1.31125 6.17115 2.5
      vertex -5.49876 15.0241 2.5
      vertex -0.61843 6.57115 2.5
    endloop
  endfacet
  facet normal 0 -0 -1
    outer loop
      vertex -5.49876 15.0241 2.5
      vertex -1.31125 6.17115 2.5
      vertex -6.24424 14.7153 2.5
    endloop
  endfacet
  facet normal 0 0 1
    outer loop
      vertex -0.61843 6.57115 0
      vertex -2.1477 6.42452 0
      vertex -2.1 6.06218 0
    endloop
  endfacet
  facet normal 0 0 1
    outer loop
      vertex -0.61843 6.57115 0
      vertex -2.28757 6.76218 0
      vertex -2.1477 6.42452 0
    endloop
  endfacet
  facet normal 0 0 1
    outer loop
      vertex -0.61843 6.57115 0
      vertex -2.51005 7.05213 0
      vertex -2.28757 6.76218 0
    endloop
  endfacet
  facet normal 0 0 1
    outer loop
      vertex -0.61843 6.57115 0
      vertex -2.8 7.27461 0
      vertex -2.51005 7.05213 0
    endloop
  endfacet
  facet normal 0 0 1
    outer loop
      vertex -5.49876 15.0241 0
      vertex -2.8 7.27461 0
      vertex -0.61843 6.57115 0
    endloop
  endfacet
  facet normal 0 0 1
    outer loop
      vertex -10.2619 12.2741 0
      vertex -4.9 6.06218 0
      vertex -4.8523 6.42452 0
    endloop
  endfacet
  facet normal 0 0 1
    outer loop
      vertex -2.8 7.27461 0
      vertex -5.49876 15.0241 0
      vertex -3.13765 7.41447 0
    endloop
  endfacet
  facet normal 0 0 1
    outer loop
      vertex -5.49876 15.0241 0
      vertex -3.5 7.46218 0
      vertex -3.13765 7.41447 0
    endloop
  endfacet
  facet normal 0 0 1
    outer loop
      vertex -5.49876 15.0241 0
      vertex -3.86235 7.41447 0
      vertex -3.5 7.46218 0
    endloop
  endfacet
  facet normal -0 0 1
    outer loop
      vertex -6.76189 14.5009 0
      vertex -3.86235 7.41447 0
      vertex -5.49876 15.0241 0
    endloop
  endfacet
  facet normal 0 0 1
    outer loop
      vertex -3.86235 7.41447 0
      vertex -6.76189 14.5009 0
      vertex -4.2 7.27461 0
    endloop
  endfacet
  facet normal -0 0 1
    outer loop
      vertex -8 13.8564 0
      vertex -4.2 7.27461 0
      vertex -6.76189 14.5009 0
    endloop
  endfacet
  facet normal -0 0 1
    outer loop
      vertex -9.17722 13.1064 0
      vertex -4.2 7.27461 0
      vertex -8 13.8564 0
    endloop
  endfacet
  facet normal 0 0 1
    outer loop
      vertex -4.2 7.27461 0
      vertex -9.17722 13.1064 0
      vertex -4.48995 7.05213 0
    endloop
  endfacet
  facet normal -0 0 1
    outer loop
      vertex -10.2619 12.2741 0
      vertex -4.48995 7.05213 0
      vertex -9.17722 13.1064 0
    endloop
  endfacet
  facet normal 0 0 1
    outer loop
      vertex -4.48995 7.05213 0
      vertex -10.2619 12.2741 0
      vertex -4.71243 6.76218 0
    endloop
  endfacet
  facet normal 0 0 1
    outer loop
      vertex -4.71243 6.76218 0
      vertex -10.2619 12.2741 0
      vertex -4.8523 6.42452 0
    endloop
  endfacet
  facet normal 0 0 1
    outer loop
      vertex -4.9 6.06218 0
      vertex -10.2619 12.2741 0
      vertex -5.38157 3.82115 0
    endloop
  endfacet
  facet normal 0 0 1
    outer loop
      vertex -2.1477 5.69983 0
      vertex -0.61843 6.57115 0
      vertex -2.1 6.06218 0
    endloop
  endfacet
  facet normal 0 0 1
    outer loop
      vertex -0.61843 6.57115 0
      vertex -2.1477 5.69983 0
      vertex -2.15402 5.68458 0
    endloop
  endfacet
  facet normal 0 0 1
    outer loop
      vertex -3.86235 4.70988 0
      vertex -5.38157 3.82115 0
      vertex -3.84598 4.70773 0
    endloop
  endfacet
  facet normal 0 0 1
    outer loop
      vertex -4.2 4.84974 0
      vertex -5.38157 3.82115 0
      vertex -3.86235 4.70988 0
    endloop
  endfacet
  facet normal 0 0 1
    outer loop
      vertex -4.48995 5.07223 0
      vertex -5.38157 3.82115 0
      vertex -4.2 4.84974 0
    endloop
  endfacet
  facet normal 0 0 1
    outer loop
      vertex -4.71243 5.36218 0
      vertex -5.38157 3.82115 0
      vertex -4.48995 5.07223 0
    endloop
  endfacet
  facet normal 0 0 1
    outer loop
      vertex -4.8523 5.69983 0
      vertex -5.38157 3.82115 0
      vertex -4.71243 5.36218 0
    endloop
  endfacet
  facet normal 0 0 1
    outer loop
      vertex -5.38157 3.82115 0
      vertex -4.8523 5.69983 0
      vertex -4.9 6.06218 0
    endloop
  endfacet
  facet normal -0.500005 0.866023 0
    outer loop
      vertex -3.84598 4.70773 16
      vertex -4.68875 4.22115 2.5
      vertex -4.68875 4.22115 16
    endloop
  endfacet
  facet normal -0.500005 0.866023 0
    outer loop
      vertex -3.84598 4.70773 0
      vertex -4.68875 4.22115 2.5
      vertex -3.84598 4.70773 16
    endloop
  endfacet
  facet normal -0.500003 0.866024 9.82568e-07
    outer loop
      vertex -5.38157 3.82115 0
      vertex -4.68875 4.22115 2.5
      vertex -3.84598 4.70773 0
    endloop
  endfacet
  facet normal -0.5 0.866025 0
    outer loop
      vertex -4.68875 4.22115 2.5
      vertex -5.38157 3.82115 0
      vertex -5.38157 3.82115 2.5
    endloop
  endfacet
  facet normal -0.5 0.866025 0
    outer loop
      vertex -0.61843 6.57115 2.5
      vertex -0.61843 6.57115 0
      vertex -1.31125 6.17115 2.5
    endloop
  endfacet
  facet normal -0.499997 0.866027 0
    outer loop
      vertex -1.31125 6.17115 2.5
      vertex -2.15402 5.68458 16
      vertex -1.31125 6.17115 16
    endloop
  endfacet
  facet normal -0.499997 0.866027 0
    outer loop
      vertex -1.31125 6.17115 2.5
      vertex -2.15402 5.68458 0
      vertex -2.15402 5.68458 16
    endloop
  endfacet
  facet normal -0.499999 0.866026 5.80347e-07
    outer loop
      vertex -2.15402 5.68458 0
      vertex -1.31125 6.17115 2.5
      vertex -0.61843 6.57115 0
    endloop
  endfacet
  facet normal 0.866025 0.500001 0
    outer loop
      vertex -5.38157 3.82115 2.5
      vertex -10.2619 12.2741 0
      vertex -10.2619 12.2741 2.5
    endloop
  endfacet
  facet normal 0.866025 0.500001 0
    outer loop
      vertex -10.2619 12.2741 0
      vertex -5.38157 3.82115 2.5
      vertex -5.38157 3.82115 0
    endloop
  endfacet
  facet normal -0.866025 -0.500001 0
    outer loop
      vertex -0.61843 6.57115 0
      vertex -5.49876 15.0241 2.5
      vertex -5.49876 15.0241 0
    endloop
  endfacet
  facet normal -0.866025 -0.500001 0
    outer loop
      vertex -5.49876 15.0241 2.5
      vertex -0.61843 6.57115 0
      vertex -0.61843 6.57115 2.5
    endloop
  endfacet
  facet normal 0.864633 0.502404 0
    outer loop
      vertex -9.61407 12.7521 16
      vertex -9.62174 12.7653 2.5
      vertex -9.62174 12.7653 16
    endloop
  endfacet
  facet normal 0.866027 0.499998 -3.14445e-06
    outer loop
      vertex -4.68875 4.22115 16
      vertex -9.62174 12.7653 2.5
      vertex -9.61407 12.7521 16
    endloop
  endfacet
  facet normal 0.866024 0.500002 0
    outer loop
      vertex -9.62174 12.7653 2.5
      vertex -4.68875 4.22115 16
      vertex -4.68875 4.22115 2.5
    endloop
  endfacet
  facet normal -0.864633 -0.502404 0
    outer loop
      vertex -6.24424 14.7153 2.5
      vertex -6.23657 14.7021 16
      vertex -6.24424 14.7153 16
    endloop
  endfacet
  facet normal -0.866024 -0.500002 3.13959e-06
    outer loop
      vertex -1.31125 6.17115 2.5
      vertex -6.23657 14.7021 16
      vertex -6.24424 14.7153 2.5
    endloop
  endfacet
  facet normal -0.866027 -0.499998 0
    outer loop
      vertex -6.23657 14.7021 16
      vertex -1.31125 6.17115 2.5
      vertex -1.31125 6.17115 16
    endloop
  endfacet
  facet normal 0 0 -1
    outer loop
      vertex -5.49876 -15.0241 2.5
      vertex -1.31125 -6.17115 2.5
      vertex -0.61843 -6.57115 2.5
    endloop
  endfacet
  facet normal 0 0 -1
    outer loop
      vertex -1.31125 -6.17115 2.5
      vertex -5.49876 -15.0241 2.5
      vertex -6.24424 -14.7153 2.5
    endloop
  endfacet
  facet normal 0 0 -1
    outer loop
      vertex -10.2619 -12.2741 2.5
      vertex -4.68875 -4.22115 2.5
      vertex -9.62174 -12.7653 2.5
    endloop
  endfacet
  facet normal -0 0 -1
    outer loop
      vertex -4.68875 -4.22115 2.5
      vertex -10.2619 -12.2741 2.5
      vertex -5.38157 -3.82115 2.5
    endloop
  endfacet
  facet normal 0 0 1
    outer loop
      vertex -4.8523 -5.69983 0
      vertex -5.38157 -3.82115 0
      vertex -4.9 -6.06218 0
    endloop
  endfacet
  facet normal 0 0 1
    outer loop
      vertex -4.71243 -5.36218 0
      vertex -5.38157 -3.82115 0
      vertex -4.8523 -5.69983 0
    endloop
  endfacet
  facet normal 0 0 1
    outer loop
      vertex -4.48995 -5.07223 0
      vertex -5.38157 -3.82115 0
      vertex -4.71243 -5.36218 0
    endloop
  endfacet
  facet normal 0 0 1
    outer loop
      vertex -4.2 -4.84974 0
      vertex -5.38157 -3.82115 0
      vertex -4.48995 -5.07223 0
    endloop
  endfacet
  facet normal 0 0 1
    outer loop
      vertex -3.86235 -4.70988 0
      vertex -5.38157 -3.82115 0
      vertex -4.2 -4.84974 0
    endloop
  endfacet
  facet normal 0 0 1
    outer loop
      vertex -5.38157 -3.82115 0
      vertex -3.86235 -4.70988 0
      vertex -3.84598 -4.70773 0
    endloop
  endfacet
  facet normal 0 0 1
    outer loop
      vertex -0.61843 -6.57115 0
      vertex -2.1477 -5.69983 0
      vertex -2.1 -6.06218 0
    endloop
  endfacet
  facet normal -0 -0 1
    outer loop
      vertex -2.1477 -5.69983 0
      vertex -0.61843 -6.57115 0
      vertex -2.15402 -5.68458 0
    endloop
  endfacet
  facet normal -0 0 1
    outer loop
      vertex -2.1477 -6.42452 0
      vertex -0.61843 -6.57115 0
      vertex -2.1 -6.06218 0
    endloop
  endfacet
  facet normal 0 0 1
    outer loop
      vertex -2.28757 -6.76218 0
      vertex -0.61843 -6.57115 0
      vertex -2.1477 -6.42452 0
    endloop
  endfacet
  facet normal 0 0 1
    outer loop
      vertex -2.51005 -7.05213 0
      vertex -0.61843 -6.57115 0
      vertex -2.28757 -6.76218 0
    endloop
  endfacet
  facet normal 0 0 1
    outer loop
      vertex -2.8 -7.27461 0
      vertex -0.61843 -6.57115 0
      vertex -2.51005 -7.05213 0
    endloop
  endfacet
  facet normal 0 0 1
    outer loop
      vertex -5.49876 -15.0241 0
      vertex -2.8 -7.27461 0
      vertex -3.13765 -7.41447 0
    endloop
  endfacet
  facet normal 0 0 1
    outer loop
      vertex -10.2619 -12.2741 0
      vertex -4.9 -6.06218 0
      vertex -5.38157 -3.82115 0
    endloop
  endfacet
  facet normal -0 0 1
    outer loop
      vertex -2.8 -7.27461 0
      vertex -5.49876 -15.0241 0
      vertex -0.61843 -6.57115 0
    endloop
  endfacet
  facet normal -0 0 1
    outer loop
      vertex -3.5 -7.46218 0
      vertex -5.49876 -15.0241 0
      vertex -3.13765 -7.41447 0
    endloop
  endfacet
  facet normal 0 0 1
    outer loop
      vertex -3.86235 -7.41447 0
      vertex -5.49876 -15.0241 0
      vertex -3.5 -7.46218 0
    endloop
  endfacet
  facet normal 0 0 1
    outer loop
      vertex -6.76189 -14.5009 0
      vertex -3.86235 -7.41447 0
      vertex -4.2 -7.27461 0
    endloop
  endfacet
  facet normal 0 0 1
    outer loop
      vertex -9.17722 -13.1064 0
      vertex -4.2 -7.27461 0
      vertex -4.48995 -7.05213 0
    endloop
  endfacet
  facet normal 0 0 1
    outer loop
      vertex -10.2619 -12.2741 0
      vertex -4.48995 -7.05213 0
      vertex -4.71243 -6.76218 0
    endloop
  endfacet
  facet normal 0 0 1
    outer loop
      vertex -10.2619 -12.2741 0
      vertex -4.71243 -6.76218 0
      vertex -4.8523 -6.42452 0
    endloop
  endfacet
  facet normal 0 0 1
    outer loop
      vertex -4.9 -6.06218 0
      vertex -10.2619 -12.2741 0
      vertex -4.8523 -6.42452 0
    endloop
  endfacet
  facet normal 0 0 1
    outer loop
      vertex -3.86235 -7.41447 0
      vertex -6.76189 -14.5009 0
      vertex -5.49876 -15.0241 0
    endloop
  endfacet
  facet normal 0 0 1
    outer loop
      vertex -4.2 -7.27461 0
      vertex -8 -13.8564 0
      vertex -6.76189 -14.5009 0
    endloop
  endfacet
  facet normal 0 0 1
    outer loop
      vertex -4.2 -7.27461 0
      vertex -9.17722 -13.1064 0
      vertex -8 -13.8564 0
    endloop
  endfacet
  facet normal 0 0 1
    outer loop
      vertex -4.48995 -7.05213 0
      vertex -10.2619 -12.2741 0
      vertex -9.17722 -13.1064 0
    endloop
  endfacet
  facet normal -0.499997 -0.866027 0
    outer loop
      vertex -2.15402 -5.68458 16
      vertex -1.31125 -6.17115 2.5
      vertex -1.31125 -6.17115 16
    endloop
  endfacet
  facet normal -0.499997 -0.866027 0
    outer loop
      vertex -2.15402 -5.68458 0
      vertex -1.31125 -6.17115 2.5
      vertex -2.15402 -5.68458 16
    endloop
  endfacet
  facet normal -0.499999 -0.866026 5.80347e-07
    outer loop
      vertex -0.61843 -6.57115 0
      vertex -1.31125 -6.17115 2.5
      vertex -2.15402 -5.68458 0
    endloop
  endfacet
  facet normal -0.5 -0.866025 0
    outer loop
      vertex -1.31125 -6.17115 2.5
      vertex -0.61843 -6.57115 0
      vertex -0.61843 -6.57115 2.5
    endloop
  endfacet
  facet normal -0.5 -0.866025 -0
    outer loop
      vertex -5.38157 -3.82115 2.5
      vertex -5.38157 -3.82115 0
      vertex -4.68875 -4.22115 2.5
    endloop
  endfacet
  facet normal -0.500005 -0.866023 0
    outer loop
      vertex -4.68875 -4.22115 2.5
      vertex -3.84598 -4.70773 16
      vertex -4.68875 -4.22115 16
    endloop
  endfacet
  facet normal -0.500005 -0.866023 0
    outer loop
      vertex -4.68875 -4.22115 2.5
      vertex -3.84598 -4.70773 0
      vertex -3.84598 -4.70773 16
    endloop
  endfacet
  facet normal -0.500003 -0.866024 9.82568e-07
    outer loop
      vertex -3.84598 -4.70773 0
      vertex -4.68875 -4.22115 2.5
      vertex -5.38157 -3.82115 0
    endloop
  endfacet
  facet normal -0.866025 0.500001 0
    outer loop
      vertex -5.49876 -15.0241 0
      vertex -0.61843 -6.57115 2.5
      vertex -0.61843 -6.57115 0
    endloop
  endfacet
  facet normal -0.866025 0.500001 0
    outer loop
      vertex -0.61843 -6.57115 2.5
      vertex -5.49876 -15.0241 0
      vertex -5.49876 -15.0241 2.5
    endloop
  endfacet
  facet normal 0.866025 -0.500001 0
    outer loop
      vertex -10.2619 -12.2741 2.5
      vertex -5.38157 -3.82115 0
      vertex -5.38157 -3.82115 2.5
    endloop
  endfacet
  facet normal 0.866025 -0.500001 0
    outer loop
      vertex -5.38157 -3.82115 0
      vertex -10.2619 -12.2741 2.5
      vertex -10.2619 -12.2741 0
    endloop
  endfacet
  facet normal -0.866027 0.499998 0
    outer loop
      vertex -1.31125 -6.17115 2.5
      vertex -6.23657 -14.7021 16
      vertex -1.31125 -6.17115 16
    endloop
  endfacet
  facet normal -0.866024 0.500002 3.13959e-06
    outer loop
      vertex -6.24424 -14.7153 2.5
      vertex -6.23657 -14.7021 16
      vertex -1.31125 -6.17115 2.5
    endloop
  endfacet
  facet normal -0.864633 0.502404 0
    outer loop
      vertex -6.23657 -14.7021 16
      vertex -6.24424 -14.7153 2.5
      vertex -6.24424 -14.7153 16
    endloop
  endfacet
  facet normal 0.866027 -0.499998 0
    outer loop
      vertex -9.61407 -12.7521 16
      vertex -4.68875 -4.22115 2.5
      vertex -4.68875 -4.22115 16
    endloop
  endfacet
  facet normal 0.864633 -0.502404 0
    outer loop
      vertex -9.62174 -12.7653 2.5
      vertex -9.61407 -12.7521 16
      vertex -9.62174 -12.7653 16
    endloop
  endfacet
  facet normal 0.866024 -0.500002 -3.13959e-06
    outer loop
      vertex -9.61407 -12.7521 16
      vertex -9.62174 -12.7653 2.5
      vertex -4.68875 -4.22115 2.5
    endloop
  endfacet
  facet normal -0.92387 -0.382706 0
    outer loop
      vertex 8.3523 0.362347 -1
      vertex 8.21243 0.7 0
      vertex 8.21243 0.7 -1
    endloop
  endfacet
  facet normal -0.92387 -0.382706 0
    outer loop
      vertex 8.21243 0.7 0
      vertex 8.3523 0.362347 -1
      vertex 8.3523 0.362347 0
    endloop
  endfacet
  facet normal -0.923869 -0.38271 0
    outer loop
      vertex 8.21243 0.7 16
      vertex 8.26971 0.561725 29.6689
      vertex 8.21243 0.7 29.6985
    endloop
  endfacet
  facet normal -0.92387 -0.382706 -0
    outer loop
      vertex 8.3523 0.362347 29.6263
      vertex 8.21243 0.7 16
      vertex 8.3523 0.362347 16
    endloop
  endfacet
  facet normal -0.923871 -0.382703 8.1046e-08
    outer loop
      vertex 8.21243 0.7 16
      vertex 8.3523 0.362347 29.6263
      vertex 8.26971 0.561725 29.6689
    endloop
  endfacet
  facet normal -0.991446 -0.130516 0
    outer loop
      vertex 8.4 0 -1
      vertex 8.3523 0.362347 0
      vertex 8.3523 0.362347 -1
    endloop
  endfacet
  facet normal -0.991446 -0.130516 0
    outer loop
      vertex 8.3523 0.362347 0
      vertex 8.4 0 -1
      vertex 8.4 0 0
    endloop
  endfacet
  facet normal -0.991446 -0.130516 -0
    outer loop
      vertex 8.4 0 29.6079
      vertex 8.3523 0.362347 16
      vertex 8.4 0 16
    endloop
  endfacet
  facet normal -0.991446 -0.130516 0
    outer loop
      vertex 8.3523 0.362347 16
      vertex 8.4 0 29.6079
      vertex 8.3523 0.362347 29.6263
    endloop
  endfacet
  facet normal -0.793361 -0.608752 0
    outer loop
      vertex 8.21243 0.7 -1
      vertex 7.98995 0.989949 0
      vertex 7.98995 0.989949 -1
    endloop
  endfacet
  facet normal -0.793361 -0.608752 0
    outer loop
      vertex 7.98995 0.989949 0
      vertex 8.21243 0.7 -1
      vertex 8.21243 0.7 0
    endloop
  endfacet
  facet normal -0.792973 -0.609256 0
    outer loop
      vertex 7.98995 0.989949 16
      vertex 7.99319 0.985732 29.8035
      vertex 7.98995 0.989949 29.8051
    endloop
  endfacet
  facet normal -0.793367 -0.608744 2.48717e-07
    outer loop
      vertex 8.21243 0.7 29.6985
      vertex 7.99319 0.985732 29.8035
      vertex 7.98995 0.989949 16
    endloop
  endfacet
  facet normal -0.793361 -0.608752 -0
    outer loop
      vertex 8.21243 0.7 29.6985
      vertex 7.98995 0.989949 16
      vertex 8.21243 0.7 16
    endloop
  endfacet
  facet normal -0.792147 -0.610292 0.00675828
    outer loop
      vertex 7.99319 0.985732 29.8035
      vertex 8.21243 0.7 29.6985
      vertex 8.19914 0.717331 29.7058
    endloop
  endfacet
  facet normal -0.130515 -0.991446 0
    outer loop
      vertex 7 1.4 -1
      vertex 7.36235 1.3523 0
      vertex 7 1.4 0
    endloop
  endfacet
  facet normal -0.130515 -0.991446 -0
    outer loop
      vertex 7.36235 1.3523 0
      vertex 7 1.4 -1
      vertex 7.36235 1.3523 -1
    endloop
  endfacet
  facet normal -0.130388 -0.991463 0.000291944
    outer loop
      vertex 7 1.4 30.306
      vertex 7.35283 1.35355 30.1398
      vertex 7.25729 1.36613 30.1922
    endloop
  endfacet
  facet normal -0.132642 -0.991153 -0.00457908
    outer loop
      vertex 7 1.4 30.306
      vertex 7.36235 1.3523 30.1346
      vertex 7.35283 1.35355 30.1398
    endloop
  endfacet
  facet normal -0.130515 -0.991446 0
    outer loop
      vertex 7 1.4 16
      vertex 7.36235 1.3523 30.1346
      vertex 7 1.4 30.306
    endloop
  endfacet
  facet normal -0.130515 -0.991446 -0
    outer loop
      vertex 7.36235 1.3523 30.1346
      vertex 7 1.4 16
      vertex 7.36235 1.3523 16
    endloop
  endfacet
  facet normal -0.793361 0.608752 0
    outer loop
      vertex 7.98995 -0.989949 -1
      vertex 8.21243 -0.7 0
      vertex 8.21243 -0.7 -1
    endloop
  endfacet
  facet normal -0.793361 0.608752 0
    outer loop
      vertex 8.21243 -0.7 0
      vertex 7.98995 -0.989949 -1
      vertex 7.98995 -0.989949 0
    endloop
  endfacet
  facet normal -0.793361 0.608752 0
    outer loop
      vertex 7.98995 -0.989949 16
      vertex 8.21243 -0.7 29.6985
      vertex 8.21243 -0.7 16
    endloop
  endfacet
  facet normal -0.793367 0.608744 2.48717e-07
    outer loop
      vertex 7.99319 -0.985732 29.8035
      vertex 8.21243 -0.7 29.6985
      vertex 7.98995 -0.989949 16
    endloop
  endfacet
  facet normal -0.792147 0.610292 0.00675828
    outer loop
      vertex 8.21243 -0.7 29.6985
      vertex 7.99319 -0.985732 29.8035
      vertex 8.19914 -0.717331 29.7058
    endloop
  endfacet
  facet normal -0.792973 0.609256 0
    outer loop
      vertex 7.99319 -0.985732 29.8035
      vertex 7.98995 -0.989949 16
      vertex 7.98995 -0.989949 29.8051
    endloop
  endfacet
  facet normal -0.608752 -0.793361 0
    outer loop
      vertex 7.7 1.21243 -1
      vertex 7.98995 0.989949 0
      vertex 7.7 1.21243 0
    endloop
  endfacet
  facet normal -0.608752 -0.793361 -0
    outer loop
      vertex 7.98995 0.989949 0
      vertex 7.7 1.21243 -1
      vertex 7.98995 0.989949 -1
    endloop
  endfacet
  facet normal -0.608752 -0.793361 0
    outer loop
      vertex 7.7 1.21243 16
      vertex 7.98995 0.989949 29.8051
      vertex 7.7 1.21243 29.9544
    endloop
  endfacet
  facet normal -0.608752 -0.793361 -0
    outer loop
      vertex 7.98995 0.989949 29.8051
      vertex 7.7 1.21243 16
      vertex 7.98995 0.989949 16
    endloop
  endfacet
  facet normal 0.608752 -0.793361 0
    outer loop
      vertex 6.01005 0.989949 -1
      vertex 6.3 1.21243 0
      vertex 6.01005 0.989949 0
    endloop
  endfacet
  facet normal 0.608752 -0.793361 0
    outer loop
      vertex 6.3 1.21243 0
      vertex 6.01005 0.989949 -1
      vertex 6.3 1.21243 -1
    endloop
  endfacet
  facet normal 0.609532 -0.792757 0.00260869
    outer loop
      vertex 6.01005 0.989949 30.7927
      vertex 6.12813 1.08055 30.7356
      vertex 6.03685 1.01052 30.7821
    endloop
  endfacet
  facet normal 0.608551 -0.793515 -0.000623234
    outer loop
      vertex 6.01005 0.989949 30.7927
      vertex 6.3 1.21243 30.6439
      vertex 6.12813 1.08055 30.7356
    endloop
  endfacet
  facet normal 0.608752 -0.793361 0
    outer loop
      vertex 6.01005 0.989949 16
      vertex 6.3 1.21243 30.6439
      vertex 6.01005 0.989949 30.7927
    endloop
  endfacet
  facet normal 0.608752 -0.793361 0
    outer loop
      vertex 6.3 1.21243 30.6439
      vertex 6.01005 0.989949 16
      vertex 6.3 1.21243 16
    endloop
  endfacet
  facet normal 0.92392 0.382585 0.000686179
    outer loop
      vertex 5.7507 -0.611005 30.9044
      vertex 5.6477 -0.362347 30.9493
      vertex 5.70433 -0.499064 30.9265
    endloop
  endfacet
  facet normal 0.923876 0.382691 0
    outer loop
      vertex 5.6477 -0.362347 30.9493
      vertex 5.7507 -0.611005 30.9044
      vertex 5.6477 -0.362347 -1
    endloop
  endfacet
  facet normal 0.92389 0.382657 -3.09011e-07
    outer loop
      vertex 5.78756 -0.7 30.8869
      vertex 5.6477 -0.362347 -1
      vertex 5.7507 -0.611005 30.9044
    endloop
  endfacet
  facet normal 0.92388 0.382682 0
    outer loop
      vertex 5.6477 -0.362347 -1
      vertex 5.78756 -0.7 30.8869
      vertex 5.78756 -0.7 -1
    endloop
  endfacet
  facet normal 0.793344 -0.608774 0
    outer loop
      vertex 6.01005 0.989949 30.7927
      vertex 6 0.976852 16
      vertex 6.01005 0.989949 16
    endloop
  endfacet
  facet normal 0.793348 -0.608769 0
    outer loop
      vertex 5.78756 0.7 -1
      vertex 6 0.976852 16
      vertex 5.78756 0.7 30.8869
    endloop
  endfacet
  facet normal 0.793348 -0.608769 -6.64211e-09
    outer loop
      vertex 5.78756 0.7 30.8869
      vertex 6 0.976852 16
      vertex 6.01005 0.989949 30.7927
    endloop
  endfacet
  facet normal 0.793344 -0.608774 0
    outer loop
      vertex 6 0.976852 0
      vertex 6.01005 0.989949 -1
      vertex 6.01005 0.989949 0
    endloop
  endfacet
  facet normal 0.793348 -0.608769 9.8283e-08
    outer loop
      vertex 6 0.976852 0
      vertex 5.78756 0.7 -1
      vertex 6.01005 0.989949 -1
    endloop
  endfacet
  facet normal 0.793348 -0.608769 0
    outer loop
      vertex 6 0.976852 16
      vertex 5.78756 0.7 -1
      vertex 6 0.976852 0
    endloop
  endfacet
  facet normal -0.991446 0.130516 0
    outer loop
      vertex 8.3523 -0.362347 -1
      vertex 8.4 0 0
      vertex 8.4 0 -1
    endloop
  endfacet
  facet normal -0.991446 0.130516 0
    outer loop
      vertex 8.4 0 0
      vertex 8.3523 -0.362347 -1
      vertex 8.3523 -0.362347 0
    endloop
  endfacet
  facet normal -0.991446 0.130516 0
    outer loop
      vertex 8.3523 -0.362347 16
      vertex 8.4 0 29.6079
      vertex 8.4 0 16
    endloop
  endfacet
  facet normal -0.991446 0.130516 0
    outer loop
      vertex 8.4 0 29.6079
      vertex 8.3523 -0.362347 16
      vertex 8.3523 -0.362347 29.6263
    endloop
  endfacet
  facet normal 0.130515 0.991446 -0
    outer loop
      vertex 7 -1.4 -1
      vertex 6.63765 -1.3523 0
      vertex 7 -1.4 0
    endloop
  endfacet
  facet normal 0.130515 0.991446 0
    outer loop
      vertex 6.63765 -1.3523 0
      vertex 7 -1.4 -1
      vertex 6.63765 -1.3523 -1
    endloop
  endfacet
  facet normal 0.130515 0.991446 0
    outer loop
      vertex 6.63765 -1.3523 16
      vertex 7 -1.4 30.306
      vertex 7 -1.4 16
    endloop
  endfacet
  facet normal 0.130519 0.991446 -1.17406e-07
    outer loop
      vertex 7 -1.4 30.306
      vertex 6.63765 -1.3523 16
      vertex 6.84162 -1.37915 30.3803
    endloop
  endfacet
  facet normal 0.130511 0.991447 0
    outer loop
      vertex 6.84162 -1.37915 30.3803
      vertex 6.63765 -1.3523 16
      vertex 6.63765 -1.3523 30.4759
    endloop
  endfacet
  facet normal -0.382709 -0.923869 0
    outer loop
      vertex 7.36235 1.3523 -1
      vertex 7.7 1.21243 0
      vertex 7.36235 1.3523 0
    endloop
  endfacet
  facet normal -0.382709 -0.923869 -0
    outer loop
      vertex 7.7 1.21243 0
      vertex 7.36235 1.3523 -1
      vertex 7.7 1.21243 -1
    endloop
  endfacet
  facet normal -0.383272 -0.923635 -0.00123786
    outer loop
      vertex 7.36235 1.3523 30.1346
      vertex 7.7 1.21243 29.9544
      vertex 7.45398 1.31434 30.0877
    endloop
  endfacet
  facet normal -0.382709 -0.923869 0
    outer loop
      vertex 7.36235 1.3523 16
      vertex 7.7 1.21243 29.9544
      vertex 7.36235 1.3523 30.1346
    endloop
  endfacet
  facet normal -0.382709 -0.923869 -0
    outer loop
      vertex 7.7 1.21243 29.9544
      vertex 7.36235 1.3523 16
      vertex 7.7 1.21243 16
    endloop
  endfacet
  facet normal -0.130515 0.991446 0
    outer loop
      vertex 7.36235 -1.3523 -1
      vertex 7 -1.4 0
      vertex 7.36235 -1.3523 0
    endloop
  endfacet
  facet normal -0.130515 0.991446 0
    outer loop
      vertex 7 -1.4 0
      vertex 7.36235 -1.3523 -1
      vertex 7 -1.4 -1
    endloop
  endfacet
  facet normal -0.130388 0.991463 0.000291944
    outer loop
      vertex 7.35283 -1.35355 30.1398
      vertex 7 -1.4 30.306
      vertex 7.25729 -1.36613 30.1922
    endloop
  endfacet
  facet normal -0.132642 0.991153 -0.00457908
    outer loop
      vertex 7.36235 -1.3523 30.1346
      vertex 7 -1.4 30.306
      vertex 7.35283 -1.35355 30.1398
    endloop
  endfacet
  facet normal -0.130515 0.991446 0
    outer loop
      vertex 7 -1.4 16
      vertex 7.36235 -1.3523 30.1346
      vertex 7.36235 -1.3523 16
    endloop
  endfacet
  facet normal -0.130515 0.991446 0
    outer loop
      vertex 7.36235 -1.3523 30.1346
      vertex 7 -1.4 16
      vertex 7 -1.4 30.306
    endloop
  endfacet
  facet normal -0.92387 0.382706 0
    outer loop
      vertex 8.21243 -0.7 -1
      vertex 8.3523 -0.362347 0
      vertex 8.3523 -0.362347 -1
    endloop
  endfacet
  facet normal -0.92387 0.382706 0
    outer loop
      vertex 8.3523 -0.362347 0
      vertex 8.21243 -0.7 -1
      vertex 8.21243 -0.7 0
    endloop
  endfacet
  facet normal -0.92387 0.382706 0
    outer loop
      vertex 8.21243 -0.7 16
      vertex 8.3523 -0.362347 29.6263
      vertex 8.3523 -0.362347 16
    endloop
  endfacet
  facet normal -0.923871 0.382703 8.1046e-08
    outer loop
      vertex 8.3523 -0.362347 29.6263
      vertex 8.21243 -0.7 16
      vertex 8.26971 -0.561725 29.6689
    endloop
  endfacet
  facet normal -0.923869 0.38271 0
    outer loop
      vertex 8.26971 -0.561725 29.6689
      vertex 8.21243 -0.7 16
      vertex 8.21243 -0.7 29.6985
    endloop
  endfacet
  facet normal -0.382709 0.923869 0
    outer loop
      vertex 7.7 -1.21243 -1
      vertex 7.36235 -1.3523 0
      vertex 7.7 -1.21243 0
    endloop
  endfacet
  facet normal -0.382709 0.923869 0
    outer loop
      vertex 7.36235 -1.3523 0
      vertex 7.7 -1.21243 -1
      vertex 7.36235 -1.3523 -1
    endloop
  endfacet
  facet normal -0.383272 0.923635 -0.00123786
    outer loop
      vertex 7.7 -1.21243 29.9544
      vertex 7.36235 -1.3523 30.1346
      vertex 7.45398 -1.31434 30.0877
    endloop
  endfacet
  facet normal -0.382709 0.923869 0
    outer loop
      vertex 7.36235 -1.3523 16
      vertex 7.7 -1.21243 29.9544
      vertex 7.7 -1.21243 16
    endloop
  endfacet
  facet normal -0.382709 0.923869 0
    outer loop
      vertex 7.7 -1.21243 29.9544
      vertex 7.36235 -1.3523 16
      vertex 7.36235 -1.3523 30.1346
    endloop
  endfacet
  facet normal 0.991445 0.130524 0
    outer loop
      vertex 5.64549 -0.345536 30.9504
      vertex 5.6 0 -1
      vertex 5.6 0 30.9724
    endloop
  endfacet
  facet normal 0.991469 0.13034 -2.02506e-06
    outer loop
      vertex 5.6477 -0.362347 30.9493
      vertex 5.6 0 -1
      vertex 5.64549 -0.345536 30.9504
    endloop
  endfacet
  facet normal 0.991446 0.130516 0
    outer loop
      vertex 5.6 0 -1
      vertex 5.6477 -0.362347 30.9493
      vertex 5.6477 -0.362347 -1
    endloop
  endfacet
  facet normal 0.382709 -0.923869 0
    outer loop
      vertex 6.3 1.21243 -1
      vertex 6.63765 1.3523 0
      vertex 6.3 1.21243 0
    endloop
  endfacet
  facet normal 0.382709 -0.923869 0
    outer loop
      vertex 6.63765 1.3523 0
      vertex 6.3 1.21243 -1
      vertex 6.63765 1.3523 -1
    endloop
  endfacet
  facet normal 0.382709 -0.923869 0
    outer loop
      vertex 6.3 1.21243 16
      vertex 6.63765 1.3523 30.4759
      vertex 6.3 1.21243 30.6439
    endloop
  endfacet
  facet normal 0.382709 -0.923869 0
    outer loop
      vertex 6.63765 1.3523 30.4759
      vertex 6.3 1.21243 16
      vertex 6.63765 1.3523 16
    endloop
  endfacet
  facet normal -0.608752 0.793361 0
    outer loop
      vertex 7.98995 -0.989949 -1
      vertex 7.7 -1.21243 0
      vertex 7.98995 -0.989949 0
    endloop
  endfacet
  facet normal -0.608752 0.793361 0
    outer loop
      vertex 7.7 -1.21243 0
      vertex 7.98995 -0.989949 -1
      vertex 7.7 -1.21243 -1
    endloop
  endfacet
  facet normal -0.608752 0.793361 0
    outer loop
      vertex 7.7 -1.21243 16
      vertex 7.98995 -0.989949 29.8051
      vertex 7.98995 -0.989949 16
    endloop
  endfacet
  facet normal -0.608752 0.793361 0
    outer loop
      vertex 7.98995 -0.989949 29.8051
      vertex 7.7 -1.21243 16
      vertex 7.7 -1.21243 29.9544
    endloop
  endfacet
  facet normal 0.130515 -0.991446 0
    outer loop
      vertex 6.63765 1.3523 -1
      vertex 7 1.4 0
      vertex 6.63765 1.3523 0
    endloop
  endfacet
  facet normal 0.130515 -0.991446 0
    outer loop
      vertex 7 1.4 0
      vertex 6.63765 1.3523 -1
      vertex 7 1.4 -1
    endloop
  endfacet
  facet normal 0.130511 -0.991447 0
    outer loop
      vertex 6.63765 1.3523 16
      vertex 6.84162 1.37915 30.3803
      vertex 6.63765 1.3523 30.4759
    endloop
  endfacet
  facet normal 0.130519 -0.991446 -1.17406e-07
    outer loop
      vertex 6.63765 1.3523 16
      vertex 7 1.4 30.306
      vertex 6.84162 1.37915 30.3803
    endloop
  endfacet
  facet normal 0.130515 -0.991446 0
    outer loop
      vertex 7 1.4 30.306
      vertex 6.63765 1.3523 16
      vertex 7 1.4 16
    endloop
  endfacet
  facet normal 0.608752 0.793361 -0
    outer loop
      vertex 6.3 -1.21243 -1
      vertex 6.01005 -0.989949 0
      vertex 6.3 -1.21243 0
    endloop
  endfacet
  facet normal 0.608752 0.793361 0
    outer loop
      vertex 6.01005 -0.989949 0
      vertex 6.3 -1.21243 -1
      vertex 6.01005 -0.989949 -1
    endloop
  endfacet
  facet normal 0.609532 0.792757 0.00260869
    outer loop
      vertex 6.12813 -1.08055 30.7356
      vertex 6.01005 -0.989949 30.7927
      vertex 6.03685 -1.01052 30.7821
    endloop
  endfacet
  facet normal 0.608551 0.793515 -0.000623234
    outer loop
      vertex 6.3 -1.21243 30.6439
      vertex 6.01005 -0.989949 30.7927
      vertex 6.12813 -1.08055 30.7356
    endloop
  endfacet
  facet normal 0.608752 0.793361 0
    outer loop
      vertex 6.01005 -0.989949 16
      vertex 6.3 -1.21243 30.6439
      vertex 6.3 -1.21243 16
    endloop
  endfacet
  facet normal 0.608752 0.793361 0
    outer loop
      vertex 6.3 -1.21243 30.6439
      vertex 6.01005 -0.989949 16
      vertex 6.01005 -0.989949 30.7927
    endloop
  endfacet
  facet normal 0.991469 -0.13034 -2.02506e-06
    outer loop
      vertex 5.6 0 -1
      vertex 5.6477 0.362347 30.9493
      vertex 5.64549 0.345536 30.9504
    endloop
  endfacet
  facet normal 0.991445 -0.130524 0
    outer loop
      vertex 5.6 0 -1
      vertex 5.64549 0.345536 30.9504
      vertex 5.6 0 30.9724
    endloop
  endfacet
  facet normal 0.991446 -0.130516 0
    outer loop
      vertex 5.6477 0.362347 30.9493
      vertex 5.6 0 -1
      vertex 5.6477 0.362347 -1
    endloop
  endfacet
  facet normal 0.793348 0.608769 0
    outer loop
      vertex 5.78756 -0.7 30.8869
      vertex 6 -0.976852 16
      vertex 5.78756 -0.7 -1
    endloop
  endfacet
  facet normal 0.793348 0.608769 -6.64211e-09
    outer loop
      vertex 6.01005 -0.989949 30.7927
      vertex 6 -0.976852 16
      vertex 5.78756 -0.7 30.8869
    endloop
  endfacet
  facet normal 0.793344 0.608774 0
    outer loop
      vertex 6 -0.976852 16
      vertex 6.01005 -0.989949 30.7927
      vertex 6.01005 -0.989949 16
    endloop
  endfacet
  facet normal 0.793348 0.608769 -0
    outer loop
      vertex 6 -0.976852 0
      vertex 5.78756 -0.7 -1
      vertex 6 -0.976852 16
    endloop
  endfacet
  facet normal 0.793344 0.608774 -0
    outer loop
      vertex 6.01005 -0.989949 -1
      vertex 6 -0.976852 0
      vertex 6.01005 -0.989949 0
    endloop
  endfacet
  facet normal 0.793348 0.608769 9.8283e-08
    outer loop
      vertex 6 -0.976852 0
      vertex 6.01005 -0.989949 -1
      vertex 5.78756 -0.7 -1
    endloop
  endfacet
  facet normal 0.382709 0.923869 -0
    outer loop
      vertex 6.63765 -1.3523 -1
      vertex 6.3 -1.21243 0
      vertex 6.63765 -1.3523 0
    endloop
  endfacet
  facet normal 0.382709 0.923869 0
    outer loop
      vertex 6.3 -1.21243 0
      vertex 6.63765 -1.3523 -1
      vertex 6.3 -1.21243 -1
    endloop
  endfacet
  facet normal 0.382709 0.923869 0
    outer loop
      vertex 6.3 -1.21243 16
      vertex 6.63765 -1.3523 30.4759
      vertex 6.63765 -1.3523 16
    endloop
  endfacet
  facet normal 0.382709 0.923869 0
    outer loop
      vertex 6.63765 -1.3523 30.4759
      vertex 6.3 -1.21243 16
      vertex 6.3 -1.21243 30.6439
    endloop
  endfacet
  facet normal 0.92389 -0.382657 -3.09011e-07
    outer loop
      vertex 5.6477 0.362347 -1
      vertex 5.78756 0.7 30.8869
      vertex 5.7507 0.611005 30.9044
    endloop
  endfacet
  facet normal 0.92392 -0.382585 0.000686179
    outer loop
      vertex 5.6477 0.362347 30.9493
      vertex 5.7507 0.611005 30.9044
      vertex 5.70433 0.499064 30.9265
    endloop
  endfacet
  facet normal 0.923876 -0.382691 0
    outer loop
      vertex 5.7507 0.611005 30.9044
      vertex 5.6477 0.362347 30.9493
      vertex 5.6477 0.362347 -1
    endloop
  endfacet
  facet normal 0.92388 -0.382682 0
    outer loop
      vertex 5.78756 0.7 30.8869
      vertex 5.6477 0.362347 -1
      vertex 5.78756 0.7 -1
    endloop
  endfacet
  facet normal 0 0 1
    outer loop
      vertex 8.3523 0.362347 -1
      vertex 8.3523 -0.362347 -1
      vertex 8.4 0 -1
    endloop
  endfacet
  facet normal 0 0 1
    outer loop
      vertex 8.21243 0.7 -1
      vertex 8.3523 -0.362347 -1
      vertex 8.3523 0.362347 -1
    endloop
  endfacet
  facet normal 0 0 1
    outer loop
      vertex 8.21243 0.7 -1
      vertex 8.21243 -0.7 -1
      vertex 8.3523 -0.362347 -1
    endloop
  endfacet
  facet normal 0 0 1
    outer loop
      vertex 7.98995 0.989949 -1
      vertex 8.21243 -0.7 -1
      vertex 8.21243 0.7 -1
    endloop
  endfacet
  facet normal 0 0 1
    outer loop
      vertex 7.98995 0.989949 -1
      vertex 7.98995 -0.989949 -1
      vertex 8.21243 -0.7 -1
    endloop
  endfacet
  facet normal 0 0 1
    outer loop
      vertex 7.7 1.21243 -1
      vertex 7.98995 -0.989949 -1
      vertex 7.98995 0.989949 -1
    endloop
  endfacet
  facet normal 0 0 1
    outer loop
      vertex 7.7 1.21243 -1
      vertex 7.7 -1.21243 -1
      vertex 7.98995 -0.989949 -1
    endloop
  endfacet
  facet normal 0 0 1
    outer loop
      vertex 7.36235 1.3523 -1
      vertex 7.7 -1.21243 -1
      vertex 7.7 1.21243 -1
    endloop
  endfacet
  facet normal 0 0 1
    outer loop
      vertex 7.36235 1.3523 -1
      vertex 7.36235 -1.3523 -1
      vertex 7.7 -1.21243 -1
    endloop
  endfacet
  facet normal 0 0 1
    outer loop
      vertex 7 1.4 -1
      vertex 7.36235 -1.3523 -1
      vertex 7.36235 1.3523 -1
    endloop
  endfacet
  facet normal 0 0 1
    outer loop
      vertex 7 1.4 -1
      vertex 7 -1.4 -1
      vertex 7.36235 -1.3523 -1
    endloop
  endfacet
  facet normal -0 0 1
    outer loop
      vertex 6.63765 1.3523 -1
      vertex 7 -1.4 -1
      vertex 7 1.4 -1
    endloop
  endfacet
  facet normal 0 0 1
    outer loop
      vertex 6.63765 1.3523 -1
      vertex 6.63765 -1.3523 -1
      vertex 7 -1.4 -1
    endloop
  endfacet
  facet normal -0 0 1
    outer loop
      vertex 6.3 1.21243 -1
      vertex 6.63765 -1.3523 -1
      vertex 6.63765 1.3523 -1
    endloop
  endfacet
  facet normal 0 0 1
    outer loop
      vertex 6.3 1.21243 -1
      vertex 6.3 -1.21243 -1
      vertex 6.63765 -1.3523 -1
    endloop
  endfacet
  facet normal -0 0 1
    outer loop
      vertex 6.01005 0.989949 -1
      vertex 6.3 -1.21243 -1
      vertex 6.3 1.21243 -1
    endloop
  endfacet
  facet normal 0 0 1
    outer loop
      vertex 6.01005 0.989949 -1
      vertex 6.01005 -0.989949 -1
      vertex 6.3 -1.21243 -1
    endloop
  endfacet
  facet normal -0 0 1
    outer loop
      vertex 5.78756 0.7 -1
      vertex 6.01005 -0.989949 -1
      vertex 6.01005 0.989949 -1
    endloop
  endfacet
  facet normal 0 0 1
    outer loop
      vertex 5.78756 0.7 -1
      vertex 5.78756 -0.7 -1
      vertex 6.01005 -0.989949 -1
    endloop
  endfacet
  facet normal -0 0 1
    outer loop
      vertex 5.6477 0.362347 -1
      vertex 5.78756 -0.7 -1
      vertex 5.78756 0.7 -1
    endloop
  endfacet
  facet normal 0 0 1
    outer loop
      vertex 5.6477 0.362347 -1
      vertex 5.6477 -0.362347 -1
      vertex 5.78756 -0.7 -1
    endloop
  endfacet
  facet normal 0 -0 1
    outer loop
      vertex 5.6477 -0.362347 -1
      vertex 5.6477 0.362347 -1
      vertex 5.6 0 -1
    endloop
  endfacet
  facet normal 0.793362 -0.60875 0
    outer loop
      vertex -4.71243 6.76218 0
      vertex -4.48995 7.05213 -1
      vertex -4.48995 7.05213 0
    endloop
  endfacet
  facet normal 0.793362 -0.60875 0
    outer loop
      vertex -4.48995 7.05213 -1
      vertex -4.71243 6.76218 0
      vertex -4.71243 6.76218 -1
    endloop
  endfacet
  facet normal 0.793362 -0.60875 0
    outer loop
      vertex -4.71243 6.76218 16
      vertex -4.48995 7.05213 29.6263
      vertex -4.71243 6.76218 29.6985
    endloop
  endfacet
  facet normal 0.793362 -0.60875 0
    outer loop
      vertex -4.48995 7.05213 29.6263
      vertex -4.71243 6.76218 16
      vertex -4.48995 7.05213 16
    endloop
  endfacet
  facet normal 0.60875 -0.793362 0
    outer loop
      vertex -4.48995 7.05213 -1
      vertex -4.2 7.27461 0
      vertex -4.48995 7.05213 0
    endloop
  endfacet
  facet normal 0.60875 -0.793362 0
    outer loop
      vertex -4.2 7.27461 0
      vertex -4.48995 7.05213 -1
      vertex -4.2 7.27461 -1
    endloop
  endfacet
  facet normal 0.608752 -0.793361 0
    outer loop
      vertex -4.48995 7.05213 16
      vertex -4.28801 7.20708 29.6135
      vertex -4.48995 7.05213 29.6263
    endloop
  endfacet
  facet normal 0.608748 -0.793364 9.34766e-08
    outer loop
      vertex -4.48995 7.05213 16
      vertex -4.2 7.27461 29.6079
      vertex -4.28801 7.20708 29.6135
    endloop
  endfacet
  facet normal 0.60875 -0.793362 0
    outer loop
      vertex -4.2 7.27461 29.6079
      vertex -4.48995 7.05213 16
      vertex -4.2 7.27461 16
    endloop
  endfacet
  facet normal 0.923873 -0.382699 0
    outer loop
      vertex -4.8523 6.42452 0
      vertex -4.71243 6.76218 -1
      vertex -4.71243 6.76218 0
    endloop
  endfacet
  facet normal 0.923873 -0.382699 0
    outer loop
      vertex -4.71243 6.76218 -1
      vertex -4.8523 6.42452 0
      vertex -4.8523 6.42452 -1
    endloop
  endfacet
  facet normal 0.92459 -0.380906 0.00662073
    outer loop
      vertex -4.8523 6.42452 29.8051
      vertex -4.71243 6.76218 29.6985
      vertex -4.7208 6.74199 29.7058
    endloop
  endfacet
  facet normal 0.923873 -0.382699 0
    outer loop
      vertex -4.71243 6.76218 29.6985
      vertex -4.8523 6.42452 29.8051
      vertex -4.8523 6.42452 16
    endloop
  endfacet
  facet normal 0.923873 -0.382699 0
    outer loop
      vertex -4.71243 6.76218 29.6985
      vertex -4.8523 6.42452 16
      vertex -4.71243 6.76218 16
    endloop
  endfacet
  facet normal 0.923869 0.382709 0
    outer loop
      vertex -4.71243 5.36218 0
      vertex -4.8523 5.69983 -1
      vertex -4.8523 5.69983 0
    endloop
  endfacet
  facet normal 0.923869 0.382709 0
    outer loop
      vertex -4.8523 5.69983 -1
      vertex -4.71243 5.36218 0
      vertex -4.71243 5.36218 -1
    endloop
  endfacet
  facet normal 0.925181 0.379452 -0.00748555
    outer loop
      vertex -4.71243 5.36218 30.306
      vertex -4.8523 5.69983 30.1346
      vertex -4.84862 5.69096 30.1398
    endloop
  endfacet
  facet normal 0.923679 0.383166 0.00109305
    outer loop
      vertex -4.71243 5.36218 30.306
      vertex -4.84862 5.69096 30.1398
      vertex -4.81175 5.60193 30.1922
    endloop
  endfacet
  facet normal 0.923869 0.382709 0
    outer loop
      vertex -4.8523 5.69983 30.1346
      vertex -4.71243 5.36218 30.306
      vertex -4.71243 5.36218 16
    endloop
  endfacet
  facet normal 0.923869 0.382709 0
    outer loop
      vertex -4.8523 5.69983 30.1346
      vertex -4.71243 5.36218 16
      vertex -4.8523 5.69983 16
    endloop
  endfacet
  facet normal 0.130542 -0.991443 0
    outer loop
      vertex -3.86235 7.41447 -1
      vertex -3.5 7.46218 0
      vertex -3.86235 7.41447 0
    endloop
  endfacet
  facet normal 0.130542 -0.991443 0
    outer loop
      vertex -3.5 7.46218 0
      vertex -3.86235 7.41447 -1
      vertex -3.5 7.46218 -1
    endloop
  endfacet
  facet normal 0.130534 -0.991444 -2.13821e-07
    outer loop
      vertex -3.5 7.46218 16
      vertex -3.64839 7.44264 29.6689
      vertex -3.86235 7.41447 29.6263
    endloop
  endfacet
  facet normal 0.130542 -0.991443 0
    outer loop
      vertex -3.5 7.46218 16
      vertex -3.86235 7.41447 29.6263
      vertex -3.86235 7.41447 16
    endloop
  endfacet
  facet normal 0.130553 -0.991441 0
    outer loop
      vertex -3.64839 7.44264 29.6689
      vertex -3.5 7.46218 16
      vertex -3.5 7.46218 29.6985
    endloop
  endfacet
  facet normal -0.60875 -0.793362 0
    outer loop
      vertex -2.8 7.27461 -1
      vertex -2.51005 7.05213 0
      vertex -2.8 7.27461 0
    endloop
  endfacet
  facet normal -0.60875 -0.793362 -0
    outer loop
      vertex -2.51005 7.05213 0
      vertex -2.8 7.27461 -1
      vertex -2.51005 7.05213 -1
    endloop
  endfacet
  facet normal -0.608873 -0.793268 0.000313604
    outer loop
      vertex -2.8 7.27461 29.9544
      vertex -2.51005 7.05213 30.1346
      vertex -2.58874 7.11251 30.0877
    endloop
  endfacet
  facet normal -0.60875 -0.793362 0
    outer loop
      vertex -2.51005 7.05213 16
      vertex -2.8 7.27461 29.9544
      vertex -2.8 7.27461 16
    endloop
  endfacet
  facet normal -0.60875 -0.793362 0
    outer loop
      vertex -2.8 7.27461 29.9544
      vertex -2.51005 7.05213 16
      vertex -2.51005 7.05213 30.1346
    endloop
  endfacet
  facet normal 0.130515 0.991446 3.32197e-07
    outer loop
      vertex -3.5 4.66218 30.8869
      vertex -3.84598 4.70773 16
      vertex -3.86235 4.70988 30.7927
    endloop
  endfacet
  facet normal 0.130529 0.991445 -0
    outer loop
      vertex -3.5 4.66218 -1
      vertex -3.84598 4.70773 16
      vertex -3.5 4.66218 30.8869
    endloop
  endfacet
  facet normal 0.130529 0.991445 0
    outer loop
      vertex -3.84598 4.70773 16
      vertex -3.5 4.66218 -1
      vertex -3.84598 4.70773 0
    endloop
  endfacet
  facet normal 0.130515 0.991446 -4.91551e-06
    outer loop
      vertex -3.86235 4.70988 -1
      vertex -3.84598 4.70773 0
      vertex -3.5 4.66218 -1
    endloop
  endfacet
  facet normal 0.130219 0.991485 0
    outer loop
      vertex -3.84598 4.70773 0
      vertex -3.86235 4.70988 -1
      vertex -3.86235 4.70988 0
    endloop
  endfacet
  facet normal 0.130219 0.991485 0
    outer loop
      vertex -3.86235 4.70988 30.7927
      vertex -3.84598 4.70773 16
      vertex -3.86235 4.70988 16
    endloop
  endfacet
  facet normal 0.991446 -0.130518 0
    outer loop
      vertex -4.9 6.06218 0
      vertex -4.8523 6.42452 -1
      vertex -4.8523 6.42452 0
    endloop
  endfacet
  facet normal 0.991446 -0.130518 0
    outer loop
      vertex -4.8523 6.42452 -1
      vertex -4.9 6.06218 0
      vertex -4.9 6.06218 -1
    endloop
  endfacet
  facet normal 0.991449 -0.130498 -5.32537e-07
    outer loop
      vertex -4.9 6.06218 16
      vertex -4.8523 6.42452 29.8051
      vertex -4.86703 6.31261 29.8512
    endloop
  endfacet
  facet normal 0.991445 -0.130527 0
    outer loop
      vertex -4.9 6.06218 16
      vertex -4.86703 6.31261 29.8512
      vertex -4.9 6.06218 29.9544
    endloop
  endfacet
  facet normal 0.991446 -0.130518 0
    outer loop
      vertex -4.8523 6.42452 29.8051
      vertex -4.9 6.06218 16
      vertex -4.8523 6.42452 16
    endloop
  endfacet
  facet normal -0.923873 -0.382699 0
    outer loop
      vertex -2.1477 6.42452 -1
      vertex -2.28757 6.76218 0
      vertex -2.28757 6.76218 -1
    endloop
  endfacet
  facet normal -0.923873 -0.382699 0
    outer loop
      vertex -2.28757 6.76218 0
      vertex -2.1477 6.42452 -1
      vertex -2.1477 6.42452 0
    endloop
  endfacet
  facet normal -0.923873 -0.382699 0
    outer loop
      vertex -2.1477 6.42452 16
      vertex -2.28757 6.76218 30.306
      vertex -2.28757 6.76218 16
    endloop
  endfacet
  facet normal -0.923879 -0.382686 -3.71391e-07
    outer loop
      vertex -2.28757 6.76218 30.306
      vertex -2.1477 6.42452 16
      vertex -2.22644 6.6146 30.3803
    endloop
  endfacet
  facet normal -0.923869 -0.38271 0
    outer loop
      vertex -2.22644 6.6146 30.3803
      vertex -2.1477 6.42452 16
      vertex -2.1477 6.42452 30.4759
    endloop
  endfacet
  facet normal 0.608768 0.793349 -0
    outer loop
      vertex -4.2 4.84974 -1
      vertex -4.48995 5.07223 0
      vertex -4.2 4.84974 0
    endloop
  endfacet
  facet normal 0.608768 0.793349 0
    outer loop
      vertex -4.48995 5.07223 0
      vertex -4.2 4.84974 -1
      vertex -4.48995 5.07223 -1
    endloop
  endfacet
  facet normal 0.608768 0.793349 -0
    outer loop
      vertex -4.2 4.84974 16
      vertex -4.48995 5.07223 30.4759
      vertex -4.2 4.84974 30.6439
    endloop
  endfacet
  facet normal 0.608768 0.793349 0
    outer loop
      vertex -4.48995 5.07223 30.4759
      vertex -4.2 4.84974 16
      vertex -4.48995 5.07223 16
    endloop
  endfacet
  facet normal 0.991446 0.130515 0
    outer loop
      vertex -4.8523 5.69983 0
      vertex -4.9 6.06218 -1
      vertex -4.9 6.06218 0
    endloop
  endfacet
  facet normal 0.991446 0.130515 0
    outer loop
      vertex -4.9 6.06218 -1
      vertex -4.8523 5.69983 0
      vertex -4.8523 5.69983 -1
    endloop
  endfacet
  facet normal 0.991444 0.130535 -5.33654e-07
    outer loop
      vertex -4.8523 5.69983 16
      vertex -4.9 6.06218 29.9544
      vertex -4.86524 5.79817 30.0877
    endloop
  endfacet
  facet normal 0.991454 0.13046 -0
    outer loop
      vertex -4.8523 5.69983 16
      vertex -4.86524 5.79817 30.0877
      vertex -4.8523 5.69983 30.1346
    endloop
  endfacet
  facet normal 0.991446 0.130515 0
    outer loop
      vertex -4.9 6.06218 29.9544
      vertex -4.8523 5.69983 16
      vertex -4.9 6.06218 16
    endloop
  endfacet
  facet normal -0.382685 -0.923879 0
    outer loop
      vertex -3.13765 7.41447 -1
      vertex -2.8 7.27461 0
      vertex -3.13765 7.41447 0
    endloop
  endfacet
  facet normal -0.382685 -0.923879 -0
    outer loop
      vertex -2.8 7.27461 0
      vertex -3.13765 7.41447 -1
      vertex -2.8 7.27461 -1
    endloop
  endfacet
  facet normal -0.382685 -0.923879 0
    outer loop
      vertex -2.8 7.27461 16
      vertex -3.13765 7.41447 29.8051
      vertex -3.13765 7.41447 16
    endloop
  endfacet
  facet normal -0.382621 -0.923905 1.83848e-06
    outer loop
      vertex -3.13765 7.41447 29.8051
      vertex -2.8 7.27461 16
      vertex -3.03336 7.37128 29.8512
    endloop
  endfacet
  facet normal -0.382714 -0.923867 0
    outer loop
      vertex -3.03336 7.37128 29.8512
      vertex -2.8 7.27461 16
      vertex -2.8 7.27461 29.9544
    endloop
  endfacet
  facet normal -0.991446 0.130515 0
    outer loop
      vertex -2.1477 5.69983 -1
      vertex -2.1 6.06218 0
      vertex -2.1 6.06218 -1
    endloop
  endfacet
  facet normal -0.991446 0.130515 0
    outer loop
      vertex -2.1 6.06218 0
      vertex -2.1477 5.69983 -1
      vertex -2.1477 5.69983 0
    endloop
  endfacet
  facet normal -0.991446 0.130515 0
    outer loop
      vertex -2.1477 5.69983 16
      vertex -2.1 6.06218 30.6439
      vertex -2.1 6.06218 16
    endloop
  endfacet
  facet normal -0.991443 0.130537 -5.53645e-07
    outer loop
      vertex -2.1 6.06218 30.6439
      vertex -2.1477 5.69983 16
      vertex -2.12828 5.84739 30.7356
    endloop
  endfacet
  facet normal -0.991451 0.130482 0
    outer loop
      vertex -2.1477 5.69983 30.7927
      vertex -2.12828 5.84739 30.7356
      vertex -2.1477 5.69983 16
    endloop
  endfacet
  facet normal -0.991679 0.128647 -0.00482012
    outer loop
      vertex -2.12828 5.84739 30.7356
      vertex -2.1477 5.69983 30.7927
      vertex -2.13562 5.79166 30.7583
    endloop
  endfacet
  facet normal -0.991379 0.131016 0.00160779
    outer loop
      vertex -2.13562 5.79166 30.7583
      vertex -2.1477 5.69983 30.7927
      vertex -2.14329 5.73333 30.7821
    endloop
  endfacet
  facet normal -0.991446 -0.130518 0
    outer loop
      vertex -2.1 6.06218 -1
      vertex -2.1477 6.42452 0
      vertex -2.1477 6.42452 -1
    endloop
  endfacet
  facet normal -0.991446 -0.130518 0
    outer loop
      vertex -2.1477 6.42452 0
      vertex -2.1 6.06218 -1
      vertex -2.1 6.06218 0
    endloop
  endfacet
  facet normal -0.991446 -0.130518 0
    outer loop
      vertex -2.1 6.06218 16
      vertex -2.1477 6.42452 30.4759
      vertex -2.1477 6.42452 16
    endloop
  endfacet
  facet normal -0.991446 -0.130518 0
    outer loop
      vertex -2.1477 6.42452 30.4759
      vertex -2.1 6.06218 16
      vertex -2.1 6.06218 30.6439
    endloop
  endfacet
  facet normal -0.13022 0.991484 -0.00173669
    outer loop
      vertex -3.13765 4.70988 30.9493
      vertex -3.5 4.66218 30.8869
      vertex -3.28437 4.69057 30.9265
    endloop
  endfacet
  facet normal -0.130515 0.991446 0
    outer loop
      vertex -3.13765 4.70988 -1
      vertex -3.5 4.66218 30.8869
      vertex -3.13765 4.70988 30.9493
    endloop
  endfacet
  facet normal -0.130515 0.991446 0
    outer loop
      vertex -3.5 4.66218 30.8869
      vertex -3.13765 4.70988 -1
      vertex -3.5 4.66218 -1
    endloop
  endfacet
  facet normal 0.553037 -0.756878 -0.348261
    outer loop
      vertex -2.51005 5.07223 30.9493
      vertex -2.8 4.84974 30.9724
      vertex -2.67332 4.94695 30.9623
    endloop
  endfacet
  facet normal -0.608768 0.793349 0
    outer loop
      vertex -2.8 4.84974 -1
      vertex -2.51005 5.07223 30.9493
      vertex -2.51005 5.07223 -1
    endloop
  endfacet
  facet normal -0.608768 0.793349 0
    outer loop
      vertex -2.51005 5.07223 30.9493
      vertex -2.8 4.84974 -1
      vertex -2.8 4.84974 30.9724
    endloop
  endfacet
  facet normal 0 0 1
    outer loop
      vertex -2.1477 6.42452 -1
      vertex -2.1477 5.69983 -1
      vertex -2.1 6.06218 -1
    endloop
  endfacet
  facet normal 0 0 1
    outer loop
      vertex -2.28757 6.76218 -1
      vertex -2.1477 5.69983 -1
      vertex -2.1477 6.42452 -1
    endloop
  endfacet
  facet normal 0 0 1
    outer loop
      vertex -2.28757 6.76218 -1
      vertex -2.28757 5.36218 -1
      vertex -2.1477 5.69983 -1
    endloop
  endfacet
  facet normal 0 0 1
    outer loop
      vertex -2.51005 7.05213 -1
      vertex -2.28757 5.36218 -1
      vertex -2.28757 6.76218 -1
    endloop
  endfacet
  facet normal 0 0 1
    outer loop
      vertex -2.51005 7.05213 -1
      vertex -2.51005 5.07223 -1
      vertex -2.28757 5.36218 -1
    endloop
  endfacet
  facet normal 0 0 1
    outer loop
      vertex -2.8 7.27461 -1
      vertex -2.51005 5.07223 -1
      vertex -2.51005 7.05213 -1
    endloop
  endfacet
  facet normal 0 0 1
    outer loop
      vertex -2.8 7.27461 -1
      vertex -2.8 4.84974 -1
      vertex -2.51005 5.07223 -1
    endloop
  endfacet
  facet normal 0 0 1
    outer loop
      vertex -3.13765 7.41447 -1
      vertex -2.8 4.84974 -1
      vertex -2.8 7.27461 -1
    endloop
  endfacet
  facet normal 0 0 1
    outer loop
      vertex -3.13765 7.41447 -1
      vertex -3.13765 4.70988 -1
      vertex -2.8 4.84974 -1
    endloop
  endfacet
  facet normal 0 0 1
    outer loop
      vertex -3.13765 7.41447 -1
      vertex -3.5 4.66218 -1
      vertex -3.13765 4.70988 -1
    endloop
  endfacet
  facet normal 0 0 1
    outer loop
      vertex -3.5 7.46218 -1
      vertex -3.5 4.66218 -1
      vertex -3.13765 7.41447 -1
    endloop
  endfacet
  facet normal -0 0 1
    outer loop
      vertex -3.86235 7.41447 -1
      vertex -3.5 4.66218 -1
      vertex -3.5 7.46218 -1
    endloop
  endfacet
  facet normal 0 0 1
    outer loop
      vertex -3.86235 7.41447 -1
      vertex -3.86235 4.70988 -1
      vertex -3.5 4.66218 -1
    endloop
  endfacet
  facet normal -0 0 1
    outer loop
      vertex -4.2 7.27461 -1
      vertex -3.86235 4.70988 -1
      vertex -3.86235 7.41447 -1
    endloop
  endfacet
  facet normal 0 0 1
    outer loop
      vertex -4.2 7.27461 -1
      vertex -4.2 4.84974 -1
      vertex -3.86235 4.70988 -1
    endloop
  endfacet
  facet normal -0 0 1
    outer loop
      vertex -4.48995 7.05213 -1
      vertex -4.2 4.84974 -1
      vertex -4.2 7.27461 -1
    endloop
  endfacet
  facet normal 0 0 1
    outer loop
      vertex -4.48995 7.05213 -1
      vertex -4.48995 5.07223 -1
      vertex -4.2 4.84974 -1
    endloop
  endfacet
  facet normal -0 0 1
    outer loop
      vertex -4.71243 6.76218 -1
      vertex -4.48995 5.07223 -1
      vertex -4.48995 7.05213 -1
    endloop
  endfacet
  facet normal 0 0 1
    outer loop
      vertex -4.71243 6.76218 -1
      vertex -4.71243 5.36218 -1
      vertex -4.48995 5.07223 -1
    endloop
  endfacet
  facet normal -0 0 1
    outer loop
      vertex -4.8523 6.42452 -1
      vertex -4.71243 5.36218 -1
      vertex -4.71243 6.76218 -1
    endloop
  endfacet
  facet normal 0 0 1
    outer loop
      vertex -4.8523 6.42452 -1
      vertex -4.8523 5.69983 -1
      vertex -4.71243 5.36218 -1
    endloop
  endfacet
  facet normal 0 -0 1
    outer loop
      vertex -4.8523 5.69983 -1
      vertex -4.8523 6.42452 -1
      vertex -4.9 6.06218 -1
    endloop
  endfacet
  facet normal -0.92381 0.382851 0
    outer loop
      vertex -2.1477 5.69983 -1
      vertex -2.15402 5.68458 0
      vertex -2.1477 5.69983 0
    endloop
  endfacet
  facet normal -0.923872 0.382702 0
    outer loop
      vertex -2.15402 5.68458 0
      vertex -2.28757 5.36218 -1
      vertex -2.15402 5.68458 16
    endloop
  endfacet
  facet normal -0.923869 0.382709 -2.54601e-06
    outer loop
      vertex -2.28757 5.36218 -1
      vertex -2.15402 5.68458 0
      vertex -2.1477 5.69983 -1
    endloop
  endfacet
  facet normal -0.92381 0.382851 0
    outer loop
      vertex -2.15402 5.68458 16
      vertex -2.1477 5.69983 30.7927
      vertex -2.1477 5.69983 16
    endloop
  endfacet
  facet normal -0.923872 0.382702 0
    outer loop
      vertex -2.28757 5.36218 30.8869
      vertex -2.15402 5.68458 16
      vertex -2.28757 5.36218 -1
    endloop
  endfacet
  facet normal -0.923869 0.382709 1.72063e-07
    outer loop
      vertex -2.15402 5.68458 16
      vertex -2.28757 5.36218 30.8869
      vertex -2.1477 5.69983 30.7927
    endloop
  endfacet
  facet normal -0.793362 0.60875 0
    outer loop
      vertex -2.51005 5.07223 -1
      vertex -2.28757 5.36218 30.8869
      vertex -2.28757 5.36218 -1
    endloop
  endfacet
  facet normal -0.793399 0.608702 6.99573e-07
    outer loop
      vertex -2.28757 5.36218 30.8869
      vertex -2.51005 5.07223 -1
      vertex -2.3462 5.28576 30.9044
    endloop
  endfacet
  facet normal -0.793349 0.608768 0
    outer loop
      vertex -2.51005 5.07223 30.9493
      vertex -2.3462 5.28576 30.9044
      vertex -2.51005 5.07223 -1
    endloop
  endfacet
  facet normal -0.793162 0.609008 0.00182686
    outer loop
      vertex -2.3462 5.28576 30.9044
      vertex -2.51005 5.07223 30.9493
      vertex -2.41996 5.18963 30.9265
    endloop
  endfacet
  facet normal -0.130542 -0.991443 0
    outer loop
      vertex -3.5 7.46218 -1
      vertex -3.13765 7.41447 0
      vertex -3.5 7.46218 0
    endloop
  endfacet
  facet normal -0.130542 -0.991443 -0
    outer loop
      vertex -3.13765 7.41447 0
      vertex -3.5 7.46218 -1
      vertex -3.13765 7.41447 -1
    endloop
  endfacet
  facet normal -0.131139 -0.991362 0.00206736
    outer loop
      vertex -3.5 7.46218 29.6985
      vertex -3.13765 7.41447 29.8051
      vertex -3.47834 7.45933 29.7058
    endloop
  endfacet
  facet normal -0.130542 -0.991443 0
    outer loop
      vertex -3.13765 7.41447 16
      vertex -3.5 7.46218 29.6985
      vertex -3.5 7.46218 16
    endloop
  endfacet
  facet normal -0.130542 -0.991443 0
    outer loop
      vertex -3.5 7.46218 29.6985
      vertex -3.13765 7.41447 16
      vertex -3.13765 7.41447 29.8051
    endloop
  endfacet
  facet normal 0.382685 0.923879 -0
    outer loop
      vertex -3.86235 4.70988 -1
      vertex -4.2 4.84974 0
      vertex -3.86235 4.70988 0
    endloop
  endfacet
  facet normal 0.382685 0.923879 0
    outer loop
      vertex -4.2 4.84974 0
      vertex -3.86235 4.70988 -1
      vertex -4.2 4.84974 -1
    endloop
  endfacet
  facet normal 0.383078 0.923715 -0.00115487
    outer loop
      vertex -3.86235 4.70988 30.7927
      vertex -3.94791 4.74532 30.7583
      vertex -3.89356 4.72281 30.7821
    endloop
  endfacet
  facet normal 0.381665 0.924296 0.0029582
    outer loop
      vertex -3.86235 4.70988 30.7927
      vertex -3.99985 4.76684 30.7356
      vertex -3.94791 4.74532 30.7583
    endloop
  endfacet
  facet normal 0.383213 0.923659 -0.00140405
    outer loop
      vertex -3.86235 4.70988 30.7927
      vertex -4.2 4.84974 30.6439
      vertex -3.99985 4.76684 30.7356
    endloop
  endfacet
  facet normal 0.382685 0.923879 -0
    outer loop
      vertex -3.86235 4.70988 16
      vertex -4.2 4.84974 30.6439
      vertex -3.86235 4.70988 30.7927
    endloop
  endfacet
  facet normal 0.382685 0.923879 0
    outer loop
      vertex -4.2 4.84974 30.6439
      vertex -3.86235 4.70988 16
      vertex -4.2 4.84974 16
    endloop
  endfacet
  facet normal 0.793362 0.60875 0
    outer loop
      vertex -4.48995 5.07223 0
      vertex -4.71243 5.36218 -1
      vertex -4.71243 5.36218 0
    endloop
  endfacet
  facet normal 0.793362 0.60875 0
    outer loop
      vertex -4.71243 5.36218 -1
      vertex -4.48995 5.07223 0
      vertex -4.48995 5.07223 -1
    endloop
  endfacet
  facet normal 0.793362 0.60875 -0
    outer loop
      vertex -4.48995 5.07223 16
      vertex -4.71243 5.36218 30.306
      vertex -4.48995 5.07223 30.4759
    endloop
  endfacet
  facet normal 0.793362 0.60875 0
    outer loop
      vertex -4.71243 5.36218 30.306
      vertex -4.48995 5.07223 16
      vertex -4.71243 5.36218 16
    endloop
  endfacet
  facet normal 0.382685 -0.923879 0
    outer loop
      vertex -4.2 7.27461 -1
      vertex -3.86235 7.41447 0
      vertex -4.2 7.27461 0
    endloop
  endfacet
  facet normal 0.382685 -0.923879 0
    outer loop
      vertex -3.86235 7.41447 0
      vertex -4.2 7.27461 -1
      vertex -3.86235 7.41447 -1
    endloop
  endfacet
  facet normal 0.382685 -0.923879 0
    outer loop
      vertex -3.86235 7.41447 16
      vertex -4.2 7.27461 29.6079
      vertex -4.2 7.27461 16
    endloop
  endfacet
  facet normal 0.382685 -0.923879 0
    outer loop
      vertex -4.2 7.27461 29.6079
      vertex -3.86235 7.41447 16
      vertex -3.86235 7.41447 29.6263
    endloop
  endfacet
  facet normal -0.382658 0.92389 0
    outer loop
      vertex -2.8 4.84974 -1
      vertex -2.94752 4.78864 30.9623
      vertex -2.8 4.84974 30.9724
    endloop
  endfacet
  facet normal -0.382707 0.92387 -2.63259e-07
    outer loop
      vertex -2.94752 4.78864 30.9623
      vertex -2.8 4.84974 -1
      vertex -3.13765 4.70988 30.9493
    endloop
  endfacet
  facet normal -0.382685 0.923879 0
    outer loop
      vertex -3.13765 4.70988 30.9493
      vertex -2.8 4.84974 -1
      vertex -3.13765 4.70988 -1
    endloop
  endfacet
  facet normal -0.793362 -0.60875 0
    outer loop
      vertex -2.28757 6.76218 -1
      vertex -2.51005 7.05213 0
      vertex -2.51005 7.05213 -1
    endloop
  endfacet
  facet normal -0.793362 -0.60875 0
    outer loop
      vertex -2.51005 7.05213 0
      vertex -2.28757 6.76218 -1
      vertex -2.28757 6.76218 0
    endloop
  endfacet
  facet normal -0.793362 -0.60875 0
    outer loop
      vertex -2.28757 6.76218 16
      vertex -2.51005 7.05213 30.1346
      vertex -2.51005 7.05213 16
    endloop
  endfacet
  facet normal -0.793362 -0.60875 -0
    outer loop
      vertex -2.28757 6.76218 30.306
      vertex -2.51005 7.05213 30.1346
      vertex -2.28757 6.76218 16
    endloop
  endfacet
  facet normal -0.793439 -0.60865 0.000270386
    outer loop
      vertex -2.51005 7.05213 30.1346
      vertex -2.28757 6.76218 30.306
      vertex -2.44554 6.96806 30.1922
    endloop
  endfacet
  facet normal -0.130542 0.991443 0
    outer loop
      vertex -3.13765 -7.41447 -1
      vertex -3.5 -7.46218 0
      vertex -3.13765 -7.41447 0
    endloop
  endfacet
  facet normal -0.130542 0.991443 0
    outer loop
      vertex -3.5 -7.46218 0
      vertex -3.13765 -7.41447 -1
      vertex -3.5 -7.46218 -1
    endloop
  endfacet
  facet normal -0.131139 0.991362 0.00206736
    outer loop
      vertex -3.13765 -7.41447 29.8051
      vertex -3.5 -7.46218 29.6985
      vertex -3.47834 -7.45933 29.7058
    endloop
  endfacet
  facet normal -0.130542 0.991443 0
    outer loop
      vertex -3.13765 -7.41447 16
      vertex -3.5 -7.46218 29.6985
      vertex -3.13765 -7.41447 29.8051
    endloop
  endfacet
  facet normal -0.130542 0.991443 0
    outer loop
      vertex -3.5 -7.46218 29.6985
      vertex -3.13765 -7.41447 16
      vertex -3.5 -7.46218 16
    endloop
  endfacet
  facet normal -0.382685 0.923879 0
    outer loop
      vertex -2.8 -7.27461 -1
      vertex -3.13765 -7.41447 0
      vertex -2.8 -7.27461 0
    endloop
  endfacet
  facet normal -0.382685 0.923879 0
    outer loop
      vertex -3.13765 -7.41447 0
      vertex -2.8 -7.27461 -1
      vertex -3.13765 -7.41447 -1
    endloop
  endfacet
  facet normal -0.382714 0.923867 0
    outer loop
      vertex -2.8 -7.27461 16
      vertex -3.03336 -7.37128 29.8512
      vertex -2.8 -7.27461 29.9544
    endloop
  endfacet
  facet normal -0.382621 0.923905 1.83848e-06
    outer loop
      vertex -2.8 -7.27461 16
      vertex -3.13765 -7.41447 29.8051
      vertex -3.03336 -7.37128 29.8512
    endloop
  endfacet
  facet normal -0.382685 0.923879 0
    outer loop
      vertex -3.13765 -7.41447 29.8051
      vertex -2.8 -7.27461 16
      vertex -3.13765 -7.41447 16
    endloop
  endfacet
  facet normal -0.382707 -0.92387 -2.63259e-07
    outer loop
      vertex -2.8 -4.84974 -1
      vertex -2.94752 -4.78864 30.9623
      vertex -3.13765 -4.70988 30.9493
    endloop
  endfacet
  facet normal -0.382685 -0.923879 0
    outer loop
      vertex -2.8 -4.84974 -1
      vertex -3.13765 -4.70988 30.9493
      vertex -3.13765 -4.70988 -1
    endloop
  endfacet
  facet normal -0.382658 -0.92389 0
    outer loop
      vertex -2.94752 -4.78864 30.9623
      vertex -2.8 -4.84974 -1
      vertex -2.8 -4.84974 30.9724
    endloop
  endfacet
  facet normal 0.382685 0.923879 -0
    outer loop
      vertex -3.86235 -7.41447 -1
      vertex -4.2 -7.27461 0
      vertex -3.86235 -7.41447 0
    endloop
  endfacet
  facet normal 0.382685 0.923879 0
    outer loop
      vertex -4.2 -7.27461 0
      vertex -3.86235 -7.41447 -1
      vertex -4.2 -7.27461 -1
    endloop
  endfacet
  facet normal 0.382685 0.923879 -0
    outer loop
      vertex -3.86235 -7.41447 16
      vertex -4.2 -7.27461 29.6079
      vertex -3.86235 -7.41447 29.6263
    endloop
  endfacet
  facet normal 0.382685 0.923879 -0
    outer loop
      vertex -4.2 -7.27461 16
      vertex -4.2 -7.27461 29.6079
      vertex -3.86235 -7.41447 16
    endloop
  endfacet
  facet normal 0.60875 0.793362 -0
    outer loop
      vertex -4.2 -7.27461 -1
      vertex -4.48995 -7.05213 0
      vertex -4.2 -7.27461 0
    endloop
  endfacet
  facet normal 0.60875 0.793362 0
    outer loop
      vertex -4.48995 -7.05213 0
      vertex -4.2 -7.27461 -1
      vertex -4.48995 -7.05213 -1
    endloop
  endfacet
  facet normal 0.60875 0.793362 0
    outer loop
      vertex -4.48995 -7.05213 16
      vertex -4.2 -7.27461 29.6079
      vertex -4.2 -7.27461 16
    endloop
  endfacet
  facet normal 0.608748 0.793364 9.34766e-08
    outer loop
      vertex -4.2 -7.27461 29.6079
      vertex -4.48995 -7.05213 16
      vertex -4.28801 -7.20708 29.6135
    endloop
  endfacet
  facet normal 0.608752 0.793361 0
    outer loop
      vertex -4.28801 -7.20708 29.6135
      vertex -4.48995 -7.05213 16
      vertex -4.48995 -7.05213 29.6263
    endloop
  endfacet
  facet normal -0.923872 -0.382702 -0
    outer loop
      vertex -2.15402 -5.68458 16
      vertex -2.28757 -5.36218 -1
      vertex -2.15402 -5.68458 0
    endloop
  endfacet
  facet normal -0.923869 -0.382709 -2.54601e-06
    outer loop
      vertex -2.1477 -5.69983 -1
      vertex -2.15402 -5.68458 0
      vertex -2.28757 -5.36218 -1
    endloop
  endfacet
  facet normal -0.92381 -0.382851 0
    outer loop
      vertex -2.15402 -5.68458 0
      vertex -2.1477 -5.69983 -1
      vertex -2.1477 -5.69983 0
    endloop
  endfacet
  facet normal -0.923872 -0.382702 0
    outer loop
      vertex -2.28757 -5.36218 -1
      vertex -2.15402 -5.68458 16
      vertex -2.28757 -5.36218 30.8869
    endloop
  endfacet
  facet normal -0.92381 -0.382851 -0
    outer loop
      vertex -2.1477 -5.69983 30.7927
      vertex -2.15402 -5.68458 16
      vertex -2.1477 -5.69983 16
    endloop
  endfacet
  facet normal -0.923869 -0.382709 1.72063e-07
    outer loop
      vertex -2.15402 -5.68458 16
      vertex -2.1477 -5.69983 30.7927
      vertex -2.28757 -5.36218 30.8869
    endloop
  endfacet
  facet normal -0.991446 0.130518 0
    outer loop
      vertex -2.1477 -6.42452 -1
      vertex -2.1 -6.06218 0
      vertex -2.1 -6.06218 -1
    endloop
  endfacet
  facet normal -0.991446 0.130518 0
    outer loop
      vertex -2.1 -6.06218 0
      vertex -2.1477 -6.42452 -1
      vertex -2.1477 -6.42452 0
    endloop
  endfacet
  facet normal -0.991446 0.130518 0
    outer loop
      vertex -2.1477 -6.42452 30.4759
      vertex -2.1 -6.06218 16
      vertex -2.1477 -6.42452 16
    endloop
  endfacet
  facet normal -0.991446 0.130518 0
    outer loop
      vertex -2.1 -6.06218 16
      vertex -2.1477 -6.42452 30.4759
      vertex -2.1 -6.06218 30.6439
    endloop
  endfacet
  facet normal 0.608768 -0.793349 0
    outer loop
      vertex -4.48995 -5.07223 -1
      vertex -4.2 -4.84974 0
      vertex -4.48995 -5.07223 0
    endloop
  endfacet
  facet normal 0.608768 -0.793349 0
    outer loop
      vertex -4.2 -4.84974 0
      vertex -4.48995 -5.07223 -1
      vertex -4.2 -4.84974 -1
    endloop
  endfacet
  facet normal 0.608768 -0.793349 0
    outer loop
      vertex -4.2 -4.84974 16
      vertex -4.48995 -5.07223 30.4759
      vertex -4.48995 -5.07223 16
    endloop
  endfacet
  facet normal 0.608768 -0.793349 0
    outer loop
      vertex -4.48995 -5.07223 30.4759
      vertex -4.2 -4.84974 16
      vertex -4.2 -4.84974 30.6439
    endloop
  endfacet
  facet normal 0.923873 0.382699 0
    outer loop
      vertex -4.71243 -6.76218 0
      vertex -4.8523 -6.42452 -1
      vertex -4.8523 -6.42452 0
    endloop
  endfacet
  facet normal 0.923873 0.382699 0
    outer loop
      vertex -4.8523 -6.42452 -1
      vertex -4.71243 -6.76218 0
      vertex -4.71243 -6.76218 -1
    endloop
  endfacet
  facet normal 0.92459 0.380906 0.00662073
    outer loop
      vertex -4.71243 -6.76218 29.6985
      vertex -4.8523 -6.42452 29.8051
      vertex -4.7208 -6.74199 29.7058
    endloop
  endfacet
  facet normal 0.923873 0.382699 0
    outer loop
      vertex -4.8523 -6.42452 29.8051
      vertex -4.71243 -6.76218 29.6985
      vertex -4.8523 -6.42452 16
    endloop
  endfacet
  facet normal 0.923873 0.382699 0
    outer loop
      vertex -4.8523 -6.42452 16
      vertex -4.71243 -6.76218 29.6985
      vertex -4.71243 -6.76218 16
    endloop
  endfacet
  facet normal 0.991446 0.130518 0
    outer loop
      vertex -4.8523 -6.42452 0
      vertex -4.9 -6.06218 -1
      vertex -4.9 -6.06218 0
    endloop
  endfacet
  facet normal 0.991446 0.130518 0
    outer loop
      vertex -4.9 -6.06218 -1
      vertex -4.8523 -6.42452 0
      vertex -4.8523 -6.42452 -1
    endloop
  endfacet
  facet normal 0.991445 0.130527 0
    outer loop
      vertex -4.86703 -6.31261 29.8512
      vertex -4.9 -6.06218 16
      vertex -4.9 -6.06218 29.9544
    endloop
  endfacet
  facet normal 0.991449 0.130498 -5.32537e-07
    outer loop
      vertex -4.8523 -6.42452 29.8051
      vertex -4.9 -6.06218 16
      vertex -4.86703 -6.31261 29.8512
    endloop
  endfacet
  facet normal 0.991446 0.130518 0
    outer loop
      vertex -4.9 -6.06218 16
      vertex -4.8523 -6.42452 29.8051
      vertex -4.8523 -6.42452 16
    endloop
  endfacet
  facet normal -0.793349 -0.608768 0
    outer loop
      vertex -2.3462 -5.28576 30.9044
      vertex -2.51005 -5.07223 30.9493
      vertex -2.51005 -5.07223 -1
    endloop
  endfacet
  facet normal -0.793162 -0.609008 0.00182686
    outer loop
      vertex -2.51005 -5.07223 30.9493
      vertex -2.3462 -5.28576 30.9044
      vertex -2.41996 -5.18963 30.9265
    endloop
  endfacet
  facet normal -0.793362 -0.60875 -0
    outer loop
      vertex -2.28757 -5.36218 30.8869
      vertex -2.51005 -5.07223 -1
      vertex -2.28757 -5.36218 -1
    endloop
  endfacet
  facet normal -0.793399 -0.608702 6.99573e-07
    outer loop
      vertex -2.51005 -5.07223 -1
      vertex -2.28757 -5.36218 30.8869
      vertex -2.3462 -5.28576 30.9044
    endloop
  endfacet
  facet normal -0.793362 0.60875 0
    outer loop
      vertex -2.51005 -7.05213 -1
      vertex -2.28757 -6.76218 0
      vertex -2.28757 -6.76218 -1
    endloop
  endfacet
  facet normal -0.793362 0.60875 0
    outer loop
      vertex -2.28757 -6.76218 0
      vertex -2.51005 -7.05213 -1
      vertex -2.51005 -7.05213 0
    endloop
  endfacet
  facet normal -0.793362 0.60875 0
    outer loop
      vertex -2.51005 -7.05213 30.1346
      vertex -2.28757 -6.76218 30.306
      vertex -2.28757 -6.76218 16
    endloop
  endfacet
  facet normal -0.793362 0.60875 0
    outer loop
      vertex -2.51005 -7.05213 30.1346
      vertex -2.28757 -6.76218 16
      vertex -2.51005 -7.05213 16
    endloop
  endfacet
  facet normal -0.793439 0.60865 0.000270386
    outer loop
      vertex -2.28757 -6.76218 30.306
      vertex -2.51005 -7.05213 30.1346
      vertex -2.44554 -6.96806 30.1922
    endloop
  endfacet
  facet normal 0.793362 -0.60875 0
    outer loop
      vertex -4.71243 -5.36218 0
      vertex -4.48995 -5.07223 -1
      vertex -4.48995 -5.07223 0
    endloop
  endfacet
  facet normal 0.793362 -0.60875 0
    outer loop
      vertex -4.48995 -5.07223 -1
      vertex -4.71243 -5.36218 0
      vertex -4.71243 -5.36218 -1
    endloop
  endfacet
  facet normal 0.793362 -0.60875 0
    outer loop
      vertex -4.71243 -5.36218 30.306
      vertex -4.48995 -5.07223 16
      vertex -4.48995 -5.07223 30.4759
    endloop
  endfacet
  facet normal 0.793362 -0.60875 0
    outer loop
      vertex -4.48995 -5.07223 16
      vertex -4.71243 -5.36218 30.306
      vertex -4.71243 -5.36218 16
    endloop
  endfacet
  facet normal -0.60875 0.793362 0
    outer loop
      vertex -2.51005 -7.05213 -1
      vertex -2.8 -7.27461 0
      vertex -2.51005 -7.05213 0
    endloop
  endfacet
  facet normal -0.60875 0.793362 0
    outer loop
      vertex -2.8 -7.27461 0
      vertex -2.51005 -7.05213 -1
      vertex -2.8 -7.27461 -1
    endloop
  endfacet
  facet normal -0.608873 0.793268 0.000313604
    outer loop
      vertex -2.51005 -7.05213 30.1346
      vertex -2.8 -7.27461 29.9544
      vertex -2.58874 -7.11251 30.0877
    endloop
  endfacet
  facet normal -0.60875 0.793362 0
    outer loop
      vertex -2.51005 -7.05213 16
      vertex -2.8 -7.27461 29.9544
      vertex -2.51005 -7.05213 30.1346
    endloop
  endfacet
  facet normal -0.60875 0.793362 0
    outer loop
      vertex -2.8 -7.27461 29.9544
      vertex -2.51005 -7.05213 16
      vertex -2.8 -7.27461 16
    endloop
  endfacet
  facet normal 0.991446 -0.130515 0
    outer loop
      vertex -4.9 -6.06218 0
      vertex -4.8523 -5.69983 -1
      vertex -4.8523 -5.69983 0
    endloop
  endfacet
  facet normal 0.991446 -0.130515 0
    outer loop
      vertex -4.8523 -5.69983 -1
      vertex -4.9 -6.06218 0
      vertex -4.9 -6.06218 -1
    endloop
  endfacet
  facet normal 0.991454 -0.13046 0
    outer loop
      vertex -4.86524 -5.79817 30.0877
      vertex -4.8523 -5.69983 16
      vertex -4.8523 -5.69983 30.1346
    endloop
  endfacet
  facet normal 0.991444 -0.130535 -5.33654e-07
    outer loop
      vertex -4.9 -6.06218 29.9544
      vertex -4.8523 -5.69983 16
      vertex -4.86524 -5.79817 30.0877
    endloop
  endfacet
  facet normal 0.991446 -0.130515 0
    outer loop
      vertex -4.8523 -5.69983 16
      vertex -4.9 -6.06218 29.9544
      vertex -4.9 -6.06218 16
    endloop
  endfacet
  facet normal -0.923873 0.382699 0
    outer loop
      vertex -2.28757 -6.76218 -1
      vertex -2.1477 -6.42452 0
      vertex -2.1477 -6.42452 -1
    endloop
  endfacet
  facet normal -0.923873 0.382699 0
    outer loop
      vertex -2.1477 -6.42452 0
      vertex -2.28757 -6.76218 -1
      vertex -2.28757 -6.76218 0
    endloop
  endfacet
  facet normal -0.923869 0.38271 0
    outer loop
      vertex -2.1477 -6.42452 16
      vertex -2.22644 -6.6146 30.3803
      vertex -2.1477 -6.42452 30.4759
    endloop
  endfacet
  facet normal -0.923873 0.382699 0
    outer loop
      vertex -2.28757 -6.76218 30.306
      vertex -2.1477 -6.42452 16
      vertex -2.28757 -6.76218 16
    endloop
  endfacet
  facet normal -0.923879 0.382686 -3.71391e-07
    outer loop
      vertex -2.1477 -6.42452 16
      vertex -2.28757 -6.76218 30.306
      vertex -2.22644 -6.6146 30.3803
    endloop
  endfacet
  facet normal 0.130542 0.991443 -0
    outer loop
      vertex -3.5 -7.46218 -1
      vertex -3.86235 -7.41447 0
      vertex -3.5 -7.46218 0
    endloop
  endfacet
  facet normal 0.130542 0.991443 0
    outer loop
      vertex -3.86235 -7.41447 0
      vertex -3.5 -7.46218 -1
      vertex -3.86235 -7.41447 -1
    endloop
  endfacet
  facet normal 0.130553 0.991441 -0
    outer loop
      vertex -3.5 -7.46218 16
      vertex -3.64839 -7.44264 29.6689
      vertex -3.5 -7.46218 29.6985
    endloop
  endfacet
  facet normal 0.130534 0.991444 -2.13821e-07
    outer loop
      vertex -3.64839 -7.44264 29.6689
      vertex -3.5 -7.46218 16
      vertex -3.86235 -7.41447 29.6263
    endloop
  endfacet
  facet normal 0.130542 0.991443 0
    outer loop
      vertex -3.86235 -7.41447 29.6263
      vertex -3.5 -7.46218 16
      vertex -3.86235 -7.41447 16
    endloop
  endfacet
  facet normal -0.13022 -0.991484 -0.00173669
    outer loop
      vertex -3.5 -4.66218 30.8869
      vertex -3.13765 -4.70988 30.9493
      vertex -3.28437 -4.69057 30.9265
    endloop
  endfacet
  facet normal -0.130515 -0.991446 0
    outer loop
      vertex -3.13765 -4.70988 -1
      vertex -3.5 -4.66218 30.8869
      vertex -3.5 -4.66218 -1
    endloop
  endfacet
  facet normal -0.130515 -0.991446 0
    outer loop
      vertex -3.5 -4.66218 30.8869
      vertex -3.13765 -4.70988 -1
      vertex -3.13765 -4.70988 30.9493
    endloop
  endfacet
  facet normal 0.382685 -0.923879 0
    outer loop
      vertex -4.2 -4.84974 -1
      vertex -3.86235 -4.70988 0
      vertex -4.2 -4.84974 0
    endloop
  endfacet
  facet normal 0.382685 -0.923879 0
    outer loop
      vertex -3.86235 -4.70988 0
      vertex -4.2 -4.84974 -1
      vertex -3.86235 -4.70988 -1
    endloop
  endfacet
  facet normal 0.383078 -0.923715 -0.00115487
    outer loop
      vertex -3.94791 -4.74532 30.7583
      vertex -3.86235 -4.70988 30.7927
      vertex -3.89356 -4.72281 30.7821
    endloop
  endfacet
  facet normal 0.381665 -0.924296 0.0029582
    outer loop
      vertex -3.99985 -4.76684 30.7356
      vertex -3.86235 -4.70988 30.7927
      vertex -3.94791 -4.74532 30.7583
    endloop
  endfacet
  facet normal 0.383213 -0.923659 -0.00140405
    outer loop
      vertex -4.2 -4.84974 30.6439
      vertex -3.86235 -4.70988 30.7927
      vertex -3.99985 -4.76684 30.7356
    endloop
  endfacet
  facet normal 0.382685 -0.923879 0
    outer loop
      vertex -3.86235 -4.70988 16
      vertex -4.2 -4.84974 30.6439
      vertex -4.2 -4.84974 16
    endloop
  endfacet
  facet normal 0.382685 -0.923879 0
    outer loop
      vertex -4.2 -4.84974 30.6439
      vertex -3.86235 -4.70988 16
      vertex -3.86235 -4.70988 30.7927
    endloop
  endfacet
  facet normal 0.553037 0.756878 -0.348261
    outer loop
      vertex -2.8 -4.84974 30.9724
      vertex -2.51005 -5.07223 30.9493
      vertex -2.67332 -4.94695 30.9623
    endloop
  endfacet
  facet normal -0.608768 -0.793349 0
    outer loop
      vertex -2.8 -4.84974 -1
      vertex -2.51005 -5.07223 30.9493
      vertex -2.8 -4.84974 30.9724
    endloop
  endfacet
  facet normal -0.608768 -0.793349 -0
    outer loop
      vertex -2.51005 -5.07223 30.9493
      vertex -2.8 -4.84974 -1
      vertex -2.51005 -5.07223 -1
    endloop
  endfacet
  facet normal -0.991446 -0.130515 0
    outer loop
      vertex -2.1 -6.06218 -1
      vertex -2.1477 -5.69983 0
      vertex -2.1477 -5.69983 -1
    endloop
  endfacet
  facet normal -0.991446 -0.130515 0
    outer loop
      vertex -2.1477 -5.69983 0
      vertex -2.1 -6.06218 -1
      vertex -2.1 -6.06218 0
    endloop
  endfacet
  facet normal -0.991451 -0.130482 0
    outer loop
      vertex -2.12828 -5.84739 30.7356
      vertex -2.1477 -5.69983 30.7927
      vertex -2.1477 -5.69983 16
    endloop
  endfacet
  facet normal -0.991379 -0.131016 0.00160779
    outer loop
      vertex -2.1477 -5.69983 30.7927
      vertex -2.13562 -5.79166 30.7583
      vertex -2.14329 -5.73333 30.7821
    endloop
  endfacet
  facet normal -0.991679 -0.128647 -0.00482012
    outer loop
      vertex -2.1477 -5.69983 30.7927
      vertex -2.12828 -5.84739 30.7356
      vertex -2.13562 -5.79166 30.7583
    endloop
  endfacet
  facet normal -0.991446 -0.130515 -0
    outer loop
      vertex -2.1 -6.06218 30.6439
      vertex -2.1477 -5.69983 16
      vertex -2.1 -6.06218 16
    endloop
  endfacet
  facet normal -0.991443 -0.130537 -5.53645e-07
    outer loop
      vertex -2.1477 -5.69983 16
      vertex -2.1 -6.06218 30.6439
      vertex -2.12828 -5.84739 30.7356
    endloop
  endfacet
  facet normal 0 0 1
    outer loop
      vertex -2.1477 -5.69983 -1
      vertex -2.1477 -6.42452 -1
      vertex -2.1 -6.06218 -1
    endloop
  endfacet
  facet normal 0 0 1
    outer loop
      vertex -2.28757 -5.36218 -1
      vertex -2.1477 -6.42452 -1
      vertex -2.1477 -5.69983 -1
    endloop
  endfacet
  facet normal 0 0 1
    outer loop
      vertex -2.28757 -5.36218 -1
      vertex -2.28757 -6.76218 -1
      vertex -2.1477 -6.42452 -1
    endloop
  endfacet
  facet normal 0 0 1
    outer loop
      vertex -2.51005 -5.07223 -1
      vertex -2.28757 -6.76218 -1
      vertex -2.28757 -5.36218 -1
    endloop
  endfacet
  facet normal 0 0 1
    outer loop
      vertex -2.51005 -5.07223 -1
      vertex -2.51005 -7.05213 -1
      vertex -2.28757 -6.76218 -1
    endloop
  endfacet
  facet normal 0 0 1
    outer loop
      vertex -2.8 -4.84974 -1
      vertex -2.51005 -7.05213 -1
      vertex -2.51005 -5.07223 -1
    endloop
  endfacet
  facet normal 0 0 1
    outer loop
      vertex -2.8 -4.84974 -1
      vertex -2.8 -7.27461 -1
      vertex -2.51005 -7.05213 -1
    endloop
  endfacet
  facet normal 0 0 1
    outer loop
      vertex -3.13765 -4.70988 -1
      vertex -2.8 -7.27461 -1
      vertex -2.8 -4.84974 -1
    endloop
  endfacet
  facet normal 0 0 1
    outer loop
      vertex -3.13765 -4.70988 -1
      vertex -3.13765 -7.41447 -1
      vertex -2.8 -7.27461 -1
    endloop
  endfacet
  facet normal 0 0 1
    outer loop
      vertex -3.5 -4.66218 -1
      vertex -3.13765 -7.41447 -1
      vertex -3.13765 -4.70988 -1
    endloop
  endfacet
  facet normal 0 0 1
    outer loop
      vertex -3.5 -4.66218 -1
      vertex -3.5 -7.46218 -1
      vertex -3.13765 -7.41447 -1
    endloop
  endfacet
  facet normal -0 0 1
    outer loop
      vertex -3.86235 -4.70988 -1
      vertex -3.5 -7.46218 -1
      vertex -3.5 -4.66218 -1
    endloop
  endfacet
  facet normal 0 0 1
    outer loop
      vertex -3.86235 -4.70988 -1
      vertex -3.86235 -7.41447 -1
      vertex -3.5 -7.46218 -1
    endloop
  endfacet
  facet normal -0 0 1
    outer loop
      vertex -4.2 -4.84974 -1
      vertex -3.86235 -7.41447 -1
      vertex -3.86235 -4.70988 -1
    endloop
  endfacet
  facet normal 0 0 1
    outer loop
      vertex -4.2 -4.84974 -1
      vertex -4.2 -7.27461 -1
      vertex -3.86235 -7.41447 -1
    endloop
  endfacet
  facet normal -0 0 1
    outer loop
      vertex -4.48995 -5.07223 -1
      vertex -4.2 -7.27461 -1
      vertex -4.2 -4.84974 -1
    endloop
  endfacet
  facet normal 0 0 1
    outer loop
      vertex -4.48995 -5.07223 -1
      vertex -4.48995 -7.05213 -1
      vertex -4.2 -7.27461 -1
    endloop
  endfacet
  facet normal -0 0 1
    outer loop
      vertex -4.71243 -5.36218 -1
      vertex -4.48995 -7.05213 -1
      vertex -4.48995 -5.07223 -1
    endloop
  endfacet
  facet normal 0 0 1
    outer loop
      vertex -4.71243 -5.36218 -1
      vertex -4.71243 -6.76218 -1
      vertex -4.48995 -7.05213 -1
    endloop
  endfacet
  facet normal -0 0 1
    outer loop
      vertex -4.8523 -5.69983 -1
      vertex -4.71243 -6.76218 -1
      vertex -4.71243 -5.36218 -1
    endloop
  endfacet
  facet normal 0 0 1
    outer loop
      vertex -4.8523 -5.69983 -1
      vertex -4.8523 -6.42452 -1
      vertex -4.71243 -6.76218 -1
    endloop
  endfacet
  facet normal 0 -0 1
    outer loop
      vertex -4.8523 -6.42452 -1
      vertex -4.8523 -5.69983 -1
      vertex -4.9 -6.06218 -1
    endloop
  endfacet
  facet normal 0.793362 0.60875 0
    outer loop
      vertex -4.48995 -7.05213 0
      vertex -4.71243 -6.76218 -1
      vertex -4.71243 -6.76218 0
    endloop
  endfacet
  facet normal 0.793362 0.60875 0
    outer loop
      vertex -4.71243 -6.76218 -1
      vertex -4.48995 -7.05213 0
      vertex -4.48995 -7.05213 -1
    endloop
  endfacet
  facet normal 0.793362 0.60875 0
    outer loop
      vertex -4.48995 -7.05213 29.6263
      vertex -4.71243 -6.76218 16
      vertex -4.71243 -6.76218 29.6985
    endloop
  endfacet
  facet normal 0.793362 0.60875 0
    outer loop
      vertex -4.71243 -6.76218 16
      vertex -4.48995 -7.05213 29.6263
      vertex -4.48995 -7.05213 16
    endloop
  endfacet
  facet normal 0.130219 -0.991485 0
    outer loop
      vertex -3.86235 -4.70988 0
      vertex -3.86235 -4.70988 -1
      vertex -3.84598 -4.70773 0
    endloop
  endfacet
  facet normal 0.130219 -0.991485 0
    outer loop
      vertex -3.84598 -4.70773 16
      vertex -3.86235 -4.70988 30.7927
      vertex -3.86235 -4.70988 16
    endloop
  endfacet
  facet normal 0.130515 -0.991446 3.32197e-07
    outer loop
      vertex -3.86235 -4.70988 30.7927
      vertex -3.84598 -4.70773 16
      vertex -3.5 -4.66218 30.8869
    endloop
  endfacet
  facet normal 0.130529 -0.991445 0
    outer loop
      vertex -3.5 -4.66218 -1
      vertex -3.84598 -4.70773 16
      vertex -3.84598 -4.70773 0
    endloop
  endfacet
  facet normal 0.130529 -0.991445 0
    outer loop
      vertex -3.84598 -4.70773 16
      vertex -3.5 -4.66218 -1
      vertex -3.5 -4.66218 30.8869
    endloop
  endfacet
  facet normal 0.130515 -0.991446 -4.91551e-06
    outer loop
      vertex -3.5 -4.66218 -1
      vertex -3.84598 -4.70773 0
      vertex -3.86235 -4.70988 -1
    endloop
  endfacet
  facet normal 0.923869 -0.382709 0
    outer loop
      vertex -4.8523 -5.69983 0
      vertex -4.71243 -5.36218 -1
      vertex -4.71243 -5.36218 0
    endloop
  endfacet
  facet normal 0.923869 -0.382709 0
    outer loop
      vertex -4.71243 -5.36218 -1
      vertex -4.8523 -5.69983 0
      vertex -4.8523 -5.69983 -1
    endloop
  endfacet
  facet normal 0.923679 -0.383166 0.00109305
    outer loop
      vertex -4.84862 -5.69096 30.1398
      vertex -4.71243 -5.36218 30.306
      vertex -4.81175 -5.60193 30.1922
    endloop
  endfacet
  facet normal 0.925181 -0.379452 -0.00748555
    outer loop
      vertex -4.8523 -5.69983 30.1346
      vertex -4.71243 -5.36218 30.306
      vertex -4.84862 -5.69096 30.1398
    endloop
  endfacet
  facet normal 0.923869 -0.382709 0
    outer loop
      vertex -4.71243 -5.36218 30.306
      vertex -4.8523 -5.69983 30.1346
      vertex -4.71243 -5.36218 16
    endloop
  endfacet
  facet normal 0.923869 -0.382709 0
    outer loop
      vertex -4.71243 -5.36218 16
      vertex -4.8523 -5.69983 30.1346
      vertex -4.8523 -5.69983 16
    endloop
  endfacet
endsolid OpenSCAD_Model
