solid OpenSCAD_Model
  facet normal 0.995185 0.0980192 0
    outer loop
      vertex 33.7276 2.21063 3
      vertex 33.5108 4.41179 0
      vertex 33.5108 4.41179 3
    endloop
  endfacet
  facet normal 0.995185 0.0980192 0
    outer loop
      vertex 33.5108 4.41179 0
      vertex 33.7276 2.21063 3
      vertex 33.7276 2.21063 0
    endloop
  endfacet
  facet normal 0.999464 0.0327333 0
    outer loop
      vertex 33.8 0 3
      vertex 33.7276 2.21063 0
      vertex 33.7276 2.21063 3
    endloop
  endfacet
  facet normal 0.999464 0.0327333 0
    outer loop
      vertex 33.7276 2.21063 0
      vertex 33.8 0 3
      vertex 33.8 0 0
    endloop
  endfacet
  facet normal 0.986643 0.162899 0
    outer loop
      vertex 33.5108 4.41179 3
      vertex 33.1505 6.59405 0
      vertex 33.1505 6.59405 3
    endloop
  endfacet
  facet normal 0.986643 0.162899 0
    outer loop
      vertex 33.1505 6.59405 0
      vertex 33.5108 4.41179 3
      vertex 33.5108 4.41179 0
    endloop
  endfacet
  facet normal 0.973882 0.227055 0
    outer loop
      vertex 33.1505 6.59405 3
      vertex 32.6483 8.74808 0
      vertex 32.6483 8.74808 3
    endloop
  endfacet
  facet normal 0.973882 0.227055 0
    outer loop
      vertex 32.6483 8.74808 0
      vertex 33.1505 6.59405 3
      vertex 33.1505 6.59405 0
    endloop
  endfacet
  facet normal -0.995185 0.0980192 0
    outer loop
      vertex -33.7276 2.21063 0
      vertex -33.5108 4.41179 3
      vertex -33.5108 4.41179 0
    endloop
  endfacet
  facet normal -0.995185 0.0980192 0
    outer loop
      vertex -33.5108 4.41179 3
      vertex -33.7276 2.21063 0
      vertex -33.7276 2.21063 3
    endloop
  endfacet
  facet normal -0.634367 -0.773032 0
    outer loop
      vertex -22.2859 -25.4122 0
      vertex -20.5761 -26.8153 3
      vertex -22.2859 -25.4122 3
    endloop
  endfacet
  facet normal -0.634367 -0.773032 -0
    outer loop
      vertex -20.5761 -26.8153 3
      vertex -22.2859 -25.4122 0
      vertex -20.5761 -26.8153 0
    endloop
  endfacet
  facet normal 0.634367 0.773032 -0
    outer loop
      vertex 22.2859 25.4122 0
      vertex 20.5761 26.8153 3
      vertex 22.2859 25.4122 3
    endloop
  endfacet
  facet normal 0.634367 0.773032 0
    outer loop
      vertex 20.5761 26.8153 3
      vertex 22.2859 25.4122 0
      vertex 20.5761 26.8153 0
    endloop
  endfacet
  facet normal 0.0980192 0.995185 -0
    outer loop
      vertex 4.41179 33.5108 0
      vertex 2.21063 33.7276 3
      vertex 4.41179 33.5108 3
    endloop
  endfacet
  facet normal 0.0980192 0.995185 0
    outer loop
      vertex 2.21063 33.7276 3
      vertex 4.41179 33.5108 0
      vertex 2.21063 33.7276 0
    endloop
  endfacet
  facet normal 0.935905 -0.352253 0
    outer loop
      vertex 31.2271 -12.9347 3
      vertex 32.0062 -10.8647 0
      vertex 32.0062 -10.8647 3
    endloop
  endfacet
  facet normal 0.935905 -0.352253 0
    outer loop
      vertex 32.0062 -10.8647 0
      vertex 31.2271 -12.9347 3
      vertex 31.2271 -12.9347 0
    endloop
  endfacet
  facet normal 0.352253 -0.935905 0
    outer loop
      vertex 10.8647 -32.0062 0
      vertex 12.9347 -31.2271 3
      vertex 10.8647 -32.0062 3
    endloop
  endfacet
  facet normal 0.352253 -0.935905 0
    outer loop
      vertex 12.9347 -31.2271 3
      vertex 10.8647 -32.0062 0
      vertex 12.9347 -31.2271 0
    endloop
  endfacet
  facet normal 0.634367 -0.773032 0
    outer loop
      vertex 20.5761 -26.8153 0
      vertex 22.2859 -25.4122 3
      vertex 20.5761 -26.8153 3
    endloop
  endfacet
  facet normal 0.634367 -0.773032 0
    outer loop
      vertex 22.2859 -25.4122 3
      vertex 20.5761 -26.8153 0
      vertex 22.2859 -25.4122 0
    endloop
  endfacet
  facet normal 0.849203 -0.528067 0
    outer loop
      vertex 28.1037 -18.7783 3
      vertex 29.2717 -16.9 0
      vertex 29.2717 -16.9 3
    endloop
  endfacet
  facet normal 0.849203 -0.528067 0
    outer loop
      vertex 29.2717 -16.9 0
      vertex 28.1037 -18.7783 3
      vertex 28.1037 -18.7783 0
    endloop
  endfacet
  facet normal -0.352253 -0.935905 0
    outer loop
      vertex -12.9347 -31.2271 0
      vertex -10.8647 -32.0062 3
      vertex -12.9347 -31.2271 3
    endloop
  endfacet
  facet normal -0.352253 -0.935905 -0
    outer loop
      vertex -10.8647 -32.0062 3
      vertex -12.9347 -31.2271 0
      vertex -10.8647 -32.0062 0
    endloop
  endfacet
  facet normal -0.352253 0.935905 0
    outer loop
      vertex -10.8647 32.0062 0
      vertex -12.9347 31.2271 3
      vertex -10.8647 32.0062 3
    endloop
  endfacet
  facet normal -0.352253 0.935905 0
    outer loop
      vertex -12.9347 31.2271 3
      vertex -10.8647 32.0062 0
      vertex -12.9347 31.2271 0
    endloop
  endfacet
  facet normal 0.999464 -0.0327333 0
    outer loop
      vertex 33.7276 -2.21063 3
      vertex 33.8 0 0
      vertex 33.8 0 3
    endloop
  endfacet
  facet normal 0.999464 -0.0327333 0
    outer loop
      vertex 33.8 0 0
      vertex 33.7276 -2.21063 3
      vertex 33.7276 -2.21063 0
    endloop
  endfacet
  facet normal -0.227055 -0.973882 0
    outer loop
      vertex -8.74808 -32.6483 0
      vertex -6.59405 -33.1505 3
      vertex -8.74808 -32.6483 3
    endloop
  endfacet
  facet normal -0.227055 -0.973882 -0
    outer loop
      vertex -6.59405 -33.1505 3
      vertex -8.74808 -32.6483 0
      vertex -6.59405 -33.1505 0
    endloop
  endfacet
  facet normal 0.812822 0.582512 0
    outer loop
      vertex 28.1037 18.7783 3
      vertex 26.8153 20.5761 0
      vertex 26.8153 20.5761 3
    endloop
  endfacet
  facet normal 0.812822 0.582512 0
    outer loop
      vertex 26.8153 20.5761 0
      vertex 28.1037 18.7783 3
      vertex 28.1037 18.7783 0
    endloop
  endfacet
  facet normal -0.528067 0.849203 0
    outer loop
      vertex -16.9 29.2717 0
      vertex -18.7783 28.1037 3
      vertex -16.9 29.2717 3
    endloop
  endfacet
  facet normal -0.528067 0.849203 0
    outer loop
      vertex -18.7783 28.1037 3
      vertex -16.9 29.2717 0
      vertex -18.7783 28.1037 0
    endloop
  endfacet
  facet normal -0.412689 0.910872 0
    outer loop
      vertex -12.9347 31.2271 0
      vertex -14.9494 30.3143 3
      vertex -12.9347 31.2271 3
    endloop
  endfacet
  facet normal -0.412689 0.910872 0
    outer loop
      vertex -14.9494 30.3143 3
      vertex -12.9347 31.2271 0
      vertex -14.9494 30.3143 0
    endloop
  endfacet
  facet normal -0.729854 -0.683603 0
    outer loop
      vertex -23.9002 -23.9002 0
      vertex -25.4122 -22.2859 3
      vertex -25.4122 -22.2859 0
    endloop
  endfacet
  facet normal -0.729854 -0.683603 0
    outer loop
      vertex -25.4122 -22.2859 3
      vertex -23.9002 -23.9002 0
      vertex -23.9002 -23.9002 3
    endloop
  endfacet
  facet normal 0.729854 0.683603 0
    outer loop
      vertex 25.4122 22.2859 3
      vertex 23.9002 23.9002 0
      vertex 23.9002 23.9002 3
    endloop
  endfacet
  facet normal 0.729854 0.683603 0
    outer loop
      vertex 23.9002 23.9002 0
      vertex 25.4122 22.2859 3
      vertex 25.4122 22.2859 0
    endloop
  endfacet
  facet normal 0.471391 0.881925 -0
    outer loop
      vertex 16.9 29.2717 0
      vertex 14.9494 30.3143 3
      vertex 16.9 29.2717 3
    endloop
  endfacet
  facet normal 0.471391 0.881925 0
    outer loop
      vertex 14.9494 30.3143 3
      vertex 16.9 29.2717 0
      vertex 14.9494 30.3143 0
    endloop
  endfacet
  facet normal -0.582512 0.812822 0
    outer loop
      vertex -18.7783 28.1037 0
      vertex -20.5761 26.8153 3
      vertex -18.7783 28.1037 3
    endloop
  endfacet
  facet normal -0.582512 0.812822 0
    outer loop
      vertex -20.5761 26.8153 3
      vertex -18.7783 28.1037 0
      vertex -20.5761 26.8153 0
    endloop
  endfacet
  facet normal -0.0327333 -0.999464 0
    outer loop
      vertex -2.21063 -33.7276 0
      vertex 0 -33.8 3
      vertex -2.21063 -33.7276 3
    endloop
  endfacet
  facet normal -0.0327333 -0.999464 -0
    outer loop
      vertex 0 -33.8 3
      vertex -2.21063 -33.7276 0
      vertex 0 -33.8 0
    endloop
  endfacet
  facet normal -0.849203 -0.528067 0
    outer loop
      vertex -28.1037 -18.7783 0
      vertex -29.2717 -16.9 3
      vertex -29.2717 -16.9 0
    endloop
  endfacet
  facet normal -0.849203 -0.528067 0
    outer loop
      vertex -29.2717 -16.9 3
      vertex -28.1037 -18.7783 0
      vertex -28.1037 -18.7783 3
    endloop
  endfacet
  facet normal -0.0980192 -0.995185 0
    outer loop
      vertex -4.41179 -33.5108 0
      vertex -2.21063 -33.7276 3
      vertex -4.41179 -33.5108 3
    endloop
  endfacet
  facet normal -0.0980192 -0.995185 -0
    outer loop
      vertex -2.21063 -33.7276 3
      vertex -4.41179 -33.5108 0
      vertex -2.21063 -33.7276 0
    endloop
  endfacet
  facet normal -0.290297 -0.956937 0
    outer loop
      vertex -10.8647 -32.0062 0
      vertex -8.74808 -32.6483 3
      vertex -10.8647 -32.0062 3
    endloop
  endfacet
  facet normal -0.290297 -0.956937 -0
    outer loop
      vertex -8.74808 -32.6483 3
      vertex -10.8647 -32.0062 0
      vertex -8.74808 -32.6483 0
    endloop
  endfacet
  facet normal -0.995185 -0.0980192 0
    outer loop
      vertex -33.5108 -4.41179 0
      vertex -33.7276 -2.21063 3
      vertex -33.7276 -2.21063 0
    endloop
  endfacet
  facet normal -0.995185 -0.0980192 0
    outer loop
      vertex -33.7276 -2.21063 3
      vertex -33.5108 -4.41179 0
      vertex -33.5108 -4.41179 3
    endloop
  endfacet
  facet normal 0.471391 -0.881925 0
    outer loop
      vertex 14.9494 -30.3143 0
      vertex 16.9 -29.2717 3
      vertex 14.9494 -30.3143 3
    endloop
  endfacet
  facet normal 0.471391 -0.881925 0
    outer loop
      vertex 16.9 -29.2717 3
      vertex 14.9494 -30.3143 0
      vertex 16.9 -29.2717 0
    endloop
  endfacet
  facet normal 0.582512 -0.812822 0
    outer loop
      vertex 18.7783 -28.1037 0
      vertex 20.5761 -26.8153 3
      vertex 18.7783 -28.1037 3
    endloop
  endfacet
  facet normal 0.582512 -0.812822 0
    outer loop
      vertex 20.5761 -26.8153 3
      vertex 18.7783 -28.1037 0
      vertex 20.5761 -26.8153 0
    endloop
  endfacet
  facet normal 0.995185 -0.0980192 0
    outer loop
      vertex 33.5108 -4.41179 3
      vertex 33.7276 -2.21063 0
      vertex 33.7276 -2.21063 3
    endloop
  endfacet
  facet normal 0.995185 -0.0980192 0
    outer loop
      vertex 33.7276 -2.21063 0
      vertex 33.5108 -4.41179 3
      vertex 33.5108 -4.41179 0
    endloop
  endfacet
  facet normal -0.683603 -0.729854 0
    outer loop
      vertex -23.9002 -23.9002 0
      vertex -22.2859 -25.4122 3
      vertex -23.9002 -23.9002 3
    endloop
  endfacet
  facet normal -0.683603 -0.729854 -0
    outer loop
      vertex -22.2859 -25.4122 3
      vertex -23.9002 -23.9002 0
      vertex -22.2859 -25.4122 0
    endloop
  endfacet
  facet normal -0.290297 0.956937 0
    outer loop
      vertex -8.74808 32.6483 0
      vertex -10.8647 32.0062 3
      vertex -8.74808 32.6483 3
    endloop
  endfacet
  facet normal -0.290297 0.956937 0
    outer loop
      vertex -10.8647 32.0062 3
      vertex -8.74808 32.6483 0
      vertex -10.8647 32.0062 0
    endloop
  endfacet
  facet normal 0.910872 0.412689 0
    outer loop
      vertex 31.2271 12.9347 3
      vertex 30.3143 14.9494 0
      vertex 30.3143 14.9494 3
    endloop
  endfacet
  facet normal 0.910872 0.412689 0
    outer loop
      vertex 30.3143 14.9494 0
      vertex 31.2271 12.9347 3
      vertex 31.2271 12.9347 0
    endloop
  endfacet
  facet normal 0.935905 0.352253 0
    outer loop
      vertex 32.0062 10.8647 3
      vertex 31.2271 12.9347 0
      vertex 31.2271 12.9347 3
    endloop
  endfacet
  facet normal 0.935905 0.352253 0
    outer loop
      vertex 31.2271 12.9347 0
      vertex 32.0062 10.8647 3
      vertex 32.0062 10.8647 0
    endloop
  endfacet
  facet normal -0.683603 0.729854 0
    outer loop
      vertex -22.2859 25.4122 0
      vertex -23.9002 23.9002 3
      vertex -22.2859 25.4122 3
    endloop
  endfacet
  facet normal -0.683603 0.729854 0
    outer loop
      vertex -23.9002 23.9002 3
      vertex -22.2859 25.4122 0
      vertex -23.9002 23.9002 0
    endloop
  endfacet
  facet normal 0.956937 0.290297 0
    outer loop
      vertex 32.6483 8.74808 3
      vertex 32.0062 10.8647 0
      vertex 32.0062 10.8647 3
    endloop
  endfacet
  facet normal 0.956937 0.290297 0
    outer loop
      vertex 32.0062 10.8647 0
      vertex 32.6483 8.74808 3
      vertex 32.6483 8.74808 0
    endloop
  endfacet
  facet normal 0.986643 -0.162899 0
    outer loop
      vertex 33.1505 -6.59405 3
      vertex 33.5108 -4.41179 0
      vertex 33.5108 -4.41179 3
    endloop
  endfacet
  facet normal 0.986643 -0.162899 0
    outer loop
      vertex 33.5108 -4.41179 0
      vertex 33.1505 -6.59405 3
      vertex 33.1505 -6.59405 0
    endloop
  endfacet
  facet normal 0.729854 -0.683603 0
    outer loop
      vertex 23.9002 -23.9002 3
      vertex 25.4122 -22.2859 0
      vertex 25.4122 -22.2859 3
    endloop
  endfacet
  facet normal 0.729854 -0.683603 0
    outer loop
      vertex 25.4122 -22.2859 0
      vertex 23.9002 -23.9002 3
      vertex 23.9002 -23.9002 0
    endloop
  endfacet
  facet normal 0.352253 0.935905 -0
    outer loop
      vertex 12.9347 31.2271 0
      vertex 10.8647 32.0062 3
      vertex 12.9347 31.2271 3
    endloop
  endfacet
  facet normal 0.352253 0.935905 0
    outer loop
      vertex 10.8647 32.0062 3
      vertex 12.9347 31.2271 0
      vertex 10.8647 32.0062 0
    endloop
  endfacet
  facet normal 0.812822 -0.582512 0
    outer loop
      vertex 26.8153 -20.5761 3
      vertex 28.1037 -18.7783 0
      vertex 28.1037 -18.7783 3
    endloop
  endfacet
  facet normal 0.812822 -0.582512 0
    outer loop
      vertex 28.1037 -18.7783 0
      vertex 26.8153 -20.5761 3
      vertex 26.8153 -20.5761 0
    endloop
  endfacet
  facet normal 0.881925 -0.471391 0
    outer loop
      vertex 29.2717 -16.9 3
      vertex 30.3143 -14.9494 0
      vertex 30.3143 -14.9494 3
    endloop
  endfacet
  facet normal 0.881925 -0.471391 0
    outer loop
      vertex 30.3143 -14.9494 0
      vertex 29.2717 -16.9 3
      vertex 29.2717 -16.9 0
    endloop
  endfacet
  facet normal 0.973882 -0.227055 0
    outer loop
      vertex 32.6483 -8.74808 3
      vertex 33.1505 -6.59405 0
      vertex 33.1505 -6.59405 3
    endloop
  endfacet
  facet normal 0.973882 -0.227055 0
    outer loop
      vertex 33.1505 -6.59405 0
      vertex 32.6483 -8.74808 3
      vertex 32.6483 -8.74808 0
    endloop
  endfacet
  facet normal -0.986643 0.162899 0
    outer loop
      vertex -33.5108 4.41179 0
      vertex -33.1505 6.59405 3
      vertex -33.1505 6.59405 0
    endloop
  endfacet
  facet normal -0.986643 0.162899 0
    outer loop
      vertex -33.1505 6.59405 3
      vertex -33.5108 4.41179 0
      vertex -33.5108 4.41179 3
    endloop
  endfacet
  facet normal -0.162899 -0.986643 0
    outer loop
      vertex -6.59405 -33.1505 0
      vertex -4.41179 -33.5108 3
      vertex -6.59405 -33.1505 3
    endloop
  endfacet
  facet normal -0.162899 -0.986643 -0
    outer loop
      vertex -4.41179 -33.5108 3
      vertex -6.59405 -33.1505 0
      vertex -4.41179 -33.5108 0
    endloop
  endfacet
  facet normal 0.528067 0.849203 -0
    outer loop
      vertex 18.7783 28.1037 0
      vertex 16.9 29.2717 3
      vertex 18.7783 28.1037 3
    endloop
  endfacet
  facet normal 0.528067 0.849203 0
    outer loop
      vertex 16.9 29.2717 3
      vertex 18.7783 28.1037 0
      vertex 16.9 29.2717 0
    endloop
  endfacet
  facet normal -0.162899 0.986643 0
    outer loop
      vertex -4.41179 33.5108 0
      vertex -6.59405 33.1505 3
      vertex -4.41179 33.5108 3
    endloop
  endfacet
  facet normal -0.162899 0.986643 0
    outer loop
      vertex -6.59405 33.1505 3
      vertex -4.41179 33.5108 0
      vertex -6.59405 33.1505 0
    endloop
  endfacet
  facet normal -0.956937 -0.290297 0
    outer loop
      vertex -32.0062 -10.8647 0
      vertex -32.6483 -8.74808 3
      vertex -32.6483 -8.74808 0
    endloop
  endfacet
  facet normal -0.956937 -0.290297 0
    outer loop
      vertex -32.6483 -8.74808 3
      vertex -32.0062 -10.8647 0
      vertex -32.0062 -10.8647 3
    endloop
  endfacet
  facet normal -0.973882 0.227055 0
    outer loop
      vertex -33.1505 6.59405 0
      vertex -32.6483 8.74808 3
      vertex -32.6483 8.74808 0
    endloop
  endfacet
  facet normal -0.973882 0.227055 0
    outer loop
      vertex -32.6483 8.74808 3
      vertex -33.1505 6.59405 0
      vertex -33.1505 6.59405 3
    endloop
  endfacet
  facet normal 0.683603 0.729854 -0
    outer loop
      vertex 23.9002 23.9002 0
      vertex 22.2859 25.4122 3
      vertex 23.9002 23.9002 3
    endloop
  endfacet
  facet normal 0.683603 0.729854 0
    outer loop
      vertex 22.2859 25.4122 3
      vertex 23.9002 23.9002 0
      vertex 22.2859 25.4122 0
    endloop
  endfacet
  facet normal -0.0980192 0.995185 0
    outer loop
      vertex -2.21063 33.7276 0
      vertex -4.41179 33.5108 3
      vertex -2.21063 33.7276 3
    endloop
  endfacet
  facet normal -0.0980192 0.995185 0
    outer loop
      vertex -4.41179 33.5108 3
      vertex -2.21063 33.7276 0
      vertex -4.41179 33.5108 0
    endloop
  endfacet
  facet normal -0.0327333 0.999464 0
    outer loop
      vertex 0 33.8 0
      vertex -2.21063 33.7276 3
      vertex 0 33.8 3
    endloop
  endfacet
  facet normal -0.0327333 0.999464 0
    outer loop
      vertex -2.21063 33.7276 3
      vertex 0 33.8 0
      vertex -2.21063 33.7276 0
    endloop
  endfacet
  facet normal -0.729854 0.683603 0
    outer loop
      vertex -25.4122 22.2859 0
      vertex -23.9002 23.9002 3
      vertex -23.9002 23.9002 0
    endloop
  endfacet
  facet normal -0.729854 0.683603 0
    outer loop
      vertex -23.9002 23.9002 3
      vertex -25.4122 22.2859 0
      vertex -25.4122 22.2859 3
    endloop
  endfacet
  facet normal -0.999464 -0.0327333 0
    outer loop
      vertex -33.7276 -2.21063 0
      vertex -33.8 0 3
      vertex -33.8 0 0
    endloop
  endfacet
  facet normal -0.999464 -0.0327333 0
    outer loop
      vertex -33.8 0 3
      vertex -33.7276 -2.21063 0
      vertex -33.7276 -2.21063 3
    endloop
  endfacet
  facet normal -0.935905 -0.352253 0
    outer loop
      vertex -31.2271 -12.9347 0
      vertex -32.0062 -10.8647 3
      vertex -32.0062 -10.8647 0
    endloop
  endfacet
  facet normal -0.935905 -0.352253 0
    outer loop
      vertex -32.0062 -10.8647 3
      vertex -31.2271 -12.9347 0
      vertex -31.2271 -12.9347 3
    endloop
  endfacet
  facet normal -0.773032 -0.634367 0
    outer loop
      vertex -25.4122 -22.2859 0
      vertex -26.8153 -20.5761 3
      vertex -26.8153 -20.5761 0
    endloop
  endfacet
  facet normal -0.773032 -0.634367 0
    outer loop
      vertex -26.8153 -20.5761 3
      vertex -25.4122 -22.2859 0
      vertex -25.4122 -22.2859 3
    endloop
  endfacet
  facet normal 0.773032 -0.634367 0
    outer loop
      vertex 25.4122 -22.2859 3
      vertex 26.8153 -20.5761 0
      vertex 26.8153 -20.5761 3
    endloop
  endfacet
  facet normal 0.773032 -0.634367 0
    outer loop
      vertex 26.8153 -20.5761 0
      vertex 25.4122 -22.2859 3
      vertex 25.4122 -22.2859 0
    endloop
  endfacet
  facet normal -0.412689 -0.910872 0
    outer loop
      vertex -14.9494 -30.3143 0
      vertex -12.9347 -31.2271 3
      vertex -14.9494 -30.3143 3
    endloop
  endfacet
  facet normal -0.412689 -0.910872 -0
    outer loop
      vertex -12.9347 -31.2271 3
      vertex -14.9494 -30.3143 0
      vertex -12.9347 -31.2271 0
    endloop
  endfacet
  facet normal 0.528067 -0.849203 0
    outer loop
      vertex 16.9 -29.2717 0
      vertex 18.7783 -28.1037 3
      vertex 16.9 -29.2717 3
    endloop
  endfacet
  facet normal 0.528067 -0.849203 0
    outer loop
      vertex 18.7783 -28.1037 3
      vertex 16.9 -29.2717 0
      vertex 18.7783 -28.1037 0
    endloop
  endfacet
  facet normal 0.881925 0.471391 0
    outer loop
      vertex 30.3143 14.9494 3
      vertex 29.2717 16.9 0
      vertex 29.2717 16.9 3
    endloop
  endfacet
  facet normal 0.881925 0.471391 0
    outer loop
      vertex 29.2717 16.9 0
      vertex 30.3143 14.9494 3
      vertex 30.3143 14.9494 0
    endloop
  endfacet
  facet normal 0.412689 0.910872 -0
    outer loop
      vertex 14.9494 30.3143 0
      vertex 12.9347 31.2271 3
      vertex 14.9494 30.3143 3
    endloop
  endfacet
  facet normal 0.412689 0.910872 0
    outer loop
      vertex 12.9347 31.2271 3
      vertex 14.9494 30.3143 0
      vertex 12.9347 31.2271 0
    endloop
  endfacet
  facet normal 0.0980192 -0.995185 0
    outer loop
      vertex 2.21063 -33.7276 0
      vertex 4.41179 -33.5108 3
      vertex 2.21063 -33.7276 3
    endloop
  endfacet
  facet normal 0.0980192 -0.995185 0
    outer loop
      vertex 4.41179 -33.5108 3
      vertex 2.21063 -33.7276 0
      vertex 4.41179 -33.5108 0
    endloop
  endfacet
  facet normal -0.471391 0.881925 0
    outer loop
      vertex -14.9494 30.3143 0
      vertex -16.9 29.2717 3
      vertex -14.9494 30.3143 3
    endloop
  endfacet
  facet normal -0.471391 0.881925 0
    outer loop
      vertex -16.9 29.2717 3
      vertex -14.9494 30.3143 0
      vertex -16.9 29.2717 0
    endloop
  endfacet
  facet normal 0.412689 -0.910872 0
    outer loop
      vertex 12.9347 -31.2271 0
      vertex 14.9494 -30.3143 3
      vertex 12.9347 -31.2271 3
    endloop
  endfacet
  facet normal 0.412689 -0.910872 0
    outer loop
      vertex 14.9494 -30.3143 3
      vertex 12.9347 -31.2271 0
      vertex 14.9494 -30.3143 0
    endloop
  endfacet
  facet normal -0.956937 0.290297 0
    outer loop
      vertex -32.6483 8.74808 0
      vertex -32.0062 10.8647 3
      vertex -32.0062 10.8647 0
    endloop
  endfacet
  facet normal -0.956937 0.290297 0
    outer loop
      vertex -32.0062 10.8647 3
      vertex -32.6483 8.74808 0
      vertex -32.6483 8.74808 3
    endloop
  endfacet
  facet normal -0.986643 -0.162899 0
    outer loop
      vertex -33.1505 -6.59405 0
      vertex -33.5108 -4.41179 3
      vertex -33.5108 -4.41179 0
    endloop
  endfacet
  facet normal -0.986643 -0.162899 0
    outer loop
      vertex -33.5108 -4.41179 3
      vertex -33.1505 -6.59405 0
      vertex -33.1505 -6.59405 3
    endloop
  endfacet
  facet normal 0.849203 0.528067 0
    outer loop
      vertex 29.2717 16.9 3
      vertex 28.1037 18.7783 0
      vertex 28.1037 18.7783 3
    endloop
  endfacet
  facet normal 0.849203 0.528067 0
    outer loop
      vertex 28.1037 18.7783 0
      vertex 29.2717 16.9 3
      vertex 29.2717 16.9 0
    endloop
  endfacet
  facet normal -0.935905 0.352253 0
    outer loop
      vertex -32.0062 10.8647 0
      vertex -31.2271 12.9347 3
      vertex -31.2271 12.9347 0
    endloop
  endfacet
  facet normal -0.935905 0.352253 0
    outer loop
      vertex -31.2271 12.9347 3
      vertex -32.0062 10.8647 0
      vertex -32.0062 10.8647 3
    endloop
  endfacet
  facet normal 0.162899 -0.986643 0
    outer loop
      vertex 4.41179 -33.5108 0
      vertex 6.59405 -33.1505 3
      vertex 4.41179 -33.5108 3
    endloop
  endfacet
  facet normal 0.162899 -0.986643 0
    outer loop
      vertex 6.59405 -33.1505 3
      vertex 4.41179 -33.5108 0
      vertex 6.59405 -33.1505 0
    endloop
  endfacet
  facet normal -0.910872 -0.412689 0
    outer loop
      vertex -30.3143 -14.9494 0
      vertex -31.2271 -12.9347 3
      vertex -31.2271 -12.9347 0
    endloop
  endfacet
  facet normal -0.910872 -0.412689 0
    outer loop
      vertex -31.2271 -12.9347 3
      vertex -30.3143 -14.9494 0
      vertex -30.3143 -14.9494 3
    endloop
  endfacet
  facet normal 0.582512 0.812822 -0
    outer loop
      vertex 20.5761 26.8153 0
      vertex 18.7783 28.1037 3
      vertex 20.5761 26.8153 3
    endloop
  endfacet
  facet normal 0.582512 0.812822 0
    outer loop
      vertex 18.7783 28.1037 3
      vertex 20.5761 26.8153 0
      vertex 18.7783 28.1037 0
    endloop
  endfacet
  facet normal 0.773032 0.634367 0
    outer loop
      vertex 26.8153 20.5761 3
      vertex 25.4122 22.2859 0
      vertex 25.4122 22.2859 3
    endloop
  endfacet
  facet normal 0.773032 0.634367 0
    outer loop
      vertex 25.4122 22.2859 0
      vertex 26.8153 20.5761 3
      vertex 26.8153 20.5761 0
    endloop
  endfacet
  facet normal 0.956937 -0.290297 0
    outer loop
      vertex 32.0062 -10.8647 3
      vertex 32.6483 -8.74808 0
      vertex 32.6483 -8.74808 3
    endloop
  endfacet
  facet normal 0.956937 -0.290297 0
    outer loop
      vertex 32.6483 -8.74808 0
      vertex 32.0062 -10.8647 3
      vertex 32.0062 -10.8647 0
    endloop
  endfacet
  facet normal 0.227055 0.973882 -0
    outer loop
      vertex 8.74808 32.6483 0
      vertex 6.59405 33.1505 3
      vertex 8.74808 32.6483 3
    endloop
  endfacet
  facet normal 0.227055 0.973882 0
    outer loop
      vertex 6.59405 33.1505 3
      vertex 8.74808 32.6483 0
      vertex 6.59405 33.1505 0
    endloop
  endfacet
  facet normal 0.910872 -0.412689 0
    outer loop
      vertex 30.3143 -14.9494 3
      vertex 31.2271 -12.9347 0
      vertex 31.2271 -12.9347 3
    endloop
  endfacet
  facet normal 0.910872 -0.412689 0
    outer loop
      vertex 31.2271 -12.9347 0
      vertex 30.3143 -14.9494 3
      vertex 30.3143 -14.9494 0
    endloop
  endfacet
  facet normal -0.999464 0.0327333 0
    outer loop
      vertex -33.8 0 0
      vertex -33.7276 2.21063 3
      vertex -33.7276 2.21063 0
    endloop
  endfacet
  facet normal -0.999464 0.0327333 0
    outer loop
      vertex -33.7276 2.21063 3
      vertex -33.8 0 0
      vertex -33.8 0 3
    endloop
  endfacet
  facet normal -0.849203 0.528067 0
    outer loop
      vertex -29.2717 16.9 0
      vertex -28.1037 18.7783 3
      vertex -28.1037 18.7783 0
    endloop
  endfacet
  facet normal -0.849203 0.528067 0
    outer loop
      vertex -28.1037 18.7783 3
      vertex -29.2717 16.9 0
      vertex -29.2717 16.9 3
    endloop
  endfacet
  facet normal -0.910872 0.412689 0
    outer loop
      vertex -31.2271 12.9347 0
      vertex -30.3143 14.9494 3
      vertex -30.3143 14.9494 0
    endloop
  endfacet
  facet normal -0.910872 0.412689 0
    outer loop
      vertex -30.3143 14.9494 3
      vertex -31.2271 12.9347 0
      vertex -31.2271 12.9347 3
    endloop
  endfacet
  facet normal -0.582512 -0.812822 0
    outer loop
      vertex -20.5761 -26.8153 0
      vertex -18.7783 -28.1037 3
      vertex -20.5761 -26.8153 3
    endloop
  endfacet
  facet normal -0.582512 -0.812822 -0
    outer loop
      vertex -18.7783 -28.1037 3
      vertex -20.5761 -26.8153 0
      vertex -18.7783 -28.1037 0
    endloop
  endfacet
  facet normal -0.773032 0.634367 0
    outer loop
      vertex -26.8153 20.5761 0
      vertex -25.4122 22.2859 3
      vertex -25.4122 22.2859 0
    endloop
  endfacet
  facet normal -0.773032 0.634367 0
    outer loop
      vertex -25.4122 22.2859 3
      vertex -26.8153 20.5761 0
      vertex -26.8153 20.5761 3
    endloop
  endfacet
  facet normal 0.162899 0.986643 -0
    outer loop
      vertex 6.59405 33.1505 0
      vertex 4.41179 33.5108 3
      vertex 6.59405 33.1505 3
    endloop
  endfacet
  facet normal 0.162899 0.986643 0
    outer loop
      vertex 4.41179 33.5108 3
      vertex 6.59405 33.1505 0
      vertex 4.41179 33.5108 0
    endloop
  endfacet
  facet normal 0.0327333 -0.999464 0
    outer loop
      vertex 0 -33.8 0
      vertex 2.21063 -33.7276 3
      vertex 0 -33.8 3
    endloop
  endfacet
  facet normal 0.0327333 -0.999464 0
    outer loop
      vertex 2.21063 -33.7276 3
      vertex 0 -33.8 0
      vertex 2.21063 -33.7276 0
    endloop
  endfacet
  facet normal 0.227055 -0.973882 0
    outer loop
      vertex 6.59405 -33.1505 0
      vertex 8.74808 -32.6483 3
      vertex 6.59405 -33.1505 3
    endloop
  endfacet
  facet normal 0.227055 -0.973882 0
    outer loop
      vertex 8.74808 -32.6483 3
      vertex 6.59405 -33.1505 0
      vertex 8.74808 -32.6483 0
    endloop
  endfacet
  facet normal 0.290297 -0.956937 0
    outer loop
      vertex 8.74808 -32.6483 0
      vertex 10.8647 -32.0062 3
      vertex 8.74808 -32.6483 3
    endloop
  endfacet
  facet normal 0.290297 -0.956937 0
    outer loop
      vertex 10.8647 -32.0062 3
      vertex 8.74808 -32.6483 0
      vertex 10.8647 -32.0062 0
    endloop
  endfacet
  facet normal -0.528067 -0.849203 0
    outer loop
      vertex -18.7783 -28.1037 0
      vertex -16.9 -29.2717 3
      vertex -18.7783 -28.1037 3
    endloop
  endfacet
  facet normal -0.528067 -0.849203 -0
    outer loop
      vertex -16.9 -29.2717 3
      vertex -18.7783 -28.1037 0
      vertex -16.9 -29.2717 0
    endloop
  endfacet
  facet normal 0.683603 -0.729854 0
    outer loop
      vertex 22.2859 -25.4122 0
      vertex 23.9002 -23.9002 3
      vertex 22.2859 -25.4122 3
    endloop
  endfacet
  facet normal 0.683603 -0.729854 0
    outer loop
      vertex 23.9002 -23.9002 3
      vertex 22.2859 -25.4122 0
      vertex 23.9002 -23.9002 0
    endloop
  endfacet
  facet normal -0.812822 -0.582512 0
    outer loop
      vertex -26.8153 -20.5761 0
      vertex -28.1037 -18.7783 3
      vertex -28.1037 -18.7783 0
    endloop
  endfacet
  facet normal -0.812822 -0.582512 0
    outer loop
      vertex -28.1037 -18.7783 3
      vertex -26.8153 -20.5761 0
      vertex -26.8153 -20.5761 3
    endloop
  endfacet
  facet normal -0.881925 0.471391 0
    outer loop
      vertex -30.3143 14.9494 0
      vertex -29.2717 16.9 3
      vertex -29.2717 16.9 0
    endloop
  endfacet
  facet normal -0.881925 0.471391 0
    outer loop
      vertex -29.2717 16.9 3
      vertex -30.3143 14.9494 0
      vertex -30.3143 14.9494 3
    endloop
  endfacet
  facet normal -0 0 1
    outer loop
      vertex 2.77604 -0.365473 3
      vertex 5.5 -10.5 3
      vertex 2.794 -0.183128 3
    endloop
  endfacet
  facet normal -0 0 1
    outer loop
      vertex 2.7462 -0.546252 3
      vertex 5.5 -10.5 3
      vertex 2.77604 -0.365473 3
    endloop
  endfacet
  facet normal -0 0 1
    outer loop
      vertex 2.70459 -0.724693 3
      vertex 5.5 -10.5 3
      vertex 2.7462 -0.546252 3
    endloop
  endfacet
  facet normal -0 0 1
    outer loop
      vertex 2.6514 -0.90003 3
      vertex 5.5 -10.5 3
      vertex 2.70459 -0.724693 3
    endloop
  endfacet
  facet normal -0 0 1
    outer loop
      vertex 2.58686 -1.07151 3
      vertex 5.5 -10.5 3
      vertex 2.6514 -0.90003 3
    endloop
  endfacet
  facet normal -0 0 1
    outer loop
      vertex 2.51124 -1.23841 3
      vertex 5.5 -10.5 3
      vertex 2.58686 -1.07151 3
    endloop
  endfacet
  facet normal -0 0 1
    outer loop
      vertex 2.42487 -1.4 3
      vertex 5.5 -10.5 3
      vertex 2.51124 -1.23841 3
    endloop
  endfacet
  facet normal -0 0 1
    outer loop
      vertex 2.32811 -1.5556 3
      vertex 5.5 -10.5 3
      vertex 2.42487 -1.4 3
    endloop
  endfacet
  facet normal -0 0 1
    outer loop
      vertex 2.22139 -1.70453 3
      vertex 5.5 -10.5 3
      vertex 2.32811 -1.5556 3
    endloop
  endfacet
  facet normal -0 0 1
    outer loop
      vertex 2.10515 -1.84617 3
      vertex 5.5 -10.5 3
      vertex 2.22139 -1.70453 3
    endloop
  endfacet
  facet normal -0 0 1
    outer loop
      vertex 1.9799 -1.9799 3
      vertex 5.5 -10.5 3
      vertex 2.10515 -1.84617 3
    endloop
  endfacet
  facet normal -0 0 1
    outer loop
      vertex 1.84617 -2.10515 3
      vertex 5.5 -10.5 3
      vertex 1.9799 -1.9799 3
    endloop
  endfacet
  facet normal -0 0 1
    outer loop
      vertex 1.70453 -2.22139 3
      vertex 5.5 -10.5 3
      vertex 1.84617 -2.10515 3
    endloop
  endfacet
  facet normal -0 0 1
    outer loop
      vertex 1.5556 -2.32811 3
      vertex 5.5 -10.5 3
      vertex 1.70453 -2.22139 3
    endloop
  endfacet
  facet normal -0 0 1
    outer loop
      vertex 1.4 -2.42487 3
      vertex 5.5 -10.5 3
      vertex 1.5556 -2.32811 3
    endloop
  endfacet
  facet normal -0 0 1
    outer loop
      vertex 1.23841 -2.51124 3
      vertex 5.5 -10.5 3
      vertex 1.4 -2.42487 3
    endloop
  endfacet
  facet normal -0 0 1
    outer loop
      vertex 1.07151 -2.58686 3
      vertex 5.5 -10.5 3
      vertex 1.23841 -2.51124 3
    endloop
  endfacet
  facet normal -0 0 1
    outer loop
      vertex 0.90003 -2.6514 3
      vertex 5.5 -10.5 3
      vertex 1.07151 -2.58686 3
    endloop
  endfacet
  facet normal -0 0 1
    outer loop
      vertex 0.724693 -2.70459 3
      vertex 5.5 -10.5 3
      vertex 0.90003 -2.6514 3
    endloop
  endfacet
  facet normal -0 0 1
    outer loop
      vertex 0.546252 -2.7462 3
      vertex 5.5 -10.5 3
      vertex 0.724693 -2.70459 3
    endloop
  endfacet
  facet normal -0 0 1
    outer loop
      vertex 0.365473 -2.77604 3
      vertex 5.5 -10.5 3
      vertex 0.546252 -2.7462 3
    endloop
  endfacet
  facet normal -0 0 1
    outer loop
      vertex 0.183128 -2.794 3
      vertex 5.5 -10.5 3
      vertex 0.365473 -2.77604 3
    endloop
  endfacet
  facet normal 0 0 1
    outer loop
      vertex 5.5 -10.5 3
      vertex 2.21063 -33.7276 3
      vertex 4.41179 -33.5108 3
    endloop
  endfacet
  facet normal -0 0 1
    outer loop
      vertex 0 -2.8 3
      vertex 5.5 -10.5 3
      vertex 0.183128 -2.794 3
    endloop
  endfacet
  facet normal 0 0 1
    outer loop
      vertex -0.183128 -2.794 3
      vertex 5.5 -10.5 3
      vertex 0 -2.8 3
    endloop
  endfacet
  facet normal 0 0 1
    outer loop
      vertex 5.5 -10.5 3
      vertex 0 -33.8 3
      vertex 2.21063 -33.7276 3
    endloop
  endfacet
  facet normal 0 0 1
    outer loop
      vertex -0.365473 -2.77604 3
      vertex 5.5 -10.5 3
      vertex -0.183128 -2.794 3
    endloop
  endfacet
  facet normal 0 0 1
    outer loop
      vertex -0.546252 -2.7462 3
      vertex 5.5 -10.5 3
      vertex -0.365473 -2.77604 3
    endloop
  endfacet
  facet normal 0 0 1
    outer loop
      vertex -0.724693 -2.70459 3
      vertex 5.5 -10.5 3
      vertex -0.546252 -2.7462 3
    endloop
  endfacet
  facet normal 0 0 1
    outer loop
      vertex -0.90003 -2.6514 3
      vertex 5.5 -10.5 3
      vertex -0.724693 -2.70459 3
    endloop
  endfacet
  facet normal 0 0 1
    outer loop
      vertex -1.07151 -2.58686 3
      vertex 5.5 -10.5 3
      vertex -0.90003 -2.6514 3
    endloop
  endfacet
  facet normal 0 0 1
    outer loop
      vertex -1.23841 -2.51124 3
      vertex 5.5 -10.5 3
      vertex -1.07151 -2.58686 3
    endloop
  endfacet
  facet normal 0 0 1
    outer loop
      vertex -1.4 -2.42487 3
      vertex 5.5 -10.5 3
      vertex -1.23841 -2.51124 3
    endloop
  endfacet
  facet normal 0 0 1
    outer loop
      vertex -16.9 -29.2717 3
      vertex 5.5 -10.5 3
      vertex -1.4 -2.42487 3
    endloop
  endfacet
  facet normal 0 0 1
    outer loop
      vertex -16.9 -29.2717 3
      vertex -1.4 -2.42487 3
      vertex -1.5556 -2.32811 3
    endloop
  endfacet
  facet normal 0 0 1
    outer loop
      vertex -18.7783 -28.1037 3
      vertex -1.5556 -2.32811 3
      vertex -1.70453 -2.22139 3
    endloop
  endfacet
  facet normal 0 0 1
    outer loop
      vertex -20.5761 -26.8153 3
      vertex -1.70453 -2.22139 3
      vertex -1.84617 -2.10515 3
    endloop
  endfacet
  facet normal 0 0 1
    outer loop
      vertex -22.2859 -25.4122 3
      vertex -1.84617 -2.10515 3
      vertex -1.9799 -1.9799 3
    endloop
  endfacet
  facet normal 0 0 1
    outer loop
      vertex -23.9002 -23.9002 3
      vertex -1.9799 -1.9799 3
      vertex -2.10515 -1.84617 3
    endloop
  endfacet
  facet normal 0 0 1
    outer loop
      vertex 5.5 -10.5 3
      vertex -2.21063 -33.7276 3
      vertex 0 -33.8 3
    endloop
  endfacet
  facet normal 0 0 1
    outer loop
      vertex -25.4122 -22.2859 3
      vertex -2.10515 -1.84617 3
      vertex -2.22139 -1.70453 3
    endloop
  endfacet
  facet normal 0 0 1
    outer loop
      vertex -26.8153 -20.5761 3
      vertex -2.22139 -1.70453 3
      vertex -2.32811 -1.5556 3
    endloop
  endfacet
  facet normal 0 0 1
    outer loop
      vertex -28.1037 -18.7783 3
      vertex -2.32811 -1.5556 3
      vertex -2.42487 -1.4 3
    endloop
  endfacet
  facet normal 0 0 1
    outer loop
      vertex -29.2717 -16.9 3
      vertex -2.42487 -1.4 3
      vertex -2.51124 -1.23841 3
    endloop
  endfacet
  facet normal 0 0 1
    outer loop
      vertex -30.3143 -14.9494 3
      vertex -2.51124 -1.23841 3
      vertex -2.58686 -1.07151 3
    endloop
  endfacet
  facet normal 0 0 1
    outer loop
      vertex -31.2271 -12.9347 3
      vertex -2.58686 -1.07151 3
      vertex -2.6514 -0.90003 3
    endloop
  endfacet
  facet normal 0 0 1
    outer loop
      vertex -32.0062 -10.8647 3
      vertex -2.6514 -0.90003 3
      vertex -2.70459 -0.724693 3
    endloop
  endfacet
  facet normal 0 0 1
    outer loop
      vertex -32.6483 -8.74808 3
      vertex -2.70459 -0.724693 3
      vertex -2.7462 -0.546252 3
    endloop
  endfacet
  facet normal 0 0 1
    outer loop
      vertex -33.1505 -6.59405 3
      vertex -2.7462 -0.546252 3
      vertex -2.77604 -0.365473 3
    endloop
  endfacet
  facet normal 0 0 1
    outer loop
      vertex -33.5108 -4.41179 3
      vertex -2.77604 -0.365473 3
      vertex -2.794 -0.183128 3
    endloop
  endfacet
  facet normal 0 0 1
    outer loop
      vertex -33.7276 -2.21063 3
      vertex -2.794 -0.183128 3
      vertex -2.8 0 3
    endloop
  endfacet
  facet normal 0 0 1
    outer loop
      vertex -2.10515 1.84617 3
      vertex -25.4122 22.2859 3
      vertex -2.22139 1.70453 3
    endloop
  endfacet
  facet normal 0 0 1
    outer loop
      vertex 5.5 -10.5 3
      vertex -4.41179 -33.5108 3
      vertex -2.21063 -33.7276 3
    endloop
  endfacet
  facet normal -0 0 1
    outer loop
      vertex -26.8153 20.5761 3
      vertex -2.22139 1.70453 3
      vertex -25.4122 22.2859 3
    endloop
  endfacet
  facet normal 0 0 1
    outer loop
      vertex 5.5 -10.5 3
      vertex -6.59405 -33.1505 3
      vertex -4.41179 -33.5108 3
    endloop
  endfacet
  facet normal 0 0 1
    outer loop
      vertex -2.22139 1.70453 3
      vertex -26.8153 20.5761 3
      vertex -2.32811 1.5556 3
    endloop
  endfacet
  facet normal 0 0 1
    outer loop
      vertex 5.5 -10.5 3
      vertex -8.74808 -32.6483 3
      vertex -6.59405 -33.1505 3
    endloop
  endfacet
  facet normal -0 0 1
    outer loop
      vertex -28.1037 18.7783 3
      vertex -2.32811 1.5556 3
      vertex -26.8153 20.5761 3
    endloop
  endfacet
  facet normal 0 0 1
    outer loop
      vertex 5.5 -10.5 3
      vertex -10.8647 -32.0062 3
      vertex -8.74808 -32.6483 3
    endloop
  endfacet
  facet normal 0 0 1
    outer loop
      vertex -2.32811 1.5556 3
      vertex -28.1037 18.7783 3
      vertex -2.42487 1.4 3
    endloop
  endfacet
  facet normal 0 0 1
    outer loop
      vertex 5.5 -10.5 3
      vertex -12.9347 -31.2271 3
      vertex -10.8647 -32.0062 3
    endloop
  endfacet
  facet normal -0 0 1
    outer loop
      vertex -29.2717 16.9 3
      vertex -2.42487 1.4 3
      vertex -28.1037 18.7783 3
    endloop
  endfacet
  facet normal 0 0 1
    outer loop
      vertex 5.5 -10.5 3
      vertex -14.9494 -30.3143 3
      vertex -12.9347 -31.2271 3
    endloop
  endfacet
  facet normal 0 0 1
    outer loop
      vertex -2.42487 1.4 3
      vertex -29.2717 16.9 3
      vertex -2.51124 1.23841 3
    endloop
  endfacet
  facet normal 0 0 1
    outer loop
      vertex 5.5 -10.5 3
      vertex -16.9 -29.2717 3
      vertex -14.9494 -30.3143 3
    endloop
  endfacet
  facet normal -0 0 1
    outer loop
      vertex -30.3143 14.9494 3
      vertex -2.51124 1.23841 3
      vertex -29.2717 16.9 3
    endloop
  endfacet
  facet normal 0 0 1
    outer loop
      vertex -1.5556 -2.32811 3
      vertex -18.7783 -28.1037 3
      vertex -16.9 -29.2717 3
    endloop
  endfacet
  facet normal 0 0 1
    outer loop
      vertex -2.51124 1.23841 3
      vertex -30.3143 14.9494 3
      vertex -2.58686 1.07151 3
    endloop
  endfacet
  facet normal 0 0 1
    outer loop
      vertex -1.70453 -2.22139 3
      vertex -20.5761 -26.8153 3
      vertex -18.7783 -28.1037 3
    endloop
  endfacet
  facet normal -0 0 1
    outer loop
      vertex -31.2271 12.9347 3
      vertex -2.58686 1.07151 3
      vertex -30.3143 14.9494 3
    endloop
  endfacet
  facet normal 0 0 1
    outer loop
      vertex -1.84617 -2.10515 3
      vertex -22.2859 -25.4122 3
      vertex -20.5761 -26.8153 3
    endloop
  endfacet
  facet normal 0 0 1
    outer loop
      vertex -2.58686 1.07151 3
      vertex -31.2271 12.9347 3
      vertex -2.6514 0.90003 3
    endloop
  endfacet
  facet normal 0 0 1
    outer loop
      vertex -1.9799 -1.9799 3
      vertex -23.9002 -23.9002 3
      vertex -22.2859 -25.4122 3
    endloop
  endfacet
  facet normal -0 0 1
    outer loop
      vertex -32.0062 10.8647 3
      vertex -2.6514 0.90003 3
      vertex -31.2271 12.9347 3
    endloop
  endfacet
  facet normal 0 0 1
    outer loop
      vertex -2.10515 -1.84617 3
      vertex -25.4122 -22.2859 3
      vertex -23.9002 -23.9002 3
    endloop
  endfacet
  facet normal 0 0 1
    outer loop
      vertex -2.6514 0.90003 3
      vertex -32.0062 10.8647 3
      vertex -2.70459 0.724693 3
    endloop
  endfacet
  facet normal 0 0 1
    outer loop
      vertex -2.22139 -1.70453 3
      vertex -26.8153 -20.5761 3
      vertex -25.4122 -22.2859 3
    endloop
  endfacet
  facet normal -0 0 1
    outer loop
      vertex -32.6483 8.74808 3
      vertex -2.70459 0.724693 3
      vertex -32.0062 10.8647 3
    endloop
  endfacet
  facet normal 0 0 1
    outer loop
      vertex -2.32811 -1.5556 3
      vertex -28.1037 -18.7783 3
      vertex -26.8153 -20.5761 3
    endloop
  endfacet
  facet normal 0 0 1
    outer loop
      vertex -2.70459 0.724693 3
      vertex -32.6483 8.74808 3
      vertex -2.7462 0.546252 3
    endloop
  endfacet
  facet normal 0 0 1
    outer loop
      vertex -2.42487 -1.4 3
      vertex -29.2717 -16.9 3
      vertex -28.1037 -18.7783 3
    endloop
  endfacet
  facet normal -0 0 1
    outer loop
      vertex -33.1505 6.59405 3
      vertex -2.7462 0.546252 3
      vertex -32.6483 8.74808 3
    endloop
  endfacet
  facet normal 0 0 1
    outer loop
      vertex -2.51124 -1.23841 3
      vertex -30.3143 -14.9494 3
      vertex -29.2717 -16.9 3
    endloop
  endfacet
  facet normal 0 0 1
    outer loop
      vertex -2.7462 0.546252 3
      vertex -33.1505 6.59405 3
      vertex -2.77604 0.365473 3
    endloop
  endfacet
  facet normal 0 0 1
    outer loop
      vertex -2.58686 -1.07151 3
      vertex -31.2271 -12.9347 3
      vertex -30.3143 -14.9494 3
    endloop
  endfacet
  facet normal -0 0 1
    outer loop
      vertex -33.5108 4.41179 3
      vertex -2.77604 0.365473 3
      vertex -33.1505 6.59405 3
    endloop
  endfacet
  facet normal 0 0 1
    outer loop
      vertex -2.6514 -0.90003 3
      vertex -32.0062 -10.8647 3
      vertex -31.2271 -12.9347 3
    endloop
  endfacet
  facet normal 0 0 1
    outer loop
      vertex -2.77604 0.365473 3
      vertex -33.5108 4.41179 3
      vertex -2.794 0.183128 3
    endloop
  endfacet
  facet normal 0 0 1
    outer loop
      vertex -2.70459 -0.724693 3
      vertex -32.6483 -8.74808 3
      vertex -32.0062 -10.8647 3
    endloop
  endfacet
  facet normal -0 0 1
    outer loop
      vertex -33.7276 2.21063 3
      vertex -2.794 0.183128 3
      vertex -33.5108 4.41179 3
    endloop
  endfacet
  facet normal 0 0 1
    outer loop
      vertex -2.7462 -0.546252 3
      vertex -33.1505 -6.59405 3
      vertex -32.6483 -8.74808 3
    endloop
  endfacet
  facet normal 0 0 1
    outer loop
      vertex -2.794 0.183128 3
      vertex -33.7276 2.21063 3
      vertex -2.8 0 3
    endloop
  endfacet
  facet normal 0 0 1
    outer loop
      vertex -2.77604 -0.365473 3
      vertex -33.5108 -4.41179 3
      vertex -33.1505 -6.59405 3
    endloop
  endfacet
  facet normal 0 0 1
    outer loop
      vertex -33.8 0 3
      vertex -2.8 0 3
      vertex -33.7276 2.21063 3
    endloop
  endfacet
  facet normal 0 0 1
    outer loop
      vertex -2.794 -0.183128 3
      vertex -33.7276 -2.21063 3
      vertex -33.5108 -4.41179 3
    endloop
  endfacet
  facet normal 0 0 1
    outer loop
      vertex -2.8 0 3
      vertex -33.8 0 3
      vertex -33.7276 -2.21063 3
    endloop
  endfacet
  facet normal 0 0 1
    outer loop
      vertex 30.5 10.5 3
      vertex 33.8 0 3
      vertex 33.7276 2.21063 3
    endloop
  endfacet
  facet normal 0 0 1
    outer loop
      vertex 30.5 10.5 3
      vertex 33.7276 2.21063 3
      vertex 33.5108 4.41179 3
    endloop
  endfacet
  facet normal 0 0 1
    outer loop
      vertex 30.5 -10.5 3
      vertex 33.8 0 3
      vertex 30.5 10.5 3
    endloop
  endfacet
  facet normal 0 0 1
    outer loop
      vertex 30.5 10.5 3
      vertex 33.5108 4.41179 3
      vertex 33.1505 6.59405 3
    endloop
  endfacet
  facet normal 0 0 1
    outer loop
      vertex 33.8 0 3
      vertex 30.5 -10.5 3
      vertex 33.7276 -2.21063 3
    endloop
  endfacet
  facet normal 0 0 1
    outer loop
      vertex 30.5 10.5 3
      vertex 33.1505 6.59405 3
      vertex 32.6483 8.74808 3
    endloop
  endfacet
  facet normal 0 0 1
    outer loop
      vertex 33.7276 -2.21063 3
      vertex 30.5 -10.5 3
      vertex 33.5108 -4.41179 3
    endloop
  endfacet
  facet normal -0 0 1
    outer loop
      vertex 30.5 10.5 3
      vertex 32.6483 8.74808 3
      vertex 32.0062 10.8647 3
    endloop
  endfacet
  facet normal 0 0 1
    outer loop
      vertex 33.5108 -4.41179 3
      vertex 30.5 -10.5 3
      vertex 33.1505 -6.59405 3
    endloop
  endfacet
  facet normal 0 0 1
    outer loop
      vertex 30.5 10.5 3
      vertex 32.0062 10.8647 3
      vertex 31.2271 12.9347 3
    endloop
  endfacet
  facet normal 0 0 1
    outer loop
      vertex 33.1505 -6.59405 3
      vertex 30.5 -10.5 3
      vertex 32.6483 -8.74808 3
    endloop
  endfacet
  facet normal 0 0 1
    outer loop
      vertex 32.6483 -8.74808 3
      vertex 30.5 -10.5 3
      vertex 32.0062 -10.8647 3
    endloop
  endfacet
  facet normal 0 0 1
    outer loop
      vertex 30.3143 14.9494 3
      vertex 30.5 10.5 3
      vertex 31.2271 12.9347 3
    endloop
  endfacet
  facet normal 0 0 1
    outer loop
      vertex 29.2717 16.9 3
      vertex 30.5 10.5 3
      vertex 30.3143 14.9494 3
    endloop
  endfacet
  facet normal 0 0 1
    outer loop
      vertex 28.1037 18.7783 3
      vertex 30.5 10.5 3
      vertex 29.2717 16.9 3
    endloop
  endfacet
  facet normal 0 0 1
    outer loop
      vertex 5.5 10.5 3
      vertex 28.1037 18.7783 3
      vertex 26.8153 20.5761 3
    endloop
  endfacet
  facet normal 0 0 1
    outer loop
      vertex 5.5 10.5 3
      vertex 26.8153 20.5761 3
      vertex 25.4122 22.2859 3
    endloop
  endfacet
  facet normal 0 0 1
    outer loop
      vertex 5.5 10.5 3
      vertex 25.4122 22.2859 3
      vertex 23.9002 23.9002 3
    endloop
  endfacet
  facet normal 0 0 1
    outer loop
      vertex 5.5 10.5 3
      vertex 23.9002 23.9002 3
      vertex 22.2859 25.4122 3
    endloop
  endfacet
  facet normal 0 0 1
    outer loop
      vertex 5.5 10.5 3
      vertex 22.2859 25.4122 3
      vertex 20.5761 26.8153 3
    endloop
  endfacet
  facet normal 0 0 1
    outer loop
      vertex 5.5 10.5 3
      vertex 20.5761 26.8153 3
      vertex 18.7783 28.1037 3
    endloop
  endfacet
  facet normal 0 0 1
    outer loop
      vertex 5.5 10.5 3
      vertex 18.7783 28.1037 3
      vertex 16.9 29.2717 3
    endloop
  endfacet
  facet normal 0 0 1
    outer loop
      vertex 5.5 10.5 3
      vertex 16.9 29.2717 3
      vertex 14.9494 30.3143 3
    endloop
  endfacet
  facet normal 0 0 1
    outer loop
      vertex 5.5 10.5 3
      vertex 14.9494 30.3143 3
      vertex 12.9347 31.2271 3
    endloop
  endfacet
  facet normal 0 0 1
    outer loop
      vertex 5.5 10.5 3
      vertex 12.9347 31.2271 3
      vertex 10.8647 32.0062 3
    endloop
  endfacet
  facet normal 0 0 1
    outer loop
      vertex 5.5 10.5 3
      vertex 10.8647 32.0062 3
      vertex 8.74808 32.6483 3
    endloop
  endfacet
  facet normal 0 0 1
    outer loop
      vertex 5.5 10.5 3
      vertex 8.74808 32.6483 3
      vertex 6.59405 33.1505 3
    endloop
  endfacet
  facet normal 0 0 1
    outer loop
      vertex 28.1037 18.7783 3
      vertex 5.5 10.5 3
      vertex 30.5 10.5 3
    endloop
  endfacet
  facet normal 0 0 1
    outer loop
      vertex 2.21063 33.7276 3
      vertex 5.5 10.5 3
      vertex 4.41179 33.5108 3
    endloop
  endfacet
  facet normal 0 0 1
    outer loop
      vertex 4.41179 33.5108 3
      vertex 5.5 10.5 3
      vertex 6.59405 33.1505 3
    endloop
  endfacet
  facet normal 0 0 1
    outer loop
      vertex 32.0062 -10.8647 3
      vertex 30.5 -10.5 3
      vertex 31.2271 -12.9347 3
    endloop
  endfacet
  facet normal 0 0 1
    outer loop
      vertex 30.5 -10.5 3
      vertex 30.3143 -14.9494 3
      vertex 31.2271 -12.9347 3
    endloop
  endfacet
  facet normal 0 0 1
    outer loop
      vertex 30.5 -10.5 3
      vertex 29.2717 -16.9 3
      vertex 30.3143 -14.9494 3
    endloop
  endfacet
  facet normal 0 0 1
    outer loop
      vertex 30.5 -10.5 3
      vertex 28.1037 -18.7783 3
      vertex 29.2717 -16.9 3
    endloop
  endfacet
  facet normal -0 0 1
    outer loop
      vertex 5.5 -10.5 3
      vertex 28.1037 -18.7783 3
      vertex 30.5 -10.5 3
    endloop
  endfacet
  facet normal 0 0 1
    outer loop
      vertex 28.1037 -18.7783 3
      vertex 5.5 -10.5 3
      vertex 26.8153 -20.5761 3
    endloop
  endfacet
  facet normal 0 0 1
    outer loop
      vertex 26.8153 -20.5761 3
      vertex 5.5 -10.5 3
      vertex 25.4122 -22.2859 3
    endloop
  endfacet
  facet normal 0 0 1
    outer loop
      vertex 25.4122 -22.2859 3
      vertex 5.5 -10.5 3
      vertex 23.9002 -23.9002 3
    endloop
  endfacet
  facet normal 0 0 1
    outer loop
      vertex 23.9002 -23.9002 3
      vertex 5.5 -10.5 3
      vertex 22.2859 -25.4122 3
    endloop
  endfacet
  facet normal 0 0 1
    outer loop
      vertex 22.2859 -25.4122 3
      vertex 5.5 -10.5 3
      vertex 20.5761 -26.8153 3
    endloop
  endfacet
  facet normal 0 0 1
    outer loop
      vertex 20.5761 -26.8153 3
      vertex 5.5 -10.5 3
      vertex 18.7783 -28.1037 3
    endloop
  endfacet
  facet normal 0 0 1
    outer loop
      vertex 18.7783 -28.1037 3
      vertex 5.5 -10.5 3
      vertex 16.9 -29.2717 3
    endloop
  endfacet
  facet normal 0 0 1
    outer loop
      vertex 16.9 -29.2717 3
      vertex 5.5 -10.5 3
      vertex 14.9494 -30.3143 3
    endloop
  endfacet
  facet normal 0 0 1
    outer loop
      vertex 14.9494 -30.3143 3
      vertex 5.5 -10.5 3
      vertex 12.9347 -31.2271 3
    endloop
  endfacet
  facet normal 0 0 1
    outer loop
      vertex 12.9347 -31.2271 3
      vertex 5.5 -10.5 3
      vertex 10.8647 -32.0062 3
    endloop
  endfacet
  facet normal 0 0 1
    outer loop
      vertex 10.8647 -32.0062 3
      vertex 5.5 -10.5 3
      vertex 8.74808 -32.6483 3
    endloop
  endfacet
  facet normal 0 0 1
    outer loop
      vertex 8.74808 -32.6483 3
      vertex 5.5 -10.5 3
      vertex 6.59405 -33.1505 3
    endloop
  endfacet
  facet normal 0 0 1
    outer loop
      vertex 5.5 -10.5 3
      vertex 4.41179 -33.5108 3
      vertex 6.59405 -33.1505 3
    endloop
  endfacet
  facet normal 0 -0 1
    outer loop
      vertex 2.794 0.183128 3
      vertex 5.5 10.5 3
      vertex 2.77604 0.365473 3
    endloop
  endfacet
  facet normal -0 0 1
    outer loop
      vertex 2.794 -0.183128 3
      vertex 5.5 -10.5 3
      vertex 2.8 0 3
    endloop
  endfacet
  facet normal 0 0 1
    outer loop
      vertex 5.5 10.5 3
      vertex 2.8 0 3
      vertex 5.5 -10.5 3
    endloop
  endfacet
  facet normal 0 -0 1
    outer loop
      vertex 2.8 0 3
      vertex 5.5 10.5 3
      vertex 2.794 0.183128 3
    endloop
  endfacet
  facet normal 0 0 1
    outer loop
      vertex 5.5 10.5 3
      vertex 2.7462 0.546252 3
      vertex 2.77604 0.365473 3
    endloop
  endfacet
  facet normal 0 0 1
    outer loop
      vertex 5.5 10.5 3
      vertex 2.70459 0.724693 3
      vertex 2.7462 0.546252 3
    endloop
  endfacet
  facet normal 0 0 1
    outer loop
      vertex 5.5 10.5 3
      vertex 2.6514 0.90003 3
      vertex 2.70459 0.724693 3
    endloop
  endfacet
  facet normal 0 0 1
    outer loop
      vertex 5.5 10.5 3
      vertex 2.58686 1.07151 3
      vertex 2.6514 0.90003 3
    endloop
  endfacet
  facet normal 0 0 1
    outer loop
      vertex 5.5 10.5 3
      vertex 2.51124 1.23841 3
      vertex 2.58686 1.07151 3
    endloop
  endfacet
  facet normal 0 0 1
    outer loop
      vertex 5.5 10.5 3
      vertex 2.42487 1.4 3
      vertex 2.51124 1.23841 3
    endloop
  endfacet
  facet normal 0 0 1
    outer loop
      vertex 5.5 10.5 3
      vertex 2.32811 1.5556 3
      vertex 2.42487 1.4 3
    endloop
  endfacet
  facet normal 0 0 1
    outer loop
      vertex 5.5 10.5 3
      vertex 2.22139 1.70453 3
      vertex 2.32811 1.5556 3
    endloop
  endfacet
  facet normal 0 0 1
    outer loop
      vertex 0 33.8 3
      vertex 5.5 10.5 3
      vertex 2.21063 33.7276 3
    endloop
  endfacet
  facet normal 0 0 1
    outer loop
      vertex 5.5 10.5 3
      vertex 2.10515 1.84617 3
      vertex 2.22139 1.70453 3
    endloop
  endfacet
  facet normal 0 0 1
    outer loop
      vertex 5.5 10.5 3
      vertex 1.9799 1.9799 3
      vertex 2.10515 1.84617 3
    endloop
  endfacet
  facet normal 0 0 1
    outer loop
      vertex 5.5 10.5 3
      vertex 1.84617 2.10515 3
      vertex 1.9799 1.9799 3
    endloop
  endfacet
  facet normal 0 0 1
    outer loop
      vertex 5.5 10.5 3
      vertex 1.70453 2.22139 3
      vertex 1.84617 2.10515 3
    endloop
  endfacet
  facet normal 0 0 1
    outer loop
      vertex 5.5 10.5 3
      vertex 1.5556 2.32811 3
      vertex 1.70453 2.22139 3
    endloop
  endfacet
  facet normal 0 0 1
    outer loop
      vertex 5.5 10.5 3
      vertex 1.4 2.42487 3
      vertex 1.5556 2.32811 3
    endloop
  endfacet
  facet normal 0 0 1
    outer loop
      vertex 5.5 10.5 3
      vertex 1.23841 2.51124 3
      vertex 1.4 2.42487 3
    endloop
  endfacet
  facet normal 0 0 1
    outer loop
      vertex 5.5 10.5 3
      vertex 1.07151 2.58686 3
      vertex 1.23841 2.51124 3
    endloop
  endfacet
  facet normal 0 0 1
    outer loop
      vertex 5.5 10.5 3
      vertex 0.90003 2.6514 3
      vertex 1.07151 2.58686 3
    endloop
  endfacet
  facet normal 0 0 1
    outer loop
      vertex 5.5 10.5 3
      vertex 0.724693 2.70459 3
      vertex 0.90003 2.6514 3
    endloop
  endfacet
  facet normal 0 0 1
    outer loop
      vertex 5.5 10.5 3
      vertex 0.546252 2.7462 3
      vertex 0.724693 2.70459 3
    endloop
  endfacet
  facet normal 0 0 1
    outer loop
      vertex 5.5 10.5 3
      vertex 0.365473 2.77604 3
      vertex 0.546252 2.7462 3
    endloop
  endfacet
  facet normal 0 0 1
    outer loop
      vertex 5.5 10.5 3
      vertex 0.183128 2.794 3
      vertex 0.365473 2.77604 3
    endloop
  endfacet
  facet normal -0 0 1
    outer loop
      vertex -2.21063 33.7276 3
      vertex 5.5 10.5 3
      vertex 0 33.8 3
    endloop
  endfacet
  facet normal 0 0 1
    outer loop
      vertex 5.5 10.5 3
      vertex 0 2.8 3
      vertex 0.183128 2.794 3
    endloop
  endfacet
  facet normal 0 0 1
    outer loop
      vertex 5.5 10.5 3
      vertex -0.183128 2.794 3
      vertex 0 2.8 3
    endloop
  endfacet
  facet normal -0 0 1
    outer loop
      vertex -4.41179 33.5108 3
      vertex 5.5 10.5 3
      vertex -2.21063 33.7276 3
    endloop
  endfacet
  facet normal 0 0 1
    outer loop
      vertex 5.5 10.5 3
      vertex -0.365473 2.77604 3
      vertex -0.183128 2.794 3
    endloop
  endfacet
  facet normal -0 0 1
    outer loop
      vertex -6.59405 33.1505 3
      vertex 5.5 10.5 3
      vertex -4.41179 33.5108 3
    endloop
  endfacet
  facet normal 0 0 1
    outer loop
      vertex 5.5 10.5 3
      vertex -0.546252 2.7462 3
      vertex -0.365473 2.77604 3
    endloop
  endfacet
  facet normal 0 0 1
    outer loop
      vertex 5.5 10.5 3
      vertex -0.724693 2.70459 3
      vertex -0.546252 2.7462 3
    endloop
  endfacet
  facet normal 0 0 1
    outer loop
      vertex 5.5 10.5 3
      vertex -0.90003 2.6514 3
      vertex -0.724693 2.70459 3
    endloop
  endfacet
  facet normal 0 0 1
    outer loop
      vertex 5.5 10.5 3
      vertex -1.07151 2.58686 3
      vertex -0.90003 2.6514 3
    endloop
  endfacet
  facet normal 0 0 1
    outer loop
      vertex 5.5 10.5 3
      vertex -1.23841 2.51124 3
      vertex -1.07151 2.58686 3
    endloop
  endfacet
  facet normal 0 0 1
    outer loop
      vertex 5.5 10.5 3
      vertex -1.4 2.42487 3
      vertex -1.23841 2.51124 3
    endloop
  endfacet
  facet normal -0 0 1
    outer loop
      vertex -8.74808 32.6483 3
      vertex 5.5 10.5 3
      vertex -6.59405 33.1505 3
    endloop
  endfacet
  facet normal -0 0 1
    outer loop
      vertex -10.8647 32.0062 3
      vertex 5.5 10.5 3
      vertex -8.74808 32.6483 3
    endloop
  endfacet
  facet normal -0 0 1
    outer loop
      vertex -12.9347 31.2271 3
      vertex 5.5 10.5 3
      vertex -10.8647 32.0062 3
    endloop
  endfacet
  facet normal -0 0 1
    outer loop
      vertex -14.9494 30.3143 3
      vertex 5.5 10.5 3
      vertex -12.9347 31.2271 3
    endloop
  endfacet
  facet normal -0 0 1
    outer loop
      vertex -16.9 29.2717 3
      vertex 5.5 10.5 3
      vertex -14.9494 30.3143 3
    endloop
  endfacet
  facet normal 0 0 1
    outer loop
      vertex 5.5 10.5 3
      vertex -16.9 29.2717 3
      vertex -1.4 2.42487 3
    endloop
  endfacet
  facet normal 0 0 1
    outer loop
      vertex -1.4 2.42487 3
      vertex -16.9 29.2717 3
      vertex -1.5556 2.32811 3
    endloop
  endfacet
  facet normal -0 0 1
    outer loop
      vertex -18.7783 28.1037 3
      vertex -1.5556 2.32811 3
      vertex -16.9 29.2717 3
    endloop
  endfacet
  facet normal 0 0 1
    outer loop
      vertex -1.5556 2.32811 3
      vertex -18.7783 28.1037 3
      vertex -1.70453 2.22139 3
    endloop
  endfacet
  facet normal -0 0 1
    outer loop
      vertex -20.5761 26.8153 3
      vertex -1.70453 2.22139 3
      vertex -18.7783 28.1037 3
    endloop
  endfacet
  facet normal 0 0 1
    outer loop
      vertex -1.70453 2.22139 3
      vertex -20.5761 26.8153 3
      vertex -1.84617 2.10515 3
    endloop
  endfacet
  facet normal -0 0 1
    outer loop
      vertex -22.2859 25.4122 3
      vertex -1.84617 2.10515 3
      vertex -20.5761 26.8153 3
    endloop
  endfacet
  facet normal 0 0 1
    outer loop
      vertex -1.84617 2.10515 3
      vertex -22.2859 25.4122 3
      vertex -1.9799 1.9799 3
    endloop
  endfacet
  facet normal -0 0 1
    outer loop
      vertex -23.9002 23.9002 3
      vertex -1.9799 1.9799 3
      vertex -22.2859 25.4122 3
    endloop
  endfacet
  facet normal 0 0 1
    outer loop
      vertex -1.9799 1.9799 3
      vertex -23.9002 23.9002 3
      vertex -2.10515 1.84617 3
    endloop
  endfacet
  facet normal -0 0 1
    outer loop
      vertex -25.4122 22.2859 3
      vertex -2.10515 1.84617 3
      vertex -23.9002 23.9002 3
    endloop
  endfacet
  facet normal 0.0327333 0.999464 -0
    outer loop
      vertex 2.21063 33.7276 0
      vertex 0 33.8 3
      vertex 2.21063 33.7276 3
    endloop
  endfacet
  facet normal 0.0327333 0.999464 0
    outer loop
      vertex 0 33.8 3
      vertex 2.21063 33.7276 0
      vertex 0 33.8 0
    endloop
  endfacet
  facet normal -0.227055 0.973882 0
    outer loop
      vertex -6.59405 33.1505 0
      vertex -8.74808 32.6483 3
      vertex -6.59405 33.1505 3
    endloop
  endfacet
  facet normal -0.227055 0.973882 0
    outer loop
      vertex -8.74808 32.6483 3
      vertex -6.59405 33.1505 0
      vertex -8.74808 32.6483 0
    endloop
  endfacet
  facet normal 0 0 -1
    outer loop
      vertex 31.5 0 0
      vertex 33.8 0 0
      vertex 33.7276 -2.21063 0
    endloop
  endfacet
  facet normal 0 0 -1
    outer loop
      vertex 31.4326 -2.0602 0
      vertex 33.7276 -2.21063 0
      vertex 33.5108 -4.41179 0
    endloop
  endfacet
  facet normal 0 0 -1
    outer loop
      vertex 33.8 0 0
      vertex 31.5 0 0
      vertex 33.7276 2.21063 0
    endloop
  endfacet
  facet normal 0 0 -1
    outer loop
      vertex 31.2305 -4.11157 0
      vertex 33.5108 -4.41179 0
      vertex 33.1505 -6.59405 0
    endloop
  endfacet
  facet normal 0 0 -1
    outer loop
      vertex 31.4326 2.0602 0
      vertex 33.7276 2.21063 0
      vertex 31.5 0 0
    endloop
  endfacet
  facet normal 0 0 -1
    outer loop
      vertex 30.8947 -6.14534 0
      vertex 33.1505 -6.59405 0
      vertex 32.6483 -8.74808 0
    endloop
  endfacet
  facet normal -0 0 -1
    outer loop
      vertex 33.7276 2.21063 0
      vertex 31.4326 2.0602 0
      vertex 33.5108 4.41179 0
    endloop
  endfacet
  facet normal 0 0 -1
    outer loop
      vertex 30.4267 -8.1528 0
      vertex 32.6483 -8.74808 0
      vertex 32.0062 -10.8647 0
    endloop
  endfacet
  facet normal 0 0 -1
    outer loop
      vertex 31.2305 4.11157 0
      vertex 33.5108 4.41179 0
      vertex 31.4326 2.0602 0
    endloop
  endfacet
  facet normal -0 0 -1
    outer loop
      vertex 33.5108 4.41179 0
      vertex 31.2305 4.11157 0
      vertex 33.1505 6.59405 0
    endloop
  endfacet
  facet normal 0 0 -1
    outer loop
      vertex 33.7276 -2.21063 0
      vertex 31.4326 -2.0602 0
      vertex 31.5 0 0
    endloop
  endfacet
  facet normal 0 0 -1
    outer loop
      vertex 33.5108 -4.41179 0
      vertex 31.2305 -4.11157 0
      vertex 31.4326 -2.0602 0
    endloop
  endfacet
  facet normal 0 0 -1
    outer loop
      vertex 29.8283 -10.1253 0
      vertex 32.0062 -10.8647 0
      vertex 31.2271 -12.9347 0
    endloop
  endfacet
  facet normal 0 0 -1
    outer loop
      vertex 33.1505 -6.59405 0
      vertex 30.8947 -6.14534 0
      vertex 31.2305 -4.11157 0
    endloop
  endfacet
  facet normal 0 0 -1
    outer loop
      vertex 32.6483 -8.74808 0
      vertex 30.4267 -8.1528 0
      vertex 30.8947 -6.14534 0
    endloop
  endfacet
  facet normal 0 0 -1
    outer loop
      vertex 29.1022 -12.0545 0
      vertex 31.2271 -12.9347 0
      vertex 30.3143 -14.9494 0
    endloop
  endfacet
  facet normal 0 0 -1
    outer loop
      vertex 32.0062 -10.8647 0
      vertex 29.8283 -10.1253 0
      vertex 30.4267 -8.1528 0
    endloop
  endfacet
  facet normal 0 0 -1
    outer loop
      vertex 28.2515 -13.9321 0
      vertex 30.3143 -14.9494 0
      vertex 29.2717 -16.9 0
    endloop
  endfacet
  facet normal 0 0 -1
    outer loop
      vertex 31.2271 -12.9347 0
      vertex 29.1022 -12.0545 0
      vertex 29.8283 -10.1253 0
    endloop
  endfacet
  facet normal 0 0 -1
    outer loop
      vertex 30.3143 -14.9494 0
      vertex 28.2515 -13.9321 0
      vertex 29.1022 -12.0545 0
    endloop
  endfacet
  facet normal 0 0 -1
    outer loop
      vertex 27.2798 -15.75 0
      vertex 29.2717 -16.9 0
      vertex 28.1037 -18.7783 0
    endloop
  endfacet
  facet normal 0 0 -1
    outer loop
      vertex 29.2717 -16.9 0
      vertex 27.2798 -15.75 0
      vertex 28.2515 -13.9321 0
    endloop
  endfacet
  facet normal 0 0 -1
    outer loop
      vertex 26.1913 -17.5005 0
      vertex 28.1037 -18.7783 0
      vertex 26.8153 -20.5761 0
    endloop
  endfacet
  facet normal 0 0 -1
    outer loop
      vertex 28.1037 -18.7783 0
      vertex 26.1913 -17.5005 0
      vertex 27.2798 -15.75 0
    endloop
  endfacet
  facet normal 0 0 -1
    outer loop
      vertex 24.9906 -19.176 0
      vertex 26.8153 -20.5761 0
      vertex 25.4122 -22.2859 0
    endloop
  endfacet
  facet normal 0 0 -1
    outer loop
      vertex 26.8153 -20.5761 0
      vertex 24.9906 -19.176 0
      vertex 26.1913 -17.5005 0
    endloop
  endfacet
  facet normal 0 0 -1
    outer loop
      vertex 23.683 -20.7694 0
      vertex 25.4122 -22.2859 0
      vertex 23.9002 -23.9002 0
    endloop
  endfacet
  facet normal 0 0 -1
    outer loop
      vertex 25.4122 -22.2859 0
      vertex 23.683 -20.7694 0
      vertex 24.9906 -19.176 0
    endloop
  endfacet
  facet normal 0 0 -1
    outer loop
      vertex 22.2739 -22.2739 0
      vertex 23.9002 -23.9002 0
      vertex 22.2859 -25.4122 0
    endloop
  endfacet
  facet normal 0 0 -1
    outer loop
      vertex 23.9002 -23.9002 0
      vertex 22.2739 -22.2739 0
      vertex 23.683 -20.7694 0
    endloop
  endfacet
  facet normal 0 0 -1
    outer loop
      vertex 22.2859 -25.4122 0
      vertex 20.7694 -23.683 0
      vertex 22.2739 -22.2739 0
    endloop
  endfacet
  facet normal 0 0 -1
    outer loop
      vertex 20.5761 -26.8153 0
      vertex 20.7694 -23.683 0
      vertex 22.2859 -25.4122 0
    endloop
  endfacet
  facet normal 0 0 -1
    outer loop
      vertex 20.5761 -26.8153 0
      vertex 19.176 -24.9906 0
      vertex 20.7694 -23.683 0
    endloop
  endfacet
  facet normal 0 0 -1
    outer loop
      vertex 18.7783 -28.1037 0
      vertex 19.176 -24.9906 0
      vertex 20.5761 -26.8153 0
    endloop
  endfacet
  facet normal 0 0 -1
    outer loop
      vertex 18.7783 -28.1037 0
      vertex 17.5005 -26.1913 0
      vertex 19.176 -24.9906 0
    endloop
  endfacet
  facet normal 0 0 -1
    outer loop
      vertex 16.9 -29.2717 0
      vertex 17.5005 -26.1913 0
      vertex 18.7783 -28.1037 0
    endloop
  endfacet
  facet normal 0 0 -1
    outer loop
      vertex 16.9 -29.2717 0
      vertex 15.75 -27.2798 0
      vertex 17.5005 -26.1913 0
    endloop
  endfacet
  facet normal 0 0 -1
    outer loop
      vertex 14.9494 -30.3143 0
      vertex 15.75 -27.2798 0
      vertex 16.9 -29.2717 0
    endloop
  endfacet
  facet normal 0 0 -1
    outer loop
      vertex 14.9494 -30.3143 0
      vertex 13.9321 -28.2515 0
      vertex 15.75 -27.2798 0
    endloop
  endfacet
  facet normal 0 0 -1
    outer loop
      vertex 12.9347 -31.2271 0
      vertex 13.9321 -28.2515 0
      vertex 14.9494 -30.3143 0
    endloop
  endfacet
  facet normal 0 0 -1
    outer loop
      vertex 12.9347 -31.2271 0
      vertex 12.0545 -29.1022 0
      vertex 13.9321 -28.2515 0
    endloop
  endfacet
  facet normal 0 0 -1
    outer loop
      vertex 10.8647 -32.0062 0
      vertex 12.0545 -29.1022 0
      vertex 12.9347 -31.2271 0
    endloop
  endfacet
  facet normal 0 0 -1
    outer loop
      vertex 10.8647 -32.0062 0
      vertex 10.1253 -29.8283 0
      vertex 12.0545 -29.1022 0
    endloop
  endfacet
  facet normal 0 0 -1
    outer loop
      vertex 8.74808 -32.6483 0
      vertex 10.1253 -29.8283 0
      vertex 10.8647 -32.0062 0
    endloop
  endfacet
  facet normal 0 0 -1
    outer loop
      vertex 8.74808 -32.6483 0
      vertex 8.1528 -30.4267 0
      vertex 10.1253 -29.8283 0
    endloop
  endfacet
  facet normal 0 0 -1
    outer loop
      vertex 6.59405 -33.1505 0
      vertex 8.1528 -30.4267 0
      vertex 8.74808 -32.6483 0
    endloop
  endfacet
  facet normal 0 0 -1
    outer loop
      vertex 6.59405 -33.1505 0
      vertex 6.14534 -30.8947 0
      vertex 8.1528 -30.4267 0
    endloop
  endfacet
  facet normal 0 0 -1
    outer loop
      vertex 4.41179 -33.5108 0
      vertex 6.14534 -30.8947 0
      vertex 6.59405 -33.1505 0
    endloop
  endfacet
  facet normal 0 0 -1
    outer loop
      vertex 4.41179 -33.5108 0
      vertex 4.11157 -31.2305 0
      vertex 6.14534 -30.8947 0
    endloop
  endfacet
  facet normal 0 0 -1
    outer loop
      vertex 2.21063 -33.7276 0
      vertex 4.11157 -31.2305 0
      vertex 4.41179 -33.5108 0
    endloop
  endfacet
  facet normal 0 0 -1
    outer loop
      vertex 2.21063 -33.7276 0
      vertex 2.0602 -31.4326 0
      vertex 4.11157 -31.2305 0
    endloop
  endfacet
  facet normal 0 0 -1
    outer loop
      vertex 0 -33.8 0
      vertex 2.0602 -31.4326 0
      vertex 2.21063 -33.7276 0
    endloop
  endfacet
  facet normal 0 0 -1
    outer loop
      vertex 0 -33.8 0
      vertex 0 -31.5 0
      vertex 2.0602 -31.4326 0
    endloop
  endfacet
  facet normal 0 0 -1
    outer loop
      vertex 0 -33.8 0
      vertex -2.0602 -31.4326 0
      vertex 0 -31.5 0
    endloop
  endfacet
  facet normal 0 0 -1
    outer loop
      vertex -2.21063 -33.7276 0
      vertex -2.0602 -31.4326 0
      vertex 0 -33.8 0
    endloop
  endfacet
  facet normal 0 0 -1
    outer loop
      vertex -2.21063 -33.7276 0
      vertex -4.11157 -31.2305 0
      vertex -2.0602 -31.4326 0
    endloop
  endfacet
  facet normal 0 0 -1
    outer loop
      vertex -4.41179 -33.5108 0
      vertex -4.11157 -31.2305 0
      vertex -2.21063 -33.7276 0
    endloop
  endfacet
  facet normal 0 0 -1
    outer loop
      vertex -4.41179 -33.5108 0
      vertex -6.14534 -30.8947 0
      vertex -4.11157 -31.2305 0
    endloop
  endfacet
  facet normal 0 0 -1
    outer loop
      vertex -6.59405 -33.1505 0
      vertex -6.14534 -30.8947 0
      vertex -4.41179 -33.5108 0
    endloop
  endfacet
  facet normal 0 0 -1
    outer loop
      vertex -6.59405 -33.1505 0
      vertex -8.1528 -30.4267 0
      vertex -6.14534 -30.8947 0
    endloop
  endfacet
  facet normal 0 0 -1
    outer loop
      vertex -8.74808 -32.6483 0
      vertex -8.1528 -30.4267 0
      vertex -6.59405 -33.1505 0
    endloop
  endfacet
  facet normal 0 0 -1
    outer loop
      vertex -8.74808 -32.6483 0
      vertex -10.1253 -29.8283 0
      vertex -8.1528 -30.4267 0
    endloop
  endfacet
  facet normal 0 0 -1
    outer loop
      vertex -10.8647 -32.0062 0
      vertex -10.1253 -29.8283 0
      vertex -8.74808 -32.6483 0
    endloop
  endfacet
  facet normal 0 0 -1
    outer loop
      vertex -10.8647 -32.0062 0
      vertex -12.0545 -29.1022 0
      vertex -10.1253 -29.8283 0
    endloop
  endfacet
  facet normal 0 0 -1
    outer loop
      vertex -12.9347 -31.2271 0
      vertex -12.0545 -29.1022 0
      vertex -10.8647 -32.0062 0
    endloop
  endfacet
  facet normal 0 0 -1
    outer loop
      vertex -12.9347 -31.2271 0
      vertex -13.9321 -28.2515 0
      vertex -12.0545 -29.1022 0
    endloop
  endfacet
  facet normal 0 0 -1
    outer loop
      vertex -14.9494 -30.3143 0
      vertex -13.9321 -28.2515 0
      vertex -12.9347 -31.2271 0
    endloop
  endfacet
  facet normal 0 0 -1
    outer loop
      vertex -14.9494 -30.3143 0
      vertex -15.75 -27.2798 0
      vertex -13.9321 -28.2515 0
    endloop
  endfacet
  facet normal 0 0 -1
    outer loop
      vertex -16.9 -29.2717 0
      vertex -15.75 -27.2798 0
      vertex -14.9494 -30.3143 0
    endloop
  endfacet
  facet normal 0 0 -1
    outer loop
      vertex -16.9 -29.2717 0
      vertex -17.5005 -26.1913 0
      vertex -15.75 -27.2798 0
    endloop
  endfacet
  facet normal 0 0 -1
    outer loop
      vertex -18.7783 -28.1037 0
      vertex -17.5005 -26.1913 0
      vertex -16.9 -29.2717 0
    endloop
  endfacet
  facet normal 0 0 -1
    outer loop
      vertex -18.7783 -28.1037 0
      vertex -19.176 -24.9906 0
      vertex -17.5005 -26.1913 0
    endloop
  endfacet
  facet normal 0 0 -1
    outer loop
      vertex -20.5761 -26.8153 0
      vertex -19.176 -24.9906 0
      vertex -18.7783 -28.1037 0
    endloop
  endfacet
  facet normal 0 0 -1
    outer loop
      vertex -20.5761 -26.8153 0
      vertex -20.7694 -23.683 0
      vertex -19.176 -24.9906 0
    endloop
  endfacet
  facet normal 0 0 -1
    outer loop
      vertex -22.2859 -25.4122 0
      vertex -20.7694 -23.683 0
      vertex -20.5761 -26.8153 0
    endloop
  endfacet
  facet normal -0 0 -1
    outer loop
      vertex -20.7694 -23.683 0
      vertex -22.2859 -25.4122 0
      vertex -22.2739 -22.2739 0
    endloop
  endfacet
  facet normal 0 0 -1
    outer loop
      vertex -23.9002 -23.9002 0
      vertex -22.2739 -22.2739 0
      vertex -22.2859 -25.4122 0
    endloop
  endfacet
  facet normal -0 0 -1
    outer loop
      vertex -22.2739 -22.2739 0
      vertex -23.9002 -23.9002 0
      vertex -23.683 -20.7694 0
    endloop
  endfacet
  facet normal 0 0 -1
    outer loop
      vertex -25.4122 -22.2859 0
      vertex -23.683 -20.7694 0
      vertex -23.9002 -23.9002 0
    endloop
  endfacet
  facet normal -0 0 -1
    outer loop
      vertex -23.683 -20.7694 0
      vertex -25.4122 -22.2859 0
      vertex -24.9906 -19.176 0
    endloop
  endfacet
  facet normal 0 0 -1
    outer loop
      vertex -26.8153 -20.5761 0
      vertex -24.9906 -19.176 0
      vertex -25.4122 -22.2859 0
    endloop
  endfacet
  facet normal -0 0 -1
    outer loop
      vertex -24.9906 -19.176 0
      vertex -26.8153 -20.5761 0
      vertex -26.1913 -17.5005 0
    endloop
  endfacet
  facet normal 0 0 -1
    outer loop
      vertex -28.1037 -18.7783 0
      vertex -26.1913 -17.5005 0
      vertex -26.8153 -20.5761 0
    endloop
  endfacet
  facet normal -0 0 -1
    outer loop
      vertex -26.1913 -17.5005 0
      vertex -28.1037 -18.7783 0
      vertex -27.2798 -15.75 0
    endloop
  endfacet
  facet normal 0 0 -1
    outer loop
      vertex -29.2717 -16.9 0
      vertex -27.2798 -15.75 0
      vertex -28.1037 -18.7783 0
    endloop
  endfacet
  facet normal -0 0 -1
    outer loop
      vertex -27.2798 -15.75 0
      vertex -29.2717 -16.9 0
      vertex -28.2515 -13.9321 0
    endloop
  endfacet
  facet normal 0 0 -1
    outer loop
      vertex -30.3143 -14.9494 0
      vertex -28.2515 -13.9321 0
      vertex -29.2717 -16.9 0
    endloop
  endfacet
  facet normal -0 0 -1
    outer loop
      vertex -28.2515 -13.9321 0
      vertex -30.3143 -14.9494 0
      vertex -29.1022 -12.0545 0
    endloop
  endfacet
  facet normal 0 0 -1
    outer loop
      vertex -31.2271 -12.9347 0
      vertex -29.1022 -12.0545 0
      vertex -30.3143 -14.9494 0
    endloop
  endfacet
  facet normal -0 0 -1
    outer loop
      vertex -29.1022 -12.0545 0
      vertex -31.2271 -12.9347 0
      vertex -29.8283 -10.1253 0
    endloop
  endfacet
  facet normal 0 0 -1
    outer loop
      vertex -32.0062 -10.8647 0
      vertex -29.8283 -10.1253 0
      vertex -31.2271 -12.9347 0
    endloop
  endfacet
  facet normal -0 0 -1
    outer loop
      vertex -29.8283 -10.1253 0
      vertex -32.0062 -10.8647 0
      vertex -30.4267 -8.1528 0
    endloop
  endfacet
  facet normal 0 0 -1
    outer loop
      vertex -32.6483 -8.74808 0
      vertex -30.4267 -8.1528 0
      vertex -32.0062 -10.8647 0
    endloop
  endfacet
  facet normal -0 0 -1
    outer loop
      vertex -30.4267 -8.1528 0
      vertex -32.6483 -8.74808 0
      vertex -30.8947 -6.14534 0
    endloop
  endfacet
  facet normal 0 0 -1
    outer loop
      vertex -33.1505 -6.59405 0
      vertex -30.8947 -6.14534 0
      vertex -32.6483 -8.74808 0
    endloop
  endfacet
  facet normal -0 0 -1
    outer loop
      vertex -30.8947 -6.14534 0
      vertex -33.1505 -6.59405 0
      vertex -31.2305 -4.11157 0
    endloop
  endfacet
  facet normal 0 0 -1
    outer loop
      vertex 30.8947 6.14534 0
      vertex 33.1505 6.59405 0
      vertex 31.2305 4.11157 0
    endloop
  endfacet
  facet normal -0 0 -1
    outer loop
      vertex 33.1505 6.59405 0
      vertex 30.8947 6.14534 0
      vertex 32.6483 8.74808 0
    endloop
  endfacet
  facet normal 0 0 -1
    outer loop
      vertex 30.4267 8.1528 0
      vertex 32.6483 8.74808 0
      vertex 30.8947 6.14534 0
    endloop
  endfacet
  facet normal -0 0 -1
    outer loop
      vertex 32.6483 8.74808 0
      vertex 30.4267 8.1528 0
      vertex 32.0062 10.8647 0
    endloop
  endfacet
  facet normal 0 0 -1
    outer loop
      vertex 29.8283 10.1253 0
      vertex 32.0062 10.8647 0
      vertex 30.4267 8.1528 0
    endloop
  endfacet
  facet normal -0 0 -1
    outer loop
      vertex 32.0062 10.8647 0
      vertex 29.8283 10.1253 0
      vertex 31.2271 12.9347 0
    endloop
  endfacet
  facet normal 0 0 -1
    outer loop
      vertex 29.1022 12.0545 0
      vertex 31.2271 12.9347 0
      vertex 29.8283 10.1253 0
    endloop
  endfacet
  facet normal -0 0 -1
    outer loop
      vertex 31.2271 12.9347 0
      vertex 29.1022 12.0545 0
      vertex 30.3143 14.9494 0
    endloop
  endfacet
  facet normal 0 0 -1
    outer loop
      vertex 28.2515 13.9321 0
      vertex 30.3143 14.9494 0
      vertex 29.1022 12.0545 0
    endloop
  endfacet
  facet normal -0 0 -1
    outer loop
      vertex 30.3143 14.9494 0
      vertex 28.2515 13.9321 0
      vertex 29.2717 16.9 0
    endloop
  endfacet
  facet normal 0 0 -1
    outer loop
      vertex 27.2798 15.75 0
      vertex 29.2717 16.9 0
      vertex 28.2515 13.9321 0
    endloop
  endfacet
  facet normal -0 0 -1
    outer loop
      vertex 29.2717 16.9 0
      vertex 27.2798 15.75 0
      vertex 28.1037 18.7783 0
    endloop
  endfacet
  facet normal 0 0 -1
    outer loop
      vertex 26.1913 17.5005 0
      vertex 28.1037 18.7783 0
      vertex 27.2798 15.75 0
    endloop
  endfacet
  facet normal -0 0 -1
    outer loop
      vertex 28.1037 18.7783 0
      vertex 26.1913 17.5005 0
      vertex 26.8153 20.5761 0
    endloop
  endfacet
  facet normal 0 0 -1
    outer loop
      vertex 24.9906 19.176 0
      vertex 26.8153 20.5761 0
      vertex 26.1913 17.5005 0
    endloop
  endfacet
  facet normal -0 0 -1
    outer loop
      vertex 26.8153 20.5761 0
      vertex 24.9906 19.176 0
      vertex 25.4122 22.2859 0
    endloop
  endfacet
  facet normal 0 0 -1
    outer loop
      vertex 23.683 20.7694 0
      vertex 25.4122 22.2859 0
      vertex 24.9906 19.176 0
    endloop
  endfacet
  facet normal -0 0 -1
    outer loop
      vertex 25.4122 22.2859 0
      vertex 23.683 20.7694 0
      vertex 23.9002 23.9002 0
    endloop
  endfacet
  facet normal 0 0 -1
    outer loop
      vertex 22.2739 22.2739 0
      vertex 23.9002 23.9002 0
      vertex 23.683 20.7694 0
    endloop
  endfacet
  facet normal -0 0 -1
    outer loop
      vertex 23.9002 23.9002 0
      vertex 22.2739 22.2739 0
      vertex 22.2859 25.4122 0
    endloop
  endfacet
  facet normal 0 0 -1
    outer loop
      vertex 20.7694 23.683 0
      vertex 22.2859 25.4122 0
      vertex 22.2739 22.2739 0
    endloop
  endfacet
  facet normal 0 0 -1
    outer loop
      vertex 20.7694 23.683 0
      vertex 20.5761 26.8153 0
      vertex 22.2859 25.4122 0
    endloop
  endfacet
  facet normal 0 0 -1
    outer loop
      vertex 19.176 24.9906 0
      vertex 20.5761 26.8153 0
      vertex 20.7694 23.683 0
    endloop
  endfacet
  facet normal 0 0 -1
    outer loop
      vertex 19.176 24.9906 0
      vertex 18.7783 28.1037 0
      vertex 20.5761 26.8153 0
    endloop
  endfacet
  facet normal 0 0 -1
    outer loop
      vertex 17.5005 26.1913 0
      vertex 18.7783 28.1037 0
      vertex 19.176 24.9906 0
    endloop
  endfacet
  facet normal 0 0 -1
    outer loop
      vertex 17.5005 26.1913 0
      vertex 16.9 29.2717 0
      vertex 18.7783 28.1037 0
    endloop
  endfacet
  facet normal 0 0 -1
    outer loop
      vertex 15.75 27.2798 0
      vertex 16.9 29.2717 0
      vertex 17.5005 26.1913 0
    endloop
  endfacet
  facet normal 0 0 -1
    outer loop
      vertex 15.75 27.2798 0
      vertex 14.9494 30.3143 0
      vertex 16.9 29.2717 0
    endloop
  endfacet
  facet normal 0 0 -1
    outer loop
      vertex 13.9321 28.2515 0
      vertex 14.9494 30.3143 0
      vertex 15.75 27.2798 0
    endloop
  endfacet
  facet normal 0 0 -1
    outer loop
      vertex 13.9321 28.2515 0
      vertex 12.9347 31.2271 0
      vertex 14.9494 30.3143 0
    endloop
  endfacet
  facet normal 0 0 -1
    outer loop
      vertex 12.0545 29.1022 0
      vertex 12.9347 31.2271 0
      vertex 13.9321 28.2515 0
    endloop
  endfacet
  facet normal 0 0 -1
    outer loop
      vertex 12.0545 29.1022 0
      vertex 10.8647 32.0062 0
      vertex 12.9347 31.2271 0
    endloop
  endfacet
  facet normal 0 0 -1
    outer loop
      vertex 10.1253 29.8283 0
      vertex 10.8647 32.0062 0
      vertex 12.0545 29.1022 0
    endloop
  endfacet
  facet normal 0 0 -1
    outer loop
      vertex 10.1253 29.8283 0
      vertex 8.74808 32.6483 0
      vertex 10.8647 32.0062 0
    endloop
  endfacet
  facet normal 0 0 -1
    outer loop
      vertex 8.1528 30.4267 0
      vertex 8.74808 32.6483 0
      vertex 10.1253 29.8283 0
    endloop
  endfacet
  facet normal 0 0 -1
    outer loop
      vertex 8.1528 30.4267 0
      vertex 6.59405 33.1505 0
      vertex 8.74808 32.6483 0
    endloop
  endfacet
  facet normal 0 0 -1
    outer loop
      vertex 6.14534 30.8947 0
      vertex 6.59405 33.1505 0
      vertex 8.1528 30.4267 0
    endloop
  endfacet
  facet normal 0 0 -1
    outer loop
      vertex 6.14534 30.8947 0
      vertex 4.41179 33.5108 0
      vertex 6.59405 33.1505 0
    endloop
  endfacet
  facet normal 0 0 -1
    outer loop
      vertex 4.11157 31.2305 0
      vertex 4.41179 33.5108 0
      vertex 6.14534 30.8947 0
    endloop
  endfacet
  facet normal 0 0 -1
    outer loop
      vertex 4.11157 31.2305 0
      vertex 2.21063 33.7276 0
      vertex 4.41179 33.5108 0
    endloop
  endfacet
  facet normal 0 0 -1
    outer loop
      vertex 2.0602 31.4326 0
      vertex 2.21063 33.7276 0
      vertex 4.11157 31.2305 0
    endloop
  endfacet
  facet normal 0 0 -1
    outer loop
      vertex 0 31.5 0
      vertex 2.21063 33.7276 0
      vertex 2.0602 31.4326 0
    endloop
  endfacet
  facet normal 0 0 -1
    outer loop
      vertex 0 31.5 0
      vertex 0 33.8 0
      vertex 2.21063 33.7276 0
    endloop
  endfacet
  facet normal 0 0 -1
    outer loop
      vertex -2.0602 31.4326 0
      vertex 0 33.8 0
      vertex 0 31.5 0
    endloop
  endfacet
  facet normal 0 0 -1
    outer loop
      vertex -2.0602 31.4326 0
      vertex -2.21063 33.7276 0
      vertex 0 33.8 0
    endloop
  endfacet
  facet normal 0 0 -1
    outer loop
      vertex -4.11157 31.2305 0
      vertex -2.21063 33.7276 0
      vertex -2.0602 31.4326 0
    endloop
  endfacet
  facet normal 0 0 -1
    outer loop
      vertex -4.11157 31.2305 0
      vertex -4.41179 33.5108 0
      vertex -2.21063 33.7276 0
    endloop
  endfacet
  facet normal 0 0 -1
    outer loop
      vertex -6.14534 30.8947 0
      vertex -4.41179 33.5108 0
      vertex -4.11157 31.2305 0
    endloop
  endfacet
  facet normal 0 0 -1
    outer loop
      vertex -6.14534 30.8947 0
      vertex -6.59405 33.1505 0
      vertex -4.41179 33.5108 0
    endloop
  endfacet
  facet normal 0 0 -1
    outer loop
      vertex -8.1528 30.4267 0
      vertex -6.59405 33.1505 0
      vertex -6.14534 30.8947 0
    endloop
  endfacet
  facet normal 0 0 -1
    outer loop
      vertex -8.1528 30.4267 0
      vertex -8.74808 32.6483 0
      vertex -6.59405 33.1505 0
    endloop
  endfacet
  facet normal 0 0 -1
    outer loop
      vertex -10.1253 29.8283 0
      vertex -8.74808 32.6483 0
      vertex -8.1528 30.4267 0
    endloop
  endfacet
  facet normal 0 0 -1
    outer loop
      vertex -10.1253 29.8283 0
      vertex -10.8647 32.0062 0
      vertex -8.74808 32.6483 0
    endloop
  endfacet
  facet normal 0 0 -1
    outer loop
      vertex -12.0545 29.1022 0
      vertex -10.8647 32.0062 0
      vertex -10.1253 29.8283 0
    endloop
  endfacet
  facet normal 0 0 -1
    outer loop
      vertex -12.0545 29.1022 0
      vertex -12.9347 31.2271 0
      vertex -10.8647 32.0062 0
    endloop
  endfacet
  facet normal 0 0 -1
    outer loop
      vertex -13.9321 28.2515 0
      vertex -12.9347 31.2271 0
      vertex -12.0545 29.1022 0
    endloop
  endfacet
  facet normal 0 0 -1
    outer loop
      vertex -13.9321 28.2515 0
      vertex -14.9494 30.3143 0
      vertex -12.9347 31.2271 0
    endloop
  endfacet
  facet normal 0 0 -1
    outer loop
      vertex -15.75 27.2798 0
      vertex -14.9494 30.3143 0
      vertex -13.9321 28.2515 0
    endloop
  endfacet
  facet normal 0 0 -1
    outer loop
      vertex -15.75 27.2798 0
      vertex -16.9 29.2717 0
      vertex -14.9494 30.3143 0
    endloop
  endfacet
  facet normal 0 0 -1
    outer loop
      vertex -17.5005 26.1913 0
      vertex -16.9 29.2717 0
      vertex -15.75 27.2798 0
    endloop
  endfacet
  facet normal 0 0 -1
    outer loop
      vertex -17.5005 26.1913 0
      vertex -18.7783 28.1037 0
      vertex -16.9 29.2717 0
    endloop
  endfacet
  facet normal 0 0 -1
    outer loop
      vertex -19.176 24.9906 0
      vertex -18.7783 28.1037 0
      vertex -17.5005 26.1913 0
    endloop
  endfacet
  facet normal 0 0 -1
    outer loop
      vertex -19.176 24.9906 0
      vertex -20.5761 26.8153 0
      vertex -18.7783 28.1037 0
    endloop
  endfacet
  facet normal 0 0 -1
    outer loop
      vertex -20.7694 23.683 0
      vertex -20.5761 26.8153 0
      vertex -19.176 24.9906 0
    endloop
  endfacet
  facet normal 0 0 -1
    outer loop
      vertex -22.2859 25.4122 0
      vertex -20.7694 23.683 0
      vertex -22.2739 22.2739 0
    endloop
  endfacet
  facet normal 0 0 -1
    outer loop
      vertex -20.7694 23.683 0
      vertex -22.2859 25.4122 0
      vertex -20.5761 26.8153 0
    endloop
  endfacet
  facet normal 0 0 -1
    outer loop
      vertex -23.9002 23.9002 0
      vertex -22.2739 22.2739 0
      vertex -23.683 20.7694 0
    endloop
  endfacet
  facet normal 0 0 -1
    outer loop
      vertex -22.2739 22.2739 0
      vertex -23.9002 23.9002 0
      vertex -22.2859 25.4122 0
    endloop
  endfacet
  facet normal 0 0 -1
    outer loop
      vertex -25.4122 22.2859 0
      vertex -23.683 20.7694 0
      vertex -24.9906 19.176 0
    endloop
  endfacet
  facet normal 0 0 -1
    outer loop
      vertex -23.683 20.7694 0
      vertex -25.4122 22.2859 0
      vertex -23.9002 23.9002 0
    endloop
  endfacet
  facet normal 0 0 -1
    outer loop
      vertex -26.8153 20.5761 0
      vertex -24.9906 19.176 0
      vertex -26.1913 17.5005 0
    endloop
  endfacet
  facet normal 0 0 -1
    outer loop
      vertex -24.9906 19.176 0
      vertex -26.8153 20.5761 0
      vertex -25.4122 22.2859 0
    endloop
  endfacet
  facet normal 0 0 -1
    outer loop
      vertex -28.1037 18.7783 0
      vertex -26.1913 17.5005 0
      vertex -27.2798 15.75 0
    endloop
  endfacet
  facet normal 0 0 -1
    outer loop
      vertex -26.1913 17.5005 0
      vertex -28.1037 18.7783 0
      vertex -26.8153 20.5761 0
    endloop
  endfacet
  facet normal 0 0 -1
    outer loop
      vertex -29.2717 16.9 0
      vertex -27.2798 15.75 0
      vertex -28.2515 13.9321 0
    endloop
  endfacet
  facet normal 0 0 -1
    outer loop
      vertex -30.3143 14.9494 0
      vertex -28.2515 13.9321 0
      vertex -29.1022 12.0545 0
    endloop
  endfacet
  facet normal 0 0 -1
    outer loop
      vertex -27.2798 15.75 0
      vertex -29.2717 16.9 0
      vertex -28.1037 18.7783 0
    endloop
  endfacet
  facet normal 0 0 -1
    outer loop
      vertex -31.2271 12.9347 0
      vertex -29.1022 12.0545 0
      vertex -29.8283 10.1253 0
    endloop
  endfacet
  facet normal 0 0 -1
    outer loop
      vertex -28.2515 13.9321 0
      vertex -30.3143 14.9494 0
      vertex -29.2717 16.9 0
    endloop
  endfacet
  facet normal 0 0 -1
    outer loop
      vertex -32.0062 10.8647 0
      vertex -29.8283 10.1253 0
      vertex -30.4267 8.1528 0
    endloop
  endfacet
  facet normal 0 0 -1
    outer loop
      vertex -32.6483 8.74808 0
      vertex -30.4267 8.1528 0
      vertex -30.8947 6.14534 0
    endloop
  endfacet
  facet normal 0 0 -1
    outer loop
      vertex -29.1022 12.0545 0
      vertex -31.2271 12.9347 0
      vertex -30.3143 14.9494 0
    endloop
  endfacet
  facet normal 0 0 -1
    outer loop
      vertex -33.1505 6.59405 0
      vertex -30.8947 6.14534 0
      vertex -31.2305 4.11157 0
    endloop
  endfacet
  facet normal 0 0 -1
    outer loop
      vertex -33.5108 4.41179 0
      vertex -31.2305 4.11157 0
      vertex -31.4326 2.0602 0
    endloop
  endfacet
  facet normal 0 0 -1
    outer loop
      vertex -33.7276 2.21063 0
      vertex -31.4326 2.0602 0
      vertex -31.5 0 0
    endloop
  endfacet
  facet normal 0 0 -1
    outer loop
      vertex -33.5108 -4.41179 0
      vertex -31.2305 -4.11157 0
      vertex -33.1505 -6.59405 0
    endloop
  endfacet
  facet normal 0 0 -1
    outer loop
      vertex -29.8283 10.1253 0
      vertex -32.0062 10.8647 0
      vertex -31.2271 12.9347 0
    endloop
  endfacet
  facet normal -0 0 -1
    outer loop
      vertex -31.2305 -4.11157 0
      vertex -33.5108 -4.41179 0
      vertex -31.4326 -2.0602 0
    endloop
  endfacet
  facet normal 0 0 -1
    outer loop
      vertex -30.4267 8.1528 0
      vertex -32.6483 8.74808 0
      vertex -32.0062 10.8647 0
    endloop
  endfacet
  facet normal 0 0 -1
    outer loop
      vertex -33.7276 -2.21063 0
      vertex -31.4326 -2.0602 0
      vertex -33.5108 -4.41179 0
    endloop
  endfacet
  facet normal 0 0 -1
    outer loop
      vertex -30.8947 6.14534 0
      vertex -33.1505 6.59405 0
      vertex -32.6483 8.74808 0
    endloop
  endfacet
  facet normal -0 0 -1
    outer loop
      vertex -31.4326 -2.0602 0
      vertex -33.7276 -2.21063 0
      vertex -31.5 0 0
    endloop
  endfacet
  facet normal 0 0 -1
    outer loop
      vertex -31.2305 4.11157 0
      vertex -33.5108 4.41179 0
      vertex -33.1505 6.59405 0
    endloop
  endfacet
  facet normal 0 0 -1
    outer loop
      vertex -33.8 0 0
      vertex -31.5 0 0
      vertex -33.7276 -2.21063 0
    endloop
  endfacet
  facet normal 0 0 -1
    outer loop
      vertex -31.4326 2.0602 0
      vertex -33.7276 2.21063 0
      vertex -33.5108 4.41179 0
    endloop
  endfacet
  facet normal 0 0 -1
    outer loop
      vertex -31.5 0 0
      vertex -33.8 0 0
      vertex -33.7276 2.21063 0
    endloop
  endfacet
  facet normal -0.634367 0.773032 0
    outer loop
      vertex -20.5761 26.8153 0
      vertex -22.2859 25.4122 3
      vertex -20.5761 26.8153 3
    endloop
  endfacet
  facet normal -0.634367 0.773032 0
    outer loop
      vertex -22.2859 25.4122 3
      vertex -20.5761 26.8153 0
      vertex -22.2859 25.4122 0
    endloop
  endfacet
  facet normal -0.812822 0.582512 0
    outer loop
      vertex -28.1037 18.7783 0
      vertex -26.8153 20.5761 3
      vertex -26.8153 20.5761 0
    endloop
  endfacet
  facet normal -0.812822 0.582512 0
    outer loop
      vertex -26.8153 20.5761 3
      vertex -28.1037 18.7783 0
      vertex -28.1037 18.7783 3
    endloop
  endfacet
  facet normal -0.881925 -0.471391 0
    outer loop
      vertex -29.2717 -16.9 0
      vertex -30.3143 -14.9494 3
      vertex -30.3143 -14.9494 0
    endloop
  endfacet
  facet normal -0.881925 -0.471391 0
    outer loop
      vertex -30.3143 -14.9494 3
      vertex -29.2717 -16.9 0
      vertex -29.2717 -16.9 3
    endloop
  endfacet
  facet normal -0.973882 -0.227055 0
    outer loop
      vertex -32.6483 -8.74808 0
      vertex -33.1505 -6.59405 3
      vertex -33.1505 -6.59405 0
    endloop
  endfacet
  facet normal -0.973882 -0.227055 0
    outer loop
      vertex -33.1505 -6.59405 3
      vertex -32.6483 -8.74808 0
      vertex -32.6483 -8.74808 3
    endloop
  endfacet
  facet normal 0.290297 0.956937 -0
    outer loop
      vertex 10.8647 32.0062 0
      vertex 8.74808 32.6483 3
      vertex 10.8647 32.0062 3
    endloop
  endfacet
  facet normal 0.290297 0.956937 0
    outer loop
      vertex 8.74808 32.6483 3
      vertex 10.8647 32.0062 0
      vertex 8.74808 32.6483 0
    endloop
  endfacet
  facet normal -0.471391 -0.881925 0
    outer loop
      vertex -16.9 -29.2717 0
      vertex -14.9494 -30.3143 3
      vertex -16.9 -29.2717 3
    endloop
  endfacet
  facet normal -0.471391 -0.881925 -0
    outer loop
      vertex -14.9494 -30.3143 3
      vertex -16.9 -29.2717 0
      vertex -14.9494 -30.3143 0
    endloop
  endfacet
  facet normal 0.995182 0.0980449 0
    outer loop
      vertex 31.4326 2.0602 0
      vertex 31.2305 4.11157 -1.5
      vertex 31.2305 4.11157 0
    endloop
  endfacet
  facet normal 0.995182 0.0980449 0
    outer loop
      vertex 31.2305 4.11157 -1.5
      vertex 31.4326 2.0602 0
      vertex 31.4326 2.0602 -1.5
    endloop
  endfacet
  facet normal 0.999465 0.0326978 0
    outer loop
      vertex 31.5 0 0
      vertex 31.4326 2.0602 -1.5
      vertex 31.4326 2.0602 0
    endloop
  endfacet
  facet normal 0.999465 0.0326978 0
    outer loop
      vertex 31.4326 2.0602 -1.5
      vertex 31.5 0 0
      vertex 31.5 0 -1.5
    endloop
  endfacet
  facet normal 0.986642 0.162906 0
    outer loop
      vertex 31.2305 4.11157 0
      vertex 30.8947 6.14534 -1.5
      vertex 30.8947 6.14534 0
    endloop
  endfacet
  facet normal 0.986642 0.162906 0
    outer loop
      vertex 30.8947 6.14534 -1.5
      vertex 31.2305 4.11157 0
      vertex 31.2305 4.11157 -1.5
    endloop
  endfacet
  facet normal -0.683588 -0.729868 0
    outer loop
      vertex -22.2739 -22.2739 -1.5
      vertex -20.7694 -23.683 0
      vertex -22.2739 -22.2739 0
    endloop
  endfacet
  facet normal -0.683588 -0.729868 -0
    outer loop
      vertex -20.7694 -23.683 0
      vertex -22.2739 -22.2739 -1.5
      vertex -20.7694 -23.683 -1.5
    endloop
  endfacet
  facet normal -0.910869 -0.412695 0
    outer loop
      vertex -28.2515 -13.9321 -1.5
      vertex -29.1022 -12.0545 0
      vertex -29.1022 -12.0545 -1.5
    endloop
  endfacet
  facet normal -0.910869 -0.412695 0
    outer loop
      vertex -29.1022 -12.0545 0
      vertex -28.2515 -13.9321 -1.5
      vertex -28.2515 -13.9321 0
    endloop
  endfacet
  facet normal 0.935906 0.35225 0
    outer loop
      vertex 29.8283 10.1253 0
      vertex 29.1022 12.0545 -1.5
      vertex 29.1022 12.0545 0
    endloop
  endfacet
  facet normal 0.935906 0.35225 0
    outer loop
      vertex 29.1022 12.0545 -1.5
      vertex 29.8283 10.1253 0
      vertex 29.8283 10.1253 -1.5
    endloop
  endfacet
  facet normal 0.973885 0.227042 0
    outer loop
      vertex 30.8947 6.14534 0
      vertex 30.4267 8.1528 -1.5
      vertex 30.4267 8.1528 0
    endloop
  endfacet
  facet normal 0.973885 0.227042 0
    outer loop
      vertex 30.4267 8.1528 -1.5
      vertex 30.8947 6.14534 0
      vertex 30.8947 6.14534 -1.5
    endloop
  endfacet
  facet normal 0.910869 0.412695 0
    outer loop
      vertex 29.1022 12.0545 0
      vertex 28.2515 13.9321 -1.5
      vertex 28.2515 13.9321 0
    endloop
  endfacet
  facet normal 0.910869 0.412695 0
    outer loop
      vertex 28.2515 13.9321 -1.5
      vertex 29.1022 12.0545 0
      vertex 29.1022 12.0545 -1.5
    endloop
  endfacet
  facet normal 0.935906 -0.35225 0
    outer loop
      vertex 29.1022 -12.0545 0
      vertex 29.8283 -10.1253 -1.5
      vertex 29.8283 -10.1253 0
    endloop
  endfacet
  facet normal 0.935906 -0.35225 0
    outer loop
      vertex 29.8283 -10.1253 -1.5
      vertex 29.1022 -12.0545 0
      vertex 29.1022 -12.0545 -1.5
    endloop
  endfacet
  facet normal 0.910869 -0.412695 0
    outer loop
      vertex 28.2515 -13.9321 0
      vertex 29.1022 -12.0545 -1.5
      vertex 29.1022 -12.0545 0
    endloop
  endfacet
  facet normal 0.910869 -0.412695 0
    outer loop
      vertex 29.1022 -12.0545 -1.5
      vertex 28.2515 -13.9321 0
      vertex 28.2515 -13.9321 -1.5
    endloop
  endfacet
  facet normal 0.582495 0.812834 -0
    outer loop
      vertex 19.176 24.9906 -1.5
      vertex 17.5005 26.1913 0
      vertex 19.176 24.9906 0
    endloop
  endfacet
  facet normal 0.582495 0.812834 0
    outer loop
      vertex 17.5005 26.1913 0
      vertex 19.176 24.9906 -1.5
      vertex 17.5005 26.1913 -1.5
    endloop
  endfacet
  facet normal -0.227042 0.973885 0
    outer loop
      vertex -6.14534 30.8947 -1.5
      vertex -8.1528 30.4267 0
      vertex -6.14534 30.8947 0
    endloop
  endfacet
  facet normal -0.227042 0.973885 0
    outer loop
      vertex -8.1528 30.4267 0
      vertex -6.14534 30.8947 -1.5
      vertex -8.1528 30.4267 -1.5
    endloop
  endfacet
  facet normal -0.995182 0.0980449 0
    outer loop
      vertex -31.4326 2.0602 -1.5
      vertex -31.2305 4.11157 0
      vertex -31.2305 4.11157 -1.5
    endloop
  endfacet
  facet normal -0.995182 0.0980449 0
    outer loop
      vertex -31.2305 4.11157 0
      vertex -31.4326 2.0602 -1.5
      vertex -31.4326 2.0602 0
    endloop
  endfacet
  facet normal 0.35225 -0.935906 0
    outer loop
      vertex 10.1253 -29.8283 -1.5
      vertex 12.0545 -29.1022 0
      vertex 10.1253 -29.8283 0
    endloop
  endfacet
  facet normal 0.35225 -0.935906 0
    outer loop
      vertex 12.0545 -29.1022 0
      vertex 10.1253 -29.8283 -1.5
      vertex 12.0545 -29.1022 -1.5
    endloop
  endfacet
  facet normal -0.999465 -0.0326978 0
    outer loop
      vertex -31.4326 -2.0602 -1.5
      vertex -31.5 0 0
      vertex -31.5 0 -1.5
    endloop
  endfacet
  facet normal -0.999465 -0.0326978 0
    outer loop
      vertex -31.5 0 0
      vertex -31.4326 -2.0602 -1.5
      vertex -31.4326 -2.0602 0
    endloop
  endfacet
  facet normal 0.683588 -0.729868 0
    outer loop
      vertex 20.7694 -23.683 -1.5
      vertex 22.2739 -22.2739 0
      vertex 20.7694 -23.683 0
    endloop
  endfacet
  facet normal 0.683588 -0.729868 0
    outer loop
      vertex 22.2739 -22.2739 0
      vertex 20.7694 -23.683 -1.5
      vertex 22.2739 -22.2739 -1.5
    endloop
  endfacet
  facet normal 0.290306 -0.956934 0
    outer loop
      vertex 8.1528 -30.4267 -1.5
      vertex 10.1253 -29.8283 0
      vertex 8.1528 -30.4267 0
    endloop
  endfacet
  facet normal 0.290306 -0.956934 0
    outer loop
      vertex 10.1253 -29.8283 0
      vertex 8.1528 -30.4267 -1.5
      vertex 10.1253 -29.8283 -1.5
    endloop
  endfacet
  facet normal -0.773027 -0.634373 0
    outer loop
      vertex -23.683 -20.7694 -1.5
      vertex -24.9906 -19.176 0
      vertex -24.9906 -19.176 -1.5
    endloop
  endfacet
  facet normal -0.773027 -0.634373 0
    outer loop
      vertex -24.9906 -19.176 0
      vertex -23.683 -20.7694 -1.5
      vertex -23.683 -20.7694 0
    endloop
  endfacet
  facet normal -0.683588 0.729868 0
    outer loop
      vertex -20.7694 23.683 -1.5
      vertex -22.2739 22.2739 0
      vertex -20.7694 23.683 0
    endloop
  endfacet
  facet normal -0.683588 0.729868 0
    outer loop
      vertex -22.2739 22.2739 0
      vertex -20.7694 23.683 -1.5
      vertex -22.2739 22.2739 -1.5
    endloop
  endfacet
  facet normal 0.812834 0.582495 0
    outer loop
      vertex 26.1913 17.5005 0
      vertex 24.9906 19.176 -1.5
      vertex 24.9906 19.176 0
    endloop
  endfacet
  facet normal 0.812834 0.582495 0
    outer loop
      vertex 24.9906 19.176 -1.5
      vertex 26.1913 17.5005 0
      vertex 26.1913 17.5005 -1.5
    endloop
  endfacet
  facet normal -0.0326978 -0.999465 0
    outer loop
      vertex -2.0602 -31.4326 -1.5
      vertex 0 -31.5 0
      vertex -2.0602 -31.4326 0
    endloop
  endfacet
  facet normal -0.0326978 -0.999465 -0
    outer loop
      vertex 0 -31.5 0
      vertex -2.0602 -31.4326 -1.5
      vertex 0 -31.5 -1.5
    endloop
  endfacet
  facet normal 0.471401 0.881919 -0
    outer loop
      vertex 15.75 27.2798 -1.5
      vertex 13.9321 28.2515 0
      vertex 15.75 27.2798 0
    endloop
  endfacet
  facet normal 0.471401 0.881919 0
    outer loop
      vertex 13.9321 28.2515 0
      vertex 15.75 27.2798 -1.5
      vertex 13.9321 28.2515 -1.5
    endloop
  endfacet
  facet normal -0.881919 0.471401 0
    outer loop
      vertex -28.2515 13.9321 -1.5
      vertex -27.2798 15.75 0
      vertex -27.2798 15.75 -1.5
    endloop
  endfacet
  facet normal -0.881919 0.471401 0
    outer loop
      vertex -27.2798 15.75 0
      vertex -28.2515 13.9321 -1.5
      vertex -28.2515 13.9321 0
    endloop
  endfacet
  facet normal 0.973885 -0.227042 0
    outer loop
      vertex 30.4267 -8.1528 0
      vertex 30.8947 -6.14534 -1.5
      vertex 30.8947 -6.14534 0
    endloop
  endfacet
  facet normal 0.973885 -0.227042 0
    outer loop
      vertex 30.8947 -6.14534 -1.5
      vertex 30.4267 -8.1528 0
      vertex 30.4267 -8.1528 -1.5
    endloop
  endfacet
  facet normal -0.290306 -0.956934 0
    outer loop
      vertex -10.1253 -29.8283 -1.5
      vertex -8.1528 -30.4267 0
      vertex -10.1253 -29.8283 0
    endloop
  endfacet
  facet normal -0.290306 -0.956934 -0
    outer loop
      vertex -8.1528 -30.4267 0
      vertex -10.1253 -29.8283 -1.5
      vertex -8.1528 -30.4267 -1.5
    endloop
  endfacet
  facet normal -0.910869 0.412695 0
    outer loop
      vertex -29.1022 12.0545 -1.5
      vertex -28.2515 13.9321 0
      vertex -28.2515 13.9321 -1.5
    endloop
  endfacet
  facet normal -0.910869 0.412695 0
    outer loop
      vertex -28.2515 13.9321 0
      vertex -29.1022 12.0545 -1.5
      vertex -29.1022 12.0545 0
    endloop
  endfacet
  facet normal 0.849209 0.528057 0
    outer loop
      vertex 27.2798 15.75 0
      vertex 26.1913 17.5005 -1.5
      vertex 26.1913 17.5005 0
    endloop
  endfacet
  facet normal 0.849209 0.528057 0
    outer loop
      vertex 26.1913 17.5005 -1.5
      vertex 27.2798 15.75 0
      vertex 27.2798 15.75 -1.5
    endloop
  endfacet
  facet normal -0.35225 0.935906 0
    outer loop
      vertex -10.1253 29.8283 -1.5
      vertex -12.0545 29.1022 0
      vertex -10.1253 29.8283 0
    endloop
  endfacet
  facet normal -0.35225 0.935906 0
    outer loop
      vertex -12.0545 29.1022 0
      vertex -10.1253 29.8283 -1.5
      vertex -12.0545 29.1022 -1.5
    endloop
  endfacet
  facet normal 0.0980449 -0.995182 0
    outer loop
      vertex 2.0602 -31.4326 -1.5
      vertex 4.11157 -31.2305 0
      vertex 2.0602 -31.4326 0
    endloop
  endfacet
  facet normal 0.0980449 -0.995182 0
    outer loop
      vertex 4.11157 -31.2305 0
      vertex 2.0602 -31.4326 -1.5
      vertex 4.11157 -31.2305 -1.5
    endloop
  endfacet
  facet normal -0.935906 -0.35225 0
    outer loop
      vertex -29.1022 -12.0545 -1.5
      vertex -29.8283 -10.1253 0
      vertex -29.8283 -10.1253 -1.5
    endloop
  endfacet
  facet normal -0.935906 -0.35225 0
    outer loop
      vertex -29.8283 -10.1253 0
      vertex -29.1022 -12.0545 -1.5
      vertex -29.1022 -12.0545 0
    endloop
  endfacet
  facet normal -0.956934 -0.290306 0
    outer loop
      vertex -29.8283 -10.1253 -1.5
      vertex -30.4267 -8.1528 0
      vertex -30.4267 -8.1528 -1.5
    endloop
  endfacet
  facet normal -0.956934 -0.290306 0
    outer loop
      vertex -30.4267 -8.1528 0
      vertex -29.8283 -10.1253 -1.5
      vertex -29.8283 -10.1253 0
    endloop
  endfacet
  facet normal 0.773027 0.634373 0
    outer loop
      vertex 24.9906 19.176 0
      vertex 23.683 20.7694 -1.5
      vertex 23.683 20.7694 0
    endloop
  endfacet
  facet normal 0.773027 0.634373 0
    outer loop
      vertex 23.683 20.7694 -1.5
      vertex 24.9906 19.176 0
      vertex 24.9906 19.176 -1.5
    endloop
  endfacet
  facet normal -0.227042 -0.973885 0
    outer loop
      vertex -8.1528 -30.4267 -1.5
      vertex -6.14534 -30.8947 0
      vertex -8.1528 -30.4267 0
    endloop
  endfacet
  facet normal -0.227042 -0.973885 -0
    outer loop
      vertex -6.14534 -30.8947 0
      vertex -8.1528 -30.4267 -1.5
      vertex -6.14534 -30.8947 -1.5
    endloop
  endfacet
  facet normal 0.528057 0.849209 -0
    outer loop
      vertex 17.5005 26.1913 -1.5
      vertex 15.75 27.2798 0
      vertex 17.5005 26.1913 0
    endloop
  endfacet
  facet normal 0.528057 0.849209 0
    outer loop
      vertex 15.75 27.2798 0
      vertex 17.5005 26.1913 -1.5
      vertex 15.75 27.2798 -1.5
    endloop
  endfacet
  facet normal 0.290306 0.956934 -0
    outer loop
      vertex 10.1253 29.8283 -1.5
      vertex 8.1528 30.4267 0
      vertex 10.1253 29.8283 0
    endloop
  endfacet
  facet normal 0.290306 0.956934 0
    outer loop
      vertex 8.1528 30.4267 0
      vertex 10.1253 29.8283 -1.5
      vertex 8.1528 30.4267 -1.5
    endloop
  endfacet
  facet normal -0.528057 0.849209 0
    outer loop
      vertex -15.75 27.2798 -1.5
      vertex -17.5005 26.1913 0
      vertex -15.75 27.2798 0
    endloop
  endfacet
  facet normal -0.528057 0.849209 0
    outer loop
      vertex -17.5005 26.1913 0
      vertex -15.75 27.2798 -1.5
      vertex -17.5005 26.1913 -1.5
    endloop
  endfacet
  facet normal -0.0326978 0.999465 0
    outer loop
      vertex 0 31.5 -1.5
      vertex -2.0602 31.4326 0
      vertex 0 31.5 0
    endloop
  endfacet
  facet normal -0.0326978 0.999465 0
    outer loop
      vertex -2.0602 31.4326 0
      vertex 0 31.5 -1.5
      vertex -2.0602 31.4326 -1.5
    endloop
  endfacet
  facet normal 0.0980449 0.995182 -0
    outer loop
      vertex 4.11157 31.2305 -1.5
      vertex 2.0602 31.4326 0
      vertex 4.11157 31.2305 0
    endloop
  endfacet
  facet normal 0.0980449 0.995182 0
    outer loop
      vertex 2.0602 31.4326 0
      vertex 4.11157 31.2305 -1.5
      vertex 2.0602 31.4326 -1.5
    endloop
  endfacet
  facet normal 0.849209 -0.528057 0
    outer loop
      vertex 26.1913 -17.5005 0
      vertex 27.2798 -15.75 -1.5
      vertex 27.2798 -15.75 0
    endloop
  endfacet
  facet normal 0.849209 -0.528057 0
    outer loop
      vertex 27.2798 -15.75 -1.5
      vertex 26.1913 -17.5005 0
      vertex 26.1913 -17.5005 -1.5
    endloop
  endfacet
  facet normal -0.582495 0.812834 0
    outer loop
      vertex -17.5005 26.1913 -1.5
      vertex -19.176 24.9906 0
      vertex -17.5005 26.1913 0
    endloop
  endfacet
  facet normal -0.582495 0.812834 0
    outer loop
      vertex -19.176 24.9906 0
      vertex -17.5005 26.1913 -1.5
      vertex -19.176 24.9906 -1.5
    endloop
  endfacet
  facet normal 0.729868 -0.683588 0
    outer loop
      vertex 22.2739 -22.2739 0
      vertex 23.683 -20.7694 -1.5
      vertex 23.683 -20.7694 0
    endloop
  endfacet
  facet normal 0.729868 -0.683588 0
    outer loop
      vertex 23.683 -20.7694 -1.5
      vertex 22.2739 -22.2739 0
      vertex 22.2739 -22.2739 -1.5
    endloop
  endfacet
  facet normal -0.0980449 -0.995182 0
    outer loop
      vertex -4.11157 -31.2305 -1.5
      vertex -2.0602 -31.4326 0
      vertex -4.11157 -31.2305 0
    endloop
  endfacet
  facet normal -0.0980449 -0.995182 -0
    outer loop
      vertex -2.0602 -31.4326 0
      vertex -4.11157 -31.2305 -1.5
      vertex -2.0602 -31.4326 -1.5
    endloop
  endfacet
  facet normal 0.956934 0.290306 0
    outer loop
      vertex 30.4267 8.1528 0
      vertex 29.8283 10.1253 -1.5
      vertex 29.8283 10.1253 0
    endloop
  endfacet
  facet normal 0.956934 0.290306 0
    outer loop
      vertex 29.8283 10.1253 -1.5
      vertex 30.4267 8.1528 0
      vertex 30.4267 8.1528 -1.5
    endloop
  endfacet
  facet normal -0.471401 -0.881919 0
    outer loop
      vertex -15.75 -27.2798 -1.5
      vertex -13.9321 -28.2515 0
      vertex -15.75 -27.2798 0
    endloop
  endfacet
  facet normal -0.471401 -0.881919 -0
    outer loop
      vertex -13.9321 -28.2515 0
      vertex -15.75 -27.2798 -1.5
      vertex -13.9321 -28.2515 -1.5
    endloop
  endfacet
  facet normal -0.956934 0.290306 0
    outer loop
      vertex -30.4267 8.1528 -1.5
      vertex -29.8283 10.1253 0
      vertex -29.8283 10.1253 -1.5
    endloop
  endfacet
  facet normal -0.956934 0.290306 0
    outer loop
      vertex -29.8283 10.1253 0
      vertex -30.4267 8.1528 -1.5
      vertex -30.4267 8.1528 0
    endloop
  endfacet
  facet normal 0.683588 0.729868 -0
    outer loop
      vertex 22.2739 22.2739 -1.5
      vertex 20.7694 23.683 0
      vertex 22.2739 22.2739 0
    endloop
  endfacet
  facet normal 0.683588 0.729868 0
    outer loop
      vertex 20.7694 23.683 0
      vertex 22.2739 22.2739 -1.5
      vertex 20.7694 23.683 -1.5
    endloop
  endfacet
  facet normal 0.582495 -0.812834 0
    outer loop
      vertex 17.5005 -26.1913 -1.5
      vertex 19.176 -24.9906 0
      vertex 17.5005 -26.1913 0
    endloop
  endfacet
  facet normal 0.582495 -0.812834 0
    outer loop
      vertex 19.176 -24.9906 0
      vertex 17.5005 -26.1913 -1.5
      vertex 19.176 -24.9906 -1.5
    endloop
  endfacet
  facet normal 0.35225 0.935906 -0
    outer loop
      vertex 12.0545 29.1022 -1.5
      vertex 10.1253 29.8283 0
      vertex 12.0545 29.1022 0
    endloop
  endfacet
  facet normal 0.35225 0.935906 0
    outer loop
      vertex 10.1253 29.8283 0
      vertex 12.0545 29.1022 -1.5
      vertex 10.1253 29.8283 -1.5
    endloop
  endfacet
  facet normal -0.471401 0.881919 0
    outer loop
      vertex -13.9321 28.2515 -1.5
      vertex -15.75 27.2798 0
      vertex -13.9321 28.2515 0
    endloop
  endfacet
  facet normal -0.471401 0.881919 0
    outer loop
      vertex -15.75 27.2798 0
      vertex -13.9321 28.2515 -1.5
      vertex -15.75 27.2798 -1.5
    endloop
  endfacet
  facet normal -0.729868 -0.683588 0
    outer loop
      vertex -22.2739 -22.2739 -1.5
      vertex -23.683 -20.7694 0
      vertex -23.683 -20.7694 -1.5
    endloop
  endfacet
  facet normal -0.729868 -0.683588 0
    outer loop
      vertex -23.683 -20.7694 0
      vertex -22.2739 -22.2739 -1.5
      vertex -22.2739 -22.2739 0
    endloop
  endfacet
  facet normal -0.935906 0.35225 0
    outer loop
      vertex -29.8283 10.1253 -1.5
      vertex -29.1022 12.0545 0
      vertex -29.1022 12.0545 -1.5
    endloop
  endfacet
  facet normal -0.935906 0.35225 0
    outer loop
      vertex -29.1022 12.0545 0
      vertex -29.8283 10.1253 -1.5
      vertex -29.8283 10.1253 0
    endloop
  endfacet
  facet normal -0.162906 0.986642 0
    outer loop
      vertex -4.11157 31.2305 -1.5
      vertex -6.14534 30.8947 0
      vertex -4.11157 31.2305 0
    endloop
  endfacet
  facet normal -0.162906 0.986642 0
    outer loop
      vertex -6.14534 30.8947 0
      vertex -4.11157 31.2305 -1.5
      vertex -6.14534 30.8947 -1.5
    endloop
  endfacet
  facet normal -0.290306 0.956934 0
    outer loop
      vertex -8.1528 30.4267 -1.5
      vertex -10.1253 29.8283 0
      vertex -8.1528 30.4267 0
    endloop
  endfacet
  facet normal -0.290306 0.956934 0
    outer loop
      vertex -10.1253 29.8283 0
      vertex -8.1528 30.4267 -1.5
      vertex -10.1253 29.8283 -1.5
    endloop
  endfacet
  facet normal 0.812834 -0.582495 0
    outer loop
      vertex 24.9906 -19.176 0
      vertex 26.1913 -17.5005 -1.5
      vertex 26.1913 -17.5005 0
    endloop
  endfacet
  facet normal 0.812834 -0.582495 0
    outer loop
      vertex 26.1913 -17.5005 -1.5
      vertex 24.9906 -19.176 0
      vertex 24.9906 -19.176 -1.5
    endloop
  endfacet
  facet normal -0.986642 -0.162906 0
    outer loop
      vertex -30.8947 -6.14534 -1.5
      vertex -31.2305 -4.11157 0
      vertex -31.2305 -4.11157 -1.5
    endloop
  endfacet
  facet normal -0.986642 -0.162906 0
    outer loop
      vertex -31.2305 -4.11157 0
      vertex -30.8947 -6.14534 -1.5
      vertex -30.8947 -6.14534 0
    endloop
  endfacet
  facet normal 0.0326978 -0.999465 0
    outer loop
      vertex 0 -31.5 -1.5
      vertex 2.0602 -31.4326 0
      vertex 0 -31.5 0
    endloop
  endfacet
  facet normal 0.0326978 -0.999465 0
    outer loop
      vertex 2.0602 -31.4326 0
      vertex 0 -31.5 -1.5
      vertex 2.0602 -31.4326 -1.5
    endloop
  endfacet
  facet normal 0.162906 -0.986642 0
    outer loop
      vertex 4.11157 -31.2305 -1.5
      vertex 6.14534 -30.8947 0
      vertex 4.11157 -31.2305 0
    endloop
  endfacet
  facet normal 0.162906 -0.986642 0
    outer loop
      vertex 6.14534 -30.8947 0
      vertex 4.11157 -31.2305 -1.5
      vertex 6.14534 -30.8947 -1.5
    endloop
  endfacet
  facet normal -0.849209 -0.528057 0
    outer loop
      vertex -26.1913 -17.5005 -1.5
      vertex -27.2798 -15.75 0
      vertex -27.2798 -15.75 -1.5
    endloop
  endfacet
  facet normal -0.849209 -0.528057 0
    outer loop
      vertex -27.2798 -15.75 0
      vertex -26.1913 -17.5005 -1.5
      vertex -26.1913 -17.5005 0
    endloop
  endfacet
  facet normal -0.973885 -0.227042 0
    outer loop
      vertex -30.4267 -8.1528 -1.5
      vertex -30.8947 -6.14534 0
      vertex -30.8947 -6.14534 -1.5
    endloop
  endfacet
  facet normal -0.973885 -0.227042 0
    outer loop
      vertex -30.8947 -6.14534 0
      vertex -30.4267 -8.1528 -1.5
      vertex -30.4267 -8.1528 0
    endloop
  endfacet
  facet normal 0.471401 -0.881919 0
    outer loop
      vertex 13.9321 -28.2515 -1.5
      vertex 15.75 -27.2798 0
      vertex 13.9321 -28.2515 0
    endloop
  endfacet
  facet normal 0.471401 -0.881919 0
    outer loop
      vertex 15.75 -27.2798 0
      vertex 13.9321 -28.2515 -1.5
      vertex 15.75 -27.2798 -1.5
    endloop
  endfacet
  facet normal 0.773027 -0.634373 0
    outer loop
      vertex 23.683 -20.7694 0
      vertex 24.9906 -19.176 -1.5
      vertex 24.9906 -19.176 0
    endloop
  endfacet
  facet normal 0.773027 -0.634373 0
    outer loop
      vertex 24.9906 -19.176 -1.5
      vertex 23.683 -20.7694 0
      vertex 23.683 -20.7694 -1.5
    endloop
  endfacet
  facet normal 0.995182 -0.0980449 0
    outer loop
      vertex 31.2305 -4.11157 0
      vertex 31.4326 -2.0602 -1.5
      vertex 31.4326 -2.0602 0
    endloop
  endfacet
  facet normal 0.995182 -0.0980449 0
    outer loop
      vertex 31.4326 -2.0602 -1.5
      vertex 31.2305 -4.11157 0
      vertex 31.2305 -4.11157 -1.5
    endloop
  endfacet
  facet normal 0.162906 0.986642 -0
    outer loop
      vertex 6.14534 30.8947 -1.5
      vertex 4.11157 31.2305 0
      vertex 6.14534 30.8947 0
    endloop
  endfacet
  facet normal 0.162906 0.986642 0
    outer loop
      vertex 4.11157 31.2305 0
      vertex 6.14534 30.8947 -1.5
      vertex 4.11157 31.2305 -1.5
    endloop
  endfacet
  facet normal 0.634373 0.773027 -0
    outer loop
      vertex 20.7694 23.683 -1.5
      vertex 19.176 24.9906 0
      vertex 20.7694 23.683 0
    endloop
  endfacet
  facet normal 0.634373 0.773027 0
    outer loop
      vertex 19.176 24.9906 0
      vertex 20.7694 23.683 -1.5
      vertex 19.176 24.9906 -1.5
    endloop
  endfacet
  facet normal 0.986642 -0.162906 0
    outer loop
      vertex 30.8947 -6.14534 0
      vertex 31.2305 -4.11157 -1.5
      vertex 31.2305 -4.11157 0
    endloop
  endfacet
  facet normal 0.986642 -0.162906 0
    outer loop
      vertex 31.2305 -4.11157 -1.5
      vertex 30.8947 -6.14534 0
      vertex 30.8947 -6.14534 -1.5
    endloop
  endfacet
  facet normal 0.881919 -0.471401 0
    outer loop
      vertex 27.2798 -15.75 0
      vertex 28.2515 -13.9321 -1.5
      vertex 28.2515 -13.9321 0
    endloop
  endfacet
  facet normal 0.881919 -0.471401 0
    outer loop
      vertex 28.2515 -13.9321 -1.5
      vertex 27.2798 -15.75 0
      vertex 27.2798 -15.75 -1.5
    endloop
  endfacet
  facet normal -0.412695 0.910869 0
    outer loop
      vertex -12.0545 29.1022 -1.5
      vertex -13.9321 28.2515 0
      vertex -12.0545 29.1022 0
    endloop
  endfacet
  facet normal -0.412695 0.910869 0
    outer loop
      vertex -13.9321 28.2515 0
      vertex -12.0545 29.1022 -1.5
      vertex -13.9321 28.2515 -1.5
    endloop
  endfacet
  facet normal -0.973885 0.227042 0
    outer loop
      vertex -30.8947 6.14534 -1.5
      vertex -30.4267 8.1528 0
      vertex -30.4267 8.1528 -1.5
    endloop
  endfacet
  facet normal -0.973885 0.227042 0
    outer loop
      vertex -30.4267 8.1528 0
      vertex -30.8947 6.14534 -1.5
      vertex -30.8947 6.14534 0
    endloop
  endfacet
  facet normal -0.634373 -0.773027 0
    outer loop
      vertex -20.7694 -23.683 -1.5
      vertex -19.176 -24.9906 0
      vertex -20.7694 -23.683 0
    endloop
  endfacet
  facet normal -0.634373 -0.773027 -0
    outer loop
      vertex -19.176 -24.9906 0
      vertex -20.7694 -23.683 -1.5
      vertex -19.176 -24.9906 -1.5
    endloop
  endfacet
  facet normal 0.956934 -0.290306 0
    outer loop
      vertex 29.8283 -10.1253 0
      vertex 30.4267 -8.1528 -1.5
      vertex 30.4267 -8.1528 0
    endloop
  endfacet
  facet normal 0.956934 -0.290306 0
    outer loop
      vertex 30.4267 -8.1528 -1.5
      vertex 29.8283 -10.1253 0
      vertex 29.8283 -10.1253 -1.5
    endloop
  endfacet
  facet normal -0.812834 0.582495 0
    outer loop
      vertex -26.1913 17.5005 -1.5
      vertex -24.9906 19.176 0
      vertex -24.9906 19.176 -1.5
    endloop
  endfacet
  facet normal -0.812834 0.582495 0
    outer loop
      vertex -24.9906 19.176 0
      vertex -26.1913 17.5005 -1.5
      vertex -26.1913 17.5005 0
    endloop
  endfacet
  facet normal 0.412695 0.910869 -0
    outer loop
      vertex 13.9321 28.2515 -1.5
      vertex 12.0545 29.1022 0
      vertex 13.9321 28.2515 0
    endloop
  endfacet
  facet normal 0.412695 0.910869 0
    outer loop
      vertex 12.0545 29.1022 0
      vertex 13.9321 28.2515 -1.5
      vertex 12.0545 29.1022 -1.5
    endloop
  endfacet
  facet normal -0.849209 0.528057 0
    outer loop
      vertex -27.2798 15.75 -1.5
      vertex -26.1913 17.5005 0
      vertex -26.1913 17.5005 -1.5
    endloop
  endfacet
  facet normal -0.849209 0.528057 0
    outer loop
      vertex -26.1913 17.5005 0
      vertex -27.2798 15.75 -1.5
      vertex -27.2798 15.75 0
    endloop
  endfacet
  facet normal 0.412695 -0.910869 0
    outer loop
      vertex 12.0545 -29.1022 -1.5
      vertex 13.9321 -28.2515 0
      vertex 12.0545 -29.1022 0
    endloop
  endfacet
  facet normal 0.412695 -0.910869 0
    outer loop
      vertex 13.9321 -28.2515 0
      vertex 12.0545 -29.1022 -1.5
      vertex 13.9321 -28.2515 -1.5
    endloop
  endfacet
  facet normal 0.881919 0.471401 0
    outer loop
      vertex 28.2515 13.9321 0
      vertex 27.2798 15.75 -1.5
      vertex 27.2798 15.75 0
    endloop
  endfacet
  facet normal 0.881919 0.471401 0
    outer loop
      vertex 27.2798 15.75 -1.5
      vertex 28.2515 13.9321 0
      vertex 28.2515 13.9321 -1.5
    endloop
  endfacet
  facet normal 0.729868 0.683588 0
    outer loop
      vertex 23.683 20.7694 0
      vertex 22.2739 22.2739 -1.5
      vertex 22.2739 22.2739 0
    endloop
  endfacet
  facet normal 0.729868 0.683588 0
    outer loop
      vertex 22.2739 22.2739 -1.5
      vertex 23.683 20.7694 0
      vertex 23.683 20.7694 -1.5
    endloop
  endfacet
  facet normal -0.634373 0.773027 0
    outer loop
      vertex -19.176 24.9906 -1.5
      vertex -20.7694 23.683 0
      vertex -19.176 24.9906 0
    endloop
  endfacet
  facet normal -0.634373 0.773027 0
    outer loop
      vertex -20.7694 23.683 0
      vertex -19.176 24.9906 -1.5
      vertex -20.7694 23.683 -1.5
    endloop
  endfacet
  facet normal -0.162906 -0.986642 0
    outer loop
      vertex -6.14534 -30.8947 -1.5
      vertex -4.11157 -31.2305 0
      vertex -6.14534 -30.8947 0
    endloop
  endfacet
  facet normal -0.162906 -0.986642 -0
    outer loop
      vertex -4.11157 -31.2305 0
      vertex -6.14534 -30.8947 -1.5
      vertex -4.11157 -31.2305 -1.5
    endloop
  endfacet
  facet normal -0.881919 -0.471401 0
    outer loop
      vertex -27.2798 -15.75 -1.5
      vertex -28.2515 -13.9321 0
      vertex -28.2515 -13.9321 -1.5
    endloop
  endfacet
  facet normal -0.881919 -0.471401 0
    outer loop
      vertex -28.2515 -13.9321 0
      vertex -27.2798 -15.75 -1.5
      vertex -27.2798 -15.75 0
    endloop
  endfacet
  facet normal -0.0980449 0.995182 0
    outer loop
      vertex -2.0602 31.4326 -1.5
      vertex -4.11157 31.2305 0
      vertex -2.0602 31.4326 0
    endloop
  endfacet
  facet normal -0.0980449 0.995182 0
    outer loop
      vertex -4.11157 31.2305 0
      vertex -2.0602 31.4326 -1.5
      vertex -4.11157 31.2305 -1.5
    endloop
  endfacet
  facet normal 0.528057 -0.849209 0
    outer loop
      vertex 15.75 -27.2798 -1.5
      vertex 17.5005 -26.1913 0
      vertex 15.75 -27.2798 0
    endloop
  endfacet
  facet normal 0.528057 -0.849209 0
    outer loop
      vertex 17.5005 -26.1913 0
      vertex 15.75 -27.2798 -1.5
      vertex 17.5005 -26.1913 -1.5
    endloop
  endfacet
  facet normal -0.986642 0.162906 0
    outer loop
      vertex -31.2305 4.11157 -1.5
      vertex -30.8947 6.14534 0
      vertex -30.8947 6.14534 -1.5
    endloop
  endfacet
  facet normal -0.986642 0.162906 0
    outer loop
      vertex -30.8947 6.14534 0
      vertex -31.2305 4.11157 -1.5
      vertex -31.2305 4.11157 0
    endloop
  endfacet
  facet normal 0.227042 0.973885 -0
    outer loop
      vertex 8.1528 30.4267 -1.5
      vertex 6.14534 30.8947 0
      vertex 8.1528 30.4267 0
    endloop
  endfacet
  facet normal 0.227042 0.973885 0
    outer loop
      vertex 6.14534 30.8947 0
      vertex 8.1528 30.4267 -1.5
      vertex 6.14534 30.8947 -1.5
    endloop
  endfacet
  facet normal -0.528057 -0.849209 0
    outer loop
      vertex -17.5005 -26.1913 -1.5
      vertex -15.75 -27.2798 0
      vertex -17.5005 -26.1913 0
    endloop
  endfacet
  facet normal -0.528057 -0.849209 -0
    outer loop
      vertex -15.75 -27.2798 0
      vertex -17.5005 -26.1913 -1.5
      vertex -15.75 -27.2798 -1.5
    endloop
  endfacet
  facet normal 0.227042 -0.973885 0
    outer loop
      vertex 6.14534 -30.8947 -1.5
      vertex 8.1528 -30.4267 0
      vertex 6.14534 -30.8947 0
    endloop
  endfacet
  facet normal 0.227042 -0.973885 0
    outer loop
      vertex 8.1528 -30.4267 0
      vertex 6.14534 -30.8947 -1.5
      vertex 8.1528 -30.4267 -1.5
    endloop
  endfacet
  facet normal -0.995182 -0.0980449 0
    outer loop
      vertex -31.2305 -4.11157 -1.5
      vertex -31.4326 -2.0602 0
      vertex -31.4326 -2.0602 -1.5
    endloop
  endfacet
  facet normal -0.995182 -0.0980449 0
    outer loop
      vertex -31.4326 -2.0602 0
      vertex -31.2305 -4.11157 -1.5
      vertex -31.2305 -4.11157 0
    endloop
  endfacet
  facet normal 0.634373 -0.773027 0
    outer loop
      vertex 19.176 -24.9906 -1.5
      vertex 20.7694 -23.683 0
      vertex 19.176 -24.9906 0
    endloop
  endfacet
  facet normal 0.634373 -0.773027 0
    outer loop
      vertex 20.7694 -23.683 0
      vertex 19.176 -24.9906 -1.5
      vertex 20.7694 -23.683 -1.5
    endloop
  endfacet
  facet normal 0.999465 -0.0326978 0
    outer loop
      vertex 31.4326 -2.0602 0
      vertex 31.5 0 -1.5
      vertex 31.5 0 0
    endloop
  endfacet
  facet normal 0.999465 -0.0326978 0
    outer loop
      vertex 31.5 0 -1.5
      vertex 31.4326 -2.0602 0
      vertex 31.4326 -2.0602 -1.5
    endloop
  endfacet
  facet normal -0.729868 0.683588 0
    outer loop
      vertex -23.683 20.7694 -1.5
      vertex -22.2739 22.2739 0
      vertex -22.2739 22.2739 -1.5
    endloop
  endfacet
  facet normal -0.729868 0.683588 0
    outer loop
      vertex -22.2739 22.2739 0
      vertex -23.683 20.7694 -1.5
      vertex -23.683 20.7694 0
    endloop
  endfacet
  facet normal 0 0 -1
    outer loop
      vertex 2.77604 0.365473 -1.5
      vertex 10 6 -1.5
      vertex 2.794 0.183128 -1.5
    endloop
  endfacet
  facet normal 0 0 -1
    outer loop
      vertex 2.7462 0.546252 -1.5
      vertex 10 6 -1.5
      vertex 2.77604 0.365473 -1.5
    endloop
  endfacet
  facet normal 0 0 -1
    outer loop
      vertex 2.70459 0.724693 -1.5
      vertex 10 6 -1.5
      vertex 2.7462 0.546252 -1.5
    endloop
  endfacet
  facet normal 0 0 -1
    outer loop
      vertex 2.6514 0.90003 -1.5
      vertex 10 6 -1.5
      vertex 2.70459 0.724693 -1.5
    endloop
  endfacet
  facet normal 0 0 -1
    outer loop
      vertex 2.58686 1.07151 -1.5
      vertex 10 6 -1.5
      vertex 2.6514 0.90003 -1.5
    endloop
  endfacet
  facet normal 0 0 -1
    outer loop
      vertex 2.51124 1.23841 -1.5
      vertex 10 6 -1.5
      vertex 2.58686 1.07151 -1.5
    endloop
  endfacet
  facet normal 0 0 -1
    outer loop
      vertex 2.42487 1.4 -1.5
      vertex 10 6 -1.5
      vertex 2.51124 1.23841 -1.5
    endloop
  endfacet
  facet normal 0 0 -1
    outer loop
      vertex 2.32811 1.5556 -1.5
      vertex 10 6 -1.5
      vertex 2.42487 1.4 -1.5
    endloop
  endfacet
  facet normal 0 0 -1
    outer loop
      vertex 2.22139 1.70453 -1.5
      vertex 10 6 -1.5
      vertex 2.32811 1.5556 -1.5
    endloop
  endfacet
  facet normal 0 0 -1
    outer loop
      vertex 2.10515 1.84617 -1.5
      vertex 10 6 -1.5
      vertex 2.22139 1.70453 -1.5
    endloop
  endfacet
  facet normal 0 0 -1
    outer loop
      vertex 1.9799 1.9799 -1.5
      vertex 10 6 -1.5
      vertex 2.10515 1.84617 -1.5
    endloop
  endfacet
  facet normal 0 0 -1
    outer loop
      vertex 1.84617 2.10515 -1.5
      vertex 10 6 -1.5
      vertex 1.9799 1.9799 -1.5
    endloop
  endfacet
  facet normal 0 0 -1
    outer loop
      vertex 1.70453 2.22139 -1.5
      vertex 10 6 -1.5
      vertex 1.84617 2.10515 -1.5
    endloop
  endfacet
  facet normal 0 0 -1
    outer loop
      vertex 1.5556 2.32811 -1.5
      vertex 10 6 -1.5
      vertex 1.70453 2.22139 -1.5
    endloop
  endfacet
  facet normal 0 0 -1
    outer loop
      vertex 1.4 2.42487 -1.5
      vertex 10 6 -1.5
      vertex 1.5556 2.32811 -1.5
    endloop
  endfacet
  facet normal 0 0 -1
    outer loop
      vertex 1.23841 2.51124 -1.5
      vertex 10 6 -1.5
      vertex 1.4 2.42487 -1.5
    endloop
  endfacet
  facet normal 0 0 -1
    outer loop
      vertex 1.07151 2.58686 -1.5
      vertex 10 6 -1.5
      vertex 1.23841 2.51124 -1.5
    endloop
  endfacet
  facet normal 0 0 -1
    outer loop
      vertex 0.90003 2.6514 -1.5
      vertex 10 6 -1.5
      vertex 1.07151 2.58686 -1.5
    endloop
  endfacet
  facet normal 0 0 -1
    outer loop
      vertex 0.724693 2.70459 -1.5
      vertex 10 6 -1.5
      vertex 0.90003 2.6514 -1.5
    endloop
  endfacet
  facet normal 0 0 -1
    outer loop
      vertex 0.546252 2.7462 -1.5
      vertex 10 6 -1.5
      vertex 0.724693 2.70459 -1.5
    endloop
  endfacet
  facet normal 0 0 -1
    outer loop
      vertex 0.365473 2.77604 -1.5
      vertex 10 6 -1.5
      vertex 0.546252 2.7462 -1.5
    endloop
  endfacet
  facet normal 0 0 -1
    outer loop
      vertex 0.183128 2.794 -1.5
      vertex 10 6 -1.5
      vertex 0.365473 2.77604 -1.5
    endloop
  endfacet
  facet normal 0 0 -1
    outer loop
      vertex 10 6 -1.5
      vertex 2.0602 31.4326 -1.5
      vertex 4.11157 31.2305 -1.5
    endloop
  endfacet
  facet normal -0 0 -1
    outer loop
      vertex 10 6 -1.5
      vertex 0.183128 2.794 -1.5
      vertex 2.0602 31.4326 -1.5
    endloop
  endfacet
  facet normal 0 0 -1
    outer loop
      vertex 0 2.8 -1.5
      vertex 2.0602 31.4326 -1.5
      vertex 0.183128 2.794 -1.5
    endloop
  endfacet
  facet normal 0 0 -1
    outer loop
      vertex 0 2.8 -1.5
      vertex 0 31.5 -1.5
      vertex 2.0602 31.4326 -1.5
    endloop
  endfacet
  facet normal 0 0 -1
    outer loop
      vertex -0.183128 2.794 -1.5
      vertex 0 31.5 -1.5
      vertex 0 2.8 -1.5
    endloop
  endfacet
  facet normal 0 0 -1
    outer loop
      vertex -2.0602 31.4326 -1.5
      vertex -0.183128 2.794 -1.5
      vertex -0.365473 2.77604 -1.5
    endloop
  endfacet
  facet normal 0 0 -1
    outer loop
      vertex -4.11157 31.2305 -1.5
      vertex -0.365473 2.77604 -1.5
      vertex -0.546252 2.7462 -1.5
    endloop
  endfacet
  facet normal 0 0 -1
    outer loop
      vertex -6.14534 30.8947 -1.5
      vertex -0.546252 2.7462 -1.5
      vertex -0.724693 2.70459 -1.5
    endloop
  endfacet
  facet normal 0 0 -1
    outer loop
      vertex -8.1528 30.4267 -1.5
      vertex -0.724693 2.70459 -1.5
      vertex -0.90003 2.6514 -1.5
    endloop
  endfacet
  facet normal 0 0 -1
    outer loop
      vertex -10.1253 29.8283 -1.5
      vertex -0.90003 2.6514 -1.5
      vertex -1.07151 2.58686 -1.5
    endloop
  endfacet
  facet normal 0 0 -1
    outer loop
      vertex -12.0545 29.1022 -1.5
      vertex -1.07151 2.58686 -1.5
      vertex -1.23841 2.51124 -1.5
    endloop
  endfacet
  facet normal 0 0 -1
    outer loop
      vertex -13.9321 28.2515 -1.5
      vertex -1.23841 2.51124 -1.5
      vertex -1.4 2.42487 -1.5
    endloop
  endfacet
  facet normal 0 0 -1
    outer loop
      vertex -15.75 27.2798 -1.5
      vertex -1.4 2.42487 -1.5
      vertex -1.5556 2.32811 -1.5
    endloop
  endfacet
  facet normal 0 0 -1
    outer loop
      vertex -17.5005 26.1913 -1.5
      vertex -1.5556 2.32811 -1.5
      vertex -1.70453 2.22139 -1.5
    endloop
  endfacet
  facet normal 0 0 -1
    outer loop
      vertex -19.176 24.9906 -1.5
      vertex -1.70453 2.22139 -1.5
      vertex -1.84617 2.10515 -1.5
    endloop
  endfacet
  facet normal 0 0 -1
    outer loop
      vertex -20.7694 23.683 -1.5
      vertex -1.84617 2.10515 -1.5
      vertex -1.9799 1.9799 -1.5
    endloop
  endfacet
  facet normal 0 0 -1
    outer loop
      vertex -0.183128 2.794 -1.5
      vertex -2.0602 31.4326 -1.5
      vertex 0 31.5 -1.5
    endloop
  endfacet
  facet normal 0 0 -1
    outer loop
      vertex -22.2739 22.2739 -1.5
      vertex -1.9799 1.9799 -1.5
      vertex -2.10515 1.84617 -1.5
    endloop
  endfacet
  facet normal 0 0 -1
    outer loop
      vertex -23.683 20.7694 -1.5
      vertex -2.10515 1.84617 -1.5
      vertex -2.22139 1.70453 -1.5
    endloop
  endfacet
  facet normal 0 0 -1
    outer loop
      vertex -24.9906 19.176 -1.5
      vertex -2.22139 1.70453 -1.5
      vertex -2.32811 1.5556 -1.5
    endloop
  endfacet
  facet normal 0 0 -1
    outer loop
      vertex -26.1913 17.5005 -1.5
      vertex -2.32811 1.5556 -1.5
      vertex -2.42487 1.4 -1.5
    endloop
  endfacet
  facet normal 0 0 -1
    outer loop
      vertex -27.2798 15.75 -1.5
      vertex -2.42487 1.4 -1.5
      vertex -2.51124 1.23841 -1.5
    endloop
  endfacet
  facet normal 0 0 -1
    outer loop
      vertex -28.2515 13.9321 -1.5
      vertex -2.51124 1.23841 -1.5
      vertex -2.58686 1.07151 -1.5
    endloop
  endfacet
  facet normal 0 0 -1
    outer loop
      vertex -29.1022 12.0545 -1.5
      vertex -2.58686 1.07151 -1.5
      vertex -2.6514 0.90003 -1.5
    endloop
  endfacet
  facet normal 0 0 -1
    outer loop
      vertex -29.8283 10.1253 -1.5
      vertex -2.6514 0.90003 -1.5
      vertex -2.70459 0.724693 -1.5
    endloop
  endfacet
  facet normal 0 0 -1
    outer loop
      vertex -30.4267 8.1528 -1.5
      vertex -2.70459 0.724693 -1.5
      vertex -2.7462 0.546252 -1.5
    endloop
  endfacet
  facet normal 0 0 -1
    outer loop
      vertex -30.8947 6.14534 -1.5
      vertex -2.7462 0.546252 -1.5
      vertex -2.77604 0.365473 -1.5
    endloop
  endfacet
  facet normal 0 0 -1
    outer loop
      vertex -31.2305 4.11157 -1.5
      vertex -2.77604 0.365473 -1.5
      vertex -2.794 0.183128 -1.5
    endloop
  endfacet
  facet normal 0 0 -1
    outer loop
      vertex -31.4326 2.0602 -1.5
      vertex -2.794 0.183128 -1.5
      vertex -2.8 0 -1.5
    endloop
  endfacet
  facet normal -0 0 -1
    outer loop
      vertex -2.10515 -1.84617 -1.5
      vertex -23.683 -20.7694 -1.5
      vertex -2.22139 -1.70453 -1.5
    endloop
  endfacet
  facet normal 0 0 -1
    outer loop
      vertex -0.365473 2.77604 -1.5
      vertex -4.11157 31.2305 -1.5
      vertex -2.0602 31.4326 -1.5
    endloop
  endfacet
  facet normal 0 0 -1
    outer loop
      vertex -24.9906 -19.176 -1.5
      vertex -2.22139 -1.70453 -1.5
      vertex -23.683 -20.7694 -1.5
    endloop
  endfacet
  facet normal 0 0 -1
    outer loop
      vertex -0.546252 2.7462 -1.5
      vertex -6.14534 30.8947 -1.5
      vertex -4.11157 31.2305 -1.5
    endloop
  endfacet
  facet normal -0 0 -1
    outer loop
      vertex -2.22139 -1.70453 -1.5
      vertex -24.9906 -19.176 -1.5
      vertex -2.32811 -1.5556 -1.5
    endloop
  endfacet
  facet normal 0 0 -1
    outer loop
      vertex -0.724693 2.70459 -1.5
      vertex -8.1528 30.4267 -1.5
      vertex -6.14534 30.8947 -1.5
    endloop
  endfacet
  facet normal 0 0 -1
    outer loop
      vertex -26.1913 -17.5005 -1.5
      vertex -2.32811 -1.5556 -1.5
      vertex -24.9906 -19.176 -1.5
    endloop
  endfacet
  facet normal 0 0 -1
    outer loop
      vertex -0.90003 2.6514 -1.5
      vertex -10.1253 29.8283 -1.5
      vertex -8.1528 30.4267 -1.5
    endloop
  endfacet
  facet normal -0 0 -1
    outer loop
      vertex -2.32811 -1.5556 -1.5
      vertex -26.1913 -17.5005 -1.5
      vertex -2.42487 -1.4 -1.5
    endloop
  endfacet
  facet normal 0 0 -1
    outer loop
      vertex -1.07151 2.58686 -1.5
      vertex -12.0545 29.1022 -1.5
      vertex -10.1253 29.8283 -1.5
    endloop
  endfacet
  facet normal 0 0 -1
    outer loop
      vertex -27.2798 -15.75 -1.5
      vertex -2.42487 -1.4 -1.5
      vertex -26.1913 -17.5005 -1.5
    endloop
  endfacet
  facet normal 0 0 -1
    outer loop
      vertex -1.23841 2.51124 -1.5
      vertex -13.9321 28.2515 -1.5
      vertex -12.0545 29.1022 -1.5
    endloop
  endfacet
  facet normal -0 0 -1
    outer loop
      vertex -2.42487 -1.4 -1.5
      vertex -27.2798 -15.75 -1.5
      vertex -2.51124 -1.23841 -1.5
    endloop
  endfacet
  facet normal 0 0 -1
    outer loop
      vertex -1.4 2.42487 -1.5
      vertex -15.75 27.2798 -1.5
      vertex -13.9321 28.2515 -1.5
    endloop
  endfacet
  facet normal 0 0 -1
    outer loop
      vertex -28.2515 -13.9321 -1.5
      vertex -2.51124 -1.23841 -1.5
      vertex -27.2798 -15.75 -1.5
    endloop
  endfacet
  facet normal 0 0 -1
    outer loop
      vertex -1.5556 2.32811 -1.5
      vertex -17.5005 26.1913 -1.5
      vertex -15.75 27.2798 -1.5
    endloop
  endfacet
  facet normal -0 0 -1
    outer loop
      vertex -2.51124 -1.23841 -1.5
      vertex -28.2515 -13.9321 -1.5
      vertex -2.58686 -1.07151 -1.5
    endloop
  endfacet
  facet normal 0 0 -1
    outer loop
      vertex -1.70453 2.22139 -1.5
      vertex -19.176 24.9906 -1.5
      vertex -17.5005 26.1913 -1.5
    endloop
  endfacet
  facet normal 0 0 -1
    outer loop
      vertex -29.1022 -12.0545 -1.5
      vertex -2.58686 -1.07151 -1.5
      vertex -28.2515 -13.9321 -1.5
    endloop
  endfacet
  facet normal 0 0 -1
    outer loop
      vertex -1.84617 2.10515 -1.5
      vertex -20.7694 23.683 -1.5
      vertex -19.176 24.9906 -1.5
    endloop
  endfacet
  facet normal -0 0 -1
    outer loop
      vertex -2.58686 -1.07151 -1.5
      vertex -29.1022 -12.0545 -1.5
      vertex -2.6514 -0.90003 -1.5
    endloop
  endfacet
  facet normal 0 0 -1
    outer loop
      vertex -1.9799 1.9799 -1.5
      vertex -22.2739 22.2739 -1.5
      vertex -20.7694 23.683 -1.5
    endloop
  endfacet
  facet normal 0 0 -1
    outer loop
      vertex -29.8283 -10.1253 -1.5
      vertex -2.6514 -0.90003 -1.5
      vertex -29.1022 -12.0545 -1.5
    endloop
  endfacet
  facet normal 0 0 -1
    outer loop
      vertex -2.10515 1.84617 -1.5
      vertex -23.683 20.7694 -1.5
      vertex -22.2739 22.2739 -1.5
    endloop
  endfacet
  facet normal -0 0 -1
    outer loop
      vertex -2.6514 -0.90003 -1.5
      vertex -29.8283 -10.1253 -1.5
      vertex -2.70459 -0.724693 -1.5
    endloop
  endfacet
  facet normal 0 0 -1
    outer loop
      vertex -2.22139 1.70453 -1.5
      vertex -24.9906 19.176 -1.5
      vertex -23.683 20.7694 -1.5
    endloop
  endfacet
  facet normal 0 0 -1
    outer loop
      vertex -30.4267 -8.1528 -1.5
      vertex -2.70459 -0.724693 -1.5
      vertex -29.8283 -10.1253 -1.5
    endloop
  endfacet
  facet normal 0 0 -1
    outer loop
      vertex -2.32811 1.5556 -1.5
      vertex -26.1913 17.5005 -1.5
      vertex -24.9906 19.176 -1.5
    endloop
  endfacet
  facet normal -0 0 -1
    outer loop
      vertex -2.70459 -0.724693 -1.5
      vertex -30.4267 -8.1528 -1.5
      vertex -2.7462 -0.546252 -1.5
    endloop
  endfacet
  facet normal 0 0 -1
    outer loop
      vertex -2.42487 1.4 -1.5
      vertex -27.2798 15.75 -1.5
      vertex -26.1913 17.5005 -1.5
    endloop
  endfacet
  facet normal 0 0 -1
    outer loop
      vertex -30.8947 -6.14534 -1.5
      vertex -2.7462 -0.546252 -1.5
      vertex -30.4267 -8.1528 -1.5
    endloop
  endfacet
  facet normal 0 0 -1
    outer loop
      vertex -2.51124 1.23841 -1.5
      vertex -28.2515 13.9321 -1.5
      vertex -27.2798 15.75 -1.5
    endloop
  endfacet
  facet normal -0 0 -1
    outer loop
      vertex -2.7462 -0.546252 -1.5
      vertex -30.8947 -6.14534 -1.5
      vertex -2.77604 -0.365473 -1.5
    endloop
  endfacet
  facet normal 0 0 -1
    outer loop
      vertex -2.58686 1.07151 -1.5
      vertex -29.1022 12.0545 -1.5
      vertex -28.2515 13.9321 -1.5
    endloop
  endfacet
  facet normal 0 0 -1
    outer loop
      vertex -31.2305 -4.11157 -1.5
      vertex -2.77604 -0.365473 -1.5
      vertex -30.8947 -6.14534 -1.5
    endloop
  endfacet
  facet normal 0 0 -1
    outer loop
      vertex -2.6514 0.90003 -1.5
      vertex -29.8283 10.1253 -1.5
      vertex -29.1022 12.0545 -1.5
    endloop
  endfacet
  facet normal -0 0 -1
    outer loop
      vertex -2.77604 -0.365473 -1.5
      vertex -31.2305 -4.11157 -1.5
      vertex -2.794 -0.183128 -1.5
    endloop
  endfacet
  facet normal 0 0 -1
    outer loop
      vertex -2.70459 0.724693 -1.5
      vertex -30.4267 8.1528 -1.5
      vertex -29.8283 10.1253 -1.5
    endloop
  endfacet
  facet normal 0 0 -1
    outer loop
      vertex -31.4326 -2.0602 -1.5
      vertex -2.794 -0.183128 -1.5
      vertex -31.2305 -4.11157 -1.5
    endloop
  endfacet
  facet normal 0 0 -1
    outer loop
      vertex -2.7462 0.546252 -1.5
      vertex -30.8947 6.14534 -1.5
      vertex -30.4267 8.1528 -1.5
    endloop
  endfacet
  facet normal -0 0 -1
    outer loop
      vertex -2.794 -0.183128 -1.5
      vertex -31.4326 -2.0602 -1.5
      vertex -2.8 0 -1.5
    endloop
  endfacet
  facet normal 0 0 -1
    outer loop
      vertex -2.77604 0.365473 -1.5
      vertex -31.2305 4.11157 -1.5
      vertex -30.8947 6.14534 -1.5
    endloop
  endfacet
  facet normal 0 0 -1
    outer loop
      vertex -31.5 0 -1.5
      vertex -2.8 0 -1.5
      vertex -31.4326 -2.0602 -1.5
    endloop
  endfacet
  facet normal 0 0 -1
    outer loop
      vertex -2.794 0.183128 -1.5
      vertex -31.4326 2.0602 -1.5
      vertex -31.2305 4.11157 -1.5
    endloop
  endfacet
  facet normal 0 0 -1
    outer loop
      vertex -2.8 0 -1.5
      vertex -31.5 0 -1.5
      vertex -31.4326 2.0602 -1.5
    endloop
  endfacet
  facet normal 0 0 -1
    outer loop
      vertex 26 -6 -1.5
      vertex 31.5 0 -1.5
      vertex 31.4326 -2.0602 -1.5
    endloop
  endfacet
  facet normal 0 0 -1
    outer loop
      vertex 26 -6 -1.5
      vertex 31.4326 -2.0602 -1.5
      vertex 31.2305 -4.11157 -1.5
    endloop
  endfacet
  facet normal 0 0 -1
    outer loop
      vertex 26 6 -1.5
      vertex 31.5 0 -1.5
      vertex 26 -6 -1.5
    endloop
  endfacet
  facet normal 0 0 -1
    outer loop
      vertex 26 -6 -1.5
      vertex 31.2305 -4.11157 -1.5
      vertex 30.8947 -6.14534 -1.5
    endloop
  endfacet
  facet normal 0 0 -1
    outer loop
      vertex 31.5 0 -1.5
      vertex 26 6 -1.5
      vertex 31.4326 2.0602 -1.5
    endloop
  endfacet
  facet normal 0 0 -1
    outer loop
      vertex 26 -6 -1.5
      vertex 30.8947 -6.14534 -1.5
      vertex 30.4267 -8.1528 -1.5
    endloop
  endfacet
  facet normal 0 0 -1
    outer loop
      vertex 31.4326 2.0602 -1.5
      vertex 26 6 -1.5
      vertex 31.2305 4.11157 -1.5
    endloop
  endfacet
  facet normal 0 0 -1
    outer loop
      vertex 26 -6 -1.5
      vertex 30.4267 -8.1528 -1.5
      vertex 29.8283 -10.1253 -1.5
    endloop
  endfacet
  facet normal 0 0 -1
    outer loop
      vertex 31.2305 4.11157 -1.5
      vertex 26 6 -1.5
      vertex 30.8947 6.14534 -1.5
    endloop
  endfacet
  facet normal 0 0 -1
    outer loop
      vertex 26 -6 -1.5
      vertex 29.8283 -10.1253 -1.5
      vertex 29.1022 -12.0545 -1.5
    endloop
  endfacet
  facet normal -0 0 -1
    outer loop
      vertex 30.8947 6.14534 -1.5
      vertex 26 6 -1.5
      vertex 30.4267 8.1528 -1.5
    endloop
  endfacet
  facet normal 0 0 -1
    outer loop
      vertex 26 -6 -1.5
      vertex 29.1022 -12.0545 -1.5
      vertex 28.2515 -13.9321 -1.5
    endloop
  endfacet
  facet normal -0 0 -1
    outer loop
      vertex 30.4267 8.1528 -1.5
      vertex 26 6 -1.5
      vertex 29.8283 10.1253 -1.5
    endloop
  endfacet
  facet normal 0 0 -1
    outer loop
      vertex 26 -6 -1.5
      vertex 28.2515 -13.9321 -1.5
      vertex 27.2798 -15.75 -1.5
    endloop
  endfacet
  facet normal -0 0 -1
    outer loop
      vertex 29.8283 10.1253 -1.5
      vertex 26 6 -1.5
      vertex 29.1022 12.0545 -1.5
    endloop
  endfacet
  facet normal 0 0 -1
    outer loop
      vertex 26 -6 -1.5
      vertex 27.2798 -15.75 -1.5
      vertex 26.1913 -17.5005 -1.5
    endloop
  endfacet
  facet normal -0 0 -1
    outer loop
      vertex 29.1022 12.0545 -1.5
      vertex 26 6 -1.5
      vertex 28.2515 13.9321 -1.5
    endloop
  endfacet
  facet normal -0 0 -1
    outer loop
      vertex 28.2515 13.9321 -1.5
      vertex 26 6 -1.5
      vertex 27.2798 15.75 -1.5
    endloop
  endfacet
  facet normal 0 0 -1
    outer loop
      vertex 10 -6 -1.5
      vertex 26.1913 -17.5005 -1.5
      vertex 24.9906 -19.176 -1.5
    endloop
  endfacet
  facet normal 0 0 -1
    outer loop
      vertex 10 -6 -1.5
      vertex 24.9906 -19.176 -1.5
      vertex 23.683 -20.7694 -1.5
    endloop
  endfacet
  facet normal 0 0 -1
    outer loop
      vertex 10 -6 -1.5
      vertex 23.683 -20.7694 -1.5
      vertex 22.2739 -22.2739 -1.5
    endloop
  endfacet
  facet normal 0 0 -1
    outer loop
      vertex 10 -6 -1.5
      vertex 22.2739 -22.2739 -1.5
      vertex 20.7694 -23.683 -1.5
    endloop
  endfacet
  facet normal 0 0 -1
    outer loop
      vertex 10 -6 -1.5
      vertex 20.7694 -23.683 -1.5
      vertex 19.176 -24.9906 -1.5
    endloop
  endfacet
  facet normal 0 0 -1
    outer loop
      vertex 10 -6 -1.5
      vertex 19.176 -24.9906 -1.5
      vertex 17.5005 -26.1913 -1.5
    endloop
  endfacet
  facet normal 0 0 -1
    outer loop
      vertex 10 -6 -1.5
      vertex 17.5005 -26.1913 -1.5
      vertex 15.75 -27.2798 -1.5
    endloop
  endfacet
  facet normal 0 0 -1
    outer loop
      vertex 10 -6 -1.5
      vertex 15.75 -27.2798 -1.5
      vertex 13.9321 -28.2515 -1.5
    endloop
  endfacet
  facet normal 0 0 -1
    outer loop
      vertex 10 -6 -1.5
      vertex 13.9321 -28.2515 -1.5
      vertex 12.0545 -29.1022 -1.5
    endloop
  endfacet
  facet normal 0 0 -1
    outer loop
      vertex 10 -6 -1.5
      vertex 12.0545 -29.1022 -1.5
      vertex 10.1253 -29.8283 -1.5
    endloop
  endfacet
  facet normal 0 0 -1
    outer loop
      vertex 26.1913 -17.5005 -1.5
      vertex 10 -6 -1.5
      vertex 26 -6 -1.5
    endloop
  endfacet
  facet normal 0 0 -1
    outer loop
      vertex 6.14534 -30.8947 -1.5
      vertex 10 -6 -1.5
      vertex 8.1528 -30.4267 -1.5
    endloop
  endfacet
  facet normal 0 0 -1
    outer loop
      vertex 8.1528 -30.4267 -1.5
      vertex 10 -6 -1.5
      vertex 10.1253 -29.8283 -1.5
    endloop
  endfacet
  facet normal -0 0 -1
    outer loop
      vertex 27.2798 15.75 -1.5
      vertex 26 6 -1.5
      vertex 26.1913 17.5005 -1.5
    endloop
  endfacet
  facet normal 0 0 -1
    outer loop
      vertex 10 6 -1.5
      vertex 26.1913 17.5005 -1.5
      vertex 26 6 -1.5
    endloop
  endfacet
  facet normal -0 0 -1
    outer loop
      vertex 26.1913 17.5005 -1.5
      vertex 10 6 -1.5
      vertex 24.9906 19.176 -1.5
    endloop
  endfacet
  facet normal -0 0 -1
    outer loop
      vertex 24.9906 19.176 -1.5
      vertex 10 6 -1.5
      vertex 23.683 20.7694 -1.5
    endloop
  endfacet
  facet normal -0 0 -1
    outer loop
      vertex 23.683 20.7694 -1.5
      vertex 10 6 -1.5
      vertex 22.2739 22.2739 -1.5
    endloop
  endfacet
  facet normal -0 0 -1
    outer loop
      vertex 22.2739 22.2739 -1.5
      vertex 10 6 -1.5
      vertex 20.7694 23.683 -1.5
    endloop
  endfacet
  facet normal -0 0 -1
    outer loop
      vertex 20.7694 23.683 -1.5
      vertex 10 6 -1.5
      vertex 19.176 24.9906 -1.5
    endloop
  endfacet
  facet normal -0 0 -1
    outer loop
      vertex 19.176 24.9906 -1.5
      vertex 10 6 -1.5
      vertex 17.5005 26.1913 -1.5
    endloop
  endfacet
  facet normal -0 0 -1
    outer loop
      vertex 17.5005 26.1913 -1.5
      vertex 10 6 -1.5
      vertex 15.75 27.2798 -1.5
    endloop
  endfacet
  facet normal -0 0 -1
    outer loop
      vertex 15.75 27.2798 -1.5
      vertex 10 6 -1.5
      vertex 13.9321 28.2515 -1.5
    endloop
  endfacet
  facet normal -0 0 -1
    outer loop
      vertex 13.9321 28.2515 -1.5
      vertex 10 6 -1.5
      vertex 12.0545 29.1022 -1.5
    endloop
  endfacet
  facet normal -0 0 -1
    outer loop
      vertex 12.0545 29.1022 -1.5
      vertex 10 6 -1.5
      vertex 10.1253 29.8283 -1.5
    endloop
  endfacet
  facet normal 0 -0 -1
    outer loop
      vertex 2.51124 -1.23841 -1.5
      vertex 10 -6 -1.5
      vertex 2.42487 -1.4 -1.5
    endloop
  endfacet
  facet normal 0 0 -1
    outer loop
      vertex 2.794 0.183128 -1.5
      vertex 10 6 -1.5
      vertex 2.8 0 -1.5
    endloop
  endfacet
  facet normal 0 0 -1
    outer loop
      vertex 4.11157 -31.2305 -1.5
      vertex 10 -6 -1.5
      vertex 6.14534 -30.8947 -1.5
    endloop
  endfacet
  facet normal 0 0 -1
    outer loop
      vertex 10 6 -1.5
      vertex 8.1528 30.4267 -1.5
      vertex 10.1253 29.8283 -1.5
    endloop
  endfacet
  facet normal 0 0 -1
    outer loop
      vertex 2.0602 -31.4326 -1.5
      vertex 10 -6 -1.5
      vertex 4.11157 -31.2305 -1.5
    endloop
  endfacet
  facet normal 0 0 -1
    outer loop
      vertex 10 6 -1.5
      vertex 6.14534 30.8947 -1.5
      vertex 8.1528 30.4267 -1.5
    endloop
  endfacet
  facet normal 0 0 -1
    outer loop
      vertex 10 6 -1.5
      vertex 4.11157 31.2305 -1.5
      vertex 6.14534 30.8947 -1.5
    endloop
  endfacet
  facet normal 0 0 -1
    outer loop
      vertex 10 -6 -1.5
      vertex 2.8 0 -1.5
      vertex 10 6 -1.5
    endloop
  endfacet
  facet normal 0 -0 -1
    outer loop
      vertex 2.8 0 -1.5
      vertex 10 -6 -1.5
      vertex 2.794 -0.183128 -1.5
    endloop
  endfacet
  facet normal 0 -0 -1
    outer loop
      vertex 2.794 -0.183128 -1.5
      vertex 10 -6 -1.5
      vertex 2.77604 -0.365473 -1.5
    endloop
  endfacet
  facet normal 0 -0 -1
    outer loop
      vertex 2.77604 -0.365473 -1.5
      vertex 10 -6 -1.5
      vertex 2.7462 -0.546252 -1.5
    endloop
  endfacet
  facet normal 0 -0 -1
    outer loop
      vertex 2.7462 -0.546252 -1.5
      vertex 10 -6 -1.5
      vertex 2.70459 -0.724693 -1.5
    endloop
  endfacet
  facet normal 0 -0 -1
    outer loop
      vertex 2.70459 -0.724693 -1.5
      vertex 10 -6 -1.5
      vertex 2.6514 -0.90003 -1.5
    endloop
  endfacet
  facet normal 0 -0 -1
    outer loop
      vertex 2.6514 -0.90003 -1.5
      vertex 10 -6 -1.5
      vertex 2.58686 -1.07151 -1.5
    endloop
  endfacet
  facet normal 0 -0 -1
    outer loop
      vertex 2.58686 -1.07151 -1.5
      vertex 10 -6 -1.5
      vertex 2.51124 -1.23841 -1.5
    endloop
  endfacet
  facet normal 0 0 -1
    outer loop
      vertex 10 -6 -1.5
      vertex 2.32811 -1.5556 -1.5
      vertex 2.42487 -1.4 -1.5
    endloop
  endfacet
  facet normal 0 0 -1
    outer loop
      vertex 10 -6 -1.5
      vertex 2.22139 -1.70453 -1.5
      vertex 2.32811 -1.5556 -1.5
    endloop
  endfacet
  facet normal 0 0 -1
    outer loop
      vertex 10 -6 -1.5
      vertex 2.10515 -1.84617 -1.5
      vertex 2.22139 -1.70453 -1.5
    endloop
  endfacet
  facet normal 0 0 -1
    outer loop
      vertex 0.183128 -2.794 -1.5
      vertex 10 -6 -1.5
      vertex 2.0602 -31.4326 -1.5
    endloop
  endfacet
  facet normal 0 0 -1
    outer loop
      vertex 10 -6 -1.5
      vertex 1.9799 -1.9799 -1.5
      vertex 2.10515 -1.84617 -1.5
    endloop
  endfacet
  facet normal 0 0 -1
    outer loop
      vertex 10 -6 -1.5
      vertex 1.84617 -2.10515 -1.5
      vertex 1.9799 -1.9799 -1.5
    endloop
  endfacet
  facet normal 0 0 -1
    outer loop
      vertex 10 -6 -1.5
      vertex 1.70453 -2.22139 -1.5
      vertex 1.84617 -2.10515 -1.5
    endloop
  endfacet
  facet normal 0 0 -1
    outer loop
      vertex 10 -6 -1.5
      vertex 1.5556 -2.32811 -1.5
      vertex 1.70453 -2.22139 -1.5
    endloop
  endfacet
  facet normal 0 0 -1
    outer loop
      vertex 10 -6 -1.5
      vertex 1.4 -2.42487 -1.5
      vertex 1.5556 -2.32811 -1.5
    endloop
  endfacet
  facet normal 0 0 -1
    outer loop
      vertex 10 -6 -1.5
      vertex 1.23841 -2.51124 -1.5
      vertex 1.4 -2.42487 -1.5
    endloop
  endfacet
  facet normal 0 0 -1
    outer loop
      vertex 10 -6 -1.5
      vertex 1.07151 -2.58686 -1.5
      vertex 1.23841 -2.51124 -1.5
    endloop
  endfacet
  facet normal 0 0 -1
    outer loop
      vertex 10 -6 -1.5
      vertex 0.90003 -2.6514 -1.5
      vertex 1.07151 -2.58686 -1.5
    endloop
  endfacet
  facet normal 0 0 -1
    outer loop
      vertex 10 -6 -1.5
      vertex 0.724693 -2.70459 -1.5
      vertex 0.90003 -2.6514 -1.5
    endloop
  endfacet
  facet normal 0 0 -1
    outer loop
      vertex 10 -6 -1.5
      vertex 0.546252 -2.7462 -1.5
      vertex 0.724693 -2.70459 -1.5
    endloop
  endfacet
  facet normal 0 0 -1
    outer loop
      vertex 10 -6 -1.5
      vertex 0.365473 -2.77604 -1.5
      vertex 0.546252 -2.7462 -1.5
    endloop
  endfacet
  facet normal 0 0 -1
    outer loop
      vertex 10 -6 -1.5
      vertex 0.183128 -2.794 -1.5
      vertex 0.365473 -2.77604 -1.5
    endloop
  endfacet
  facet normal 0 0 -1
    outer loop
      vertex 0 -31.5 -1.5
      vertex 0.183128 -2.794 -1.5
      vertex 2.0602 -31.4326 -1.5
    endloop
  endfacet
  facet normal 0 0 -1
    outer loop
      vertex 0 -31.5 -1.5
      vertex 0 -2.8 -1.5
      vertex 0.183128 -2.794 -1.5
    endloop
  endfacet
  facet normal 0 0 -1
    outer loop
      vertex 0 -31.5 -1.5
      vertex -0.183128 -2.794 -1.5
      vertex 0 -2.8 -1.5
    endloop
  endfacet
  facet normal 0 0 -1
    outer loop
      vertex -2.0602 -31.4326 -1.5
      vertex -0.183128 -2.794 -1.5
      vertex 0 -31.5 -1.5
    endloop
  endfacet
  facet normal -0 0 -1
    outer loop
      vertex -0.183128 -2.794 -1.5
      vertex -2.0602 -31.4326 -1.5
      vertex -0.365473 -2.77604 -1.5
    endloop
  endfacet
  facet normal 0 0 -1
    outer loop
      vertex -4.11157 -31.2305 -1.5
      vertex -0.365473 -2.77604 -1.5
      vertex -2.0602 -31.4326 -1.5
    endloop
  endfacet
  facet normal -0 0 -1
    outer loop
      vertex -0.365473 -2.77604 -1.5
      vertex -4.11157 -31.2305 -1.5
      vertex -0.546252 -2.7462 -1.5
    endloop
  endfacet
  facet normal 0 0 -1
    outer loop
      vertex -6.14534 -30.8947 -1.5
      vertex -0.546252 -2.7462 -1.5
      vertex -4.11157 -31.2305 -1.5
    endloop
  endfacet
  facet normal -0 0 -1
    outer loop
      vertex -0.546252 -2.7462 -1.5
      vertex -6.14534 -30.8947 -1.5
      vertex -0.724693 -2.70459 -1.5
    endloop
  endfacet
  facet normal 0 0 -1
    outer loop
      vertex -8.1528 -30.4267 -1.5
      vertex -0.724693 -2.70459 -1.5
      vertex -6.14534 -30.8947 -1.5
    endloop
  endfacet
  facet normal -0 0 -1
    outer loop
      vertex -0.724693 -2.70459 -1.5
      vertex -8.1528 -30.4267 -1.5
      vertex -0.90003 -2.6514 -1.5
    endloop
  endfacet
  facet normal 0 0 -1
    outer loop
      vertex -10.1253 -29.8283 -1.5
      vertex -0.90003 -2.6514 -1.5
      vertex -8.1528 -30.4267 -1.5
    endloop
  endfacet
  facet normal -0 0 -1
    outer loop
      vertex -0.90003 -2.6514 -1.5
      vertex -10.1253 -29.8283 -1.5
      vertex -1.07151 -2.58686 -1.5
    endloop
  endfacet
  facet normal 0 0 -1
    outer loop
      vertex -12.0545 -29.1022 -1.5
      vertex -1.07151 -2.58686 -1.5
      vertex -10.1253 -29.8283 -1.5
    endloop
  endfacet
  facet normal -0 0 -1
    outer loop
      vertex -1.07151 -2.58686 -1.5
      vertex -12.0545 -29.1022 -1.5
      vertex -1.23841 -2.51124 -1.5
    endloop
  endfacet
  facet normal 0 0 -1
    outer loop
      vertex -13.9321 -28.2515 -1.5
      vertex -1.23841 -2.51124 -1.5
      vertex -12.0545 -29.1022 -1.5
    endloop
  endfacet
  facet normal -0 0 -1
    outer loop
      vertex -1.23841 -2.51124 -1.5
      vertex -13.9321 -28.2515 -1.5
      vertex -1.4 -2.42487 -1.5
    endloop
  endfacet
  facet normal 0 0 -1
    outer loop
      vertex -15.75 -27.2798 -1.5
      vertex -1.4 -2.42487 -1.5
      vertex -13.9321 -28.2515 -1.5
    endloop
  endfacet
  facet normal -0 0 -1
    outer loop
      vertex -1.4 -2.42487 -1.5
      vertex -15.75 -27.2798 -1.5
      vertex -1.5556 -2.32811 -1.5
    endloop
  endfacet
  facet normal 0 0 -1
    outer loop
      vertex -17.5005 -26.1913 -1.5
      vertex -1.5556 -2.32811 -1.5
      vertex -15.75 -27.2798 -1.5
    endloop
  endfacet
  facet normal -0 0 -1
    outer loop
      vertex -1.5556 -2.32811 -1.5
      vertex -17.5005 -26.1913 -1.5
      vertex -1.70453 -2.22139 -1.5
    endloop
  endfacet
  facet normal 0 0 -1
    outer loop
      vertex -19.176 -24.9906 -1.5
      vertex -1.70453 -2.22139 -1.5
      vertex -17.5005 -26.1913 -1.5
    endloop
  endfacet
  facet normal -0 0 -1
    outer loop
      vertex -1.70453 -2.22139 -1.5
      vertex -19.176 -24.9906 -1.5
      vertex -1.84617 -2.10515 -1.5
    endloop
  endfacet
  facet normal 0 0 -1
    outer loop
      vertex -20.7694 -23.683 -1.5
      vertex -1.84617 -2.10515 -1.5
      vertex -19.176 -24.9906 -1.5
    endloop
  endfacet
  facet normal -0 0 -1
    outer loop
      vertex -1.84617 -2.10515 -1.5
      vertex -20.7694 -23.683 -1.5
      vertex -1.9799 -1.9799 -1.5
    endloop
  endfacet
  facet normal 0 0 -1
    outer loop
      vertex -22.2739 -22.2739 -1.5
      vertex -1.9799 -1.9799 -1.5
      vertex -20.7694 -23.683 -1.5
    endloop
  endfacet
  facet normal -0 0 -1
    outer loop
      vertex -1.9799 -1.9799 -1.5
      vertex -22.2739 -22.2739 -1.5
      vertex -2.10515 -1.84617 -1.5
    endloop
  endfacet
  facet normal 0 0 -1
    outer loop
      vertex -23.683 -20.7694 -1.5
      vertex -2.10515 -1.84617 -1.5
      vertex -22.2739 -22.2739 -1.5
    endloop
  endfacet
  facet normal 0.0326978 0.999465 -0
    outer loop
      vertex 2.0602 31.4326 -1.5
      vertex 0 31.5 0
      vertex 2.0602 31.4326 0
    endloop
  endfacet
  facet normal 0.0326978 0.999465 0
    outer loop
      vertex 0 31.5 0
      vertex 2.0602 31.4326 -1.5
      vertex 0 31.5 -1.5
    endloop
  endfacet
  facet normal -0.582495 -0.812834 0
    outer loop
      vertex -19.176 -24.9906 -1.5
      vertex -17.5005 -26.1913 0
      vertex -19.176 -24.9906 0
    endloop
  endfacet
  facet normal -0.582495 -0.812834 -0
    outer loop
      vertex -17.5005 -26.1913 0
      vertex -19.176 -24.9906 -1.5
      vertex -17.5005 -26.1913 -1.5
    endloop
  endfacet
  facet normal -0.812834 -0.582495 0
    outer loop
      vertex -24.9906 -19.176 -1.5
      vertex -26.1913 -17.5005 0
      vertex -26.1913 -17.5005 -1.5
    endloop
  endfacet
  facet normal -0.812834 -0.582495 0
    outer loop
      vertex -26.1913 -17.5005 0
      vertex -24.9906 -19.176 -1.5
      vertex -24.9906 -19.176 0
    endloop
  endfacet
  facet normal -0.412695 -0.910869 0
    outer loop
      vertex -13.9321 -28.2515 -1.5
      vertex -12.0545 -29.1022 0
      vertex -13.9321 -28.2515 0
    endloop
  endfacet
  facet normal -0.412695 -0.910869 -0
    outer loop
      vertex -12.0545 -29.1022 0
      vertex -13.9321 -28.2515 -1.5
      vertex -12.0545 -29.1022 -1.5
    endloop
  endfacet
  facet normal -0.999465 0.0326978 0
    outer loop
      vertex -31.5 0 -1.5
      vertex -31.4326 2.0602 0
      vertex -31.4326 2.0602 -1.5
    endloop
  endfacet
  facet normal -0.999465 0.0326978 0
    outer loop
      vertex -31.4326 2.0602 0
      vertex -31.5 0 -1.5
      vertex -31.5 0 0
    endloop
  endfacet
  facet normal -0.35225 -0.935906 0
    outer loop
      vertex -12.0545 -29.1022 -1.5
      vertex -10.1253 -29.8283 0
      vertex -12.0545 -29.1022 0
    endloop
  endfacet
  facet normal -0.35225 -0.935906 -0
    outer loop
      vertex -10.1253 -29.8283 0
      vertex -12.0545 -29.1022 -1.5
      vertex -10.1253 -29.8283 -1.5
    endloop
  endfacet
  facet normal -0.773027 0.634373 0
    outer loop
      vertex -24.9906 19.176 -1.5
      vertex -23.683 20.7694 0
      vertex -23.683 20.7694 -1.5
    endloop
  endfacet
  facet normal -0.773027 0.634373 0
    outer loop
      vertex -23.683 20.7694 0
      vertex -24.9906 19.176 -1.5
      vertex -24.9906 19.176 0
    endloop
  endfacet
  facet normal 1 -0 0
    outer loop
      vertex 30.5 -10.5 15
      vertex 30.5 10.5 3
      vertex 30.5 10.5 15
    endloop
  endfacet
  facet normal 1 0 0
    outer loop
      vertex 30.5 10.5 3
      vertex 30.5 -10.5 15
      vertex 30.5 -10.5 3
    endloop
  endfacet
  facet normal 0 0 1
    outer loop
      vertex 30.5 10.5 15
      vertex 28 8 15
      vertex 30.5 -10.5 15
    endloop
  endfacet
  facet normal 0 0 1
    outer loop
      vertex 30.5 10.5 15
      vertex 8 8 15
      vertex 28 8 15
    endloop
  endfacet
  facet normal 0 0 1
    outer loop
      vertex 8 8 15
      vertex 5.5 10.5 15
      vertex 8 -8 15
    endloop
  endfacet
  facet normal -0 0 1
    outer loop
      vertex 5.5 10.5 15
      vertex 8 8 15
      vertex 30.5 10.5 15
    endloop
  endfacet
  facet normal -0 0 1
    outer loop
      vertex 28 -8 15
      vertex 30.5 -10.5 15
      vertex 28 8 15
    endloop
  endfacet
  facet normal -0 0 1
    outer loop
      vertex 8 -8 15
      vertex 30.5 -10.5 15
      vertex 28 -8 15
    endloop
  endfacet
  facet normal 0 0 1
    outer loop
      vertex 8 -8 15
      vertex 5.5 -10.5 15
      vertex 30.5 -10.5 15
    endloop
  endfacet
  facet normal 0 0 1
    outer loop
      vertex 5.5 -10.5 15
      vertex 8 -8 15
      vertex 5.5 10.5 15
    endloop
  endfacet
  facet normal -1 0 0
    outer loop
      vertex 5.5 -10.5 3
      vertex 5.5 10.5 15
      vertex 5.5 10.5 3
    endloop
  endfacet
  facet normal -1 -0 0
    outer loop
      vertex 5.5 10.5 15
      vertex 5.5 -10.5 3
      vertex 5.5 -10.5 15
    endloop
  endfacet
  facet normal 0 1 -0
    outer loop
      vertex 30.5 10.5 3
      vertex 5.5 10.5 15
      vertex 30.5 10.5 15
    endloop
  endfacet
  facet normal 0 1 0
    outer loop
      vertex 5.5 10.5 15
      vertex 30.5 10.5 3
      vertex 5.5 10.5 3
    endloop
  endfacet
  facet normal 0 -1 0
    outer loop
      vertex 5.5 -10.5 3
      vertex 30.5 -10.5 15
      vertex 5.5 -10.5 15
    endloop
  endfacet
  facet normal 0 -1 -0
    outer loop
      vertex 30.5 -10.5 15
      vertex 5.5 -10.5 3
      vertex 30.5 -10.5 3
    endloop
  endfacet
  facet normal -1 0 0
    outer loop
      vertex 26 -6 -1.5
      vertex 26 6 3
      vertex 26 6 -1.5
    endloop
  endfacet
  facet normal -1 -0 0
    outer loop
      vertex 26 6 3
      vertex 26 -6 -1.5
      vertex 26 -6 3
    endloop
  endfacet
  facet normal 1 -0 0
    outer loop
      vertex 10 -6 3
      vertex 10 6 -1.5
      vertex 10 6 3
    endloop
  endfacet
  facet normal 1 0 0
    outer loop
      vertex 10 6 -1.5
      vertex 10 -6 3
      vertex 10 -6 -1.5
    endloop
  endfacet
  facet normal 0 -1 0
    outer loop
      vertex 10 6 -1.5
      vertex 26 6 3
      vertex 10 6 3
    endloop
  endfacet
  facet normal 0 -1 -0
    outer loop
      vertex 26 6 3
      vertex 10 6 -1.5
      vertex 26 6 -1.5
    endloop
  endfacet
  facet normal 0 1 -0
    outer loop
      vertex 26 -6 -1.5
      vertex 10 -6 3
      vertex 26 -6 3
    endloop
  endfacet
  facet normal 0 1 0
    outer loop
      vertex 10 -6 3
      vertex 26 -6 -1.5
      vertex 10 -6 -1.5
    endloop
  endfacet
  facet normal -1 0 0
    outer loop
      vertex 28 -8 3
      vertex 28 8 15
      vertex 28 8 3
    endloop
  endfacet
  facet normal -1 -0 0
    outer loop
      vertex 28 8 15
      vertex 28 -8 3
      vertex 28 -8 15
    endloop
  endfacet
  facet normal 0 0 1
    outer loop
      vertex 28 8 3
      vertex 26 6 3
      vertex 28 -8 3
    endloop
  endfacet
  facet normal 0 0 1
    outer loop
      vertex 28 8 3
      vertex 10 6 3
      vertex 26 6 3
    endloop
  endfacet
  facet normal 0 0 1
    outer loop
      vertex 10 6 3
      vertex 8 8 3
      vertex 10 -6 3
    endloop
  endfacet
  facet normal -0 0 1
    outer loop
      vertex 8 8 3
      vertex 10 6 3
      vertex 28 8 3
    endloop
  endfacet
  facet normal -0 0 1
    outer loop
      vertex 26 -6 3
      vertex 28 -8 3
      vertex 26 6 3
    endloop
  endfacet
  facet normal -0 0 1
    outer loop
      vertex 10 -6 3
      vertex 28 -8 3
      vertex 26 -6 3
    endloop
  endfacet
  facet normal 0 0 1
    outer loop
      vertex 10 -6 3
      vertex 8 -8 3
      vertex 28 -8 3
    endloop
  endfacet
  facet normal 0 0 1
    outer loop
      vertex 8 -8 3
      vertex 10 -6 3
      vertex 8 8 3
    endloop
  endfacet
  facet normal 1 -0 0
    outer loop
      vertex 8 -8 15
      vertex 8 8 3
      vertex 8 8 15
    endloop
  endfacet
  facet normal 1 0 0
    outer loop
      vertex 8 8 3
      vertex 8 -8 15
      vertex 8 -8 3
    endloop
  endfacet
  facet normal 0 -1 0
    outer loop
      vertex 8 8 3
      vertex 28 8 15
      vertex 8 8 15
    endloop
  endfacet
  facet normal 0 -1 -0
    outer loop
      vertex 28 8 15
      vertex 8 8 3
      vertex 28 8 3
    endloop
  endfacet
  facet normal 0 1 -0
    outer loop
      vertex 28 -8 3
      vertex 8 -8 15
      vertex 28 -8 15
    endloop
  endfacet
  facet normal 0 1 0
    outer loop
      vertex 8 -8 15
      vertex 28 -8 3
      vertex 8 -8 3
    endloop
  endfacet
  facet normal -0.995184 -0.0980203 0
    outer loop
      vertex 2.794 0.183128 -1.5
      vertex 2.77604 0.365473 3
      vertex 2.77604 0.365473 -1.5
    endloop
  endfacet
  facet normal -0.995184 -0.0980203 0
    outer loop
      vertex 2.77604 0.365473 3
      vertex 2.794 0.183128 -1.5
      vertex 2.794 0.183128 3
    endloop
  endfacet
  facet normal -0.999464 -0.0327464 0
    outer loop
      vertex 2.8 0 -1.5
      vertex 2.794 0.183128 3
      vertex 2.794 0.183128 -1.5
    endloop
  endfacet
  facet normal -0.999464 -0.0327464 0
    outer loop
      vertex 2.794 0.183128 3
      vertex 2.8 0 -1.5
      vertex 2.8 0 3
    endloop
  endfacet
  facet normal -0.986649 -0.16286 0
    outer loop
      vertex 2.77604 0.365473 -1.5
      vertex 2.7462 0.546252 3
      vertex 2.7462 0.546252 -1.5
    endloop
  endfacet
  facet normal -0.986649 -0.16286 0
    outer loop
      vertex 2.7462 0.546252 3
      vertex 2.77604 0.365473 -1.5
      vertex 2.77604 0.365473 3
    endloop
  endfacet
  facet normal -0.973873 -0.227094 0
    outer loop
      vertex 2.7462 0.546252 -1.5
      vertex 2.70459 0.724693 3
      vertex 2.70459 0.724693 -1.5
    endloop
  endfacet
  facet normal -0.973873 -0.227094 0
    outer loop
      vertex 2.70459 0.724693 3
      vertex 2.7462 0.546252 -1.5
      vertex 2.7462 0.546252 3
    endloop
  endfacet
  facet normal -0.582471 -0.812851 0
    outer loop
      vertex 1.5556 2.32811 -1.5
      vertex 1.70453 2.22139 3
      vertex 1.5556 2.32811 3
    endloop
  endfacet
  facet normal -0.582471 -0.812851 -0
    outer loop
      vertex 1.70453 2.22139 3
      vertex 1.5556 2.32811 -1.5
      vertex 1.70453 2.22139 -1.5
    endloop
  endfacet
  facet normal -0.412701 0.910867 0
    outer loop
      vertex 1.23841 -2.51124 -1.5
      vertex 1.07151 -2.58686 3
      vertex 1.23841 -2.51124 3
    endloop
  endfacet
  facet normal -0.412701 0.910867 0
    outer loop
      vertex 1.07151 -2.58686 3
      vertex 1.23841 -2.51124 -1.5
      vertex 1.07151 -2.58686 -1.5
    endloop
  endfacet
  facet normal -0.999464 0.0327464 0
    outer loop
      vertex 2.794 -0.183128 -1.5
      vertex 2.8 0 3
      vertex 2.8 0 -1.5
    endloop
  endfacet
  facet normal -0.999464 0.0327464 0
    outer loop
      vertex 2.8 0 3
      vertex 2.794 -0.183128 -1.5
      vertex 2.794 -0.183128 3
    endloop
  endfacet
  facet normal -0.986649 0.16286 0
    outer loop
      vertex 2.7462 -0.546252 -1.5
      vertex 2.77604 -0.365473 3
      vertex 2.77604 -0.365473 -1.5
    endloop
  endfacet
  facet normal -0.986649 0.16286 0
    outer loop
      vertex 2.77604 -0.365473 3
      vertex 2.7462 -0.546252 -1.5
      vertex 2.7462 -0.546252 3
    endloop
  endfacet
  facet normal 0.47139 -0.881925 0
    outer loop
      vertex -1.4 2.42487 -1.5
      vertex -1.23841 2.51124 3
      vertex -1.4 2.42487 3
    endloop
  endfacet
  facet normal 0.47139 -0.881925 0
    outer loop
      vertex -1.23841 2.51124 3
      vertex -1.4 2.42487 -1.5
      vertex -1.23841 2.51124 -1.5
    endloop
  endfacet
  facet normal -0.910867 0.412701 0
    outer loop
      vertex 2.51124 -1.23841 -1.5
      vertex 2.58686 -1.07151 3
      vertex 2.58686 -1.07151 -1.5
    endloop
  endfacet
  facet normal -0.910867 0.412701 0
    outer loop
      vertex 2.58686 -1.07151 3
      vertex 2.51124 -1.23841 -1.5
      vertex 2.51124 -1.23841 3
    endloop
  endfacet
  facet normal -0.910867 -0.412701 0
    outer loop
      vertex 2.58686 1.07151 -1.5
      vertex 2.51124 1.23841 3
      vertex 2.51124 1.23841 -1.5
    endloop
  endfacet
  facet normal -0.910867 -0.412701 0
    outer loop
      vertex 2.51124 1.23841 3
      vertex 2.58686 1.07151 -1.5
      vertex 2.58686 1.07151 3
    endloop
  endfacet
  facet normal 0.227094 0.973873 -0
    outer loop
      vertex -0.546252 -2.7462 -1.5
      vertex -0.724693 -2.70459 3
      vertex -0.546252 -2.7462 3
    endloop
  endfacet
  facet normal 0.227094 0.973873 0
    outer loop
      vertex -0.724693 -2.70459 3
      vertex -0.546252 -2.7462 -1.5
      vertex -0.724693 -2.70459 -1.5
    endloop
  endfacet
  facet normal -0.0327464 -0.999464 0
    outer loop
      vertex 0 2.8 -1.5
      vertex 0.183128 2.794 3
      vertex 0 2.8 3
    endloop
  endfacet
  facet normal -0.0327464 -0.999464 -0
    outer loop
      vertex 0.183128 2.794 3
      vertex 0 2.8 -1.5
      vertex 0.183128 2.794 -1.5
    endloop
  endfacet
  facet normal 0.683587 0.729869 -0
    outer loop
      vertex -1.84617 -2.10515 -1.5
      vertex -1.9799 -1.9799 3
      vertex -1.84617 -2.10515 3
    endloop
  endfacet
  facet normal 0.683587 0.729869 0
    outer loop
      vertex -1.9799 -1.9799 3
      vertex -1.84617 -2.10515 -1.5
      vertex -1.9799 -1.9799 -1.5
    endloop
  endfacet
  facet normal -0.63439 0.773013 0
    outer loop
      vertex 1.84617 -2.10515 -1.5
      vertex 1.70453 -2.22139 3
      vertex 1.84617 -2.10515 3
    endloop
  endfacet
  facet normal -0.63439 0.773013 0
    outer loop
      vertex 1.70453 -2.22139 3
      vertex 1.84617 -2.10515 -1.5
      vertex 1.70453 -2.22139 -1.5
    endloop
  endfacet
  facet normal 0.0980203 0.995184 -0
    outer loop
      vertex -0.183128 -2.794 -1.5
      vertex -0.365473 -2.77604 3
      vertex -0.183128 -2.794 3
    endloop
  endfacet
  facet normal 0.0980203 0.995184 0
    outer loop
      vertex -0.365473 -2.77604 3
      vertex -0.183128 -2.794 -1.5
      vertex -0.365473 -2.77604 -1.5
    endloop
  endfacet
  facet normal -0.849198 -0.528075 0
    outer loop
      vertex 2.42487 1.4 -1.5
      vertex 2.32811 1.5556 3
      vertex 2.32811 1.5556 -1.5
    endloop
  endfacet
  facet normal -0.849198 -0.528075 0
    outer loop
      vertex 2.32811 1.5556 3
      vertex 2.42487 1.4 -1.5
      vertex 2.42487 1.4 3
    endloop
  endfacet
  facet normal 0.528075 0.849198 -0
    outer loop
      vertex -1.4 -2.42487 -1.5
      vertex -1.5556 -2.32811 3
      vertex -1.4 -2.42487 3
    endloop
  endfacet
  facet normal 0.528075 0.849198 0
    outer loop
      vertex -1.5556 -2.32811 3
      vertex -1.4 -2.42487 -1.5
      vertex -1.5556 -2.32811 -1.5
    endloop
  endfacet
  facet normal 0.995184 -0.0980203 0
    outer loop
      vertex -2.794 0.183128 3
      vertex -2.77604 0.365473 -1.5
      vertex -2.77604 0.365473 3
    endloop
  endfacet
  facet normal 0.995184 -0.0980203 0
    outer loop
      vertex -2.77604 0.365473 -1.5
      vertex -2.794 0.183128 3
      vertex -2.794 0.183128 -1.5
    endloop
  endfacet
  facet normal 0.290295 0.956937 -0
    outer loop
      vertex -0.724693 -2.70459 -1.5
      vertex -0.90003 -2.6514 3
      vertex -0.724693 -2.70459 3
    endloop
  endfacet
  facet normal 0.290295 0.956937 0
    outer loop
      vertex -0.90003 -2.6514 3
      vertex -0.724693 -2.70459 -1.5
      vertex -0.90003 -2.6514 -1.5
    endloop
  endfacet
  facet normal 0.412701 -0.910867 0
    outer loop
      vertex -1.23841 2.51124 -1.5
      vertex -1.07151 2.58686 3
      vertex -1.23841 2.51124 3
    endloop
  endfacet
  facet normal 0.412701 -0.910867 0
    outer loop
      vertex -1.07151 2.58686 3
      vertex -1.23841 2.51124 -1.5
      vertex -1.07151 2.58686 -1.5
    endloop
  endfacet
  facet normal -0.956937 -0.290295 0
    outer loop
      vertex 2.70459 0.724693 -1.5
      vertex 2.6514 0.90003 3
      vertex 2.6514 0.90003 -1.5
    endloop
  endfacet
  facet normal -0.956937 -0.290295 0
    outer loop
      vertex 2.6514 0.90003 3
      vertex 2.70459 0.724693 -1.5
      vertex 2.70459 0.724693 3
    endloop
  endfacet
  facet normal -0.812851 -0.582471 0
    outer loop
      vertex 2.32811 1.5556 -1.5
      vertex 2.22139 1.70453 3
      vertex 2.22139 1.70453 -1.5
    endloop
  endfacet
  facet normal -0.812851 -0.582471 0
    outer loop
      vertex 2.22139 1.70453 3
      vertex 2.32811 1.5556 -1.5
      vertex 2.32811 1.5556 3
    endloop
  endfacet
  facet normal 0.973873 -0.227094 0
    outer loop
      vertex -2.7462 0.546252 3
      vertex -2.70459 0.724693 -1.5
      vertex -2.70459 0.724693 3
    endloop
  endfacet
  facet normal 0.973873 -0.227094 0
    outer loop
      vertex -2.70459 0.724693 -1.5
      vertex -2.7462 0.546252 3
      vertex -2.7462 0.546252 -1.5
    endloop
  endfacet
  facet normal 0.910867 0.412701 0
    outer loop
      vertex -2.51124 -1.23841 3
      vertex -2.58686 -1.07151 -1.5
      vertex -2.58686 -1.07151 3
    endloop
  endfacet
  facet normal 0.910867 0.412701 0
    outer loop
      vertex -2.58686 -1.07151 -1.5
      vertex -2.51124 -1.23841 3
      vertex -2.51124 -1.23841 -1.5
    endloop
  endfacet
  facet normal 0.999464 -0.0327464 0
    outer loop
      vertex -2.8 0 3
      vertex -2.794 0.183128 -1.5
      vertex -2.794 0.183128 3
    endloop
  endfacet
  facet normal 0.999464 -0.0327464 0
    outer loop
      vertex -2.794 0.183128 -1.5
      vertex -2.8 0 3
      vertex -2.8 0 -1.5
    endloop
  endfacet
  facet normal -0.935907 0.352248 0
    outer loop
      vertex 2.58686 -1.07151 -1.5
      vertex 2.6514 -0.90003 3
      vertex 2.6514 -0.90003 -1.5
    endloop
  endfacet
  facet normal -0.935907 0.352248 0
    outer loop
      vertex 2.6514 -0.90003 3
      vertex 2.58686 -1.07151 -1.5
      vertex 2.58686 -1.07151 3
    endloop
  endfacet
  facet normal 0.582471 0.812851 -0
    outer loop
      vertex -1.5556 -2.32811 -1.5
      vertex -1.70453 -2.22139 3
      vertex -1.5556 -2.32811 3
    endloop
  endfacet
  facet normal 0.582471 0.812851 0
    outer loop
      vertex -1.70453 -2.22139 3
      vertex -1.5556 -2.32811 -1.5
      vertex -1.70453 -2.22139 -1.5
    endloop
  endfacet
  facet normal 0.582471 -0.812851 0
    outer loop
      vertex -1.70453 2.22139 -1.5
      vertex -1.5556 2.32811 3
      vertex -1.70453 2.22139 3
    endloop
  endfacet
  facet normal 0.582471 -0.812851 0
    outer loop
      vertex -1.5556 2.32811 3
      vertex -1.70453 2.22139 -1.5
      vertex -1.5556 2.32811 -1.5
    endloop
  endfacet
  facet normal -0.227094 0.973873 0
    outer loop
      vertex 0.724693 -2.70459 -1.5
      vertex 0.546252 -2.7462 3
      vertex 0.724693 -2.70459 3
    endloop
  endfacet
  facet normal -0.227094 0.973873 0
    outer loop
      vertex 0.546252 -2.7462 3
      vertex 0.724693 -2.70459 -1.5
      vertex 0.546252 -2.7462 -1.5
    endloop
  endfacet
  facet normal -0.352248 -0.935907 0
    outer loop
      vertex 0.90003 2.6514 -1.5
      vertex 1.07151 2.58686 3
      vertex 0.90003 2.6514 3
    endloop
  endfacet
  facet normal -0.352248 -0.935907 -0
    outer loop
      vertex 1.07151 2.58686 3
      vertex 0.90003 2.6514 -1.5
      vertex 1.07151 2.58686 -1.5
    endloop
  endfacet
  facet normal 0.63439 -0.773013 0
    outer loop
      vertex -1.84617 2.10515 -1.5
      vertex -1.70453 2.22139 3
      vertex -1.84617 2.10515 3
    endloop
  endfacet
  facet normal 0.63439 -0.773013 0
    outer loop
      vertex -1.70453 2.22139 3
      vertex -1.84617 2.10515 -1.5
      vertex -1.70453 2.22139 -1.5
    endloop
  endfacet
  facet normal 0.849198 0.528075 0
    outer loop
      vertex -2.32811 -1.5556 3
      vertex -2.42487 -1.4 -1.5
      vertex -2.42487 -1.4 3
    endloop
  endfacet
  facet normal 0.849198 0.528075 0
    outer loop
      vertex -2.42487 -1.4 -1.5
      vertex -2.32811 -1.5556 3
      vertex -2.32811 -1.5556 -1.5
    endloop
  endfacet
  facet normal -0.683587 -0.729869 0
    outer loop
      vertex 1.84617 2.10515 -1.5
      vertex 1.9799 1.9799 3
      vertex 1.84617 2.10515 3
    endloop
  endfacet
  facet normal -0.683587 -0.729869 -0
    outer loop
      vertex 1.9799 1.9799 3
      vertex 1.84617 2.10515 -1.5
      vertex 1.9799 1.9799 -1.5
    endloop
  endfacet
  facet normal 0.528075 -0.849198 0
    outer loop
      vertex -1.5556 2.32811 -1.5
      vertex -1.4 2.42487 3
      vertex -1.5556 2.32811 3
    endloop
  endfacet
  facet normal 0.528075 -0.849198 0
    outer loop
      vertex -1.4 2.42487 3
      vertex -1.5556 2.32811 -1.5
      vertex -1.4 2.42487 -1.5
    endloop
  endfacet
  facet normal -0.995184 0.0980203 0
    outer loop
      vertex 2.77604 -0.365473 -1.5
      vertex 2.794 -0.183128 3
      vertex 2.794 -0.183128 -1.5
    endloop
  endfacet
  facet normal -0.995184 0.0980203 0
    outer loop
      vertex 2.794 -0.183128 3
      vertex 2.77604 -0.365473 -1.5
      vertex 2.77604 -0.365473 3
    endloop
  endfacet
  facet normal -0.973873 0.227094 0
    outer loop
      vertex 2.70459 -0.724693 -1.5
      vertex 2.7462 -0.546252 3
      vertex 2.7462 -0.546252 -1.5
    endloop
  endfacet
  facet normal -0.973873 0.227094 0
    outer loop
      vertex 2.7462 -0.546252 3
      vertex 2.70459 -0.724693 -1.5
      vertex 2.70459 -0.724693 3
    endloop
  endfacet
  facet normal -0.47139 0.881925 0
    outer loop
      vertex 1.4 -2.42487 -1.5
      vertex 1.23841 -2.51124 3
      vertex 1.4 -2.42487 3
    endloop
  endfacet
  facet normal -0.47139 0.881925 0
    outer loop
      vertex 1.23841 -2.51124 3
      vertex 1.4 -2.42487 -1.5
      vertex 1.23841 -2.51124 -1.5
    endloop
  endfacet
  facet normal -0.290295 0.956937 0
    outer loop
      vertex 0.90003 -2.6514 -1.5
      vertex 0.724693 -2.70459 3
      vertex 0.90003 -2.6514 3
    endloop
  endfacet
  facet normal -0.290295 0.956937 0
    outer loop
      vertex 0.724693 -2.70459 3
      vertex 0.90003 -2.6514 -1.5
      vertex 0.724693 -2.70459 -1.5
    endloop
  endfacet
  facet normal -0.582471 0.812851 0
    outer loop
      vertex 1.70453 -2.22139 -1.5
      vertex 1.5556 -2.32811 3
      vertex 1.70453 -2.22139 3
    endloop
  endfacet
  facet normal -0.582471 0.812851 0
    outer loop
      vertex 1.5556 -2.32811 3
      vertex 1.70453 -2.22139 -1.5
      vertex 1.5556 -2.32811 -1.5
    endloop
  endfacet
  facet normal -0.0980203 0.995184 0
    outer loop
      vertex 0.365473 -2.77604 -1.5
      vertex 0.183128 -2.794 3
      vertex 0.365473 -2.77604 3
    endloop
  endfacet
  facet normal -0.0980203 0.995184 0
    outer loop
      vertex 0.183128 -2.794 3
      vertex 0.365473 -2.77604 -1.5
      vertex 0.183128 -2.794 -1.5
    endloop
  endfacet
  facet normal -0.0980203 -0.995184 0
    outer loop
      vertex 0.183128 2.794 -1.5
      vertex 0.365473 2.77604 3
      vertex 0.183128 2.794 3
    endloop
  endfacet
  facet normal -0.0980203 -0.995184 -0
    outer loop
      vertex 0.365473 2.77604 3
      vertex 0.183128 2.794 -1.5
      vertex 0.365473 2.77604 -1.5
    endloop
  endfacet
  facet normal 0.16286 -0.986649 0
    outer loop
      vertex -0.546252 2.7462 -1.5
      vertex -0.365473 2.77604 3
      vertex -0.546252 2.7462 3
    endloop
  endfacet
  facet normal 0.16286 -0.986649 0
    outer loop
      vertex -0.365473 2.77604 3
      vertex -0.546252 2.7462 -1.5
      vertex -0.365473 2.77604 -1.5
    endloop
  endfacet
  facet normal 0.986649 0.16286 0
    outer loop
      vertex -2.7462 -0.546252 3
      vertex -2.77604 -0.365473 -1.5
      vertex -2.77604 -0.365473 3
    endloop
  endfacet
  facet normal 0.986649 0.16286 0
    outer loop
      vertex -2.77604 -0.365473 -1.5
      vertex -2.7462 -0.546252 3
      vertex -2.7462 -0.546252 -1.5
    endloop
  endfacet
  facet normal 0.999464 0.0327464 0
    outer loop
      vertex -2.794 -0.183128 3
      vertex -2.8 0 -1.5
      vertex -2.8 0 3
    endloop
  endfacet
  facet normal 0.999464 0.0327464 0
    outer loop
      vertex -2.8 0 -1.5
      vertex -2.794 -0.183128 3
      vertex -2.794 -0.183128 -1.5
    endloop
  endfacet
  facet normal 0.956937 0.290295 0
    outer loop
      vertex -2.6514 -0.90003 3
      vertex -2.70459 -0.724693 -1.5
      vertex -2.70459 -0.724693 3
    endloop
  endfacet
  facet normal 0.956937 0.290295 0
    outer loop
      vertex -2.70459 -0.724693 -1.5
      vertex -2.6514 -0.90003 3
      vertex -2.6514 -0.90003 -1.5
    endloop
  endfacet
  facet normal 0.812851 0.582471 0
    outer loop
      vertex -2.22139 -1.70453 3
      vertex -2.32811 -1.5556 -1.5
      vertex -2.32811 -1.5556 3
    endloop
  endfacet
  facet normal 0.812851 0.582471 0
    outer loop
      vertex -2.32811 -1.5556 -1.5
      vertex -2.22139 -1.70453 3
      vertex -2.22139 -1.70453 -1.5
    endloop
  endfacet
  facet normal -0.528075 -0.849198 0
    outer loop
      vertex 1.4 2.42487 -1.5
      vertex 1.5556 2.32811 3
      vertex 1.4 2.42487 3
    endloop
  endfacet
  facet normal -0.528075 -0.849198 -0
    outer loop
      vertex 1.5556 2.32811 3
      vertex 1.4 2.42487 -1.5
      vertex 1.5556 2.32811 -1.5
    endloop
  endfacet
  facet normal -0.352248 0.935907 0
    outer loop
      vertex 1.07151 -2.58686 -1.5
      vertex 0.90003 -2.6514 3
      vertex 1.07151 -2.58686 3
    endloop
  endfacet
  facet normal -0.352248 0.935907 0
    outer loop
      vertex 0.90003 -2.6514 3
      vertex 1.07151 -2.58686 -1.5
      vertex 0.90003 -2.6514 -1.5
    endloop
  endfacet
  facet normal 0.227094 -0.973873 0
    outer loop
      vertex -0.724693 2.70459 -1.5
      vertex -0.546252 2.7462 3
      vertex -0.724693 2.70459 3
    endloop
  endfacet
  facet normal 0.227094 -0.973873 0
    outer loop
      vertex -0.546252 2.7462 3
      vertex -0.724693 2.70459 -1.5
      vertex -0.546252 2.7462 -1.5
    endloop
  endfacet
  facet normal 0.995184 0.0980203 0
    outer loop
      vertex -2.77604 -0.365473 3
      vertex -2.794 -0.183128 -1.5
      vertex -2.794 -0.183128 3
    endloop
  endfacet
  facet normal 0.995184 0.0980203 0
    outer loop
      vertex -2.794 -0.183128 -1.5
      vertex -2.77604 -0.365473 3
      vertex -2.77604 -0.365473 -1.5
    endloop
  endfacet
  facet normal -0.528075 0.849198 0
    outer loop
      vertex 1.5556 -2.32811 -1.5
      vertex 1.4 -2.42487 3
      vertex 1.5556 -2.32811 3
    endloop
  endfacet
  facet normal -0.528075 0.849198 0
    outer loop
      vertex 1.4 -2.42487 3
      vertex 1.5556 -2.32811 -1.5
      vertex 1.4 -2.42487 -1.5
    endloop
  endfacet
  facet normal 0.910867 -0.412701 0
    outer loop
      vertex -2.58686 1.07151 3
      vertex -2.51124 1.23841 -1.5
      vertex -2.51124 1.23841 3
    endloop
  endfacet
  facet normal 0.910867 -0.412701 0
    outer loop
      vertex -2.51124 1.23841 -1.5
      vertex -2.58686 1.07151 3
      vertex -2.58686 1.07151 -1.5
    endloop
  endfacet
  facet normal 0.881925 -0.47139 0
    outer loop
      vertex -2.51124 1.23841 3
      vertex -2.42487 1.4 -1.5
      vertex -2.42487 1.4 3
    endloop
  endfacet
  facet normal 0.881925 -0.47139 0
    outer loop
      vertex -2.42487 1.4 -1.5
      vertex -2.51124 1.23841 3
      vertex -2.51124 1.23841 -1.5
    endloop
  endfacet
  facet normal 0.956937 -0.290295 0
    outer loop
      vertex -2.70459 0.724693 3
      vertex -2.6514 0.90003 -1.5
      vertex -2.6514 0.90003 3
    endloop
  endfacet
  facet normal 0.956937 -0.290295 0
    outer loop
      vertex -2.6514 0.90003 -1.5
      vertex -2.70459 0.724693 3
      vertex -2.70459 0.724693 -1.5
    endloop
  endfacet
  facet normal -0.881925 0.47139 0
    outer loop
      vertex 2.42487 -1.4 -1.5
      vertex 2.51124 -1.23841 3
      vertex 2.51124 -1.23841 -1.5
    endloop
  endfacet
  facet normal -0.881925 0.47139 0
    outer loop
      vertex 2.51124 -1.23841 3
      vertex 2.42487 -1.4 -1.5
      vertex 2.42487 -1.4 3
    endloop
  endfacet
  facet normal -0.0327464 0.999464 0
    outer loop
      vertex 0.183128 -2.794 -1.5
      vertex 0 -2.8 3
      vertex 0.183128 -2.794 3
    endloop
  endfacet
  facet normal -0.0327464 0.999464 0
    outer loop
      vertex 0 -2.8 3
      vertex 0.183128 -2.794 -1.5
      vertex 0 -2.8 -1.5
    endloop
  endfacet
  facet normal 0.412701 0.910867 -0
    outer loop
      vertex -1.07151 -2.58686 -1.5
      vertex -1.23841 -2.51124 3
      vertex -1.07151 -2.58686 3
    endloop
  endfacet
  facet normal 0.412701 0.910867 0
    outer loop
      vertex -1.23841 -2.51124 3
      vertex -1.07151 -2.58686 -1.5
      vertex -1.23841 -2.51124 -1.5
    endloop
  endfacet
  facet normal -0.935907 -0.352248 0
    outer loop
      vertex 2.6514 0.90003 -1.5
      vertex 2.58686 1.07151 3
      vertex 2.58686 1.07151 -1.5
    endloop
  endfacet
  facet normal -0.935907 -0.352248 0
    outer loop
      vertex 2.58686 1.07151 3
      vertex 2.6514 0.90003 -1.5
      vertex 2.6514 0.90003 3
    endloop
  endfacet
  facet normal -0.773013 -0.63439 0
    outer loop
      vertex 2.22139 1.70453 -1.5
      vertex 2.10515 1.84617 3
      vertex 2.10515 1.84617 -1.5
    endloop
  endfacet
  facet normal -0.773013 -0.63439 0
    outer loop
      vertex 2.10515 1.84617 3
      vertex 2.22139 1.70453 -1.5
      vertex 2.22139 1.70453 3
    endloop
  endfacet
  facet normal 0.812851 -0.582471 0
    outer loop
      vertex -2.32811 1.5556 3
      vertex -2.22139 1.70453 -1.5
      vertex -2.22139 1.70453 3
    endloop
  endfacet
  facet normal 0.812851 -0.582471 0
    outer loop
      vertex -2.22139 1.70453 -1.5
      vertex -2.32811 1.5556 3
      vertex -2.32811 1.5556 -1.5
    endloop
  endfacet
  facet normal -0.812851 0.582471 0
    outer loop
      vertex 2.22139 -1.70453 -1.5
      vertex 2.32811 -1.5556 3
      vertex 2.32811 -1.5556 -1.5
    endloop
  endfacet
  facet normal -0.812851 0.582471 0
    outer loop
      vertex 2.32811 -1.5556 3
      vertex 2.22139 -1.70453 -1.5
      vertex 2.22139 -1.70453 3
    endloop
  endfacet
  facet normal 0.986649 -0.16286 0
    outer loop
      vertex -2.77604 0.365473 3
      vertex -2.7462 0.546252 -1.5
      vertex -2.7462 0.546252 3
    endloop
  endfacet
  facet normal 0.986649 -0.16286 0
    outer loop
      vertex -2.7462 0.546252 -1.5
      vertex -2.77604 0.365473 3
      vertex -2.77604 0.365473 -1.5
    endloop
  endfacet
  facet normal -0.773013 0.63439 0
    outer loop
      vertex 2.10515 -1.84617 -1.5
      vertex 2.22139 -1.70453 3
      vertex 2.22139 -1.70453 -1.5
    endloop
  endfacet
  facet normal -0.773013 0.63439 0
    outer loop
      vertex 2.22139 -1.70453 3
      vertex 2.10515 -1.84617 -1.5
      vertex 2.10515 -1.84617 3
    endloop
  endfacet
  facet normal -0.849198 0.528075 0
    outer loop
      vertex 2.32811 -1.5556 -1.5
      vertex 2.42487 -1.4 3
      vertex 2.42487 -1.4 -1.5
    endloop
  endfacet
  facet normal -0.849198 0.528075 0
    outer loop
      vertex 2.42487 -1.4 3
      vertex 2.32811 -1.5556 -1.5
      vertex 2.32811 -1.5556 3
    endloop
  endfacet
  facet normal -0.63439 -0.773013 0
    outer loop
      vertex 1.70453 2.22139 -1.5
      vertex 1.84617 2.10515 3
      vertex 1.70453 2.22139 3
    endloop
  endfacet
  facet normal -0.63439 -0.773013 -0
    outer loop
      vertex 1.84617 2.10515 3
      vertex 1.70453 2.22139 -1.5
      vertex 1.84617 2.10515 -1.5
    endloop
  endfacet
  facet normal 0.0980203 -0.995184 0
    outer loop
      vertex -0.365473 2.77604 -1.5
      vertex -0.183128 2.794 3
      vertex -0.365473 2.77604 3
    endloop
  endfacet
  facet normal 0.0980203 -0.995184 0
    outer loop
      vertex -0.183128 2.794 3
      vertex -0.365473 2.77604 -1.5
      vertex -0.183128 2.794 -1.5
    endloop
  endfacet
  facet normal 0.0327464 0.999464 -0
    outer loop
      vertex 0 -2.8 -1.5
      vertex -0.183128 -2.794 3
      vertex 0 -2.8 3
    endloop
  endfacet
  facet normal 0.0327464 0.999464 0
    outer loop
      vertex -0.183128 -2.794 3
      vertex 0 -2.8 -1.5
      vertex -0.183128 -2.794 -1.5
    endloop
  endfacet
  facet normal -0.290295 -0.956937 0
    outer loop
      vertex 0.724693 2.70459 -1.5
      vertex 0.90003 2.6514 3
      vertex 0.724693 2.70459 3
    endloop
  endfacet
  facet normal -0.290295 -0.956937 -0
    outer loop
      vertex 0.90003 2.6514 3
      vertex 0.724693 2.70459 -1.5
      vertex 0.90003 2.6514 -1.5
    endloop
  endfacet
  facet normal 0.973873 0.227094 0
    outer loop
      vertex -2.70459 -0.724693 3
      vertex -2.7462 -0.546252 -1.5
      vertex -2.7462 -0.546252 3
    endloop
  endfacet
  facet normal 0.973873 0.227094 0
    outer loop
      vertex -2.7462 -0.546252 -1.5
      vertex -2.70459 -0.724693 3
      vertex -2.70459 -0.724693 -1.5
    endloop
  endfacet
  facet normal -0.16286 0.986649 0
    outer loop
      vertex 0.546252 -2.7462 -1.5
      vertex 0.365473 -2.77604 3
      vertex 0.546252 -2.7462 3
    endloop
  endfacet
  facet normal -0.16286 0.986649 0
    outer loop
      vertex 0.365473 -2.77604 3
      vertex 0.546252 -2.7462 -1.5
      vertex 0.365473 -2.77604 -1.5
    endloop
  endfacet
  facet normal 0.881925 0.47139 0
    outer loop
      vertex -2.42487 -1.4 3
      vertex -2.51124 -1.23841 -1.5
      vertex -2.51124 -1.23841 3
    endloop
  endfacet
  facet normal 0.881925 0.47139 0
    outer loop
      vertex -2.51124 -1.23841 -1.5
      vertex -2.42487 -1.4 3
      vertex -2.42487 -1.4 -1.5
    endloop
  endfacet
  facet normal -0.881925 -0.47139 0
    outer loop
      vertex 2.51124 1.23841 -1.5
      vertex 2.42487 1.4 3
      vertex 2.42487 1.4 -1.5
    endloop
  endfacet
  facet normal -0.881925 -0.47139 0
    outer loop
      vertex 2.42487 1.4 3
      vertex 2.51124 1.23841 -1.5
      vertex 2.51124 1.23841 3
    endloop
  endfacet
  facet normal 0.683587 -0.729869 0
    outer loop
      vertex -1.9799 1.9799 -1.5
      vertex -1.84617 2.10515 3
      vertex -1.9799 1.9799 3
    endloop
  endfacet
  facet normal 0.683587 -0.729869 0
    outer loop
      vertex -1.84617 2.10515 3
      vertex -1.9799 1.9799 -1.5
      vertex -1.84617 2.10515 -1.5
    endloop
  endfacet
  facet normal -0.956937 0.290295 0
    outer loop
      vertex 2.6514 -0.90003 -1.5
      vertex 2.70459 -0.724693 3
      vertex 2.70459 -0.724693 -1.5
    endloop
  endfacet
  facet normal -0.956937 0.290295 0
    outer loop
      vertex 2.70459 -0.724693 3
      vertex 2.6514 -0.90003 -1.5
      vertex 2.6514 -0.90003 3
    endloop
  endfacet
  facet normal -0.729869 -0.683587 0
    outer loop
      vertex 2.10515 1.84617 -1.5
      vertex 1.9799 1.9799 3
      vertex 1.9799 1.9799 -1.5
    endloop
  endfacet
  facet normal -0.729869 -0.683587 0
    outer loop
      vertex 1.9799 1.9799 3
      vertex 2.10515 1.84617 -1.5
      vertex 2.10515 1.84617 3
    endloop
  endfacet
  facet normal 0.16286 0.986649 -0
    outer loop
      vertex -0.365473 -2.77604 -1.5
      vertex -0.546252 -2.7462 3
      vertex -0.365473 -2.77604 3
    endloop
  endfacet
  facet normal 0.16286 0.986649 0
    outer loop
      vertex -0.546252 -2.7462 3
      vertex -0.365473 -2.77604 -1.5
      vertex -0.546252 -2.7462 -1.5
    endloop
  endfacet
  facet normal 0.729869 -0.683587 0
    outer loop
      vertex -2.10515 1.84617 3
      vertex -1.9799 1.9799 -1.5
      vertex -1.9799 1.9799 3
    endloop
  endfacet
  facet normal 0.729869 -0.683587 0
    outer loop
      vertex -1.9799 1.9799 -1.5
      vertex -2.10515 1.84617 3
      vertex -2.10515 1.84617 -1.5
    endloop
  endfacet
  facet normal -0.16286 -0.986649 0
    outer loop
      vertex 0.365473 2.77604 -1.5
      vertex 0.546252 2.7462 3
      vertex 0.365473 2.77604 3
    endloop
  endfacet
  facet normal -0.16286 -0.986649 -0
    outer loop
      vertex 0.546252 2.7462 3
      vertex 0.365473 2.77604 -1.5
      vertex 0.546252 2.7462 -1.5
    endloop
  endfacet
  facet normal 0.729869 0.683587 0
    outer loop
      vertex -1.9799 -1.9799 3
      vertex -2.10515 -1.84617 -1.5
      vertex -2.10515 -1.84617 3
    endloop
  endfacet
  facet normal 0.729869 0.683587 0
    outer loop
      vertex -2.10515 -1.84617 -1.5
      vertex -1.9799 -1.9799 3
      vertex -1.9799 -1.9799 -1.5
    endloop
  endfacet
  facet normal 0.773013 0.63439 0
    outer loop
      vertex -2.10515 -1.84617 3
      vertex -2.22139 -1.70453 -1.5
      vertex -2.22139 -1.70453 3
    endloop
  endfacet
  facet normal 0.773013 0.63439 0
    outer loop
      vertex -2.22139 -1.70453 -1.5
      vertex -2.10515 -1.84617 3
      vertex -2.10515 -1.84617 -1.5
    endloop
  endfacet
  facet normal 0.773013 -0.63439 0
    outer loop
      vertex -2.22139 1.70453 3
      vertex -2.10515 1.84617 -1.5
      vertex -2.10515 1.84617 3
    endloop
  endfacet
  facet normal 0.773013 -0.63439 0
    outer loop
      vertex -2.10515 1.84617 -1.5
      vertex -2.22139 1.70453 3
      vertex -2.22139 1.70453 -1.5
    endloop
  endfacet
  facet normal 0.935907 0.352248 0
    outer loop
      vertex -2.58686 -1.07151 3
      vertex -2.6514 -0.90003 -1.5
      vertex -2.6514 -0.90003 3
    endloop
  endfacet
  facet normal 0.935907 0.352248 0
    outer loop
      vertex -2.6514 -0.90003 -1.5
      vertex -2.58686 -1.07151 3
      vertex -2.58686 -1.07151 -1.5
    endloop
  endfacet
  facet normal -0.683587 0.729869 0
    outer loop
      vertex 1.9799 -1.9799 -1.5
      vertex 1.84617 -2.10515 3
      vertex 1.9799 -1.9799 3
    endloop
  endfacet
  facet normal -0.683587 0.729869 0
    outer loop
      vertex 1.84617 -2.10515 3
      vertex 1.9799 -1.9799 -1.5
      vertex 1.84617 -2.10515 -1.5
    endloop
  endfacet
  facet normal 0.0327464 -0.999464 0
    outer loop
      vertex -0.183128 2.794 -1.5
      vertex 0 2.8 3
      vertex -0.183128 2.794 3
    endloop
  endfacet
  facet normal 0.0327464 -0.999464 0
    outer loop
      vertex 0 2.8 3
      vertex -0.183128 2.794 -1.5
      vertex 0 2.8 -1.5
    endloop
  endfacet
  facet normal 0.935907 -0.352248 0
    outer loop
      vertex -2.6514 0.90003 3
      vertex -2.58686 1.07151 -1.5
      vertex -2.58686 1.07151 3
    endloop
  endfacet
  facet normal 0.935907 -0.352248 0
    outer loop
      vertex -2.58686 1.07151 -1.5
      vertex -2.6514 0.90003 3
      vertex -2.6514 0.90003 -1.5
    endloop
  endfacet
  facet normal -0.47139 -0.881925 0
    outer loop
      vertex 1.23841 2.51124 -1.5
      vertex 1.4 2.42487 3
      vertex 1.23841 2.51124 3
    endloop
  endfacet
  facet normal -0.47139 -0.881925 -0
    outer loop
      vertex 1.4 2.42487 3
      vertex 1.23841 2.51124 -1.5
      vertex 1.4 2.42487 -1.5
    endloop
  endfacet
  facet normal -0.412701 -0.910867 0
    outer loop
      vertex 1.07151 2.58686 -1.5
      vertex 1.23841 2.51124 3
      vertex 1.07151 2.58686 3
    endloop
  endfacet
  facet normal -0.412701 -0.910867 -0
    outer loop
      vertex 1.23841 2.51124 3
      vertex 1.07151 2.58686 -1.5
      vertex 1.23841 2.51124 -1.5
    endloop
  endfacet
  facet normal 0.352248 0.935907 -0
    outer loop
      vertex -0.90003 -2.6514 -1.5
      vertex -1.07151 -2.58686 3
      vertex -0.90003 -2.6514 3
    endloop
  endfacet
  facet normal 0.352248 0.935907 0
    outer loop
      vertex -1.07151 -2.58686 3
      vertex -0.90003 -2.6514 -1.5
      vertex -1.07151 -2.58686 -1.5
    endloop
  endfacet
  facet normal 0.849198 -0.528075 0
    outer loop
      vertex -2.42487 1.4 3
      vertex -2.32811 1.5556 -1.5
      vertex -2.32811 1.5556 3
    endloop
  endfacet
  facet normal 0.849198 -0.528075 0
    outer loop
      vertex -2.32811 1.5556 -1.5
      vertex -2.42487 1.4 3
      vertex -2.42487 1.4 -1.5
    endloop
  endfacet
  facet normal 0.352248 -0.935907 0
    outer loop
      vertex -1.07151 2.58686 -1.5
      vertex -0.90003 2.6514 3
      vertex -1.07151 2.58686 3
    endloop
  endfacet
  facet normal 0.352248 -0.935907 0
    outer loop
      vertex -0.90003 2.6514 3
      vertex -1.07151 2.58686 -1.5
      vertex -0.90003 2.6514 -1.5
    endloop
  endfacet
  facet normal 0.290295 -0.956937 0
    outer loop
      vertex -0.90003 2.6514 -1.5
      vertex -0.724693 2.70459 3
      vertex -0.90003 2.6514 3
    endloop
  endfacet
  facet normal 0.290295 -0.956937 0
    outer loop
      vertex -0.724693 2.70459 3
      vertex -0.90003 2.6514 -1.5
      vertex -0.724693 2.70459 -1.5
    endloop
  endfacet
  facet normal 0.47139 0.881925 -0
    outer loop
      vertex -1.23841 -2.51124 -1.5
      vertex -1.4 -2.42487 3
      vertex -1.23841 -2.51124 3
    endloop
  endfacet
  facet normal 0.47139 0.881925 0
    outer loop
      vertex -1.4 -2.42487 3
      vertex -1.23841 -2.51124 -1.5
      vertex -1.4 -2.42487 -1.5
    endloop
  endfacet
  facet normal -0.729869 0.683587 0
    outer loop
      vertex 1.9799 -1.9799 -1.5
      vertex 2.10515 -1.84617 3
      vertex 2.10515 -1.84617 -1.5
    endloop
  endfacet
  facet normal -0.729869 0.683587 0
    outer loop
      vertex 2.10515 -1.84617 3
      vertex 1.9799 -1.9799 -1.5
      vertex 1.9799 -1.9799 3
    endloop
  endfacet
  facet normal -0.227094 -0.973873 0
    outer loop
      vertex 0.546252 2.7462 -1.5
      vertex 0.724693 2.70459 3
      vertex 0.546252 2.7462 3
    endloop
  endfacet
  facet normal -0.227094 -0.973873 -0
    outer loop
      vertex 0.724693 2.70459 3
      vertex 0.546252 2.7462 -1.5
      vertex 0.724693 2.70459 -1.5
    endloop
  endfacet
  facet normal 0.63439 0.773013 -0
    outer loop
      vertex -1.70453 -2.22139 -1.5
      vertex -1.84617 -2.10515 3
      vertex -1.70453 -2.22139 3
    endloop
  endfacet
  facet normal 0.63439 0.773013 0
    outer loop
      vertex -1.84617 -2.10515 3
      vertex -1.70453 -2.22139 -1.5
      vertex -1.84617 -2.10515 -1.5
    endloop
  endfacet
endsolid OpenSCAD_Model
