solid OpenSCAD_Model
  facet normal 0.995185 0.0980192 0
    outer loop
      vertex 33.7276 2.21063 31.5
      vertex 33.5108 4.41179 0
      vertex 33.5108 4.41179 31.5
    endloop
  endfacet
  facet normal 0.995185 0.0980192 0
    outer loop
      vertex 33.5108 4.41179 0
      vertex 33.7276 2.21063 31.5
      vertex 33.7276 2.21063 0
    endloop
  endfacet
  facet normal 0.999464 0.0327333 0
    outer loop
      vertex 33.8 0 31.5
      vertex 33.7276 2.21063 0
      vertex 33.7276 2.21063 31.5
    endloop
  endfacet
  facet normal 0.999464 0.0327333 0
    outer loop
      vertex 33.7276 2.21063 0
      vertex 33.8 0 31.5
      vertex 33.8 0 0
    endloop
  endfacet
  facet normal 0.986643 0.162899 0
    outer loop
      vertex 33.5108 4.41179 31.5
      vertex 33.1505 6.59405 0
      vertex 33.1505 6.59405 31.5
    endloop
  endfacet
  facet normal 0.986643 0.162899 0
    outer loop
      vertex 33.1505 6.59405 0
      vertex 33.5108 4.41179 31.5
      vertex 33.5108 4.41179 0
    endloop
  endfacet
  facet normal 0.973882 0.227055 0
    outer loop
      vertex 33.1505 6.59405 31.5
      vertex 32.6483 8.74808 0
      vertex 32.6483 8.74808 31.5
    endloop
  endfacet
  facet normal 0.973882 0.227055 0
    outer loop
      vertex 32.6483 8.74808 0
      vertex 33.1505 6.59405 31.5
      vertex 33.1505 6.59405 0
    endloop
  endfacet
  facet normal -0.995185 0.0980192 0
    outer loop
      vertex -33.7276 2.21063 0
      vertex -33.5108 4.41179 31.5
      vertex -33.5108 4.41179 0
    endloop
  endfacet
  facet normal -0.995185 0.0980192 0
    outer loop
      vertex -33.5108 4.41179 31.5
      vertex -33.7276 2.21063 0
      vertex -33.7276 2.21063 31.5
    endloop
  endfacet
  facet normal -0.634367 -0.773032 0
    outer loop
      vertex -22.2859 -25.4122 0
      vertex -20.5761 -26.8153 31.5
      vertex -22.2859 -25.4122 31.5
    endloop
  endfacet
  facet normal -0.634367 -0.773032 -0
    outer loop
      vertex -20.5761 -26.8153 31.5
      vertex -22.2859 -25.4122 0
      vertex -20.5761 -26.8153 0
    endloop
  endfacet
  facet normal 0.634367 0.773032 -0
    outer loop
      vertex 22.2859 25.4122 0
      vertex 20.5761 26.8153 31.5
      vertex 22.2859 25.4122 31.5
    endloop
  endfacet
  facet normal 0.634367 0.773032 0
    outer loop
      vertex 20.5761 26.8153 31.5
      vertex 22.2859 25.4122 0
      vertex 20.5761 26.8153 0
    endloop
  endfacet
  facet normal 0.0980192 0.995185 -0
    outer loop
      vertex 4.41179 33.5108 0
      vertex 2.21063 33.7276 31.5
      vertex 4.41179 33.5108 31.5
    endloop
  endfacet
  facet normal 0.0980192 0.995185 0
    outer loop
      vertex 2.21063 33.7276 31.5
      vertex 4.41179 33.5108 0
      vertex 2.21063 33.7276 0
    endloop
  endfacet
  facet normal 0.935905 -0.352253 0
    outer loop
      vertex 31.2271 -12.9347 31.5
      vertex 32.0062 -10.8647 0
      vertex 32.0062 -10.8647 31.5
    endloop
  endfacet
  facet normal 0.935905 -0.352253 0
    outer loop
      vertex 32.0062 -10.8647 0
      vertex 31.2271 -12.9347 31.5
      vertex 31.2271 -12.9347 0
    endloop
  endfacet
  facet normal 0.352253 -0.935905 0
    outer loop
      vertex 10.8647 -32.0062 0
      vertex 12.9347 -31.2271 31.5
      vertex 10.8647 -32.0062 31.5
    endloop
  endfacet
  facet normal 0.352253 -0.935905 0
    outer loop
      vertex 12.9347 -31.2271 31.5
      vertex 10.8647 -32.0062 0
      vertex 12.9347 -31.2271 0
    endloop
  endfacet
  facet normal 0.634367 -0.773032 0
    outer loop
      vertex 20.5761 -26.8153 0
      vertex 22.2859 -25.4122 31.5
      vertex 20.5761 -26.8153 31.5
    endloop
  endfacet
  facet normal 0.634367 -0.773032 0
    outer loop
      vertex 22.2859 -25.4122 31.5
      vertex 20.5761 -26.8153 0
      vertex 22.2859 -25.4122 0
    endloop
  endfacet
  facet normal 0.849203 -0.528067 0
    outer loop
      vertex 28.1037 -18.7783 31.5
      vertex 29.2717 -16.9 0
      vertex 29.2717 -16.9 31.5
    endloop
  endfacet
  facet normal 0.849203 -0.528067 0
    outer loop
      vertex 29.2717 -16.9 0
      vertex 28.1037 -18.7783 31.5
      vertex 28.1037 -18.7783 0
    endloop
  endfacet
  facet normal -0.352253 -0.935905 0
    outer loop
      vertex -12.9347 -31.2271 0
      vertex -10.8647 -32.0062 31.5
      vertex -12.9347 -31.2271 31.5
    endloop
  endfacet
  facet normal -0.352253 -0.935905 -0
    outer loop
      vertex -10.8647 -32.0062 31.5
      vertex -12.9347 -31.2271 0
      vertex -10.8647 -32.0062 0
    endloop
  endfacet
  facet normal -0.352253 0.935905 0
    outer loop
      vertex -10.8647 32.0062 0
      vertex -12.9347 31.2271 31.5
      vertex -10.8647 32.0062 31.5
    endloop
  endfacet
  facet normal -0.352253 0.935905 0
    outer loop
      vertex -12.9347 31.2271 31.5
      vertex -10.8647 32.0062 0
      vertex -12.9347 31.2271 0
    endloop
  endfacet
  facet normal 0.999464 -0.0327333 0
    outer loop
      vertex 33.7276 -2.21063 31.5
      vertex 33.8 0 0
      vertex 33.8 0 31.5
    endloop
  endfacet
  facet normal 0.999464 -0.0327333 0
    outer loop
      vertex 33.8 0 0
      vertex 33.7276 -2.21063 31.5
      vertex 33.7276 -2.21063 0
    endloop
  endfacet
  facet normal -0.227055 -0.973882 0
    outer loop
      vertex -8.74808 -32.6483 0
      vertex -6.59405 -33.1505 31.5
      vertex -8.74808 -32.6483 31.5
    endloop
  endfacet
  facet normal -0.227055 -0.973882 -0
    outer loop
      vertex -6.59405 -33.1505 31.5
      vertex -8.74808 -32.6483 0
      vertex -6.59405 -33.1505 0
    endloop
  endfacet
  facet normal 0.812822 0.582512 0
    outer loop
      vertex 28.1037 18.7783 31.5
      vertex 26.8153 20.5761 0
      vertex 26.8153 20.5761 31.5
    endloop
  endfacet
  facet normal 0.812822 0.582512 0
    outer loop
      vertex 26.8153 20.5761 0
      vertex 28.1037 18.7783 31.5
      vertex 28.1037 18.7783 0
    endloop
  endfacet
  facet normal -0.528067 0.849203 0
    outer loop
      vertex -16.9 29.2717 0
      vertex -18.7783 28.1037 31.5
      vertex -16.9 29.2717 31.5
    endloop
  endfacet
  facet normal -0.528067 0.849203 0
    outer loop
      vertex -18.7783 28.1037 31.5
      vertex -16.9 29.2717 0
      vertex -18.7783 28.1037 0
    endloop
  endfacet
  facet normal -0.412689 0.910872 0
    outer loop
      vertex -12.9347 31.2271 0
      vertex -14.9494 30.3143 31.5
      vertex -12.9347 31.2271 31.5
    endloop
  endfacet
  facet normal -0.412689 0.910872 0
    outer loop
      vertex -14.9494 30.3143 31.5
      vertex -12.9347 31.2271 0
      vertex -14.9494 30.3143 0
    endloop
  endfacet
  facet normal -0.729854 -0.683603 0
    outer loop
      vertex -23.9002 -23.9002 0
      vertex -25.4122 -22.2859 31.5
      vertex -25.4122 -22.2859 0
    endloop
  endfacet
  facet normal -0.729854 -0.683603 0
    outer loop
      vertex -25.4122 -22.2859 31.5
      vertex -23.9002 -23.9002 0
      vertex -23.9002 -23.9002 31.5
    endloop
  endfacet
  facet normal 0.729854 0.683603 0
    outer loop
      vertex 25.4122 22.2859 31.5
      vertex 23.9002 23.9002 0
      vertex 23.9002 23.9002 31.5
    endloop
  endfacet
  facet normal 0.729854 0.683603 0
    outer loop
      vertex 23.9002 23.9002 0
      vertex 25.4122 22.2859 31.5
      vertex 25.4122 22.2859 0
    endloop
  endfacet
  facet normal 0.471391 0.881925 -0
    outer loop
      vertex 16.9 29.2717 0
      vertex 14.9494 30.3143 31.5
      vertex 16.9 29.2717 31.5
    endloop
  endfacet
  facet normal 0.471391 0.881925 0
    outer loop
      vertex 14.9494 30.3143 31.5
      vertex 16.9 29.2717 0
      vertex 14.9494 30.3143 0
    endloop
  endfacet
  facet normal -0.582512 0.812822 0
    outer loop
      vertex -18.7783 28.1037 0
      vertex -20.5761 26.8153 31.5
      vertex -18.7783 28.1037 31.5
    endloop
  endfacet
  facet normal -0.582512 0.812822 0
    outer loop
      vertex -20.5761 26.8153 31.5
      vertex -18.7783 28.1037 0
      vertex -20.5761 26.8153 0
    endloop
  endfacet
  facet normal -0.0327333 -0.999464 0
    outer loop
      vertex -2.21063 -33.7276 0
      vertex 0 -33.8 31.5
      vertex -2.21063 -33.7276 31.5
    endloop
  endfacet
  facet normal -0.0327333 -0.999464 -0
    outer loop
      vertex 0 -33.8 31.5
      vertex -2.21063 -33.7276 0
      vertex 0 -33.8 0
    endloop
  endfacet
  facet normal -0.849203 -0.528067 0
    outer loop
      vertex -28.1037 -18.7783 0
      vertex -29.2717 -16.9 31.5
      vertex -29.2717 -16.9 0
    endloop
  endfacet
  facet normal -0.849203 -0.528067 0
    outer loop
      vertex -29.2717 -16.9 31.5
      vertex -28.1037 -18.7783 0
      vertex -28.1037 -18.7783 31.5
    endloop
  endfacet
  facet normal -0.0980192 -0.995185 0
    outer loop
      vertex -4.41179 -33.5108 0
      vertex -2.21063 -33.7276 31.5
      vertex -4.41179 -33.5108 31.5
    endloop
  endfacet
  facet normal -0.0980192 -0.995185 -0
    outer loop
      vertex -2.21063 -33.7276 31.5
      vertex -4.41179 -33.5108 0
      vertex -2.21063 -33.7276 0
    endloop
  endfacet
  facet normal -0.290297 -0.956937 0
    outer loop
      vertex -10.8647 -32.0062 0
      vertex -8.74808 -32.6483 31.5
      vertex -10.8647 -32.0062 31.5
    endloop
  endfacet
  facet normal -0.290297 -0.956937 -0
    outer loop
      vertex -8.74808 -32.6483 31.5
      vertex -10.8647 -32.0062 0
      vertex -8.74808 -32.6483 0
    endloop
  endfacet
  facet normal -0.995185 -0.0980192 0
    outer loop
      vertex -33.5108 -4.41179 0
      vertex -33.7276 -2.21063 31.5
      vertex -33.7276 -2.21063 0
    endloop
  endfacet
  facet normal -0.995185 -0.0980192 0
    outer loop
      vertex -33.7276 -2.21063 31.5
      vertex -33.5108 -4.41179 0
      vertex -33.5108 -4.41179 31.5
    endloop
  endfacet
  facet normal 0.471391 -0.881925 0
    outer loop
      vertex 14.9494 -30.3143 0
      vertex 16.9 -29.2717 31.5
      vertex 14.9494 -30.3143 31.5
    endloop
  endfacet
  facet normal 0.471391 -0.881925 0
    outer loop
      vertex 16.9 -29.2717 31.5
      vertex 14.9494 -30.3143 0
      vertex 16.9 -29.2717 0
    endloop
  endfacet
  facet normal 0.582512 -0.812822 0
    outer loop
      vertex 18.7783 -28.1037 0
      vertex 20.5761 -26.8153 31.5
      vertex 18.7783 -28.1037 31.5
    endloop
  endfacet
  facet normal 0.582512 -0.812822 0
    outer loop
      vertex 20.5761 -26.8153 31.5
      vertex 18.7783 -28.1037 0
      vertex 20.5761 -26.8153 0
    endloop
  endfacet
  facet normal 0.995185 -0.0980192 0
    outer loop
      vertex 33.5108 -4.41179 31.5
      vertex 33.7276 -2.21063 0
      vertex 33.7276 -2.21063 31.5
    endloop
  endfacet
  facet normal 0.995185 -0.0980192 0
    outer loop
      vertex 33.7276 -2.21063 0
      vertex 33.5108 -4.41179 31.5
      vertex 33.5108 -4.41179 0
    endloop
  endfacet
  facet normal -0.683603 -0.729854 0
    outer loop
      vertex -23.9002 -23.9002 0
      vertex -22.2859 -25.4122 31.5
      vertex -23.9002 -23.9002 31.5
    endloop
  endfacet
  facet normal -0.683603 -0.729854 -0
    outer loop
      vertex -22.2859 -25.4122 31.5
      vertex -23.9002 -23.9002 0
      vertex -22.2859 -25.4122 0
    endloop
  endfacet
  facet normal -0.290297 0.956937 0
    outer loop
      vertex -8.74808 32.6483 0
      vertex -10.8647 32.0062 31.5
      vertex -8.74808 32.6483 31.5
    endloop
  endfacet
  facet normal -0.290297 0.956937 0
    outer loop
      vertex -10.8647 32.0062 31.5
      vertex -8.74808 32.6483 0
      vertex -10.8647 32.0062 0
    endloop
  endfacet
  facet normal 0.910872 0.412689 0
    outer loop
      vertex 31.2271 12.9347 31.5
      vertex 30.3143 14.9494 0
      vertex 30.3143 14.9494 31.5
    endloop
  endfacet
  facet normal 0.910872 0.412689 0
    outer loop
      vertex 30.3143 14.9494 0
      vertex 31.2271 12.9347 31.5
      vertex 31.2271 12.9347 0
    endloop
  endfacet
  facet normal 0.935905 0.352253 0
    outer loop
      vertex 32.0062 10.8647 31.5
      vertex 31.2271 12.9347 0
      vertex 31.2271 12.9347 31.5
    endloop
  endfacet
  facet normal 0.935905 0.352253 0
    outer loop
      vertex 31.2271 12.9347 0
      vertex 32.0062 10.8647 31.5
      vertex 32.0062 10.8647 0
    endloop
  endfacet
  facet normal -0.683603 0.729854 0
    outer loop
      vertex -22.2859 25.4122 0
      vertex -23.9002 23.9002 31.5
      vertex -22.2859 25.4122 31.5
    endloop
  endfacet
  facet normal -0.683603 0.729854 0
    outer loop
      vertex -23.9002 23.9002 31.5
      vertex -22.2859 25.4122 0
      vertex -23.9002 23.9002 0
    endloop
  endfacet
  facet normal 0.956937 0.290297 0
    outer loop
      vertex 32.6483 8.74808 31.5
      vertex 32.0062 10.8647 0
      vertex 32.0062 10.8647 31.5
    endloop
  endfacet
  facet normal 0.956937 0.290297 0
    outer loop
      vertex 32.0062 10.8647 0
      vertex 32.6483 8.74808 31.5
      vertex 32.6483 8.74808 0
    endloop
  endfacet
  facet normal 0.986643 -0.162899 0
    outer loop
      vertex 33.1505 -6.59405 31.5
      vertex 33.5108 -4.41179 0
      vertex 33.5108 -4.41179 31.5
    endloop
  endfacet
  facet normal 0.986643 -0.162899 0
    outer loop
      vertex 33.5108 -4.41179 0
      vertex 33.1505 -6.59405 31.5
      vertex 33.1505 -6.59405 0
    endloop
  endfacet
  facet normal 0.729854 -0.683603 0
    outer loop
      vertex 23.9002 -23.9002 31.5
      vertex 25.4122 -22.2859 0
      vertex 25.4122 -22.2859 31.5
    endloop
  endfacet
  facet normal 0.729854 -0.683603 0
    outer loop
      vertex 25.4122 -22.2859 0
      vertex 23.9002 -23.9002 31.5
      vertex 23.9002 -23.9002 0
    endloop
  endfacet
  facet normal 0.352253 0.935905 -0
    outer loop
      vertex 12.9347 31.2271 0
      vertex 10.8647 32.0062 31.5
      vertex 12.9347 31.2271 31.5
    endloop
  endfacet
  facet normal 0.352253 0.935905 0
    outer loop
      vertex 10.8647 32.0062 31.5
      vertex 12.9347 31.2271 0
      vertex 10.8647 32.0062 0
    endloop
  endfacet
  facet normal 0.812822 -0.582512 0
    outer loop
      vertex 26.8153 -20.5761 31.5
      vertex 28.1037 -18.7783 0
      vertex 28.1037 -18.7783 31.5
    endloop
  endfacet
  facet normal 0.812822 -0.582512 0
    outer loop
      vertex 28.1037 -18.7783 0
      vertex 26.8153 -20.5761 31.5
      vertex 26.8153 -20.5761 0
    endloop
  endfacet
  facet normal 0.881925 -0.471391 0
    outer loop
      vertex 29.2717 -16.9 31.5
      vertex 30.3143 -14.9494 0
      vertex 30.3143 -14.9494 31.5
    endloop
  endfacet
  facet normal 0.881925 -0.471391 0
    outer loop
      vertex 30.3143 -14.9494 0
      vertex 29.2717 -16.9 31.5
      vertex 29.2717 -16.9 0
    endloop
  endfacet
  facet normal 0.973882 -0.227055 0
    outer loop
      vertex 32.6483 -8.74808 31.5
      vertex 33.1505 -6.59405 0
      vertex 33.1505 -6.59405 31.5
    endloop
  endfacet
  facet normal 0.973882 -0.227055 0
    outer loop
      vertex 33.1505 -6.59405 0
      vertex 32.6483 -8.74808 31.5
      vertex 32.6483 -8.74808 0
    endloop
  endfacet
  facet normal -0.986643 0.162899 0
    outer loop
      vertex -33.5108 4.41179 0
      vertex -33.1505 6.59405 31.5
      vertex -33.1505 6.59405 0
    endloop
  endfacet
  facet normal -0.986643 0.162899 0
    outer loop
      vertex -33.1505 6.59405 31.5
      vertex -33.5108 4.41179 0
      vertex -33.5108 4.41179 31.5
    endloop
  endfacet
  facet normal -0.162899 -0.986643 0
    outer loop
      vertex -6.59405 -33.1505 0
      vertex -4.41179 -33.5108 31.5
      vertex -6.59405 -33.1505 31.5
    endloop
  endfacet
  facet normal -0.162899 -0.986643 -0
    outer loop
      vertex -4.41179 -33.5108 31.5
      vertex -6.59405 -33.1505 0
      vertex -4.41179 -33.5108 0
    endloop
  endfacet
  facet normal 0.528067 0.849203 -0
    outer loop
      vertex 18.7783 28.1037 0
      vertex 16.9 29.2717 31.5
      vertex 18.7783 28.1037 31.5
    endloop
  endfacet
  facet normal 0.528067 0.849203 0
    outer loop
      vertex 16.9 29.2717 31.5
      vertex 18.7783 28.1037 0
      vertex 16.9 29.2717 0
    endloop
  endfacet
  facet normal -0.162899 0.986643 0
    outer loop
      vertex -4.41179 33.5108 0
      vertex -6.59405 33.1505 31.5
      vertex -4.41179 33.5108 31.5
    endloop
  endfacet
  facet normal -0.162899 0.986643 0
    outer loop
      vertex -6.59405 33.1505 31.5
      vertex -4.41179 33.5108 0
      vertex -6.59405 33.1505 0
    endloop
  endfacet
  facet normal -0.956937 -0.290297 0
    outer loop
      vertex -32.0062 -10.8647 0
      vertex -32.6483 -8.74808 31.5
      vertex -32.6483 -8.74808 0
    endloop
  endfacet
  facet normal -0.956937 -0.290297 0
    outer loop
      vertex -32.6483 -8.74808 31.5
      vertex -32.0062 -10.8647 0
      vertex -32.0062 -10.8647 31.5
    endloop
  endfacet
  facet normal -0.973882 0.227055 0
    outer loop
      vertex -33.1505 6.59405 0
      vertex -32.6483 8.74808 31.5
      vertex -32.6483 8.74808 0
    endloop
  endfacet
  facet normal -0.973882 0.227055 0
    outer loop
      vertex -32.6483 8.74808 31.5
      vertex -33.1505 6.59405 0
      vertex -33.1505 6.59405 31.5
    endloop
  endfacet
  facet normal 0.683603 0.729854 -0
    outer loop
      vertex 23.9002 23.9002 0
      vertex 22.2859 25.4122 31.5
      vertex 23.9002 23.9002 31.5
    endloop
  endfacet
  facet normal 0.683603 0.729854 0
    outer loop
      vertex 22.2859 25.4122 31.5
      vertex 23.9002 23.9002 0
      vertex 22.2859 25.4122 0
    endloop
  endfacet
  facet normal -0.0980192 0.995185 0
    outer loop
      vertex -2.21063 33.7276 0
      vertex -4.41179 33.5108 31.5
      vertex -2.21063 33.7276 31.5
    endloop
  endfacet
  facet normal -0.0980192 0.995185 0
    outer loop
      vertex -4.41179 33.5108 31.5
      vertex -2.21063 33.7276 0
      vertex -4.41179 33.5108 0
    endloop
  endfacet
  facet normal -0.0327333 0.999464 0
    outer loop
      vertex 0 33.8 0
      vertex -2.21063 33.7276 31.5
      vertex 0 33.8 31.5
    endloop
  endfacet
  facet normal -0.0327333 0.999464 0
    outer loop
      vertex -2.21063 33.7276 31.5
      vertex 0 33.8 0
      vertex -2.21063 33.7276 0
    endloop
  endfacet
  facet normal -0.729854 0.683603 0
    outer loop
      vertex -25.4122 22.2859 0
      vertex -23.9002 23.9002 31.5
      vertex -23.9002 23.9002 0
    endloop
  endfacet
  facet normal -0.729854 0.683603 0
    outer loop
      vertex -23.9002 23.9002 31.5
      vertex -25.4122 22.2859 0
      vertex -25.4122 22.2859 31.5
    endloop
  endfacet
  facet normal -0.999464 -0.0327333 0
    outer loop
      vertex -33.7276 -2.21063 0
      vertex -33.8 0 31.5
      vertex -33.8 0 0
    endloop
  endfacet
  facet normal -0.999464 -0.0327333 0
    outer loop
      vertex -33.8 0 31.5
      vertex -33.7276 -2.21063 0
      vertex -33.7276 -2.21063 31.5
    endloop
  endfacet
  facet normal -0.935905 -0.352253 0
    outer loop
      vertex -31.2271 -12.9347 0
      vertex -32.0062 -10.8647 31.5
      vertex -32.0062 -10.8647 0
    endloop
  endfacet
  facet normal -0.935905 -0.352253 0
    outer loop
      vertex -32.0062 -10.8647 31.5
      vertex -31.2271 -12.9347 0
      vertex -31.2271 -12.9347 31.5
    endloop
  endfacet
  facet normal -0.773032 -0.634367 0
    outer loop
      vertex -25.4122 -22.2859 0
      vertex -26.8153 -20.5761 31.5
      vertex -26.8153 -20.5761 0
    endloop
  endfacet
  facet normal -0.773032 -0.634367 0
    outer loop
      vertex -26.8153 -20.5761 31.5
      vertex -25.4122 -22.2859 0
      vertex -25.4122 -22.2859 31.5
    endloop
  endfacet
  facet normal 0.773032 -0.634367 0
    outer loop
      vertex 25.4122 -22.2859 31.5
      vertex 26.8153 -20.5761 0
      vertex 26.8153 -20.5761 31.5
    endloop
  endfacet
  facet normal 0.773032 -0.634367 0
    outer loop
      vertex 26.8153 -20.5761 0
      vertex 25.4122 -22.2859 31.5
      vertex 25.4122 -22.2859 0
    endloop
  endfacet
  facet normal -0.412689 -0.910872 0
    outer loop
      vertex -14.9494 -30.3143 0
      vertex -12.9347 -31.2271 31.5
      vertex -14.9494 -30.3143 31.5
    endloop
  endfacet
  facet normal -0.412689 -0.910872 -0
    outer loop
      vertex -12.9347 -31.2271 31.5
      vertex -14.9494 -30.3143 0
      vertex -12.9347 -31.2271 0
    endloop
  endfacet
  facet normal 0.528067 -0.849203 0
    outer loop
      vertex 16.9 -29.2717 0
      vertex 18.7783 -28.1037 31.5
      vertex 16.9 -29.2717 31.5
    endloop
  endfacet
  facet normal 0.528067 -0.849203 0
    outer loop
      vertex 18.7783 -28.1037 31.5
      vertex 16.9 -29.2717 0
      vertex 18.7783 -28.1037 0
    endloop
  endfacet
  facet normal 0.881925 0.471391 0
    outer loop
      vertex 30.3143 14.9494 31.5
      vertex 29.2717 16.9 0
      vertex 29.2717 16.9 31.5
    endloop
  endfacet
  facet normal 0.881925 0.471391 0
    outer loop
      vertex 29.2717 16.9 0
      vertex 30.3143 14.9494 31.5
      vertex 30.3143 14.9494 0
    endloop
  endfacet
  facet normal 0.412689 0.910872 -0
    outer loop
      vertex 14.9494 30.3143 0
      vertex 12.9347 31.2271 31.5
      vertex 14.9494 30.3143 31.5
    endloop
  endfacet
  facet normal 0.412689 0.910872 0
    outer loop
      vertex 12.9347 31.2271 31.5
      vertex 14.9494 30.3143 0
      vertex 12.9347 31.2271 0
    endloop
  endfacet
  facet normal 0.0980192 -0.995185 0
    outer loop
      vertex 2.21063 -33.7276 0
      vertex 4.41179 -33.5108 31.5
      vertex 2.21063 -33.7276 31.5
    endloop
  endfacet
  facet normal 0.0980192 -0.995185 0
    outer loop
      vertex 4.41179 -33.5108 31.5
      vertex 2.21063 -33.7276 0
      vertex 4.41179 -33.5108 0
    endloop
  endfacet
  facet normal -0.471391 0.881925 0
    outer loop
      vertex -14.9494 30.3143 0
      vertex -16.9 29.2717 31.5
      vertex -14.9494 30.3143 31.5
    endloop
  endfacet
  facet normal -0.471391 0.881925 0
    outer loop
      vertex -16.9 29.2717 31.5
      vertex -14.9494 30.3143 0
      vertex -16.9 29.2717 0
    endloop
  endfacet
  facet normal 0.412689 -0.910872 0
    outer loop
      vertex 12.9347 -31.2271 0
      vertex 14.9494 -30.3143 31.5
      vertex 12.9347 -31.2271 31.5
    endloop
  endfacet
  facet normal 0.412689 -0.910872 0
    outer loop
      vertex 14.9494 -30.3143 31.5
      vertex 12.9347 -31.2271 0
      vertex 14.9494 -30.3143 0
    endloop
  endfacet
  facet normal -0.956937 0.290297 0
    outer loop
      vertex -32.6483 8.74808 0
      vertex -32.0062 10.8647 31.5
      vertex -32.0062 10.8647 0
    endloop
  endfacet
  facet normal -0.956937 0.290297 0
    outer loop
      vertex -32.0062 10.8647 31.5
      vertex -32.6483 8.74808 0
      vertex -32.6483 8.74808 31.5
    endloop
  endfacet
  facet normal -0.986643 -0.162899 0
    outer loop
      vertex -33.1505 -6.59405 0
      vertex -33.5108 -4.41179 31.5
      vertex -33.5108 -4.41179 0
    endloop
  endfacet
  facet normal -0.986643 -0.162899 0
    outer loop
      vertex -33.5108 -4.41179 31.5
      vertex -33.1505 -6.59405 0
      vertex -33.1505 -6.59405 31.5
    endloop
  endfacet
  facet normal 0.849203 0.528067 0
    outer loop
      vertex 29.2717 16.9 31.5
      vertex 28.1037 18.7783 0
      vertex 28.1037 18.7783 31.5
    endloop
  endfacet
  facet normal 0.849203 0.528067 0
    outer loop
      vertex 28.1037 18.7783 0
      vertex 29.2717 16.9 31.5
      vertex 29.2717 16.9 0
    endloop
  endfacet
  facet normal -0.935905 0.352253 0
    outer loop
      vertex -32.0062 10.8647 0
      vertex -31.2271 12.9347 31.5
      vertex -31.2271 12.9347 0
    endloop
  endfacet
  facet normal -0.935905 0.352253 0
    outer loop
      vertex -31.2271 12.9347 31.5
      vertex -32.0062 10.8647 0
      vertex -32.0062 10.8647 31.5
    endloop
  endfacet
  facet normal 0.162899 -0.986643 0
    outer loop
      vertex 4.41179 -33.5108 0
      vertex 6.59405 -33.1505 31.5
      vertex 4.41179 -33.5108 31.5
    endloop
  endfacet
  facet normal 0.162899 -0.986643 0
    outer loop
      vertex 6.59405 -33.1505 31.5
      vertex 4.41179 -33.5108 0
      vertex 6.59405 -33.1505 0
    endloop
  endfacet
  facet normal -0.910872 -0.412689 0
    outer loop
      vertex -30.3143 -14.9494 0
      vertex -31.2271 -12.9347 31.5
      vertex -31.2271 -12.9347 0
    endloop
  endfacet
  facet normal -0.910872 -0.412689 0
    outer loop
      vertex -31.2271 -12.9347 31.5
      vertex -30.3143 -14.9494 0
      vertex -30.3143 -14.9494 31.5
    endloop
  endfacet
  facet normal 0.582512 0.812822 -0
    outer loop
      vertex 20.5761 26.8153 0
      vertex 18.7783 28.1037 31.5
      vertex 20.5761 26.8153 31.5
    endloop
  endfacet
  facet normal 0.582512 0.812822 0
    outer loop
      vertex 18.7783 28.1037 31.5
      vertex 20.5761 26.8153 0
      vertex 18.7783 28.1037 0
    endloop
  endfacet
  facet normal 0.773032 0.634367 0
    outer loop
      vertex 26.8153 20.5761 31.5
      vertex 25.4122 22.2859 0
      vertex 25.4122 22.2859 31.5
    endloop
  endfacet
  facet normal 0.773032 0.634367 0
    outer loop
      vertex 25.4122 22.2859 0
      vertex 26.8153 20.5761 31.5
      vertex 26.8153 20.5761 0
    endloop
  endfacet
  facet normal 0.956937 -0.290297 0
    outer loop
      vertex 32.0062 -10.8647 31.5
      vertex 32.6483 -8.74808 0
      vertex 32.6483 -8.74808 31.5
    endloop
  endfacet
  facet normal 0.956937 -0.290297 0
    outer loop
      vertex 32.6483 -8.74808 0
      vertex 32.0062 -10.8647 31.5
      vertex 32.0062 -10.8647 0
    endloop
  endfacet
  facet normal 0.227055 0.973882 -0
    outer loop
      vertex 8.74808 32.6483 0
      vertex 6.59405 33.1505 31.5
      vertex 8.74808 32.6483 31.5
    endloop
  endfacet
  facet normal 0.227055 0.973882 0
    outer loop
      vertex 6.59405 33.1505 31.5
      vertex 8.74808 32.6483 0
      vertex 6.59405 33.1505 0
    endloop
  endfacet
  facet normal 0.910872 -0.412689 0
    outer loop
      vertex 30.3143 -14.9494 31.5
      vertex 31.2271 -12.9347 0
      vertex 31.2271 -12.9347 31.5
    endloop
  endfacet
  facet normal 0.910872 -0.412689 0
    outer loop
      vertex 31.2271 -12.9347 0
      vertex 30.3143 -14.9494 31.5
      vertex 30.3143 -14.9494 0
    endloop
  endfacet
  facet normal -0.999464 0.0327333 0
    outer loop
      vertex -33.8 0 0
      vertex -33.7276 2.21063 31.5
      vertex -33.7276 2.21063 0
    endloop
  endfacet
  facet normal -0.999464 0.0327333 0
    outer loop
      vertex -33.7276 2.21063 31.5
      vertex -33.8 0 0
      vertex -33.8 0 31.5
    endloop
  endfacet
  facet normal -0.849203 0.528067 0
    outer loop
      vertex -29.2717 16.9 0
      vertex -28.1037 18.7783 31.5
      vertex -28.1037 18.7783 0
    endloop
  endfacet
  facet normal -0.849203 0.528067 0
    outer loop
      vertex -28.1037 18.7783 31.5
      vertex -29.2717 16.9 0
      vertex -29.2717 16.9 31.5
    endloop
  endfacet
  facet normal -0.910872 0.412689 0
    outer loop
      vertex -31.2271 12.9347 0
      vertex -30.3143 14.9494 31.5
      vertex -30.3143 14.9494 0
    endloop
  endfacet
  facet normal -0.910872 0.412689 0
    outer loop
      vertex -30.3143 14.9494 31.5
      vertex -31.2271 12.9347 0
      vertex -31.2271 12.9347 31.5
    endloop
  endfacet
  facet normal -0.582512 -0.812822 0
    outer loop
      vertex -20.5761 -26.8153 0
      vertex -18.7783 -28.1037 31.5
      vertex -20.5761 -26.8153 31.5
    endloop
  endfacet
  facet normal -0.582512 -0.812822 -0
    outer loop
      vertex -18.7783 -28.1037 31.5
      vertex -20.5761 -26.8153 0
      vertex -18.7783 -28.1037 0
    endloop
  endfacet
  facet normal -0.773032 0.634367 0
    outer loop
      vertex -26.8153 20.5761 0
      vertex -25.4122 22.2859 31.5
      vertex -25.4122 22.2859 0
    endloop
  endfacet
  facet normal -0.773032 0.634367 0
    outer loop
      vertex -25.4122 22.2859 31.5
      vertex -26.8153 20.5761 0
      vertex -26.8153 20.5761 31.5
    endloop
  endfacet
  facet normal 0.162899 0.986643 -0
    outer loop
      vertex 6.59405 33.1505 0
      vertex 4.41179 33.5108 31.5
      vertex 6.59405 33.1505 31.5
    endloop
  endfacet
  facet normal 0.162899 0.986643 0
    outer loop
      vertex 4.41179 33.5108 31.5
      vertex 6.59405 33.1505 0
      vertex 4.41179 33.5108 0
    endloop
  endfacet
  facet normal 0.0327333 -0.999464 0
    outer loop
      vertex 0 -33.8 0
      vertex 2.21063 -33.7276 31.5
      vertex 0 -33.8 31.5
    endloop
  endfacet
  facet normal 0.0327333 -0.999464 0
    outer loop
      vertex 2.21063 -33.7276 31.5
      vertex 0 -33.8 0
      vertex 2.21063 -33.7276 0
    endloop
  endfacet
  facet normal 0.227055 -0.973882 0
    outer loop
      vertex 6.59405 -33.1505 0
      vertex 8.74808 -32.6483 31.5
      vertex 6.59405 -33.1505 31.5
    endloop
  endfacet
  facet normal 0.227055 -0.973882 0
    outer loop
      vertex 8.74808 -32.6483 31.5
      vertex 6.59405 -33.1505 0
      vertex 8.74808 -32.6483 0
    endloop
  endfacet
  facet normal 0.290297 -0.956937 0
    outer loop
      vertex 8.74808 -32.6483 0
      vertex 10.8647 -32.0062 31.5
      vertex 8.74808 -32.6483 31.5
    endloop
  endfacet
  facet normal 0.290297 -0.956937 0
    outer loop
      vertex 10.8647 -32.0062 31.5
      vertex 8.74808 -32.6483 0
      vertex 10.8647 -32.0062 0
    endloop
  endfacet
  facet normal -0.528067 -0.849203 0
    outer loop
      vertex -18.7783 -28.1037 0
      vertex -16.9 -29.2717 31.5
      vertex -18.7783 -28.1037 31.5
    endloop
  endfacet
  facet normal -0.528067 -0.849203 -0
    outer loop
      vertex -16.9 -29.2717 31.5
      vertex -18.7783 -28.1037 0
      vertex -16.9 -29.2717 0
    endloop
  endfacet
  facet normal 0.683603 -0.729854 0
    outer loop
      vertex 22.2859 -25.4122 0
      vertex 23.9002 -23.9002 31.5
      vertex 22.2859 -25.4122 31.5
    endloop
  endfacet
  facet normal 0.683603 -0.729854 0
    outer loop
      vertex 23.9002 -23.9002 31.5
      vertex 22.2859 -25.4122 0
      vertex 23.9002 -23.9002 0
    endloop
  endfacet
  facet normal -0.812822 -0.582512 0
    outer loop
      vertex -26.8153 -20.5761 0
      vertex -28.1037 -18.7783 31.5
      vertex -28.1037 -18.7783 0
    endloop
  endfacet
  facet normal -0.812822 -0.582512 0
    outer loop
      vertex -28.1037 -18.7783 31.5
      vertex -26.8153 -20.5761 0
      vertex -26.8153 -20.5761 31.5
    endloop
  endfacet
  facet normal -0.881925 0.471391 0
    outer loop
      vertex -30.3143 14.9494 0
      vertex -29.2717 16.9 31.5
      vertex -29.2717 16.9 0
    endloop
  endfacet
  facet normal -0.881925 0.471391 0
    outer loop
      vertex -29.2717 16.9 31.5
      vertex -30.3143 14.9494 0
      vertex -30.3143 14.9494 31.5
    endloop
  endfacet
  facet normal 0 0 1
    outer loop
      vertex 31.8 0 31.5
      vertex 33.8 0 31.5
      vertex 33.7276 2.21063 31.5
    endloop
  endfacet
  facet normal 0 0 1
    outer loop
      vertex 31.7319 2.07982 31.5
      vertex 33.7276 2.21063 31.5
      vertex 33.5108 4.41179 31.5
    endloop
  endfacet
  facet normal 0 0 1
    outer loop
      vertex 33.8 0 31.5
      vertex 31.8 0 31.5
      vertex 33.7276 -2.21063 31.5
    endloop
  endfacet
  facet normal 0 0 1
    outer loop
      vertex 31.5279 4.15073 31.5
      vertex 33.5108 4.41179 31.5
      vertex 33.1505 6.59405 31.5
    endloop
  endfacet
  facet normal -0 0 1
    outer loop
      vertex 31.7319 -2.07982 31.5
      vertex 33.7276 -2.21063 31.5
      vertex 31.8 0 31.5
    endloop
  endfacet
  facet normal 0 0 1
    outer loop
      vertex 31.189 6.20387 31.5
      vertex 33.1505 6.59405 31.5
      vertex 32.6483 8.74808 31.5
    endloop
  endfacet
  facet normal 0 0 1
    outer loop
      vertex 33.7276 -2.21063 31.5
      vertex 31.7319 -2.07982 31.5
      vertex 33.5108 -4.41179 31.5
    endloop
  endfacet
  facet normal 0 0 1
    outer loop
      vertex 30.7164 8.23044 31.5
      vertex 32.6483 8.74808 31.5
      vertex 32.0062 10.8647 31.5
    endloop
  endfacet
  facet normal -0 0 1
    outer loop
      vertex 31.5279 -4.15073 31.5
      vertex 33.5108 -4.41179 31.5
      vertex 31.7319 -2.07982 31.5
    endloop
  endfacet
  facet normal 0 0 1
    outer loop
      vertex 33.5108 -4.41179 31.5
      vertex 31.5279 -4.15073 31.5
      vertex 33.1505 -6.59405 31.5
    endloop
  endfacet
  facet normal 0 0 1
    outer loop
      vertex 33.7276 2.21063 31.5
      vertex 31.7319 2.07982 31.5
      vertex 31.8 0 31.5
    endloop
  endfacet
  facet normal 0 0 1
    outer loop
      vertex 33.5108 4.41179 31.5
      vertex 31.5279 4.15073 31.5
      vertex 31.7319 2.07982 31.5
    endloop
  endfacet
  facet normal 0 0 1
    outer loop
      vertex 30.1124 10.2218 31.5
      vertex 32.0062 10.8647 31.5
      vertex 31.2271 12.9347 31.5
    endloop
  endfacet
  facet normal 0 0 1
    outer loop
      vertex 33.1505 6.59405 31.5
      vertex 31.189 6.20387 31.5
      vertex 31.5279 4.15073 31.5
    endloop
  endfacet
  facet normal 0 0 1
    outer loop
      vertex 32.6483 8.74808 31.5
      vertex 30.7164 8.23044 31.5
      vertex 31.189 6.20387 31.5
    endloop
  endfacet
  facet normal 0 0 1
    outer loop
      vertex 29.3794 12.1693 31.5
      vertex 31.2271 12.9347 31.5
      vertex 30.3143 14.9494 31.5
    endloop
  endfacet
  facet normal 0 0 1
    outer loop
      vertex 32.0062 10.8647 31.5
      vertex 30.1124 10.2218 31.5
      vertex 30.7164 8.23044 31.5
    endloop
  endfacet
  facet normal 0 0 1
    outer loop
      vertex 31.2271 12.9347 31.5
      vertex 29.3794 12.1693 31.5
      vertex 30.1124 10.2218 31.5
    endloop
  endfacet
  facet normal 0 0 1
    outer loop
      vertex 28.5206 14.0648 31.5
      vertex 30.3143 14.9494 31.5
      vertex 29.2717 16.9 31.5
    endloop
  endfacet
  facet normal 0 0 1
    outer loop
      vertex 30.3143 14.9494 31.5
      vertex 28.5206 14.0648 31.5
      vertex 29.3794 12.1693 31.5
    endloop
  endfacet
  facet normal 0 0 1
    outer loop
      vertex 27.5396 15.9 31.5
      vertex 29.2717 16.9 31.5
      vertex 28.1037 18.7783 31.5
    endloop
  endfacet
  facet normal 0 0 1
    outer loop
      vertex 29.2717 16.9 31.5
      vertex 27.5396 15.9 31.5
      vertex 28.5206 14.0648 31.5
    endloop
  endfacet
  facet normal 0 0 1
    outer loop
      vertex 26.4407 17.6671 31.5
      vertex 28.1037 18.7783 31.5
      vertex 26.8153 20.5761 31.5
    endloop
  endfacet
  facet normal 0 0 1
    outer loop
      vertex 28.1037 18.7783 31.5
      vertex 26.4407 17.6671 31.5
      vertex 27.5396 15.9 31.5
    endloop
  endfacet
  facet normal 0 0 1
    outer loop
      vertex 25.2286 19.3586 31.5
      vertex 26.8153 20.5761 31.5
      vertex 25.4122 22.2859 31.5
    endloop
  endfacet
  facet normal 0 0 1
    outer loop
      vertex 26.8153 20.5761 31.5
      vertex 25.2286 19.3586 31.5
      vertex 26.4407 17.6671 31.5
    endloop
  endfacet
  facet normal 0 0 1
    outer loop
      vertex 25.4122 22.2859 31.5
      vertex 23.9085 20.9672 31.5
      vertex 25.2286 19.3586 31.5
    endloop
  endfacet
  facet normal 0 0 1
    outer loop
      vertex 23.9002 23.9002 31.5
      vertex 23.9085 20.9672 31.5
      vertex 25.4122 22.2859 31.5
    endloop
  endfacet
  facet normal 0 0 1
    outer loop
      vertex 23.9002 23.9002 31.5
      vertex 22.486 22.486 31.5
      vertex 23.9085 20.9672 31.5
    endloop
  endfacet
  facet normal 0 0 1
    outer loop
      vertex 22.2859 25.4122 31.5
      vertex 22.486 22.486 31.5
      vertex 23.9002 23.9002 31.5
    endloop
  endfacet
  facet normal 0 0 1
    outer loop
      vertex 22.2859 25.4122 31.5
      vertex 20.9672 23.9085 31.5
      vertex 22.486 22.486 31.5
    endloop
  endfacet
  facet normal 0 0 1
    outer loop
      vertex 20.5761 26.8153 31.5
      vertex 20.9672 23.9085 31.5
      vertex 22.2859 25.4122 31.5
    endloop
  endfacet
  facet normal 0 0 1
    outer loop
      vertex 20.5761 26.8153 31.5
      vertex 19.3586 25.2286 31.5
      vertex 20.9672 23.9085 31.5
    endloop
  endfacet
  facet normal 0 0 1
    outer loop
      vertex 18.7783 28.1037 31.5
      vertex 19.3586 25.2286 31.5
      vertex 20.5761 26.8153 31.5
    endloop
  endfacet
  facet normal 0 0 1
    outer loop
      vertex 18.7783 28.1037 31.5
      vertex 17.6671 26.4407 31.5
      vertex 19.3586 25.2286 31.5
    endloop
  endfacet
  facet normal 0 0 1
    outer loop
      vertex 16.9 29.2717 31.5
      vertex 17.6671 26.4407 31.5
      vertex 18.7783 28.1037 31.5
    endloop
  endfacet
  facet normal 0 0 1
    outer loop
      vertex 16.9 29.2717 31.5
      vertex 15.9 27.5396 31.5
      vertex 17.6671 26.4407 31.5
    endloop
  endfacet
  facet normal 0 0 1
    outer loop
      vertex 14.9494 30.3143 31.5
      vertex 15.9 27.5396 31.5
      vertex 16.9 29.2717 31.5
    endloop
  endfacet
  facet normal 0 0 1
    outer loop
      vertex 14.9494 30.3143 31.5
      vertex 14.0648 28.5206 31.5
      vertex 15.9 27.5396 31.5
    endloop
  endfacet
  facet normal 0 0 1
    outer loop
      vertex 12.9347 31.2271 31.5
      vertex 14.0648 28.5206 31.5
      vertex 14.9494 30.3143 31.5
    endloop
  endfacet
  facet normal 0 0 1
    outer loop
      vertex 12.9347 31.2271 31.5
      vertex 12.1693 29.3794 31.5
      vertex 14.0648 28.5206 31.5
    endloop
  endfacet
  facet normal 0 0 1
    outer loop
      vertex 10.8647 32.0062 31.5
      vertex 12.1693 29.3794 31.5
      vertex 12.9347 31.2271 31.5
    endloop
  endfacet
  facet normal 0 0 1
    outer loop
      vertex 10.8647 32.0062 31.5
      vertex 10.2218 30.1124 31.5
      vertex 12.1693 29.3794 31.5
    endloop
  endfacet
  facet normal 0 0 1
    outer loop
      vertex 8.74808 32.6483 31.5
      vertex 10.2218 30.1124 31.5
      vertex 10.8647 32.0062 31.5
    endloop
  endfacet
  facet normal 0 0 1
    outer loop
      vertex 8.74808 32.6483 31.5
      vertex 8.23044 30.7164 31.5
      vertex 10.2218 30.1124 31.5
    endloop
  endfacet
  facet normal 0 0 1
    outer loop
      vertex 6.59405 33.1505 31.5
      vertex 8.23044 30.7164 31.5
      vertex 8.74808 32.6483 31.5
    endloop
  endfacet
  facet normal 0 0 1
    outer loop
      vertex 6.59405 33.1505 31.5
      vertex 6.20387 31.189 31.5
      vertex 8.23044 30.7164 31.5
    endloop
  endfacet
  facet normal 0 0 1
    outer loop
      vertex 4.41179 33.5108 31.5
      vertex 6.20387 31.189 31.5
      vertex 6.59405 33.1505 31.5
    endloop
  endfacet
  facet normal 0 0 1
    outer loop
      vertex 4.41179 33.5108 31.5
      vertex 4.15073 31.5279 31.5
      vertex 6.20387 31.189 31.5
    endloop
  endfacet
  facet normal 0 0 1
    outer loop
      vertex 2.21063 33.7276 31.5
      vertex 4.15073 31.5279 31.5
      vertex 4.41179 33.5108 31.5
    endloop
  endfacet
  facet normal 0 0 1
    outer loop
      vertex 2.21063 33.7276 31.5
      vertex 2.07982 31.7319 31.5
      vertex 4.15073 31.5279 31.5
    endloop
  endfacet
  facet normal 0 0 1
    outer loop
      vertex 0 33.8 31.5
      vertex 2.07982 31.7319 31.5
      vertex 2.21063 33.7276 31.5
    endloop
  endfacet
  facet normal 0 0 1
    outer loop
      vertex 0 33.8 31.5
      vertex 0 31.8 31.5
      vertex 2.07982 31.7319 31.5
    endloop
  endfacet
  facet normal 0 0 1
    outer loop
      vertex 0 33.8 31.5
      vertex -2.07982 31.7319 31.5
      vertex 0 31.8 31.5
    endloop
  endfacet
  facet normal -0 0 1
    outer loop
      vertex -2.21063 33.7276 31.5
      vertex -2.07982 31.7319 31.5
      vertex 0 33.8 31.5
    endloop
  endfacet
  facet normal 0 0 1
    outer loop
      vertex -2.21063 33.7276 31.5
      vertex -4.15073 31.5279 31.5
      vertex -2.07982 31.7319 31.5
    endloop
  endfacet
  facet normal -0 0 1
    outer loop
      vertex -4.41179 33.5108 31.5
      vertex -4.15073 31.5279 31.5
      vertex -2.21063 33.7276 31.5
    endloop
  endfacet
  facet normal 0 0 1
    outer loop
      vertex -4.41179 33.5108 31.5
      vertex -6.20387 31.189 31.5
      vertex -4.15073 31.5279 31.5
    endloop
  endfacet
  facet normal -0 0 1
    outer loop
      vertex -6.59405 33.1505 31.5
      vertex -6.20387 31.189 31.5
      vertex -4.41179 33.5108 31.5
    endloop
  endfacet
  facet normal 0 0 1
    outer loop
      vertex -6.59405 33.1505 31.5
      vertex -8.23044 30.7164 31.5
      vertex -6.20387 31.189 31.5
    endloop
  endfacet
  facet normal -0 0 1
    outer loop
      vertex -8.74808 32.6483 31.5
      vertex -8.23044 30.7164 31.5
      vertex -6.59405 33.1505 31.5
    endloop
  endfacet
  facet normal 0 0 1
    outer loop
      vertex -8.74808 32.6483 31.5
      vertex -10.2218 30.1124 31.5
      vertex -8.23044 30.7164 31.5
    endloop
  endfacet
  facet normal -0 0 1
    outer loop
      vertex -10.8647 32.0062 31.5
      vertex -10.2218 30.1124 31.5
      vertex -8.74808 32.6483 31.5
    endloop
  endfacet
  facet normal 0 0 1
    outer loop
      vertex -10.8647 32.0062 31.5
      vertex -12.1693 29.3794 31.5
      vertex -10.2218 30.1124 31.5
    endloop
  endfacet
  facet normal -0 0 1
    outer loop
      vertex -12.9347 31.2271 31.5
      vertex -12.1693 29.3794 31.5
      vertex -10.8647 32.0062 31.5
    endloop
  endfacet
  facet normal 0 0 1
    outer loop
      vertex -12.9347 31.2271 31.5
      vertex -14.0648 28.5206 31.5
      vertex -12.1693 29.3794 31.5
    endloop
  endfacet
  facet normal -0 0 1
    outer loop
      vertex -14.9494 30.3143 31.5
      vertex -14.0648 28.5206 31.5
      vertex -12.9347 31.2271 31.5
    endloop
  endfacet
  facet normal 0 0 1
    outer loop
      vertex -14.9494 30.3143 31.5
      vertex -15.9 27.5396 31.5
      vertex -14.0648 28.5206 31.5
    endloop
  endfacet
  facet normal -0 0 1
    outer loop
      vertex -16.9 29.2717 31.5
      vertex -15.9 27.5396 31.5
      vertex -14.9494 30.3143 31.5
    endloop
  endfacet
  facet normal 0 0 1
    outer loop
      vertex -16.9 29.2717 31.5
      vertex -17.6671 26.4407 31.5
      vertex -15.9 27.5396 31.5
    endloop
  endfacet
  facet normal -0 0 1
    outer loop
      vertex -18.7783 28.1037 31.5
      vertex -17.6671 26.4407 31.5
      vertex -16.9 29.2717 31.5
    endloop
  endfacet
  facet normal 0 0 1
    outer loop
      vertex -18.7783 28.1037 31.5
      vertex -19.3586 25.2286 31.5
      vertex -17.6671 26.4407 31.5
    endloop
  endfacet
  facet normal -0 0 1
    outer loop
      vertex -20.5761 26.8153 31.5
      vertex -19.3586 25.2286 31.5
      vertex -18.7783 28.1037 31.5
    endloop
  endfacet
  facet normal 0 0 1
    outer loop
      vertex -20.5761 26.8153 31.5
      vertex -20.9672 23.9085 31.5
      vertex -19.3586 25.2286 31.5
    endloop
  endfacet
  facet normal -0 0 1
    outer loop
      vertex -22.2859 25.4122 31.5
      vertex -20.9672 23.9085 31.5
      vertex -20.5761 26.8153 31.5
    endloop
  endfacet
  facet normal 0 0 1
    outer loop
      vertex -22.2859 25.4122 31.5
      vertex -22.486 22.486 31.5
      vertex -20.9672 23.9085 31.5
    endloop
  endfacet
  facet normal -0 0 1
    outer loop
      vertex -23.9002 23.9002 31.5
      vertex -22.486 22.486 31.5
      vertex -22.2859 25.4122 31.5
    endloop
  endfacet
  facet normal 0 0 1
    outer loop
      vertex -23.9002 23.9002 31.5
      vertex -23.9085 20.9672 31.5
      vertex -22.486 22.486 31.5
    endloop
  endfacet
  facet normal -0 0 1
    outer loop
      vertex -25.4122 22.2859 31.5
      vertex -23.9085 20.9672 31.5
      vertex -23.9002 23.9002 31.5
    endloop
  endfacet
  facet normal 0 0 1
    outer loop
      vertex -23.9085 20.9672 31.5
      vertex -25.4122 22.2859 31.5
      vertex -25.2286 19.3586 31.5
    endloop
  endfacet
  facet normal -0 0 1
    outer loop
      vertex -26.8153 20.5761 31.5
      vertex -25.2286 19.3586 31.5
      vertex -25.4122 22.2859 31.5
    endloop
  endfacet
  facet normal 0 0 1
    outer loop
      vertex -25.2286 19.3586 31.5
      vertex -26.8153 20.5761 31.5
      vertex -26.4407 17.6671 31.5
    endloop
  endfacet
  facet normal -0 0 1
    outer loop
      vertex -28.1037 18.7783 31.5
      vertex -26.4407 17.6671 31.5
      vertex -26.8153 20.5761 31.5
    endloop
  endfacet
  facet normal 0 0 1
    outer loop
      vertex -26.4407 17.6671 31.5
      vertex -28.1037 18.7783 31.5
      vertex -27.5396 15.9 31.5
    endloop
  endfacet
  facet normal -0 0 1
    outer loop
      vertex -29.2717 16.9 31.5
      vertex -27.5396 15.9 31.5
      vertex -28.1037 18.7783 31.5
    endloop
  endfacet
  facet normal 0 0 1
    outer loop
      vertex -27.5396 15.9 31.5
      vertex -29.2717 16.9 31.5
      vertex -28.5206 14.0648 31.5
    endloop
  endfacet
  facet normal -0 0 1
    outer loop
      vertex -30.3143 14.9494 31.5
      vertex -28.5206 14.0648 31.5
      vertex -29.2717 16.9 31.5
    endloop
  endfacet
  facet normal 0 0 1
    outer loop
      vertex -28.5206 14.0648 31.5
      vertex -30.3143 14.9494 31.5
      vertex -29.3794 12.1693 31.5
    endloop
  endfacet
  facet normal -0 0 1
    outer loop
      vertex -31.2271 12.9347 31.5
      vertex -29.3794 12.1693 31.5
      vertex -30.3143 14.9494 31.5
    endloop
  endfacet
  facet normal 0 0 1
    outer loop
      vertex -29.3794 12.1693 31.5
      vertex -31.2271 12.9347 31.5
      vertex -30.1124 10.2218 31.5
    endloop
  endfacet
  facet normal -0 0 1
    outer loop
      vertex -32.0062 10.8647 31.5
      vertex -30.1124 10.2218 31.5
      vertex -31.2271 12.9347 31.5
    endloop
  endfacet
  facet normal 0 0 1
    outer loop
      vertex -30.1124 10.2218 31.5
      vertex -32.0062 10.8647 31.5
      vertex -30.7164 8.23044 31.5
    endloop
  endfacet
  facet normal -0 0 1
    outer loop
      vertex -32.6483 8.74808 31.5
      vertex -30.7164 8.23044 31.5
      vertex -32.0062 10.8647 31.5
    endloop
  endfacet
  facet normal 0 0 1
    outer loop
      vertex -30.7164 8.23044 31.5
      vertex -32.6483 8.74808 31.5
      vertex -31.189 6.20387 31.5
    endloop
  endfacet
  facet normal 0 0 1
    outer loop
      vertex -31.189 6.20387 31.5
      vertex -33.1505 6.59405 31.5
      vertex -31.5279 4.15073 31.5
    endloop
  endfacet
  facet normal -0 0 1
    outer loop
      vertex -33.1505 6.59405 31.5
      vertex -31.189 6.20387 31.5
      vertex -32.6483 8.74808 31.5
    endloop
  endfacet
  facet normal -0 0 1
    outer loop
      vertex 31.189 -6.20387 31.5
      vertex 33.1505 -6.59405 31.5
      vertex 31.5279 -4.15073 31.5
    endloop
  endfacet
  facet normal 0 0 1
    outer loop
      vertex 33.1505 -6.59405 31.5
      vertex 31.189 -6.20387 31.5
      vertex 32.6483 -8.74808 31.5
    endloop
  endfacet
  facet normal -0 0 1
    outer loop
      vertex 30.7164 -8.23044 31.5
      vertex 32.6483 -8.74808 31.5
      vertex 31.189 -6.20387 31.5
    endloop
  endfacet
  facet normal 0 0 1
    outer loop
      vertex 32.6483 -8.74808 31.5
      vertex 30.7164 -8.23044 31.5
      vertex 32.0062 -10.8647 31.5
    endloop
  endfacet
  facet normal -0 0 1
    outer loop
      vertex 30.1124 -10.2218 31.5
      vertex 32.0062 -10.8647 31.5
      vertex 30.7164 -8.23044 31.5
    endloop
  endfacet
  facet normal 0 0 1
    outer loop
      vertex 32.0062 -10.8647 31.5
      vertex 30.1124 -10.2218 31.5
      vertex 31.2271 -12.9347 31.5
    endloop
  endfacet
  facet normal -0 0 1
    outer loop
      vertex 29.3794 -12.1693 31.5
      vertex 31.2271 -12.9347 31.5
      vertex 30.1124 -10.2218 31.5
    endloop
  endfacet
  facet normal 0 0 1
    outer loop
      vertex 31.2271 -12.9347 31.5
      vertex 29.3794 -12.1693 31.5
      vertex 30.3143 -14.9494 31.5
    endloop
  endfacet
  facet normal -0 0 1
    outer loop
      vertex 28.5206 -14.0648 31.5
      vertex 30.3143 -14.9494 31.5
      vertex 29.3794 -12.1693 31.5
    endloop
  endfacet
  facet normal 0 0 1
    outer loop
      vertex 30.3143 -14.9494 31.5
      vertex 28.5206 -14.0648 31.5
      vertex 29.2717 -16.9 31.5
    endloop
  endfacet
  facet normal -0 0 1
    outer loop
      vertex 27.5396 -15.9 31.5
      vertex 29.2717 -16.9 31.5
      vertex 28.5206 -14.0648 31.5
    endloop
  endfacet
  facet normal 0 0 1
    outer loop
      vertex 29.2717 -16.9 31.5
      vertex 27.5396 -15.9 31.5
      vertex 28.1037 -18.7783 31.5
    endloop
  endfacet
  facet normal -0 0 1
    outer loop
      vertex 26.4407 -17.6671 31.5
      vertex 28.1037 -18.7783 31.5
      vertex 27.5396 -15.9 31.5
    endloop
  endfacet
  facet normal 0 0 1
    outer loop
      vertex 28.1037 -18.7783 31.5
      vertex 26.4407 -17.6671 31.5
      vertex 26.8153 -20.5761 31.5
    endloop
  endfacet
  facet normal -0 0 1
    outer loop
      vertex 25.2286 -19.3586 31.5
      vertex 26.8153 -20.5761 31.5
      vertex 26.4407 -17.6671 31.5
    endloop
  endfacet
  facet normal 0 0 1
    outer loop
      vertex 26.8153 -20.5761 31.5
      vertex 25.2286 -19.3586 31.5
      vertex 25.4122 -22.2859 31.5
    endloop
  endfacet
  facet normal -0 0 1
    outer loop
      vertex 23.9085 -20.9672 31.5
      vertex 25.4122 -22.2859 31.5
      vertex 25.2286 -19.3586 31.5
    endloop
  endfacet
  facet normal 0 0 1
    outer loop
      vertex 23.9085 -20.9672 31.5
      vertex 23.9002 -23.9002 31.5
      vertex 25.4122 -22.2859 31.5
    endloop
  endfacet
  facet normal -0 0 1
    outer loop
      vertex 22.486 -22.486 31.5
      vertex 23.9002 -23.9002 31.5
      vertex 23.9085 -20.9672 31.5
    endloop
  endfacet
  facet normal 0 0 1
    outer loop
      vertex 22.486 -22.486 31.5
      vertex 22.2859 -25.4122 31.5
      vertex 23.9002 -23.9002 31.5
    endloop
  endfacet
  facet normal -0 0 1
    outer loop
      vertex 20.9672 -23.9085 31.5
      vertex 22.2859 -25.4122 31.5
      vertex 22.486 -22.486 31.5
    endloop
  endfacet
  facet normal 0 0 1
    outer loop
      vertex 20.9672 -23.9085 31.5
      vertex 20.5761 -26.8153 31.5
      vertex 22.2859 -25.4122 31.5
    endloop
  endfacet
  facet normal -0 0 1
    outer loop
      vertex 19.3586 -25.2286 31.5
      vertex 20.5761 -26.8153 31.5
      vertex 20.9672 -23.9085 31.5
    endloop
  endfacet
  facet normal 0 0 1
    outer loop
      vertex 19.3586 -25.2286 31.5
      vertex 18.7783 -28.1037 31.5
      vertex 20.5761 -26.8153 31.5
    endloop
  endfacet
  facet normal -0 0 1
    outer loop
      vertex 17.6671 -26.4407 31.5
      vertex 18.7783 -28.1037 31.5
      vertex 19.3586 -25.2286 31.5
    endloop
  endfacet
  facet normal 0 0 1
    outer loop
      vertex 17.6671 -26.4407 31.5
      vertex 16.9 -29.2717 31.5
      vertex 18.7783 -28.1037 31.5
    endloop
  endfacet
  facet normal -0 0 1
    outer loop
      vertex 15.9 -27.5396 31.5
      vertex 16.9 -29.2717 31.5
      vertex 17.6671 -26.4407 31.5
    endloop
  endfacet
  facet normal 0 0 1
    outer loop
      vertex 15.9 -27.5396 31.5
      vertex 14.9494 -30.3143 31.5
      vertex 16.9 -29.2717 31.5
    endloop
  endfacet
  facet normal -0 0 1
    outer loop
      vertex 14.0648 -28.5206 31.5
      vertex 14.9494 -30.3143 31.5
      vertex 15.9 -27.5396 31.5
    endloop
  endfacet
  facet normal 0 0 1
    outer loop
      vertex 14.0648 -28.5206 31.5
      vertex 12.9347 -31.2271 31.5
      vertex 14.9494 -30.3143 31.5
    endloop
  endfacet
  facet normal -0 0 1
    outer loop
      vertex 12.1693 -29.3794 31.5
      vertex 12.9347 -31.2271 31.5
      vertex 14.0648 -28.5206 31.5
    endloop
  endfacet
  facet normal 0 0 1
    outer loop
      vertex 12.1693 -29.3794 31.5
      vertex 10.8647 -32.0062 31.5
      vertex 12.9347 -31.2271 31.5
    endloop
  endfacet
  facet normal -0 0 1
    outer loop
      vertex 10.2218 -30.1124 31.5
      vertex 10.8647 -32.0062 31.5
      vertex 12.1693 -29.3794 31.5
    endloop
  endfacet
  facet normal 0 0 1
    outer loop
      vertex 10.2218 -30.1124 31.5
      vertex 8.74808 -32.6483 31.5
      vertex 10.8647 -32.0062 31.5
    endloop
  endfacet
  facet normal -0 0 1
    outer loop
      vertex 8.23044 -30.7164 31.5
      vertex 8.74808 -32.6483 31.5
      vertex 10.2218 -30.1124 31.5
    endloop
  endfacet
  facet normal 0 0 1
    outer loop
      vertex 8.23044 -30.7164 31.5
      vertex 6.59405 -33.1505 31.5
      vertex 8.74808 -32.6483 31.5
    endloop
  endfacet
  facet normal -0 0 1
    outer loop
      vertex 6.20387 -31.189 31.5
      vertex 6.59405 -33.1505 31.5
      vertex 8.23044 -30.7164 31.5
    endloop
  endfacet
  facet normal 0 0 1
    outer loop
      vertex 6.20387 -31.189 31.5
      vertex 4.41179 -33.5108 31.5
      vertex 6.59405 -33.1505 31.5
    endloop
  endfacet
  facet normal -0 0 1
    outer loop
      vertex 4.15073 -31.5279 31.5
      vertex 4.41179 -33.5108 31.5
      vertex 6.20387 -31.189 31.5
    endloop
  endfacet
  facet normal 0 0 1
    outer loop
      vertex 4.15073 -31.5279 31.5
      vertex 2.21063 -33.7276 31.5
      vertex 4.41179 -33.5108 31.5
    endloop
  endfacet
  facet normal -0 0 1
    outer loop
      vertex 2.07982 -31.7319 31.5
      vertex 2.21063 -33.7276 31.5
      vertex 4.15073 -31.5279 31.5
    endloop
  endfacet
  facet normal -0 0 1
    outer loop
      vertex 0 -31.8 31.5
      vertex 2.21063 -33.7276 31.5
      vertex 2.07982 -31.7319 31.5
    endloop
  endfacet
  facet normal 0 0 1
    outer loop
      vertex 0 -31.8 31.5
      vertex 0 -33.8 31.5
      vertex 2.21063 -33.7276 31.5
    endloop
  endfacet
  facet normal 0 0 1
    outer loop
      vertex -2.07982 -31.7319 31.5
      vertex 0 -33.8 31.5
      vertex 0 -31.8 31.5
    endloop
  endfacet
  facet normal 0 0 1
    outer loop
      vertex -2.07982 -31.7319 31.5
      vertex -2.21063 -33.7276 31.5
      vertex 0 -33.8 31.5
    endloop
  endfacet
  facet normal 0 0 1
    outer loop
      vertex -4.15073 -31.5279 31.5
      vertex -2.21063 -33.7276 31.5
      vertex -2.07982 -31.7319 31.5
    endloop
  endfacet
  facet normal 0 0 1
    outer loop
      vertex -4.15073 -31.5279 31.5
      vertex -4.41179 -33.5108 31.5
      vertex -2.21063 -33.7276 31.5
    endloop
  endfacet
  facet normal 0 0 1
    outer loop
      vertex -6.20387 -31.189 31.5
      vertex -4.41179 -33.5108 31.5
      vertex -4.15073 -31.5279 31.5
    endloop
  endfacet
  facet normal 0 0 1
    outer loop
      vertex -6.20387 -31.189 31.5
      vertex -6.59405 -33.1505 31.5
      vertex -4.41179 -33.5108 31.5
    endloop
  endfacet
  facet normal 0 0 1
    outer loop
      vertex -8.23044 -30.7164 31.5
      vertex -6.59405 -33.1505 31.5
      vertex -6.20387 -31.189 31.5
    endloop
  endfacet
  facet normal 0 0 1
    outer loop
      vertex -8.23044 -30.7164 31.5
      vertex -8.74808 -32.6483 31.5
      vertex -6.59405 -33.1505 31.5
    endloop
  endfacet
  facet normal 0 0 1
    outer loop
      vertex -10.2218 -30.1124 31.5
      vertex -8.74808 -32.6483 31.5
      vertex -8.23044 -30.7164 31.5
    endloop
  endfacet
  facet normal 0 0 1
    outer loop
      vertex -10.2218 -30.1124 31.5
      vertex -10.8647 -32.0062 31.5
      vertex -8.74808 -32.6483 31.5
    endloop
  endfacet
  facet normal 0 0 1
    outer loop
      vertex -12.1693 -29.3794 31.5
      vertex -10.8647 -32.0062 31.5
      vertex -10.2218 -30.1124 31.5
    endloop
  endfacet
  facet normal 0 0 1
    outer loop
      vertex -12.1693 -29.3794 31.5
      vertex -12.9347 -31.2271 31.5
      vertex -10.8647 -32.0062 31.5
    endloop
  endfacet
  facet normal 0 0 1
    outer loop
      vertex -14.0648 -28.5206 31.5
      vertex -12.9347 -31.2271 31.5
      vertex -12.1693 -29.3794 31.5
    endloop
  endfacet
  facet normal 0 0 1
    outer loop
      vertex -14.0648 -28.5206 31.5
      vertex -14.9494 -30.3143 31.5
      vertex -12.9347 -31.2271 31.5
    endloop
  endfacet
  facet normal 0 0 1
    outer loop
      vertex -15.9 -27.5396 31.5
      vertex -14.9494 -30.3143 31.5
      vertex -14.0648 -28.5206 31.5
    endloop
  endfacet
  facet normal 0 0 1
    outer loop
      vertex -15.9 -27.5396 31.5
      vertex -16.9 -29.2717 31.5
      vertex -14.9494 -30.3143 31.5
    endloop
  endfacet
  facet normal 0 0 1
    outer loop
      vertex -17.6671 -26.4407 31.5
      vertex -16.9 -29.2717 31.5
      vertex -15.9 -27.5396 31.5
    endloop
  endfacet
  facet normal 0 0 1
    outer loop
      vertex -17.6671 -26.4407 31.5
      vertex -18.7783 -28.1037 31.5
      vertex -16.9 -29.2717 31.5
    endloop
  endfacet
  facet normal 0 0 1
    outer loop
      vertex -19.3586 -25.2286 31.5
      vertex -18.7783 -28.1037 31.5
      vertex -17.6671 -26.4407 31.5
    endloop
  endfacet
  facet normal 0 0 1
    outer loop
      vertex -19.3586 -25.2286 31.5
      vertex -20.5761 -26.8153 31.5
      vertex -18.7783 -28.1037 31.5
    endloop
  endfacet
  facet normal 0 0 1
    outer loop
      vertex -20.9672 -23.9085 31.5
      vertex -20.5761 -26.8153 31.5
      vertex -19.3586 -25.2286 31.5
    endloop
  endfacet
  facet normal 0 0 1
    outer loop
      vertex -20.9672 -23.9085 31.5
      vertex -22.2859 -25.4122 31.5
      vertex -20.5761 -26.8153 31.5
    endloop
  endfacet
  facet normal 0 0 1
    outer loop
      vertex -22.486 -22.486 31.5
      vertex -22.2859 -25.4122 31.5
      vertex -20.9672 -23.9085 31.5
    endloop
  endfacet
  facet normal 0 0 1
    outer loop
      vertex -22.486 -22.486 31.5
      vertex -23.9002 -23.9002 31.5
      vertex -22.2859 -25.4122 31.5
    endloop
  endfacet
  facet normal 0 0 1
    outer loop
      vertex -23.9085 -20.9672 31.5
      vertex -23.9002 -23.9002 31.5
      vertex -22.486 -22.486 31.5
    endloop
  endfacet
  facet normal 0 0 1
    outer loop
      vertex -25.4122 -22.2859 31.5
      vertex -23.9085 -20.9672 31.5
      vertex -25.2286 -19.3586 31.5
    endloop
  endfacet
  facet normal 0 0 1
    outer loop
      vertex -23.9085 -20.9672 31.5
      vertex -25.4122 -22.2859 31.5
      vertex -23.9002 -23.9002 31.5
    endloop
  endfacet
  facet normal 0 0 1
    outer loop
      vertex -26.8153 -20.5761 31.5
      vertex -25.2286 -19.3586 31.5
      vertex -26.4407 -17.6671 31.5
    endloop
  endfacet
  facet normal 0 0 1
    outer loop
      vertex -25.2286 -19.3586 31.5
      vertex -26.8153 -20.5761 31.5
      vertex -25.4122 -22.2859 31.5
    endloop
  endfacet
  facet normal 0 0 1
    outer loop
      vertex -28.1037 -18.7783 31.5
      vertex -26.4407 -17.6671 31.5
      vertex -27.5396 -15.9 31.5
    endloop
  endfacet
  facet normal 0 0 1
    outer loop
      vertex -26.4407 -17.6671 31.5
      vertex -28.1037 -18.7783 31.5
      vertex -26.8153 -20.5761 31.5
    endloop
  endfacet
  facet normal 0 0 1
    outer loop
      vertex -29.2717 -16.9 31.5
      vertex -27.5396 -15.9 31.5
      vertex -28.5206 -14.0648 31.5
    endloop
  endfacet
  facet normal 0 0 1
    outer loop
      vertex -27.5396 -15.9 31.5
      vertex -29.2717 -16.9 31.5
      vertex -28.1037 -18.7783 31.5
    endloop
  endfacet
  facet normal 0 0 1
    outer loop
      vertex -30.3143 -14.9494 31.5
      vertex -28.5206 -14.0648 31.5
      vertex -29.3794 -12.1693 31.5
    endloop
  endfacet
  facet normal 0 0 1
    outer loop
      vertex -31.2271 -12.9347 31.5
      vertex -29.3794 -12.1693 31.5
      vertex -30.1124 -10.2218 31.5
    endloop
  endfacet
  facet normal 0 0 1
    outer loop
      vertex -28.5206 -14.0648 31.5
      vertex -30.3143 -14.9494 31.5
      vertex -29.2717 -16.9 31.5
    endloop
  endfacet
  facet normal 0 0 1
    outer loop
      vertex -32.0062 -10.8647 31.5
      vertex -30.1124 -10.2218 31.5
      vertex -30.7164 -8.23044 31.5
    endloop
  endfacet
  facet normal 0 0 1
    outer loop
      vertex -32.6483 -8.74808 31.5
      vertex -30.7164 -8.23044 31.5
      vertex -31.189 -6.20387 31.5
    endloop
  endfacet
  facet normal 0 0 1
    outer loop
      vertex -29.3794 -12.1693 31.5
      vertex -31.2271 -12.9347 31.5
      vertex -30.3143 -14.9494 31.5
    endloop
  endfacet
  facet normal 0 0 1
    outer loop
      vertex -33.1505 -6.59405 31.5
      vertex -31.189 -6.20387 31.5
      vertex -31.5279 -4.15073 31.5
    endloop
  endfacet
  facet normal 0 0 1
    outer loop
      vertex -33.5108 -4.41179 31.5
      vertex -31.5279 -4.15073 31.5
      vertex -31.7319 -2.07982 31.5
    endloop
  endfacet
  facet normal 0 0 1
    outer loop
      vertex -30.1124 -10.2218 31.5
      vertex -32.0062 -10.8647 31.5
      vertex -31.2271 -12.9347 31.5
    endloop
  endfacet
  facet normal 0 0 1
    outer loop
      vertex -33.7276 -2.21063 31.5
      vertex -31.7319 -2.07982 31.5
      vertex -31.8 0 31.5
    endloop
  endfacet
  facet normal -0 0 1
    outer loop
      vertex -33.5108 4.41179 31.5
      vertex -31.5279 4.15073 31.5
      vertex -33.1505 6.59405 31.5
    endloop
  endfacet
  facet normal 0 0 1
    outer loop
      vertex -31.5279 4.15073 31.5
      vertex -33.5108 4.41179 31.5
      vertex -31.7319 2.07982 31.5
    endloop
  endfacet
  facet normal 0 0 1
    outer loop
      vertex -30.7164 -8.23044 31.5
      vertex -32.6483 -8.74808 31.5
      vertex -32.0062 -10.8647 31.5
    endloop
  endfacet
  facet normal -0 0 1
    outer loop
      vertex -33.7276 2.21063 31.5
      vertex -31.7319 2.07982 31.5
      vertex -33.5108 4.41179 31.5
    endloop
  endfacet
  facet normal 0 0 1
    outer loop
      vertex -31.189 -6.20387 31.5
      vertex -33.1505 -6.59405 31.5
      vertex -32.6483 -8.74808 31.5
    endloop
  endfacet
  facet normal 0 0 1
    outer loop
      vertex -31.7319 2.07982 31.5
      vertex -33.7276 2.21063 31.5
      vertex -31.8 0 31.5
    endloop
  endfacet
  facet normal 0 0 1
    outer loop
      vertex -31.5279 -4.15073 31.5
      vertex -33.5108 -4.41179 31.5
      vertex -33.1505 -6.59405 31.5
    endloop
  endfacet
  facet normal 0 0 1
    outer loop
      vertex -33.8 0 31.5
      vertex -31.8 0 31.5
      vertex -33.7276 2.21063 31.5
    endloop
  endfacet
  facet normal 0 0 1
    outer loop
      vertex -31.7319 -2.07982 31.5
      vertex -33.7276 -2.21063 31.5
      vertex -33.5108 -4.41179 31.5
    endloop
  endfacet
  facet normal 0 0 1
    outer loop
      vertex -31.8 0 31.5
      vertex -33.8 0 31.5
      vertex -33.7276 -2.21063 31.5
    endloop
  endfacet
  facet normal 0.0327333 0.999464 -0
    outer loop
      vertex 2.21063 33.7276 0
      vertex 0 33.8 31.5
      vertex 2.21063 33.7276 31.5
    endloop
  endfacet
  facet normal 0.0327333 0.999464 0
    outer loop
      vertex 0 33.8 31.5
      vertex 2.21063 33.7276 0
      vertex 0 33.8 0
    endloop
  endfacet
  facet normal -0.227055 0.973882 0
    outer loop
      vertex -6.59405 33.1505 0
      vertex -8.74808 32.6483 31.5
      vertex -6.59405 33.1505 31.5
    endloop
  endfacet
  facet normal -0.227055 0.973882 0
    outer loop
      vertex -8.74808 32.6483 31.5
      vertex -6.59405 33.1505 0
      vertex -8.74808 32.6483 0
    endloop
  endfacet
  facet normal 0 0 -1
    outer loop
      vertex -6.59405 33.1505 0
      vertex -10 6 0
      vertex -8.74808 32.6483 0
    endloop
  endfacet
  facet normal 0 0 -1
    outer loop
      vertex -10 6 0
      vertex -10.8647 32.0062 0
      vertex -8.74808 32.6483 0
    endloop
  endfacet
  facet normal 0 0 -1
    outer loop
      vertex -10 6 0
      vertex -12.9347 31.2271 0
      vertex -10.8647 32.0062 0
    endloop
  endfacet
  facet normal 0 0 -1
    outer loop
      vertex -10 6 0
      vertex -14.9494 30.3143 0
      vertex -12.9347 31.2271 0
    endloop
  endfacet
  facet normal 0 0 -1
    outer loop
      vertex -10 6 0
      vertex -16.9 29.2717 0
      vertex -14.9494 30.3143 0
    endloop
  endfacet
  facet normal 0 0 -1
    outer loop
      vertex -10 6 0
      vertex -18.7783 28.1037 0
      vertex -16.9 29.2717 0
    endloop
  endfacet
  facet normal 0 0 -1
    outer loop
      vertex -10 6 0
      vertex -20.5761 26.8153 0
      vertex -18.7783 28.1037 0
    endloop
  endfacet
  facet normal 0 0 -1
    outer loop
      vertex -10 6 0
      vertex -22.2859 25.4122 0
      vertex -20.5761 26.8153 0
    endloop
  endfacet
  facet normal 0 0 -1
    outer loop
      vertex -10 6 0
      vertex -23.9002 23.9002 0
      vertex -22.2859 25.4122 0
    endloop
  endfacet
  facet normal 0 0 -1
    outer loop
      vertex -10 6 0
      vertex -25.4122 22.2859 0
      vertex -23.9002 23.9002 0
    endloop
  endfacet
  facet normal 0 0 -1
    outer loop
      vertex -26.8153 20.5761 0
      vertex -10 6 0
      vertex -26 6 0
    endloop
  endfacet
  facet normal 0 0 -1
    outer loop
      vertex -10 6 0
      vertex -26.8153 20.5761 0
      vertex -25.4122 22.2859 0
    endloop
  endfacet
  facet normal 0 0 -1
    outer loop
      vertex -29.2717 -16.9 0
      vertex -26 -6 0
      vertex -28.1037 -18.7783 0
    endloop
  endfacet
  facet normal 0 0 -1
    outer loop
      vertex -30.3143 -14.9494 0
      vertex -26 -6 0
      vertex -29.2717 -16.9 0
    endloop
  endfacet
  facet normal 0 0 -1
    outer loop
      vertex -26 6 0
      vertex -28.1037 18.7783 0
      vertex -26.8153 20.5761 0
    endloop
  endfacet
  facet normal 0 0 -1
    outer loop
      vertex -31.2271 -12.9347 0
      vertex -26 -6 0
      vertex -30.3143 -14.9494 0
    endloop
  endfacet
  facet normal 0 0 -1
    outer loop
      vertex -26 6 0
      vertex -29.2717 16.9 0
      vertex -28.1037 18.7783 0
    endloop
  endfacet
  facet normal 0 0 -1
    outer loop
      vertex -32.0062 -10.8647 0
      vertex -26 -6 0
      vertex -31.2271 -12.9347 0
    endloop
  endfacet
  facet normal 0 0 -1
    outer loop
      vertex -26 6 0
      vertex -30.3143 14.9494 0
      vertex -29.2717 16.9 0
    endloop
  endfacet
  facet normal 0 0 -1
    outer loop
      vertex -32.6483 -8.74808 0
      vertex -26 -6 0
      vertex -32.0062 -10.8647 0
    endloop
  endfacet
  facet normal 0 0 -1
    outer loop
      vertex -26 6 0
      vertex -31.2271 12.9347 0
      vertex -30.3143 14.9494 0
    endloop
  endfacet
  facet normal 0 0 -1
    outer loop
      vertex -33.1505 -6.59405 0
      vertex -26 -6 0
      vertex -32.6483 -8.74808 0
    endloop
  endfacet
  facet normal 0 0 -1
    outer loop
      vertex -26 6 0
      vertex -32.0062 10.8647 0
      vertex -31.2271 12.9347 0
    endloop
  endfacet
  facet normal 0 0 -1
    outer loop
      vertex -33.5108 -4.41179 0
      vertex -26 -6 0
      vertex -33.1505 -6.59405 0
    endloop
  endfacet
  facet normal 0 0 -1
    outer loop
      vertex -26 6 0
      vertex -32.6483 8.74808 0
      vertex -32.0062 10.8647 0
    endloop
  endfacet
  facet normal 0 0 -1
    outer loop
      vertex -33.7276 -2.21063 0
      vertex -26 -6 0
      vertex -33.5108 -4.41179 0
    endloop
  endfacet
  facet normal 0 0 -1
    outer loop
      vertex -26 6 0
      vertex -33.1505 6.59405 0
      vertex -32.6483 8.74808 0
    endloop
  endfacet
  facet normal 0 0 -1
    outer loop
      vertex -33.8 0 0
      vertex -26 -6 0
      vertex -33.7276 -2.21063 0
    endloop
  endfacet
  facet normal -0 0 -1
    outer loop
      vertex -26 6 0
      vertex -33.5108 4.41179 0
      vertex -33.1505 6.59405 0
    endloop
  endfacet
  facet normal 0 0 -1
    outer loop
      vertex -26 -6 0
      vertex -33.8 0 0
      vertex -26 6 0
    endloop
  endfacet
  facet normal 0 0 -1
    outer loop
      vertex -26 6 0
      vertex -33.7276 2.21063 0
      vertex -33.5108 4.41179 0
    endloop
  endfacet
  facet normal 0 0 -1
    outer loop
      vertex -26 6 0
      vertex -33.8 0 0
      vertex -33.7276 2.21063 0
    endloop
  endfacet
  facet normal 0 0 -1
    outer loop
      vertex 2.8 0 0
      vertex 33.8 0 0
      vertex 33.7276 -2.21063 0
    endloop
  endfacet
  facet normal 0 0 -1
    outer loop
      vertex 2.794 -0.183128 0
      vertex 33.7276 -2.21063 0
      vertex 33.5108 -4.41179 0
    endloop
  endfacet
  facet normal 0 0 -1
    outer loop
      vertex 33.8 0 0
      vertex 2.8 0 0
      vertex 33.7276 2.21063 0
    endloop
  endfacet
  facet normal 0 0 -1
    outer loop
      vertex 2.77604 -0.365473 0
      vertex 33.5108 -4.41179 0
      vertex 33.1505 -6.59405 0
    endloop
  endfacet
  facet normal 0 0 -1
    outer loop
      vertex 2.794 0.183128 0
      vertex 33.7276 2.21063 0
      vertex 2.8 0 0
    endloop
  endfacet
  facet normal 0 0 -1
    outer loop
      vertex 2.7462 -0.546252 0
      vertex 33.1505 -6.59405 0
      vertex 32.6483 -8.74808 0
    endloop
  endfacet
  facet normal -0 0 -1
    outer loop
      vertex 33.7276 2.21063 0
      vertex 2.794 0.183128 0
      vertex 33.5108 4.41179 0
    endloop
  endfacet
  facet normal 0 0 -1
    outer loop
      vertex 2.70459 -0.724693 0
      vertex 32.6483 -8.74808 0
      vertex 32.0062 -10.8647 0
    endloop
  endfacet
  facet normal 0 0 -1
    outer loop
      vertex 2.77604 0.365473 0
      vertex 33.5108 4.41179 0
      vertex 2.794 0.183128 0
    endloop
  endfacet
  facet normal 0 0 -1
    outer loop
      vertex 2.6514 -0.90003 0
      vertex 32.0062 -10.8647 0
      vertex 31.2271 -12.9347 0
    endloop
  endfacet
  facet normal -0 0 -1
    outer loop
      vertex 33.5108 4.41179 0
      vertex 2.77604 0.365473 0
      vertex 33.1505 6.59405 0
    endloop
  endfacet
  facet normal 0 0 -1
    outer loop
      vertex 2.58686 -1.07151 0
      vertex 31.2271 -12.9347 0
      vertex 30.3143 -14.9494 0
    endloop
  endfacet
  facet normal 0 0 -1
    outer loop
      vertex 2.7462 0.546252 0
      vertex 33.1505 6.59405 0
      vertex 2.77604 0.365473 0
    endloop
  endfacet
  facet normal 0 0 -1
    outer loop
      vertex 2.51124 -1.23841 0
      vertex 30.3143 -14.9494 0
      vertex 29.2717 -16.9 0
    endloop
  endfacet
  facet normal -0 0 -1
    outer loop
      vertex 33.1505 6.59405 0
      vertex 2.7462 0.546252 0
      vertex 32.6483 8.74808 0
    endloop
  endfacet
  facet normal 0 0 -1
    outer loop
      vertex 2.42487 -1.4 0
      vertex 29.2717 -16.9 0
      vertex 28.1037 -18.7783 0
    endloop
  endfacet
  facet normal 0 0 -1
    outer loop
      vertex 2.70459 0.724693 0
      vertex 32.6483 8.74808 0
      vertex 2.7462 0.546252 0
    endloop
  endfacet
  facet normal 0 0 -1
    outer loop
      vertex 2.32811 -1.5556 0
      vertex 28.1037 -18.7783 0
      vertex 26.8153 -20.5761 0
    endloop
  endfacet
  facet normal -0 0 -1
    outer loop
      vertex 32.6483 8.74808 0
      vertex 2.70459 0.724693 0
      vertex 32.0062 10.8647 0
    endloop
  endfacet
  facet normal 0 0 -1
    outer loop
      vertex 2.22139 -1.70453 0
      vertex 26.8153 -20.5761 0
      vertex 25.4122 -22.2859 0
    endloop
  endfacet
  facet normal 0 0 -1
    outer loop
      vertex 2.6514 0.90003 0
      vertex 32.0062 10.8647 0
      vertex 2.70459 0.724693 0
    endloop
  endfacet
  facet normal 0 0 -1
    outer loop
      vertex 2.10515 -1.84617 0
      vertex 25.4122 -22.2859 0
      vertex 23.9002 -23.9002 0
    endloop
  endfacet
  facet normal -0 0 -1
    outer loop
      vertex 32.0062 10.8647 0
      vertex 2.6514 0.90003 0
      vertex 31.2271 12.9347 0
    endloop
  endfacet
  facet normal 0 0 -1
    outer loop
      vertex 1.9799 -1.9799 0
      vertex 23.9002 -23.9002 0
      vertex 22.2859 -25.4122 0
    endloop
  endfacet
  facet normal 0 0 -1
    outer loop
      vertex 2.58686 1.07151 0
      vertex 31.2271 12.9347 0
      vertex 2.6514 0.90003 0
    endloop
  endfacet
  facet normal 0 0 -1
    outer loop
      vertex 1.84617 -2.10515 0
      vertex 22.2859 -25.4122 0
      vertex 20.5761 -26.8153 0
    endloop
  endfacet
  facet normal -0 0 -1
    outer loop
      vertex 31.2271 12.9347 0
      vertex 2.58686 1.07151 0
      vertex 30.3143 14.9494 0
    endloop
  endfacet
  facet normal 0 0 -1
    outer loop
      vertex 1.70453 -2.22139 0
      vertex 20.5761 -26.8153 0
      vertex 18.7783 -28.1037 0
    endloop
  endfacet
  facet normal 0 0 -1
    outer loop
      vertex 2.51124 1.23841 0
      vertex 30.3143 14.9494 0
      vertex 2.58686 1.07151 0
    endloop
  endfacet
  facet normal 0 0 -1
    outer loop
      vertex 1.5556 -2.32811 0
      vertex 18.7783 -28.1037 0
      vertex 16.9 -29.2717 0
    endloop
  endfacet
  facet normal -0 0 -1
    outer loop
      vertex 30.3143 14.9494 0
      vertex 2.51124 1.23841 0
      vertex 29.2717 16.9 0
    endloop
  endfacet
  facet normal 0 0 -1
    outer loop
      vertex 1.4 -2.42487 0
      vertex 16.9 -29.2717 0
      vertex 14.9494 -30.3143 0
    endloop
  endfacet
  facet normal 0 0 -1
    outer loop
      vertex 2.42487 1.4 0
      vertex 29.2717 16.9 0
      vertex 2.51124 1.23841 0
    endloop
  endfacet
  facet normal 0 0 -1
    outer loop
      vertex 1.23841 -2.51124 0
      vertex 14.9494 -30.3143 0
      vertex 12.9347 -31.2271 0
    endloop
  endfacet
  facet normal -0 0 -1
    outer loop
      vertex 29.2717 16.9 0
      vertex 2.42487 1.4 0
      vertex 28.1037 18.7783 0
    endloop
  endfacet
  facet normal 0 0 -1
    outer loop
      vertex 1.07151 -2.58686 0
      vertex 12.9347 -31.2271 0
      vertex 10.8647 -32.0062 0
    endloop
  endfacet
  facet normal 0 0 -1
    outer loop
      vertex 2.32811 1.5556 0
      vertex 28.1037 18.7783 0
      vertex 2.42487 1.4 0
    endloop
  endfacet
  facet normal 0 0 -1
    outer loop
      vertex 0.90003 -2.6514 0
      vertex 10.8647 -32.0062 0
      vertex 8.74808 -32.6483 0
    endloop
  endfacet
  facet normal -0 0 -1
    outer loop
      vertex 28.1037 18.7783 0
      vertex 2.32811 1.5556 0
      vertex 26.8153 20.5761 0
    endloop
  endfacet
  facet normal 0 0 -1
    outer loop
      vertex 0.724693 -2.70459 0
      vertex 8.74808 -32.6483 0
      vertex 6.59405 -33.1505 0
    endloop
  endfacet
  facet normal 0 0 -1
    outer loop
      vertex 2.22139 1.70453 0
      vertex 26.8153 20.5761 0
      vertex 2.32811 1.5556 0
    endloop
  endfacet
  facet normal 0 0 -1
    outer loop
      vertex 0.546252 -2.7462 0
      vertex 6.59405 -33.1505 0
      vertex 4.41179 -33.5108 0
    endloop
  endfacet
  facet normal -0 0 -1
    outer loop
      vertex 26.8153 20.5761 0
      vertex 2.22139 1.70453 0
      vertex 25.4122 22.2859 0
    endloop
  endfacet
  facet normal 0 0 -1
    outer loop
      vertex 2.10515 1.84617 0
      vertex 25.4122 22.2859 0
      vertex 2.22139 1.70453 0
    endloop
  endfacet
  facet normal 0 0 -1
    outer loop
      vertex 33.7276 -2.21063 0
      vertex 2.794 -0.183128 0
      vertex 2.8 0 0
    endloop
  endfacet
  facet normal 0 0 -1
    outer loop
      vertex 33.5108 -4.41179 0
      vertex 2.77604 -0.365473 0
      vertex 2.794 -0.183128 0
    endloop
  endfacet
  facet normal 0 0 -1
    outer loop
      vertex 33.1505 -6.59405 0
      vertex 2.7462 -0.546252 0
      vertex 2.77604 -0.365473 0
    endloop
  endfacet
  facet normal 0 0 -1
    outer loop
      vertex 32.6483 -8.74808 0
      vertex 2.70459 -0.724693 0
      vertex 2.7462 -0.546252 0
    endloop
  endfacet
  facet normal 0 0 -1
    outer loop
      vertex 32.0062 -10.8647 0
      vertex 2.6514 -0.90003 0
      vertex 2.70459 -0.724693 0
    endloop
  endfacet
  facet normal 0 0 -1
    outer loop
      vertex 31.2271 -12.9347 0
      vertex 2.58686 -1.07151 0
      vertex 2.6514 -0.90003 0
    endloop
  endfacet
  facet normal 0 0 -1
    outer loop
      vertex 30.3143 -14.9494 0
      vertex 2.51124 -1.23841 0
      vertex 2.58686 -1.07151 0
    endloop
  endfacet
  facet normal 0 0 -1
    outer loop
      vertex 29.2717 -16.9 0
      vertex 2.42487 -1.4 0
      vertex 2.51124 -1.23841 0
    endloop
  endfacet
  facet normal 0 0 -1
    outer loop
      vertex 28.1037 -18.7783 0
      vertex 2.32811 -1.5556 0
      vertex 2.42487 -1.4 0
    endloop
  endfacet
  facet normal 0 0 -1
    outer loop
      vertex 26.8153 -20.5761 0
      vertex 2.22139 -1.70453 0
      vertex 2.32811 -1.5556 0
    endloop
  endfacet
  facet normal 0 0 -1
    outer loop
      vertex 0.365473 -2.77604 0
      vertex 4.41179 -33.5108 0
      vertex 2.21063 -33.7276 0
    endloop
  endfacet
  facet normal 0 0 -1
    outer loop
      vertex 25.4122 -22.2859 0
      vertex 2.10515 -1.84617 0
      vertex 2.22139 -1.70453 0
    endloop
  endfacet
  facet normal 0 0 -1
    outer loop
      vertex 23.9002 -23.9002 0
      vertex 1.9799 -1.9799 0
      vertex 2.10515 -1.84617 0
    endloop
  endfacet
  facet normal 0 0 -1
    outer loop
      vertex 22.2859 -25.4122 0
      vertex 1.84617 -2.10515 0
      vertex 1.9799 -1.9799 0
    endloop
  endfacet
  facet normal 0 0 -1
    outer loop
      vertex 20.5761 -26.8153 0
      vertex 1.70453 -2.22139 0
      vertex 1.84617 -2.10515 0
    endloop
  endfacet
  facet normal 0 0 -1
    outer loop
      vertex 18.7783 -28.1037 0
      vertex 1.5556 -2.32811 0
      vertex 1.70453 -2.22139 0
    endloop
  endfacet
  facet normal 0 0 -1
    outer loop
      vertex 16.9 -29.2717 0
      vertex 1.4 -2.42487 0
      vertex 1.5556 -2.32811 0
    endloop
  endfacet
  facet normal 0 0 -1
    outer loop
      vertex 14.9494 -30.3143 0
      vertex 1.23841 -2.51124 0
      vertex 1.4 -2.42487 0
    endloop
  endfacet
  facet normal 0 0 -1
    outer loop
      vertex 12.9347 -31.2271 0
      vertex 1.07151 -2.58686 0
      vertex 1.23841 -2.51124 0
    endloop
  endfacet
  facet normal 0 0 -1
    outer loop
      vertex 10.8647 -32.0062 0
      vertex 0.90003 -2.6514 0
      vertex 1.07151 -2.58686 0
    endloop
  endfacet
  facet normal 0 0 -1
    outer loop
      vertex 8.74808 -32.6483 0
      vertex 0.724693 -2.70459 0
      vertex 0.90003 -2.6514 0
    endloop
  endfacet
  facet normal 0 0 -1
    outer loop
      vertex 6.59405 -33.1505 0
      vertex 0.546252 -2.7462 0
      vertex 0.724693 -2.70459 0
    endloop
  endfacet
  facet normal 0 0 -1
    outer loop
      vertex 4.41179 -33.5108 0
      vertex 0.365473 -2.77604 0
      vertex 0.546252 -2.7462 0
    endloop
  endfacet
  facet normal 0 0 -1
    outer loop
      vertex 2.21063 -33.7276 0
      vertex 0.183128 -2.794 0
      vertex 0.365473 -2.77604 0
    endloop
  endfacet
  facet normal 0 0 -1
    outer loop
      vertex 0 -33.8 0
      vertex 0.183128 -2.794 0
      vertex 2.21063 -33.7276 0
    endloop
  endfacet
  facet normal 0 0 -1
    outer loop
      vertex 0 -33.8 0
      vertex 0 -2.8 0
      vertex 0.183128 -2.794 0
    endloop
  endfacet
  facet normal 0 0 -1
    outer loop
      vertex 0 -33.8 0
      vertex -0.183128 -2.794 0
      vertex 0 -2.8 0
    endloop
  endfacet
  facet normal 0 0 -1
    outer loop
      vertex -10 -6 0
      vertex -0.183128 -2.794 0
      vertex 0 -33.8 0
    endloop
  endfacet
  facet normal -0 0 -1
    outer loop
      vertex -0.183128 -2.794 0
      vertex -10 -6 0
      vertex -0.365473 -2.77604 0
    endloop
  endfacet
  facet normal -0 0 -1
    outer loop
      vertex -0.365473 -2.77604 0
      vertex -10 -6 0
      vertex -0.546252 -2.7462 0
    endloop
  endfacet
  facet normal -0 0 -1
    outer loop
      vertex -0.546252 -2.7462 0
      vertex -10 -6 0
      vertex -0.724693 -2.70459 0
    endloop
  endfacet
  facet normal -0 0 -1
    outer loop
      vertex -0.724693 -2.70459 0
      vertex -10 -6 0
      vertex -0.90003 -2.6514 0
    endloop
  endfacet
  facet normal -0 0 -1
    outer loop
      vertex -0.90003 -2.6514 0
      vertex -10 -6 0
      vertex -1.07151 -2.58686 0
    endloop
  endfacet
  facet normal -0 0 -1
    outer loop
      vertex -1.07151 -2.58686 0
      vertex -10 -6 0
      vertex -1.23841 -2.51124 0
    endloop
  endfacet
  facet normal -0 0 -1
    outer loop
      vertex -1.23841 -2.51124 0
      vertex -10 -6 0
      vertex -1.4 -2.42487 0
    endloop
  endfacet
  facet normal -0 0 -1
    outer loop
      vertex -1.4 -2.42487 0
      vertex -10 -6 0
      vertex -1.5556 -2.32811 0
    endloop
  endfacet
  facet normal -0 0 -1
    outer loop
      vertex -1.5556 -2.32811 0
      vertex -10 -6 0
      vertex -1.70453 -2.22139 0
    endloop
  endfacet
  facet normal -0 0 -1
    outer loop
      vertex -1.70453 -2.22139 0
      vertex -10 -6 0
      vertex -1.84617 -2.10515 0
    endloop
  endfacet
  facet normal -0 0 -1
    outer loop
      vertex -1.84617 -2.10515 0
      vertex -10 -6 0
      vertex -1.9799 -1.9799 0
    endloop
  endfacet
  facet normal 0 0 -1
    outer loop
      vertex -10 -6 0
      vertex 0 -33.8 0
      vertex -2.21063 -33.7276 0
    endloop
  endfacet
  facet normal -0 0 -1
    outer loop
      vertex -1.9799 -1.9799 0
      vertex -10 -6 0
      vertex -2.10515 -1.84617 0
    endloop
  endfacet
  facet normal -0 0 -1
    outer loop
      vertex -2.10515 -1.84617 0
      vertex -10 -6 0
      vertex -2.22139 -1.70453 0
    endloop
  endfacet
  facet normal -0 0 -1
    outer loop
      vertex -2.22139 -1.70453 0
      vertex -10 -6 0
      vertex -2.32811 -1.5556 0
    endloop
  endfacet
  facet normal -0 0 -1
    outer loop
      vertex -2.32811 -1.5556 0
      vertex -10 -6 0
      vertex -2.42487 -1.4 0
    endloop
  endfacet
  facet normal -0 0 -1
    outer loop
      vertex -2.42487 -1.4 0
      vertex -10 -6 0
      vertex -2.51124 -1.23841 0
    endloop
  endfacet
  facet normal -0 0 -1
    outer loop
      vertex -2.51124 -1.23841 0
      vertex -10 -6 0
      vertex -2.58686 -1.07151 0
    endloop
  endfacet
  facet normal -0 0 -1
    outer loop
      vertex -2.58686 -1.07151 0
      vertex -10 -6 0
      vertex -2.6514 -0.90003 0
    endloop
  endfacet
  facet normal -0 0 -1
    outer loop
      vertex -2.6514 -0.90003 0
      vertex -10 -6 0
      vertex -2.70459 -0.724693 0
    endloop
  endfacet
  facet normal -0 0 -1
    outer loop
      vertex -2.70459 -0.724693 0
      vertex -10 -6 0
      vertex -2.7462 -0.546252 0
    endloop
  endfacet
  facet normal -0 0 -1
    outer loop
      vertex -2.7462 -0.546252 0
      vertex -10 -6 0
      vertex -2.77604 -0.365473 0
    endloop
  endfacet
  facet normal -0 0 -1
    outer loop
      vertex -2.77604 -0.365473 0
      vertex -10 -6 0
      vertex -2.794 -0.183128 0
    endloop
  endfacet
  facet normal 0 0 -1
    outer loop
      vertex -10 -6 0
      vertex -2.21063 -33.7276 0
      vertex -4.41179 -33.5108 0
    endloop
  endfacet
  facet normal -0 0 -1
    outer loop
      vertex 25.4122 22.2859 0
      vertex 2.10515 1.84617 0
      vertex 23.9002 23.9002 0
    endloop
  endfacet
  facet normal 0 0 -1
    outer loop
      vertex 1.9799 1.9799 0
      vertex 23.9002 23.9002 0
      vertex 2.10515 1.84617 0
    endloop
  endfacet
  facet normal -0 0 -1
    outer loop
      vertex 23.9002 23.9002 0
      vertex 1.9799 1.9799 0
      vertex 22.2859 25.4122 0
    endloop
  endfacet
  facet normal 0 0 -1
    outer loop
      vertex 1.84617 2.10515 0
      vertex 22.2859 25.4122 0
      vertex 1.9799 1.9799 0
    endloop
  endfacet
  facet normal -0 0 -1
    outer loop
      vertex 22.2859 25.4122 0
      vertex 1.84617 2.10515 0
      vertex 20.5761 26.8153 0
    endloop
  endfacet
  facet normal 0 0 -1
    outer loop
      vertex 1.70453 2.22139 0
      vertex 20.5761 26.8153 0
      vertex 1.84617 2.10515 0
    endloop
  endfacet
  facet normal -0 0 -1
    outer loop
      vertex 20.5761 26.8153 0
      vertex 1.70453 2.22139 0
      vertex 18.7783 28.1037 0
    endloop
  endfacet
  facet normal 0 0 -1
    outer loop
      vertex 1.5556 2.32811 0
      vertex 18.7783 28.1037 0
      vertex 1.70453 2.22139 0
    endloop
  endfacet
  facet normal -0 0 -1
    outer loop
      vertex 18.7783 28.1037 0
      vertex 1.5556 2.32811 0
      vertex 16.9 29.2717 0
    endloop
  endfacet
  facet normal 0 0 -1
    outer loop
      vertex 1.4 2.42487 0
      vertex 16.9 29.2717 0
      vertex 1.5556 2.32811 0
    endloop
  endfacet
  facet normal -0 0 -1
    outer loop
      vertex 16.9 29.2717 0
      vertex 1.4 2.42487 0
      vertex 14.9494 30.3143 0
    endloop
  endfacet
  facet normal 0 0 -1
    outer loop
      vertex 1.23841 2.51124 0
      vertex 14.9494 30.3143 0
      vertex 1.4 2.42487 0
    endloop
  endfacet
  facet normal -0 0 -1
    outer loop
      vertex 14.9494 30.3143 0
      vertex 1.23841 2.51124 0
      vertex 12.9347 31.2271 0
    endloop
  endfacet
  facet normal 0 0 -1
    outer loop
      vertex 1.07151 2.58686 0
      vertex 12.9347 31.2271 0
      vertex 1.23841 2.51124 0
    endloop
  endfacet
  facet normal -0 0 -1
    outer loop
      vertex 12.9347 31.2271 0
      vertex 1.07151 2.58686 0
      vertex 10.8647 32.0062 0
    endloop
  endfacet
  facet normal 0 0 -1
    outer loop
      vertex 0.90003 2.6514 0
      vertex 10.8647 32.0062 0
      vertex 1.07151 2.58686 0
    endloop
  endfacet
  facet normal -0 0 -1
    outer loop
      vertex 10.8647 32.0062 0
      vertex 0.90003 2.6514 0
      vertex 8.74808 32.6483 0
    endloop
  endfacet
  facet normal 0 0 -1
    outer loop
      vertex 0.724693 2.70459 0
      vertex 8.74808 32.6483 0
      vertex 0.90003 2.6514 0
    endloop
  endfacet
  facet normal -0 0 -1
    outer loop
      vertex 8.74808 32.6483 0
      vertex 0.724693 2.70459 0
      vertex 6.59405 33.1505 0
    endloop
  endfacet
  facet normal 0 0 -1
    outer loop
      vertex 0.546252 2.7462 0
      vertex 6.59405 33.1505 0
      vertex 0.724693 2.70459 0
    endloop
  endfacet
  facet normal -0 0 -1
    outer loop
      vertex 6.59405 33.1505 0
      vertex 0.546252 2.7462 0
      vertex 4.41179 33.5108 0
    endloop
  endfacet
  facet normal 0 0 -1
    outer loop
      vertex 0.365473 2.77604 0
      vertex 4.41179 33.5108 0
      vertex 0.546252 2.7462 0
    endloop
  endfacet
  facet normal -0 0 -1
    outer loop
      vertex 4.41179 33.5108 0
      vertex 0.365473 2.77604 0
      vertex 2.21063 33.7276 0
    endloop
  endfacet
  facet normal 0 0 -1
    outer loop
      vertex 0.183128 2.794 0
      vertex 2.21063 33.7276 0
      vertex 0.365473 2.77604 0
    endloop
  endfacet
  facet normal 0 0 -1
    outer loop
      vertex 0 2.8 0
      vertex 2.21063 33.7276 0
      vertex 0.183128 2.794 0
    endloop
  endfacet
  facet normal 0 0 -1
    outer loop
      vertex 0 2.8 0
      vertex 0 33.8 0
      vertex 2.21063 33.7276 0
    endloop
  endfacet
  facet normal 0 0 -1
    outer loop
      vertex -0.183128 2.794 0
      vertex 0 33.8 0
      vertex 0 2.8 0
    endloop
  endfacet
  facet normal 0 0 -1
    outer loop
      vertex -10 6 0
      vertex -0.183128 2.794 0
      vertex -0.365473 2.77604 0
    endloop
  endfacet
  facet normal 0 0 -1
    outer loop
      vertex -10 6 0
      vertex -0.365473 2.77604 0
      vertex -0.546252 2.7462 0
    endloop
  endfacet
  facet normal 0 0 -1
    outer loop
      vertex -10 6 0
      vertex -0.546252 2.7462 0
      vertex -0.724693 2.70459 0
    endloop
  endfacet
  facet normal 0 0 -1
    outer loop
      vertex -10 6 0
      vertex -0.724693 2.70459 0
      vertex -0.90003 2.6514 0
    endloop
  endfacet
  facet normal 0 0 -1
    outer loop
      vertex -10 6 0
      vertex -0.90003 2.6514 0
      vertex -1.07151 2.58686 0
    endloop
  endfacet
  facet normal 0 0 -1
    outer loop
      vertex -10 6 0
      vertex -1.07151 2.58686 0
      vertex -1.23841 2.51124 0
    endloop
  endfacet
  facet normal 0 0 -1
    outer loop
      vertex -10 6 0
      vertex -1.23841 2.51124 0
      vertex -1.4 2.42487 0
    endloop
  endfacet
  facet normal 0 0 -1
    outer loop
      vertex -10 6 0
      vertex -1.4 2.42487 0
      vertex -1.5556 2.32811 0
    endloop
  endfacet
  facet normal 0 0 -1
    outer loop
      vertex -10 6 0
      vertex -1.5556 2.32811 0
      vertex -1.70453 2.22139 0
    endloop
  endfacet
  facet normal 0 0 -1
    outer loop
      vertex -10 6 0
      vertex -1.70453 2.22139 0
      vertex -1.84617 2.10515 0
    endloop
  endfacet
  facet normal 0 0 -1
    outer loop
      vertex -10 6 0
      vertex -1.84617 2.10515 0
      vertex -1.9799 1.9799 0
    endloop
  endfacet
  facet normal 0 0 -1
    outer loop
      vertex -10 6 0
      vertex -1.9799 1.9799 0
      vertex -2.10515 1.84617 0
    endloop
  endfacet
  facet normal 0 0 -1
    outer loop
      vertex -0.183128 2.794 0
      vertex -2.21063 33.7276 0
      vertex 0 33.8 0
    endloop
  endfacet
  facet normal 0 0 -1
    outer loop
      vertex -10 6 0
      vertex -2.10515 1.84617 0
      vertex -2.22139 1.70453 0
    endloop
  endfacet
  facet normal 0 0 -1
    outer loop
      vertex -10 6 0
      vertex -2.22139 1.70453 0
      vertex -2.32811 1.5556 0
    endloop
  endfacet
  facet normal 0 0 -1
    outer loop
      vertex -10 6 0
      vertex -2.32811 1.5556 0
      vertex -2.42487 1.4 0
    endloop
  endfacet
  facet normal 0 0 -1
    outer loop
      vertex -2.58686 1.07151 0
      vertex -10 6 0
      vertex -2.51124 1.23841 0
    endloop
  endfacet
  facet normal 0 0 -1
    outer loop
      vertex -2.6514 0.90003 0
      vertex -10 6 0
      vertex -2.58686 1.07151 0
    endloop
  endfacet
  facet normal 0 0 -1
    outer loop
      vertex -2.70459 0.724693 0
      vertex -10 6 0
      vertex -2.6514 0.90003 0
    endloop
  endfacet
  facet normal 0 0 -1
    outer loop
      vertex -2.7462 0.546252 0
      vertex -10 6 0
      vertex -2.70459 0.724693 0
    endloop
  endfacet
  facet normal 0 0 -1
    outer loop
      vertex -2.77604 0.365473 0
      vertex -10 6 0
      vertex -2.7462 0.546252 0
    endloop
  endfacet
  facet normal 0 0 -1
    outer loop
      vertex -2.794 0.183128 0
      vertex -10 6 0
      vertex -2.77604 0.365473 0
    endloop
  endfacet
  facet normal 0 0 -1
    outer loop
      vertex -2.8 0 0
      vertex -10 6 0
      vertex -2.794 0.183128 0
    endloop
  endfacet
  facet normal 0 0 -1
    outer loop
      vertex -10 6 0
      vertex -2.8 0 0
      vertex -10 -6 0
    endloop
  endfacet
  facet normal -0 0 -1
    outer loop
      vertex -2.794 -0.183128 0
      vertex -10 -6 0
      vertex -2.8 0 0
    endloop
  endfacet
  facet normal 0 0 -1
    outer loop
      vertex -2.51124 1.23841 0
      vertex -10 6 0
      vertex -2.42487 1.4 0
    endloop
  endfacet
  facet normal 0 0 -1
    outer loop
      vertex -10 -6 0
      vertex -4.41179 -33.5108 0
      vertex -6.59405 -33.1505 0
    endloop
  endfacet
  facet normal 0 0 -1
    outer loop
      vertex -0.183128 2.794 0
      vertex -10 6 0
      vertex -2.21063 33.7276 0
    endloop
  endfacet
  facet normal 0 0 -1
    outer loop
      vertex -10 -6 0
      vertex -6.59405 -33.1505 0
      vertex -8.74808 -32.6483 0
    endloop
  endfacet
  facet normal 0 0 -1
    outer loop
      vertex -2.21063 33.7276 0
      vertex -10 6 0
      vertex -4.41179 33.5108 0
    endloop
  endfacet
  facet normal 0 0 -1
    outer loop
      vertex -4.41179 33.5108 0
      vertex -10 6 0
      vertex -6.59405 33.1505 0
    endloop
  endfacet
  facet normal 0 0 -1
    outer loop
      vertex -10.8647 -32.0062 0
      vertex -10 -6 0
      vertex -8.74808 -32.6483 0
    endloop
  endfacet
  facet normal 0 0 -1
    outer loop
      vertex -12.9347 -31.2271 0
      vertex -10 -6 0
      vertex -10.8647 -32.0062 0
    endloop
  endfacet
  facet normal 0 0 -1
    outer loop
      vertex -14.9494 -30.3143 0
      vertex -10 -6 0
      vertex -12.9347 -31.2271 0
    endloop
  endfacet
  facet normal 0 0 -1
    outer loop
      vertex -16.9 -29.2717 0
      vertex -10 -6 0
      vertex -14.9494 -30.3143 0
    endloop
  endfacet
  facet normal 0 0 -1
    outer loop
      vertex -18.7783 -28.1037 0
      vertex -10 -6 0
      vertex -16.9 -29.2717 0
    endloop
  endfacet
  facet normal 0 0 -1
    outer loop
      vertex -20.5761 -26.8153 0
      vertex -10 -6 0
      vertex -18.7783 -28.1037 0
    endloop
  endfacet
  facet normal 0 0 -1
    outer loop
      vertex -22.2859 -25.4122 0
      vertex -10 -6 0
      vertex -20.5761 -26.8153 0
    endloop
  endfacet
  facet normal 0 0 -1
    outer loop
      vertex -23.9002 -23.9002 0
      vertex -10 -6 0
      vertex -22.2859 -25.4122 0
    endloop
  endfacet
  facet normal 0 0 -1
    outer loop
      vertex -25.4122 -22.2859 0
      vertex -10 -6 0
      vertex -23.9002 -23.9002 0
    endloop
  endfacet
  facet normal 0 0 -1
    outer loop
      vertex -26.8153 -20.5761 0
      vertex -10 -6 0
      vertex -25.4122 -22.2859 0
    endloop
  endfacet
  facet normal 0 0 -1
    outer loop
      vertex -28.1037 -18.7783 0
      vertex -26 -6 0
      vertex -26.8153 -20.5761 0
    endloop
  endfacet
  facet normal -0 0 -1
    outer loop
      vertex -10 -6 0
      vertex -26.8153 -20.5761 0
      vertex -26 -6 0
    endloop
  endfacet
  facet normal -0.634367 0.773032 0
    outer loop
      vertex -20.5761 26.8153 0
      vertex -22.2859 25.4122 31.5
      vertex -20.5761 26.8153 31.5
    endloop
  endfacet
  facet normal -0.634367 0.773032 0
    outer loop
      vertex -22.2859 25.4122 31.5
      vertex -20.5761 26.8153 0
      vertex -22.2859 25.4122 0
    endloop
  endfacet
  facet normal -0.812822 0.582512 0
    outer loop
      vertex -28.1037 18.7783 0
      vertex -26.8153 20.5761 31.5
      vertex -26.8153 20.5761 0
    endloop
  endfacet
  facet normal -0.812822 0.582512 0
    outer loop
      vertex -26.8153 20.5761 31.5
      vertex -28.1037 18.7783 0
      vertex -28.1037 18.7783 31.5
    endloop
  endfacet
  facet normal -0.881925 -0.471391 0
    outer loop
      vertex -29.2717 -16.9 0
      vertex -30.3143 -14.9494 31.5
      vertex -30.3143 -14.9494 0
    endloop
  endfacet
  facet normal -0.881925 -0.471391 0
    outer loop
      vertex -30.3143 -14.9494 31.5
      vertex -29.2717 -16.9 0
      vertex -29.2717 -16.9 31.5
    endloop
  endfacet
  facet normal -0.973882 -0.227055 0
    outer loop
      vertex -32.6483 -8.74808 0
      vertex -33.1505 -6.59405 31.5
      vertex -33.1505 -6.59405 0
    endloop
  endfacet
  facet normal -0.973882 -0.227055 0
    outer loop
      vertex -33.1505 -6.59405 31.5
      vertex -32.6483 -8.74808 0
      vertex -32.6483 -8.74808 31.5
    endloop
  endfacet
  facet normal 0.290297 0.956937 -0
    outer loop
      vertex 10.8647 32.0062 0
      vertex 8.74808 32.6483 31.5
      vertex 10.8647 32.0062 31.5
    endloop
  endfacet
  facet normal 0.290297 0.956937 0
    outer loop
      vertex 8.74808 32.6483 31.5
      vertex 10.8647 32.0062 0
      vertex 8.74808 32.6483 0
    endloop
  endfacet
  facet normal -0.471391 -0.881925 0
    outer loop
      vertex -16.9 -29.2717 0
      vertex -14.9494 -30.3143 31.5
      vertex -16.9 -29.2717 31.5
    endloop
  endfacet
  facet normal -0.471391 -0.881925 -0
    outer loop
      vertex -14.9494 -30.3143 31.5
      vertex -16.9 -29.2717 0
      vertex -14.9494 -30.3143 0
    endloop
  endfacet
  facet normal -0.0326966 0.999465 0
    outer loop
      vertex 2.01442 -30.7341 3
      vertex 0 -30.8 30
      vertex 2.01442 -30.7341 30
    endloop
  endfacet
  facet normal -0.0326966 0.999465 0
    outer loop
      vertex 0 -30.8 30
      vertex 2.01442 -30.7341 3
      vertex 0 -30.8 3
    endloop
  endfacet
  facet normal -0.528053 -0.849211 0
    outer loop
      vertex 15.4 26.6736 3
      vertex 17.1116 25.6093 30
      vertex 15.4 26.6736 30
    endloop
  endfacet
  facet normal -0.528053 -0.849211 -0
    outer loop
      vertex 17.1116 25.6093 30
      vertex 15.4 26.6736 3
      vertex 17.1116 25.6093 3
    endloop
  endfacet
  facet normal 0.528053 -0.849211 0
    outer loop
      vertex -17.1116 25.6093 3
      vertex -15.4 26.6736 30
      vertex -17.1116 25.6093 30
    endloop
  endfacet
  facet normal 0.528053 -0.849211 0
    outer loop
      vertex -15.4 26.6736 30
      vertex -17.1116 25.6093 3
      vertex -15.4 26.6736 3
    endloop
  endfacet
  facet normal -0.973874 -0.227089 0
    outer loop
      vertex 30.2082 6.00878 3
      vertex 29.7505 7.97163 30
      vertex 29.7505 7.97163 3
    endloop
  endfacet
  facet normal -0.973874 -0.227089 0
    outer loop
      vertex 29.7505 7.97163 30
      vertex 30.2082 6.00878 3
      vertex 30.2082 6.00878 30
    endloop
  endfacet
  facet normal 0.935912 0.352234 0
    outer loop
      vertex -28.4555 -11.7866 30
      vertex -29.1654 -9.90034 3
      vertex -29.1654 -9.90034 30
    endloop
  endfacet
  facet normal 0.935912 0.352234 0
    outer loop
      vertex -29.1654 -9.90034 3
      vertex -28.4555 -11.7866 30
      vertex -28.4555 -11.7866 3
    endloop
  endfacet
  facet normal 0.812844 0.582481 0
    outer loop
      vertex -24.4353 -18.7499 30
      vertex -25.6093 -17.1116 3
      vertex -25.6093 -17.1116 30
    endloop
  endfacet
  facet normal 0.812844 0.582481 0
    outer loop
      vertex -25.6093 -17.1116 3
      vertex -24.4353 -18.7499 30
      vertex -24.4353 -18.7499 3
    endloop
  endfacet
  facet normal -0.999465 -0.0326966 0
    outer loop
      vertex 30.8 0 3
      vertex 30.7341 2.01442 30
      vertex 30.7341 2.01442 3
    endloop
  endfacet
  facet normal -0.999465 -0.0326966 0
    outer loop
      vertex 30.7341 2.01442 30
      vertex 30.8 0 3
      vertex 30.8 0 30
    endloop
  endfacet
  facet normal -0.162889 -0.986644 0
    outer loop
      vertex 4.02021 30.5365 3
      vertex 6.00878 30.2082 30
      vertex 4.02021 30.5365 30
    endloop
  endfacet
  facet normal -0.162889 -0.986644 -0
    outer loop
      vertex 6.00878 30.2082 30
      vertex 4.02021 30.5365 3
      vertex 6.00878 30.2082 3
    endloop
  endfacet
  facet normal 0.227089 -0.973874 0
    outer loop
      vertex -7.97163 29.7505 3
      vertex -6.00878 30.2082 30
      vertex -7.97163 29.7505 30
    endloop
  endfacet
  facet normal 0.227089 -0.973874 0
    outer loop
      vertex -6.00878 30.2082 30
      vertex -7.97163 29.7505 3
      vertex -6.00878 30.2082 3
    endloop
  endfacet
  facet normal 0.162889 0.986644 -0
    outer loop
      vertex -4.02021 -30.5365 3
      vertex -6.00878 -30.2082 30
      vertex -4.02021 -30.5365 30
    endloop
  endfacet
  facet normal 0.162889 0.986644 0
    outer loop
      vertex -6.00878 -30.2082 30
      vertex -4.02021 -30.5365 3
      vertex -6.00878 -30.2082 3
    endloop
  endfacet
  facet normal 0.412692 0.91087 -0
    outer loop
      vertex -11.7866 -28.4555 3
      vertex -13.6225 -27.6237 30
      vertex -11.7866 -28.4555 30
    endloop
  endfacet
  facet normal 0.412692 0.91087 0
    outer loop
      vertex -13.6225 -27.6237 30
      vertex -11.7866 -28.4555 3
      vertex -13.6225 -27.6237 3
    endloop
  endfacet
  facet normal -0.849211 -0.528053 0
    outer loop
      vertex 26.6736 15.4 3
      vertex 25.6093 17.1116 30
      vertex 25.6093 17.1116 3
    endloop
  endfacet
  facet normal -0.849211 -0.528053 0
    outer loop
      vertex 25.6093 17.1116 30
      vertex 26.6736 15.4 3
      vertex 26.6736 15.4 30
    endloop
  endfacet
  facet normal -0.0980402 0.995182 0
    outer loop
      vertex 4.02021 -30.5365 3
      vertex 2.01442 -30.7341 30
      vertex 4.02021 -30.5365 30
    endloop
  endfacet
  facet normal -0.0980402 0.995182 0
    outer loop
      vertex 2.01442 -30.7341 30
      vertex 4.02021 -30.5365 3
      vertex 2.01442 -30.7341 3
    endloop
  endfacet
  facet normal -0.162889 0.986644 0
    outer loop
      vertex 6.00878 -30.2082 3
      vertex 4.02021 -30.5365 30
      vertex 6.00878 -30.2082 30
    endloop
  endfacet
  facet normal -0.162889 0.986644 0
    outer loop
      vertex 4.02021 -30.5365 30
      vertex 6.00878 -30.2082 3
      vertex 4.02021 -30.5365 3
    endloop
  endfacet
  facet normal 0.973874 -0.227089 0
    outer loop
      vertex -30.2082 6.00878 30
      vertex -29.7505 7.97163 3
      vertex -29.7505 7.97163 30
    endloop
  endfacet
  facet normal 0.973874 -0.227089 0
    outer loop
      vertex -29.7505 7.97163 3
      vertex -30.2082 6.00878 30
      vertex -30.2082 6.00878 3
    endloop
  endfacet
  facet normal -0.471399 -0.88192 0
    outer loop
      vertex 13.6225 27.6237 3
      vertex 15.4 26.6736 30
      vertex 13.6225 27.6237 30
    endloop
  endfacet
  facet normal -0.471399 -0.88192 -0
    outer loop
      vertex 15.4 26.6736 30
      vertex 13.6225 27.6237 3
      vertex 15.4 26.6736 3
    endloop
  endfacet
  facet normal -0.634412 0.772995 0
    outer loop
      vertex 20.3078 -23.1567 3
      vertex 18.7499 -24.4353 30
      vertex 20.3078 -23.1567 30
    endloop
  endfacet
  facet normal -0.634412 0.772995 0
    outer loop
      vertex 18.7499 -24.4353 30
      vertex 20.3078 -23.1567 3
      vertex 18.7499 -24.4353 3
    endloop
  endfacet
  facet normal 0.956936 0.290299 0
    outer loop
      vertex -29.1654 -9.90034 30
      vertex -29.7505 -7.97163 3
      vertex -29.7505 -7.97163 30
    endloop
  endfacet
  facet normal 0.956936 0.290299 0
    outer loop
      vertex -29.7505 -7.97163 3
      vertex -29.1654 -9.90034 30
      vertex -29.1654 -9.90034 3
    endloop
  endfacet
  facet normal 0.352234 -0.935912 0
    outer loop
      vertex -11.7866 28.4555 3
      vertex -9.90034 29.1654 30
      vertex -11.7866 28.4555 30
    endloop
  endfacet
  facet normal 0.352234 -0.935912 0
    outer loop
      vertex -9.90034 29.1654 30
      vertex -11.7866 28.4555 3
      vertex -9.90034 29.1654 3
    endloop
  endfacet
  facet normal 0.683583 -0.729873 0
    outer loop
      vertex -21.7789 21.7789 3
      vertex -20.3078 23.1567 30
      vertex -21.7789 21.7789 30
    endloop
  endfacet
  facet normal 0.683583 -0.729873 0
    outer loop
      vertex -20.3078 23.1567 30
      vertex -21.7789 21.7789 3
      vertex -20.3078 23.1567 3
    endloop
  endfacet
  facet normal -0.973874 0.227089 0
    outer loop
      vertex 29.7505 -7.97163 3
      vertex 30.2082 -6.00878 30
      vertex 30.2082 -6.00878 3
    endloop
  endfacet
  facet normal -0.973874 0.227089 0
    outer loop
      vertex 30.2082 -6.00878 30
      vertex 29.7505 -7.97163 3
      vertex 29.7505 -7.97163 30
    endloop
  endfacet
  facet normal -0.91087 0.412692 0
    outer loop
      vertex 27.6237 -13.6225 3
      vertex 28.4555 -11.7866 30
      vertex 28.4555 -11.7866 3
    endloop
  endfacet
  facet normal -0.91087 0.412692 0
    outer loop
      vertex 28.4555 -11.7866 30
      vertex 27.6237 -13.6225 3
      vertex 27.6237 -13.6225 30
    endloop
  endfacet
  facet normal 0.999465 0.0326966 0
    outer loop
      vertex -30.7341 -2.01442 30
      vertex -30.8 0 3
      vertex -30.8 0 30
    endloop
  endfacet
  facet normal 0.999465 0.0326966 0
    outer loop
      vertex -30.8 0 3
      vertex -30.7341 -2.01442 30
      vertex -30.7341 -2.01442 3
    endloop
  endfacet
  facet normal 0.0326966 0.999465 -0
    outer loop
      vertex 0 -30.8 3
      vertex -2.01442 -30.7341 30
      vertex 0 -30.8 30
    endloop
  endfacet
  facet normal 0.0326966 0.999465 0
    outer loop
      vertex -2.01442 -30.7341 30
      vertex 0 -30.8 3
      vertex -2.01442 -30.7341 3
    endloop
  endfacet
  facet normal 0.582481 -0.812844 0
    outer loop
      vertex -18.7499 24.4353 3
      vertex -17.1116 25.6093 30
      vertex -18.7499 24.4353 30
    endloop
  endfacet
  facet normal 0.582481 -0.812844 0
    outer loop
      vertex -17.1116 25.6093 30
      vertex -18.7499 24.4353 3
      vertex -17.1116 25.6093 3
    endloop
  endfacet
  facet normal 0.352234 0.935912 -0
    outer loop
      vertex -9.90034 -29.1654 3
      vertex -11.7866 -28.4555 30
      vertex -9.90034 -29.1654 30
    endloop
  endfacet
  facet normal 0.352234 0.935912 0
    outer loop
      vertex -11.7866 -28.4555 30
      vertex -9.90034 -29.1654 3
      vertex -11.7866 -28.4555 3
    endloop
  endfacet
  facet normal -0.352234 -0.935912 0
    outer loop
      vertex 9.90034 29.1654 3
      vertex 11.7866 28.4555 30
      vertex 9.90034 29.1654 30
    endloop
  endfacet
  facet normal -0.352234 -0.935912 -0
    outer loop
      vertex 11.7866 28.4555 30
      vertex 9.90034 29.1654 3
      vertex 11.7866 28.4555 3
    endloop
  endfacet
  facet normal -0.999465 0.0326966 0
    outer loop
      vertex 30.7341 -2.01442 3
      vertex 30.8 0 30
      vertex 30.8 0 3
    endloop
  endfacet
  facet normal -0.999465 0.0326966 0
    outer loop
      vertex 30.8 0 30
      vertex 30.7341 -2.01442 3
      vertex 30.7341 -2.01442 30
    endloop
  endfacet
  facet normal -0.772995 0.634412 0
    outer loop
      vertex 23.1567 -20.3078 3
      vertex 24.4353 -18.7499 30
      vertex 24.4353 -18.7499 3
    endloop
  endfacet
  facet normal -0.772995 0.634412 0
    outer loop
      vertex 24.4353 -18.7499 30
      vertex 23.1567 -20.3078 3
      vertex 23.1567 -20.3078 30
    endloop
  endfacet
  facet normal -0.683583 0.729873 0
    outer loop
      vertex 21.7789 -21.7789 3
      vertex 20.3078 -23.1567 30
      vertex 21.7789 -21.7789 30
    endloop
  endfacet
  facet normal -0.683583 0.729873 0
    outer loop
      vertex 20.3078 -23.1567 30
      vertex 21.7789 -21.7789 3
      vertex 20.3078 -23.1567 3
    endloop
  endfacet
  facet normal 0.935912 -0.352234 0
    outer loop
      vertex -29.1654 9.90034 30
      vertex -28.4555 11.7866 3
      vertex -28.4555 11.7866 30
    endloop
  endfacet
  facet normal 0.935912 -0.352234 0
    outer loop
      vertex -28.4555 11.7866 3
      vertex -29.1654 9.90034 30
      vertex -29.1654 9.90034 3
    endloop
  endfacet
  facet normal 0.88192 0.471399 0
    outer loop
      vertex -26.6736 -15.4 30
      vertex -27.6237 -13.6225 3
      vertex -27.6237 -13.6225 30
    endloop
  endfacet
  facet normal 0.88192 0.471399 0
    outer loop
      vertex -27.6237 -13.6225 3
      vertex -26.6736 -15.4 30
      vertex -26.6736 -15.4 3
    endloop
  endfacet
  facet normal -0.412692 0.91087 0
    outer loop
      vertex 13.6225 -27.6237 3
      vertex 11.7866 -28.4555 30
      vertex 13.6225 -27.6237 30
    endloop
  endfacet
  facet normal -0.412692 0.91087 0
    outer loop
      vertex 11.7866 -28.4555 30
      vertex 13.6225 -27.6237 3
      vertex 11.7866 -28.4555 3
    endloop
  endfacet
  facet normal -0.88192 -0.471399 0
    outer loop
      vertex 27.6237 13.6225 3
      vertex 26.6736 15.4 30
      vertex 26.6736 15.4 3
    endloop
  endfacet
  facet normal -0.88192 -0.471399 0
    outer loop
      vertex 26.6736 15.4 30
      vertex 27.6237 13.6225 3
      vertex 27.6237 13.6225 30
    endloop
  endfacet
  facet normal 0.0980402 -0.995182 0
    outer loop
      vertex -4.02021 30.5365 3
      vertex -2.01442 30.7341 30
      vertex -4.02021 30.5365 30
    endloop
  endfacet
  facet normal 0.0980402 -0.995182 0
    outer loop
      vertex -2.01442 30.7341 30
      vertex -4.02021 30.5365 3
      vertex -2.01442 30.7341 3
    endloop
  endfacet
  facet normal 0.956936 -0.290299 0
    outer loop
      vertex -29.7505 7.97163 30
      vertex -29.1654 9.90034 3
      vertex -29.1654 9.90034 30
    endloop
  endfacet
  facet normal 0.956936 -0.290299 0
    outer loop
      vertex -29.1654 9.90034 3
      vertex -29.7505 7.97163 30
      vertex -29.7505 7.97163 3
    endloop
  endfacet
  facet normal -0.290299 -0.956936 0
    outer loop
      vertex 7.97163 29.7505 3
      vertex 9.90034 29.1654 30
      vertex 7.97163 29.7505 30
    endloop
  endfacet
  facet normal -0.290299 -0.956936 -0
    outer loop
      vertex 9.90034 29.1654 30
      vertex 7.97163 29.7505 3
      vertex 9.90034 29.1654 3
    endloop
  endfacet
  facet normal -0.91087 -0.412692 0
    outer loop
      vertex 28.4555 11.7866 3
      vertex 27.6237 13.6225 30
      vertex 27.6237 13.6225 3
    endloop
  endfacet
  facet normal -0.91087 -0.412692 0
    outer loop
      vertex 27.6237 13.6225 30
      vertex 28.4555 11.7866 3
      vertex 28.4555 11.7866 30
    endloop
  endfacet
  facet normal -0.995182 -0.0980402 0
    outer loop
      vertex 30.7341 2.01442 3
      vertex 30.5365 4.02021 30
      vertex 30.5365 4.02021 3
    endloop
  endfacet
  facet normal -0.995182 -0.0980402 0
    outer loop
      vertex 30.5365 4.02021 30
      vertex 30.7341 2.01442 3
      vertex 30.7341 2.01442 30
    endloop
  endfacet
  facet normal -0.986644 -0.162889 0
    outer loop
      vertex 30.5365 4.02021 3
      vertex 30.2082 6.00878 30
      vertex 30.2082 6.00878 3
    endloop
  endfacet
  facet normal -0.986644 -0.162889 0
    outer loop
      vertex 30.2082 6.00878 30
      vertex 30.5365 4.02021 3
      vertex 30.5365 4.02021 30
    endloop
  endfacet
  facet normal -0.956936 0.290299 0
    outer loop
      vertex 29.1654 -9.90034 3
      vertex 29.7505 -7.97163 30
      vertex 29.7505 -7.97163 3
    endloop
  endfacet
  facet normal -0.956936 0.290299 0
    outer loop
      vertex 29.7505 -7.97163 30
      vertex 29.1654 -9.90034 3
      vertex 29.1654 -9.90034 30
    endloop
  endfacet
  facet normal -0.290299 0.956936 0
    outer loop
      vertex 9.90034 -29.1654 3
      vertex 7.97163 -29.7505 30
      vertex 9.90034 -29.1654 30
    endloop
  endfacet
  facet normal -0.290299 0.956936 0
    outer loop
      vertex 7.97163 -29.7505 30
      vertex 9.90034 -29.1654 3
      vertex 7.97163 -29.7505 3
    endloop
  endfacet
  facet normal 0.995182 -0.0980402 0
    outer loop
      vertex -30.7341 2.01442 30
      vertex -30.5365 4.02021 3
      vertex -30.5365 4.02021 30
    endloop
  endfacet
  facet normal 0.995182 -0.0980402 0
    outer loop
      vertex -30.5365 4.02021 3
      vertex -30.7341 2.01442 30
      vertex -30.7341 2.01442 3
    endloop
  endfacet
  facet normal -0.683583 -0.729873 0
    outer loop
      vertex 20.3078 23.1567 3
      vertex 21.7789 21.7789 30
      vertex 20.3078 23.1567 30
    endloop
  endfacet
  facet normal -0.683583 -0.729873 -0
    outer loop
      vertex 21.7789 21.7789 30
      vertex 20.3078 23.1567 3
      vertex 21.7789 21.7789 3
    endloop
  endfacet
  facet normal -0.412692 -0.91087 0
    outer loop
      vertex 11.7866 28.4555 3
      vertex 13.6225 27.6237 30
      vertex 11.7866 28.4555 30
    endloop
  endfacet
  facet normal -0.412692 -0.91087 -0
    outer loop
      vertex 13.6225 27.6237 30
      vertex 11.7866 28.4555 3
      vertex 13.6225 27.6237 3
    endloop
  endfacet
  facet normal 0.290299 -0.956936 0
    outer loop
      vertex -9.90034 29.1654 3
      vertex -7.97163 29.7505 30
      vertex -9.90034 29.1654 30
    endloop
  endfacet
  facet normal 0.290299 -0.956936 0
    outer loop
      vertex -7.97163 29.7505 30
      vertex -9.90034 29.1654 3
      vertex -7.97163 29.7505 3
    endloop
  endfacet
  facet normal 0.91087 -0.412692 0
    outer loop
      vertex -28.4555 11.7866 30
      vertex -27.6237 13.6225 3
      vertex -27.6237 13.6225 30
    endloop
  endfacet
  facet normal 0.91087 -0.412692 0
    outer loop
      vertex -27.6237 13.6225 3
      vertex -28.4555 11.7866 30
      vertex -28.4555 11.7866 3
    endloop
  endfacet
  facet normal 0.634412 0.772995 -0
    outer loop
      vertex -18.7499 -24.4353 3
      vertex -20.3078 -23.1567 30
      vertex -18.7499 -24.4353 30
    endloop
  endfacet
  facet normal 0.634412 0.772995 0
    outer loop
      vertex -20.3078 -23.1567 30
      vertex -18.7499 -24.4353 3
      vertex -20.3078 -23.1567 3
    endloop
  endfacet
  facet normal -0.227089 -0.973874 0
    outer loop
      vertex 6.00878 30.2082 3
      vertex 7.97163 29.7505 30
      vertex 6.00878 30.2082 30
    endloop
  endfacet
  facet normal -0.227089 -0.973874 -0
    outer loop
      vertex 7.97163 29.7505 30
      vertex 6.00878 30.2082 3
      vertex 7.97163 29.7505 3
    endloop
  endfacet
  facet normal -0.634412 -0.772995 0
    outer loop
      vertex 18.7499 24.4353 3
      vertex 20.3078 23.1567 30
      vertex 18.7499 24.4353 30
    endloop
  endfacet
  facet normal -0.634412 -0.772995 -0
    outer loop
      vertex 20.3078 23.1567 30
      vertex 18.7499 24.4353 3
      vertex 20.3078 23.1567 3
    endloop
  endfacet
  facet normal 0.812844 -0.582481 0
    outer loop
      vertex -25.6093 17.1116 30
      vertex -24.4353 18.7499 3
      vertex -24.4353 18.7499 30
    endloop
  endfacet
  facet normal 0.812844 -0.582481 0
    outer loop
      vertex -24.4353 18.7499 3
      vertex -25.6093 17.1116 30
      vertex -25.6093 17.1116 3
    endloop
  endfacet
  facet normal -0.849211 0.528053 0
    outer loop
      vertex 25.6093 -17.1116 3
      vertex 26.6736 -15.4 30
      vertex 26.6736 -15.4 3
    endloop
  endfacet
  facet normal -0.849211 0.528053 0
    outer loop
      vertex 26.6736 -15.4 30
      vertex 25.6093 -17.1116 3
      vertex 25.6093 -17.1116 30
    endloop
  endfacet
  facet normal 0.88192 -0.471399 0
    outer loop
      vertex -27.6237 13.6225 30
      vertex -26.6736 15.4 3
      vertex -26.6736 15.4 30
    endloop
  endfacet
  facet normal 0.88192 -0.471399 0
    outer loop
      vertex -26.6736 15.4 3
      vertex -27.6237 13.6225 30
      vertex -27.6237 13.6225 3
    endloop
  endfacet
  facet normal -0.935912 0.352234 0
    outer loop
      vertex 28.4555 -11.7866 3
      vertex 29.1654 -9.90034 30
      vertex 29.1654 -9.90034 3
    endloop
  endfacet
  facet normal -0.935912 0.352234 0
    outer loop
      vertex 29.1654 -9.90034 30
      vertex 28.4555 -11.7866 3
      vertex 28.4555 -11.7866 30
    endloop
  endfacet
  facet normal -0.956936 -0.290299 0
    outer loop
      vertex 29.7505 7.97163 3
      vertex 29.1654 9.90034 30
      vertex 29.1654 9.90034 3
    endloop
  endfacet
  facet normal -0.956936 -0.290299 0
    outer loop
      vertex 29.1654 9.90034 30
      vertex 29.7505 7.97163 3
      vertex 29.7505 7.97163 30
    endloop
  endfacet
  facet normal -0.528053 0.849211 0
    outer loop
      vertex 17.1116 -25.6093 3
      vertex 15.4 -26.6736 30
      vertex 17.1116 -25.6093 30
    endloop
  endfacet
  facet normal -0.528053 0.849211 0
    outer loop
      vertex 15.4 -26.6736 30
      vertex 17.1116 -25.6093 3
      vertex 15.4 -26.6736 3
    endloop
  endfacet
  facet normal -0.582481 -0.812844 0
    outer loop
      vertex 17.1116 25.6093 3
      vertex 18.7499 24.4353 30
      vertex 17.1116 25.6093 30
    endloop
  endfacet
  facet normal -0.582481 -0.812844 -0
    outer loop
      vertex 18.7499 24.4353 30
      vertex 17.1116 25.6093 3
      vertex 18.7499 24.4353 3
    endloop
  endfacet
  facet normal -0.812844 -0.582481 0
    outer loop
      vertex 25.6093 17.1116 3
      vertex 24.4353 18.7499 30
      vertex 24.4353 18.7499 3
    endloop
  endfacet
  facet normal -0.812844 -0.582481 0
    outer loop
      vertex 24.4353 18.7499 30
      vertex 25.6093 17.1116 3
      vertex 25.6093 17.1116 30
    endloop
  endfacet
  facet normal 0.729873 0.683583 0
    outer loop
      vertex -21.7789 -21.7789 30
      vertex -23.1567 -20.3078 3
      vertex -23.1567 -20.3078 30
    endloop
  endfacet
  facet normal 0.729873 0.683583 0
    outer loop
      vertex -23.1567 -20.3078 3
      vertex -21.7789 -21.7789 30
      vertex -21.7789 -21.7789 3
    endloop
  endfacet
  facet normal 0.582481 0.812844 -0
    outer loop
      vertex -17.1116 -25.6093 3
      vertex -18.7499 -24.4353 30
      vertex -17.1116 -25.6093 30
    endloop
  endfacet
  facet normal 0.582481 0.812844 0
    outer loop
      vertex -18.7499 -24.4353 30
      vertex -17.1116 -25.6093 3
      vertex -18.7499 -24.4353 3
    endloop
  endfacet
  facet normal -0.582481 0.812844 0
    outer loop
      vertex 18.7499 -24.4353 3
      vertex 17.1116 -25.6093 30
      vertex 18.7499 -24.4353 30
    endloop
  endfacet
  facet normal -0.582481 0.812844 0
    outer loop
      vertex 17.1116 -25.6093 30
      vertex 18.7499 -24.4353 3
      vertex 17.1116 -25.6093 3
    endloop
  endfacet
  facet normal -0.995182 0.0980402 0
    outer loop
      vertex 30.5365 -4.02021 3
      vertex 30.7341 -2.01442 30
      vertex 30.7341 -2.01442 3
    endloop
  endfacet
  facet normal -0.995182 0.0980402 0
    outer loop
      vertex 30.7341 -2.01442 30
      vertex 30.5365 -4.02021 3
      vertex 30.5365 -4.02021 30
    endloop
  endfacet
  facet normal -0.0980402 -0.995182 0
    outer loop
      vertex 2.01442 30.7341 3
      vertex 4.02021 30.5365 30
      vertex 2.01442 30.7341 30
    endloop
  endfacet
  facet normal -0.0980402 -0.995182 -0
    outer loop
      vertex 4.02021 30.5365 30
      vertex 2.01442 30.7341 3
      vertex 4.02021 30.5365 3
    endloop
  endfacet
  facet normal 0.849211 0.528053 0
    outer loop
      vertex -25.6093 -17.1116 30
      vertex -26.6736 -15.4 3
      vertex -26.6736 -15.4 30
    endloop
  endfacet
  facet normal 0.849211 0.528053 0
    outer loop
      vertex -26.6736 -15.4 3
      vertex -25.6093 -17.1116 30
      vertex -25.6093 -17.1116 3
    endloop
  endfacet
  facet normal 0.772995 0.634412 0
    outer loop
      vertex -23.1567 -20.3078 30
      vertex -24.4353 -18.7499 3
      vertex -24.4353 -18.7499 30
    endloop
  endfacet
  facet normal 0.772995 0.634412 0
    outer loop
      vertex -24.4353 -18.7499 3
      vertex -23.1567 -20.3078 30
      vertex -23.1567 -20.3078 3
    endloop
  endfacet
  facet normal 0.973874 0.227089 0
    outer loop
      vertex -29.7505 -7.97163 30
      vertex -30.2082 -6.00878 3
      vertex -30.2082 -6.00878 30
    endloop
  endfacet
  facet normal 0.973874 0.227089 0
    outer loop
      vertex -30.2082 -6.00878 3
      vertex -29.7505 -7.97163 30
      vertex -29.7505 -7.97163 3
    endloop
  endfacet
  facet normal -0.935912 -0.352234 0
    outer loop
      vertex 29.1654 9.90034 3
      vertex 28.4555 11.7866 30
      vertex 28.4555 11.7866 3
    endloop
  endfacet
  facet normal -0.935912 -0.352234 0
    outer loop
      vertex 28.4555 11.7866 30
      vertex 29.1654 9.90034 3
      vertex 29.1654 9.90034 30
    endloop
  endfacet
  facet normal 0.999465 -0.0326966 0
    outer loop
      vertex -30.8 0 30
      vertex -30.7341 2.01442 3
      vertex -30.7341 2.01442 30
    endloop
  endfacet
  facet normal 0.999465 -0.0326966 0
    outer loop
      vertex -30.7341 2.01442 3
      vertex -30.8 0 30
      vertex -30.8 0 3
    endloop
  endfacet
  facet normal -0.88192 0.471399 0
    outer loop
      vertex 26.6736 -15.4 3
      vertex 27.6237 -13.6225 30
      vertex 27.6237 -13.6225 3
    endloop
  endfacet
  facet normal -0.88192 0.471399 0
    outer loop
      vertex 27.6237 -13.6225 30
      vertex 26.6736 -15.4 3
      vertex 26.6736 -15.4 30
    endloop
  endfacet
  facet normal 0.162889 -0.986644 0
    outer loop
      vertex -6.00878 30.2082 3
      vertex -4.02021 30.5365 30
      vertex -6.00878 30.2082 30
    endloop
  endfacet
  facet normal 0.162889 -0.986644 0
    outer loop
      vertex -4.02021 30.5365 30
      vertex -6.00878 30.2082 3
      vertex -4.02021 30.5365 3
    endloop
  endfacet
  facet normal 0.412692 -0.91087 0
    outer loop
      vertex -13.6225 27.6237 3
      vertex -11.7866 28.4555 30
      vertex -13.6225 27.6237 30
    endloop
  endfacet
  facet normal 0.412692 -0.91087 0
    outer loop
      vertex -11.7866 28.4555 30
      vertex -13.6225 27.6237 3
      vertex -11.7866 28.4555 3
    endloop
  endfacet
  facet normal -0.986644 0.162889 0
    outer loop
      vertex 30.2082 -6.00878 3
      vertex 30.5365 -4.02021 30
      vertex 30.5365 -4.02021 3
    endloop
  endfacet
  facet normal -0.986644 0.162889 0
    outer loop
      vertex 30.5365 -4.02021 30
      vertex 30.2082 -6.00878 3
      vertex 30.2082 -6.00878 30
    endloop
  endfacet
  facet normal 0.634412 -0.772995 0
    outer loop
      vertex -20.3078 23.1567 3
      vertex -18.7499 24.4353 30
      vertex -20.3078 23.1567 30
    endloop
  endfacet
  facet normal 0.634412 -0.772995 0
    outer loop
      vertex -18.7499 24.4353 30
      vertex -20.3078 23.1567 3
      vertex -18.7499 24.4353 3
    endloop
  endfacet
  facet normal -0.729873 0.683583 0
    outer loop
      vertex 21.7789 -21.7789 3
      vertex 23.1567 -20.3078 30
      vertex 23.1567 -20.3078 3
    endloop
  endfacet
  facet normal -0.729873 0.683583 0
    outer loop
      vertex 23.1567 -20.3078 30
      vertex 21.7789 -21.7789 3
      vertex 21.7789 -21.7789 30
    endloop
  endfacet
  facet normal 0.471399 -0.88192 0
    outer loop
      vertex -15.4 26.6736 3
      vertex -13.6225 27.6237 30
      vertex -15.4 26.6736 30
    endloop
  endfacet
  facet normal 0.471399 -0.88192 0
    outer loop
      vertex -13.6225 27.6237 30
      vertex -15.4 26.6736 3
      vertex -13.6225 27.6237 3
    endloop
  endfacet
  facet normal 0.0326966 -0.999465 0
    outer loop
      vertex -2.01442 30.7341 3
      vertex 0 30.8 30
      vertex -2.01442 30.7341 30
    endloop
  endfacet
  facet normal 0.0326966 -0.999465 0
    outer loop
      vertex 0 30.8 30
      vertex -2.01442 30.7341 3
      vertex 0 30.8 3
    endloop
  endfacet
  facet normal -0.0326966 -0.999465 0
    outer loop
      vertex 0 30.8 3
      vertex 2.01442 30.7341 30
      vertex 0 30.8 30
    endloop
  endfacet
  facet normal -0.0326966 -0.999465 -0
    outer loop
      vertex 2.01442 30.7341 30
      vertex 0 30.8 3
      vertex 2.01442 30.7341 3
    endloop
  endfacet
  facet normal 0.986644 -0.162889 0
    outer loop
      vertex -30.5365 4.02021 30
      vertex -30.2082 6.00878 3
      vertex -30.2082 6.00878 30
    endloop
  endfacet
  facet normal 0.986644 -0.162889 0
    outer loop
      vertex -30.2082 6.00878 3
      vertex -30.5365 4.02021 30
      vertex -30.5365 4.02021 3
    endloop
  endfacet
  facet normal 0.729873 -0.683583 0
    outer loop
      vertex -23.1567 20.3078 30
      vertex -21.7789 21.7789 3
      vertex -21.7789 21.7789 30
    endloop
  endfacet
  facet normal 0.729873 -0.683583 0
    outer loop
      vertex -21.7789 21.7789 3
      vertex -23.1567 20.3078 30
      vertex -23.1567 20.3078 3
    endloop
  endfacet
  facet normal -0.471399 0.88192 0
    outer loop
      vertex 15.4 -26.6736 3
      vertex 13.6225 -27.6237 30
      vertex 15.4 -26.6736 30
    endloop
  endfacet
  facet normal -0.471399 0.88192 0
    outer loop
      vertex 13.6225 -27.6237 30
      vertex 15.4 -26.6736 3
      vertex 13.6225 -27.6237 3
    endloop
  endfacet
  facet normal 0.227089 0.973874 -0
    outer loop
      vertex -6.00878 -30.2082 3
      vertex -7.97163 -29.7505 30
      vertex -6.00878 -30.2082 30
    endloop
  endfacet
  facet normal 0.227089 0.973874 0
    outer loop
      vertex -7.97163 -29.7505 30
      vertex -6.00878 -30.2082 3
      vertex -7.97163 -29.7505 3
    endloop
  endfacet
  facet normal 0.290299 0.956936 -0
    outer loop
      vertex -7.97163 -29.7505 3
      vertex -9.90034 -29.1654 30
      vertex -7.97163 -29.7505 30
    endloop
  endfacet
  facet normal 0.290299 0.956936 0
    outer loop
      vertex -9.90034 -29.1654 30
      vertex -7.97163 -29.7505 3
      vertex -9.90034 -29.1654 3
    endloop
  endfacet
  facet normal 0.683583 0.729873 -0
    outer loop
      vertex -20.3078 -23.1567 3
      vertex -21.7789 -21.7789 30
      vertex -20.3078 -23.1567 30
    endloop
  endfacet
  facet normal 0.683583 0.729873 0
    outer loop
      vertex -21.7789 -21.7789 30
      vertex -20.3078 -23.1567 3
      vertex -21.7789 -21.7789 3
    endloop
  endfacet
  facet normal -0.227089 0.973874 0
    outer loop
      vertex 7.97163 -29.7505 3
      vertex 6.00878 -30.2082 30
      vertex 7.97163 -29.7505 30
    endloop
  endfacet
  facet normal -0.227089 0.973874 0
    outer loop
      vertex 6.00878 -30.2082 30
      vertex 7.97163 -29.7505 3
      vertex 6.00878 -30.2082 3
    endloop
  endfacet
  facet normal 0.986644 0.162889 0
    outer loop
      vertex -30.2082 -6.00878 30
      vertex -30.5365 -4.02021 3
      vertex -30.5365 -4.02021 30
    endloop
  endfacet
  facet normal 0.986644 0.162889 0
    outer loop
      vertex -30.5365 -4.02021 3
      vertex -30.2082 -6.00878 30
      vertex -30.2082 -6.00878 3
    endloop
  endfacet
  facet normal 0.995182 0.0980402 0
    outer loop
      vertex -30.5365 -4.02021 30
      vertex -30.7341 -2.01442 3
      vertex -30.7341 -2.01442 30
    endloop
  endfacet
  facet normal 0.995182 0.0980402 0
    outer loop
      vertex -30.7341 -2.01442 3
      vertex -30.5365 -4.02021 30
      vertex -30.5365 -4.02021 3
    endloop
  endfacet
  facet normal -0.772995 -0.634412 0
    outer loop
      vertex 24.4353 18.7499 3
      vertex 23.1567 20.3078 30
      vertex 23.1567 20.3078 3
    endloop
  endfacet
  facet normal -0.772995 -0.634412 0
    outer loop
      vertex 23.1567 20.3078 30
      vertex 24.4353 18.7499 3
      vertex 24.4353 18.7499 30
    endloop
  endfacet
  facet normal 0.0980402 0.995182 -0
    outer loop
      vertex -2.01442 -30.7341 3
      vertex -4.02021 -30.5365 30
      vertex -2.01442 -30.7341 30
    endloop
  endfacet
  facet normal 0.0980402 0.995182 0
    outer loop
      vertex -4.02021 -30.5365 30
      vertex -2.01442 -30.7341 3
      vertex -4.02021 -30.5365 3
    endloop
  endfacet
  facet normal -0.352234 0.935912 0
    outer loop
      vertex 11.7866 -28.4555 3
      vertex 9.90034 -29.1654 30
      vertex 11.7866 -28.4555 30
    endloop
  endfacet
  facet normal -0.352234 0.935912 0
    outer loop
      vertex 9.90034 -29.1654 30
      vertex 11.7866 -28.4555 3
      vertex 9.90034 -29.1654 3
    endloop
  endfacet
  facet normal 0.772995 -0.634412 0
    outer loop
      vertex -24.4353 18.7499 30
      vertex -23.1567 20.3078 3
      vertex -23.1567 20.3078 30
    endloop
  endfacet
  facet normal 0.772995 -0.634412 0
    outer loop
      vertex -23.1567 20.3078 3
      vertex -24.4353 18.7499 30
      vertex -24.4353 18.7499 3
    endloop
  endfacet
  facet normal -0.812844 0.582481 0
    outer loop
      vertex 24.4353 -18.7499 3
      vertex 25.6093 -17.1116 30
      vertex 25.6093 -17.1116 3
    endloop
  endfacet
  facet normal -0.812844 0.582481 0
    outer loop
      vertex 25.6093 -17.1116 30
      vertex 24.4353 -18.7499 3
      vertex 24.4353 -18.7499 30
    endloop
  endfacet
  facet normal -0.729873 -0.683583 0
    outer loop
      vertex 23.1567 20.3078 3
      vertex 21.7789 21.7789 30
      vertex 21.7789 21.7789 3
    endloop
  endfacet
  facet normal -0.729873 -0.683583 0
    outer loop
      vertex 21.7789 21.7789 30
      vertex 23.1567 20.3078 3
      vertex 23.1567 20.3078 30
    endloop
  endfacet
  facet normal 0.849211 -0.528053 0
    outer loop
      vertex -26.6736 15.4 30
      vertex -25.6093 17.1116 3
      vertex -25.6093 17.1116 30
    endloop
  endfacet
  facet normal 0.849211 -0.528053 0
    outer loop
      vertex -25.6093 17.1116 3
      vertex -26.6736 15.4 30
      vertex -26.6736 15.4 3
    endloop
  endfacet
  facet normal 0.528053 0.849211 -0
    outer loop
      vertex -15.4 -26.6736 3
      vertex -17.1116 -25.6093 30
      vertex -15.4 -26.6736 30
    endloop
  endfacet
  facet normal 0.528053 0.849211 0
    outer loop
      vertex -17.1116 -25.6093 30
      vertex -15.4 -26.6736 3
      vertex -17.1116 -25.6093 3
    endloop
  endfacet
  facet normal 0 0 1
    outer loop
      vertex -7.97163 -29.7505 3
      vertex -10 -6 3
      vertex -9.90034 -29.1654 3
    endloop
  endfacet
  facet normal 0 0 1
    outer loop
      vertex -10 -6 3
      vertex -11.7866 -28.4555 3
      vertex -9.90034 -29.1654 3
    endloop
  endfacet
  facet normal 0 0 1
    outer loop
      vertex -10 -6 3
      vertex -13.6225 -27.6237 3
      vertex -11.7866 -28.4555 3
    endloop
  endfacet
  facet normal 0 0 1
    outer loop
      vertex -10 -6 3
      vertex -15.4 -26.6736 3
      vertex -13.6225 -27.6237 3
    endloop
  endfacet
  facet normal 0 0 1
    outer loop
      vertex -10 -6 3
      vertex -17.1116 -25.6093 3
      vertex -15.4 -26.6736 3
    endloop
  endfacet
  facet normal 0 0 1
    outer loop
      vertex -10 -6 3
      vertex -18.7499 -24.4353 3
      vertex -17.1116 -25.6093 3
    endloop
  endfacet
  facet normal 0 0 1
    outer loop
      vertex -10 -6 3
      vertex -20.3078 -23.1567 3
      vertex -18.7499 -24.4353 3
    endloop
  endfacet
  facet normal 0 0 1
    outer loop
      vertex -10 -6 3
      vertex -21.7789 -21.7789 3
      vertex -20.3078 -23.1567 3
    endloop
  endfacet
  facet normal 0 0 1
    outer loop
      vertex -10 -6 3
      vertex -23.1567 -20.3078 3
      vertex -21.7789 -21.7789 3
    endloop
  endfacet
  facet normal 0 0 1
    outer loop
      vertex -10 -6 3
      vertex -24.4353 -18.7499 3
      vertex -23.1567 -20.3078 3
    endloop
  endfacet
  facet normal 0 0 1
    outer loop
      vertex -10 -6 3
      vertex -25.6093 -17.1116 3
      vertex -24.4353 -18.7499 3
    endloop
  endfacet
  facet normal -0 0 1
    outer loop
      vertex -26 -6 3
      vertex -25.6093 -17.1116 3
      vertex -10 -6 3
    endloop
  endfacet
  facet normal 0 0 1
    outer loop
      vertex -26 -6 3
      vertex -26.6736 -15.4 3
      vertex -25.6093 -17.1116 3
    endloop
  endfacet
  facet normal -0 0 1
    outer loop
      vertex -28.4555 11.7866 3
      vertex -26 6 3
      vertex -27.6237 13.6225 3
    endloop
  endfacet
  facet normal -0 0 1
    outer loop
      vertex -29.1654 9.90034 3
      vertex -26 6 3
      vertex -28.4555 11.7866 3
    endloop
  endfacet
  facet normal 0 0 1
    outer loop
      vertex -26 -6 3
      vertex -27.6237 -13.6225 3
      vertex -26.6736 -15.4 3
    endloop
  endfacet
  facet normal -0 0 1
    outer loop
      vertex -29.7505 7.97163 3
      vertex -26 6 3
      vertex -29.1654 9.90034 3
    endloop
  endfacet
  facet normal 0 0 1
    outer loop
      vertex -26 -6 3
      vertex -28.4555 -11.7866 3
      vertex -27.6237 -13.6225 3
    endloop
  endfacet
  facet normal -0 0 1
    outer loop
      vertex -30.2082 6.00878 3
      vertex -26 6 3
      vertex -29.7505 7.97163 3
    endloop
  endfacet
  facet normal 0 0 1
    outer loop
      vertex -26 -6 3
      vertex -29.1654 -9.90034 3
      vertex -28.4555 -11.7866 3
    endloop
  endfacet
  facet normal 0 0 1
    outer loop
      vertex -30.5365 4.02021 3
      vertex -26 6 3
      vertex -30.2082 6.00878 3
    endloop
  endfacet
  facet normal 0 0 1
    outer loop
      vertex -26 -6 3
      vertex -29.7505 -7.97163 3
      vertex -29.1654 -9.90034 3
    endloop
  endfacet
  facet normal 0 0 1
    outer loop
      vertex -30.7341 2.01442 3
      vertex -26 6 3
      vertex -30.5365 4.02021 3
    endloop
  endfacet
  facet normal 0 0 1
    outer loop
      vertex -26 -6 3
      vertex -30.2082 -6.00878 3
      vertex -29.7505 -7.97163 3
    endloop
  endfacet
  facet normal 0 0 1
    outer loop
      vertex -30.8 0 3
      vertex -26 6 3
      vertex -30.7341 2.01442 3
    endloop
  endfacet
  facet normal 0 0 1
    outer loop
      vertex -26 -6 3
      vertex -30.5365 -4.02021 3
      vertex -30.2082 -6.00878 3
    endloop
  endfacet
  facet normal 0 0 1
    outer loop
      vertex -26 6 3
      vertex -30.8 0 3
      vertex -26 -6 3
    endloop
  endfacet
  facet normal 0 0 1
    outer loop
      vertex -26 -6 3
      vertex -30.7341 -2.01442 3
      vertex -30.5365 -4.02021 3
    endloop
  endfacet
  facet normal 0 0 1
    outer loop
      vertex -26 -6 3
      vertex -30.8 0 3
      vertex -30.7341 -2.01442 3
    endloop
  endfacet
  facet normal 0 0 1
    outer loop
      vertex 2.8 0 3
      vertex 30.8 0 3
      vertex 30.7341 2.01442 3
    endloop
  endfacet
  facet normal 0 0 1
    outer loop
      vertex 2.794 0.183128 3
      vertex 30.7341 2.01442 3
      vertex 30.5365 4.02021 3
    endloop
  endfacet
  facet normal 0 0 1
    outer loop
      vertex 30.8 0 3
      vertex 2.8 0 3
      vertex 30.7341 -2.01442 3
    endloop
  endfacet
  facet normal 0 0 1
    outer loop
      vertex 2.77604 0.365473 3
      vertex 30.5365 4.02021 3
      vertex 30.2082 6.00878 3
    endloop
  endfacet
  facet normal -0 0 1
    outer loop
      vertex 2.794 -0.183128 3
      vertex 30.7341 -2.01442 3
      vertex 2.8 0 3
    endloop
  endfacet
  facet normal 0 0 1
    outer loop
      vertex 2.7462 0.546252 3
      vertex 30.2082 6.00878 3
      vertex 29.7505 7.97163 3
    endloop
  endfacet
  facet normal 0 0 1
    outer loop
      vertex 30.7341 -2.01442 3
      vertex 2.794 -0.183128 3
      vertex 30.5365 -4.02021 3
    endloop
  endfacet
  facet normal 0 0 1
    outer loop
      vertex 2.70459 0.724693 3
      vertex 29.7505 7.97163 3
      vertex 29.1654 9.90034 3
    endloop
  endfacet
  facet normal -0 0 1
    outer loop
      vertex 2.77604 -0.365473 3
      vertex 30.5365 -4.02021 3
      vertex 2.794 -0.183128 3
    endloop
  endfacet
  facet normal 0 0 1
    outer loop
      vertex 2.6514 0.90003 3
      vertex 29.1654 9.90034 3
      vertex 28.4555 11.7866 3
    endloop
  endfacet
  facet normal 0 0 1
    outer loop
      vertex 30.5365 -4.02021 3
      vertex 2.77604 -0.365473 3
      vertex 30.2082 -6.00878 3
    endloop
  endfacet
  facet normal 0 0 1
    outer loop
      vertex 2.58686 1.07151 3
      vertex 28.4555 11.7866 3
      vertex 27.6237 13.6225 3
    endloop
  endfacet
  facet normal -0 0 1
    outer loop
      vertex 2.7462 -0.546252 3
      vertex 30.2082 -6.00878 3
      vertex 2.77604 -0.365473 3
    endloop
  endfacet
  facet normal 0 0 1
    outer loop
      vertex 2.51124 1.23841 3
      vertex 27.6237 13.6225 3
      vertex 26.6736 15.4 3
    endloop
  endfacet
  facet normal 0 0 1
    outer loop
      vertex 30.2082 -6.00878 3
      vertex 2.7462 -0.546252 3
      vertex 29.7505 -7.97163 3
    endloop
  endfacet
  facet normal 0 0 1
    outer loop
      vertex 2.42487 1.4 3
      vertex 26.6736 15.4 3
      vertex 25.6093 17.1116 3
    endloop
  endfacet
  facet normal -0 0 1
    outer loop
      vertex 2.70459 -0.724693 3
      vertex 29.7505 -7.97163 3
      vertex 2.7462 -0.546252 3
    endloop
  endfacet
  facet normal 0 0 1
    outer loop
      vertex 2.32811 1.5556 3
      vertex 25.6093 17.1116 3
      vertex 24.4353 18.7499 3
    endloop
  endfacet
  facet normal 0 0 1
    outer loop
      vertex 29.7505 -7.97163 3
      vertex 2.70459 -0.724693 3
      vertex 29.1654 -9.90034 3
    endloop
  endfacet
  facet normal 0 0 1
    outer loop
      vertex 2.22139 1.70453 3
      vertex 24.4353 18.7499 3
      vertex 23.1567 20.3078 3
    endloop
  endfacet
  facet normal -0 0 1
    outer loop
      vertex 2.6514 -0.90003 3
      vertex 29.1654 -9.90034 3
      vertex 2.70459 -0.724693 3
    endloop
  endfacet
  facet normal 0 0 1
    outer loop
      vertex 2.10515 1.84617 3
      vertex 23.1567 20.3078 3
      vertex 21.7789 21.7789 3
    endloop
  endfacet
  facet normal 0 0 1
    outer loop
      vertex 29.1654 -9.90034 3
      vertex 2.6514 -0.90003 3
      vertex 28.4555 -11.7866 3
    endloop
  endfacet
  facet normal 0 0 1
    outer loop
      vertex 1.9799 1.9799 3
      vertex 21.7789 21.7789 3
      vertex 20.3078 23.1567 3
    endloop
  endfacet
  facet normal -0 0 1
    outer loop
      vertex 2.58686 -1.07151 3
      vertex 28.4555 -11.7866 3
      vertex 2.6514 -0.90003 3
    endloop
  endfacet
  facet normal 0 0 1
    outer loop
      vertex 1.84617 2.10515 3
      vertex 20.3078 23.1567 3
      vertex 18.7499 24.4353 3
    endloop
  endfacet
  facet normal 0 0 1
    outer loop
      vertex 28.4555 -11.7866 3
      vertex 2.58686 -1.07151 3
      vertex 27.6237 -13.6225 3
    endloop
  endfacet
  facet normal 0 0 1
    outer loop
      vertex 1.70453 2.22139 3
      vertex 18.7499 24.4353 3
      vertex 17.1116 25.6093 3
    endloop
  endfacet
  facet normal -0 0 1
    outer loop
      vertex 2.51124 -1.23841 3
      vertex 27.6237 -13.6225 3
      vertex 2.58686 -1.07151 3
    endloop
  endfacet
  facet normal 0 0 1
    outer loop
      vertex 1.5556 2.32811 3
      vertex 17.1116 25.6093 3
      vertex 15.4 26.6736 3
    endloop
  endfacet
  facet normal 0 0 1
    outer loop
      vertex 27.6237 -13.6225 3
      vertex 2.51124 -1.23841 3
      vertex 26.6736 -15.4 3
    endloop
  endfacet
  facet normal 0 0 1
    outer loop
      vertex 1.4 2.42487 3
      vertex 15.4 26.6736 3
      vertex 13.6225 27.6237 3
    endloop
  endfacet
  facet normal -0 0 1
    outer loop
      vertex 2.42487 -1.4 3
      vertex 26.6736 -15.4 3
      vertex 2.51124 -1.23841 3
    endloop
  endfacet
  facet normal 0 0 1
    outer loop
      vertex 1.23841 2.51124 3
      vertex 13.6225 27.6237 3
      vertex 11.7866 28.4555 3
    endloop
  endfacet
  facet normal 0 0 1
    outer loop
      vertex 26.6736 -15.4 3
      vertex 2.42487 -1.4 3
      vertex 25.6093 -17.1116 3
    endloop
  endfacet
  facet normal 0 0 1
    outer loop
      vertex 1.07151 2.58686 3
      vertex 11.7866 28.4555 3
      vertex 9.90034 29.1654 3
    endloop
  endfacet
  facet normal -0 0 1
    outer loop
      vertex 2.32811 -1.5556 3
      vertex 25.6093 -17.1116 3
      vertex 2.42487 -1.4 3
    endloop
  endfacet
  facet normal 0 0 1
    outer loop
      vertex 0.90003 2.6514 3
      vertex 9.90034 29.1654 3
      vertex 7.97163 29.7505 3
    endloop
  endfacet
  facet normal 0 0 1
    outer loop
      vertex 25.6093 -17.1116 3
      vertex 2.32811 -1.5556 3
      vertex 24.4353 -18.7499 3
    endloop
  endfacet
  facet normal 0 0 1
    outer loop
      vertex 0.724693 2.70459 3
      vertex 7.97163 29.7505 3
      vertex 6.00878 30.2082 3
    endloop
  endfacet
  facet normal -0 0 1
    outer loop
      vertex 2.22139 -1.70453 3
      vertex 24.4353 -18.7499 3
      vertex 2.32811 -1.5556 3
    endloop
  endfacet
  facet normal 0 0 1
    outer loop
      vertex 0.546252 2.7462 3
      vertex 6.00878 30.2082 3
      vertex 4.02021 30.5365 3
    endloop
  endfacet
  facet normal 0 0 1
    outer loop
      vertex 24.4353 -18.7499 3
      vertex 2.22139 -1.70453 3
      vertex 23.1567 -20.3078 3
    endloop
  endfacet
  facet normal -0 0 1
    outer loop
      vertex 2.10515 -1.84617 3
      vertex 23.1567 -20.3078 3
      vertex 2.22139 -1.70453 3
    endloop
  endfacet
  facet normal 0 0 1
    outer loop
      vertex 30.7341 2.01442 3
      vertex 2.794 0.183128 3
      vertex 2.8 0 3
    endloop
  endfacet
  facet normal 0 0 1
    outer loop
      vertex 30.5365 4.02021 3
      vertex 2.77604 0.365473 3
      vertex 2.794 0.183128 3
    endloop
  endfacet
  facet normal 0 0 1
    outer loop
      vertex 30.2082 6.00878 3
      vertex 2.7462 0.546252 3
      vertex 2.77604 0.365473 3
    endloop
  endfacet
  facet normal 0 0 1
    outer loop
      vertex 29.7505 7.97163 3
      vertex 2.70459 0.724693 3
      vertex 2.7462 0.546252 3
    endloop
  endfacet
  facet normal 0 0 1
    outer loop
      vertex 29.1654 9.90034 3
      vertex 2.6514 0.90003 3
      vertex 2.70459 0.724693 3
    endloop
  endfacet
  facet normal 0 0 1
    outer loop
      vertex 28.4555 11.7866 3
      vertex 2.58686 1.07151 3
      vertex 2.6514 0.90003 3
    endloop
  endfacet
  facet normal 0 0 1
    outer loop
      vertex 27.6237 13.6225 3
      vertex 2.51124 1.23841 3
      vertex 2.58686 1.07151 3
    endloop
  endfacet
  facet normal 0 0 1
    outer loop
      vertex 26.6736 15.4 3
      vertex 2.42487 1.4 3
      vertex 2.51124 1.23841 3
    endloop
  endfacet
  facet normal 0 0 1
    outer loop
      vertex 25.6093 17.1116 3
      vertex 2.32811 1.5556 3
      vertex 2.42487 1.4 3
    endloop
  endfacet
  facet normal 0 0 1
    outer loop
      vertex 24.4353 18.7499 3
      vertex 2.22139 1.70453 3
      vertex 2.32811 1.5556 3
    endloop
  endfacet
  facet normal 0 0 1
    outer loop
      vertex 23.1567 20.3078 3
      vertex 2.10515 1.84617 3
      vertex 2.22139 1.70453 3
    endloop
  endfacet
  facet normal 0 0 1
    outer loop
      vertex 0.365473 2.77604 3
      vertex 4.02021 30.5365 3
      vertex 2.01442 30.7341 3
    endloop
  endfacet
  facet normal 0 0 1
    outer loop
      vertex 21.7789 21.7789 3
      vertex 1.9799 1.9799 3
      vertex 2.10515 1.84617 3
    endloop
  endfacet
  facet normal 0 0 1
    outer loop
      vertex 20.3078 23.1567 3
      vertex 1.84617 2.10515 3
      vertex 1.9799 1.9799 3
    endloop
  endfacet
  facet normal 0 0 1
    outer loop
      vertex 18.7499 24.4353 3
      vertex 1.70453 2.22139 3
      vertex 1.84617 2.10515 3
    endloop
  endfacet
  facet normal 0 0 1
    outer loop
      vertex 17.1116 25.6093 3
      vertex 1.5556 2.32811 3
      vertex 1.70453 2.22139 3
    endloop
  endfacet
  facet normal 0 0 1
    outer loop
      vertex 15.4 26.6736 3
      vertex 1.4 2.42487 3
      vertex 1.5556 2.32811 3
    endloop
  endfacet
  facet normal 0 0 1
    outer loop
      vertex 13.6225 27.6237 3
      vertex 1.23841 2.51124 3
      vertex 1.4 2.42487 3
    endloop
  endfacet
  facet normal 0 0 1
    outer loop
      vertex 11.7866 28.4555 3
      vertex 1.07151 2.58686 3
      vertex 1.23841 2.51124 3
    endloop
  endfacet
  facet normal 0 0 1
    outer loop
      vertex 9.90034 29.1654 3
      vertex 0.90003 2.6514 3
      vertex 1.07151 2.58686 3
    endloop
  endfacet
  facet normal 0 0 1
    outer loop
      vertex 7.97163 29.7505 3
      vertex 0.724693 2.70459 3
      vertex 0.90003 2.6514 3
    endloop
  endfacet
  facet normal 0 0 1
    outer loop
      vertex 6.00878 30.2082 3
      vertex 0.546252 2.7462 3
      vertex 0.724693 2.70459 3
    endloop
  endfacet
  facet normal 0 0 1
    outer loop
      vertex 4.02021 30.5365 3
      vertex 0.365473 2.77604 3
      vertex 0.546252 2.7462 3
    endloop
  endfacet
  facet normal 0 0 1
    outer loop
      vertex 2.01442 30.7341 3
      vertex 0.183128 2.794 3
      vertex 0.365473 2.77604 3
    endloop
  endfacet
  facet normal 0 0 1
    outer loop
      vertex 0 30.8 3
      vertex 0.183128 2.794 3
      vertex 2.01442 30.7341 3
    endloop
  endfacet
  facet normal 0 0 1
    outer loop
      vertex 0 30.8 3
      vertex 0 2.8 3
      vertex 0.183128 2.794 3
    endloop
  endfacet
  facet normal 0 0 1
    outer loop
      vertex 0 30.8 3
      vertex -0.183128 2.794 3
      vertex 0 2.8 3
    endloop
  endfacet
  facet normal -0 0 1
    outer loop
      vertex -2.01442 30.7341 3
      vertex -0.183128 2.794 3
      vertex 0 30.8 3
    endloop
  endfacet
  facet normal -0 0 1
    outer loop
      vertex -10 6 3
      vertex -0.183128 2.794 3
      vertex -2.01442 30.7341 3
    endloop
  endfacet
  facet normal 0 0 1
    outer loop
      vertex -0.183128 2.794 3
      vertex -10 6 3
      vertex -0.365473 2.77604 3
    endloop
  endfacet
  facet normal 0 0 1
    outer loop
      vertex -0.365473 2.77604 3
      vertex -10 6 3
      vertex -0.546252 2.7462 3
    endloop
  endfacet
  facet normal 0 0 1
    outer loop
      vertex -0.546252 2.7462 3
      vertex -10 6 3
      vertex -0.724693 2.70459 3
    endloop
  endfacet
  facet normal 0 0 1
    outer loop
      vertex -0.724693 2.70459 3
      vertex -10 6 3
      vertex -0.90003 2.6514 3
    endloop
  endfacet
  facet normal 0 0 1
    outer loop
      vertex -1.07151 2.58686 3
      vertex -10 6 3
      vertex -1.23841 2.51124 3
    endloop
  endfacet
  facet normal 0 0 1
    outer loop
      vertex -1.23841 2.51124 3
      vertex -10 6 3
      vertex -1.4 2.42487 3
    endloop
  endfacet
  facet normal 0 0 1
    outer loop
      vertex -1.4 2.42487 3
      vertex -10 6 3
      vertex -1.5556 2.32811 3
    endloop
  endfacet
  facet normal 0 0 1
    outer loop
      vertex -1.5556 2.32811 3
      vertex -10 6 3
      vertex -1.70453 2.22139 3
    endloop
  endfacet
  facet normal 0 0 1
    outer loop
      vertex -1.70453 2.22139 3
      vertex -10 6 3
      vertex -1.84617 2.10515 3
    endloop
  endfacet
  facet normal 0 0 1
    outer loop
      vertex -0.90003 2.6514 3
      vertex -10 6 3
      vertex -1.07151 2.58686 3
    endloop
  endfacet
  facet normal 0 0 1
    outer loop
      vertex -1.84617 2.10515 3
      vertex -10 6 3
      vertex -1.9799 1.9799 3
    endloop
  endfacet
  facet normal 0 0 1
    outer loop
      vertex -1.9799 1.9799 3
      vertex -10 6 3
      vertex -2.10515 1.84617 3
    endloop
  endfacet
  facet normal 0 0 1
    outer loop
      vertex -2.10515 1.84617 3
      vertex -10 6 3
      vertex -2.22139 1.70453 3
    endloop
  endfacet
  facet normal 0 0 1
    outer loop
      vertex -2.22139 1.70453 3
      vertex -10 6 3
      vertex -2.32811 1.5556 3
    endloop
  endfacet
  facet normal 0 0 1
    outer loop
      vertex -2.32811 1.5556 3
      vertex -10 6 3
      vertex -2.42487 1.4 3
    endloop
  endfacet
  facet normal 0 0 1
    outer loop
      vertex -2.42487 1.4 3
      vertex -10 6 3
      vertex -2.51124 1.23841 3
    endloop
  endfacet
  facet normal 0 0 1
    outer loop
      vertex -2.51124 1.23841 3
      vertex -10 6 3
      vertex -2.58686 1.07151 3
    endloop
  endfacet
  facet normal 0 0 1
    outer loop
      vertex -2.58686 1.07151 3
      vertex -10 6 3
      vertex -2.6514 0.90003 3
    endloop
  endfacet
  facet normal 0 0 1
    outer loop
      vertex -2.6514 0.90003 3
      vertex -10 6 3
      vertex -2.70459 0.724693 3
    endloop
  endfacet
  facet normal 0 0 1
    outer loop
      vertex -2.70459 0.724693 3
      vertex -10 6 3
      vertex -2.7462 0.546252 3
    endloop
  endfacet
  facet normal 0 0 1
    outer loop
      vertex -2.7462 0.546252 3
      vertex -10 6 3
      vertex -2.77604 0.365473 3
    endloop
  endfacet
  facet normal 0 0 1
    outer loop
      vertex -2.77604 0.365473 3
      vertex -10 6 3
      vertex -2.794 0.183128 3
    endloop
  endfacet
  facet normal 0 0 1
    outer loop
      vertex -10 6 3
      vertex -2.01442 30.7341 3
      vertex -4.02021 30.5365 3
    endloop
  endfacet
  facet normal 0 0 1
    outer loop
      vertex 23.1567 -20.3078 3
      vertex 2.10515 -1.84617 3
      vertex 21.7789 -21.7789 3
    endloop
  endfacet
  facet normal -0 0 1
    outer loop
      vertex 1.9799 -1.9799 3
      vertex 21.7789 -21.7789 3
      vertex 2.10515 -1.84617 3
    endloop
  endfacet
  facet normal 0 0 1
    outer loop
      vertex 21.7789 -21.7789 3
      vertex 1.9799 -1.9799 3
      vertex 20.3078 -23.1567 3
    endloop
  endfacet
  facet normal -0 0 1
    outer loop
      vertex 1.84617 -2.10515 3
      vertex 20.3078 -23.1567 3
      vertex 1.9799 -1.9799 3
    endloop
  endfacet
  facet normal 0 0 1
    outer loop
      vertex 20.3078 -23.1567 3
      vertex 1.84617 -2.10515 3
      vertex 18.7499 -24.4353 3
    endloop
  endfacet
  facet normal -0 0 1
    outer loop
      vertex 1.70453 -2.22139 3
      vertex 18.7499 -24.4353 3
      vertex 1.84617 -2.10515 3
    endloop
  endfacet
  facet normal 0 0 1
    outer loop
      vertex 18.7499 -24.4353 3
      vertex 1.70453 -2.22139 3
      vertex 17.1116 -25.6093 3
    endloop
  endfacet
  facet normal -0 0 1
    outer loop
      vertex 1.5556 -2.32811 3
      vertex 17.1116 -25.6093 3
      vertex 1.70453 -2.22139 3
    endloop
  endfacet
  facet normal 0 0 1
    outer loop
      vertex 17.1116 -25.6093 3
      vertex 1.5556 -2.32811 3
      vertex 15.4 -26.6736 3
    endloop
  endfacet
  facet normal -0 0 1
    outer loop
      vertex 1.4 -2.42487 3
      vertex 15.4 -26.6736 3
      vertex 1.5556 -2.32811 3
    endloop
  endfacet
  facet normal 0 0 1
    outer loop
      vertex 15.4 -26.6736 3
      vertex 1.4 -2.42487 3
      vertex 13.6225 -27.6237 3
    endloop
  endfacet
  facet normal -0 0 1
    outer loop
      vertex 1.23841 -2.51124 3
      vertex 13.6225 -27.6237 3
      vertex 1.4 -2.42487 3
    endloop
  endfacet
  facet normal 0 0 1
    outer loop
      vertex 13.6225 -27.6237 3
      vertex 1.23841 -2.51124 3
      vertex 11.7866 -28.4555 3
    endloop
  endfacet
  facet normal -0 0 1
    outer loop
      vertex 1.07151 -2.58686 3
      vertex 11.7866 -28.4555 3
      vertex 1.23841 -2.51124 3
    endloop
  endfacet
  facet normal 0 0 1
    outer loop
      vertex 11.7866 -28.4555 3
      vertex 1.07151 -2.58686 3
      vertex 9.90034 -29.1654 3
    endloop
  endfacet
  facet normal -0 0 1
    outer loop
      vertex 0.90003 -2.6514 3
      vertex 9.90034 -29.1654 3
      vertex 1.07151 -2.58686 3
    endloop
  endfacet
  facet normal 0 0 1
    outer loop
      vertex 9.90034 -29.1654 3
      vertex 0.90003 -2.6514 3
      vertex 7.97163 -29.7505 3
    endloop
  endfacet
  facet normal -0 0 1
    outer loop
      vertex 0.724693 -2.70459 3
      vertex 7.97163 -29.7505 3
      vertex 0.90003 -2.6514 3
    endloop
  endfacet
  facet normal 0 0 1
    outer loop
      vertex 7.97163 -29.7505 3
      vertex 0.724693 -2.70459 3
      vertex 6.00878 -30.2082 3
    endloop
  endfacet
  facet normal -0 0 1
    outer loop
      vertex 0.546252 -2.7462 3
      vertex 6.00878 -30.2082 3
      vertex 0.724693 -2.70459 3
    endloop
  endfacet
  facet normal 0 0 1
    outer loop
      vertex 6.00878 -30.2082 3
      vertex 0.546252 -2.7462 3
      vertex 4.02021 -30.5365 3
    endloop
  endfacet
  facet normal -0 0 1
    outer loop
      vertex 0.365473 -2.77604 3
      vertex 4.02021 -30.5365 3
      vertex 0.546252 -2.7462 3
    endloop
  endfacet
  facet normal 0 0 1
    outer loop
      vertex 4.02021 -30.5365 3
      vertex 0.365473 -2.77604 3
      vertex 2.01442 -30.7341 3
    endloop
  endfacet
  facet normal -0 0 1
    outer loop
      vertex 0.183128 -2.794 3
      vertex 2.01442 -30.7341 3
      vertex 0.365473 -2.77604 3
    endloop
  endfacet
  facet normal -0 0 1
    outer loop
      vertex 0 -2.8 3
      vertex 2.01442 -30.7341 3
      vertex 0.183128 -2.794 3
    endloop
  endfacet
  facet normal 0 0 1
    outer loop
      vertex 0 -2.8 3
      vertex 0 -30.8 3
      vertex 2.01442 -30.7341 3
    endloop
  endfacet
  facet normal 0 0 1
    outer loop
      vertex -0.183128 -2.794 3
      vertex 0 -30.8 3
      vertex 0 -2.8 3
    endloop
  endfacet
  facet normal 0 0 1
    outer loop
      vertex -10 -6 3
      vertex -0.183128 -2.794 3
      vertex -0.365473 -2.77604 3
    endloop
  endfacet
  facet normal 0 0 1
    outer loop
      vertex -10 -6 3
      vertex -0.365473 -2.77604 3
      vertex -0.546252 -2.7462 3
    endloop
  endfacet
  facet normal 0 0 1
    outer loop
      vertex -10 -6 3
      vertex -0.546252 -2.7462 3
      vertex -0.724693 -2.70459 3
    endloop
  endfacet
  facet normal 0 0 1
    outer loop
      vertex -10 -6 3
      vertex -0.724693 -2.70459 3
      vertex -0.90003 -2.6514 3
    endloop
  endfacet
  facet normal 0 0 1
    outer loop
      vertex -10 -6 3
      vertex -0.90003 -2.6514 3
      vertex -1.07151 -2.58686 3
    endloop
  endfacet
  facet normal 0 0 1
    outer loop
      vertex -10 -6 3
      vertex -1.07151 -2.58686 3
      vertex -1.23841 -2.51124 3
    endloop
  endfacet
  facet normal 0 0 1
    outer loop
      vertex -10 -6 3
      vertex -1.23841 -2.51124 3
      vertex -1.4 -2.42487 3
    endloop
  endfacet
  facet normal 0 0 1
    outer loop
      vertex -10 -6 3
      vertex -1.4 -2.42487 3
      vertex -1.5556 -2.32811 3
    endloop
  endfacet
  facet normal 0 0 1
    outer loop
      vertex -10 -6 3
      vertex -1.5556 -2.32811 3
      vertex -1.70453 -2.22139 3
    endloop
  endfacet
  facet normal 0 0 1
    outer loop
      vertex -10 -6 3
      vertex -1.70453 -2.22139 3
      vertex -1.84617 -2.10515 3
    endloop
  endfacet
  facet normal 0 0 1
    outer loop
      vertex -10 -6 3
      vertex -1.84617 -2.10515 3
      vertex -1.9799 -1.9799 3
    endloop
  endfacet
  facet normal 0 0 1
    outer loop
      vertex -0.183128 -2.794 3
      vertex -2.01442 -30.7341 3
      vertex 0 -30.8 3
    endloop
  endfacet
  facet normal 0 0 1
    outer loop
      vertex -10 -6 3
      vertex -1.9799 -1.9799 3
      vertex -2.10515 -1.84617 3
    endloop
  endfacet
  facet normal 0 0 1
    outer loop
      vertex -10 -6 3
      vertex -2.10515 -1.84617 3
      vertex -2.22139 -1.70453 3
    endloop
  endfacet
  facet normal 0 0 1
    outer loop
      vertex -10 -6 3
      vertex -2.22139 -1.70453 3
      vertex -2.32811 -1.5556 3
    endloop
  endfacet
  facet normal 0 0 1
    outer loop
      vertex -10 -6 3
      vertex -2.32811 -1.5556 3
      vertex -2.42487 -1.4 3
    endloop
  endfacet
  facet normal 0 0 1
    outer loop
      vertex -2.58686 -1.07151 3
      vertex -10 -6 3
      vertex -2.51124 -1.23841 3
    endloop
  endfacet
  facet normal 0 0 1
    outer loop
      vertex -2.6514 -0.90003 3
      vertex -10 -6 3
      vertex -2.58686 -1.07151 3
    endloop
  endfacet
  facet normal 0 0 1
    outer loop
      vertex -2.70459 -0.724693 3
      vertex -10 -6 3
      vertex -2.6514 -0.90003 3
    endloop
  endfacet
  facet normal 0 0 1
    outer loop
      vertex -2.7462 -0.546252 3
      vertex -10 -6 3
      vertex -2.70459 -0.724693 3
    endloop
  endfacet
  facet normal 0 0 1
    outer loop
      vertex -2.77604 -0.365473 3
      vertex -10 -6 3
      vertex -2.7462 -0.546252 3
    endloop
  endfacet
  facet normal 0 0 1
    outer loop
      vertex -2.794 -0.183128 3
      vertex -10 -6 3
      vertex -2.77604 -0.365473 3
    endloop
  endfacet
  facet normal 0 0 1
    outer loop
      vertex -2.8 0 3
      vertex -10 -6 3
      vertex -2.794 -0.183128 3
    endloop
  endfacet
  facet normal 0 0 1
    outer loop
      vertex -10 -6 3
      vertex -2.8 0 3
      vertex -10 6 3
    endloop
  endfacet
  facet normal 0 0 1
    outer loop
      vertex -2.794 0.183128 3
      vertex -10 6 3
      vertex -2.8 0 3
    endloop
  endfacet
  facet normal 0 0 1
    outer loop
      vertex -2.51124 -1.23841 3
      vertex -10 -6 3
      vertex -2.42487 -1.4 3
    endloop
  endfacet
  facet normal 0 0 1
    outer loop
      vertex -10 6 3
      vertex -4.02021 30.5365 3
      vertex -6.00878 30.2082 3
    endloop
  endfacet
  facet normal 0 0 1
    outer loop
      vertex -0.183128 -2.794 3
      vertex -10 -6 3
      vertex -2.01442 -30.7341 3
    endloop
  endfacet
  facet normal 0 0 1
    outer loop
      vertex -10 6 3
      vertex -6.00878 30.2082 3
      vertex -7.97163 29.7505 3
    endloop
  endfacet
  facet normal 0 0 1
    outer loop
      vertex -2.01442 -30.7341 3
      vertex -10 -6 3
      vertex -4.02021 -30.5365 3
    endloop
  endfacet
  facet normal 0 0 1
    outer loop
      vertex -10 6 3
      vertex -7.97163 29.7505 3
      vertex -9.90034 29.1654 3
    endloop
  endfacet
  facet normal 0 0 1
    outer loop
      vertex -4.02021 -30.5365 3
      vertex -10 -6 3
      vertex -6.00878 -30.2082 3
    endloop
  endfacet
  facet normal 0 0 1
    outer loop
      vertex -6.00878 -30.2082 3
      vertex -10 -6 3
      vertex -7.97163 -29.7505 3
    endloop
  endfacet
  facet normal -0 0 1
    outer loop
      vertex -11.7866 28.4555 3
      vertex -10 6 3
      vertex -9.90034 29.1654 3
    endloop
  endfacet
  facet normal -0 0 1
    outer loop
      vertex -13.6225 27.6237 3
      vertex -10 6 3
      vertex -11.7866 28.4555 3
    endloop
  endfacet
  facet normal -0 0 1
    outer loop
      vertex -15.4 26.6736 3
      vertex -10 6 3
      vertex -13.6225 27.6237 3
    endloop
  endfacet
  facet normal -0 0 1
    outer loop
      vertex -17.1116 25.6093 3
      vertex -10 6 3
      vertex -15.4 26.6736 3
    endloop
  endfacet
  facet normal -0 0 1
    outer loop
      vertex -18.7499 24.4353 3
      vertex -10 6 3
      vertex -17.1116 25.6093 3
    endloop
  endfacet
  facet normal -0 0 1
    outer loop
      vertex -20.3078 23.1567 3
      vertex -10 6 3
      vertex -18.7499 24.4353 3
    endloop
  endfacet
  facet normal -0 0 1
    outer loop
      vertex -21.7789 21.7789 3
      vertex -10 6 3
      vertex -20.3078 23.1567 3
    endloop
  endfacet
  facet normal -0 0 1
    outer loop
      vertex -23.1567 20.3078 3
      vertex -10 6 3
      vertex -21.7789 21.7789 3
    endloop
  endfacet
  facet normal -0 0 1
    outer loop
      vertex -24.4353 18.7499 3
      vertex -10 6 3
      vertex -23.1567 20.3078 3
    endloop
  endfacet
  facet normal -0 0 1
    outer loop
      vertex -25.6093 17.1116 3
      vertex -10 6 3
      vertex -24.4353 18.7499 3
    endloop
  endfacet
  facet normal 0 0 1
    outer loop
      vertex -25.6093 17.1116 3
      vertex -26 6 3
      vertex -10 6 3
    endloop
  endfacet
  facet normal -0 0 1
    outer loop
      vertex -27.6237 13.6225 3
      vertex -26 6 3
      vertex -26.6736 15.4 3
    endloop
  endfacet
  facet normal -0 0 1
    outer loop
      vertex -26.6736 15.4 3
      vertex -26 6 3
      vertex -25.6093 17.1116 3
    endloop
  endfacet
  facet normal 0.91087 0.412692 0
    outer loop
      vertex -27.6237 -13.6225 30
      vertex -28.4555 -11.7866 3
      vertex -28.4555 -11.7866 30
    endloop
  endfacet
  facet normal 0.91087 0.412692 0
    outer loop
      vertex -28.4555 -11.7866 3
      vertex -27.6237 -13.6225 30
      vertex -27.6237 -13.6225 3
    endloop
  endfacet
  facet normal 0.471399 0.88192 -0
    outer loop
      vertex -13.6225 -27.6237 3
      vertex -15.4 -26.6736 30
      vertex -13.6225 -27.6237 30
    endloop
  endfacet
  facet normal 0.471399 0.88192 0
    outer loop
      vertex -15.4 -26.6736 30
      vertex -13.6225 -27.6237 3
      vertex -15.4 -26.6736 3
    endloop
  endfacet
  facet normal -0.0980203 0.995184 0
    outer loop
      vertex 0.365473 -2.77604 0
      vertex 0.183128 -2.794 3
      vertex 0.365473 -2.77604 3
    endloop
  endfacet
  facet normal -0.0980203 0.995184 0
    outer loop
      vertex 0.183128 -2.794 3
      vertex 0.365473 -2.77604 0
      vertex 0.183128 -2.794 0
    endloop
  endfacet
  facet normal -0.683587 -0.729869 0
    outer loop
      vertex 1.84617 2.10515 0
      vertex 1.9799 1.9799 3
      vertex 1.84617 2.10515 3
    endloop
  endfacet
  facet normal -0.683587 -0.729869 -0
    outer loop
      vertex 1.9799 1.9799 3
      vertex 1.84617 2.10515 0
      vertex 1.9799 1.9799 0
    endloop
  endfacet
  facet normal -0.63439 0.773013 0
    outer loop
      vertex 1.84617 -2.10515 0
      vertex 1.70453 -2.22139 3
      vertex 1.84617 -2.10515 3
    endloop
  endfacet
  facet normal -0.63439 0.773013 0
    outer loop
      vertex 1.70453 -2.22139 3
      vertex 1.84617 -2.10515 0
      vertex 1.70453 -2.22139 0
    endloop
  endfacet
  facet normal 0.849198 -0.528075 0
    outer loop
      vertex -2.42487 1.4 3
      vertex -2.32811 1.5556 0
      vertex -2.32811 1.5556 3
    endloop
  endfacet
  facet normal 0.849198 -0.528075 0
    outer loop
      vertex -2.32811 1.5556 0
      vertex -2.42487 1.4 3
      vertex -2.42487 1.4 0
    endloop
  endfacet
  facet normal -0.986649 -0.16286 0
    outer loop
      vertex 2.77604 0.365473 0
      vertex 2.7462 0.546252 3
      vertex 2.7462 0.546252 0
    endloop
  endfacet
  facet normal -0.986649 -0.16286 0
    outer loop
      vertex 2.7462 0.546252 3
      vertex 2.77604 0.365473 0
      vertex 2.77604 0.365473 3
    endloop
  endfacet
  facet normal -0.812851 0.582471 0
    outer loop
      vertex 2.22139 -1.70453 0
      vertex 2.32811 -1.5556 3
      vertex 2.32811 -1.5556 0
    endloop
  endfacet
  facet normal -0.812851 0.582471 0
    outer loop
      vertex 2.32811 -1.5556 3
      vertex 2.22139 -1.70453 0
      vertex 2.22139 -1.70453 3
    endloop
  endfacet
  facet normal -0.995184 0.0980203 0
    outer loop
      vertex 2.77604 -0.365473 0
      vertex 2.794 -0.183128 3
      vertex 2.794 -0.183128 0
    endloop
  endfacet
  facet normal -0.995184 0.0980203 0
    outer loop
      vertex 2.794 -0.183128 3
      vertex 2.77604 -0.365473 0
      vertex 2.77604 -0.365473 3
    endloop
  endfacet
  facet normal -0.999464 -0.0327464 0
    outer loop
      vertex 2.8 0 0
      vertex 2.794 0.183128 3
      vertex 2.794 0.183128 0
    endloop
  endfacet
  facet normal -0.999464 -0.0327464 0
    outer loop
      vertex 2.794 0.183128 3
      vertex 2.8 0 0
      vertex 2.8 0 3
    endloop
  endfacet
  facet normal -0.63439 -0.773013 0
    outer loop
      vertex 1.70453 2.22139 0
      vertex 1.84617 2.10515 3
      vertex 1.70453 2.22139 3
    endloop
  endfacet
  facet normal -0.63439 -0.773013 -0
    outer loop
      vertex 1.84617 2.10515 3
      vertex 1.70453 2.22139 0
      vertex 1.84617 2.10515 0
    endloop
  endfacet
  facet normal -0.910867 -0.412701 0
    outer loop
      vertex 2.58686 1.07151 0
      vertex 2.51124 1.23841 3
      vertex 2.51124 1.23841 0
    endloop
  endfacet
  facet normal -0.910867 -0.412701 0
    outer loop
      vertex 2.51124 1.23841 3
      vertex 2.58686 1.07151 0
      vertex 2.58686 1.07151 3
    endloop
  endfacet
  facet normal -0.995184 -0.0980203 0
    outer loop
      vertex 2.794 0.183128 0
      vertex 2.77604 0.365473 3
      vertex 2.77604 0.365473 0
    endloop
  endfacet
  facet normal -0.995184 -0.0980203 0
    outer loop
      vertex 2.77604 0.365473 3
      vertex 2.794 0.183128 0
      vertex 2.794 0.183128 3
    endloop
  endfacet
  facet normal -0.973873 -0.227094 0
    outer loop
      vertex 2.7462 0.546252 0
      vertex 2.70459 0.724693 3
      vertex 2.70459 0.724693 0
    endloop
  endfacet
  facet normal -0.973873 -0.227094 0
    outer loop
      vertex 2.70459 0.724693 3
      vertex 2.7462 0.546252 0
      vertex 2.7462 0.546252 3
    endloop
  endfacet
  facet normal -0.412701 0.910867 0
    outer loop
      vertex 1.23841 -2.51124 0
      vertex 1.07151 -2.58686 3
      vertex 1.23841 -2.51124 3
    endloop
  endfacet
  facet normal -0.412701 0.910867 0
    outer loop
      vertex 1.07151 -2.58686 3
      vertex 1.23841 -2.51124 0
      vertex 1.07151 -2.58686 0
    endloop
  endfacet
  facet normal 0.773013 0.63439 0
    outer loop
      vertex -2.10515 -1.84617 3
      vertex -2.22139 -1.70453 0
      vertex -2.22139 -1.70453 3
    endloop
  endfacet
  facet normal 0.773013 0.63439 0
    outer loop
      vertex -2.22139 -1.70453 0
      vertex -2.10515 -1.84617 3
      vertex -2.10515 -1.84617 0
    endloop
  endfacet
  facet normal -0.849198 -0.528075 0
    outer loop
      vertex 2.42487 1.4 0
      vertex 2.32811 1.5556 3
      vertex 2.32811 1.5556 0
    endloop
  endfacet
  facet normal -0.849198 -0.528075 0
    outer loop
      vertex 2.32811 1.5556 3
      vertex 2.42487 1.4 0
      vertex 2.42487 1.4 3
    endloop
  endfacet
  facet normal -0.881925 -0.47139 0
    outer loop
      vertex 2.51124 1.23841 0
      vertex 2.42487 1.4 3
      vertex 2.42487 1.4 0
    endloop
  endfacet
  facet normal -0.881925 -0.47139 0
    outer loop
      vertex 2.42487 1.4 3
      vertex 2.51124 1.23841 0
      vertex 2.51124 1.23841 3
    endloop
  endfacet
  facet normal 0.0980203 0.995184 -0
    outer loop
      vertex -0.183128 -2.794 0
      vertex -0.365473 -2.77604 3
      vertex -0.183128 -2.794 3
    endloop
  endfacet
  facet normal 0.0980203 0.995184 0
    outer loop
      vertex -0.365473 -2.77604 3
      vertex -0.183128 -2.794 0
      vertex -0.365473 -2.77604 0
    endloop
  endfacet
  facet normal 0.973873 0.227094 0
    outer loop
      vertex -2.70459 -0.724693 3
      vertex -2.7462 -0.546252 0
      vertex -2.7462 -0.546252 3
    endloop
  endfacet
  facet normal 0.973873 0.227094 0
    outer loop
      vertex -2.7462 -0.546252 0
      vertex -2.70459 -0.724693 3
      vertex -2.70459 -0.724693 0
    endloop
  endfacet
  facet normal 0.683587 -0.729869 0
    outer loop
      vertex -1.9799 1.9799 0
      vertex -1.84617 2.10515 3
      vertex -1.9799 1.9799 3
    endloop
  endfacet
  facet normal 0.683587 -0.729869 0
    outer loop
      vertex -1.84617 2.10515 3
      vertex -1.9799 1.9799 0
      vertex -1.84617 2.10515 0
    endloop
  endfacet
  facet normal -0.973873 0.227094 0
    outer loop
      vertex 2.70459 -0.724693 0
      vertex 2.7462 -0.546252 3
      vertex 2.7462 -0.546252 0
    endloop
  endfacet
  facet normal -0.973873 0.227094 0
    outer loop
      vertex 2.7462 -0.546252 3
      vertex 2.70459 -0.724693 0
      vertex 2.70459 -0.724693 3
    endloop
  endfacet
  facet normal -0.582471 0.812851 0
    outer loop
      vertex 1.70453 -2.22139 0
      vertex 1.5556 -2.32811 3
      vertex 1.70453 -2.22139 3
    endloop
  endfacet
  facet normal -0.582471 0.812851 0
    outer loop
      vertex 1.5556 -2.32811 3
      vertex 1.70453 -2.22139 0
      vertex 1.5556 -2.32811 0
    endloop
  endfacet
  facet normal -0.956937 0.290295 0
    outer loop
      vertex 2.6514 -0.90003 0
      vertex 2.70459 -0.724693 3
      vertex 2.70459 -0.724693 0
    endloop
  endfacet
  facet normal -0.956937 0.290295 0
    outer loop
      vertex 2.70459 -0.724693 3
      vertex 2.6514 -0.90003 0
      vertex 2.6514 -0.90003 3
    endloop
  endfacet
  facet normal 0.528075 0.849198 -0
    outer loop
      vertex -1.4 -2.42487 0
      vertex -1.5556 -2.32811 3
      vertex -1.4 -2.42487 3
    endloop
  endfacet
  facet normal 0.528075 0.849198 0
    outer loop
      vertex -1.5556 -2.32811 3
      vertex -1.4 -2.42487 0
      vertex -1.5556 -2.32811 0
    endloop
  endfacet
  facet normal 0.582471 0.812851 -0
    outer loop
      vertex -1.5556 -2.32811 0
      vertex -1.70453 -2.22139 3
      vertex -1.5556 -2.32811 3
    endloop
  endfacet
  facet normal 0.582471 0.812851 0
    outer loop
      vertex -1.70453 -2.22139 3
      vertex -1.5556 -2.32811 0
      vertex -1.70453 -2.22139 0
    endloop
  endfacet
  facet normal 0.910867 -0.412701 0
    outer loop
      vertex -2.58686 1.07151 3
      vertex -2.51124 1.23841 0
      vertex -2.51124 1.23841 3
    endloop
  endfacet
  facet normal 0.910867 -0.412701 0
    outer loop
      vertex -2.51124 1.23841 0
      vertex -2.58686 1.07151 3
      vertex -2.58686 1.07151 0
    endloop
  endfacet
  facet normal -0.227094 -0.973873 0
    outer loop
      vertex 0.546252 2.7462 0
      vertex 0.724693 2.70459 3
      vertex 0.546252 2.7462 3
    endloop
  endfacet
  facet normal -0.227094 -0.973873 -0
    outer loop
      vertex 0.724693 2.70459 3
      vertex 0.546252 2.7462 0
      vertex 0.724693 2.70459 0
    endloop
  endfacet
  facet normal 0.0980203 -0.995184 0
    outer loop
      vertex -0.365473 2.77604 0
      vertex -0.183128 2.794 3
      vertex -0.365473 2.77604 3
    endloop
  endfacet
  facet normal 0.0980203 -0.995184 0
    outer loop
      vertex -0.183128 2.794 3
      vertex -0.365473 2.77604 0
      vertex -0.183128 2.794 0
    endloop
  endfacet
  facet normal -0.683587 0.729869 0
    outer loop
      vertex 1.9799 -1.9799 0
      vertex 1.84617 -2.10515 3
      vertex 1.9799 -1.9799 3
    endloop
  endfacet
  facet normal -0.683587 0.729869 0
    outer loop
      vertex 1.84617 -2.10515 3
      vertex 1.9799 -1.9799 0
      vertex 1.84617 -2.10515 0
    endloop
  endfacet
  facet normal -0.999464 0.0327464 0
    outer loop
      vertex 2.794 -0.183128 0
      vertex 2.8 0 3
      vertex 2.8 0 0
    endloop
  endfacet
  facet normal -0.999464 0.0327464 0
    outer loop
      vertex 2.8 0 3
      vertex 2.794 -0.183128 0
      vertex 2.794 -0.183128 3
    endloop
  endfacet
  facet normal -0.812851 -0.582471 0
    outer loop
      vertex 2.32811 1.5556 0
      vertex 2.22139 1.70453 3
      vertex 2.22139 1.70453 0
    endloop
  endfacet
  facet normal -0.812851 -0.582471 0
    outer loop
      vertex 2.22139 1.70453 3
      vertex 2.32811 1.5556 0
      vertex 2.32811 1.5556 3
    endloop
  endfacet
  facet normal -0.986649 0.16286 0
    outer loop
      vertex 2.7462 -0.546252 0
      vertex 2.77604 -0.365473 3
      vertex 2.77604 -0.365473 0
    endloop
  endfacet
  facet normal -0.986649 0.16286 0
    outer loop
      vertex 2.77604 -0.365473 3
      vertex 2.7462 -0.546252 0
      vertex 2.7462 -0.546252 3
    endloop
  endfacet
  facet normal -0.47139 0.881925 0
    outer loop
      vertex 1.4 -2.42487 0
      vertex 1.23841 -2.51124 3
      vertex 1.4 -2.42487 3
    endloop
  endfacet
  facet normal -0.47139 0.881925 0
    outer loop
      vertex 1.23841 -2.51124 3
      vertex 1.4 -2.42487 0
      vertex 1.23841 -2.51124 0
    endloop
  endfacet
  facet normal 0.528075 -0.849198 0
    outer loop
      vertex -1.5556 2.32811 0
      vertex -1.4 2.42487 3
      vertex -1.5556 2.32811 3
    endloop
  endfacet
  facet normal 0.528075 -0.849198 0
    outer loop
      vertex -1.4 2.42487 3
      vertex -1.5556 2.32811 0
      vertex -1.4 2.42487 0
    endloop
  endfacet
  facet normal 0.999464 0.0327464 0
    outer loop
      vertex -2.794 -0.183128 3
      vertex -2.8 0 0
      vertex -2.8 0 3
    endloop
  endfacet
  facet normal 0.999464 0.0327464 0
    outer loop
      vertex -2.8 0 0
      vertex -2.794 -0.183128 3
      vertex -2.794 -0.183128 0
    endloop
  endfacet
  facet normal -0.956937 -0.290295 0
    outer loop
      vertex 2.70459 0.724693 0
      vertex 2.6514 0.90003 3
      vertex 2.6514 0.90003 0
    endloop
  endfacet
  facet normal -0.956937 -0.290295 0
    outer loop
      vertex 2.6514 0.90003 3
      vertex 2.70459 0.724693 0
      vertex 2.70459 0.724693 3
    endloop
  endfacet
  facet normal 0.290295 0.956937 -0
    outer loop
      vertex -0.724693 -2.70459 0
      vertex -0.90003 -2.6514 3
      vertex -0.724693 -2.70459 3
    endloop
  endfacet
  facet normal 0.290295 0.956937 0
    outer loop
      vertex -0.90003 -2.6514 3
      vertex -0.724693 -2.70459 0
      vertex -0.90003 -2.6514 0
    endloop
  endfacet
  facet normal -0.582471 -0.812851 0
    outer loop
      vertex 1.5556 2.32811 0
      vertex 1.70453 2.22139 3
      vertex 1.5556 2.32811 3
    endloop
  endfacet
  facet normal -0.582471 -0.812851 -0
    outer loop
      vertex 1.70453 2.22139 3
      vertex 1.5556 2.32811 0
      vertex 1.70453 2.22139 0
    endloop
  endfacet
  facet normal 0.412701 -0.910867 0
    outer loop
      vertex -1.23841 2.51124 0
      vertex -1.07151 2.58686 3
      vertex -1.23841 2.51124 3
    endloop
  endfacet
  facet normal 0.412701 -0.910867 0
    outer loop
      vertex -1.07151 2.58686 3
      vertex -1.23841 2.51124 0
      vertex -1.07151 2.58686 0
    endloop
  endfacet
  facet normal 0.729869 0.683587 0
    outer loop
      vertex -1.9799 -1.9799 3
      vertex -2.10515 -1.84617 0
      vertex -2.10515 -1.84617 3
    endloop
  endfacet
  facet normal 0.729869 0.683587 0
    outer loop
      vertex -2.10515 -1.84617 0
      vertex -1.9799 -1.9799 3
      vertex -1.9799 -1.9799 0
    endloop
  endfacet
  facet normal -0.352248 -0.935907 0
    outer loop
      vertex 0.90003 2.6514 0
      vertex 1.07151 2.58686 3
      vertex 0.90003 2.6514 3
    endloop
  endfacet
  facet normal -0.352248 -0.935907 -0
    outer loop
      vertex 1.07151 2.58686 3
      vertex 0.90003 2.6514 0
      vertex 1.07151 2.58686 0
    endloop
  endfacet
  facet normal -0.352248 0.935907 0
    outer loop
      vertex 1.07151 -2.58686 0
      vertex 0.90003 -2.6514 3
      vertex 1.07151 -2.58686 3
    endloop
  endfacet
  facet normal -0.352248 0.935907 0
    outer loop
      vertex 0.90003 -2.6514 3
      vertex 1.07151 -2.58686 0
      vertex 0.90003 -2.6514 0
    endloop
  endfacet
  facet normal 0.812851 -0.582471 0
    outer loop
      vertex -2.32811 1.5556 3
      vertex -2.22139 1.70453 0
      vertex -2.22139 1.70453 3
    endloop
  endfacet
  facet normal 0.812851 -0.582471 0
    outer loop
      vertex -2.22139 1.70453 0
      vertex -2.32811 1.5556 3
      vertex -2.32811 1.5556 0
    endloop
  endfacet
  facet normal -0.849198 0.528075 0
    outer loop
      vertex 2.32811 -1.5556 0
      vertex 2.42487 -1.4 3
      vertex 2.42487 -1.4 0
    endloop
  endfacet
  facet normal -0.849198 0.528075 0
    outer loop
      vertex 2.42487 -1.4 3
      vertex 2.32811 -1.5556 0
      vertex 2.32811 -1.5556 3
    endloop
  endfacet
  facet normal 0.986649 0.16286 0
    outer loop
      vertex -2.7462 -0.546252 3
      vertex -2.77604 -0.365473 0
      vertex -2.77604 -0.365473 3
    endloop
  endfacet
  facet normal 0.986649 0.16286 0
    outer loop
      vertex -2.77604 -0.365473 0
      vertex -2.7462 -0.546252 3
      vertex -2.7462 -0.546252 0
    endloop
  endfacet
  facet normal 0.63439 -0.773013 0
    outer loop
      vertex -1.84617 2.10515 0
      vertex -1.70453 2.22139 3
      vertex -1.84617 2.10515 3
    endloop
  endfacet
  facet normal 0.63439 -0.773013 0
    outer loop
      vertex -1.70453 2.22139 3
      vertex -1.84617 2.10515 0
      vertex -1.70453 2.22139 0
    endloop
  endfacet
  facet normal 0.227094 -0.973873 0
    outer loop
      vertex -0.724693 2.70459 0
      vertex -0.546252 2.7462 3
      vertex -0.724693 2.70459 3
    endloop
  endfacet
  facet normal 0.227094 -0.973873 0
    outer loop
      vertex -0.546252 2.7462 3
      vertex -0.724693 2.70459 0
      vertex -0.546252 2.7462 0
    endloop
  endfacet
  facet normal 0.227094 0.973873 -0
    outer loop
      vertex -0.546252 -2.7462 0
      vertex -0.724693 -2.70459 3
      vertex -0.546252 -2.7462 3
    endloop
  endfacet
  facet normal 0.227094 0.973873 0
    outer loop
      vertex -0.724693 -2.70459 3
      vertex -0.546252 -2.7462 0
      vertex -0.724693 -2.70459 0
    endloop
  endfacet
  facet normal -0.0327464 0.999464 0
    outer loop
      vertex 0.183128 -2.794 0
      vertex 0 -2.8 3
      vertex 0.183128 -2.794 3
    endloop
  endfacet
  facet normal -0.0327464 0.999464 0
    outer loop
      vertex 0 -2.8 3
      vertex 0.183128 -2.794 0
      vertex 0 -2.8 0
    endloop
  endfacet
  facet normal -0.528075 -0.849198 0
    outer loop
      vertex 1.4 2.42487 0
      vertex 1.5556 2.32811 3
      vertex 1.4 2.42487 3
    endloop
  endfacet
  facet normal -0.528075 -0.849198 -0
    outer loop
      vertex 1.5556 2.32811 3
      vertex 1.4 2.42487 0
      vertex 1.5556 2.32811 0
    endloop
  endfacet
  facet normal 0.995184 -0.0980203 0
    outer loop
      vertex -2.794 0.183128 3
      vertex -2.77604 0.365473 0
      vertex -2.77604 0.365473 3
    endloop
  endfacet
  facet normal 0.995184 -0.0980203 0
    outer loop
      vertex -2.77604 0.365473 0
      vertex -2.794 0.183128 3
      vertex -2.794 0.183128 0
    endloop
  endfacet
  facet normal -0.773013 -0.63439 0
    outer loop
      vertex 2.22139 1.70453 0
      vertex 2.10515 1.84617 3
      vertex 2.10515 1.84617 0
    endloop
  endfacet
  facet normal -0.773013 -0.63439 0
    outer loop
      vertex 2.10515 1.84617 3
      vertex 2.22139 1.70453 0
      vertex 2.22139 1.70453 3
    endloop
  endfacet
  facet normal -0.729869 -0.683587 0
    outer loop
      vertex 2.10515 1.84617 0
      vertex 1.9799 1.9799 3
      vertex 1.9799 1.9799 0
    endloop
  endfacet
  facet normal -0.729869 -0.683587 0
    outer loop
      vertex 1.9799 1.9799 3
      vertex 2.10515 1.84617 0
      vertex 2.10515 1.84617 3
    endloop
  endfacet
  facet normal 0.995184 0.0980203 0
    outer loop
      vertex -2.77604 -0.365473 3
      vertex -2.794 -0.183128 0
      vertex -2.794 -0.183128 3
    endloop
  endfacet
  facet normal 0.995184 0.0980203 0
    outer loop
      vertex -2.794 -0.183128 0
      vertex -2.77604 -0.365473 3
      vertex -2.77604 -0.365473 0
    endloop
  endfacet
  facet normal -0.935907 0.352248 0
    outer loop
      vertex 2.58686 -1.07151 0
      vertex 2.6514 -0.90003 3
      vertex 2.6514 -0.90003 0
    endloop
  endfacet
  facet normal -0.935907 0.352248 0
    outer loop
      vertex 2.6514 -0.90003 3
      vertex 2.58686 -1.07151 0
      vertex 2.58686 -1.07151 3
    endloop
  endfacet
  facet normal -0.773013 0.63439 0
    outer loop
      vertex 2.10515 -1.84617 0
      vertex 2.22139 -1.70453 3
      vertex 2.22139 -1.70453 0
    endloop
  endfacet
  facet normal -0.773013 0.63439 0
    outer loop
      vertex 2.22139 -1.70453 3
      vertex 2.10515 -1.84617 0
      vertex 2.10515 -1.84617 3
    endloop
  endfacet
  facet normal 0.773013 -0.63439 0
    outer loop
      vertex -2.22139 1.70453 3
      vertex -2.10515 1.84617 0
      vertex -2.10515 1.84617 3
    endloop
  endfacet
  facet normal 0.773013 -0.63439 0
    outer loop
      vertex -2.10515 1.84617 0
      vertex -2.22139 1.70453 3
      vertex -2.22139 1.70453 0
    endloop
  endfacet
  facet normal 0.973873 -0.227094 0
    outer loop
      vertex -2.7462 0.546252 3
      vertex -2.70459 0.724693 0
      vertex -2.70459 0.724693 3
    endloop
  endfacet
  facet normal 0.973873 -0.227094 0
    outer loop
      vertex -2.70459 0.724693 0
      vertex -2.7462 0.546252 3
      vertex -2.7462 0.546252 0
    endloop
  endfacet
  facet normal 0.582471 -0.812851 0
    outer loop
      vertex -1.70453 2.22139 0
      vertex -1.5556 2.32811 3
      vertex -1.70453 2.22139 3
    endloop
  endfacet
  facet normal 0.582471 -0.812851 0
    outer loop
      vertex -1.5556 2.32811 3
      vertex -1.70453 2.22139 0
      vertex -1.5556 2.32811 0
    endloop
  endfacet
  facet normal -0.412701 -0.910867 0
    outer loop
      vertex 1.07151 2.58686 0
      vertex 1.23841 2.51124 3
      vertex 1.07151 2.58686 3
    endloop
  endfacet
  facet normal -0.412701 -0.910867 -0
    outer loop
      vertex 1.23841 2.51124 3
      vertex 1.07151 2.58686 0
      vertex 1.23841 2.51124 0
    endloop
  endfacet
  facet normal -0.227094 0.973873 0
    outer loop
      vertex 0.724693 -2.70459 0
      vertex 0.546252 -2.7462 3
      vertex 0.724693 -2.70459 3
    endloop
  endfacet
  facet normal -0.227094 0.973873 0
    outer loop
      vertex 0.546252 -2.7462 3
      vertex 0.724693 -2.70459 0
      vertex 0.546252 -2.7462 0
    endloop
  endfacet
  facet normal 0.0327464 0.999464 -0
    outer loop
      vertex 0 -2.8 0
      vertex -0.183128 -2.794 3
      vertex 0 -2.8 3
    endloop
  endfacet
  facet normal 0.0327464 0.999464 0
    outer loop
      vertex -0.183128 -2.794 3
      vertex 0 -2.8 0
      vertex -0.183128 -2.794 0
    endloop
  endfacet
  facet normal 0.16286 -0.986649 0
    outer loop
      vertex -0.546252 2.7462 0
      vertex -0.365473 2.77604 3
      vertex -0.546252 2.7462 3
    endloop
  endfacet
  facet normal 0.16286 -0.986649 0
    outer loop
      vertex -0.365473 2.77604 3
      vertex -0.546252 2.7462 0
      vertex -0.365473 2.77604 0
    endloop
  endfacet
  facet normal 0.935907 0.352248 0
    outer loop
      vertex -2.58686 -1.07151 3
      vertex -2.6514 -0.90003 0
      vertex -2.6514 -0.90003 3
    endloop
  endfacet
  facet normal 0.935907 0.352248 0
    outer loop
      vertex -2.6514 -0.90003 0
      vertex -2.58686 -1.07151 3
      vertex -2.58686 -1.07151 0
    endloop
  endfacet
  facet normal 0.956937 -0.290295 0
    outer loop
      vertex -2.70459 0.724693 3
      vertex -2.6514 0.90003 0
      vertex -2.6514 0.90003 3
    endloop
  endfacet
  facet normal 0.956937 -0.290295 0
    outer loop
      vertex -2.6514 0.90003 0
      vertex -2.70459 0.724693 3
      vertex -2.70459 0.724693 0
    endloop
  endfacet
  facet normal 0.412701 0.910867 -0
    outer loop
      vertex -1.07151 -2.58686 0
      vertex -1.23841 -2.51124 3
      vertex -1.07151 -2.58686 3
    endloop
  endfacet
  facet normal 0.412701 0.910867 0
    outer loop
      vertex -1.23841 -2.51124 3
      vertex -1.07151 -2.58686 0
      vertex -1.23841 -2.51124 0
    endloop
  endfacet
  facet normal 0.881925 -0.47139 0
    outer loop
      vertex -2.51124 1.23841 3
      vertex -2.42487 1.4 0
      vertex -2.42487 1.4 3
    endloop
  endfacet
  facet normal 0.881925 -0.47139 0
    outer loop
      vertex -2.42487 1.4 0
      vertex -2.51124 1.23841 3
      vertex -2.51124 1.23841 0
    endloop
  endfacet
  facet normal -0.0980203 -0.995184 0
    outer loop
      vertex 0.183128 2.794 0
      vertex 0.365473 2.77604 3
      vertex 0.183128 2.794 3
    endloop
  endfacet
  facet normal -0.0980203 -0.995184 -0
    outer loop
      vertex 0.365473 2.77604 3
      vertex 0.183128 2.794 0
      vertex 0.365473 2.77604 0
    endloop
  endfacet
  facet normal 0.999464 -0.0327464 0
    outer loop
      vertex -2.8 0 3
      vertex -2.794 0.183128 0
      vertex -2.794 0.183128 3
    endloop
  endfacet
  facet normal 0.999464 -0.0327464 0
    outer loop
      vertex -2.794 0.183128 0
      vertex -2.8 0 3
      vertex -2.8 0 0
    endloop
  endfacet
  facet normal -0.935907 -0.352248 0
    outer loop
      vertex 2.6514 0.90003 0
      vertex 2.58686 1.07151 3
      vertex 2.58686 1.07151 0
    endloop
  endfacet
  facet normal -0.935907 -0.352248 0
    outer loop
      vertex 2.58686 1.07151 3
      vertex 2.6514 0.90003 0
      vertex 2.6514 0.90003 3
    endloop
  endfacet
  facet normal -0.16286 0.986649 0
    outer loop
      vertex 0.546252 -2.7462 0
      vertex 0.365473 -2.77604 3
      vertex 0.546252 -2.7462 3
    endloop
  endfacet
  facet normal -0.16286 0.986649 0
    outer loop
      vertex 0.365473 -2.77604 3
      vertex 0.546252 -2.7462 0
      vertex 0.365473 -2.77604 0
    endloop
  endfacet
  facet normal -0.16286 -0.986649 0
    outer loop
      vertex 0.365473 2.77604 0
      vertex 0.546252 2.7462 3
      vertex 0.365473 2.77604 3
    endloop
  endfacet
  facet normal -0.16286 -0.986649 -0
    outer loop
      vertex 0.546252 2.7462 3
      vertex 0.365473 2.77604 0
      vertex 0.546252 2.7462 0
    endloop
  endfacet
  facet normal -0.290295 -0.956937 0
    outer loop
      vertex 0.724693 2.70459 0
      vertex 0.90003 2.6514 3
      vertex 0.724693 2.70459 3
    endloop
  endfacet
  facet normal -0.290295 -0.956937 -0
    outer loop
      vertex 0.90003 2.6514 3
      vertex 0.724693 2.70459 0
      vertex 0.90003 2.6514 0
    endloop
  endfacet
  facet normal 0.63439 0.773013 -0
    outer loop
      vertex -1.70453 -2.22139 0
      vertex -1.84617 -2.10515 3
      vertex -1.70453 -2.22139 3
    endloop
  endfacet
  facet normal 0.63439 0.773013 0
    outer loop
      vertex -1.84617 -2.10515 3
      vertex -1.70453 -2.22139 0
      vertex -1.84617 -2.10515 0
    endloop
  endfacet
  facet normal 0.47139 0.881925 -0
    outer loop
      vertex -1.23841 -2.51124 0
      vertex -1.4 -2.42487 3
      vertex -1.23841 -2.51124 3
    endloop
  endfacet
  facet normal 0.47139 0.881925 0
    outer loop
      vertex -1.4 -2.42487 3
      vertex -1.23841 -2.51124 0
      vertex -1.4 -2.42487 0
    endloop
  endfacet
  facet normal 0.352248 -0.935907 0
    outer loop
      vertex -1.07151 2.58686 0
      vertex -0.90003 2.6514 3
      vertex -1.07151 2.58686 3
    endloop
  endfacet
  facet normal 0.352248 -0.935907 0
    outer loop
      vertex -0.90003 2.6514 3
      vertex -1.07151 2.58686 0
      vertex -0.90003 2.6514 0
    endloop
  endfacet
  facet normal 0.683587 0.729869 -0
    outer loop
      vertex -1.84617 -2.10515 0
      vertex -1.9799 -1.9799 3
      vertex -1.84617 -2.10515 3
    endloop
  endfacet
  facet normal 0.683587 0.729869 0
    outer loop
      vertex -1.9799 -1.9799 3
      vertex -1.84617 -2.10515 0
      vertex -1.9799 -1.9799 0
    endloop
  endfacet
  facet normal 0.729869 -0.683587 0
    outer loop
      vertex -2.10515 1.84617 3
      vertex -1.9799 1.9799 0
      vertex -1.9799 1.9799 3
    endloop
  endfacet
  facet normal 0.729869 -0.683587 0
    outer loop
      vertex -1.9799 1.9799 0
      vertex -2.10515 1.84617 3
      vertex -2.10515 1.84617 0
    endloop
  endfacet
  facet normal -0.910867 0.412701 0
    outer loop
      vertex 2.51124 -1.23841 0
      vertex 2.58686 -1.07151 3
      vertex 2.58686 -1.07151 0
    endloop
  endfacet
  facet normal -0.910867 0.412701 0
    outer loop
      vertex 2.58686 -1.07151 3
      vertex 2.51124 -1.23841 0
      vertex 2.51124 -1.23841 3
    endloop
  endfacet
  facet normal -0.881925 0.47139 0
    outer loop
      vertex 2.42487 -1.4 0
      vertex 2.51124 -1.23841 3
      vertex 2.51124 -1.23841 0
    endloop
  endfacet
  facet normal -0.881925 0.47139 0
    outer loop
      vertex 2.51124 -1.23841 3
      vertex 2.42487 -1.4 0
      vertex 2.42487 -1.4 3
    endloop
  endfacet
  facet normal -0.290295 0.956937 0
    outer loop
      vertex 0.90003 -2.6514 0
      vertex 0.724693 -2.70459 3
      vertex 0.90003 -2.6514 3
    endloop
  endfacet
  facet normal -0.290295 0.956937 0
    outer loop
      vertex 0.724693 -2.70459 3
      vertex 0.90003 -2.6514 0
      vertex 0.724693 -2.70459 0
    endloop
  endfacet
  facet normal -0.0327464 -0.999464 0
    outer loop
      vertex 0 2.8 0
      vertex 0.183128 2.794 3
      vertex 0 2.8 3
    endloop
  endfacet
  facet normal -0.0327464 -0.999464 -0
    outer loop
      vertex 0.183128 2.794 3
      vertex 0 2.8 0
      vertex 0.183128 2.794 0
    endloop
  endfacet
  facet normal 0.812851 0.582471 0
    outer loop
      vertex -2.22139 -1.70453 3
      vertex -2.32811 -1.5556 0
      vertex -2.32811 -1.5556 3
    endloop
  endfacet
  facet normal 0.812851 0.582471 0
    outer loop
      vertex -2.32811 -1.5556 0
      vertex -2.22139 -1.70453 3
      vertex -2.22139 -1.70453 0
    endloop
  endfacet
  facet normal 0.849198 0.528075 0
    outer loop
      vertex -2.32811 -1.5556 3
      vertex -2.42487 -1.4 0
      vertex -2.42487 -1.4 3
    endloop
  endfacet
  facet normal 0.849198 0.528075 0
    outer loop
      vertex -2.42487 -1.4 0
      vertex -2.32811 -1.5556 3
      vertex -2.32811 -1.5556 0
    endloop
  endfacet
  facet normal 0.352248 0.935907 -0
    outer loop
      vertex -0.90003 -2.6514 0
      vertex -1.07151 -2.58686 3
      vertex -0.90003 -2.6514 3
    endloop
  endfacet
  facet normal 0.352248 0.935907 0
    outer loop
      vertex -1.07151 -2.58686 3
      vertex -0.90003 -2.6514 0
      vertex -1.07151 -2.58686 0
    endloop
  endfacet
  facet normal 0.0327464 -0.999464 0
    outer loop
      vertex -0.183128 2.794 0
      vertex 0 2.8 3
      vertex -0.183128 2.794 3
    endloop
  endfacet
  facet normal 0.0327464 -0.999464 0
    outer loop
      vertex 0 2.8 3
      vertex -0.183128 2.794 0
      vertex 0 2.8 0
    endloop
  endfacet
  facet normal 0.910867 0.412701 0
    outer loop
      vertex -2.51124 -1.23841 3
      vertex -2.58686 -1.07151 0
      vertex -2.58686 -1.07151 3
    endloop
  endfacet
  facet normal 0.910867 0.412701 0
    outer loop
      vertex -2.58686 -1.07151 0
      vertex -2.51124 -1.23841 3
      vertex -2.51124 -1.23841 0
    endloop
  endfacet
  facet normal 0.16286 0.986649 -0
    outer loop
      vertex -0.365473 -2.77604 0
      vertex -0.546252 -2.7462 3
      vertex -0.365473 -2.77604 3
    endloop
  endfacet
  facet normal 0.16286 0.986649 0
    outer loop
      vertex -0.546252 -2.7462 3
      vertex -0.365473 -2.77604 0
      vertex -0.546252 -2.7462 0
    endloop
  endfacet
  facet normal -0.528075 0.849198 0
    outer loop
      vertex 1.5556 -2.32811 0
      vertex 1.4 -2.42487 3
      vertex 1.5556 -2.32811 3
    endloop
  endfacet
  facet normal -0.528075 0.849198 0
    outer loop
      vertex 1.4 -2.42487 3
      vertex 1.5556 -2.32811 0
      vertex 1.4 -2.42487 0
    endloop
  endfacet
  facet normal 0.935907 -0.352248 0
    outer loop
      vertex -2.6514 0.90003 3
      vertex -2.58686 1.07151 0
      vertex -2.58686 1.07151 3
    endloop
  endfacet
  facet normal 0.935907 -0.352248 0
    outer loop
      vertex -2.58686 1.07151 0
      vertex -2.6514 0.90003 3
      vertex -2.6514 0.90003 0
    endloop
  endfacet
  facet normal -0.729869 0.683587 0
    outer loop
      vertex 1.9799 -1.9799 0
      vertex 2.10515 -1.84617 3
      vertex 2.10515 -1.84617 0
    endloop
  endfacet
  facet normal -0.729869 0.683587 0
    outer loop
      vertex 2.10515 -1.84617 3
      vertex 1.9799 -1.9799 0
      vertex 1.9799 -1.9799 3
    endloop
  endfacet
  facet normal -0.47139 -0.881925 0
    outer loop
      vertex 1.23841 2.51124 0
      vertex 1.4 2.42487 3
      vertex 1.23841 2.51124 3
    endloop
  endfacet
  facet normal -0.47139 -0.881925 -0
    outer loop
      vertex 1.4 2.42487 3
      vertex 1.23841 2.51124 0
      vertex 1.4 2.42487 0
    endloop
  endfacet
  facet normal 0.290295 -0.956937 0
    outer loop
      vertex -0.90003 2.6514 0
      vertex -0.724693 2.70459 3
      vertex -0.90003 2.6514 3
    endloop
  endfacet
  facet normal 0.290295 -0.956937 0
    outer loop
      vertex -0.724693 2.70459 3
      vertex -0.90003 2.6514 0
      vertex -0.724693 2.70459 0
    endloop
  endfacet
  facet normal 0.986649 -0.16286 0
    outer loop
      vertex -2.77604 0.365473 3
      vertex -2.7462 0.546252 0
      vertex -2.7462 0.546252 3
    endloop
  endfacet
  facet normal 0.986649 -0.16286 0
    outer loop
      vertex -2.7462 0.546252 0
      vertex -2.77604 0.365473 3
      vertex -2.77604 0.365473 0
    endloop
  endfacet
  facet normal 0.956937 0.290295 0
    outer loop
      vertex -2.6514 -0.90003 3
      vertex -2.70459 -0.724693 0
      vertex -2.70459 -0.724693 3
    endloop
  endfacet
  facet normal 0.956937 0.290295 0
    outer loop
      vertex -2.70459 -0.724693 0
      vertex -2.6514 -0.90003 3
      vertex -2.6514 -0.90003 0
    endloop
  endfacet
  facet normal 0.47139 -0.881925 0
    outer loop
      vertex -1.4 2.42487 0
      vertex -1.23841 2.51124 3
      vertex -1.4 2.42487 3
    endloop
  endfacet
  facet normal 0.47139 -0.881925 0
    outer loop
      vertex -1.23841 2.51124 3
      vertex -1.4 2.42487 0
      vertex -1.23841 2.51124 0
    endloop
  endfacet
  facet normal 0.881925 0.47139 0
    outer loop
      vertex -2.42487 -1.4 3
      vertex -2.51124 -1.23841 0
      vertex -2.51124 -1.23841 3
    endloop
  endfacet
  facet normal 0.881925 0.47139 0
    outer loop
      vertex -2.51124 -1.23841 0
      vertex -2.42487 -1.4 3
      vertex -2.42487 -1.4 0
    endloop
  endfacet
  facet normal 0.812849 0.582474 0
    outer loop
      vertex -25.2286 -19.3586 31.5
      vertex -26.4407 -17.6671 30
      vertex -26.4407 -17.6671 31.5
    endloop
  endfacet
  facet normal 0.812849 0.582474 0
    outer loop
      vertex -26.4407 -17.6671 30
      vertex -25.2286 -19.3586 31.5
      vertex -25.2286 -19.3586 30
    endloop
  endfacet
  facet normal -0.995183 -0.0980329 0
    outer loop
      vertex 31.7319 2.07982 30
      vertex 31.5279 4.15073 31.5
      vertex 31.5279 4.15073 30
    endloop
  endfacet
  facet normal -0.995183 -0.0980329 0
    outer loop
      vertex 31.5279 4.15073 31.5
      vertex 31.7319 2.07982 30
      vertex 31.7319 2.07982 31.5
    endloop
  endfacet
  facet normal -0.999464 -0.0327257 0
    outer loop
      vertex 31.8 0 30
      vertex 31.7319 2.07982 31.5
      vertex 31.7319 2.07982 30
    endloop
  endfacet
  facet normal -0.999464 -0.0327257 0
    outer loop
      vertex 31.7319 2.07982 31.5
      vertex 31.8 0 30
      vertex 31.8 0 31.5
    endloop
  endfacet
  facet normal 0.773021 -0.634381 0
    outer loop
      vertex -25.2286 19.3586 31.5
      vertex -23.9085 20.9672 30
      vertex -23.9085 20.9672 31.5
    endloop
  endfacet
  facet normal 0.773021 -0.634381 0
    outer loop
      vertex -23.9085 20.9672 30
      vertex -25.2286 19.3586 31.5
      vertex -25.2286 19.3586 30
    endloop
  endfacet
  facet normal -0.0980329 0.995183 0
    outer loop
      vertex 4.15073 -31.5279 30
      vertex 2.07982 -31.7319 31.5
      vertex 4.15073 -31.5279 31.5
    endloop
  endfacet
  facet normal -0.0980329 0.995183 0
    outer loop
      vertex 2.07982 -31.7319 31.5
      vertex 4.15073 -31.5279 30
      vertex 2.07982 -31.7319 30
    endloop
  endfacet
  facet normal 0.995183 -0.0980329 0
    outer loop
      vertex -31.7319 2.07982 31.5
      vertex -31.5279 4.15073 30
      vertex -31.5279 4.15073 31.5
    endloop
  endfacet
  facet normal 0.995183 -0.0980329 0
    outer loop
      vertex -31.5279 4.15073 30
      vertex -31.7319 2.07982 31.5
      vertex -31.7319 2.07982 30
    endloop
  endfacet
  facet normal 0.849192 -0.528084 0
    outer loop
      vertex -27.5396 15.9 31.5
      vertex -26.4407 17.6671 30
      vertex -26.4407 17.6671 31.5
    endloop
  endfacet
  facet normal 0.849192 -0.528084 0
    outer loop
      vertex -26.4407 17.6671 30
      vertex -27.5396 15.9 31.5
      vertex -27.5396 15.9 30
    endloop
  endfacet
  facet normal -0.0327257 0.999464 0
    outer loop
      vertex 2.07982 -31.7319 30
      vertex 0 -31.8 31.5
      vertex 2.07982 -31.7319 31.5
    endloop
  endfacet
  facet normal -0.0327257 0.999464 0
    outer loop
      vertex 0 -31.8 31.5
      vertex 2.07982 -31.7319 30
      vertex 0 -31.8 30
    endloop
  endfacet
  facet normal -0.683589 -0.729867 0
    outer loop
      vertex 20.9672 23.9085 30
      vertex 22.486 22.486 31.5
      vertex 20.9672 23.9085 31.5
    endloop
  endfacet
  facet normal -0.683589 -0.729867 -0
    outer loop
      vertex 22.486 22.486 31.5
      vertex 20.9672 23.9085 30
      vertex 22.486 22.486 30
    endloop
  endfacet
  facet normal -0.910871 -0.412691 0
    outer loop
      vertex 29.3794 12.1693 30
      vertex 28.5206 14.0648 31.5
      vertex 28.5206 14.0648 30
    endloop
  endfacet
  facet normal -0.910871 -0.412691 0
    outer loop
      vertex 28.5206 14.0648 31.5
      vertex 29.3794 12.1693 30
      vertex 29.3794 12.1693 31.5
    endloop
  endfacet
  facet normal 0.634381 -0.773021 0
    outer loop
      vertex -20.9672 23.9085 30
      vertex -19.3586 25.2286 31.5
      vertex -20.9672 23.9085 31.5
    endloop
  endfacet
  facet normal 0.634381 -0.773021 0
    outer loop
      vertex -19.3586 25.2286 31.5
      vertex -20.9672 23.9085 30
      vertex -19.3586 25.2286 30
    endloop
  endfacet
  facet normal -0.97387 -0.227108 0
    outer loop
      vertex 31.189 6.20387 30
      vertex 30.7164 8.23044 31.5
      vertex 30.7164 8.23044 30
    endloop
  endfacet
  facet normal -0.97387 -0.227108 0
    outer loop
      vertex 30.7164 8.23044 31.5
      vertex 31.189 6.20387 30
      vertex 31.189 6.20387 31.5
    endloop
  endfacet
  facet normal -0.773021 -0.634381 0
    outer loop
      vertex 25.2286 19.3586 30
      vertex 23.9085 20.9672 31.5
      vertex 23.9085 20.9672 30
    endloop
  endfacet
  facet normal -0.773021 -0.634381 0
    outer loop
      vertex 23.9085 20.9672 31.5
      vertex 25.2286 19.3586 30
      vertex 25.2286 19.3586 31.5
    endloop
  endfacet
  facet normal 0.773021 0.634381 0
    outer loop
      vertex -23.9085 -20.9672 31.5
      vertex -25.2286 -19.3586 30
      vertex -25.2286 -19.3586 31.5
    endloop
  endfacet
  facet normal 0.773021 0.634381 0
    outer loop
      vertex -25.2286 -19.3586 30
      vertex -23.9085 -20.9672 31.5
      vertex -23.9085 -20.9672 30
    endloop
  endfacet
  facet normal -0.849192 -0.528084 0
    outer loop
      vertex 27.5396 15.9 30
      vertex 26.4407 17.6671 31.5
      vertex 26.4407 17.6671 30
    endloop
  endfacet
  facet normal -0.849192 -0.528084 0
    outer loop
      vertex 26.4407 17.6671 31.5
      vertex 27.5396 15.9 30
      vertex 27.5396 15.9 31.5
    endloop
  endfacet
  facet normal -0.773021 0.634381 0
    outer loop
      vertex 23.9085 -20.9672 30
      vertex 25.2286 -19.3586 31.5
      vertex 25.2286 -19.3586 30
    endloop
  endfacet
  facet normal -0.773021 0.634381 0
    outer loop
      vertex 25.2286 -19.3586 31.5
      vertex 23.9085 -20.9672 30
      vertex 23.9085 -20.9672 31.5
    endloop
  endfacet
  facet normal -0.881908 -0.471421 0
    outer loop
      vertex 28.5206 14.0648 30
      vertex 27.5396 15.9 31.5
      vertex 27.5396 15.9 30
    endloop
  endfacet
  facet normal -0.881908 -0.471421 0
    outer loop
      vertex 27.5396 15.9 31.5
      vertex 28.5206 14.0648 30
      vertex 28.5206 14.0648 31.5
    endloop
  endfacet
  facet normal -0.634381 -0.773021 0
    outer loop
      vertex 19.3586 25.2286 30
      vertex 20.9672 23.9085 31.5
      vertex 19.3586 25.2286 31.5
    endloop
  endfacet
  facet normal -0.634381 -0.773021 -0
    outer loop
      vertex 20.9672 23.9085 31.5
      vertex 19.3586 25.2286 30
      vertex 20.9672 23.9085 30
    endloop
  endfacet
  facet normal -0.812849 -0.582474 0
    outer loop
      vertex 26.4407 17.6671 30
      vertex 25.2286 19.3586 31.5
      vertex 25.2286 19.3586 30
    endloop
  endfacet
  facet normal -0.812849 -0.582474 0
    outer loop
      vertex 25.2286 19.3586 31.5
      vertex 26.4407 17.6671 30
      vertex 26.4407 17.6671 31.5
    endloop
  endfacet
  facet normal 0.227108 -0.97387 0
    outer loop
      vertex -8.23044 30.7164 30
      vertex -6.20387 31.189 31.5
      vertex -8.23044 30.7164 31.5
    endloop
  endfacet
  facet normal 0.227108 -0.97387 0
    outer loop
      vertex -6.20387 31.189 31.5
      vertex -8.23044 30.7164 30
      vertex -6.20387 31.189 30
    endloop
  endfacet
  facet normal -0.935904 0.352255 0
    outer loop
      vertex 29.3794 -12.1693 30
      vertex 30.1124 -10.2218 31.5
      vertex 30.1124 -10.2218 30
    endloop
  endfacet
  facet normal -0.935904 0.352255 0
    outer loop
      vertex 30.1124 -10.2218 31.5
      vertex 29.3794 -12.1693 30
      vertex 29.3794 -12.1693 31.5
    endloop
  endfacet
  facet normal 0.290253 -0.95695 0
    outer loop
      vertex -10.2218 30.1124 30
      vertex -8.23044 30.7164 31.5
      vertex -10.2218 30.1124 31.5
    endloop
  endfacet
  facet normal 0.290253 -0.95695 0
    outer loop
      vertex -8.23044 30.7164 31.5
      vertex -10.2218 30.1124 30
      vertex -8.23044 30.7164 30
    endloop
  endfacet
  facet normal 0.986649 0.16286 0
    outer loop
      vertex -31.189 -6.20387 31.5
      vertex -31.5279 -4.15073 30
      vertex -31.5279 -4.15073 31.5
    endloop
  endfacet
  facet normal 0.986649 0.16286 0
    outer loop
      vertex -31.5279 -4.15073 30
      vertex -31.189 -6.20387 31.5
      vertex -31.189 -6.20387 30
    endloop
  endfacet
  facet normal -0.16286 -0.986649 0
    outer loop
      vertex 4.15073 31.5279 30
      vertex 6.20387 31.189 31.5
      vertex 4.15073 31.5279 31.5
    endloop
  endfacet
  facet normal -0.16286 -0.986649 -0
    outer loop
      vertex 6.20387 31.189 31.5
      vertex 4.15073 31.5279 30
      vertex 6.20387 31.189 30
    endloop
  endfacet
  facet normal -0.986649 0.16286 0
    outer loop
      vertex 31.189 -6.20387 30
      vertex 31.5279 -4.15073 31.5
      vertex 31.5279 -4.15073 30
    endloop
  endfacet
  facet normal -0.986649 0.16286 0
    outer loop
      vertex 31.5279 -4.15073 31.5
      vertex 31.189 -6.20387 30
      vertex 31.189 -6.20387 31.5
    endloop
  endfacet
  facet normal -0.999464 0.0327257 0
    outer loop
      vertex 31.7319 -2.07982 30
      vertex 31.8 0 31.5
      vertex 31.8 0 30
    endloop
  endfacet
  facet normal -0.999464 0.0327257 0
    outer loop
      vertex 31.8 0 31.5
      vertex 31.7319 -2.07982 30
      vertex 31.7319 -2.07982 31.5
    endloop
  endfacet
  facet normal -0.95695 -0.290253 0
    outer loop
      vertex 30.7164 8.23044 30
      vertex 30.1124 10.2218 31.5
      vertex 30.1124 10.2218 30
    endloop
  endfacet
  facet normal -0.95695 -0.290253 0
    outer loop
      vertex 30.1124 10.2218 31.5
      vertex 30.7164 8.23044 30
      vertex 30.7164 8.23044 31.5
    endloop
  endfacet
  facet normal -0.352255 -0.935904 0
    outer loop
      vertex 10.2218 30.1124 30
      vertex 12.1693 29.3794 31.5
      vertex 10.2218 30.1124 31.5
    endloop
  endfacet
  facet normal -0.352255 -0.935904 -0
    outer loop
      vertex 12.1693 29.3794 31.5
      vertex 10.2218 30.1124 30
      vertex 12.1693 29.3794 30
    endloop
  endfacet
  facet normal 0.935904 0.352255 0
    outer loop
      vertex -29.3794 -12.1693 31.5
      vertex -30.1124 -10.2218 30
      vertex -30.1124 -10.2218 31.5
    endloop
  endfacet
  facet normal 0.935904 0.352255 0
    outer loop
      vertex -30.1124 -10.2218 30
      vertex -29.3794 -12.1693 31.5
      vertex -29.3794 -12.1693 30
    endloop
  endfacet
  facet normal -0.412691 -0.910871 0
    outer loop
      vertex 12.1693 29.3794 30
      vertex 14.0648 28.5206 31.5
      vertex 12.1693 29.3794 31.5
    endloop
  endfacet
  facet normal -0.412691 -0.910871 -0
    outer loop
      vertex 14.0648 28.5206 31.5
      vertex 12.1693 29.3794 30
      vertex 14.0648 28.5206 30
    endloop
  endfacet
  facet normal -0.528084 0.849192 0
    outer loop
      vertex 17.6671 -26.4407 30
      vertex 15.9 -27.5396 31.5
      vertex 17.6671 -26.4407 31.5
    endloop
  endfacet
  facet normal -0.528084 0.849192 0
    outer loop
      vertex 15.9 -27.5396 31.5
      vertex 17.6671 -26.4407 30
      vertex 15.9 -27.5396 30
    endloop
  endfacet
  facet normal 0.352255 -0.935904 0
    outer loop
      vertex -12.1693 29.3794 30
      vertex -10.2218 30.1124 31.5
      vertex -12.1693 29.3794 31.5
    endloop
  endfacet
  facet normal 0.352255 -0.935904 0
    outer loop
      vertex -10.2218 30.1124 31.5
      vertex -12.1693 29.3794 30
      vertex -10.2218 30.1124 30
    endloop
  endfacet
  facet normal -0.812849 0.582474 0
    outer loop
      vertex 25.2286 -19.3586 30
      vertex 26.4407 -17.6671 31.5
      vertex 26.4407 -17.6671 30
    endloop
  endfacet
  facet normal -0.812849 0.582474 0
    outer loop
      vertex 26.4407 -17.6671 31.5
      vertex 25.2286 -19.3586 30
      vertex 25.2286 -19.3586 31.5
    endloop
  endfacet
  facet normal 0.352255 0.935904 -0
    outer loop
      vertex -10.2218 -30.1124 30
      vertex -12.1693 -29.3794 31.5
      vertex -10.2218 -30.1124 31.5
    endloop
  endfacet
  facet normal 0.352255 0.935904 0
    outer loop
      vertex -12.1693 -29.3794 31.5
      vertex -10.2218 -30.1124 30
      vertex -12.1693 -29.3794 30
    endloop
  endfacet
  facet normal 0.412691 -0.910871 0
    outer loop
      vertex -14.0648 28.5206 30
      vertex -12.1693 29.3794 31.5
      vertex -14.0648 28.5206 31.5
    endloop
  endfacet
  facet normal 0.412691 -0.910871 0
    outer loop
      vertex -12.1693 29.3794 31.5
      vertex -14.0648 28.5206 30
      vertex -12.1693 29.3794 30
    endloop
  endfacet
  facet normal 0.995183 0.0980329 0
    outer loop
      vertex -31.5279 -4.15073 31.5
      vertex -31.7319 -2.07982 30
      vertex -31.7319 -2.07982 31.5
    endloop
  endfacet
  facet normal 0.995183 0.0980329 0
    outer loop
      vertex -31.7319 -2.07982 30
      vertex -31.5279 -4.15073 31.5
      vertex -31.5279 -4.15073 30
    endloop
  endfacet
  facet normal -0.729867 -0.683589 0
    outer loop
      vertex 23.9085 20.9672 30
      vertex 22.486 22.486 31.5
      vertex 22.486 22.486 30
    endloop
  endfacet
  facet normal -0.729867 -0.683589 0
    outer loop
      vertex 22.486 22.486 31.5
      vertex 23.9085 20.9672 30
      vertex 23.9085 20.9672 31.5
    endloop
  endfacet
  facet normal 0.881908 0.471421 0
    outer loop
      vertex -27.5396 -15.9 31.5
      vertex -28.5206 -14.0648 30
      vertex -28.5206 -14.0648 31.5
    endloop
  endfacet
  facet normal 0.881908 0.471421 0
    outer loop
      vertex -28.5206 -14.0648 30
      vertex -27.5396 -15.9 31.5
      vertex -27.5396 -15.9 30
    endloop
  endfacet
  facet normal -0.528084 -0.849192 0
    outer loop
      vertex 15.9 27.5396 30
      vertex 17.6671 26.4407 31.5
      vertex 15.9 27.5396 31.5
    endloop
  endfacet
  facet normal -0.528084 -0.849192 -0
    outer loop
      vertex 17.6671 26.4407 31.5
      vertex 15.9 27.5396 30
      vertex 17.6671 26.4407 30
    endloop
  endfacet
  facet normal 0.729867 0.683589 0
    outer loop
      vertex -22.486 -22.486 31.5
      vertex -23.9085 -20.9672 30
      vertex -23.9085 -20.9672 31.5
    endloop
  endfacet
  facet normal 0.729867 0.683589 0
    outer loop
      vertex -23.9085 -20.9672 30
      vertex -22.486 -22.486 31.5
      vertex -22.486 -22.486 30
    endloop
  endfacet
  facet normal 0.683589 -0.729867 0
    outer loop
      vertex -22.486 22.486 30
      vertex -20.9672 23.9085 31.5
      vertex -22.486 22.486 31.5
    endloop
  endfacet
  facet normal 0.683589 -0.729867 0
    outer loop
      vertex -20.9672 23.9085 31.5
      vertex -22.486 22.486 30
      vertex -20.9672 23.9085 30
    endloop
  endfacet
  facet normal 0.881908 -0.471421 0
    outer loop
      vertex -28.5206 14.0648 31.5
      vertex -27.5396 15.9 30
      vertex -27.5396 15.9 31.5
    endloop
  endfacet
  facet normal 0.881908 -0.471421 0
    outer loop
      vertex -27.5396 15.9 30
      vertex -28.5206 14.0648 31.5
      vertex -28.5206 14.0648 30
    endloop
  endfacet
  facet normal 0.95695 -0.290253 0
    outer loop
      vertex -30.7164 8.23044 31.5
      vertex -30.1124 10.2218 30
      vertex -30.1124 10.2218 31.5
    endloop
  endfacet
  facet normal 0.95695 -0.290253 0
    outer loop
      vertex -30.1124 10.2218 30
      vertex -30.7164 8.23044 31.5
      vertex -30.7164 8.23044 30
    endloop
  endfacet
  facet normal 0.471421 0.881908 -0
    outer loop
      vertex -14.0648 -28.5206 30
      vertex -15.9 -27.5396 31.5
      vertex -14.0648 -28.5206 31.5
    endloop
  endfacet
  facet normal 0.471421 0.881908 0
    outer loop
      vertex -15.9 -27.5396 31.5
      vertex -14.0648 -28.5206 30
      vertex -15.9 -27.5396 30
    endloop
  endfacet
  facet normal 0.16286 0.986649 -0
    outer loop
      vertex -4.15073 -31.5279 30
      vertex -6.20387 -31.189 31.5
      vertex -4.15073 -31.5279 31.5
    endloop
  endfacet
  facet normal 0.16286 0.986649 0
    outer loop
      vertex -6.20387 -31.189 31.5
      vertex -4.15073 -31.5279 30
      vertex -6.20387 -31.189 30
    endloop
  endfacet
  facet normal -0.412691 0.910871 0
    outer loop
      vertex 14.0648 -28.5206 30
      vertex 12.1693 -29.3794 31.5
      vertex 14.0648 -28.5206 31.5
    endloop
  endfacet
  facet normal -0.412691 0.910871 0
    outer loop
      vertex 12.1693 -29.3794 31.5
      vertex 14.0648 -28.5206 30
      vertex 12.1693 -29.3794 30
    endloop
  endfacet
  facet normal -0.16286 0.986649 0
    outer loop
      vertex 6.20387 -31.189 30
      vertex 4.15073 -31.5279 31.5
      vertex 6.20387 -31.189 31.5
    endloop
  endfacet
  facet normal -0.16286 0.986649 0
    outer loop
      vertex 4.15073 -31.5279 31.5
      vertex 6.20387 -31.189 30
      vertex 4.15073 -31.5279 30
    endloop
  endfacet
  facet normal 0.849192 0.528084 0
    outer loop
      vertex -26.4407 -17.6671 31.5
      vertex -27.5396 -15.9 30
      vertex -27.5396 -15.9 31.5
    endloop
  endfacet
  facet normal 0.849192 0.528084 0
    outer loop
      vertex -27.5396 -15.9 30
      vertex -26.4407 -17.6671 31.5
      vertex -26.4407 -17.6671 30
    endloop
  endfacet
  facet normal -0.97387 0.227108 0
    outer loop
      vertex 30.7164 -8.23044 30
      vertex 31.189 -6.20387 31.5
      vertex 31.189 -6.20387 30
    endloop
  endfacet
  facet normal -0.97387 0.227108 0
    outer loop
      vertex 31.189 -6.20387 31.5
      vertex 30.7164 -8.23044 30
      vertex 30.7164 -8.23044 31.5
    endloop
  endfacet
  facet normal -0.0980329 -0.995183 0
    outer loop
      vertex 2.07982 31.7319 30
      vertex 4.15073 31.5279 31.5
      vertex 2.07982 31.7319 31.5
    endloop
  endfacet
  facet normal -0.0980329 -0.995183 -0
    outer loop
      vertex 4.15073 31.5279 31.5
      vertex 2.07982 31.7319 30
      vertex 4.15073 31.5279 30
    endloop
  endfacet
  facet normal -0.729867 0.683589 0
    outer loop
      vertex 22.486 -22.486 30
      vertex 23.9085 -20.9672 31.5
      vertex 23.9085 -20.9672 30
    endloop
  endfacet
  facet normal -0.729867 0.683589 0
    outer loop
      vertex 23.9085 -20.9672 31.5
      vertex 22.486 -22.486 30
      vertex 22.486 -22.486 31.5
    endloop
  endfacet
  facet normal 0.0980329 0.995183 -0
    outer loop
      vertex -2.07982 -31.7319 30
      vertex -4.15073 -31.5279 31.5
      vertex -2.07982 -31.7319 31.5
    endloop
  endfacet
  facet normal 0.0980329 0.995183 0
    outer loop
      vertex -4.15073 -31.5279 31.5
      vertex -2.07982 -31.7319 30
      vertex -4.15073 -31.5279 30
    endloop
  endfacet
  facet normal -0.227108 -0.97387 0
    outer loop
      vertex 6.20387 31.189 30
      vertex 8.23044 30.7164 31.5
      vertex 6.20387 31.189 31.5
    endloop
  endfacet
  facet normal -0.227108 -0.97387 -0
    outer loop
      vertex 8.23044 30.7164 31.5
      vertex 6.20387 31.189 30
      vertex 8.23044 30.7164 30
    endloop
  endfacet
  facet normal -0.995183 0.0980329 0
    outer loop
      vertex 31.5279 -4.15073 30
      vertex 31.7319 -2.07982 31.5
      vertex 31.7319 -2.07982 30
    endloop
  endfacet
  facet normal -0.995183 0.0980329 0
    outer loop
      vertex 31.7319 -2.07982 31.5
      vertex 31.5279 -4.15073 30
      vertex 31.5279 -4.15073 31.5
    endloop
  endfacet
  facet normal -0.881908 0.471421 0
    outer loop
      vertex 27.5396 -15.9 30
      vertex 28.5206 -14.0648 31.5
      vertex 28.5206 -14.0648 30
    endloop
  endfacet
  facet normal -0.881908 0.471421 0
    outer loop
      vertex 28.5206 -14.0648 31.5
      vertex 27.5396 -15.9 30
      vertex 27.5396 -15.9 31.5
    endloop
  endfacet
  facet normal 0.97387 -0.227108 0
    outer loop
      vertex -31.189 6.20387 31.5
      vertex -30.7164 8.23044 30
      vertex -30.7164 8.23044 31.5
    endloop
  endfacet
  facet normal 0.97387 -0.227108 0
    outer loop
      vertex -30.7164 8.23044 30
      vertex -31.189 6.20387 31.5
      vertex -31.189 6.20387 30
    endloop
  endfacet
  facet normal -0.849192 0.528084 0
    outer loop
      vertex 26.4407 -17.6671 30
      vertex 27.5396 -15.9 31.5
      vertex 27.5396 -15.9 30
    endloop
  endfacet
  facet normal -0.849192 0.528084 0
    outer loop
      vertex 27.5396 -15.9 31.5
      vertex 26.4407 -17.6671 30
      vertex 26.4407 -17.6671 31.5
    endloop
  endfacet
  facet normal -0.471421 -0.881908 0
    outer loop
      vertex 14.0648 28.5206 30
      vertex 15.9 27.5396 31.5
      vertex 14.0648 28.5206 31.5
    endloop
  endfacet
  facet normal -0.471421 -0.881908 -0
    outer loop
      vertex 15.9 27.5396 31.5
      vertex 14.0648 28.5206 30
      vertex 15.9 27.5396 30
    endloop
  endfacet
  facet normal 0.683589 0.729867 -0
    outer loop
      vertex -20.9672 -23.9085 30
      vertex -22.486 -22.486 31.5
      vertex -20.9672 -23.9085 31.5
    endloop
  endfacet
  facet normal 0.683589 0.729867 0
    outer loop
      vertex -22.486 -22.486 31.5
      vertex -20.9672 -23.9085 30
      vertex -22.486 -22.486 30
    endloop
  endfacet
  facet normal 0.95695 0.290253 0
    outer loop
      vertex -30.1124 -10.2218 31.5
      vertex -30.7164 -8.23044 30
      vertex -30.7164 -8.23044 31.5
    endloop
  endfacet
  facet normal 0.95695 0.290253 0
    outer loop
      vertex -30.7164 -8.23044 30
      vertex -30.1124 -10.2218 31.5
      vertex -30.1124 -10.2218 30
    endloop
  endfacet
  facet normal 0.0980329 -0.995183 0
    outer loop
      vertex -4.15073 31.5279 30
      vertex -2.07982 31.7319 31.5
      vertex -4.15073 31.5279 31.5
    endloop
  endfacet
  facet normal 0.0980329 -0.995183 0
    outer loop
      vertex -2.07982 31.7319 31.5
      vertex -4.15073 31.5279 30
      vertex -2.07982 31.7319 30
    endloop
  endfacet
  facet normal 0.729867 -0.683589 0
    outer loop
      vertex -23.9085 20.9672 31.5
      vertex -22.486 22.486 30
      vertex -22.486 22.486 31.5
    endloop
  endfacet
  facet normal 0.729867 -0.683589 0
    outer loop
      vertex -22.486 22.486 30
      vertex -23.9085 20.9672 31.5
      vertex -23.9085 20.9672 30
    endloop
  endfacet
  facet normal 0.999464 0.0327257 0
    outer loop
      vertex -31.7319 -2.07982 31.5
      vertex -31.8 0 30
      vertex -31.8 0 31.5
    endloop
  endfacet
  facet normal 0.999464 0.0327257 0
    outer loop
      vertex -31.8 0 30
      vertex -31.7319 -2.07982 31.5
      vertex -31.7319 -2.07982 30
    endloop
  endfacet
  facet normal 0.97387 0.227108 0
    outer loop
      vertex -30.7164 -8.23044 31.5
      vertex -31.189 -6.20387 30
      vertex -31.189 -6.20387 31.5
    endloop
  endfacet
  facet normal 0.97387 0.227108 0
    outer loop
      vertex -31.189 -6.20387 30
      vertex -30.7164 -8.23044 31.5
      vertex -30.7164 -8.23044 30
    endloop
  endfacet
  facet normal 0.634381 0.773021 -0
    outer loop
      vertex -19.3586 -25.2286 30
      vertex -20.9672 -23.9085 31.5
      vertex -19.3586 -25.2286 31.5
    endloop
  endfacet
  facet normal 0.634381 0.773021 0
    outer loop
      vertex -20.9672 -23.9085 31.5
      vertex -19.3586 -25.2286 30
      vertex -20.9672 -23.9085 30
    endloop
  endfacet
  facet normal 0.0327257 -0.999464 0
    outer loop
      vertex -2.07982 31.7319 30
      vertex 0 31.8 31.5
      vertex -2.07982 31.7319 31.5
    endloop
  endfacet
  facet normal 0.0327257 -0.999464 0
    outer loop
      vertex 0 31.8 31.5
      vertex -2.07982 31.7319 30
      vertex 0 31.8 30
    endloop
  endfacet
  facet normal -0.95695 0.290253 0
    outer loop
      vertex 30.1124 -10.2218 30
      vertex 30.7164 -8.23044 31.5
      vertex 30.7164 -8.23044 30
    endloop
  endfacet
  facet normal -0.95695 0.290253 0
    outer loop
      vertex 30.7164 -8.23044 31.5
      vertex 30.1124 -10.2218 30
      vertex 30.1124 -10.2218 31.5
    endloop
  endfacet
  facet normal 0.227108 0.97387 -0
    outer loop
      vertex -6.20387 -31.189 30
      vertex -8.23044 -30.7164 31.5
      vertex -6.20387 -31.189 31.5
    endloop
  endfacet
  facet normal 0.227108 0.97387 0
    outer loop
      vertex -8.23044 -30.7164 31.5
      vertex -6.20387 -31.189 30
      vertex -8.23044 -30.7164 30
    endloop
  endfacet
  facet normal -0.582474 -0.812849 0
    outer loop
      vertex 17.6671 26.4407 30
      vertex 19.3586 25.2286 31.5
      vertex 17.6671 26.4407 31.5
    endloop
  endfacet
  facet normal -0.582474 -0.812849 -0
    outer loop
      vertex 19.3586 25.2286 31.5
      vertex 17.6671 26.4407 30
      vertex 19.3586 25.2286 30
    endloop
  endfacet
  facet normal -0.352255 0.935904 0
    outer loop
      vertex 12.1693 -29.3794 30
      vertex 10.2218 -30.1124 31.5
      vertex 12.1693 -29.3794 31.5
    endloop
  endfacet
  facet normal -0.352255 0.935904 0
    outer loop
      vertex 10.2218 -30.1124 31.5
      vertex 12.1693 -29.3794 30
      vertex 10.2218 -30.1124 30
    endloop
  endfacet
  facet normal -0.910871 0.412691 0
    outer loop
      vertex 28.5206 -14.0648 30
      vertex 29.3794 -12.1693 31.5
      vertex 29.3794 -12.1693 30
    endloop
  endfacet
  facet normal -0.910871 0.412691 0
    outer loop
      vertex 29.3794 -12.1693 31.5
      vertex 28.5206 -14.0648 30
      vertex 28.5206 -14.0648 31.5
    endloop
  endfacet
  facet normal 0.582474 -0.812849 0
    outer loop
      vertex -19.3586 25.2286 30
      vertex -17.6671 26.4407 31.5
      vertex -19.3586 25.2286 31.5
    endloop
  endfacet
  facet normal 0.582474 -0.812849 0
    outer loop
      vertex -17.6671 26.4407 31.5
      vertex -19.3586 25.2286 30
      vertex -17.6671 26.4407 30
    endloop
  endfacet
  facet normal -0.935904 -0.352255 0
    outer loop
      vertex 30.1124 10.2218 30
      vertex 29.3794 12.1693 31.5
      vertex 29.3794 12.1693 30
    endloop
  endfacet
  facet normal -0.935904 -0.352255 0
    outer loop
      vertex 29.3794 12.1693 31.5
      vertex 30.1124 10.2218 30
      vertex 30.1124 10.2218 31.5
    endloop
  endfacet
  facet normal -0.471421 0.881908 0
    outer loop
      vertex 15.9 -27.5396 30
      vertex 14.0648 -28.5206 31.5
      vertex 15.9 -27.5396 31.5
    endloop
  endfacet
  facet normal -0.471421 0.881908 0
    outer loop
      vertex 14.0648 -28.5206 31.5
      vertex 15.9 -27.5396 30
      vertex 14.0648 -28.5206 30
    endloop
  endfacet
  facet normal -0.986649 -0.16286 0
    outer loop
      vertex 31.5279 4.15073 30
      vertex 31.189 6.20387 31.5
      vertex 31.189 6.20387 30
    endloop
  endfacet
  facet normal -0.986649 -0.16286 0
    outer loop
      vertex 31.189 6.20387 31.5
      vertex 31.5279 4.15073 30
      vertex 31.5279 4.15073 31.5
    endloop
  endfacet
  facet normal 0.471421 -0.881908 0
    outer loop
      vertex -15.9 27.5396 30
      vertex -14.0648 28.5206 31.5
      vertex -15.9 27.5396 31.5
    endloop
  endfacet
  facet normal 0.471421 -0.881908 0
    outer loop
      vertex -14.0648 28.5206 31.5
      vertex -15.9 27.5396 30
      vertex -14.0648 28.5206 30
    endloop
  endfacet
  facet normal 0.935904 -0.352255 0
    outer loop
      vertex -30.1124 10.2218 31.5
      vertex -29.3794 12.1693 30
      vertex -29.3794 12.1693 31.5
    endloop
  endfacet
  facet normal 0.935904 -0.352255 0
    outer loop
      vertex -29.3794 12.1693 30
      vertex -30.1124 10.2218 31.5
      vertex -30.1124 10.2218 30
    endloop
  endfacet
  facet normal 0.528084 0.849192 -0
    outer loop
      vertex -15.9 -27.5396 30
      vertex -17.6671 -26.4407 31.5
      vertex -15.9 -27.5396 31.5
    endloop
  endfacet
  facet normal 0.528084 0.849192 0
    outer loop
      vertex -17.6671 -26.4407 31.5
      vertex -15.9 -27.5396 30
      vertex -17.6671 -26.4407 30
    endloop
  endfacet
  facet normal 0.16286 -0.986649 0
    outer loop
      vertex -6.20387 31.189 30
      vertex -4.15073 31.5279 31.5
      vertex -6.20387 31.189 31.5
    endloop
  endfacet
  facet normal 0.16286 -0.986649 0
    outer loop
      vertex -4.15073 31.5279 31.5
      vertex -6.20387 31.189 30
      vertex -4.15073 31.5279 30
    endloop
  endfacet
  facet normal 0.999464 -0.0327257 0
    outer loop
      vertex -31.8 0 31.5
      vertex -31.7319 2.07982 30
      vertex -31.7319 2.07982 31.5
    endloop
  endfacet
  facet normal 0.999464 -0.0327257 0
    outer loop
      vertex -31.7319 2.07982 30
      vertex -31.8 0 31.5
      vertex -31.8 0 30
    endloop
  endfacet
  facet normal -0.582474 0.812849 0
    outer loop
      vertex 19.3586 -25.2286 30
      vertex 17.6671 -26.4407 31.5
      vertex 19.3586 -25.2286 31.5
    endloop
  endfacet
  facet normal -0.582474 0.812849 0
    outer loop
      vertex 17.6671 -26.4407 31.5
      vertex 19.3586 -25.2286 30
      vertex 17.6671 -26.4407 30
    endloop
  endfacet
  facet normal 0.986649 -0.16286 0
    outer loop
      vertex -31.5279 4.15073 31.5
      vertex -31.189 6.20387 30
      vertex -31.189 6.20387 31.5
    endloop
  endfacet
  facet normal 0.986649 -0.16286 0
    outer loop
      vertex -31.189 6.20387 30
      vertex -31.5279 4.15073 31.5
      vertex -31.5279 4.15073 30
    endloop
  endfacet
  facet normal 0.910871 0.412691 0
    outer loop
      vertex -28.5206 -14.0648 31.5
      vertex -29.3794 -12.1693 30
      vertex -29.3794 -12.1693 31.5
    endloop
  endfacet
  facet normal 0.910871 0.412691 0
    outer loop
      vertex -29.3794 -12.1693 30
      vertex -28.5206 -14.0648 31.5
      vertex -28.5206 -14.0648 30
    endloop
  endfacet
  facet normal 0.528084 -0.849192 0
    outer loop
      vertex -17.6671 26.4407 30
      vertex -15.9 27.5396 31.5
      vertex -17.6671 26.4407 31.5
    endloop
  endfacet
  facet normal 0.528084 -0.849192 0
    outer loop
      vertex -15.9 27.5396 31.5
      vertex -17.6671 26.4407 30
      vertex -15.9 27.5396 30
    endloop
  endfacet
  facet normal 0 0 1
    outer loop
      vertex 30.8 0 30
      vertex 31.8 0 30
      vertex 31.7319 2.07982 30
    endloop
  endfacet
  facet normal 0 0 1
    outer loop
      vertex 30.7341 2.01442 30
      vertex 31.7319 2.07982 30
      vertex 31.5279 4.15073 30
    endloop
  endfacet
  facet normal 0 0 1
    outer loop
      vertex 31.8 0 30
      vertex 30.8 0 30
      vertex 31.7319 -2.07982 30
    endloop
  endfacet
  facet normal 0 0 1
    outer loop
      vertex 30.5365 4.02021 30
      vertex 31.5279 4.15073 30
      vertex 31.189 6.20387 30
    endloop
  endfacet
  facet normal -0 0 1
    outer loop
      vertex 30.7341 -2.01442 30
      vertex 31.7319 -2.07982 30
      vertex 30.8 0 30
    endloop
  endfacet
  facet normal 0 0 1
    outer loop
      vertex 31.7319 -2.07982 30
      vertex 30.7341 -2.01442 30
      vertex 31.5279 -4.15073 30
    endloop
  endfacet
  facet normal 0 0 1
    outer loop
      vertex 31.7319 2.07982 30
      vertex 30.7341 2.01442 30
      vertex 30.8 0 30
    endloop
  endfacet
  facet normal 0 0 1
    outer loop
      vertex 30.2082 6.00878 30
      vertex 31.189 6.20387 30
      vertex 30.7164 8.23044 30
    endloop
  endfacet
  facet normal 0 0 1
    outer loop
      vertex 31.5279 4.15073 30
      vertex 30.5365 4.02021 30
      vertex 30.7341 2.01442 30
    endloop
  endfacet
  facet normal 0 0 1
    outer loop
      vertex 31.189 6.20387 30
      vertex 30.2082 6.00878 30
      vertex 30.5365 4.02021 30
    endloop
  endfacet
  facet normal 0 0 1
    outer loop
      vertex 29.7505 7.97163 30
      vertex 30.7164 8.23044 30
      vertex 30.1124 10.2218 30
    endloop
  endfacet
  facet normal 0 0 1
    outer loop
      vertex 30.7164 8.23044 30
      vertex 29.7505 7.97163 30
      vertex 30.2082 6.00878 30
    endloop
  endfacet
  facet normal 0 0 1
    outer loop
      vertex 29.1654 9.90034 30
      vertex 30.1124 10.2218 30
      vertex 29.3794 12.1693 30
    endloop
  endfacet
  facet normal 0 0 1
    outer loop
      vertex 30.1124 10.2218 30
      vertex 29.1654 9.90034 30
      vertex 29.7505 7.97163 30
    endloop
  endfacet
  facet normal 0 0 1
    outer loop
      vertex 28.4555 11.7866 30
      vertex 29.3794 12.1693 30
      vertex 28.5206 14.0648 30
    endloop
  endfacet
  facet normal 0 0 1
    outer loop
      vertex 29.3794 12.1693 30
      vertex 28.4555 11.7866 30
      vertex 29.1654 9.90034 30
    endloop
  endfacet
  facet normal 0 0 1
    outer loop
      vertex 28.5206 14.0648 30
      vertex 27.6237 13.6225 30
      vertex 28.4555 11.7866 30
    endloop
  endfacet
  facet normal 0 0 1
    outer loop
      vertex 27.5396 15.9 30
      vertex 27.6237 13.6225 30
      vertex 28.5206 14.0648 30
    endloop
  endfacet
  facet normal 0 0 1
    outer loop
      vertex 27.5396 15.9 30
      vertex 26.6736 15.4 30
      vertex 27.6237 13.6225 30
    endloop
  endfacet
  facet normal 0 0 1
    outer loop
      vertex 26.4407 17.6671 30
      vertex 26.6736 15.4 30
      vertex 27.5396 15.9 30
    endloop
  endfacet
  facet normal 0 0 1
    outer loop
      vertex 26.4407 17.6671 30
      vertex 25.6093 17.1116 30
      vertex 26.6736 15.4 30
    endloop
  endfacet
  facet normal 0 0 1
    outer loop
      vertex 25.2286 19.3586 30
      vertex 25.6093 17.1116 30
      vertex 26.4407 17.6671 30
    endloop
  endfacet
  facet normal 0 0 1
    outer loop
      vertex 25.2286 19.3586 30
      vertex 24.4353 18.7499 30
      vertex 25.6093 17.1116 30
    endloop
  endfacet
  facet normal 0 0 1
    outer loop
      vertex 23.9085 20.9672 30
      vertex 24.4353 18.7499 30
      vertex 25.2286 19.3586 30
    endloop
  endfacet
  facet normal 0 0 1
    outer loop
      vertex 23.9085 20.9672 30
      vertex 23.1567 20.3078 30
      vertex 24.4353 18.7499 30
    endloop
  endfacet
  facet normal 0 0 1
    outer loop
      vertex 22.486 22.486 30
      vertex 23.1567 20.3078 30
      vertex 23.9085 20.9672 30
    endloop
  endfacet
  facet normal 0 0 1
    outer loop
      vertex 22.486 22.486 30
      vertex 21.7789 21.7789 30
      vertex 23.1567 20.3078 30
    endloop
  endfacet
  facet normal 0 0 1
    outer loop
      vertex 20.9672 23.9085 30
      vertex 21.7789 21.7789 30
      vertex 22.486 22.486 30
    endloop
  endfacet
  facet normal 0 0 1
    outer loop
      vertex 20.9672 23.9085 30
      vertex 20.3078 23.1567 30
      vertex 21.7789 21.7789 30
    endloop
  endfacet
  facet normal 0 0 1
    outer loop
      vertex 19.3586 25.2286 30
      vertex 20.3078 23.1567 30
      vertex 20.9672 23.9085 30
    endloop
  endfacet
  facet normal 0 0 1
    outer loop
      vertex 19.3586 25.2286 30
      vertex 18.7499 24.4353 30
      vertex 20.3078 23.1567 30
    endloop
  endfacet
  facet normal 0 0 1
    outer loop
      vertex 17.6671 26.4407 30
      vertex 18.7499 24.4353 30
      vertex 19.3586 25.2286 30
    endloop
  endfacet
  facet normal 0 0 1
    outer loop
      vertex 17.6671 26.4407 30
      vertex 17.1116 25.6093 30
      vertex 18.7499 24.4353 30
    endloop
  endfacet
  facet normal 0 0 1
    outer loop
      vertex 15.9 27.5396 30
      vertex 17.1116 25.6093 30
      vertex 17.6671 26.4407 30
    endloop
  endfacet
  facet normal 0 0 1
    outer loop
      vertex 15.9 27.5396 30
      vertex 15.4 26.6736 30
      vertex 17.1116 25.6093 30
    endloop
  endfacet
  facet normal 0 0 1
    outer loop
      vertex 14.0648 28.5206 30
      vertex 15.4 26.6736 30
      vertex 15.9 27.5396 30
    endloop
  endfacet
  facet normal 0 0 1
    outer loop
      vertex 14.0648 28.5206 30
      vertex 13.6225 27.6237 30
      vertex 15.4 26.6736 30
    endloop
  endfacet
  facet normal 0 0 1
    outer loop
      vertex 12.1693 29.3794 30
      vertex 13.6225 27.6237 30
      vertex 14.0648 28.5206 30
    endloop
  endfacet
  facet normal 0 0 1
    outer loop
      vertex 12.1693 29.3794 30
      vertex 11.7866 28.4555 30
      vertex 13.6225 27.6237 30
    endloop
  endfacet
  facet normal 0 0 1
    outer loop
      vertex 10.2218 30.1124 30
      vertex 11.7866 28.4555 30
      vertex 12.1693 29.3794 30
    endloop
  endfacet
  facet normal 0 0 1
    outer loop
      vertex 10.2218 30.1124 30
      vertex 9.90034 29.1654 30
      vertex 11.7866 28.4555 30
    endloop
  endfacet
  facet normal 0 0 1
    outer loop
      vertex 8.23044 30.7164 30
      vertex 9.90034 29.1654 30
      vertex 10.2218 30.1124 30
    endloop
  endfacet
  facet normal 0 0 1
    outer loop
      vertex 8.23044 30.7164 30
      vertex 7.97163 29.7505 30
      vertex 9.90034 29.1654 30
    endloop
  endfacet
  facet normal 0 0 1
    outer loop
      vertex 6.20387 31.189 30
      vertex 7.97163 29.7505 30
      vertex 8.23044 30.7164 30
    endloop
  endfacet
  facet normal 0 0 1
    outer loop
      vertex 6.20387 31.189 30
      vertex 6.00878 30.2082 30
      vertex 7.97163 29.7505 30
    endloop
  endfacet
  facet normal 0 0 1
    outer loop
      vertex 4.15073 31.5279 30
      vertex 6.00878 30.2082 30
      vertex 6.20387 31.189 30
    endloop
  endfacet
  facet normal 0 0 1
    outer loop
      vertex 4.15073 31.5279 30
      vertex 4.02021 30.5365 30
      vertex 6.00878 30.2082 30
    endloop
  endfacet
  facet normal 0 0 1
    outer loop
      vertex 2.07982 31.7319 30
      vertex 4.02021 30.5365 30
      vertex 4.15073 31.5279 30
    endloop
  endfacet
  facet normal 0 0 1
    outer loop
      vertex 2.07982 31.7319 30
      vertex 2.01442 30.7341 30
      vertex 4.02021 30.5365 30
    endloop
  endfacet
  facet normal 0 0 1
    outer loop
      vertex 0 31.8 30
      vertex 2.01442 30.7341 30
      vertex 2.07982 31.7319 30
    endloop
  endfacet
  facet normal 0 0 1
    outer loop
      vertex 0 31.8 30
      vertex 0 30.8 30
      vertex 2.01442 30.7341 30
    endloop
  endfacet
  facet normal 0 0 1
    outer loop
      vertex 0 31.8 30
      vertex -2.01442 30.7341 30
      vertex 0 30.8 30
    endloop
  endfacet
  facet normal -0 0 1
    outer loop
      vertex -2.07982 31.7319 30
      vertex -2.01442 30.7341 30
      vertex 0 31.8 30
    endloop
  endfacet
  facet normal 0 0 1
    outer loop
      vertex -2.07982 31.7319 30
      vertex -4.02021 30.5365 30
      vertex -2.01442 30.7341 30
    endloop
  endfacet
  facet normal -0 0 1
    outer loop
      vertex -4.15073 31.5279 30
      vertex -4.02021 30.5365 30
      vertex -2.07982 31.7319 30
    endloop
  endfacet
  facet normal 0 0 1
    outer loop
      vertex -4.15073 31.5279 30
      vertex -6.00878 30.2082 30
      vertex -4.02021 30.5365 30
    endloop
  endfacet
  facet normal -0 0 1
    outer loop
      vertex -6.20387 31.189 30
      vertex -6.00878 30.2082 30
      vertex -4.15073 31.5279 30
    endloop
  endfacet
  facet normal 0 0 1
    outer loop
      vertex -6.20387 31.189 30
      vertex -7.97163 29.7505 30
      vertex -6.00878 30.2082 30
    endloop
  endfacet
  facet normal -0 0 1
    outer loop
      vertex -8.23044 30.7164 30
      vertex -7.97163 29.7505 30
      vertex -6.20387 31.189 30
    endloop
  endfacet
  facet normal 0 0 1
    outer loop
      vertex -8.23044 30.7164 30
      vertex -9.90034 29.1654 30
      vertex -7.97163 29.7505 30
    endloop
  endfacet
  facet normal -0 0 1
    outer loop
      vertex -10.2218 30.1124 30
      vertex -9.90034 29.1654 30
      vertex -8.23044 30.7164 30
    endloop
  endfacet
  facet normal 0 0 1
    outer loop
      vertex -10.2218 30.1124 30
      vertex -11.7866 28.4555 30
      vertex -9.90034 29.1654 30
    endloop
  endfacet
  facet normal -0 0 1
    outer loop
      vertex -12.1693 29.3794 30
      vertex -11.7866 28.4555 30
      vertex -10.2218 30.1124 30
    endloop
  endfacet
  facet normal 0 0 1
    outer loop
      vertex -12.1693 29.3794 30
      vertex -13.6225 27.6237 30
      vertex -11.7866 28.4555 30
    endloop
  endfacet
  facet normal -0 0 1
    outer loop
      vertex -14.0648 28.5206 30
      vertex -13.6225 27.6237 30
      vertex -12.1693 29.3794 30
    endloop
  endfacet
  facet normal 0 0 1
    outer loop
      vertex -14.0648 28.5206 30
      vertex -15.4 26.6736 30
      vertex -13.6225 27.6237 30
    endloop
  endfacet
  facet normal -0 0 1
    outer loop
      vertex -15.9 27.5396 30
      vertex -15.4 26.6736 30
      vertex -14.0648 28.5206 30
    endloop
  endfacet
  facet normal 0 0 1
    outer loop
      vertex -15.9 27.5396 30
      vertex -17.1116 25.6093 30
      vertex -15.4 26.6736 30
    endloop
  endfacet
  facet normal -0 0 1
    outer loop
      vertex -17.6671 26.4407 30
      vertex -17.1116 25.6093 30
      vertex -15.9 27.5396 30
    endloop
  endfacet
  facet normal 0 0 1
    outer loop
      vertex -17.6671 26.4407 30
      vertex -18.7499 24.4353 30
      vertex -17.1116 25.6093 30
    endloop
  endfacet
  facet normal -0 0 1
    outer loop
      vertex -19.3586 25.2286 30
      vertex -18.7499 24.4353 30
      vertex -17.6671 26.4407 30
    endloop
  endfacet
  facet normal 0 0 1
    outer loop
      vertex -19.3586 25.2286 30
      vertex -20.3078 23.1567 30
      vertex -18.7499 24.4353 30
    endloop
  endfacet
  facet normal -0 0 1
    outer loop
      vertex -20.9672 23.9085 30
      vertex -20.3078 23.1567 30
      vertex -19.3586 25.2286 30
    endloop
  endfacet
  facet normal 0 0 1
    outer loop
      vertex -20.9672 23.9085 30
      vertex -21.7789 21.7789 30
      vertex -20.3078 23.1567 30
    endloop
  endfacet
  facet normal -0 0 1
    outer loop
      vertex -22.486 22.486 30
      vertex -21.7789 21.7789 30
      vertex -20.9672 23.9085 30
    endloop
  endfacet
  facet normal 0 0 1
    outer loop
      vertex -22.486 22.486 30
      vertex -23.1567 20.3078 30
      vertex -21.7789 21.7789 30
    endloop
  endfacet
  facet normal -0 0 1
    outer loop
      vertex -23.9085 20.9672 30
      vertex -23.1567 20.3078 30
      vertex -22.486 22.486 30
    endloop
  endfacet
  facet normal 0 0 1
    outer loop
      vertex -23.9085 20.9672 30
      vertex -24.4353 18.7499 30
      vertex -23.1567 20.3078 30
    endloop
  endfacet
  facet normal -0 0 1
    outer loop
      vertex -25.2286 19.3586 30
      vertex -24.4353 18.7499 30
      vertex -23.9085 20.9672 30
    endloop
  endfacet
  facet normal 0 0 1
    outer loop
      vertex -25.2286 19.3586 30
      vertex -25.6093 17.1116 30
      vertex -24.4353 18.7499 30
    endloop
  endfacet
  facet normal -0 0 1
    outer loop
      vertex -26.4407 17.6671 30
      vertex -25.6093 17.1116 30
      vertex -25.2286 19.3586 30
    endloop
  endfacet
  facet normal 0 0 1
    outer loop
      vertex -26.4407 17.6671 30
      vertex -26.6736 15.4 30
      vertex -25.6093 17.1116 30
    endloop
  endfacet
  facet normal -0 0 1
    outer loop
      vertex -27.5396 15.9 30
      vertex -26.6736 15.4 30
      vertex -26.4407 17.6671 30
    endloop
  endfacet
  facet normal 0 0 1
    outer loop
      vertex -27.5396 15.9 30
      vertex -27.6237 13.6225 30
      vertex -26.6736 15.4 30
    endloop
  endfacet
  facet normal -0 0 1
    outer loop
      vertex -28.5206 14.0648 30
      vertex -27.6237 13.6225 30
      vertex -27.5396 15.9 30
    endloop
  endfacet
  facet normal 0 0 1
    outer loop
      vertex -27.6237 13.6225 30
      vertex -28.5206 14.0648 30
      vertex -28.4555 11.7866 30
    endloop
  endfacet
  facet normal -0 0 1
    outer loop
      vertex -29.3794 12.1693 30
      vertex -28.4555 11.7866 30
      vertex -28.5206 14.0648 30
    endloop
  endfacet
  facet normal 0 0 1
    outer loop
      vertex -28.4555 11.7866 30
      vertex -29.3794 12.1693 30
      vertex -29.1654 9.90034 30
    endloop
  endfacet
  facet normal -0 0 1
    outer loop
      vertex -30.1124 10.2218 30
      vertex -29.1654 9.90034 30
      vertex -29.3794 12.1693 30
    endloop
  endfacet
  facet normal 0 0 1
    outer loop
      vertex -29.1654 9.90034 30
      vertex -30.1124 10.2218 30
      vertex -29.7505 7.97163 30
    endloop
  endfacet
  facet normal -0 0 1
    outer loop
      vertex -30.7164 8.23044 30
      vertex -29.7505 7.97163 30
      vertex -30.1124 10.2218 30
    endloop
  endfacet
  facet normal 0 0 1
    outer loop
      vertex -29.7505 7.97163 30
      vertex -30.7164 8.23044 30
      vertex -30.2082 6.00878 30
    endloop
  endfacet
  facet normal -0 0 1
    outer loop
      vertex -31.189 6.20387 30
      vertex -30.2082 6.00878 30
      vertex -30.7164 8.23044 30
    endloop
  endfacet
  facet normal 0 0 1
    outer loop
      vertex -30.2082 6.00878 30
      vertex -31.189 6.20387 30
      vertex -30.5365 4.02021 30
    endloop
  endfacet
  facet normal -0 0 1
    outer loop
      vertex -31.5279 4.15073 30
      vertex -30.5365 4.02021 30
      vertex -31.189 6.20387 30
    endloop
  endfacet
  facet normal 0 0 1
    outer loop
      vertex -30.5365 4.02021 30
      vertex -31.5279 4.15073 30
      vertex -30.7341 2.01442 30
    endloop
  endfacet
  facet normal -0 0 1
    outer loop
      vertex 30.5365 -4.02021 30
      vertex 31.5279 -4.15073 30
      vertex 30.7341 -2.01442 30
    endloop
  endfacet
  facet normal 0 0 1
    outer loop
      vertex 31.5279 -4.15073 30
      vertex 30.5365 -4.02021 30
      vertex 31.189 -6.20387 30
    endloop
  endfacet
  facet normal -0 0 1
    outer loop
      vertex 30.2082 -6.00878 30
      vertex 31.189 -6.20387 30
      vertex 30.5365 -4.02021 30
    endloop
  endfacet
  facet normal 0 0 1
    outer loop
      vertex 31.189 -6.20387 30
      vertex 30.2082 -6.00878 30
      vertex 30.7164 -8.23044 30
    endloop
  endfacet
  facet normal -0 0 1
    outer loop
      vertex 29.7505 -7.97163 30
      vertex 30.7164 -8.23044 30
      vertex 30.2082 -6.00878 30
    endloop
  endfacet
  facet normal 0 0 1
    outer loop
      vertex 30.7164 -8.23044 30
      vertex 29.7505 -7.97163 30
      vertex 30.1124 -10.2218 30
    endloop
  endfacet
  facet normal -0 0 1
    outer loop
      vertex 29.1654 -9.90034 30
      vertex 30.1124 -10.2218 30
      vertex 29.7505 -7.97163 30
    endloop
  endfacet
  facet normal 0 0 1
    outer loop
      vertex 30.1124 -10.2218 30
      vertex 29.1654 -9.90034 30
      vertex 29.3794 -12.1693 30
    endloop
  endfacet
  facet normal -0 0 1
    outer loop
      vertex 28.4555 -11.7866 30
      vertex 29.3794 -12.1693 30
      vertex 29.1654 -9.90034 30
    endloop
  endfacet
  facet normal 0 0 1
    outer loop
      vertex 29.3794 -12.1693 30
      vertex 28.4555 -11.7866 30
      vertex 28.5206 -14.0648 30
    endloop
  endfacet
  facet normal -0 0 1
    outer loop
      vertex 27.6237 -13.6225 30
      vertex 28.5206 -14.0648 30
      vertex 28.4555 -11.7866 30
    endloop
  endfacet
  facet normal 0 0 1
    outer loop
      vertex 27.6237 -13.6225 30
      vertex 27.5396 -15.9 30
      vertex 28.5206 -14.0648 30
    endloop
  endfacet
  facet normal -0 0 1
    outer loop
      vertex 26.6736 -15.4 30
      vertex 27.5396 -15.9 30
      vertex 27.6237 -13.6225 30
    endloop
  endfacet
  facet normal 0 0 1
    outer loop
      vertex 26.6736 -15.4 30
      vertex 26.4407 -17.6671 30
      vertex 27.5396 -15.9 30
    endloop
  endfacet
  facet normal -0 0 1
    outer loop
      vertex 25.6093 -17.1116 30
      vertex 26.4407 -17.6671 30
      vertex 26.6736 -15.4 30
    endloop
  endfacet
  facet normal 0 0 1
    outer loop
      vertex 25.6093 -17.1116 30
      vertex 25.2286 -19.3586 30
      vertex 26.4407 -17.6671 30
    endloop
  endfacet
  facet normal -0 0 1
    outer loop
      vertex 24.4353 -18.7499 30
      vertex 25.2286 -19.3586 30
      vertex 25.6093 -17.1116 30
    endloop
  endfacet
  facet normal 0 0 1
    outer loop
      vertex 24.4353 -18.7499 30
      vertex 23.9085 -20.9672 30
      vertex 25.2286 -19.3586 30
    endloop
  endfacet
  facet normal -0 0 1
    outer loop
      vertex 23.1567 -20.3078 30
      vertex 23.9085 -20.9672 30
      vertex 24.4353 -18.7499 30
    endloop
  endfacet
  facet normal 0 0 1
    outer loop
      vertex 23.1567 -20.3078 30
      vertex 22.486 -22.486 30
      vertex 23.9085 -20.9672 30
    endloop
  endfacet
  facet normal -0 0 1
    outer loop
      vertex 21.7789 -21.7789 30
      vertex 22.486 -22.486 30
      vertex 23.1567 -20.3078 30
    endloop
  endfacet
  facet normal 0 0 1
    outer loop
      vertex 21.7789 -21.7789 30
      vertex 20.9672 -23.9085 30
      vertex 22.486 -22.486 30
    endloop
  endfacet
  facet normal -0 0 1
    outer loop
      vertex 20.3078 -23.1567 30
      vertex 20.9672 -23.9085 30
      vertex 21.7789 -21.7789 30
    endloop
  endfacet
  facet normal 0 0 1
    outer loop
      vertex 20.3078 -23.1567 30
      vertex 19.3586 -25.2286 30
      vertex 20.9672 -23.9085 30
    endloop
  endfacet
  facet normal -0 0 1
    outer loop
      vertex 18.7499 -24.4353 30
      vertex 19.3586 -25.2286 30
      vertex 20.3078 -23.1567 30
    endloop
  endfacet
  facet normal 0 0 1
    outer loop
      vertex 18.7499 -24.4353 30
      vertex 17.6671 -26.4407 30
      vertex 19.3586 -25.2286 30
    endloop
  endfacet
  facet normal -0 0 1
    outer loop
      vertex 17.1116 -25.6093 30
      vertex 17.6671 -26.4407 30
      vertex 18.7499 -24.4353 30
    endloop
  endfacet
  facet normal 0 0 1
    outer loop
      vertex 17.1116 -25.6093 30
      vertex 15.9 -27.5396 30
      vertex 17.6671 -26.4407 30
    endloop
  endfacet
  facet normal -0 0 1
    outer loop
      vertex 15.4 -26.6736 30
      vertex 15.9 -27.5396 30
      vertex 17.1116 -25.6093 30
    endloop
  endfacet
  facet normal 0 0 1
    outer loop
      vertex 15.4 -26.6736 30
      vertex 14.0648 -28.5206 30
      vertex 15.9 -27.5396 30
    endloop
  endfacet
  facet normal -0 0 1
    outer loop
      vertex 13.6225 -27.6237 30
      vertex 14.0648 -28.5206 30
      vertex 15.4 -26.6736 30
    endloop
  endfacet
  facet normal 0 0 1
    outer loop
      vertex 13.6225 -27.6237 30
      vertex 12.1693 -29.3794 30
      vertex 14.0648 -28.5206 30
    endloop
  endfacet
  facet normal -0 0 1
    outer loop
      vertex 11.7866 -28.4555 30
      vertex 12.1693 -29.3794 30
      vertex 13.6225 -27.6237 30
    endloop
  endfacet
  facet normal 0 0 1
    outer loop
      vertex 11.7866 -28.4555 30
      vertex 10.2218 -30.1124 30
      vertex 12.1693 -29.3794 30
    endloop
  endfacet
  facet normal -0 0 1
    outer loop
      vertex 9.90034 -29.1654 30
      vertex 10.2218 -30.1124 30
      vertex 11.7866 -28.4555 30
    endloop
  endfacet
  facet normal 0 0 1
    outer loop
      vertex 9.90034 -29.1654 30
      vertex 8.23044 -30.7164 30
      vertex 10.2218 -30.1124 30
    endloop
  endfacet
  facet normal -0 0 1
    outer loop
      vertex 7.97163 -29.7505 30
      vertex 8.23044 -30.7164 30
      vertex 9.90034 -29.1654 30
    endloop
  endfacet
  facet normal 0 0 1
    outer loop
      vertex 7.97163 -29.7505 30
      vertex 6.20387 -31.189 30
      vertex 8.23044 -30.7164 30
    endloop
  endfacet
  facet normal -0 0 1
    outer loop
      vertex 6.00878 -30.2082 30
      vertex 6.20387 -31.189 30
      vertex 7.97163 -29.7505 30
    endloop
  endfacet
  facet normal 0 0 1
    outer loop
      vertex 6.00878 -30.2082 30
      vertex 4.15073 -31.5279 30
      vertex 6.20387 -31.189 30
    endloop
  endfacet
  facet normal -0 0 1
    outer loop
      vertex 4.02021 -30.5365 30
      vertex 4.15073 -31.5279 30
      vertex 6.00878 -30.2082 30
    endloop
  endfacet
  facet normal 0 0 1
    outer loop
      vertex 4.02021 -30.5365 30
      vertex 2.07982 -31.7319 30
      vertex 4.15073 -31.5279 30
    endloop
  endfacet
  facet normal -0 0 1
    outer loop
      vertex 2.01442 -30.7341 30
      vertex 2.07982 -31.7319 30
      vertex 4.02021 -30.5365 30
    endloop
  endfacet
  facet normal -0 0 1
    outer loop
      vertex 0 -30.8 30
      vertex 2.07982 -31.7319 30
      vertex 2.01442 -30.7341 30
    endloop
  endfacet
  facet normal 0 0 1
    outer loop
      vertex 0 -30.8 30
      vertex 0 -31.8 30
      vertex 2.07982 -31.7319 30
    endloop
  endfacet
  facet normal 0 0 1
    outer loop
      vertex -2.01442 -30.7341 30
      vertex 0 -31.8 30
      vertex 0 -30.8 30
    endloop
  endfacet
  facet normal 0 0 1
    outer loop
      vertex -2.01442 -30.7341 30
      vertex -2.07982 -31.7319 30
      vertex 0 -31.8 30
    endloop
  endfacet
  facet normal 0 0 1
    outer loop
      vertex -4.02021 -30.5365 30
      vertex -2.07982 -31.7319 30
      vertex -2.01442 -30.7341 30
    endloop
  endfacet
  facet normal 0 0 1
    outer loop
      vertex -4.02021 -30.5365 30
      vertex -4.15073 -31.5279 30
      vertex -2.07982 -31.7319 30
    endloop
  endfacet
  facet normal 0 0 1
    outer loop
      vertex -6.00878 -30.2082 30
      vertex -4.15073 -31.5279 30
      vertex -4.02021 -30.5365 30
    endloop
  endfacet
  facet normal 0 0 1
    outer loop
      vertex -6.00878 -30.2082 30
      vertex -6.20387 -31.189 30
      vertex -4.15073 -31.5279 30
    endloop
  endfacet
  facet normal 0 0 1
    outer loop
      vertex -7.97163 -29.7505 30
      vertex -6.20387 -31.189 30
      vertex -6.00878 -30.2082 30
    endloop
  endfacet
  facet normal 0 0 1
    outer loop
      vertex -7.97163 -29.7505 30
      vertex -8.23044 -30.7164 30
      vertex -6.20387 -31.189 30
    endloop
  endfacet
  facet normal 0 0 1
    outer loop
      vertex -9.90034 -29.1654 30
      vertex -8.23044 -30.7164 30
      vertex -7.97163 -29.7505 30
    endloop
  endfacet
  facet normal 0 0 1
    outer loop
      vertex -9.90034 -29.1654 30
      vertex -10.2218 -30.1124 30
      vertex -8.23044 -30.7164 30
    endloop
  endfacet
  facet normal 0 0 1
    outer loop
      vertex -11.7866 -28.4555 30
      vertex -10.2218 -30.1124 30
      vertex -9.90034 -29.1654 30
    endloop
  endfacet
  facet normal 0 0 1
    outer loop
      vertex -11.7866 -28.4555 30
      vertex -12.1693 -29.3794 30
      vertex -10.2218 -30.1124 30
    endloop
  endfacet
  facet normal 0 0 1
    outer loop
      vertex -13.6225 -27.6237 30
      vertex -12.1693 -29.3794 30
      vertex -11.7866 -28.4555 30
    endloop
  endfacet
  facet normal 0 0 1
    outer loop
      vertex -13.6225 -27.6237 30
      vertex -14.0648 -28.5206 30
      vertex -12.1693 -29.3794 30
    endloop
  endfacet
  facet normal 0 0 1
    outer loop
      vertex -15.4 -26.6736 30
      vertex -14.0648 -28.5206 30
      vertex -13.6225 -27.6237 30
    endloop
  endfacet
  facet normal 0 0 1
    outer loop
      vertex -15.4 -26.6736 30
      vertex -15.9 -27.5396 30
      vertex -14.0648 -28.5206 30
    endloop
  endfacet
  facet normal 0 0 1
    outer loop
      vertex -17.1116 -25.6093 30
      vertex -15.9 -27.5396 30
      vertex -15.4 -26.6736 30
    endloop
  endfacet
  facet normal 0 0 1
    outer loop
      vertex -17.1116 -25.6093 30
      vertex -17.6671 -26.4407 30
      vertex -15.9 -27.5396 30
    endloop
  endfacet
  facet normal 0 0 1
    outer loop
      vertex -18.7499 -24.4353 30
      vertex -17.6671 -26.4407 30
      vertex -17.1116 -25.6093 30
    endloop
  endfacet
  facet normal 0 0 1
    outer loop
      vertex -18.7499 -24.4353 30
      vertex -19.3586 -25.2286 30
      vertex -17.6671 -26.4407 30
    endloop
  endfacet
  facet normal 0 0 1
    outer loop
      vertex -20.3078 -23.1567 30
      vertex -19.3586 -25.2286 30
      vertex -18.7499 -24.4353 30
    endloop
  endfacet
  facet normal 0 0 1
    outer loop
      vertex -20.3078 -23.1567 30
      vertex -20.9672 -23.9085 30
      vertex -19.3586 -25.2286 30
    endloop
  endfacet
  facet normal 0 0 1
    outer loop
      vertex -21.7789 -21.7789 30
      vertex -20.9672 -23.9085 30
      vertex -20.3078 -23.1567 30
    endloop
  endfacet
  facet normal 0 0 1
    outer loop
      vertex -21.7789 -21.7789 30
      vertex -22.486 -22.486 30
      vertex -20.9672 -23.9085 30
    endloop
  endfacet
  facet normal 0 0 1
    outer loop
      vertex -23.1567 -20.3078 30
      vertex -22.486 -22.486 30
      vertex -21.7789 -21.7789 30
    endloop
  endfacet
  facet normal 0 0 1
    outer loop
      vertex -23.1567 -20.3078 30
      vertex -23.9085 -20.9672 30
      vertex -22.486 -22.486 30
    endloop
  endfacet
  facet normal 0 0 1
    outer loop
      vertex -24.4353 -18.7499 30
      vertex -23.9085 -20.9672 30
      vertex -23.1567 -20.3078 30
    endloop
  endfacet
  facet normal 0 0 1
    outer loop
      vertex -24.4353 -18.7499 30
      vertex -25.2286 -19.3586 30
      vertex -23.9085 -20.9672 30
    endloop
  endfacet
  facet normal 0 0 1
    outer loop
      vertex -25.6093 -17.1116 30
      vertex -25.2286 -19.3586 30
      vertex -24.4353 -18.7499 30
    endloop
  endfacet
  facet normal 0 0 1
    outer loop
      vertex -25.6093 -17.1116 30
      vertex -26.4407 -17.6671 30
      vertex -25.2286 -19.3586 30
    endloop
  endfacet
  facet normal 0 0 1
    outer loop
      vertex -26.6736 -15.4 30
      vertex -26.4407 -17.6671 30
      vertex -25.6093 -17.1116 30
    endloop
  endfacet
  facet normal 0 0 1
    outer loop
      vertex -26.6736 -15.4 30
      vertex -27.5396 -15.9 30
      vertex -26.4407 -17.6671 30
    endloop
  endfacet
  facet normal 0 0 1
    outer loop
      vertex -27.6237 -13.6225 30
      vertex -27.5396 -15.9 30
      vertex -26.6736 -15.4 30
    endloop
  endfacet
  facet normal 0 0 1
    outer loop
      vertex -28.5206 -14.0648 30
      vertex -27.6237 -13.6225 30
      vertex -28.4555 -11.7866 30
    endloop
  endfacet
  facet normal 0 0 1
    outer loop
      vertex -27.6237 -13.6225 30
      vertex -28.5206 -14.0648 30
      vertex -27.5396 -15.9 30
    endloop
  endfacet
  facet normal 0 0 1
    outer loop
      vertex -29.3794 -12.1693 30
      vertex -28.4555 -11.7866 30
      vertex -29.1654 -9.90034 30
    endloop
  endfacet
  facet normal 0 0 1
    outer loop
      vertex -28.4555 -11.7866 30
      vertex -29.3794 -12.1693 30
      vertex -28.5206 -14.0648 30
    endloop
  endfacet
  facet normal 0 0 1
    outer loop
      vertex -30.1124 -10.2218 30
      vertex -29.1654 -9.90034 30
      vertex -29.7505 -7.97163 30
    endloop
  endfacet
  facet normal 0 0 1
    outer loop
      vertex -29.1654 -9.90034 30
      vertex -30.1124 -10.2218 30
      vertex -29.3794 -12.1693 30
    endloop
  endfacet
  facet normal 0 0 1
    outer loop
      vertex -30.7164 -8.23044 30
      vertex -29.7505 -7.97163 30
      vertex -30.2082 -6.00878 30
    endloop
  endfacet
  facet normal 0 0 1
    outer loop
      vertex -31.189 -6.20387 30
      vertex -30.2082 -6.00878 30
      vertex -30.5365 -4.02021 30
    endloop
  endfacet
  facet normal 0 0 1
    outer loop
      vertex -29.7505 -7.97163 30
      vertex -30.7164 -8.23044 30
      vertex -30.1124 -10.2218 30
    endloop
  endfacet
  facet normal 0 0 1
    outer loop
      vertex -31.5279 -4.15073 30
      vertex -30.5365 -4.02021 30
      vertex -30.7341 -2.01442 30
    endloop
  endfacet
  facet normal 0 0 1
    outer loop
      vertex -31.7319 -2.07982 30
      vertex -30.7341 -2.01442 30
      vertex -30.8 0 30
    endloop
  endfacet
  facet normal -0 0 1
    outer loop
      vertex -31.7319 2.07982 30
      vertex -30.7341 2.01442 30
      vertex -31.5279 4.15073 30
    endloop
  endfacet
  facet normal 0 0 1
    outer loop
      vertex -30.2082 -6.00878 30
      vertex -31.189 -6.20387 30
      vertex -30.7164 -8.23044 30
    endloop
  endfacet
  facet normal 0 0 1
    outer loop
      vertex -30.7341 2.01442 30
      vertex -31.7319 2.07982 30
      vertex -30.8 0 30
    endloop
  endfacet
  facet normal 0 0 1
    outer loop
      vertex -30.5365 -4.02021 30
      vertex -31.5279 -4.15073 30
      vertex -31.189 -6.20387 30
    endloop
  endfacet
  facet normal 0 0 1
    outer loop
      vertex -31.8 0 30
      vertex -30.8 0 30
      vertex -31.7319 2.07982 30
    endloop
  endfacet
  facet normal 0 0 1
    outer loop
      vertex -30.7341 -2.01442 30
      vertex -31.7319 -2.07982 30
      vertex -31.5279 -4.15073 30
    endloop
  endfacet
  facet normal 0 0 1
    outer loop
      vertex -30.8 0 30
      vertex -31.8 0 30
      vertex -31.7319 -2.07982 30
    endloop
  endfacet
  facet normal -0.0327257 -0.999464 0
    outer loop
      vertex 0 31.8 30
      vertex 2.07982 31.7319 31.5
      vertex 0 31.8 31.5
    endloop
  endfacet
  facet normal -0.0327257 -0.999464 -0
    outer loop
      vertex 2.07982 31.7319 31.5
      vertex 0 31.8 30
      vertex 2.07982 31.7319 30
    endloop
  endfacet
  facet normal -0.227108 0.97387 0
    outer loop
      vertex 8.23044 -30.7164 30
      vertex 6.20387 -31.189 31.5
      vertex 8.23044 -30.7164 31.5
    endloop
  endfacet
  facet normal -0.227108 0.97387 0
    outer loop
      vertex 6.20387 -31.189 31.5
      vertex 8.23044 -30.7164 30
      vertex 6.20387 -31.189 30
    endloop
  endfacet
  facet normal 0.0327257 0.999464 -0
    outer loop
      vertex 0 -31.8 30
      vertex -2.07982 -31.7319 31.5
      vertex 0 -31.8 31.5
    endloop
  endfacet
  facet normal 0.0327257 0.999464 0
    outer loop
      vertex -2.07982 -31.7319 31.5
      vertex 0 -31.8 30
      vertex -2.07982 -31.7319 30
    endloop
  endfacet
  facet normal -0.290253 -0.95695 0
    outer loop
      vertex 8.23044 30.7164 30
      vertex 10.2218 30.1124 31.5
      vertex 8.23044 30.7164 31.5
    endloop
  endfacet
  facet normal -0.290253 -0.95695 -0
    outer loop
      vertex 10.2218 30.1124 31.5
      vertex 8.23044 30.7164 30
      vertex 10.2218 30.1124 30
    endloop
  endfacet
  facet normal 0.812849 -0.582474 0
    outer loop
      vertex -26.4407 17.6671 31.5
      vertex -25.2286 19.3586 30
      vertex -25.2286 19.3586 31.5
    endloop
  endfacet
  facet normal 0.812849 -0.582474 0
    outer loop
      vertex -25.2286 19.3586 30
      vertex -26.4407 17.6671 31.5
      vertex -26.4407 17.6671 30
    endloop
  endfacet
  facet normal 0.582474 0.812849 -0
    outer loop
      vertex -17.6671 -26.4407 30
      vertex -19.3586 -25.2286 31.5
      vertex -17.6671 -26.4407 31.5
    endloop
  endfacet
  facet normal 0.582474 0.812849 0
    outer loop
      vertex -19.3586 -25.2286 31.5
      vertex -17.6671 -26.4407 30
      vertex -19.3586 -25.2286 30
    endloop
  endfacet
  facet normal -0.290253 0.95695 0
    outer loop
      vertex 10.2218 -30.1124 30
      vertex 8.23044 -30.7164 31.5
      vertex 10.2218 -30.1124 31.5
    endloop
  endfacet
  facet normal -0.290253 0.95695 0
    outer loop
      vertex 8.23044 -30.7164 31.5
      vertex 10.2218 -30.1124 30
      vertex 8.23044 -30.7164 30
    endloop
  endfacet
  facet normal -0.683589 0.729867 0
    outer loop
      vertex 22.486 -22.486 30
      vertex 20.9672 -23.9085 31.5
      vertex 22.486 -22.486 31.5
    endloop
  endfacet
  facet normal -0.683589 0.729867 0
    outer loop
      vertex 20.9672 -23.9085 31.5
      vertex 22.486 -22.486 30
      vertex 20.9672 -23.9085 30
    endloop
  endfacet
  facet normal 0.290253 0.95695 -0
    outer loop
      vertex -8.23044 -30.7164 30
      vertex -10.2218 -30.1124 31.5
      vertex -8.23044 -30.7164 31.5
    endloop
  endfacet
  facet normal 0.290253 0.95695 0
    outer loop
      vertex -10.2218 -30.1124 31.5
      vertex -8.23044 -30.7164 30
      vertex -10.2218 -30.1124 30
    endloop
  endfacet
  facet normal -0.634381 0.773021 0
    outer loop
      vertex 20.9672 -23.9085 30
      vertex 19.3586 -25.2286 31.5
      vertex 20.9672 -23.9085 31.5
    endloop
  endfacet
  facet normal -0.634381 0.773021 0
    outer loop
      vertex 19.3586 -25.2286 31.5
      vertex 20.9672 -23.9085 30
      vertex 19.3586 -25.2286 30
    endloop
  endfacet
  facet normal 0.910871 -0.412691 0
    outer loop
      vertex -29.3794 12.1693 31.5
      vertex -28.5206 14.0648 30
      vertex -28.5206 14.0648 31.5
    endloop
  endfacet
  facet normal 0.910871 -0.412691 0
    outer loop
      vertex -28.5206 14.0648 30
      vertex -29.3794 12.1693 31.5
      vertex -29.3794 12.1693 30
    endloop
  endfacet
  facet normal 0.412691 0.910871 -0
    outer loop
      vertex -12.1693 -29.3794 30
      vertex -14.0648 -28.5206 31.5
      vertex -12.1693 -29.3794 31.5
    endloop
  endfacet
  facet normal 0.412691 0.910871 0
    outer loop
      vertex -14.0648 -28.5206 31.5
      vertex -12.1693 -29.3794 30
      vertex -14.0648 -28.5206 30
    endloop
  endfacet
  facet normal 1 -0 0
    outer loop
      vertex -26 -6 3
      vertex -26 6 0
      vertex -26 6 3
    endloop
  endfacet
  facet normal 1 0 0
    outer loop
      vertex -26 6 0
      vertex -26 -6 3
      vertex -26 -6 0
    endloop
  endfacet
  facet normal -1 0 0
    outer loop
      vertex -10 -6 0
      vertex -10 6 3
      vertex -10 6 0
    endloop
  endfacet
  facet normal -1 -0 0
    outer loop
      vertex -10 6 3
      vertex -10 -6 0
      vertex -10 -6 3
    endloop
  endfacet
  facet normal 0 1 -0
    outer loop
      vertex -10 -6 0
      vertex -26 -6 3
      vertex -10 -6 3
    endloop
  endfacet
  facet normal 0 1 0
    outer loop
      vertex -26 -6 3
      vertex -10 -6 0
      vertex -26 -6 0
    endloop
  endfacet
  facet normal 0 -1 0
    outer loop
      vertex -26 6 0
      vertex -10 6 3
      vertex -26 6 3
    endloop
  endfacet
  facet normal 0 -1 -0
    outer loop
      vertex -10 6 3
      vertex -26 6 0
      vertex -10 6 0
    endloop
  endfacet
endsolid OpenSCAD_Model
