solid OpenSCAD_Model
  facet normal 1 -0 0
    outer loop
      vertex 13.5469 -14.825 9
      vertex 13.5469 14.825 0
      vertex 13.5469 14.825 9
    endloop
  endfacet
  facet normal 1 0 0
    outer loop
      vertex 13.5469 14.825 0
      vertex 13.5469 -14.825 9
      vertex 13.5469 -14.825 0
    endloop
  endfacet
  facet normal 0 0 -1
    outer loop
      vertex 13.5469 -14.825 0
      vertex 11.5469 -12.825 0
      vertex 13.5469 14.825 0
    endloop
  endfacet
  facet normal 0 0 -1
    outer loop
      vertex 13.5469 -14.825 0
      vertex -11.5469 -12.825 0
      vertex 11.5469 -12.825 0
    endloop
  endfacet
  facet normal -0 0 -1
    outer loop
      vertex -11.5469 -12.825 0
      vertex -13.5469 -14.825 0
      vertex -11.5469 12.825 0
    endloop
  endfacet
  facet normal 0 0 -1
    outer loop
      vertex -13.5469 -14.825 0
      vertex -11.5469 -12.825 0
      vertex 13.5469 -14.825 0
    endloop
  endfacet
  facet normal 0 0 -1
    outer loop
      vertex 11.5469 12.825 0
      vertex 13.5469 14.825 0
      vertex 11.5469 -12.825 0
    endloop
  endfacet
  facet normal 0 0 -1
    outer loop
      vertex -11.5469 12.825 0
      vertex 13.5469 14.825 0
      vertex 11.5469 12.825 0
    endloop
  endfacet
  facet normal 0 0 -1
    outer loop
      vertex -11.5469 12.825 0
      vertex -13.5469 14.825 0
      vertex 13.5469 14.825 0
    endloop
  endfacet
  facet normal 0 0 -1
    outer loop
      vertex -13.5469 14.825 0
      vertex -11.5469 12.825 0
      vertex -13.5469 -14.825 0
    endloop
  endfacet
  facet normal -1 0 0
    outer loop
      vertex -13.5469 -14.825 0
      vertex -13.5469 14.825 9
      vertex -13.5469 14.825 0
    endloop
  endfacet
  facet normal -1 -0 0
    outer loop
      vertex -13.5469 14.825 9
      vertex -13.5469 -14.825 0
      vertex -13.5469 -14.825 9
    endloop
  endfacet
  facet normal 0 1 -0
    outer loop
      vertex 13.5469 14.825 0
      vertex -13.5469 14.825 9
      vertex 13.5469 14.825 9
    endloop
  endfacet
  facet normal 0 1 0
    outer loop
      vertex -13.5469 14.825 9
      vertex 13.5469 14.825 0
      vertex -13.5469 14.825 0
    endloop
  endfacet
  facet normal 0 -1 0
    outer loop
      vertex -13.5469 -14.825 0
      vertex 13.5469 -14.825 9
      vertex -13.5469 -14.825 9
    endloop
  endfacet
  facet normal 0 -1 -0
    outer loop
      vertex 13.5469 -14.825 9
      vertex -13.5469 -14.825 0
      vertex 13.5469 -14.825 0
    endloop
  endfacet
  facet normal -0.216427 -0.928175 -0.302739
    outer loop
      vertex -9.05867 -33.8074 63.99
      vertex -13.5469 -14.825 9
      vertex -6.82816 -34.3275 63.99
    endloop
  endfacet
  facet normal -0.337684 -0.897156 -0.284747
    outer loop
      vertex -13.3939 -32.3358 63.99
      vertex -13.5469 -14.825 9
      vertex -11.2504 -33.1426 63.99
    endloop
  endfacet
  facet normal -0.745405 0.611733 -0.264867
    outer loop
      vertex -13.5469 14.825 9
      vertex -27.7674 21.3066 63.99
      vertex -26.3144 23.0771 63.99
    endloop
  endfacet
  facet normal -0.227084 -0.973875 0
    outer loop
      vertex -9.05867 -33.8074 63.99
      vertex -6.82816 -34.3275 64
      vertex -9.05867 -33.8074 64
    endloop
  endfacet
  facet normal -0.227084 -0.973875 -0
    outer loop
      vertex -6.82816 -34.3275 64
      vertex -9.05867 -33.8074 63.99
      vertex -6.82816 -34.3275 63.99
    endloop
  endfacet
  facet normal 0.934994 0.092092 -0.342499
    outer loop
      vertex 34.9251 2.28911 63.99
      vertex 13.5469 14.825 9
      vertex 34.7006 4.56842 63.99
    endloop
  endfacet
  facet normal -0.923436 0.215323 -0.317651
    outer loop
      vertex -13.5469 14.825 9
      vertex -34.3275 6.82816 63.99
      vertex -33.8074 9.05867 63.99
    endloop
  endfacet
  facet normal 0.0307829 0.940794 -0.33758
    outer loop
      vertex 13.5469 14.825 9
      vertex 0 35 63.99
      vertex 2.28911 34.9251 63.99
    endloop
  endfacet
  facet normal 0.812847 -0.582477 0
    outer loop
      vertex 27.7674 -21.3066 64
      vertex 29.1014 -19.445 63.99
      vertex 29.1014 -19.445 64
    endloop
  endfacet
  facet normal 0.812847 -0.582477 0
    outer loop
      vertex 29.1014 -19.445 63.99
      vertex 27.7674 -21.3066 64
      vertex 27.7674 -21.3066 63.99
    endloop
  endfacet
  facet normal -0.453653 0.848771 -0.271637
    outer loop
      vertex -13.5469 14.825 9
      vertex -17.5 30.3109 63.99
      vertex -15.4801 31.3905 63.99
    endloop
  endfacet
  facet normal -0.277509 -0.914899 -0.293171
    outer loop
      vertex -11.2504 -33.1426 63.99
      vertex -13.5469 -14.825 9
      vertex -9.05867 -33.8074 63.99
    endloop
  endfacet
  facet normal 0.412727 -0.910855 0
    outer loop
      vertex 13.3939 -32.3358 63.99
      vertex 15.4801 -31.3905 64
      vertex 13.3939 -32.3358 64
    endloop
  endfacet
  facet normal 0.412727 -0.910855 0
    outer loop
      vertex 15.4801 -31.3905 64
      vertex 13.3939 -32.3358 63.99
      vertex 15.4801 -31.3905 63.99
    endloop
  endfacet
  facet normal 0.0327026 0.999465 -0
    outer loop
      vertex 2.28911 34.9251 63.99
      vertex 0 35 64
      vertex 2.28911 34.9251 64
    endloop
  endfacet
  facet normal 0.0327026 0.999465 0
    outer loop
      vertex 0 35 64
      vertex 2.28911 34.9251 63.99
      vertex 0 35 63.99
    endloop
  endfacet
  facet normal -0.934994 -0.092092 -0.342499
    outer loop
      vertex -34.7006 -4.56842 63.99
      vertex -34.9251 -2.28911 63.99
      vertex -13.5469 -14.825 9
    endloop
  endfacet
  facet normal -0.290263 -0.956947 0
    outer loop
      vertex -11.2504 -33.1426 63.99
      vertex -9.05867 -33.8074 64
      vertex -11.2504 -33.1426 64
    endloop
  endfacet
  facet normal -0.290263 -0.956947 -0
    outer loop
      vertex -9.05867 -33.8074 64
      vertex -11.2504 -33.1426 63.99
      vertex -9.05867 -33.8074 63.99
    endloop
  endfacet
  facet normal -0.68361 0.729848 0
    outer loop
      vertex -23.0771 26.3144 63.99
      vertex -24.7487 24.7487 64
      vertex -23.0771 26.3144 64
    endloop
  endfacet
  facet normal -0.68361 0.729848 0
    outer loop
      vertex -24.7487 24.7487 64
      vertex -23.0771 26.3144 63.99
      vertex -24.7487 24.7487 63.99
    endloop
  endfacet
  facet normal 0.9359 -0.352267 0
    outer loop
      vertex 32.3358 -13.3939 64
      vertex 33.1426 -11.2504 63.99
      vertex 33.1426 -11.2504 64
    endloop
  endfacet
  facet normal 0.9359 -0.352267 0
    outer loop
      vertex 33.1426 -11.2504 63.99
      vertex 32.3358 -13.3939 64
      vertex 32.3358 -13.3939 63.99
    endloop
  endfacet
  facet normal -0.0926981 0.941148 -0.325034
    outer loop
      vertex -2.28911 34.9251 63.99
      vertex -13.5469 14.825 9
      vertex -4.56842 34.7006 63.99
    endloop
  endfacet
  facet normal -0.0327026 0.999465 0
    outer loop
      vertex 0 35 63.99
      vertex -2.28911 34.9251 64
      vertex 0 35 64
    endloop
  endfacet
  facet normal -0.0327026 0.999465 0
    outer loop
      vertex -2.28911 34.9251 64
      vertex 0 35 63.99
      vertex -2.28911 34.9251 63.99
    endloop
  endfacet
  facet normal -0.290263 0.956947 0
    outer loop
      vertex -9.05867 33.8074 63.99
      vertex -11.2504 33.1426 64
      vertex -9.05867 33.8074 64
    endloop
  endfacet
  facet normal -0.290263 0.956947 0
    outer loop
      vertex -11.2504 33.1426 64
      vertex -9.05867 33.8074 63.99
      vertex -11.2504 33.1426 63.99
    endloop
  endfacet
  facet normal 0.931494 0.153797 -0.329644
    outer loop
      vertex 34.7006 4.56842 63.99
      vertex 13.5469 14.825 9
      vertex 34.3275 6.82816 63.99
    endloop
  endfacet
  facet normal -0.846626 0.452506 -0.280111
    outer loop
      vertex -13.5469 14.825 9
      vertex -31.3905 15.4801 63.99
      vertex -30.3109 17.5 63.99
    endloop
  endfacet
  facet normal 0.396511 0.875068 -0.27755
    outer loop
      vertex 13.5469 14.825 9
      vertex 13.3939 32.3358 63.99
      vertex 15.4801 31.3905 63.99
    endloop
  endfacet
  facet normal -0.729848 0.68361 0
    outer loop
      vertex -26.3144 23.0771 63.99
      vertex -24.7487 24.7487 64
      vertex -24.7487 24.7487 63.99
    endloop
  endfacet
  facet normal -0.729848 0.68361 0
    outer loop
      vertex -24.7487 24.7487 64
      vertex -26.3144 23.0771 63.99
      vertex -26.3144 23.0771 64
    endloop
  endfacet
  facet normal -0.277509 0.914899 -0.293171
    outer loop
      vertex -9.05867 33.8074 63.99
      vertex -13.5469 14.825 9
      vertex -11.2504 33.1426 63.99
    endloop
  endfacet
  facet normal 0.704253 0.659637 -0.262501
    outer loop
      vertex 26.3144 23.0771 63.99
      vertex 13.5469 14.825 9
      vertex 24.7487 24.7487 63.99
    endloop
  endfacet
  facet normal 0.782974 0.56107 -0.268611
    outer loop
      vertex 29.1014 19.445 63.99
      vertex 13.5469 14.825 9
      vertex 27.7674 21.3066 63.99
    endloop
  endfacet
  facet normal -0.931614 0 -0.363448
    outer loop
      vertex -13.5469 -14.825 9
      vertex -35 0 63.99
      vertex -13.5469 14.825 9
    endloop
  endfacet
  facet normal 0.999465 0.0327026 0
    outer loop
      vertex 35 0 64
      vertex 34.9251 2.28911 63.99
      vertex 34.9251 2.28911 64
    endloop
  endfacet
  facet normal 0.999465 0.0327026 0
    outer loop
      vertex 34.9251 2.28911 63.99
      vertex 35 0 64
      vertex 35 0 63.99
    endloop
  endfacet
  facet normal -0.9359 0.352267 0
    outer loop
      vertex -33.1426 11.2504 63.99
      vertex -32.3358 13.3939 64
      vertex -32.3358 13.3939 63.99
    endloop
  endfacet
  facet normal -0.9359 0.352267 0
    outer loop
      vertex -32.3358 13.3939 64
      vertex -33.1426 11.2504 63.99
      vertex -33.1426 11.2504 64
    endloop
  endfacet
  facet normal -0.893777 0.336412 -0.296629
    outer loop
      vertex -13.5469 14.825 9
      vertex -33.1426 11.2504 63.99
      vertex -32.3358 13.3939 63.99
    endloop
  endfacet
  facet normal 0.227084 -0.973875 0
    outer loop
      vertex 6.82816 -34.3275 63.99
      vertex 9.05867 -33.8074 64
      vertex 6.82816 -34.3275 64
    endloop
  endfacet
  facet normal 0.227084 -0.973875 0
    outer loop
      vertex 9.05867 -33.8074 64
      vertex 6.82816 -34.3275 63.99
      vertex 9.05867 -33.8074 63.99
    endloop
  endfacet
  facet normal -0.352267 0.9359 0
    outer loop
      vertex -11.2504 33.1426 63.99
      vertex -13.3939 32.3358 64
      vertex -11.2504 33.1426 64
    endloop
  endfacet
  facet normal -0.352267 0.9359 0
    outer loop
      vertex -13.3939 32.3358 64
      vertex -11.2504 33.1426 63.99
      vertex -13.3939 32.3358 63.99
    endloop
  endfacet
  facet normal 0.81677 -0.507909 -0.273704
    outer loop
      vertex 29.1014 -19.445 63.99
      vertex 13.5469 -14.825 9
      vertex 30.3109 -17.5 63.99
    endloop
  endfacet
  facet normal -0.782974 -0.56107 -0.268611
    outer loop
      vertex -27.7674 -21.3066 63.99
      vertex -29.1014 -19.445 63.99
      vertex -13.5469 -14.825 9
    endloop
  endfacet
  facet normal -0.612234 0.746015 -0.261975
    outer loop
      vertex -13.5469 14.825 9
      vertex -23.0771 26.3144 63.99
      vertex -21.3066 27.7674 63.99
    endloop
  endfacet
  facet normal -0.999465 0.0327026 0
    outer loop
      vertex -35 0 63.99
      vertex -34.9251 2.28911 64
      vertex -34.9251 2.28911 63.99
    endloop
  endfacet
  facet normal -0.999465 0.0327026 0
    outer loop
      vertex -34.9251 2.28911 64
      vertex -35 0 63.99
      vertex -35 0 64
    endloop
  endfacet
  facet normal 0.582477 -0.812847 0
    outer loop
      vertex 19.445 -29.1014 63.99
      vertex 21.3066 -27.7674 64
      vertex 19.445 -29.1014 64
    endloop
  endfacet
  facet normal 0.582477 -0.812847 0
    outer loop
      vertex 21.3066 -27.7674 64
      vertex 19.445 -29.1014 63.99
      vertex 21.3066 -27.7674 63.99
    endloop
  endfacet
  facet normal 0 -0.93881 -0.344435
    outer loop
      vertex 0 -35 63.99
      vertex -13.5469 -14.825 9
      vertex 13.5469 -14.825 9
    endloop
  endfacet
  facet normal -0.396511 0.875068 -0.27755
    outer loop
      vertex -13.5469 14.825 9
      vertex -15.4801 31.3905 63.99
      vertex -13.3939 32.3358 63.99
    endloop
  endfacet
  facet normal -0.528075 0.849198 0
    outer loop
      vertex -17.5 30.3109 63.99
      vertex -19.445 29.1014 64
      vertex -17.5 30.3109 64
    endloop
  endfacet
  facet normal -0.528075 0.849198 0
    outer loop
      vertex -19.445 29.1014 64
      vertex -17.5 30.3109 63.99
      vertex -19.445 29.1014 63.99
    endloop
  endfacet
  facet normal -0.934994 0.092092 -0.342499
    outer loop
      vertex -13.5469 14.825 9
      vertex -34.9251 2.28911 63.99
      vertex -34.7006 4.56842 63.99
    endloop
  endfacet
  facet normal -0.910852 -0.276281 -0.306623
    outer loop
      vertex -33.1426 -11.2504 63.99
      vertex -33.8074 -9.05867 63.99
      vertex -13.5469 -14.825 9
    endloop
  endfacet
  facet normal 0.893777 0.336412 -0.296629
    outer loop
      vertex 33.1426 11.2504 63.99
      vertex 13.5469 14.825 9
      vertex 32.3358 13.3939 63.99
    endloop
  endfacet
  facet normal -0.995184 -0.0980204 0
    outer loop
      vertex -34.7006 -4.56842 63.99
      vertex -34.9251 -2.28911 64
      vertex -34.9251 -2.28911 63.99
    endloop
  endfacet
  facet normal -0.995184 -0.0980204 0
    outer loop
      vertex -34.9251 -2.28911 64
      vertex -34.7006 -4.56842 63.99
      vertex -34.7006 -4.56842 64
    endloop
  endfacet
  facet normal 0.849198 -0.528075 0
    outer loop
      vertex 29.1014 -19.445 64
      vertex 30.3109 -17.5 63.99
      vertex 30.3109 -17.5 64
    endloop
  endfacet
  facet normal 0.849198 -0.528075 0
    outer loop
      vertex 30.3109 -17.5 63.99
      vertex 29.1014 -19.445 64
      vertex 29.1014 -19.445 63.99
    endloop
  endfacet
  facet normal 0.227084 0.973875 -0
    outer loop
      vertex 9.05867 33.8074 63.99
      vertex 6.82816 34.3275 64
      vertex 9.05867 33.8074 64
    endloop
  endfacet
  facet normal 0.227084 0.973875 0
    outer loop
      vertex 6.82816 34.3275 64
      vertex 9.05867 33.8074 63.99
      vertex 6.82816 34.3275 63.99
    endloop
  endfacet
  facet normal -0.582477 0.812847 0
    outer loop
      vertex -19.445 29.1014 63.99
      vertex -21.3066 27.7674 64
      vertex -19.445 29.1014 64
    endloop
  endfacet
  facet normal -0.582477 0.812847 0
    outer loop
      vertex -21.3066 27.7674 64
      vertex -19.445 29.1014 63.99
      vertex -21.3066 27.7674 63.99
    endloop
  endfacet
  facet normal 0 0.93881 -0.344435
    outer loop
      vertex 13.5469 14.825 9
      vertex -13.5469 14.825 9
      vertex 0 35 63.99
    endloop
  endfacet
  facet normal 0.154696 0.93694 -0.31339
    outer loop
      vertex 13.5469 14.825 9
      vertex 4.56842 34.7006 63.99
      vertex 6.82816 34.3275 63.99
    endloop
  endfacet
  facet normal -0.933941 -0.0305587 -0.356118
    outer loop
      vertex -34.9251 -2.28911 63.99
      vertex -35 0 63.99
      vertex -13.5469 -14.825 9
    endloop
  endfacet
  facet normal -0.81677 -0.507909 -0.273704
    outer loop
      vertex -29.1014 -19.445 63.99
      vertex -30.3109 -17.5 63.99
      vertex -13.5469 -14.825 9
    endloop
  endfacet
  facet normal -0.973875 -0.227084 0
    outer loop
      vertex -33.8074 -9.05867 63.99
      vertex -34.3275 -6.82816 64
      vertex -34.3275 -6.82816 63.99
    endloop
  endfacet
  facet normal -0.973875 -0.227084 0
    outer loop
      vertex -34.3275 -6.82816 64
      vertex -33.8074 -9.05867 63.99
      vertex -33.8074 -9.05867 64
    endloop
  endfacet
  facet normal 0.216427 -0.928175 -0.302739
    outer loop
      vertex 9.05867 -33.8074 63.99
      vertex 6.82816 -34.3275 63.99
      vertex 13.5469 -14.825 9
    endloop
  endfacet
  facet normal 0.162902 0.986642 -0
    outer loop
      vertex 6.82816 34.3275 63.99
      vertex 4.56842 34.7006 64
      vertex 6.82816 34.3275 64
    endloop
  endfacet
  facet normal 0.162902 0.986642 0
    outer loop
      vertex 4.56842 34.7006 64
      vertex 6.82816 34.3275 63.99
      vertex 4.56842 34.7006 63.99
    endloop
  endfacet
  facet normal 0.352267 0.9359 -0
    outer loop
      vertex 13.3939 32.3358 63.99
      vertex 11.2504 33.1426 64
      vertex 13.3939 32.3358 64
    endloop
  endfacet
  facet normal 0.352267 0.9359 0
    outer loop
      vertex 11.2504 33.1426 64
      vertex 13.3939 32.3358 63.99
      vertex 11.2504 33.1426 63.99
    endloop
  endfacet
  facet normal -0.0307829 0.940794 -0.33758
    outer loop
      vertex 0 35 63.99
      vertex -13.5469 14.825 9
      vertex -2.28911 34.9251 63.99
    endloop
  endfacet
  facet normal 0.290263 0.956947 -0
    outer loop
      vertex 11.2504 33.1426 63.99
      vertex 9.05867 33.8074 64
      vertex 11.2504 33.1426 64
    endloop
  endfacet
  facet normal 0.290263 0.956947 0
    outer loop
      vertex 9.05867 33.8074 64
      vertex 11.2504 33.1426 63.99
      vertex 9.05867 33.8074 63.99
    endloop
  endfacet
  facet normal -0.881932 -0.471377 0
    outer loop
      vertex -30.3109 -17.5 63.99
      vertex -31.3905 -15.4801 64
      vertex -31.3905 -15.4801 63.99
    endloop
  endfacet
  facet normal -0.881932 -0.471377 0
    outer loop
      vertex -31.3905 -15.4801 64
      vertex -30.3109 -17.5 63.99
      vertex -30.3109 -17.5 64
    endloop
  endfacet
  facet normal -0.216427 0.928175 -0.302739
    outer loop
      vertex -6.82816 34.3275 63.99
      vertex -13.5469 14.825 9
      vertex -9.05867 33.8074 63.99
    endloop
  endfacet
  facet normal -0.508897 -0.818359 -0.267044
    outer loop
      vertex -17.5 -30.3109 63.99
      vertex -19.445 -29.1014 63.99
      vertex -13.5469 -14.825 9
    endloop
  endfacet
  facet normal -0.68361 -0.729848 0
    outer loop
      vertex -24.7487 -24.7487 63.99
      vertex -23.0771 -26.3144 64
      vertex -24.7487 -24.7487 64
    endloop
  endfacet
  facet normal -0.68361 -0.729848 -0
    outer loop
      vertex -23.0771 -26.3144 64
      vertex -24.7487 -24.7487 63.99
      vertex -23.0771 -26.3144 63.99
    endloop
  endfacet
  facet normal 0.931614 0 -0.363448
    outer loop
      vertex 35 0 63.99
      vertex 13.5469 -14.825 9
      vertex 13.5469 14.825 9
    endloop
  endfacet
  facet normal -0.659816 0.704444 -0.261535
    outer loop
      vertex -13.5469 14.825 9
      vertex -24.7487 24.7487 63.99
      vertex -23.0771 26.3144 63.99
    endloop
  endfacet
  facet normal -0.508897 0.818359 -0.267044
    outer loop
      vertex -13.5469 14.825 9
      vertex -19.445 29.1014 63.99
      vertex -17.5 30.3109 63.99
    endloop
  endfacet
  facet normal -0.81677 0.507909 -0.273704
    outer loop
      vertex -13.5469 14.825 9
      vertex -30.3109 17.5 63.99
      vertex -29.1014 19.445 63.99
    endloop
  endfacet
  facet normal 0.812847 0.582477 0
    outer loop
      vertex 29.1014 19.445 64
      vertex 27.7674 21.3066 63.99
      vertex 27.7674 21.3066 64
    endloop
  endfacet
  facet normal 0.812847 0.582477 0
    outer loop
      vertex 27.7674 21.3066 63.99
      vertex 29.1014 19.445 64
      vertex 29.1014 19.445 63.99
    endloop
  endfacet
  facet normal -0.412727 -0.910855 0
    outer loop
      vertex -15.4801 -31.3905 63.99
      vertex -13.3939 -32.3358 64
      vertex -15.4801 -31.3905 64
    endloop
  endfacet
  facet normal -0.412727 -0.910855 -0
    outer loop
      vertex -13.3939 -32.3358 64
      vertex -15.4801 -31.3905 63.99
      vertex -13.3939 -32.3358 63.99
    endloop
  endfacet
  facet normal -0.612234 -0.746015 -0.261975
    outer loop
      vertex -21.3066 -27.7674 63.99
      vertex -23.0771 -26.3144 63.99
      vertex -13.5469 -14.825 9
    endloop
  endfacet
  facet normal -0.812847 0.582477 0
    outer loop
      vertex -29.1014 19.445 63.99
      vertex -27.7674 21.3066 64
      vertex -27.7674 21.3066 63.99
    endloop
  endfacet
  facet normal -0.812847 0.582477 0
    outer loop
      vertex -27.7674 21.3066 64
      vertex -29.1014 19.445 63.99
      vertex -29.1014 19.445 64
    endloop
  endfacet
  facet normal -0.528075 -0.849198 0
    outer loop
      vertex -19.445 -29.1014 63.99
      vertex -17.5 -30.3109 64
      vertex -19.445 -29.1014 64
    endloop
  endfacet
  facet normal -0.528075 -0.849198 -0
    outer loop
      vertex -17.5 -30.3109 64
      vertex -19.445 -29.1014 63.99
      vertex -17.5 -30.3109 63.99
    endloop
  endfacet
  facet normal -0.933941 0.0305587 -0.356118
    outer loop
      vertex -13.5469 14.825 9
      vertex -35 0 63.99
      vertex -34.9251 2.28911 63.99
    endloop
  endfacet
  facet normal 0.782974 -0.56107 -0.268611
    outer loop
      vertex 27.7674 -21.3066 63.99
      vertex 13.5469 -14.825 9
      vertex 29.1014 -19.445 63.99
    endloop
  endfacet
  facet normal 0.999465 -0.0327026 0
    outer loop
      vertex 34.9251 -2.28911 64
      vertex 35 0 63.99
      vertex 35 0 64
    endloop
  endfacet
  facet normal 0.999465 -0.0327026 0
    outer loop
      vertex 35 0 63.99
      vertex 34.9251 -2.28911 64
      vertex 34.9251 -2.28911 63.99
    endloop
  endfacet
  facet normal -0.846626 -0.452506 -0.280111
    outer loop
      vertex -30.3109 -17.5 63.99
      vertex -31.3905 -15.4801 63.99
      vertex -13.5469 -14.825 9
    endloop
  endfacet
  facet normal 0.923436 -0.215323 -0.317651
    outer loop
      vertex 33.8074 -9.05867 63.99
      vertex 13.5469 -14.825 9
      vertex 34.3275 -6.82816 63.99
    endloop
  endfacet
  facet normal 0.528075 0.849198 -0
    outer loop
      vertex 19.445 29.1014 63.99
      vertex 17.5 30.3109 64
      vertex 19.445 29.1014 64
    endloop
  endfacet
  facet normal 0.528075 0.849198 0
    outer loop
      vertex 17.5 30.3109 64
      vertex 19.445 29.1014 63.99
      vertex 17.5 30.3109 63.99
    endloop
  endfacet
  facet normal -0.0926981 -0.941148 -0.325034
    outer loop
      vertex -4.56842 -34.7006 63.99
      vertex -13.5469 -14.825 9
      vertex -2.28911 -34.9251 63.99
    endloop
  endfacet
  facet normal 0.9359 0.352267 0
    outer loop
      vertex 33.1426 11.2504 64
      vertex 32.3358 13.3939 63.99
      vertex 32.3358 13.3939 64
    endloop
  endfacet
  facet normal 0.9359 0.352267 0
    outer loop
      vertex 32.3358 13.3939 63.99
      vertex 33.1426 11.2504 64
      vertex 33.1426 11.2504 63.99
    endloop
  endfacet
  facet normal 0.508897 0.818359 -0.267044
    outer loop
      vertex 19.445 29.1014 63.99
      vertex 13.5469 14.825 9
      vertex 17.5 30.3109 63.99
    endloop
  endfacet
  facet normal 0.612234 0.746015 -0.261975
    outer loop
      vertex 23.0771 26.3144 63.99
      vertex 13.5469 14.825 9
      vertex 21.3066 27.7674 63.99
    endloop
  endfacet
  facet normal 0.872326 0.395269 -0.287768
    outer loop
      vertex 32.3358 13.3939 63.99
      vertex 13.5469 14.825 9
      vertex 31.3905 15.4801 63.99
    endloop
  endfacet
  facet normal 0.412727 0.910855 -0
    outer loop
      vertex 15.4801 31.3905 63.99
      vertex 13.3939 32.3358 64
      vertex 15.4801 31.3905 64
    endloop
  endfacet
  facet normal 0.412727 0.910855 0
    outer loop
      vertex 13.3939 32.3358 64
      vertex 15.4801 31.3905 63.99
      vertex 13.3939 32.3358 63.99
    endloop
  endfacet
  facet normal 0.352267 -0.9359 0
    outer loop
      vertex 11.2504 -33.1426 63.99
      vertex 13.3939 -32.3358 64
      vertex 11.2504 -33.1426 64
    endloop
  endfacet
  facet normal 0.352267 -0.9359 0
    outer loop
      vertex 13.3939 -32.3358 64
      vertex 11.2504 -33.1426 63.99
      vertex 13.3939 -32.3358 63.99
    endloop
  endfacet
  facet normal 0.471377 -0.881932 0
    outer loop
      vertex 15.4801 -31.3905 63.99
      vertex 17.5 -30.3109 64
      vertex 15.4801 -31.3905 64
    endloop
  endfacet
  facet normal 0.471377 -0.881932 0
    outer loop
      vertex 17.5 -30.3109 64
      vertex 15.4801 -31.3905 63.99
      vertex 17.5 -30.3109 63.99
    endloop
  endfacet
  facet normal -0.162902 0.986642 0
    outer loop
      vertex -4.56842 34.7006 63.99
      vertex -6.82816 34.3275 64
      vertex -4.56842 34.7006 64
    endloop
  endfacet
  facet normal -0.162902 0.986642 0
    outer loop
      vertex -6.82816 34.3275 64
      vertex -4.56842 34.7006 63.99
      vertex -6.82816 34.3275 63.99
    endloop
  endfacet
  facet normal -0.881932 0.471377 0
    outer loop
      vertex -31.3905 15.4801 63.99
      vertex -30.3109 17.5 64
      vertex -30.3109 17.5 63.99
    endloop
  endfacet
  facet normal -0.881932 0.471377 0
    outer loop
      vertex -30.3109 17.5 64
      vertex -31.3905 15.4801 63.99
      vertex -31.3905 15.4801 64
    endloop
  endfacet
  facet normal -0.471377 0.881932 0
    outer loop
      vertex -15.4801 31.3905 63.99
      vertex -17.5 30.3109 64
      vertex -15.4801 31.3905 64
    endloop
  endfacet
  facet normal -0.471377 0.881932 0
    outer loop
      vertex -17.5 30.3109 64
      vertex -15.4801 31.3905 63.99
      vertex -17.5 30.3109 63.99
    endloop
  endfacet
  facet normal -0.396511 -0.875068 -0.27755
    outer loop
      vertex -13.3939 -32.3358 63.99
      vertex -15.4801 -31.3905 63.99
      vertex -13.5469 -14.825 9
    endloop
  endfacet
  facet normal 0.995184 -0.0980204 0
    outer loop
      vertex 34.7006 -4.56842 64
      vertex 34.9251 -2.28911 63.99
      vertex 34.9251 -2.28911 64
    endloop
  endfacet
  facet normal 0.995184 -0.0980204 0
    outer loop
      vertex 34.9251 -2.28911 63.99
      vertex 34.7006 -4.56842 64
      vertex 34.7006 -4.56842 63.99
    endloop
  endfacet
  facet normal 0.881932 0.471377 0
    outer loop
      vertex 31.3905 15.4801 64
      vertex 30.3109 17.5 63.99
      vertex 30.3109 17.5 64
    endloop
  endfacet
  facet normal 0.881932 0.471377 0
    outer loop
      vertex 30.3109 17.5 63.99
      vertex 31.3905 15.4801 64
      vertex 31.3905 15.4801 63.99
    endloop
  endfacet
  facet normal 0.745405 0.611733 -0.264867
    outer loop
      vertex 27.7674 21.3066 63.99
      vertex 13.5469 14.825 9
      vertex 26.3144 23.0771 63.99
    endloop
  endfacet
  facet normal 0.337684 0.897156 -0.284747
    outer loop
      vertex 13.5469 14.825 9
      vertex 11.2504 33.1426 63.99
      vertex 13.3939 32.3358 63.99
    endloop
  endfacet
  facet normal -0.227084 0.973875 0
    outer loop
      vertex -6.82816 34.3275 63.99
      vertex -9.05867 33.8074 64
      vertex -6.82816 34.3275 64
    endloop
  endfacet
  facet normal -0.227084 0.973875 0
    outer loop
      vertex -9.05867 33.8074 64
      vertex -6.82816 34.3275 63.99
      vertex -9.05867 33.8074 63.99
    endloop
  endfacet
  facet normal 0.923436 0.215323 -0.317651
    outer loop
      vertex 34.3275 6.82816 63.99
      vertex 13.5469 14.825 9
      vertex 33.8074 9.05867 63.99
    endloop
  endfacet
  facet normal -0.0980204 0.995184 0
    outer loop
      vertex -2.28911 34.9251 63.99
      vertex -4.56842 34.7006 64
      vertex -2.28911 34.9251 64
    endloop
  endfacet
  facet normal -0.0980204 0.995184 0
    outer loop
      vertex -4.56842 34.7006 64
      vertex -2.28911 34.9251 63.99
      vertex -4.56842 34.7006 63.99
    endloop
  endfacet
  facet normal -0.910852 0.276281 -0.306623
    outer loop
      vertex -13.5469 14.825 9
      vertex -33.8074 9.05867 63.99
      vertex -33.1426 11.2504 63.99
    endloop
  endfacet
  facet normal -0.849198 0.528075 0
    outer loop
      vertex -30.3109 17.5 63.99
      vertex -29.1014 19.445 64
      vertex -29.1014 19.445 63.99
    endloop
  endfacet
  facet normal -0.849198 0.528075 0
    outer loop
      vertex -29.1014 19.445 64
      vertex -30.3109 17.5 63.99
      vertex -30.3109 17.5 64
    endloop
  endfacet
  facet normal -0.412727 0.910855 0
    outer loop
      vertex -13.3939 32.3358 63.99
      vertex -15.4801 31.3905 64
      vertex -13.3939 32.3358 64
    endloop
  endfacet
  facet normal -0.412727 0.910855 0
    outer loop
      vertex -15.4801 31.3905 64
      vertex -13.3939 32.3358 63.99
      vertex -15.4801 31.3905 63.99
    endloop
  endfacet
  facet normal -0.154696 0.93694 -0.31339
    outer loop
      vertex -4.56842 34.7006 63.99
      vertex -13.5469 14.825 9
      vertex -6.82816 34.3275 63.99
    endloop
  endfacet
  facet normal 0.973875 -0.227084 0
    outer loop
      vertex 33.8074 -9.05867 64
      vertex 34.3275 -6.82816 63.99
      vertex 34.3275 -6.82816 64
    endloop
  endfacet
  facet normal 0.973875 -0.227084 0
    outer loop
      vertex 34.3275 -6.82816 63.99
      vertex 33.8074 -9.05867 64
      vertex 33.8074 -9.05867 63.99
    endloop
  endfacet
  facet normal -0.956947 0.290263 0
    outer loop
      vertex -33.8074 9.05867 63.99
      vertex -33.1426 11.2504 64
      vertex -33.1426 11.2504 63.99
    endloop
  endfacet
  facet normal -0.956947 0.290263 0
    outer loop
      vertex -33.1426 11.2504 64
      vertex -33.8074 9.05867 63.99
      vertex -33.8074 9.05867 64
    endloop
  endfacet
  facet normal -0.337684 0.897156 -0.284747
    outer loop
      vertex -11.2504 33.1426 63.99
      vertex -13.5469 14.825 9
      vertex -13.3939 32.3358 63.99
    endloop
  endfacet
  facet normal -0.910855 0.412727 0
    outer loop
      vertex -32.3358 13.3939 63.99
      vertex -31.3905 15.4801 64
      vertex -31.3905 15.4801 63.99
    endloop
  endfacet
  facet normal -0.910855 0.412727 0
    outer loop
      vertex -31.3905 15.4801 64
      vertex -32.3358 13.3939 63.99
      vertex -32.3358 13.3939 64
    endloop
  endfacet
  facet normal -0.704253 0.659637 -0.262501
    outer loop
      vertex -13.5469 14.825 9
      vertex -26.3144 23.0771 63.99
      vertex -24.7487 24.7487 63.99
    endloop
  endfacet
  facet normal -0.910855 -0.412727 0
    outer loop
      vertex -31.3905 -15.4801 63.99
      vertex -32.3358 -13.3939 64
      vertex -32.3358 -13.3939 63.99
    endloop
  endfacet
  facet normal -0.910855 -0.412727 0
    outer loop
      vertex -32.3358 -13.3939 64
      vertex -31.3905 -15.4801 63.99
      vertex -31.3905 -15.4801 64
    endloop
  endfacet
  facet normal -0.561841 0.784051 -0.263816
    outer loop
      vertex -13.5469 14.825 9
      vertex -21.3066 27.7674 63.99
      vertex -19.445 29.1014 63.99
    endloop
  endfacet
  facet normal 0.63439 0.773013 -0
    outer loop
      vertex 23.0771 26.3144 63.99
      vertex 21.3066 27.7674 64
      vertex 23.0771 26.3144 64
    endloop
  endfacet
  facet normal 0.63439 0.773013 0
    outer loop
      vertex 21.3066 27.7674 64
      vertex 23.0771 26.3144 63.99
      vertex 21.3066 27.7674 63.99
    endloop
  endfacet
  facet normal -0.956947 -0.290263 0
    outer loop
      vertex -33.1426 -11.2504 63.99
      vertex -33.8074 -9.05867 64
      vertex -33.8074 -9.05867 63.99
    endloop
  endfacet
  facet normal -0.956947 -0.290263 0
    outer loop
      vertex -33.8074 -9.05867 64
      vertex -33.1426 -11.2504 63.99
      vertex -33.1426 -11.2504 64
    endloop
  endfacet
  facet normal -0.782974 0.56107 -0.268611
    outer loop
      vertex -13.5469 14.825 9
      vertex -29.1014 19.445 63.99
      vertex -27.7674 21.3066 63.99
    endloop
  endfacet
  facet normal 0.729848 0.68361 0
    outer loop
      vertex 26.3144 23.0771 64
      vertex 24.7487 24.7487 63.99
      vertex 24.7487 24.7487 64
    endloop
  endfacet
  facet normal 0.729848 0.68361 0
    outer loop
      vertex 24.7487 24.7487 63.99
      vertex 26.3144 23.0771 64
      vertex 26.3144 23.0771 63.99
    endloop
  endfacet
  facet normal -0.872326 0.395269 -0.287768
    outer loop
      vertex -13.5469 14.825 9
      vertex -32.3358 13.3939 63.99
      vertex -31.3905 15.4801 63.99
    endloop
  endfacet
  facet normal -0.931494 -0.153797 -0.329644
    outer loop
      vertex -34.3275 -6.82816 63.99
      vertex -34.7006 -4.56842 63.99
      vertex -13.5469 -14.825 9
    endloop
  endfacet
  facet normal -0.923436 -0.215323 -0.317651
    outer loop
      vertex -33.8074 -9.05867 63.99
      vertex -34.3275 -6.82816 63.99
      vertex -13.5469 -14.825 9
    endloop
  endfacet
  facet normal -0.893777 -0.336412 -0.296629
    outer loop
      vertex -32.3358 -13.3939 63.99
      vertex -33.1426 -11.2504 63.99
      vertex -13.5469 -14.825 9
    endloop
  endfacet
  facet normal -0.872326 -0.395269 -0.287768
    outer loop
      vertex -31.3905 -15.4801 63.99
      vertex -32.3358 -13.3939 63.99
      vertex -13.5469 -14.825 9
    endloop
  endfacet
  facet normal 0.934994 -0.092092 -0.342499
    outer loop
      vertex 34.7006 -4.56842 63.99
      vertex 13.5469 -14.825 9
      vertex 34.9251 -2.28911 63.99
    endloop
  endfacet
  facet normal -0.773013 -0.63439 0
    outer loop
      vertex -26.3144 -23.0771 63.99
      vertex -27.7674 -21.3066 64
      vertex -27.7674 -21.3066 63.99
    endloop
  endfacet
  facet normal -0.773013 -0.63439 0
    outer loop
      vertex -27.7674 -21.3066 64
      vertex -26.3144 -23.0771 63.99
      vertex -26.3144 -23.0771 64
    endloop
  endfacet
  facet normal 0.0980204 0.995184 -0
    outer loop
      vertex 4.56842 34.7006 63.99
      vertex 2.28911 34.9251 64
      vertex 4.56842 34.7006 64
    endloop
  endfacet
  facet normal 0.0980204 0.995184 0
    outer loop
      vertex 2.28911 34.9251 64
      vertex 4.56842 34.7006 63.99
      vertex 2.28911 34.9251 63.99
    endloop
  endfacet
  facet normal -0.931494 0.153797 -0.329644
    outer loop
      vertex -13.5469 14.825 9
      vertex -34.7006 4.56842 63.99
      vertex -34.3275 6.82816 63.99
    endloop
  endfacet
  facet normal 0.933941 -0.0305587 -0.356118
    outer loop
      vertex 34.9251 -2.28911 63.99
      vertex 13.5469 -14.825 9
      vertex 35 0 63.99
    endloop
  endfacet
  facet normal -0.995184 0.0980204 0
    outer loop
      vertex -34.9251 2.28911 63.99
      vertex -34.7006 4.56842 64
      vertex -34.7006 4.56842 63.99
    endloop
  endfacet
  facet normal -0.995184 0.0980204 0
    outer loop
      vertex -34.7006 4.56842 64
      vertex -34.9251 2.28911 63.99
      vertex -34.9251 2.28911 64
    endloop
  endfacet
  facet normal -0.999465 -0.0327026 0
    outer loop
      vertex -34.9251 -2.28911 63.99
      vertex -35 0 64
      vertex -35 0 63.99
    endloop
  endfacet
  facet normal -0.999465 -0.0327026 0
    outer loop
      vertex -35 0 64
      vertex -34.9251 -2.28911 63.99
      vertex -34.9251 -2.28911 64
    endloop
  endfacet
  facet normal 0.0980204 -0.995184 0
    outer loop
      vertex 2.28911 -34.9251 63.99
      vertex 4.56842 -34.7006 64
      vertex 2.28911 -34.9251 64
    endloop
  endfacet
  facet normal 0.0980204 -0.995184 0
    outer loop
      vertex 4.56842 -34.7006 64
      vertex 2.28911 -34.9251 63.99
      vertex 4.56842 -34.7006 63.99
    endloop
  endfacet
  facet normal -0.154696 -0.93694 -0.31339
    outer loop
      vertex -6.82816 -34.3275 63.99
      vertex -13.5469 -14.825 9
      vertex -4.56842 -34.7006 63.99
    endloop
  endfacet
  facet normal 0.0307829 -0.940794 -0.33758
    outer loop
      vertex 2.28911 -34.9251 63.99
      vertex 0 -35 63.99
      vertex 13.5469 -14.825 9
    endloop
  endfacet
  facet normal -0.63439 -0.773013 0
    outer loop
      vertex -23.0771 -26.3144 63.99
      vertex -21.3066 -27.7674 64
      vertex -23.0771 -26.3144 64
    endloop
  endfacet
  facet normal -0.63439 -0.773013 -0
    outer loop
      vertex -21.3066 -27.7674 64
      vertex -23.0771 -26.3144 63.99
      vertex -21.3066 -27.7674 63.99
    endloop
  endfacet
  facet normal -0.162902 -0.986642 0
    outer loop
      vertex -6.82816 -34.3275 63.99
      vertex -4.56842 -34.7006 64
      vertex -6.82816 -34.3275 64
    endloop
  endfacet
  facet normal -0.162902 -0.986642 -0
    outer loop
      vertex -4.56842 -34.7006 64
      vertex -6.82816 -34.3275 63.99
      vertex -4.56842 -34.7006 63.99
    endloop
  endfacet
  facet normal 0.561841 0.784051 -0.263816
    outer loop
      vertex 21.3066 27.7674 63.99
      vertex 13.5469 14.825 9
      vertex 19.445 29.1014 63.99
    endloop
  endfacet
  facet normal -0.63439 0.773013 0
    outer loop
      vertex -21.3066 27.7674 63.99
      vertex -23.0771 26.3144 64
      vertex -21.3066 27.7674 64
    endloop
  endfacet
  facet normal -0.63439 0.773013 0
    outer loop
      vertex -23.0771 26.3144 64
      vertex -21.3066 27.7674 63.99
      vertex -23.0771 26.3144 63.99
    endloop
  endfacet
  facet normal 0.659816 0.704444 -0.261535
    outer loop
      vertex 24.7487 24.7487 63.99
      vertex 13.5469 14.825 9
      vertex 23.0771 26.3144 63.99
    endloop
  endfacet
  facet normal 0.995184 0.0980204 0
    outer loop
      vertex 34.9251 2.28911 64
      vertex 34.7006 4.56842 63.99
      vertex 34.7006 4.56842 64
    endloop
  endfacet
  facet normal 0.995184 0.0980204 0
    outer loop
      vertex 34.7006 4.56842 63.99
      vertex 34.9251 2.28911 64
      vertex 34.9251 2.28911 63.99
    endloop
  endfacet
  facet normal -0.773013 0.63439 0
    outer loop
      vertex -27.7674 21.3066 63.99
      vertex -26.3144 23.0771 64
      vertex -26.3144 23.0771 63.99
    endloop
  endfacet
  facet normal -0.773013 0.63439 0
    outer loop
      vertex -26.3144 23.0771 64
      vertex -27.7674 21.3066 63.99
      vertex -27.7674 21.3066 64
    endloop
  endfacet
  facet normal 0.0926981 0.941148 -0.325034
    outer loop
      vertex 13.5469 14.825 9
      vertex 2.28911 34.9251 63.99
      vertex 4.56842 34.7006 63.99
    endloop
  endfacet
  facet normal -0.986642 0.162902 0
    outer loop
      vertex -34.7006 4.56842 63.99
      vertex -34.3275 6.82816 64
      vertex -34.3275 6.82816 63.99
    endloop
  endfacet
  facet normal -0.986642 0.162902 0
    outer loop
      vertex -34.3275 6.82816 64
      vertex -34.7006 4.56842 63.99
      vertex -34.7006 4.56842 64
    endloop
  endfacet
  facet normal -0.973875 0.227084 0
    outer loop
      vertex -34.3275 6.82816 63.99
      vertex -33.8074 9.05867 64
      vertex -33.8074 9.05867 63.99
    endloop
  endfacet
  facet normal -0.973875 0.227084 0
    outer loop
      vertex -33.8074 9.05867 64
      vertex -34.3275 6.82816 63.99
      vertex -34.3275 6.82816 64
    endloop
  endfacet
  facet normal 0.973875 0.227084 0
    outer loop
      vertex 34.3275 6.82816 64
      vertex 33.8074 9.05867 63.99
      vertex 33.8074 9.05867 64
    endloop
  endfacet
  facet normal 0.973875 0.227084 0
    outer loop
      vertex 33.8074 9.05867 63.99
      vertex 34.3275 6.82816 64
      vertex 34.3275 6.82816 63.99
    endloop
  endfacet
  facet normal 0.471377 0.881932 -0
    outer loop
      vertex 17.5 30.3109 63.99
      vertex 15.4801 31.3905 64
      vertex 17.5 30.3109 64
    endloop
  endfacet
  facet normal 0.471377 0.881932 0
    outer loop
      vertex 15.4801 31.3905 64
      vertex 17.5 30.3109 63.99
      vertex 15.4801 31.3905 63.99
    endloop
  endfacet
  facet normal 0.453653 0.848771 -0.271637
    outer loop
      vertex 17.5 30.3109 63.99
      vertex 13.5469 14.825 9
      vertex 15.4801 31.3905 63.99
    endloop
  endfacet
  facet normal 0.277509 0.914899 -0.293171
    outer loop
      vertex 13.5469 14.825 9
      vertex 9.05867 33.8074 63.99
      vertex 11.2504 33.1426 63.99
    endloop
  endfacet
  facet normal 0.216427 0.928175 -0.302739
    outer loop
      vertex 13.5469 14.825 9
      vertex 6.82816 34.3275 63.99
      vertex 9.05867 33.8074 63.99
    endloop
  endfacet
  facet normal 0.910852 0.276281 -0.306623
    outer loop
      vertex 33.8074 9.05867 63.99
      vertex 13.5469 14.825 9
      vertex 33.1426 11.2504 63.99
    endloop
  endfacet
  facet normal 0.849198 0.528075 0
    outer loop
      vertex 30.3109 17.5 64
      vertex 29.1014 19.445 63.99
      vertex 29.1014 19.445 64
    endloop
  endfacet
  facet normal 0.849198 0.528075 0
    outer loop
      vertex 29.1014 19.445 63.99
      vertex 30.3109 17.5 64
      vertex 30.3109 17.5 63.99
    endloop
  endfacet
  facet normal 0.729848 -0.68361 0
    outer loop
      vertex 24.7487 -24.7487 64
      vertex 26.3144 -23.0771 63.99
      vertex 26.3144 -23.0771 64
    endloop
  endfacet
  facet normal 0.729848 -0.68361 0
    outer loop
      vertex 26.3144 -23.0771 63.99
      vertex 24.7487 -24.7487 64
      vertex 24.7487 -24.7487 63.99
    endloop
  endfacet
  facet normal 0.68361 -0.729848 0
    outer loop
      vertex 23.0771 -26.3144 63.99
      vertex 24.7487 -24.7487 64
      vertex 23.0771 -26.3144 64
    endloop
  endfacet
  facet normal 0.68361 -0.729848 0
    outer loop
      vertex 24.7487 -24.7487 64
      vertex 23.0771 -26.3144 63.99
      vertex 24.7487 -24.7487 63.99
    endloop
  endfacet
  facet normal -0.986642 -0.162902 0
    outer loop
      vertex -34.3275 -6.82816 63.99
      vertex -34.7006 -4.56842 64
      vertex -34.7006 -4.56842 63.99
    endloop
  endfacet
  facet normal -0.986642 -0.162902 0
    outer loop
      vertex -34.7006 -4.56842 64
      vertex -34.3275 -6.82816 63.99
      vertex -34.3275 -6.82816 64
    endloop
  endfacet
  facet normal -0.729848 -0.68361 0
    outer loop
      vertex -24.7487 -24.7487 63.99
      vertex -26.3144 -23.0771 64
      vertex -26.3144 -23.0771 63.99
    endloop
  endfacet
  facet normal -0.729848 -0.68361 0
    outer loop
      vertex -26.3144 -23.0771 64
      vertex -24.7487 -24.7487 63.99
      vertex -24.7487 -24.7487 64
    endloop
  endfacet
  facet normal -0.9359 -0.352267 0
    outer loop
      vertex -32.3358 -13.3939 63.99
      vertex -33.1426 -11.2504 64
      vertex -33.1426 -11.2504 63.99
    endloop
  endfacet
  facet normal -0.9359 -0.352267 0
    outer loop
      vertex -33.1426 -11.2504 64
      vertex -32.3358 -13.3939 63.99
      vertex -32.3358 -13.3939 64
    endloop
  endfacet
  facet normal 0.956947 -0.290263 0
    outer loop
      vertex 33.1426 -11.2504 64
      vertex 33.8074 -9.05867 63.99
      vertex 33.8074 -9.05867 64
    endloop
  endfacet
  facet normal 0.956947 -0.290263 0
    outer loop
      vertex 33.8074 -9.05867 63.99
      vertex 33.1426 -11.2504 64
      vertex 33.1426 -11.2504 63.99
    endloop
  endfacet
  facet normal -0.849198 -0.528075 0
    outer loop
      vertex -29.1014 -19.445 63.99
      vertex -30.3109 -17.5 64
      vertex -30.3109 -17.5 63.99
    endloop
  endfacet
  facet normal -0.849198 -0.528075 0
    outer loop
      vertex -30.3109 -17.5 64
      vertex -29.1014 -19.445 63.99
      vertex -29.1014 -19.445 64
    endloop
  endfacet
  facet normal 0.910855 -0.412727 0
    outer loop
      vertex 31.3905 -15.4801 64
      vertex 32.3358 -13.3939 63.99
      vertex 32.3358 -13.3939 64
    endloop
  endfacet
  facet normal 0.910855 -0.412727 0
    outer loop
      vertex 32.3358 -13.3939 63.99
      vertex 31.3905 -15.4801 64
      vertex 31.3905 -15.4801 63.99
    endloop
  endfacet
  facet normal 0.910855 0.412727 0
    outer loop
      vertex 32.3358 13.3939 64
      vertex 31.3905 15.4801 63.99
      vertex 31.3905 15.4801 64
    endloop
  endfacet
  facet normal 0.910855 0.412727 0
    outer loop
      vertex 31.3905 15.4801 63.99
      vertex 32.3358 13.3939 64
      vertex 32.3358 13.3939 63.99
    endloop
  endfacet
  facet normal -0.704253 -0.659637 -0.262501
    outer loop
      vertex -24.7487 -24.7487 63.99
      vertex -26.3144 -23.0771 63.99
      vertex -13.5469 -14.825 9
    endloop
  endfacet
  facet normal -0.659816 -0.704444 -0.261535
    outer loop
      vertex -23.0771 -26.3144 63.99
      vertex -24.7487 -24.7487 63.99
      vertex -13.5469 -14.825 9
    endloop
  endfacet
  facet normal 0.561841 -0.784051 -0.263816
    outer loop
      vertex 19.445 -29.1014 63.99
      vertex 13.5469 -14.825 9
      vertex 21.3066 -27.7674 63.99
    endloop
  endfacet
  facet normal 0.931494 -0.153797 -0.329644
    outer loop
      vertex 34.3275 -6.82816 63.99
      vertex 13.5469 -14.825 9
      vertex 34.7006 -4.56842 63.99
    endloop
  endfacet
  facet normal 0.872326 -0.395269 -0.287768
    outer loop
      vertex 31.3905 -15.4801 63.99
      vertex 13.5469 -14.825 9
      vertex 32.3358 -13.3939 63.99
    endloop
  endfacet
  facet normal 0.659816 -0.704444 -0.261535
    outer loop
      vertex 23.0771 -26.3144 63.99
      vertex 13.5469 -14.825 9
      vertex 24.7487 -24.7487 63.99
    endloop
  endfacet
  facet normal 0.396511 -0.875068 -0.27755
    outer loop
      vertex 15.4801 -31.3905 63.99
      vertex 13.3939 -32.3358 63.99
      vertex 13.5469 -14.825 9
    endloop
  endfacet
  facet normal 0.612234 -0.746015 -0.261975
    outer loop
      vertex 21.3066 -27.7674 63.99
      vertex 13.5469 -14.825 9
      vertex 23.0771 -26.3144 63.99
    endloop
  endfacet
  facet normal 0.337684 -0.897156 -0.284747
    outer loop
      vertex 13.3939 -32.3358 63.99
      vertex 11.2504 -33.1426 63.99
      vertex 13.5469 -14.825 9
    endloop
  endfacet
  facet normal 0.0926981 -0.941148 -0.325034
    outer loop
      vertex 4.56842 -34.7006 63.99
      vertex 2.28911 -34.9251 63.99
      vertex 13.5469 -14.825 9
    endloop
  endfacet
  facet normal 0.277509 -0.914899 -0.293171
    outer loop
      vertex 11.2504 -33.1426 63.99
      vertex 9.05867 -33.8074 63.99
      vertex 13.5469 -14.825 9
    endloop
  endfacet
  facet normal 0.290263 -0.956947 0
    outer loop
      vertex 9.05867 -33.8074 63.99
      vertex 11.2504 -33.1426 64
      vertex 9.05867 -33.8074 64
    endloop
  endfacet
  facet normal 0.290263 -0.956947 0
    outer loop
      vertex 11.2504 -33.1426 64
      vertex 9.05867 -33.8074 63.99
      vertex 11.2504 -33.1426 63.99
    endloop
  endfacet
  facet normal -0.0980204 -0.995184 0
    outer loop
      vertex -4.56842 -34.7006 63.99
      vertex -2.28911 -34.9251 64
      vertex -4.56842 -34.7006 64
    endloop
  endfacet
  facet normal -0.0980204 -0.995184 -0
    outer loop
      vertex -2.28911 -34.9251 64
      vertex -4.56842 -34.7006 63.99
      vertex -2.28911 -34.9251 63.99
    endloop
  endfacet
  facet normal 0.933941 0.0305587 -0.356118
    outer loop
      vertex 35 0 63.99
      vertex 13.5469 14.825 9
      vertex 34.9251 2.28911 63.99
    endloop
  endfacet
  facet normal 0.745405 -0.611733 -0.264867
    outer loop
      vertex 26.3144 -23.0771 63.99
      vertex 13.5469 -14.825 9
      vertex 27.7674 -21.3066 63.99
    endloop
  endfacet
  facet normal 0.704253 -0.659637 -0.262501
    outer loop
      vertex 24.7487 -24.7487 63.99
      vertex 13.5469 -14.825 9
      vertex 26.3144 -23.0771 63.99
    endloop
  endfacet
  facet normal 0.893777 -0.336412 -0.296629
    outer loop
      vertex 32.3358 -13.3939 63.99
      vertex 13.5469 -14.825 9
      vertex 33.1426 -11.2504 63.99
    endloop
  endfacet
  facet normal 0.910852 -0.276281 -0.306623
    outer loop
      vertex 33.1426 -11.2504 63.99
      vertex 13.5469 -14.825 9
      vertex 33.8074 -9.05867 63.99
    endloop
  endfacet
  facet normal 0.773013 0.63439 0
    outer loop
      vertex 27.7674 21.3066 64
      vertex 26.3144 23.0771 63.99
      vertex 26.3144 23.0771 64
    endloop
  endfacet
  facet normal 0.773013 0.63439 0
    outer loop
      vertex 26.3144 23.0771 63.99
      vertex 27.7674 21.3066 64
      vertex 27.7674 21.3066 63.99
    endloop
  endfacet
  facet normal -0.812847 -0.582477 0
    outer loop
      vertex -27.7674 -21.3066 63.99
      vertex -29.1014 -19.445 64
      vertex -29.1014 -19.445 63.99
    endloop
  endfacet
  facet normal -0.812847 -0.582477 0
    outer loop
      vertex -29.1014 -19.445 64
      vertex -27.7674 -21.3066 63.99
      vertex -27.7674 -21.3066 64
    endloop
  endfacet
  facet normal 0.986642 0.162902 0
    outer loop
      vertex 34.7006 4.56842 64
      vertex 34.3275 6.82816 63.99
      vertex 34.3275 6.82816 64
    endloop
  endfacet
  facet normal 0.986642 0.162902 0
    outer loop
      vertex 34.3275 6.82816 63.99
      vertex 34.7006 4.56842 64
      vertex 34.7006 4.56842 63.99
    endloop
  endfacet
  facet normal 0.846626 0.452506 -0.280111
    outer loop
      vertex 31.3905 15.4801 63.99
      vertex 13.5469 14.825 9
      vertex 30.3109 17.5 63.99
    endloop
  endfacet
  facet normal 0.81677 0.507909 -0.273704
    outer loop
      vertex 30.3109 17.5 63.99
      vertex 13.5469 14.825 9
      vertex 29.1014 19.445 63.99
    endloop
  endfacet
  facet normal 0.68361 0.729848 -0
    outer loop
      vertex 24.7487 24.7487 63.99
      vertex 23.0771 26.3144 64
      vertex 24.7487 24.7487 64
    endloop
  endfacet
  facet normal 0.68361 0.729848 0
    outer loop
      vertex 23.0771 26.3144 64
      vertex 24.7487 24.7487 63.99
      vertex 23.0771 26.3144 63.99
    endloop
  endfacet
  facet normal 0.453653 -0.848771 -0.271637
    outer loop
      vertex 15.4801 -31.3905 63.99
      vertex 13.5469 -14.825 9
      vertex 17.5 -30.3109 63.99
    endloop
  endfacet
  facet normal -0 0 1
    outer loop
      vertex 32.617 0.228977 64
      vertex 35 0 64
      vertex 34.9251 2.28911 64
    endloop
  endfacet
  facet normal -0 0 1
    outer loop
      vertex 32.5476 2.34875 64
      vertex 34.9251 2.28911 64
      vertex 34.7006 4.56842 64
    endloop
  endfacet
  facet normal 0 0 1
    outer loop
      vertex 32.617 -0.228977 64
      vertex 35 0 64
      vertex 32.617 0.228977 64
    endloop
  endfacet
  facet normal 0 0 1
    outer loop
      vertex 32.3397 4.45944 64
      vertex 34.7006 4.56842 64
      vertex 34.3275 6.82816 64
    endloop
  endfacet
  facet normal 0 0 1
    outer loop
      vertex 35 0 64
      vertex 32.617 -0.228977 64
      vertex 34.9251 -2.28911 64
    endloop
  endfacet
  facet normal 0 0 1
    outer loop
      vertex 31.9942 6.55201 64
      vertex 34.3275 6.82816 64
      vertex 33.8074 9.05867 64
    endloop
  endfacet
  facet normal 0 0 1
    outer loop
      vertex 32.5476 -2.34875 64
      vertex 34.9251 -2.28911 64
      vertex 32.617 -0.228977 64
    endloop
  endfacet
  facet normal 0 0 1
    outer loop
      vertex 31.5126 8.61751 64
      vertex 33.8074 9.05867 64
      vertex 33.1426 11.2504 64
    endloop
  endfacet
  facet normal 0 0 1
    outer loop
      vertex 34.9251 -2.28911 64
      vertex 32.5476 -2.34875 64
      vertex 34.7006 -4.56842 64
    endloop
  endfacet
  facet normal -0 0 1
    outer loop
      vertex 32.3397 -4.45944 64
      vertex 34.7006 -4.56842 64
      vertex 32.5476 -2.34875 64
    endloop
  endfacet
  facet normal 0 0 1
    outer loop
      vertex 34.9251 2.28911 64
      vertex 32.5476 2.34875 64
      vertex 32.617 0.228977 64
    endloop
  endfacet
  facet normal 0 0 1
    outer loop
      vertex 34.7006 4.56842 64
      vertex 32.3397 4.45944 64
      vertex 32.5476 2.34875 64
    endloop
  endfacet
  facet normal 0 0 1
    outer loop
      vertex 30.8969 10.6471 64
      vertex 33.1426 11.2504 64
      vertex 32.3358 13.3939 64
    endloop
  endfacet
  facet normal 0 0 1
    outer loop
      vertex 34.3275 6.82816 64
      vertex 31.9942 6.55201 64
      vertex 32.3397 4.45944 64
    endloop
  endfacet
  facet normal 0 0 1
    outer loop
      vertex 33.8074 9.05867 64
      vertex 31.5126 8.61751 64
      vertex 31.9942 6.55201 64
    endloop
  endfacet
  facet normal 0 0 1
    outer loop
      vertex 30.1498 12.6321 64
      vertex 32.3358 13.3939 64
      vertex 31.3905 15.4801 64
    endloop
  endfacet
  facet normal 0 0 1
    outer loop
      vertex 33.1426 11.2504 64
      vertex 30.8969 10.6471 64
      vertex 31.5126 8.61751 64
    endloop
  endfacet
  facet normal 0 0 1
    outer loop
      vertex 29.2745 14.5639 64
      vertex 31.3905 15.4801 64
      vertex 30.3109 17.5 64
    endloop
  endfacet
  facet normal 0 0 1
    outer loop
      vertex 32.3358 13.3939 64
      vertex 30.1498 12.6321 64
      vertex 30.8969 10.6471 64
    endloop
  endfacet
  facet normal 0 0 1
    outer loop
      vertex 31.3905 15.4801 64
      vertex 29.2745 14.5639 64
      vertex 30.1498 12.6321 64
    endloop
  endfacet
  facet normal 0 0 1
    outer loop
      vertex 28.2747 16.4344 64
      vertex 30.3109 17.5 64
      vertex 29.1014 19.445 64
    endloop
  endfacet
  facet normal 0 0 1
    outer loop
      vertex 30.3109 17.5 64
      vertex 28.2747 16.4344 64
      vertex 29.2745 14.5639 64
    endloop
  endfacet
  facet normal 0 0 1
    outer loop
      vertex 27.1548 18.2355 64
      vertex 29.1014 19.445 64
      vertex 27.7674 21.3066 64
    endloop
  endfacet
  facet normal 0 0 1
    outer loop
      vertex 29.1014 19.445 64
      vertex 27.1548 18.2355 64
      vertex 28.2747 16.4344 64
    endloop
  endfacet
  facet normal 0 0 1
    outer loop
      vertex 25.9194 19.9594 64
      vertex 27.7674 21.3066 64
      vertex 26.3144 23.0771 64
    endloop
  endfacet
  facet normal 0 0 1
    outer loop
      vertex 27.7674 21.3066 64
      vertex 25.9194 19.9594 64
      vertex 27.1548 18.2355 64
    endloop
  endfacet
  facet normal 0 0 1
    outer loop
      vertex 24.5739 21.5989 64
      vertex 26.3144 23.0771 64
      vertex 24.7487 24.7487 64
    endloop
  endfacet
  facet normal 0 0 1
    outer loop
      vertex 26.3144 23.0771 64
      vertex 24.5739 21.5989 64
      vertex 25.9194 19.9594 64
    endloop
  endfacet
  facet normal 0 0 1
    outer loop
      vertex 24.7487 24.7487 64
      vertex 23.1241 23.1469 64
      vertex 24.5739 21.5989 64
    endloop
  endfacet
  facet normal 0 0 1
    outer loop
      vertex 23.0771 26.3144 64
      vertex 23.1241 23.1469 64
      vertex 24.7487 24.7487 64
    endloop
  endfacet
  facet normal 0 0 1
    outer loop
      vertex 23.0771 26.3144 64
      vertex 21.5761 24.5967 64
      vertex 23.1241 23.1469 64
    endloop
  endfacet
  facet normal 0 0 1
    outer loop
      vertex 19.9366 25.9422 64
      vertex 23.0771 26.3144 64
      vertex 21.3066 27.7674 64
    endloop
  endfacet
  facet normal 0 0 1
    outer loop
      vertex 23.0771 26.3144 64
      vertex 19.9366 25.9422 64
      vertex 21.5761 24.5967 64
    endloop
  endfacet
  facet normal 0 0 1
    outer loop
      vertex 18.2126 27.1776 64
      vertex 21.3066 27.7674 64
      vertex 19.445 29.1014 64
    endloop
  endfacet
  facet normal 0 0 1
    outer loop
      vertex 21.3066 27.7674 64
      vertex 18.2126 27.1776 64
      vertex 19.9366 25.9422 64
    endloop
  endfacet
  facet normal 0 0 1
    outer loop
      vertex 16.4116 28.2976 64
      vertex 19.445 29.1014 64
      vertex 17.5 30.3109 64
    endloop
  endfacet
  facet normal 0 0 1
    outer loop
      vertex 19.445 29.1014 64
      vertex 16.4116 28.2976 64
      vertex 18.2126 27.1776 64
    endloop
  endfacet
  facet normal 0 0 1
    outer loop
      vertex 14.5411 29.2974 64
      vertex 17.5 30.3109 64
      vertex 15.4801 31.3905 64
    endloop
  endfacet
  facet normal 0 0 1
    outer loop
      vertex 17.5 30.3109 64
      vertex 14.5411 29.2974 64
      vertex 16.4116 28.2976 64
    endloop
  endfacet
  facet normal 0 0 1
    outer loop
      vertex 12.6092 30.1727 64
      vertex 15.4801 31.3905 64
      vertex 13.3939 32.3358 64
    endloop
  endfacet
  facet normal 0 0 1
    outer loop
      vertex 15.4801 31.3905 64
      vertex 12.6092 30.1727 64
      vertex 14.5411 29.2974 64
    endloop
  endfacet
  facet normal 0 0 1
    outer loop
      vertex 10.6243 30.9198 64
      vertex 13.3939 32.3358 64
      vertex 11.2504 33.1426 64
    endloop
  endfacet
  facet normal 0 0 1
    outer loop
      vertex 13.3939 32.3358 64
      vertex 10.6243 30.9198 64
      vertex 12.6092 30.1727 64
    endloop
  endfacet
  facet normal 0 0 1
    outer loop
      vertex 8.59469 31.5354 64
      vertex 11.2504 33.1426 64
      vertex 9.05867 33.8074 64
    endloop
  endfacet
  facet normal 0 0 1
    outer loop
      vertex 11.2504 33.1426 64
      vertex 8.59469 31.5354 64
      vertex 10.6243 30.9198 64
    endloop
  endfacet
  facet normal 0 0 1
    outer loop
      vertex 6.52919 32.017 64
      vertex 9.05867 33.8074 64
      vertex 6.82816 34.3275 64
    endloop
  endfacet
  facet normal 0 0 1
    outer loop
      vertex 9.05867 33.8074 64
      vertex 6.52919 32.017 64
      vertex 8.59469 31.5354 64
    endloop
  endfacet
  facet normal 0 0 1
    outer loop
      vertex 4.43662 32.3625 64
      vertex 6.82816 34.3275 64
      vertex 4.56842 34.7006 64
    endloop
  endfacet
  facet normal 0 0 1
    outer loop
      vertex 6.82816 34.3275 64
      vertex 4.43662 32.3625 64
      vertex 6.52919 32.017 64
    endloop
  endfacet
  facet normal 0 0 1
    outer loop
      vertex 4.56842 34.7006 64
      vertex 2.32593 32.5704 64
      vertex 4.43662 32.3625 64
    endloop
  endfacet
  facet normal 0 0 1
    outer loop
      vertex 2.28911 34.9251 64
      vertex 2.32593 32.5704 64
      vertex 4.56842 34.7006 64
    endloop
  endfacet
  facet normal 0 0 1
    outer loop
      vertex 2.28911 34.9251 64
      vertex 0.206157 32.6398 64
      vertex 2.32593 32.5704 64
    endloop
  endfacet
  facet normal 0 0 1
    outer loop
      vertex 0 35 64
      vertex 0.206157 32.6398 64
      vertex 2.28911 34.9251 64
    endloop
  endfacet
  facet normal 0 0 1
    outer loop
      vertex 0 35 64
      vertex -0.206157 32.6398 64
      vertex 0.206157 32.6398 64
    endloop
  endfacet
  facet normal -0 0 1
    outer loop
      vertex -2.28911 34.9251 64
      vertex -0.206157 32.6398 64
      vertex 0 35 64
    endloop
  endfacet
  facet normal 0 0 1
    outer loop
      vertex -2.28911 34.9251 64
      vertex -2.32593 32.5704 64
      vertex -0.206157 32.6398 64
    endloop
  endfacet
  facet normal -0 0 1
    outer loop
      vertex -4.56842 34.7006 64
      vertex -2.32593 32.5704 64
      vertex -2.28911 34.9251 64
    endloop
  endfacet
  facet normal 0 0 1
    outer loop
      vertex -2.32593 32.5704 64
      vertex -4.56842 34.7006 64
      vertex -4.43662 32.3625 64
    endloop
  endfacet
  facet normal -0 0 1
    outer loop
      vertex -6.82816 34.3275 64
      vertex -4.43662 32.3625 64
      vertex -4.56842 34.7006 64
    endloop
  endfacet
  facet normal 0 0 1
    outer loop
      vertex -4.43662 32.3625 64
      vertex -6.82816 34.3275 64
      vertex -6.52919 32.017 64
    endloop
  endfacet
  facet normal -0 0 1
    outer loop
      vertex -9.05867 33.8074 64
      vertex -6.52919 32.017 64
      vertex -6.82816 34.3275 64
    endloop
  endfacet
  facet normal 0 0 1
    outer loop
      vertex -6.52919 32.017 64
      vertex -9.05867 33.8074 64
      vertex -8.59469 31.5354 64
    endloop
  endfacet
  facet normal -0 0 1
    outer loop
      vertex -11.2504 33.1426 64
      vertex -8.59469 31.5354 64
      vertex -9.05867 33.8074 64
    endloop
  endfacet
  facet normal 0 0 1
    outer loop
      vertex -8.59469 31.5354 64
      vertex -11.2504 33.1426 64
      vertex -10.6243 30.9198 64
    endloop
  endfacet
  facet normal -0 0 1
    outer loop
      vertex -13.3939 32.3358 64
      vertex -10.6243 30.9198 64
      vertex -11.2504 33.1426 64
    endloop
  endfacet
  facet normal 0 0 1
    outer loop
      vertex -10.6243 30.9198 64
      vertex -13.3939 32.3358 64
      vertex -12.6092 30.1727 64
    endloop
  endfacet
  facet normal -0 0 1
    outer loop
      vertex -15.4801 31.3905 64
      vertex -12.6092 30.1727 64
      vertex -13.3939 32.3358 64
    endloop
  endfacet
  facet normal 0 0 1
    outer loop
      vertex -12.6092 30.1727 64
      vertex -15.4801 31.3905 64
      vertex -14.5411 29.2974 64
    endloop
  endfacet
  facet normal -0 0 1
    outer loop
      vertex -17.5 30.3109 64
      vertex -14.5411 29.2974 64
      vertex -15.4801 31.3905 64
    endloop
  endfacet
  facet normal 0 0 1
    outer loop
      vertex -14.5411 29.2974 64
      vertex -17.5 30.3109 64
      vertex -16.4116 28.2976 64
    endloop
  endfacet
  facet normal -0 0 1
    outer loop
      vertex -19.445 29.1014 64
      vertex -16.4116 28.2976 64
      vertex -17.5 30.3109 64
    endloop
  endfacet
  facet normal 0 0 1
    outer loop
      vertex -16.4116 28.2976 64
      vertex -19.445 29.1014 64
      vertex -18.2126 27.1776 64
    endloop
  endfacet
  facet normal -0 0 1
    outer loop
      vertex -21.3066 27.7674 64
      vertex -18.2126 27.1776 64
      vertex -19.445 29.1014 64
    endloop
  endfacet
  facet normal 0 0 1
    outer loop
      vertex -18.2126 27.1776 64
      vertex -21.3066 27.7674 64
      vertex -19.9366 25.9422 64
    endloop
  endfacet
  facet normal -0 0 1
    outer loop
      vertex -23.0771 26.3144 64
      vertex -19.9366 25.9422 64
      vertex -21.3066 27.7674 64
    endloop
  endfacet
  facet normal 0 0 1
    outer loop
      vertex -19.9366 25.9422 64
      vertex -23.0771 26.3144 64
      vertex -21.5761 24.5967 64
    endloop
  endfacet
  facet normal 0 0 1
    outer loop
      vertex -23.0771 26.3144 64
      vertex -23.1241 23.1469 64
      vertex -21.5761 24.5967 64
    endloop
  endfacet
  facet normal -0 0 1
    outer loop
      vertex -24.7487 24.7487 64
      vertex -23.1241 23.1469 64
      vertex -23.0771 26.3144 64
    endloop
  endfacet
  facet normal 0 0 1
    outer loop
      vertex -23.1241 23.1469 64
      vertex -24.7487 24.7487 64
      vertex -24.5739 21.5989 64
    endloop
  endfacet
  facet normal -0 0 1
    outer loop
      vertex -26.3144 23.0771 64
      vertex -24.5739 21.5989 64
      vertex -24.7487 24.7487 64
    endloop
  endfacet
  facet normal 0 0 1
    outer loop
      vertex -24.5739 21.5989 64
      vertex -26.3144 23.0771 64
      vertex -25.9194 19.9594 64
    endloop
  endfacet
  facet normal -0 0 1
    outer loop
      vertex -27.7674 21.3066 64
      vertex -25.9194 19.9594 64
      vertex -26.3144 23.0771 64
    endloop
  endfacet
  facet normal 0 0 1
    outer loop
      vertex -25.9194 19.9594 64
      vertex -27.7674 21.3066 64
      vertex -27.1548 18.2355 64
    endloop
  endfacet
  facet normal -0 0 1
    outer loop
      vertex -29.1014 19.445 64
      vertex -27.1548 18.2355 64
      vertex -27.7674 21.3066 64
    endloop
  endfacet
  facet normal 0 0 1
    outer loop
      vertex -27.1548 18.2355 64
      vertex -29.1014 19.445 64
      vertex -28.2747 16.4344 64
    endloop
  endfacet
  facet normal -0 0 1
    outer loop
      vertex -30.3109 17.5 64
      vertex -28.2747 16.4344 64
      vertex -29.1014 19.445 64
    endloop
  endfacet
  facet normal 0 0 1
    outer loop
      vertex -28.2747 16.4344 64
      vertex -30.3109 17.5 64
      vertex -29.2745 14.5639 64
    endloop
  endfacet
  facet normal -0 0 1
    outer loop
      vertex -31.3905 15.4801 64
      vertex -29.2745 14.5639 64
      vertex -30.3109 17.5 64
    endloop
  endfacet
  facet normal 0 0 1
    outer loop
      vertex -29.2745 14.5639 64
      vertex -31.3905 15.4801 64
      vertex -30.1498 12.6321 64
    endloop
  endfacet
  facet normal -0 0 1
    outer loop
      vertex -32.3358 13.3939 64
      vertex -30.1498 12.6321 64
      vertex -31.3905 15.4801 64
    endloop
  endfacet
  facet normal 0 0 1
    outer loop
      vertex -30.1498 12.6321 64
      vertex -32.3358 13.3939 64
      vertex -30.8969 10.6471 64
    endloop
  endfacet
  facet normal -0 0 1
    outer loop
      vertex -33.1426 11.2504 64
      vertex -30.8969 10.6471 64
      vertex -32.3358 13.3939 64
    endloop
  endfacet
  facet normal 0 0 1
    outer loop
      vertex -30.8969 10.6471 64
      vertex -33.1426 11.2504 64
      vertex -31.5126 8.61751 64
    endloop
  endfacet
  facet normal -0 0 1
    outer loop
      vertex -33.8074 9.05867 64
      vertex -31.5126 8.61751 64
      vertex -33.1426 11.2504 64
    endloop
  endfacet
  facet normal 0 0 1
    outer loop
      vertex -31.5126 8.61751 64
      vertex -33.8074 9.05867 64
      vertex -31.9942 6.55201 64
    endloop
  endfacet
  facet normal -0 0 1
    outer loop
      vertex -34.3275 6.82816 64
      vertex -31.9942 6.55201 64
      vertex -33.8074 9.05867 64
    endloop
  endfacet
  facet normal -0 0 1
    outer loop
      vertex -34.7006 4.56842 64
      vertex -32.3397 4.45944 64
      vertex -34.3275 6.82816 64
    endloop
  endfacet
  facet normal 0 0 1
    outer loop
      vertex -31.9942 6.55201 64
      vertex -34.3275 6.82816 64
      vertex -32.3397 4.45944 64
    endloop
  endfacet
  facet normal 0 0 1
    outer loop
      vertex 34.7006 -4.56842 64
      vertex 32.3397 -4.45944 64
      vertex 34.3275 -6.82816 64
    endloop
  endfacet
  facet normal -0 0 1
    outer loop
      vertex 31.9942 -6.55201 64
      vertex 34.3275 -6.82816 64
      vertex 32.3397 -4.45944 64
    endloop
  endfacet
  facet normal 0 0 1
    outer loop
      vertex 34.3275 -6.82816 64
      vertex 31.9942 -6.55201 64
      vertex 33.8074 -9.05867 64
    endloop
  endfacet
  facet normal -0 0 1
    outer loop
      vertex 31.5126 -8.61751 64
      vertex 33.8074 -9.05867 64
      vertex 31.9942 -6.55201 64
    endloop
  endfacet
  facet normal 0 0 1
    outer loop
      vertex 33.8074 -9.05867 64
      vertex 31.5126 -8.61751 64
      vertex 33.1426 -11.2504 64
    endloop
  endfacet
  facet normal -0 0 1
    outer loop
      vertex 30.8969 -10.6471 64
      vertex 33.1426 -11.2504 64
      vertex 31.5126 -8.61751 64
    endloop
  endfacet
  facet normal 0 0 1
    outer loop
      vertex 33.1426 -11.2504 64
      vertex 30.8969 -10.6471 64
      vertex 32.3358 -13.3939 64
    endloop
  endfacet
  facet normal -0 0 1
    outer loop
      vertex 30.1498 -12.6321 64
      vertex 32.3358 -13.3939 64
      vertex 30.8969 -10.6471 64
    endloop
  endfacet
  facet normal 0 0 1
    outer loop
      vertex 32.3358 -13.3939 64
      vertex 30.1498 -12.6321 64
      vertex 31.3905 -15.4801 64
    endloop
  endfacet
  facet normal -0 0 1
    outer loop
      vertex 29.2745 -14.5639 64
      vertex 31.3905 -15.4801 64
      vertex 30.1498 -12.6321 64
    endloop
  endfacet
  facet normal 0 0 1
    outer loop
      vertex 31.3905 -15.4801 64
      vertex 29.2745 -14.5639 64
      vertex 30.3109 -17.5 64
    endloop
  endfacet
  facet normal -0 0 1
    outer loop
      vertex 28.2747 -16.4344 64
      vertex 30.3109 -17.5 64
      vertex 29.2745 -14.5639 64
    endloop
  endfacet
  facet normal 0 0 1
    outer loop
      vertex 30.3109 -17.5 64
      vertex 28.2747 -16.4344 64
      vertex 29.1014 -19.445 64
    endloop
  endfacet
  facet normal -0 0 1
    outer loop
      vertex 27.1548 -18.2355 64
      vertex 29.1014 -19.445 64
      vertex 28.2747 -16.4344 64
    endloop
  endfacet
  facet normal 0 0 1
    outer loop
      vertex 29.1014 -19.445 64
      vertex 27.1548 -18.2355 64
      vertex 27.7674 -21.3066 64
    endloop
  endfacet
  facet normal -0 0 1
    outer loop
      vertex 25.9194 -19.9594 64
      vertex 27.7674 -21.3066 64
      vertex 27.1548 -18.2355 64
    endloop
  endfacet
  facet normal 0 0 1
    outer loop
      vertex 27.7674 -21.3066 64
      vertex 25.9194 -19.9594 64
      vertex 26.3144 -23.0771 64
    endloop
  endfacet
  facet normal -0 0 1
    outer loop
      vertex 24.5739 -21.5989 64
      vertex 26.3144 -23.0771 64
      vertex 25.9194 -19.9594 64
    endloop
  endfacet
  facet normal 0 0 1
    outer loop
      vertex 26.3144 -23.0771 64
      vertex 24.5739 -21.5989 64
      vertex 24.7487 -24.7487 64
    endloop
  endfacet
  facet normal -0 0 1
    outer loop
      vertex 23.1241 -23.1469 64
      vertex 24.7487 -24.7487 64
      vertex 24.5739 -21.5989 64
    endloop
  endfacet
  facet normal 0 0 1
    outer loop
      vertex 23.1241 -23.1469 64
      vertex 23.0771 -26.3144 64
      vertex 24.7487 -24.7487 64
    endloop
  endfacet
  facet normal -0 0 1
    outer loop
      vertex 21.5761 -24.5967 64
      vertex 23.0771 -26.3144 64
      vertex 23.1241 -23.1469 64
    endloop
  endfacet
  facet normal -0 0 1
    outer loop
      vertex 19.9366 -25.9422 64
      vertex 23.0771 -26.3144 64
      vertex 21.5761 -24.5967 64
    endloop
  endfacet
  facet normal 0 0 1
    outer loop
      vertex 23.0771 -26.3144 64
      vertex 19.9366 -25.9422 64
      vertex 21.3066 -27.7674 64
    endloop
  endfacet
  facet normal -0 0 1
    outer loop
      vertex 18.2126 -27.1776 64
      vertex 21.3066 -27.7674 64
      vertex 19.9366 -25.9422 64
    endloop
  endfacet
  facet normal 0 0 1
    outer loop
      vertex 21.3066 -27.7674 64
      vertex 18.2126 -27.1776 64
      vertex 19.445 -29.1014 64
    endloop
  endfacet
  facet normal -0 0 1
    outer loop
      vertex 16.4116 -28.2976 64
      vertex 19.445 -29.1014 64
      vertex 18.2126 -27.1776 64
    endloop
  endfacet
  facet normal 0 0 1
    outer loop
      vertex 19.445 -29.1014 64
      vertex 16.4116 -28.2976 64
      vertex 17.5 -30.3109 64
    endloop
  endfacet
  facet normal -0 0 1
    outer loop
      vertex 14.5411 -29.2974 64
      vertex 17.5 -30.3109 64
      vertex 16.4116 -28.2976 64
    endloop
  endfacet
  facet normal 0 0 1
    outer loop
      vertex 17.5 -30.3109 64
      vertex 14.5411 -29.2974 64
      vertex 15.4801 -31.3905 64
    endloop
  endfacet
  facet normal -0 0 1
    outer loop
      vertex 12.6092 -30.1727 64
      vertex 15.4801 -31.3905 64
      vertex 14.5411 -29.2974 64
    endloop
  endfacet
  facet normal 0 0 1
    outer loop
      vertex 15.4801 -31.3905 64
      vertex 12.6092 -30.1727 64
      vertex 13.3939 -32.3358 64
    endloop
  endfacet
  facet normal -0 0 1
    outer loop
      vertex 10.6243 -30.9198 64
      vertex 13.3939 -32.3358 64
      vertex 12.6092 -30.1727 64
    endloop
  endfacet
  facet normal 0 0 1
    outer loop
      vertex 13.3939 -32.3358 64
      vertex 10.6243 -30.9198 64
      vertex 11.2504 -33.1426 64
    endloop
  endfacet
  facet normal -0 0 1
    outer loop
      vertex 8.59469 -31.5354 64
      vertex 11.2504 -33.1426 64
      vertex 10.6243 -30.9198 64
    endloop
  endfacet
  facet normal 0 0 1
    outer loop
      vertex 11.2504 -33.1426 64
      vertex 8.59469 -31.5354 64
      vertex 9.05867 -33.8074 64
    endloop
  endfacet
  facet normal -0 0 1
    outer loop
      vertex 6.52919 -32.017 64
      vertex 9.05867 -33.8074 64
      vertex 8.59469 -31.5354 64
    endloop
  endfacet
  facet normal 0 0 1
    outer loop
      vertex 9.05867 -33.8074 64
      vertex 6.52919 -32.017 64
      vertex 6.82816 -34.3275 64
    endloop
  endfacet
  facet normal -0 0 1
    outer loop
      vertex 4.43662 -32.3625 64
      vertex 6.82816 -34.3275 64
      vertex 6.52919 -32.017 64
    endloop
  endfacet
  facet normal 0 0 1
    outer loop
      vertex 6.82816 -34.3275 64
      vertex 4.43662 -32.3625 64
      vertex 4.56842 -34.7006 64
    endloop
  endfacet
  facet normal -0 0 1
    outer loop
      vertex 2.32593 -32.5704 64
      vertex 4.56842 -34.7006 64
      vertex 4.43662 -32.3625 64
    endloop
  endfacet
  facet normal 0 0 1
    outer loop
      vertex 2.32593 -32.5704 64
      vertex 2.28911 -34.9251 64
      vertex 4.56842 -34.7006 64
    endloop
  endfacet
  facet normal -0 0 1
    outer loop
      vertex 0.206157 -32.6398 64
      vertex 2.28911 -34.9251 64
      vertex 2.32593 -32.5704 64
    endloop
  endfacet
  facet normal 0 0 1
    outer loop
      vertex 0.206157 -32.6398 64
      vertex 0 -35 64
      vertex 2.28911 -34.9251 64
    endloop
  endfacet
  facet normal -0 0 1
    outer loop
      vertex -0.206157 -32.6398 64
      vertex 0 -35 64
      vertex 0.206157 -32.6398 64
    endloop
  endfacet
  facet normal 0 0 1
    outer loop
      vertex -0.206157 -32.6398 64
      vertex -2.28911 -34.9251 64
      vertex 0 -35 64
    endloop
  endfacet
  facet normal 0 0 1
    outer loop
      vertex -2.32593 -32.5704 64
      vertex -2.28911 -34.9251 64
      vertex -0.206157 -32.6398 64
    endloop
  endfacet
  facet normal 0 0 1
    outer loop
      vertex -4.56842 -34.7006 64
      vertex -2.32593 -32.5704 64
      vertex -4.43662 -32.3625 64
    endloop
  endfacet
  facet normal 0 0 1
    outer loop
      vertex -2.32593 -32.5704 64
      vertex -4.56842 -34.7006 64
      vertex -2.28911 -34.9251 64
    endloop
  endfacet
  facet normal 0 0 1
    outer loop
      vertex -6.82816 -34.3275 64
      vertex -4.43662 -32.3625 64
      vertex -6.52919 -32.017 64
    endloop
  endfacet
  facet normal 0 0 1
    outer loop
      vertex -4.43662 -32.3625 64
      vertex -6.82816 -34.3275 64
      vertex -4.56842 -34.7006 64
    endloop
  endfacet
  facet normal 0 0 1
    outer loop
      vertex -9.05867 -33.8074 64
      vertex -6.52919 -32.017 64
      vertex -8.59469 -31.5354 64
    endloop
  endfacet
  facet normal 0 0 1
    outer loop
      vertex -6.52919 -32.017 64
      vertex -9.05867 -33.8074 64
      vertex -6.82816 -34.3275 64
    endloop
  endfacet
  facet normal 0 0 1
    outer loop
      vertex -11.2504 -33.1426 64
      vertex -8.59469 -31.5354 64
      vertex -10.6243 -30.9198 64
    endloop
  endfacet
  facet normal 0 0 1
    outer loop
      vertex -8.59469 -31.5354 64
      vertex -11.2504 -33.1426 64
      vertex -9.05867 -33.8074 64
    endloop
  endfacet
  facet normal 0 0 1
    outer loop
      vertex -13.3939 -32.3358 64
      vertex -10.6243 -30.9198 64
      vertex -12.6092 -30.1727 64
    endloop
  endfacet
  facet normal 0 0 1
    outer loop
      vertex -10.6243 -30.9198 64
      vertex -13.3939 -32.3358 64
      vertex -11.2504 -33.1426 64
    endloop
  endfacet
  facet normal 0 0 1
    outer loop
      vertex -15.4801 -31.3905 64
      vertex -12.6092 -30.1727 64
      vertex -14.5411 -29.2974 64
    endloop
  endfacet
  facet normal 0 0 1
    outer loop
      vertex -12.6092 -30.1727 64
      vertex -15.4801 -31.3905 64
      vertex -13.3939 -32.3358 64
    endloop
  endfacet
  facet normal 0 0 1
    outer loop
      vertex -17.5 -30.3109 64
      vertex -14.5411 -29.2974 64
      vertex -16.4116 -28.2976 64
    endloop
  endfacet
  facet normal 0 0 1
    outer loop
      vertex -14.5411 -29.2974 64
      vertex -17.5 -30.3109 64
      vertex -15.4801 -31.3905 64
    endloop
  endfacet
  facet normal 0 0 1
    outer loop
      vertex -19.445 -29.1014 64
      vertex -16.4116 -28.2976 64
      vertex -18.2126 -27.1776 64
    endloop
  endfacet
  facet normal 0 0 1
    outer loop
      vertex -16.4116 -28.2976 64
      vertex -19.445 -29.1014 64
      vertex -17.5 -30.3109 64
    endloop
  endfacet
  facet normal 0 0 1
    outer loop
      vertex -21.3066 -27.7674 64
      vertex -18.2126 -27.1776 64
      vertex -19.9366 -25.9422 64
    endloop
  endfacet
  facet normal 0 0 1
    outer loop
      vertex -18.2126 -27.1776 64
      vertex -21.3066 -27.7674 64
      vertex -19.445 -29.1014 64
    endloop
  endfacet
  facet normal 0 0 1
    outer loop
      vertex -23.0771 -26.3144 64
      vertex -19.9366 -25.9422 64
      vertex -21.5761 -24.5967 64
    endloop
  endfacet
  facet normal 0 0 1
    outer loop
      vertex -19.9366 -25.9422 64
      vertex -23.0771 -26.3144 64
      vertex -21.3066 -27.7674 64
    endloop
  endfacet
  facet normal 0 0 1
    outer loop
      vertex -23.1241 -23.1469 64
      vertex -23.0771 -26.3144 64
      vertex -21.5761 -24.5967 64
    endloop
  endfacet
  facet normal 0 0 1
    outer loop
      vertex -24.7487 -24.7487 64
      vertex -23.1241 -23.1469 64
      vertex -24.5739 -21.5989 64
    endloop
  endfacet
  facet normal 0 0 1
    outer loop
      vertex -23.1241 -23.1469 64
      vertex -24.7487 -24.7487 64
      vertex -23.0771 -26.3144 64
    endloop
  endfacet
  facet normal 0 0 1
    outer loop
      vertex -26.3144 -23.0771 64
      vertex -24.5739 -21.5989 64
      vertex -25.9194 -19.9594 64
    endloop
  endfacet
  facet normal 0 0 1
    outer loop
      vertex -24.5739 -21.5989 64
      vertex -26.3144 -23.0771 64
      vertex -24.7487 -24.7487 64
    endloop
  endfacet
  facet normal 0 0 1
    outer loop
      vertex -27.7674 -21.3066 64
      vertex -25.9194 -19.9594 64
      vertex -27.1548 -18.2355 64
    endloop
  endfacet
  facet normal 0 0 1
    outer loop
      vertex -25.9194 -19.9594 64
      vertex -27.7674 -21.3066 64
      vertex -26.3144 -23.0771 64
    endloop
  endfacet
  facet normal 0 0 1
    outer loop
      vertex -29.1014 -19.445 64
      vertex -27.1548 -18.2355 64
      vertex -28.2747 -16.4344 64
    endloop
  endfacet
  facet normal 0 0 1
    outer loop
      vertex -27.1548 -18.2355 64
      vertex -29.1014 -19.445 64
      vertex -27.7674 -21.3066 64
    endloop
  endfacet
  facet normal 0 0 1
    outer loop
      vertex -30.3109 -17.5 64
      vertex -28.2747 -16.4344 64
      vertex -29.2745 -14.5639 64
    endloop
  endfacet
  facet normal 0 0 1
    outer loop
      vertex -31.3905 -15.4801 64
      vertex -29.2745 -14.5639 64
      vertex -30.1498 -12.6321 64
    endloop
  endfacet
  facet normal 0 0 1
    outer loop
      vertex -28.2747 -16.4344 64
      vertex -30.3109 -17.5 64
      vertex -29.1014 -19.445 64
    endloop
  endfacet
  facet normal 0 0 1
    outer loop
      vertex -32.3358 -13.3939 64
      vertex -30.1498 -12.6321 64
      vertex -30.8969 -10.6471 64
    endloop
  endfacet
  facet normal 0 0 1
    outer loop
      vertex -29.2745 -14.5639 64
      vertex -31.3905 -15.4801 64
      vertex -30.3109 -17.5 64
    endloop
  endfacet
  facet normal 0 0 1
    outer loop
      vertex -33.1426 -11.2504 64
      vertex -30.8969 -10.6471 64
      vertex -31.5126 -8.61751 64
    endloop
  endfacet
  facet normal 0 0 1
    outer loop
      vertex -33.8074 -9.05867 64
      vertex -31.5126 -8.61751 64
      vertex -31.9942 -6.55201 64
    endloop
  endfacet
  facet normal 0 0 1
    outer loop
      vertex -30.1498 -12.6321 64
      vertex -32.3358 -13.3939 64
      vertex -31.3905 -15.4801 64
    endloop
  endfacet
  facet normal 0 0 1
    outer loop
      vertex -34.3275 -6.82816 64
      vertex -31.9942 -6.55201 64
      vertex -32.3397 -4.45944 64
    endloop
  endfacet
  facet normal 0 0 1
    outer loop
      vertex -34.7006 -4.56842 64
      vertex -32.3397 -4.45944 64
      vertex -32.5476 -2.34875 64
    endloop
  endfacet
  facet normal -0 0 1
    outer loop
      vertex -34.9251 -2.28911 64
      vertex -32.5476 -2.34875 64
      vertex -32.617 -0.228977 64
    endloop
  endfacet
  facet normal 0 0 1
    outer loop
      vertex -32.3397 4.45944 64
      vertex -34.7006 4.56842 64
      vertex -32.5476 2.34875 64
    endloop
  endfacet
  facet normal 0 0 1
    outer loop
      vertex -30.8969 -10.6471 64
      vertex -33.1426 -11.2504 64
      vertex -32.3358 -13.3939 64
    endloop
  endfacet
  facet normal 0 0 1
    outer loop
      vertex -34.9251 2.28911 64
      vertex -32.5476 2.34875 64
      vertex -34.7006 4.56842 64
    endloop
  endfacet
  facet normal 0 0 1
    outer loop
      vertex -31.5126 -8.61751 64
      vertex -33.8074 -9.05867 64
      vertex -33.1426 -11.2504 64
    endloop
  endfacet
  facet normal 0 0 1
    outer loop
      vertex -32.5476 2.34875 64
      vertex -34.9251 2.28911 64
      vertex -32.617 0.228977 64
    endloop
  endfacet
  facet normal 0 0 1
    outer loop
      vertex -31.9942 -6.55201 64
      vertex -34.3275 -6.82816 64
      vertex -33.8074 -9.05867 64
    endloop
  endfacet
  facet normal 0 0 1
    outer loop
      vertex -35 0 64
      vertex -32.617 0.228977 64
      vertex -34.9251 2.28911 64
    endloop
  endfacet
  facet normal 0 0 1
    outer loop
      vertex -32.3397 -4.45944 64
      vertex -34.7006 -4.56842 64
      vertex -34.3275 -6.82816 64
    endloop
  endfacet
  facet normal 0 0 1
    outer loop
      vertex -32.617 0.228977 64
      vertex -35 0 64
      vertex -32.617 -0.228977 64
    endloop
  endfacet
  facet normal 0 0 1
    outer loop
      vertex -32.5476 -2.34875 64
      vertex -34.9251 -2.28911 64
      vertex -34.7006 -4.56842 64
    endloop
  endfacet
  facet normal 0 0 1
    outer loop
      vertex -32.617 -0.228977 64
      vertex -35 0 64
      vertex -34.9251 -2.28911 64
    endloop
  endfacet
  facet normal -0.582477 -0.812847 0
    outer loop
      vertex -21.3066 -27.7674 63.99
      vertex -19.445 -29.1014 64
      vertex -21.3066 -27.7674 64
    endloop
  endfacet
  facet normal -0.582477 -0.812847 -0
    outer loop
      vertex -19.445 -29.1014 64
      vertex -21.3066 -27.7674 63.99
      vertex -19.445 -29.1014 63.99
    endloop
  endfacet
  facet normal -0.561841 -0.784051 -0.263816
    outer loop
      vertex -19.445 -29.1014 63.99
      vertex -21.3066 -27.7674 63.99
      vertex -13.5469 -14.825 9
    endloop
  endfacet
  facet normal -0.352267 -0.9359 0
    outer loop
      vertex -13.3939 -32.3358 63.99
      vertex -11.2504 -33.1426 64
      vertex -13.3939 -32.3358 64
    endloop
  endfacet
  facet normal -0.352267 -0.9359 -0
    outer loop
      vertex -11.2504 -33.1426 64
      vertex -13.3939 -32.3358 63.99
      vertex -11.2504 -33.1426 63.99
    endloop
  endfacet
  facet normal 0.986642 -0.162902 0
    outer loop
      vertex 34.3275 -6.82816 64
      vertex 34.7006 -4.56842 63.99
      vertex 34.7006 -4.56842 64
    endloop
  endfacet
  facet normal 0.986642 -0.162902 0
    outer loop
      vertex 34.7006 -4.56842 63.99
      vertex 34.3275 -6.82816 64
      vertex 34.3275 -6.82816 63.99
    endloop
  endfacet
  facet normal 0.846626 -0.452506 -0.280111
    outer loop
      vertex 30.3109 -17.5 63.99
      vertex 13.5469 -14.825 9
      vertex 31.3905 -15.4801 63.99
    endloop
  endfacet
  facet normal 0.881932 -0.471377 0
    outer loop
      vertex 30.3109 -17.5 64
      vertex 31.3905 -15.4801 63.99
      vertex 31.3905 -15.4801 64
    endloop
  endfacet
  facet normal 0.881932 -0.471377 0
    outer loop
      vertex 31.3905 -15.4801 63.99
      vertex 30.3109 -17.5 64
      vertex 30.3109 -17.5 63.99
    endloop
  endfacet
  facet normal 0.63439 -0.773013 0
    outer loop
      vertex 21.3066 -27.7674 63.99
      vertex 23.0771 -26.3144 64
      vertex 21.3066 -27.7674 64
    endloop
  endfacet
  facet normal 0.63439 -0.773013 0
    outer loop
      vertex 23.0771 -26.3144 64
      vertex 21.3066 -27.7674 63.99
      vertex 23.0771 -26.3144 63.99
    endloop
  endfacet
  facet normal 0.956947 0.290263 0
    outer loop
      vertex 33.8074 9.05867 64
      vertex 33.1426 11.2504 63.99
      vertex 33.1426 11.2504 64
    endloop
  endfacet
  facet normal 0.956947 0.290263 0
    outer loop
      vertex 33.1426 11.2504 63.99
      vertex 33.8074 9.05867 64
      vertex 33.8074 9.05867 63.99
    endloop
  endfacet
  facet normal 0.582477 0.812847 -0
    outer loop
      vertex 21.3066 27.7674 63.99
      vertex 19.445 29.1014 64
      vertex 21.3066 27.7674 64
    endloop
  endfacet
  facet normal 0.582477 0.812847 0
    outer loop
      vertex 19.445 29.1014 64
      vertex 21.3066 27.7674 63.99
      vertex 19.445 29.1014 63.99
    endloop
  endfacet
  facet normal 0.773013 -0.63439 0
    outer loop
      vertex 26.3144 -23.0771 64
      vertex 27.7674 -21.3066 63.99
      vertex 27.7674 -21.3066 64
    endloop
  endfacet
  facet normal 0.773013 -0.63439 0
    outer loop
      vertex 27.7674 -21.3066 63.99
      vertex 26.3144 -23.0771 64
      vertex 26.3144 -23.0771 63.99
    endloop
  endfacet
  facet normal -0.453653 -0.848771 -0.271637
    outer loop
      vertex -15.4801 -31.3905 63.99
      vertex -17.5 -30.3109 63.99
      vertex -13.5469 -14.825 9
    endloop
  endfacet
  facet normal -0.471377 -0.881932 0
    outer loop
      vertex -17.5 -30.3109 63.99
      vertex -15.4801 -31.3905 64
      vertex -17.5 -30.3109 64
    endloop
  endfacet
  facet normal -0.471377 -0.881932 -0
    outer loop
      vertex -15.4801 -31.3905 64
      vertex -17.5 -30.3109 63.99
      vertex -15.4801 -31.3905 63.99
    endloop
  endfacet
  facet normal -0.745405 -0.611733 -0.264867
    outer loop
      vertex -26.3144 -23.0771 63.99
      vertex -27.7674 -21.3066 63.99
      vertex -13.5469 -14.825 9
    endloop
  endfacet
  facet normal 0.0327026 -0.999465 0
    outer loop
      vertex 0 -35 63.99
      vertex 2.28911 -34.9251 64
      vertex 0 -35 64
    endloop
  endfacet
  facet normal 0.0327026 -0.999465 0
    outer loop
      vertex 2.28911 -34.9251 64
      vertex 0 -35 63.99
      vertex 2.28911 -34.9251 63.99
    endloop
  endfacet
  facet normal -0.0327026 -0.999465 0
    outer loop
      vertex -2.28911 -34.9251 63.99
      vertex 0 -35 64
      vertex -2.28911 -34.9251 64
    endloop
  endfacet
  facet normal -0.0327026 -0.999465 -0
    outer loop
      vertex 0 -35 64
      vertex -2.28911 -34.9251 63.99
      vertex 0 -35 63.99
    endloop
  endfacet
  facet normal -0.0307829 -0.940794 -0.33758
    outer loop
      vertex -2.28911 -34.9251 63.99
      vertex -13.5469 -14.825 9
      vertex 0 -35 63.99
    endloop
  endfacet
  facet normal 0.154696 -0.93694 -0.31339
    outer loop
      vertex 6.82816 -34.3275 63.99
      vertex 4.56842 -34.7006 63.99
      vertex 13.5469 -14.825 9
    endloop
  endfacet
  facet normal 0.162902 -0.986642 0
    outer loop
      vertex 4.56842 -34.7006 63.99
      vertex 6.82816 -34.3275 64
      vertex 4.56842 -34.7006 64
    endloop
  endfacet
  facet normal 0.162902 -0.986642 0
    outer loop
      vertex 6.82816 -34.3275 64
      vertex 4.56842 -34.7006 63.99
      vertex 6.82816 -34.3275 63.99
    endloop
  endfacet
  facet normal 0.508897 -0.818359 -0.267044
    outer loop
      vertex 17.5 -30.3109 63.99
      vertex 13.5469 -14.825 9
      vertex 19.445 -29.1014 63.99
    endloop
  endfacet
  facet normal 0.528075 -0.849198 0
    outer loop
      vertex 17.5 -30.3109 63.99
      vertex 19.445 -29.1014 64
      vertex 17.5 -30.3109 64
    endloop
  endfacet
  facet normal 0.528075 -0.849198 0
    outer loop
      vertex 19.445 -29.1014 64
      vertex 17.5 -30.3109 63.99
      vertex 19.445 -29.1014 63.99
    endloop
  endfacet
  facet normal -1 0 0
    outer loop
      vertex 11.5469 -12.825 0
      vertex 11.5469 12.825 8.99
      vertex 11.5469 12.825 0
    endloop
  endfacet
  facet normal -1 -0 0
    outer loop
      vertex 11.5469 12.825 8.99
      vertex 11.5469 -12.825 0
      vertex 11.5469 -12.825 8.99
    endloop
  endfacet
  facet normal 1 -0 0
    outer loop
      vertex -11.5469 -12.825 8.99
      vertex -11.5469 12.825 0
      vertex -11.5469 12.825 8.99
    endloop
  endfacet
  facet normal 1 0 0
    outer loop
      vertex -11.5469 12.825 0
      vertex -11.5469 -12.825 8.99
      vertex -11.5469 -12.825 0
    endloop
  endfacet
  facet normal 0 -1 0
    outer loop
      vertex -11.5469 12.825 0
      vertex 11.5469 12.825 8.99
      vertex -11.5469 12.825 8.99
    endloop
  endfacet
  facet normal 0 -1 -0
    outer loop
      vertex 11.5469 12.825 8.99
      vertex -11.5469 12.825 0
      vertex 11.5469 12.825 0
    endloop
  endfacet
  facet normal 0 1 -0
    outer loop
      vertex 11.5469 -12.825 0
      vertex -11.5469 -12.825 8.99
      vertex 11.5469 -12.825 8.99
    endloop
  endfacet
  facet normal 0 1 0
    outer loop
      vertex -11.5469 -12.825 8.99
      vertex 11.5469 -12.825 0
      vertex -11.5469 -12.825 0
    endloop
  endfacet
  facet normal 0.277244 -0.914062 0.296019
    outer loop
      vertex -8.59469 31.5354 64
      vertex -10.6243 30.9198 64
      vertex -11.5469 12.825 8.99
    endloop
  endfacet
  facet normal 0.923133 0.215241 0.318585
    outer loop
      vertex -31.5126 -8.61751 64
      vertex -11.5469 -12.825 8.99
      vertex -31.9942 -6.55201 64
    endloop
  endfacet
  facet normal -0.743557 -0.61022 0.273411
    outer loop
      vertex 25.9194 19.9594 64
      vertex 24.5739 21.5989 64
      vertex 11.5469 12.825 8.99
    endloop
  endfacet
  facet normal -0.452773 -0.847081 0.278298
    outer loop
      vertex 16.4116 28.2976 64
      vertex 14.5411 29.2974 64
      vertex 11.5469 12.825 8.99
    endloop
  endfacet
  facet normal -0.923133 -0.215241 0.318585
    outer loop
      vertex 31.9942 6.55201 64
      vertex 31.5126 8.61751 64
      vertex 11.5469 12.825 8.99
    endloop
  endfacet
  facet normal -0.814987 0.506748 0.281076
    outer loop
      vertex 27.1548 -18.2355 64
      vertex 28.2747 -16.4344 64
      vertex 11.5469 -12.825 8.99
    endloop
  endfacet
  facet normal 0 0.940826 0.338889
    outer loop
      vertex 11.5469 -12.825 8.99
      vertex -0.206157 -32.6398 64
      vertex 0.206157 -32.6398 64
    endloop
  endfacet
  facet normal 0 0.940826 0.338889
    outer loop
      vertex -0.206157 -32.6398 64
      vertex 11.5469 -12.825 8.99
      vertex -11.5469 -12.825 8.99
    endloop
  endfacet
  facet normal 0.910049 0.276074 0.309183
    outer loop
      vertex -30.8969 -10.6471 64
      vertex -11.5469 -12.825 8.99
      vertex -31.5126 -8.61751 64
    endloop
  endfacet
  facet normal 0.337228 0.895949 0.289055
    outer loop
      vertex -10.6243 -30.9198 64
      vertex -11.5469 -12.825 8.99
      vertex -12.6092 -30.1727 64
    endloop
  endfacet
  facet normal -0.337228 0.895949 0.289055
    outer loop
      vertex 12.6092 -30.1727 64
      vertex 11.5469 -12.825 8.99
      vertex 10.6243 -30.9198 64
    endloop
  endfacet
  facet normal -0.923133 0.215241 0.318585
    outer loop
      vertex 31.5126 -8.61751 64
      vertex 31.9942 -6.55201 64
      vertex 11.5469 -12.825 8.99
    endloop
  endfacet
  facet normal 0.844935 -0.451626 0.286566
    outer loop
      vertex -11.5469 12.825 8.99
      vertex -28.2747 16.4344 64
      vertex -29.2745 14.5639 64
    endloop
  endfacet
  facet normal -0.0927845 0.941988 0.322566
    outer loop
      vertex 4.43662 -32.3625 64
      vertex 11.5469 -12.825 8.99
      vertex 2.32593 -32.5704 64
    endloop
  endfacet
  facet normal -0.935728 0.0306351 0.351391
    outer loop
      vertex 32.5476 -2.34875 64
      vertex 32.617 -0.228977 64
      vertex 11.5469 -12.825 8.99
    endloop
  endfacet
  facet normal -0.910049 -0.276074 0.309183
    outer loop
      vertex 31.5126 8.61751 64
      vertex 30.8969 10.6471 64
      vertex 11.5469 12.825 8.99
    endloop
  endfacet
  facet normal -0.507793 0.81655 0.274576
    outer loop
      vertex 16.4116 -28.2976 64
      vertex 18.2126 -27.1776 64
      vertex 11.5469 -12.825 8.99
    endloop
  endfacet
  facet normal 0.923133 -0.215241 0.318585
    outer loop
      vertex -11.5469 12.825 8.99
      vertex -31.5126 8.61751 64
      vertex -31.9942 6.55201 64
    endloop
  endfacet
  facet normal 0.935728 -0.0306351 0.351391
    outer loop
      vertex -11.5469 12.825 8.99
      vertex -32.5476 2.34875 64
      vertex -32.617 0.228977 64
    endloop
  endfacet
  facet normal 0.610726 -0.744173 0.270592
    outer loop
      vertex -11.5469 12.825 8.99
      vertex -19.9366 25.9422 64
      vertex -21.5761 24.5967 64
    endloop
  endfacet
  facet normal 0.395807 -0.873596 0.283137
    outer loop
      vertex -11.5469 12.825 8.99
      vertex -12.6092 30.1727 64
      vertex -14.5411 29.2974 64
    endloop
  endfacet
  facet normal 0.658121 -0.702698 0.270358
    outer loop
      vertex -11.5469 12.825 8.99
      vertex -21.5761 24.5967 64
      vertex -23.1241 23.1469 64
    endloop
  endfacet
  facet normal 0.933843 -0 0.357683
    outer loop
      vertex -32.617 -0.228977 64
      vertex -11.5469 12.825 8.99
      vertex -32.617 0.228977 64
    endloop
  endfacet
  facet normal 0.933843 0 0.357683
    outer loop
      vertex -11.5469 12.825 8.99
      vertex -32.617 -0.228977 64
      vertex -11.5469 -12.825 8.99
    endloop
  endfacet
  facet normal 0.870854 -0.394584 0.293116
    outer loop
      vertex -11.5469 12.825 8.99
      vertex -29.2745 14.5639 64
      vertex -30.1498 12.6321 64
    endloop
  endfacet
  facet normal -0.658121 -0.702698 0.270358
    outer loop
      vertex 23.1241 23.1469 64
      vertex 21.5761 24.5967 64
      vertex 11.5469 12.825 8.99
    endloop
  endfacet
  facet normal -0.781101 -0.559761 0.276676
    outer loop
      vertex 27.1548 18.2355 64
      vertex 25.9194 19.9594 64
      vertex 11.5469 12.825 8.99
    endloop
  endfacet
  facet normal 0.0308532 0.94239 0.333091
    outer loop
      vertex -2.32593 -32.5704 64
      vertex -0.206157 -32.6398 64
      vertex -11.5469 -12.825 8.99
    endloop
  endfacet
  facet normal -0.154726 0.937121 0.312831
    outer loop
      vertex 6.52919 -32.017 64
      vertex 11.5469 -12.825 8.99
      vertex 4.43662 -32.3625 64
    endloop
  endfacet
  facet normal -0.0927845 -0.941988 0.322566
    outer loop
      vertex 11.5469 12.825 8.99
      vertex 4.43662 32.3625 64
      vertex 2.32593 32.5704 64
    endloop
  endfacet
  facet normal -0.277244 -0.914062 0.296019
    outer loop
      vertex 11.5469 12.825 8.99
      vertex 10.6243 30.9198 64
      vertex 8.59469 31.5354 64
    endloop
  endfacet
  facet normal -0.933843 0 0.357683
    outer loop
      vertex 11.5469 12.825 8.99
      vertex 32.617 -0.228977 64
      vertex 32.617 0.228977 64
    endloop
  endfacet
  facet normal -0.933843 0 0.357683
    outer loop
      vertex 32.617 -0.228977 64
      vertex 11.5469 12.825 8.99
      vertex 11.5469 -12.825 8.99
    endloop
  endfacet
  facet normal -0.870854 0.394584 0.293116
    outer loop
      vertex 29.2745 -14.5639 64
      vertex 30.1498 -12.6321 64
      vertex 11.5469 -12.825 8.99
    endloop
  endfacet
  facet normal -0.892599 -0.33595 0.300675
    outer loop
      vertex 30.8969 10.6471 64
      vertex 30.1498 12.6321 64
      vertex 11.5469 12.825 8.99
    endloop
  endfacet
  facet normal -0.870854 -0.394584 0.293116
    outer loop
      vertex 30.1498 12.6321 64
      vertex 29.2745 14.5639 64
      vertex 11.5469 12.825 8.99
    endloop
  endfacet
  facet normal -0.395807 -0.873596 0.283137
    outer loop
      vertex 14.5411 29.2974 64
      vertex 12.6092 30.1727 64
      vertex 11.5469 12.825 8.99
    endloop
  endfacet
  facet normal 0.910049 -0.276074 0.309183
    outer loop
      vertex -11.5469 12.825 8.99
      vertex -30.8969 10.6471 64
      vertex -31.5126 8.61751 64
    endloop
  endfacet
  facet normal 0.507793 -0.81655 0.274576
    outer loop
      vertex -11.5469 12.825 8.99
      vertex -16.4116 28.2976 64
      vertex -18.2126 27.1776 64
    endloop
  endfacet
  facet normal 0.935981 0.0921928 0.339764
    outer loop
      vertex -32.3397 -4.45944 64
      vertex -11.5469 -12.825 8.99
      vertex -32.5476 -2.34875 64
    endloop
  endfacet
  facet normal 0.781101 -0.559761 0.276676
    outer loop
      vertex -11.5469 12.825 8.99
      vertex -25.9194 19.9594 64
      vertex -27.1548 18.2355 64
    endloop
  endfacet
  facet normal 0.931784 0.153845 0.328802
    outer loop
      vertex -31.9942 -6.55201 64
      vertex -11.5469 -12.825 8.99
      vertex -32.3397 -4.45944 64
    endloop
  endfacet
  facet normal 0.931784 -0.153845 0.328802
    outer loop
      vertex -11.5469 12.825 8.99
      vertex -31.9942 6.55201 64
      vertex -32.3397 4.45944 64
    endloop
  endfacet
  facet normal -0.814987 -0.506748 0.281076
    outer loop
      vertex 28.2747 16.4344 64
      vertex 27.1548 18.2355 64
      vertex 11.5469 12.825 8.99
    endloop
  endfacet
  facet normal -0.702504 -0.657939 0.2713
    outer loop
      vertex 24.5739 21.5989 64
      vertex 23.1241 23.1469 64
      vertex 11.5469 12.825 8.99
    endloop
  endfacet
  facet normal -0.910049 0.276074 0.309183
    outer loop
      vertex 30.8969 -10.6471 64
      vertex 31.5126 -8.61751 64
      vertex 11.5469 -12.825 8.99
    endloop
  endfacet
  facet normal 0.870854 0.394584 0.293116
    outer loop
      vertex -29.2745 -14.5639 64
      vertex -11.5469 -12.825 8.99
      vertex -30.1498 -12.6321 64
    endloop
  endfacet
  facet normal 0.610726 0.744173 0.270592
    outer loop
      vertex -19.9366 -25.9422 64
      vertex -11.5469 -12.825 8.99
      vertex -21.5761 -24.5967 64
    endloop
  endfacet
  facet normal 0.154726 0.937121 0.312831
    outer loop
      vertex -6.52919 -32.017 64
      vertex -4.43662 -32.3625 64
      vertex -11.5469 -12.825 8.99
    endloop
  endfacet
  facet normal -0.216329 0.927799 0.30396
    outer loop
      vertex 8.59469 -31.5354 64
      vertex 11.5469 -12.825 8.99
      vertex 6.52919 -32.017 64
    endloop
  endfacet
  facet normal 0.743557 -0.61022 0.273411
    outer loop
      vertex -11.5469 12.825 8.99
      vertex -24.5739 21.5989 64
      vertex -25.9194 19.9594 64
    endloop
  endfacet
  facet normal -0.0308532 0.94239 0.333091
    outer loop
      vertex 2.32593 -32.5704 64
      vertex 11.5469 -12.825 8.99
      vertex 0.206157 -32.6398 64
    endloop
  endfacet
  facet normal -0.658121 0.702698 0.270358
    outer loop
      vertex 21.5761 -24.5967 64
      vertex 23.1241 -23.1469 64
      vertex 11.5469 -12.825 8.99
    endloop
  endfacet
  facet normal -0.395807 0.873596 0.283137
    outer loop
      vertex 12.6092 -30.1727 64
      vertex 14.5411 -29.2974 64
      vertex 11.5469 -12.825 8.99
    endloop
  endfacet
  facet normal -0.931784 -0.153845 0.328802
    outer loop
      vertex 32.3397 4.45944 64
      vertex 31.9942 6.55201 64
      vertex 11.5469 12.825 8.99
    endloop
  endfacet
  facet normal -0.337228 -0.895949 0.289055
    outer loop
      vertex 11.5469 12.825 8.99
      vertex 12.6092 30.1727 64
      vertex 10.6243 30.9198 64
    endloop
  endfacet
  facet normal 0.0308532 -0.94239 0.333091
    outer loop
      vertex -0.206157 32.6398 64
      vertex -2.32593 32.5704 64
      vertex -11.5469 12.825 8.99
    endloop
  endfacet
  facet normal 0.337228 -0.895949 0.289055
    outer loop
      vertex -11.5469 12.825 8.99
      vertex -10.6243 30.9198 64
      vertex -12.6092 30.1727 64
    endloop
  endfacet
  facet normal 0.560516 -0.7822 0.272002
    outer loop
      vertex -11.5469 12.825 8.99
      vertex -18.2126 27.1776 64
      vertex -19.9366 25.9422 64
    endloop
  endfacet
  facet normal 0.452773 -0.847081 0.278298
    outer loop
      vertex -11.5469 12.825 8.99
      vertex -14.5411 29.2974 64
      vertex -16.4116 28.2976 64
    endloop
  endfacet
  facet normal -0.844935 -0.451626 0.286566
    outer loop
      vertex 29.2745 14.5639 64
      vertex 28.2747 16.4344 64
      vertex 11.5469 12.825 8.99
    endloop
  endfacet
  facet normal 0.935981 -0.0921928 0.339764
    outer loop
      vertex -11.5469 12.825 8.99
      vertex -32.3397 4.45944 64
      vertex -32.5476 2.34875 64
    endloop
  endfacet
  facet normal 0.935728 0.0306351 0.351391
    outer loop
      vertex -32.5476 -2.34875 64
      vertex -11.5469 -12.825 8.99
      vertex -32.617 -0.228977 64
    endloop
  endfacet
  facet normal -0.743557 0.61022 0.273411
    outer loop
      vertex 24.5739 -21.5989 64
      vertex 25.9194 -19.9594 64
      vertex 11.5469 -12.825 8.99
    endloop
  endfacet
  facet normal 0.814987 -0.506748 0.281076
    outer loop
      vertex -11.5469 12.825 8.99
      vertex -27.1548 18.2355 64
      vertex -28.2747 16.4344 64
    endloop
  endfacet
  facet normal 0.892599 -0.33595 0.300675
    outer loop
      vertex -11.5469 12.825 8.99
      vertex -30.1498 12.6321 64
      vertex -30.8969 10.6471 64
    endloop
  endfacet
  facet normal 0.892599 0.33595 0.300675
    outer loop
      vertex -30.1498 -12.6321 64
      vertex -11.5469 -12.825 8.99
      vertex -30.8969 -10.6471 64
    endloop
  endfacet
  facet normal 0.814987 0.506748 0.281076
    outer loop
      vertex -27.1548 -18.2355 64
      vertex -11.5469 -12.825 8.99
      vertex -28.2747 -16.4344 64
    endloop
  endfacet
  facet normal 0.658121 0.702698 0.270358
    outer loop
      vertex -21.5761 -24.5967 64
      vertex -11.5469 -12.825 8.99
      vertex -23.1241 -23.1469 64
    endloop
  endfacet
  facet normal 0.702504 0.657939 0.2713
    outer loop
      vertex -23.1241 -23.1469 64
      vertex -11.5469 -12.825 8.99
      vertex -24.5739 -21.5989 64
    endloop
  endfacet
  facet normal 0.0927845 0.941988 0.322566
    outer loop
      vertex -4.43662 -32.3625 64
      vertex -2.32593 -32.5704 64
      vertex -11.5469 -12.825 8.99
    endloop
  endfacet
  facet normal 0.277244 0.914062 0.296019
    outer loop
      vertex -10.6243 -30.9198 64
      vertex -8.59469 -31.5354 64
      vertex -11.5469 -12.825 8.99
    endloop
  endfacet
  facet normal -0.277244 0.914062 0.296019
    outer loop
      vertex 10.6243 -30.9198 64
      vertex 11.5469 -12.825 8.99
      vertex 8.59469 -31.5354 64
    endloop
  endfacet
  facet normal 0.560516 0.7822 0.272002
    outer loop
      vertex -18.2126 -27.1776 64
      vertex -11.5469 -12.825 8.99
      vertex -19.9366 -25.9422 64
    endloop
  endfacet
  facet normal -0.781101 0.559761 0.276676
    outer loop
      vertex 25.9194 -19.9594 64
      vertex 27.1548 -18.2355 64
      vertex 11.5469 -12.825 8.99
    endloop
  endfacet
  facet normal -0.452773 0.847081 0.278298
    outer loop
      vertex 14.5411 -29.2974 64
      vertex 16.4116 -28.2976 64
      vertex 11.5469 -12.825 8.99
    endloop
  endfacet
  facet normal -0.892599 0.33595 0.300675
    outer loop
      vertex 30.1498 -12.6321 64
      vertex 30.8969 -10.6471 64
      vertex 11.5469 -12.825 8.99
    endloop
  endfacet
  facet normal -0.844935 0.451626 0.286566
    outer loop
      vertex 28.2747 -16.4344 64
      vertex 29.2745 -14.5639 64
      vertex 11.5469 -12.825 8.99
    endloop
  endfacet
  facet normal -0.216329 -0.927799 0.30396
    outer loop
      vertex 11.5469 12.825 8.99
      vertex 8.59469 31.5354 64
      vertex 6.52919 32.017 64
    endloop
  endfacet
  facet normal -0.154726 -0.937121 0.312831
    outer loop
      vertex 11.5469 12.825 8.99
      vertex 6.52919 32.017 64
      vertex 4.43662 32.3625 64
    endloop
  endfacet
  facet normal -0.0308532 -0.94239 0.333091
    outer loop
      vertex 11.5469 12.825 8.99
      vertex 2.32593 32.5704 64
      vertex 0.206157 32.6398 64
    endloop
  endfacet
  facet normal 0 -0.940826 0.338889
    outer loop
      vertex -11.5469 12.825 8.99
      vertex 0.206157 32.6398 64
      vertex -0.206157 32.6398 64
    endloop
  endfacet
  facet normal 0 -0.940826 0.338889
    outer loop
      vertex 0.206157 32.6398 64
      vertex -11.5469 12.825 8.99
      vertex 11.5469 12.825 8.99
    endloop
  endfacet
  facet normal 0.0927845 -0.941988 0.322566
    outer loop
      vertex -2.32593 32.5704 64
      vertex -4.43662 32.3625 64
      vertex -11.5469 12.825 8.99
    endloop
  endfacet
  facet normal 0.702504 -0.657939 0.2713
    outer loop
      vertex -11.5469 12.825 8.99
      vertex -23.1241 23.1469 64
      vertex -24.5739 21.5989 64
    endloop
  endfacet
  facet normal 0.844935 0.451626 0.286566
    outer loop
      vertex -28.2747 -16.4344 64
      vertex -11.5469 -12.825 8.99
      vertex -29.2745 -14.5639 64
    endloop
  endfacet
  facet normal 0.216329 0.927799 0.30396
    outer loop
      vertex -8.59469 -31.5354 64
      vertex -6.52919 -32.017 64
      vertex -11.5469 -12.825 8.99
    endloop
  endfacet
  facet normal 0.452773 0.847081 0.278298
    outer loop
      vertex -14.5411 -29.2974 64
      vertex -11.5469 -12.825 8.99
      vertex -16.4116 -28.2976 64
    endloop
  endfacet
  facet normal -0.935981 -0.0921928 0.339764
    outer loop
      vertex 32.5476 2.34875 64
      vertex 32.3397 4.45944 64
      vertex 11.5469 12.825 8.99
    endloop
  endfacet
  facet normal -0.702504 0.657939 0.2713
    outer loop
      vertex 23.1241 -23.1469 64
      vertex 24.5739 -21.5989 64
      vertex 11.5469 -12.825 8.99
    endloop
  endfacet
  facet normal -0.560516 0.7822 0.272002
    outer loop
      vertex 18.2126 -27.1776 64
      vertex 19.9366 -25.9422 64
      vertex 11.5469 -12.825 8.99
    endloop
  endfacet
  facet normal -0.931784 0.153845 0.328802
    outer loop
      vertex 31.9942 -6.55201 64
      vertex 32.3397 -4.45944 64
      vertex 11.5469 -12.825 8.99
    endloop
  endfacet
  facet normal 0.395807 0.873596 0.283137
    outer loop
      vertex -12.6092 -30.1727 64
      vertex -11.5469 -12.825 8.99
      vertex -14.5411 -29.2974 64
    endloop
  endfacet
  facet normal 0.507793 0.81655 0.274576
    outer loop
      vertex -16.4116 -28.2976 64
      vertex -11.5469 -12.825 8.99
      vertex -18.2126 -27.1776 64
    endloop
  endfacet
  facet normal -0.610726 0.744173 0.270592
    outer loop
      vertex 19.9366 -25.9422 64
      vertex 21.5761 -24.5967 64
      vertex 11.5469 -12.825 8.99
    endloop
  endfacet
  facet normal -0.935981 0.0921928 0.339764
    outer loop
      vertex 32.3397 -4.45944 64
      vertex 32.5476 -2.34875 64
      vertex 11.5469 -12.825 8.99
    endloop
  endfacet
  facet normal -0.935728 -0.0306351 0.351391
    outer loop
      vertex 32.617 0.228977 64
      vertex 32.5476 2.34875 64
      vertex 11.5469 12.825 8.99
    endloop
  endfacet
  facet normal -0.610726 -0.744173 0.270592
    outer loop
      vertex 21.5761 24.5967 64
      vertex 19.9366 25.9422 64
      vertex 11.5469 12.825 8.99
    endloop
  endfacet
  facet normal 0.154726 -0.937121 0.312831
    outer loop
      vertex -4.43662 32.3625 64
      vertex -6.52919 32.017 64
      vertex -11.5469 12.825 8.99
    endloop
  endfacet
  facet normal 0.216329 -0.927799 0.30396
    outer loop
      vertex -6.52919 32.017 64
      vertex -8.59469 31.5354 64
      vertex -11.5469 12.825 8.99
    endloop
  endfacet
  facet normal 0.781101 0.559761 0.276676
    outer loop
      vertex -25.9194 -19.9594 64
      vertex -11.5469 -12.825 8.99
      vertex -27.1548 -18.2355 64
    endloop
  endfacet
  facet normal -0.560516 -0.7822 0.272002
    outer loop
      vertex 19.9366 25.9422 64
      vertex 18.2126 27.1776 64
      vertex 11.5469 12.825 8.99
    endloop
  endfacet
  facet normal -0.507793 -0.81655 0.274576
    outer loop
      vertex 18.2126 27.1776 64
      vertex 16.4116 28.2976 64
      vertex 11.5469 12.825 8.99
    endloop
  endfacet
  facet normal 0.743557 0.61022 0.273411
    outer loop
      vertex -24.5739 -21.5989 64
      vertex -11.5469 -12.825 8.99
      vertex -25.9194 -19.9594 64
    endloop
  endfacet
endsolid OpenSCAD_Model
