solid OpenSCAD_Model
  facet normal 1 -0 0
    outer loop
      vertex 30 -1.2 30
      vertex 30 1.2 0
      vertex 30 1.2 30
    endloop
  endfacet
  facet normal 1 0 0
    outer loop
      vertex 30 1.2 0
      vertex 30 -1.2 30
      vertex 30 -1.2 0
    endloop
  endfacet
  facet normal 0 0 1
    outer loop
      vertex -3.53831 -7.17498 30
      vertex -1.17206 -2.37671 30
      vertex -1.325 -2.29497 30
    endloop
  endfacet
  facet normal 0 0 1
    outer loop
      vertex -4 -6.9282 30
      vertex -1.325 -2.29497 30
      vertex -1.47226 -2.20339 30
    endloop
  endfacet
  facet normal 0 0 1
    outer loop
      vertex -1.17206 -2.37671 30
      vertex -1.56072 -7.84628 30
      vertex -1.2 -7.90584 30
    endloop
  endfacet
  facet normal 0 0 1
    outer loop
      vertex -4.44456 -6.65176 30
      vertex -1.47226 -2.20339 30
      vertex -1.61322 -2.10239 30
    endloop
  endfacet
  facet normal 0 0 1
    outer loop
      vertex -4.87009 -6.34683 30
      vertex -1.61322 -2.10239 30
      vertex -1.74727 -1.99238 30
    endloop
  endfacet
  facet normal 0 0 1
    outer loop
      vertex -5.27477 -6.01472 30
      vertex -1.74727 -1.99238 30
      vertex -1.87383 -1.87383 30
    endloop
  endfacet
  facet normal 0 0 1
    outer loop
      vertex -5.65685 -5.65685 30
      vertex -1.87383 -1.87383 30
      vertex -1.99238 -1.74727 30
    endloop
  endfacet
  facet normal 0 0 1
    outer loop
      vertex -1.17206 -2.37671 30
      vertex -2.07055 -7.72741 30
      vertex -1.56072 -7.84628 30
    endloop
  endfacet
  facet normal 0 0 1
    outer loop
      vertex -6.01472 -5.27477 30
      vertex -1.99238 -1.74727 30
      vertex -2.10239 -1.61322 30
    endloop
  endfacet
  facet normal 0 0 1
    outer loop
      vertex -6.34683 -4.87009 30
      vertex -2.10239 -1.61322 30
      vertex -2.20339 -1.47226 30
    endloop
  endfacet
  facet normal 0 0 1
    outer loop
      vertex -6.65176 -4.44456 30
      vertex -2.20339 -1.47226 30
      vertex -2.29497 -1.325 30
    endloop
  endfacet
  facet normal 0 0 1
    outer loop
      vertex -6.9282 -4 30
      vertex -2.29497 -1.325 30
      vertex -2.37671 -1.17206 30
    endloop
  endfacet
  facet normal 0 0 1
    outer loop
      vertex -7.17498 -3.53831 30
      vertex -2.37671 -1.17206 30
      vertex -2.44828 -1.01411 30
    endloop
  endfacet
  facet normal 0 0 1
    outer loop
      vertex -7.39104 -3.06147 30
      vertex -2.44828 -1.01411 30
      vertex -2.50936 -0.851814 30
    endloop
  endfacet
  facet normal 0 0 1
    outer loop
      vertex -7.57544 -2.57152 30
      vertex -2.50936 -0.851814 30
      vertex -2.5597 -0.68587 30
    endloop
  endfacet
  facet normal 0 0 1
    outer loop
      vertex -1.17206 -2.37671 30
      vertex -2.57152 -7.57544 30
      vertex -2.07055 -7.72741 30
    endloop
  endfacet
  facet normal 0 0 1
    outer loop
      vertex -7.72741 -2.07055 30
      vertex -2.5597 -0.68587 30
      vertex -2.59908 -0.516989 30
    endloop
  endfacet
  facet normal 0 0 1
    outer loop
      vertex -7.90584 -1.2 30
      vertex -2.59908 -0.516989 30
      vertex -2.62733 -0.345894 30
    endloop
  endfacet
  facet normal 0 0 1
    outer loop
      vertex -7.90584 -1.2 30
      vertex -2.62733 -0.345894 30
      vertex -2.64433 -0.173318 30
    endloop
  endfacet
  facet normal 0 0 1
    outer loop
      vertex -7.90584 -1.2 30
      vertex -2.64433 -0.173318 30
      vertex -2.65 0 30
    endloop
  endfacet
  facet normal 0 0 1
    outer loop
      vertex -2.20339 1.47226 30
      vertex -6.65176 4.44456 30
      vertex -2.29497 1.325 30
    endloop
  endfacet
  facet normal 0 0 1
    outer loop
      vertex -1.17206 -2.37671 30
      vertex -3.06147 -7.39104 30
      vertex -2.57152 -7.57544 30
    endloop
  endfacet
  facet normal -0 0 1
    outer loop
      vertex -6.9282 4 30
      vertex -2.29497 1.325 30
      vertex -6.65176 4.44456 30
    endloop
  endfacet
  facet normal 0 0 1
    outer loop
      vertex -1.17206 -2.37671 30
      vertex -3.53831 -7.17498 30
      vertex -3.06147 -7.39104 30
    endloop
  endfacet
  facet normal 0 0 1
    outer loop
      vertex -2.29497 1.325 30
      vertex -6.9282 4 30
      vertex -2.37671 1.17206 30
    endloop
  endfacet
  facet normal 0 0 1
    outer loop
      vertex -1.325 -2.29497 30
      vertex -4 -6.9282 30
      vertex -3.53831 -7.17498 30
    endloop
  endfacet
  facet normal -0 0 1
    outer loop
      vertex -7.17498 3.53831 30
      vertex -2.37671 1.17206 30
      vertex -6.9282 4 30
    endloop
  endfacet
  facet normal 0 0 1
    outer loop
      vertex -1.47226 -2.20339 30
      vertex -4.44456 -6.65176 30
      vertex -4 -6.9282 30
    endloop
  endfacet
  facet normal 0 0 1
    outer loop
      vertex -2.37671 1.17206 30
      vertex -7.17498 3.53831 30
      vertex -2.44828 1.01411 30
    endloop
  endfacet
  facet normal 0 0 1
    outer loop
      vertex -1.61322 -2.10239 30
      vertex -4.87009 -6.34683 30
      vertex -4.44456 -6.65176 30
    endloop
  endfacet
  facet normal -0 0 1
    outer loop
      vertex -7.39104 3.06147 30
      vertex -2.44828 1.01411 30
      vertex -7.17498 3.53831 30
    endloop
  endfacet
  facet normal 0 0 1
    outer loop
      vertex -1.74727 -1.99238 30
      vertex -5.27477 -6.01472 30
      vertex -4.87009 -6.34683 30
    endloop
  endfacet
  facet normal 0 0 1
    outer loop
      vertex -2.44828 1.01411 30
      vertex -7.39104 3.06147 30
      vertex -2.50936 0.851814 30
    endloop
  endfacet
  facet normal 0 0 1
    outer loop
      vertex -1.87383 -1.87383 30
      vertex -5.65685 -5.65685 30
      vertex -5.27477 -6.01472 30
    endloop
  endfacet
  facet normal -0 0 1
    outer loop
      vertex -7.57544 2.57152 30
      vertex -2.50936 0.851814 30
      vertex -7.39104 3.06147 30
    endloop
  endfacet
  facet normal 0 0 1
    outer loop
      vertex -1.99238 -1.74727 30
      vertex -6.01472 -5.27477 30
      vertex -5.65685 -5.65685 30
    endloop
  endfacet
  facet normal 0 0 1
    outer loop
      vertex -2.50936 0.851814 30
      vertex -7.57544 2.57152 30
      vertex -2.5597 0.68587 30
    endloop
  endfacet
  facet normal 0 0 1
    outer loop
      vertex -2.10239 -1.61322 30
      vertex -6.34683 -4.87009 30
      vertex -6.01472 -5.27477 30
    endloop
  endfacet
  facet normal -0 0 1
    outer loop
      vertex -7.72741 2.07055 30
      vertex -2.5597 0.68587 30
      vertex -7.57544 2.57152 30
    endloop
  endfacet
  facet normal 0 0 1
    outer loop
      vertex -2.20339 -1.47226 30
      vertex -6.65176 -4.44456 30
      vertex -6.34683 -4.87009 30
    endloop
  endfacet
  facet normal 0 0 1
    outer loop
      vertex -2.5597 0.68587 30
      vertex -7.72741 2.07055 30
      vertex -2.59908 0.516989 30
    endloop
  endfacet
  facet normal 0 0 1
    outer loop
      vertex -2.29497 -1.325 30
      vertex -6.9282 -4 30
      vertex -6.65176 -4.44456 30
    endloop
  endfacet
  facet normal -0 0 1
    outer loop
      vertex -7.84628 1.56072 30
      vertex -2.59908 0.516989 30
      vertex -7.72741 2.07055 30
    endloop
  endfacet
  facet normal 0 0 1
    outer loop
      vertex -2.37671 -1.17206 30
      vertex -7.17498 -3.53831 30
      vertex -6.9282 -4 30
    endloop
  endfacet
  facet normal -0 0 1
    outer loop
      vertex -7.90584 1.2 30
      vertex -2.59908 0.516989 30
      vertex -7.84628 1.56072 30
    endloop
  endfacet
  facet normal 0 0 1
    outer loop
      vertex -2.44828 -1.01411 30
      vertex -7.39104 -3.06147 30
      vertex -7.17498 -3.53831 30
    endloop
  endfacet
  facet normal 0 0 1
    outer loop
      vertex -2.59908 0.516989 30
      vertex -7.90584 1.2 30
      vertex -2.62733 0.345894 30
    endloop
  endfacet
  facet normal 0 0 1
    outer loop
      vertex -2.50936 -0.851814 30
      vertex -7.57544 -2.57152 30
      vertex -7.39104 -3.06147 30
    endloop
  endfacet
  facet normal 0 0 1
    outer loop
      vertex -2.62733 0.345894 30
      vertex -7.90584 1.2 30
      vertex -2.64433 0.173318 30
    endloop
  endfacet
  facet normal 0 0 1
    outer loop
      vertex -2.5597 -0.68587 30
      vertex -7.72741 -2.07055 30
      vertex -7.57544 -2.57152 30
    endloop
  endfacet
  facet normal 0 0 1
    outer loop
      vertex -2.64433 0.173318 30
      vertex -7.90584 1.2 30
      vertex -2.65 0 30
    endloop
  endfacet
  facet normal 0 0 1
    outer loop
      vertex -7.90584 -1.2 30
      vertex -2.65 0 30
      vertex -7.90584 1.2 30
    endloop
  endfacet
  facet normal 0 0 1
    outer loop
      vertex -2.59908 -0.516989 30
      vertex -7.90584 -1.2 30
      vertex -7.84628 -1.56072 30
    endloop
  endfacet
  facet normal 0 0 1
    outer loop
      vertex -2.59908 -0.516989 30
      vertex -7.84628 -1.56072 30
      vertex -7.72741 -2.07055 30
    endloop
  endfacet
  facet normal -0 0 1
    outer loop
      vertex -30 1.2 30
      vertex -7.90584 -1.2 30
      vertex -7.90584 1.2 30
    endloop
  endfacet
  facet normal 0 0 1
    outer loop
      vertex -7.90584 -1.2 30
      vertex -30 1.2 30
      vertex -30 -1.2 30
    endloop
  endfacet
  facet normal 0 0 1
    outer loop
      vertex -1.2 7.90584 30
      vertex 1.2 7.90584 30
      vertex 1.2 30 30
    endloop
  endfacet
  facet normal 0 -0 1
    outer loop
      vertex 0 2.65 30
      vertex 1.2 7.90584 30
      vertex -1.2 7.90584 30
    endloop
  endfacet
  facet normal 0 0 1
    outer loop
      vertex 1.2 7.90584 30
      vertex 1.01411 2.44828 30
      vertex 1.17206 2.37671 30
    endloop
  endfacet
  facet normal 0 0 1
    outer loop
      vertex 1.2 7.90584 30
      vertex 0.851814 2.50936 30
      vertex 1.01411 2.44828 30
    endloop
  endfacet
  facet normal 0 0 1
    outer loop
      vertex 1.2 7.90584 30
      vertex 0.68587 2.5597 30
      vertex 0.851814 2.50936 30
    endloop
  endfacet
  facet normal 0 0 1
    outer loop
      vertex 1.2 7.90584 30
      vertex 0.516989 2.59908 30
      vertex 0.68587 2.5597 30
    endloop
  endfacet
  facet normal 0 0 1
    outer loop
      vertex 1.2 7.90584 30
      vertex 0.345894 2.62733 30
      vertex 0.516989 2.59908 30
    endloop
  endfacet
  facet normal 0 0 1
    outer loop
      vertex 1.2 7.90584 30
      vertex 0.173318 2.64433 30
      vertex 0.345894 2.62733 30
    endloop
  endfacet
  facet normal 0 0 1
    outer loop
      vertex 1.2 7.90584 30
      vertex 0 2.65 30
      vertex 0.173318 2.64433 30
    endloop
  endfacet
  facet normal 0 0 1
    outer loop
      vertex 0 2.65 30
      vertex -1.2 7.90584 30
      vertex -0.173318 2.64433 30
    endloop
  endfacet
  facet normal 0 0 1
    outer loop
      vertex -0.173318 2.64433 30
      vertex -1.2 7.90584 30
      vertex -0.345894 2.62733 30
    endloop
  endfacet
  facet normal 0 0 1
    outer loop
      vertex -0.345894 2.62733 30
      vertex -1.2 7.90584 30
      vertex -0.516989 2.59908 30
    endloop
  endfacet
  facet normal -0 0 1
    outer loop
      vertex -1.56072 7.84628 30
      vertex -0.516989 2.59908 30
      vertex -1.2 7.90584 30
    endloop
  endfacet
  facet normal 0 0 1
    outer loop
      vertex -0.516989 2.59908 30
      vertex -1.56072 7.84628 30
      vertex -0.68587 2.5597 30
    endloop
  endfacet
  facet normal -0 0 1
    outer loop
      vertex -2.07055 7.72741 30
      vertex -0.68587 2.5597 30
      vertex -1.56072 7.84628 30
    endloop
  endfacet
  facet normal 0 0 1
    outer loop
      vertex -1.2 7.90584 30
      vertex 1.2 30 30
      vertex -1.2 30 30
    endloop
  endfacet
  facet normal 0 0 1
    outer loop
      vertex -0.68587 2.5597 30
      vertex -2.07055 7.72741 30
      vertex -0.851814 2.50936 30
    endloop
  endfacet
  facet normal -0 0 1
    outer loop
      vertex -2.57152 7.57544 30
      vertex -0.851814 2.50936 30
      vertex -2.07055 7.72741 30
    endloop
  endfacet
  facet normal 0 0 1
    outer loop
      vertex -0.851814 2.50936 30
      vertex -2.57152 7.57544 30
      vertex -1.01411 2.44828 30
    endloop
  endfacet
  facet normal -0 0 1
    outer loop
      vertex -3.06147 7.39104 30
      vertex -1.01411 2.44828 30
      vertex -2.57152 7.57544 30
    endloop
  endfacet
  facet normal 0 0 1
    outer loop
      vertex -1.01411 2.44828 30
      vertex -3.06147 7.39104 30
      vertex -1.17206 2.37671 30
    endloop
  endfacet
  facet normal -0 0 1
    outer loop
      vertex -3.53831 7.17498 30
      vertex -1.17206 2.37671 30
      vertex -3.06147 7.39104 30
    endloop
  endfacet
  facet normal 0 0 1
    outer loop
      vertex -1.17206 2.37671 30
      vertex -3.53831 7.17498 30
      vertex -1.325 2.29497 30
    endloop
  endfacet
  facet normal -0 0 1
    outer loop
      vertex -4 6.9282 30
      vertex -1.325 2.29497 30
      vertex -3.53831 7.17498 30
    endloop
  endfacet
  facet normal 0 0 1
    outer loop
      vertex -1.325 2.29497 30
      vertex -4 6.9282 30
      vertex -1.47226 2.20339 30
    endloop
  endfacet
  facet normal -0 0 1
    outer loop
      vertex -4.44456 6.65176 30
      vertex -1.47226 2.20339 30
      vertex -4 6.9282 30
    endloop
  endfacet
  facet normal 0 0 1
    outer loop
      vertex -1.47226 2.20339 30
      vertex -4.44456 6.65176 30
      vertex -1.61322 2.10239 30
    endloop
  endfacet
  facet normal -0 0 1
    outer loop
      vertex -4.87009 6.34683 30
      vertex -1.61322 2.10239 30
      vertex -4.44456 6.65176 30
    endloop
  endfacet
  facet normal 0 0 1
    outer loop
      vertex -1.61322 2.10239 30
      vertex -4.87009 6.34683 30
      vertex -1.74727 1.99238 30
    endloop
  endfacet
  facet normal -0 0 1
    outer loop
      vertex -5.27477 6.01472 30
      vertex -1.74727 1.99238 30
      vertex -4.87009 6.34683 30
    endloop
  endfacet
  facet normal 0 0 1
    outer loop
      vertex -1.74727 1.99238 30
      vertex -5.27477 6.01472 30
      vertex -1.87383 1.87383 30
    endloop
  endfacet
  facet normal -0 0 1
    outer loop
      vertex -5.65685 5.65685 30
      vertex -1.87383 1.87383 30
      vertex -5.27477 6.01472 30
    endloop
  endfacet
  facet normal 0 0 1
    outer loop
      vertex -1.87383 1.87383 30
      vertex -5.65685 5.65685 30
      vertex -1.99238 1.74727 30
    endloop
  endfacet
  facet normal -0 0 1
    outer loop
      vertex -6.01472 5.27477 30
      vertex -1.99238 1.74727 30
      vertex -5.65685 5.65685 30
    endloop
  endfacet
  facet normal 0 0 1
    outer loop
      vertex -1.99238 1.74727 30
      vertex -6.01472 5.27477 30
      vertex -2.10239 1.61322 30
    endloop
  endfacet
  facet normal -0 0 1
    outer loop
      vertex -6.34683 4.87009 30
      vertex -2.10239 1.61322 30
      vertex -6.01472 5.27477 30
    endloop
  endfacet
  facet normal 0 0 1
    outer loop
      vertex -2.10239 1.61322 30
      vertex -6.34683 4.87009 30
      vertex -2.20339 1.47226 30
    endloop
  endfacet
  facet normal -0 0 1
    outer loop
      vertex -6.65176 4.44456 30
      vertex -2.20339 1.47226 30
      vertex -6.34683 4.87009 30
    endloop
  endfacet
  facet normal -0 0 1
    outer loop
      vertex 7.90584 1.2 30
      vertex 30 -1.2 30
      vertex 30 1.2 30
    endloop
  endfacet
  facet normal 0 0 1
    outer loop
      vertex 7.90584 1.2 30
      vertex 7.90584 -1.2 30
      vertex 30 -1.2 30
    endloop
  endfacet
  facet normal 0 0 1
    outer loop
      vertex 1.85 1.89615 30
      vertex 7.90584 1.2 30
      vertex 7.84628 1.56072 30
    endloop
  endfacet
  facet normal 0 0 1
    outer loop
      vertex 7.90584 1.2 30
      vertex 1.85 1.89615 30
      vertex 7.90584 -1.2 30
    endloop
  endfacet
  facet normal -0 0 1
    outer loop
      vertex 1.85 1.89615 30
      vertex 7.84628 1.56072 30
      vertex 7.72741 2.07055 30
    endloop
  endfacet
  facet normal 0 0 1
    outer loop
      vertex 1.85 -1.89615 30
      vertex 7.90584 -1.2 30
      vertex 1.85 1.89615 30
    endloop
  endfacet
  facet normal 0 0 1
    outer loop
      vertex 1.85 1.89615 30
      vertex 7.72741 2.07055 30
      vertex 7.57544 2.57152 30
    endloop
  endfacet
  facet normal 0 0 1
    outer loop
      vertex 7.90584 -1.2 30
      vertex 1.85 -1.89615 30
      vertex 7.84628 -1.56072 30
    endloop
  endfacet
  facet normal 0 0 1
    outer loop
      vertex 1.85 1.89615 30
      vertex 7.57544 2.57152 30
      vertex 7.39104 3.06147 30
    endloop
  endfacet
  facet normal 0 0 1
    outer loop
      vertex 7.84628 -1.56072 30
      vertex 1.85 -1.89615 30
      vertex 7.72741 -2.07055 30
    endloop
  endfacet
  facet normal 0 0 1
    outer loop
      vertex 1.85 1.89615 30
      vertex 7.39104 3.06147 30
      vertex 7.17498 3.53831 30
    endloop
  endfacet
  facet normal 0 0 1
    outer loop
      vertex 7.72741 -2.07055 30
      vertex 1.85 -1.89615 30
      vertex 7.57544 -2.57152 30
    endloop
  endfacet
  facet normal 0 0 1
    outer loop
      vertex 1.85 1.89615 30
      vertex 7.17498 3.53831 30
      vertex 6.9282 4 30
    endloop
  endfacet
  facet normal 0 0 1
    outer loop
      vertex 7.57544 -2.57152 30
      vertex 1.85 -1.89615 30
      vertex 7.39104 -3.06147 30
    endloop
  endfacet
  facet normal 0 0 1
    outer loop
      vertex 1.85 1.89615 30
      vertex 6.9282 4 30
      vertex 6.65176 4.44456 30
    endloop
  endfacet
  facet normal 0 0 1
    outer loop
      vertex 7.39104 -3.06147 30
      vertex 1.85 -1.89615 30
      vertex 7.17498 -3.53831 30
    endloop
  endfacet
  facet normal 0 0 1
    outer loop
      vertex 1.85 1.89615 30
      vertex 6.65176 4.44456 30
      vertex 6.34683 4.87009 30
    endloop
  endfacet
  facet normal 0 0 1
    outer loop
      vertex 7.17498 -3.53831 30
      vertex 1.85 -1.89615 30
      vertex 6.9282 -4 30
    endloop
  endfacet
  facet normal 0 0 1
    outer loop
      vertex 1.85 1.89615 30
      vertex 6.34683 4.87009 30
      vertex 6.01472 5.27477 30
    endloop
  endfacet
  facet normal 0 0 1
    outer loop
      vertex 6.9282 -4 30
      vertex 1.85 -1.89615 30
      vertex 6.65176 -4.44456 30
    endloop
  endfacet
  facet normal 0 0 1
    outer loop
      vertex 1.85 1.89615 30
      vertex 6.01472 5.27477 30
      vertex 5.65685 5.65685 30
    endloop
  endfacet
  facet normal 0 0 1
    outer loop
      vertex 6.65176 -4.44456 30
      vertex 1.85 -1.89615 30
      vertex 6.34683 -4.87009 30
    endloop
  endfacet
  facet normal 0 0 1
    outer loop
      vertex 1.85 1.89615 30
      vertex 5.65685 5.65685 30
      vertex 5.27477 6.01472 30
    endloop
  endfacet
  facet normal 0 0 1
    outer loop
      vertex 6.34683 -4.87009 30
      vertex 1.85 -1.89615 30
      vertex 6.01472 -5.27477 30
    endloop
  endfacet
  facet normal 0 0 1
    outer loop
      vertex 1.74727 1.99238 30
      vertex 5.27477 6.01472 30
      vertex 4.87009 6.34683 30
    endloop
  endfacet
  facet normal 0 0 1
    outer loop
      vertex 6.01472 -5.27477 30
      vertex 1.85 -1.89615 30
      vertex 5.65685 -5.65685 30
    endloop
  endfacet
  facet normal 0 0 1
    outer loop
      vertex 1.61322 2.10239 30
      vertex 4.87009 6.34683 30
      vertex 4.44456 6.65176 30
    endloop
  endfacet
  facet normal 0 0 1
    outer loop
      vertex 5.65685 -5.65685 30
      vertex 1.85 -1.89615 30
      vertex 5.27477 -6.01472 30
    endloop
  endfacet
  facet normal 0 0 1
    outer loop
      vertex 1.47226 2.20339 30
      vertex 4.44456 6.65176 30
      vertex 4 6.9282 30
    endloop
  endfacet
  facet normal -0 0 1
    outer loop
      vertex 1.74727 -1.99238 30
      vertex 5.27477 -6.01472 30
      vertex 1.85 -1.89615 30
    endloop
  endfacet
  facet normal 0 0 1
    outer loop
      vertex 1.325 2.29497 30
      vertex 4 6.9282 30
      vertex 3.53831 7.17498 30
    endloop
  endfacet
  facet normal 0 0 1
    outer loop
      vertex 5.27477 -6.01472 30
      vertex 1.74727 -1.99238 30
      vertex 4.87009 -6.34683 30
    endloop
  endfacet
  facet normal 0 0 1
    outer loop
      vertex 1.17206 2.37671 30
      vertex 3.53831 7.17498 30
      vertex 3.06147 7.39104 30
    endloop
  endfacet
  facet normal -0 0 1
    outer loop
      vertex 1.61322 -2.10239 30
      vertex 4.87009 -6.34683 30
      vertex 1.74727 -1.99238 30
    endloop
  endfacet
  facet normal 0 0 1
    outer loop
      vertex 1.17206 2.37671 30
      vertex 3.06147 7.39104 30
      vertex 2.57152 7.57544 30
    endloop
  endfacet
  facet normal 0 0 1
    outer loop
      vertex 4.87009 -6.34683 30
      vertex 1.61322 -2.10239 30
      vertex 4.44456 -6.65176 30
    endloop
  endfacet
  facet normal 0 0 1
    outer loop
      vertex 1.17206 2.37671 30
      vertex 2.57152 7.57544 30
      vertex 2.07055 7.72741 30
    endloop
  endfacet
  facet normal -0 0 1
    outer loop
      vertex 1.47226 -2.20339 30
      vertex 4.44456 -6.65176 30
      vertex 1.61322 -2.10239 30
    endloop
  endfacet
  facet normal 0 0 1
    outer loop
      vertex 4.44456 -6.65176 30
      vertex 1.47226 -2.20339 30
      vertex 4 -6.9282 30
    endloop
  endfacet
  facet normal 0 0 1
    outer loop
      vertex 5.27477 6.01472 30
      vertex 1.74727 1.99238 30
      vertex 1.85 1.89615 30
    endloop
  endfacet
  facet normal 0 0 1
    outer loop
      vertex 4.87009 6.34683 30
      vertex 1.61322 2.10239 30
      vertex 1.74727 1.99238 30
    endloop
  endfacet
  facet normal 0 0 1
    outer loop
      vertex 1.17206 2.37671 30
      vertex 2.07055 7.72741 30
      vertex 1.56072 7.84628 30
    endloop
  endfacet
  facet normal 0 0 1
    outer loop
      vertex 4.44456 6.65176 30
      vertex 1.47226 2.20339 30
      vertex 1.61322 2.10239 30
    endloop
  endfacet
  facet normal 0 0 1
    outer loop
      vertex 4 6.9282 30
      vertex 1.325 2.29497 30
      vertex 1.47226 2.20339 30
    endloop
  endfacet
  facet normal 0 0 1
    outer loop
      vertex 1.17206 2.37671 30
      vertex 1.56072 7.84628 30
      vertex 1.2 7.90584 30
    endloop
  endfacet
  facet normal 0 0 1
    outer loop
      vertex 3.53831 7.17498 30
      vertex 1.17206 2.37671 30
      vertex 1.325 2.29497 30
    endloop
  endfacet
  facet normal -0 0 1
    outer loop
      vertex 1.325 -2.29497 30
      vertex 4 -6.9282 30
      vertex 1.47226 -2.20339 30
    endloop
  endfacet
  facet normal 0 0 1
    outer loop
      vertex 4 -6.9282 30
      vertex 1.325 -2.29497 30
      vertex 3.53831 -7.17498 30
    endloop
  endfacet
  facet normal -0 0 1
    outer loop
      vertex 1.17206 -2.37671 30
      vertex 3.53831 -7.17498 30
      vertex 1.325 -2.29497 30
    endloop
  endfacet
  facet normal 0 0 1
    outer loop
      vertex 3.53831 -7.17498 30
      vertex 1.17206 -2.37671 30
      vertex 3.06147 -7.39104 30
    endloop
  endfacet
  facet normal -0 0 1
    outer loop
      vertex 1.01411 -2.44828 30
      vertex 3.06147 -7.39104 30
      vertex 1.17206 -2.37671 30
    endloop
  endfacet
  facet normal 0 0 1
    outer loop
      vertex 3.06147 -7.39104 30
      vertex 1.01411 -2.44828 30
      vertex 2.57152 -7.57544 30
    endloop
  endfacet
  facet normal -0 0 1
    outer loop
      vertex 0.851814 -2.50936 30
      vertex 2.57152 -7.57544 30
      vertex 1.01411 -2.44828 30
    endloop
  endfacet
  facet normal 0 0 1
    outer loop
      vertex 2.57152 -7.57544 30
      vertex 0.851814 -2.50936 30
      vertex 2.07055 -7.72741 30
    endloop
  endfacet
  facet normal -0 0 1
    outer loop
      vertex 0.68587 -2.5597 30
      vertex 2.07055 -7.72741 30
      vertex 0.851814 -2.50936 30
    endloop
  endfacet
  facet normal 0 0 1
    outer loop
      vertex 2.07055 -7.72741 30
      vertex 0.68587 -2.5597 30
      vertex 1.56072 -7.84628 30
    endloop
  endfacet
  facet normal -0 0 1
    outer loop
      vertex 0.516989 -2.59908 30
      vertex 1.56072 -7.84628 30
      vertex 0.68587 -2.5597 30
    endloop
  endfacet
  facet normal 0 0 1
    outer loop
      vertex 1.56072 -7.84628 30
      vertex 0.516989 -2.59908 30
      vertex 1.2 -7.90584 30
    endloop
  endfacet
  facet normal -0 0 1
    outer loop
      vertex 0.345894 -2.62733 30
      vertex 1.2 -7.90584 30
      vertex 0.516989 -2.59908 30
    endloop
  endfacet
  facet normal -0 0 1
    outer loop
      vertex 0.173318 -2.64433 30
      vertex 1.2 -7.90584 30
      vertex 0.345894 -2.62733 30
    endloop
  endfacet
  facet normal -0 0 1
    outer loop
      vertex 0 -2.65 30
      vertex 1.2 -7.90584 30
      vertex 0.173318 -2.64433 30
    endloop
  endfacet
  facet normal 0 0 1
    outer loop
      vertex 1.2 -7.90584 30
      vertex 0 -2.65 30
      vertex -1.2 -7.90584 30
    endloop
  endfacet
  facet normal 0 0 1
    outer loop
      vertex -1.2 -7.90584 30
      vertex 0 -2.65 30
      vertex -0.173318 -2.64433 30
    endloop
  endfacet
  facet normal 0 0 1
    outer loop
      vertex -1.2 -7.90584 30
      vertex -0.173318 -2.64433 30
      vertex -0.345894 -2.62733 30
    endloop
  endfacet
  facet normal 0 0 1
    outer loop
      vertex -1.2 -7.90584 30
      vertex -0.345894 -2.62733 30
      vertex -0.516989 -2.59908 30
    endloop
  endfacet
  facet normal 0 0 1
    outer loop
      vertex -1.2 -7.90584 30
      vertex -0.516989 -2.59908 30
      vertex -0.68587 -2.5597 30
    endloop
  endfacet
  facet normal 0 0 1
    outer loop
      vertex -1.2 -7.90584 30
      vertex -0.68587 -2.5597 30
      vertex -0.851814 -2.50936 30
    endloop
  endfacet
  facet normal 0 0 1
    outer loop
      vertex -1.2 -7.90584 30
      vertex -0.851814 -2.50936 30
      vertex -1.01411 -2.44828 30
    endloop
  endfacet
  facet normal 0 0 1
    outer loop
      vertex -1.2 -7.90584 30
      vertex -1.01411 -2.44828 30
      vertex -1.17206 -2.37671 30
    endloop
  endfacet
  facet normal 0 0 1
    outer loop
      vertex 1.2 -7.90584 30
      vertex -1.2 -7.90584 30
      vertex 1.2 -30 30
    endloop
  endfacet
  facet normal 0 0 1
    outer loop
      vertex 1.2 -30 30
      vertex -1.2 -7.90584 30
      vertex -1.2 -30 30
    endloop
  endfacet
  facet normal 0 0 -1
    outer loop
      vertex -3.53831 7.17498 0
      vertex -1.17206 2.37671 0
      vertex -1.325 2.29497 0
    endloop
  endfacet
  facet normal 0 0 -1
    outer loop
      vertex -4 6.9282 0
      vertex -1.325 2.29497 0
      vertex -1.47226 2.20339 0
    endloop
  endfacet
  facet normal 0 0 -1
    outer loop
      vertex -1.17206 2.37671 0
      vertex -1.56072 7.84628 0
      vertex -1.2 7.90584 0
    endloop
  endfacet
  facet normal 0 0 -1
    outer loop
      vertex -4.44456 6.65176 0
      vertex -1.47226 2.20339 0
      vertex -1.61322 2.10239 0
    endloop
  endfacet
  facet normal 0 0 -1
    outer loop
      vertex -4.87009 6.34683 0
      vertex -1.61322 2.10239 0
      vertex -1.74727 1.99238 0
    endloop
  endfacet
  facet normal 0 0 -1
    outer loop
      vertex -5.27477 6.01472 0
      vertex -1.74727 1.99238 0
      vertex -1.87383 1.87383 0
    endloop
  endfacet
  facet normal 0 0 -1
    outer loop
      vertex -5.65685 5.65685 0
      vertex -1.87383 1.87383 0
      vertex -1.99238 1.74727 0
    endloop
  endfacet
  facet normal 0 0 -1
    outer loop
      vertex -1.17206 2.37671 0
      vertex -2.07055 7.72741 0
      vertex -1.56072 7.84628 0
    endloop
  endfacet
  facet normal 0 0 -1
    outer loop
      vertex -6.01472 5.27477 0
      vertex -1.99238 1.74727 0
      vertex -2.10239 1.61322 0
    endloop
  endfacet
  facet normal 0 0 -1
    outer loop
      vertex -6.34683 4.87009 0
      vertex -2.10239 1.61322 0
      vertex -2.20339 1.47226 0
    endloop
  endfacet
  facet normal 0 0 -1
    outer loop
      vertex -6.65176 4.44456 0
      vertex -2.20339 1.47226 0
      vertex -2.29497 1.325 0
    endloop
  endfacet
  facet normal 0 0 -1
    outer loop
      vertex -6.9282 4 0
      vertex -2.29497 1.325 0
      vertex -2.37671 1.17206 0
    endloop
  endfacet
  facet normal 0 0 -1
    outer loop
      vertex -7.17498 3.53831 0
      vertex -2.37671 1.17206 0
      vertex -2.44828 1.01411 0
    endloop
  endfacet
  facet normal 0 0 -1
    outer loop
      vertex -7.39104 3.06147 0
      vertex -2.44828 1.01411 0
      vertex -2.50936 0.851814 0
    endloop
  endfacet
  facet normal 0 0 -1
    outer loop
      vertex -7.57544 2.57152 0
      vertex -2.50936 0.851814 0
      vertex -2.5597 0.68587 0
    endloop
  endfacet
  facet normal 0 0 -1
    outer loop
      vertex -1.17206 2.37671 0
      vertex -2.57152 7.57544 0
      vertex -2.07055 7.72741 0
    endloop
  endfacet
  facet normal 0 0 -1
    outer loop
      vertex -7.72741 2.07055 0
      vertex -2.5597 0.68587 0
      vertex -2.59908 0.516989 0
    endloop
  endfacet
  facet normal 0 0 -1
    outer loop
      vertex -7.90584 1.2 0
      vertex -2.59908 0.516989 0
      vertex -2.62733 0.345894 0
    endloop
  endfacet
  facet normal 0 0 -1
    outer loop
      vertex -7.90584 1.2 0
      vertex -2.62733 0.345894 0
      vertex -2.64433 0.173318 0
    endloop
  endfacet
  facet normal 0 0 -1
    outer loop
      vertex -7.90584 1.2 0
      vertex -2.64433 0.173318 0
      vertex -2.65 0 0
    endloop
  endfacet
  facet normal -0 0 -1
    outer loop
      vertex -2.20339 -1.47226 0
      vertex -6.65176 -4.44456 0
      vertex -2.29497 -1.325 0
    endloop
  endfacet
  facet normal 0 0 -1
    outer loop
      vertex -1.17206 2.37671 0
      vertex -3.06147 7.39104 0
      vertex -2.57152 7.57544 0
    endloop
  endfacet
  facet normal 0 0 -1
    outer loop
      vertex -6.9282 -4 0
      vertex -2.29497 -1.325 0
      vertex -6.65176 -4.44456 0
    endloop
  endfacet
  facet normal 0 0 -1
    outer loop
      vertex -1.17206 2.37671 0
      vertex -3.53831 7.17498 0
      vertex -3.06147 7.39104 0
    endloop
  endfacet
  facet normal -0 0 -1
    outer loop
      vertex -2.29497 -1.325 0
      vertex -6.9282 -4 0
      vertex -2.37671 -1.17206 0
    endloop
  endfacet
  facet normal 0 0 -1
    outer loop
      vertex -1.325 2.29497 0
      vertex -4 6.9282 0
      vertex -3.53831 7.17498 0
    endloop
  endfacet
  facet normal 0 0 -1
    outer loop
      vertex -7.17498 -3.53831 0
      vertex -2.37671 -1.17206 0
      vertex -6.9282 -4 0
    endloop
  endfacet
  facet normal 0 0 -1
    outer loop
      vertex -1.47226 2.20339 0
      vertex -4.44456 6.65176 0
      vertex -4 6.9282 0
    endloop
  endfacet
  facet normal -0 0 -1
    outer loop
      vertex -2.37671 -1.17206 0
      vertex -7.17498 -3.53831 0
      vertex -2.44828 -1.01411 0
    endloop
  endfacet
  facet normal 0 0 -1
    outer loop
      vertex -1.61322 2.10239 0
      vertex -4.87009 6.34683 0
      vertex -4.44456 6.65176 0
    endloop
  endfacet
  facet normal 0 0 -1
    outer loop
      vertex -7.39104 -3.06147 0
      vertex -2.44828 -1.01411 0
      vertex -7.17498 -3.53831 0
    endloop
  endfacet
  facet normal 0 0 -1
    outer loop
      vertex -1.74727 1.99238 0
      vertex -5.27477 6.01472 0
      vertex -4.87009 6.34683 0
    endloop
  endfacet
  facet normal -0 0 -1
    outer loop
      vertex -2.44828 -1.01411 0
      vertex -7.39104 -3.06147 0
      vertex -2.50936 -0.851814 0
    endloop
  endfacet
  facet normal 0 0 -1
    outer loop
      vertex -1.87383 1.87383 0
      vertex -5.65685 5.65685 0
      vertex -5.27477 6.01472 0
    endloop
  endfacet
  facet normal 0 0 -1
    outer loop
      vertex -7.57544 -2.57152 0
      vertex -2.50936 -0.851814 0
      vertex -7.39104 -3.06147 0
    endloop
  endfacet
  facet normal 0 0 -1
    outer loop
      vertex -1.99238 1.74727 0
      vertex -6.01472 5.27477 0
      vertex -5.65685 5.65685 0
    endloop
  endfacet
  facet normal -0 0 -1
    outer loop
      vertex -2.50936 -0.851814 0
      vertex -7.57544 -2.57152 0
      vertex -2.5597 -0.68587 0
    endloop
  endfacet
  facet normal 0 0 -1
    outer loop
      vertex -2.10239 1.61322 0
      vertex -6.34683 4.87009 0
      vertex -6.01472 5.27477 0
    endloop
  endfacet
  facet normal 0 0 -1
    outer loop
      vertex -7.72741 -2.07055 0
      vertex -2.5597 -0.68587 0
      vertex -7.57544 -2.57152 0
    endloop
  endfacet
  facet normal 0 0 -1
    outer loop
      vertex -2.20339 1.47226 0
      vertex -6.65176 4.44456 0
      vertex -6.34683 4.87009 0
    endloop
  endfacet
  facet normal -0 0 -1
    outer loop
      vertex -2.5597 -0.68587 0
      vertex -7.72741 -2.07055 0
      vertex -2.59908 -0.516989 0
    endloop
  endfacet
  facet normal 0 0 -1
    outer loop
      vertex -2.29497 1.325 0
      vertex -6.9282 4 0
      vertex -6.65176 4.44456 0
    endloop
  endfacet
  facet normal 0 0 -1
    outer loop
      vertex -7.84628 -1.56072 0
      vertex -2.59908 -0.516989 0
      vertex -7.72741 -2.07055 0
    endloop
  endfacet
  facet normal 0 0 -1
    outer loop
      vertex -2.37671 1.17206 0
      vertex -7.17498 3.53831 0
      vertex -6.9282 4 0
    endloop
  endfacet
  facet normal 0 0 -1
    outer loop
      vertex -7.90584 -1.2 0
      vertex -2.59908 -0.516989 0
      vertex -7.84628 -1.56072 0
    endloop
  endfacet
  facet normal 0 0 -1
    outer loop
      vertex -2.44828 1.01411 0
      vertex -7.39104 3.06147 0
      vertex -7.17498 3.53831 0
    endloop
  endfacet
  facet normal -0 0 -1
    outer loop
      vertex -2.59908 -0.516989 0
      vertex -7.90584 -1.2 0
      vertex -2.62733 -0.345894 0
    endloop
  endfacet
  facet normal 0 0 -1
    outer loop
      vertex -2.50936 0.851814 0
      vertex -7.57544 2.57152 0
      vertex -7.39104 3.06147 0
    endloop
  endfacet
  facet normal -0 0 -1
    outer loop
      vertex -2.62733 -0.345894 0
      vertex -7.90584 -1.2 0
      vertex -2.64433 -0.173318 0
    endloop
  endfacet
  facet normal 0 0 -1
    outer loop
      vertex -2.5597 0.68587 0
      vertex -7.72741 2.07055 0
      vertex -7.57544 2.57152 0
    endloop
  endfacet
  facet normal -0 0 -1
    outer loop
      vertex -2.64433 -0.173318 0
      vertex -7.90584 -1.2 0
      vertex -2.65 0 0
    endloop
  endfacet
  facet normal 0 0 -1
    outer loop
      vertex -7.90584 1.2 0
      vertex -2.65 0 0
      vertex -7.90584 -1.2 0
    endloop
  endfacet
  facet normal 0 0 -1
    outer loop
      vertex -2.59908 0.516989 0
      vertex -7.90584 1.2 0
      vertex -7.84628 1.56072 0
    endloop
  endfacet
  facet normal 0 0 -1
    outer loop
      vertex -2.59908 0.516989 0
      vertex -7.84628 1.56072 0
      vertex -7.72741 2.07055 0
    endloop
  endfacet
  facet normal 0 0 -1
    outer loop
      vertex -30 -1.2 0
      vertex -7.90584 1.2 0
      vertex -7.90584 -1.2 0
    endloop
  endfacet
  facet normal -0 0 -1
    outer loop
      vertex -7.90584 1.2 0
      vertex -30 -1.2 0
      vertex -30 1.2 0
    endloop
  endfacet
  facet normal 0 0 -1
    outer loop
      vertex -1.2 -7.90584 0
      vertex 1.2 -7.90584 0
      vertex 1.2 -30 0
    endloop
  endfacet
  facet normal 0 -0 -1
    outer loop
      vertex 0 -2.65 0
      vertex 1.2 -7.90584 0
      vertex -1.2 -7.90584 0
    endloop
  endfacet
  facet normal 0 0 -1
    outer loop
      vertex 1.2 -7.90584 0
      vertex 1.01411 -2.44828 0
      vertex 1.17206 -2.37671 0
    endloop
  endfacet
  facet normal 0 0 -1
    outer loop
      vertex 1.2 -7.90584 0
      vertex 0.851814 -2.50936 0
      vertex 1.01411 -2.44828 0
    endloop
  endfacet
  facet normal 0 0 -1
    outer loop
      vertex 1.2 -7.90584 0
      vertex 0.68587 -2.5597 0
      vertex 0.851814 -2.50936 0
    endloop
  endfacet
  facet normal 0 0 -1
    outer loop
      vertex 1.2 -7.90584 0
      vertex 0.516989 -2.59908 0
      vertex 0.68587 -2.5597 0
    endloop
  endfacet
  facet normal 0 0 -1
    outer loop
      vertex 1.2 -7.90584 0
      vertex 0.345894 -2.62733 0
      vertex 0.516989 -2.59908 0
    endloop
  endfacet
  facet normal 0 0 -1
    outer loop
      vertex 1.2 -7.90584 0
      vertex 0.173318 -2.64433 0
      vertex 0.345894 -2.62733 0
    endloop
  endfacet
  facet normal 0 0 -1
    outer loop
      vertex 1.2 -7.90584 0
      vertex 0 -2.65 0
      vertex 0.173318 -2.64433 0
    endloop
  endfacet
  facet normal -0 0 -1
    outer loop
      vertex 0 -2.65 0
      vertex -1.2 -7.90584 0
      vertex -0.173318 -2.64433 0
    endloop
  endfacet
  facet normal -0 0 -1
    outer loop
      vertex -0.173318 -2.64433 0
      vertex -1.2 -7.90584 0
      vertex -0.345894 -2.62733 0
    endloop
  endfacet
  facet normal -0 0 -1
    outer loop
      vertex -0.345894 -2.62733 0
      vertex -1.2 -7.90584 0
      vertex -0.516989 -2.59908 0
    endloop
  endfacet
  facet normal 0 0 -1
    outer loop
      vertex -1.56072 -7.84628 0
      vertex -0.516989 -2.59908 0
      vertex -1.2 -7.90584 0
    endloop
  endfacet
  facet normal -0 0 -1
    outer loop
      vertex -0.516989 -2.59908 0
      vertex -1.56072 -7.84628 0
      vertex -0.68587 -2.5597 0
    endloop
  endfacet
  facet normal 0 0 -1
    outer loop
      vertex -2.07055 -7.72741 0
      vertex -0.68587 -2.5597 0
      vertex -1.56072 -7.84628 0
    endloop
  endfacet
  facet normal 0 0 -1
    outer loop
      vertex -1.2 -7.90584 0
      vertex 1.2 -30 0
      vertex -1.2 -30 0
    endloop
  endfacet
  facet normal -0 0 -1
    outer loop
      vertex -0.68587 -2.5597 0
      vertex -2.07055 -7.72741 0
      vertex -0.851814 -2.50936 0
    endloop
  endfacet
  facet normal 0 0 -1
    outer loop
      vertex -2.57152 -7.57544 0
      vertex -0.851814 -2.50936 0
      vertex -2.07055 -7.72741 0
    endloop
  endfacet
  facet normal -0 0 -1
    outer loop
      vertex -0.851814 -2.50936 0
      vertex -2.57152 -7.57544 0
      vertex -1.01411 -2.44828 0
    endloop
  endfacet
  facet normal 0 0 -1
    outer loop
      vertex -3.06147 -7.39104 0
      vertex -1.01411 -2.44828 0
      vertex -2.57152 -7.57544 0
    endloop
  endfacet
  facet normal -0 0 -1
    outer loop
      vertex -1.01411 -2.44828 0
      vertex -3.06147 -7.39104 0
      vertex -1.17206 -2.37671 0
    endloop
  endfacet
  facet normal 0 0 -1
    outer loop
      vertex -3.53831 -7.17498 0
      vertex -1.17206 -2.37671 0
      vertex -3.06147 -7.39104 0
    endloop
  endfacet
  facet normal -0 0 -1
    outer loop
      vertex -1.17206 -2.37671 0
      vertex -3.53831 -7.17498 0
      vertex -1.325 -2.29497 0
    endloop
  endfacet
  facet normal 0 0 -1
    outer loop
      vertex -4 -6.9282 0
      vertex -1.325 -2.29497 0
      vertex -3.53831 -7.17498 0
    endloop
  endfacet
  facet normal -0 0 -1
    outer loop
      vertex -1.325 -2.29497 0
      vertex -4 -6.9282 0
      vertex -1.47226 -2.20339 0
    endloop
  endfacet
  facet normal 0 0 -1
    outer loop
      vertex -4.44456 -6.65176 0
      vertex -1.47226 -2.20339 0
      vertex -4 -6.9282 0
    endloop
  endfacet
  facet normal -0 0 -1
    outer loop
      vertex -1.47226 -2.20339 0
      vertex -4.44456 -6.65176 0
      vertex -1.61322 -2.10239 0
    endloop
  endfacet
  facet normal 0 0 -1
    outer loop
      vertex -4.87009 -6.34683 0
      vertex -1.61322 -2.10239 0
      vertex -4.44456 -6.65176 0
    endloop
  endfacet
  facet normal -0 0 -1
    outer loop
      vertex -1.61322 -2.10239 0
      vertex -4.87009 -6.34683 0
      vertex -1.74727 -1.99238 0
    endloop
  endfacet
  facet normal 0 0 -1
    outer loop
      vertex -5.27477 -6.01472 0
      vertex -1.74727 -1.99238 0
      vertex -4.87009 -6.34683 0
    endloop
  endfacet
  facet normal -0 0 -1
    outer loop
      vertex -1.74727 -1.99238 0
      vertex -5.27477 -6.01472 0
      vertex -1.87383 -1.87383 0
    endloop
  endfacet
  facet normal 0 0 -1
    outer loop
      vertex -5.65685 -5.65685 0
      vertex -1.87383 -1.87383 0
      vertex -5.27477 -6.01472 0
    endloop
  endfacet
  facet normal -0 0 -1
    outer loop
      vertex -1.87383 -1.87383 0
      vertex -5.65685 -5.65685 0
      vertex -1.99238 -1.74727 0
    endloop
  endfacet
  facet normal 0 0 -1
    outer loop
      vertex -6.01472 -5.27477 0
      vertex -1.99238 -1.74727 0
      vertex -5.65685 -5.65685 0
    endloop
  endfacet
  facet normal -0 0 -1
    outer loop
      vertex -1.99238 -1.74727 0
      vertex -6.01472 -5.27477 0
      vertex -2.10239 -1.61322 0
    endloop
  endfacet
  facet normal 0 0 -1
    outer loop
      vertex -6.34683 -4.87009 0
      vertex -2.10239 -1.61322 0
      vertex -6.01472 -5.27477 0
    endloop
  endfacet
  facet normal -0 0 -1
    outer loop
      vertex -2.10239 -1.61322 0
      vertex -6.34683 -4.87009 0
      vertex -2.20339 -1.47226 0
    endloop
  endfacet
  facet normal 0 0 -1
    outer loop
      vertex -6.65176 -4.44456 0
      vertex -2.20339 -1.47226 0
      vertex -6.34683 -4.87009 0
    endloop
  endfacet
  facet normal 0 0 -1
    outer loop
      vertex 7.90584 -1.2 0
      vertex 30 1.2 0
      vertex 30 -1.2 0
    endloop
  endfacet
  facet normal 0 0 -1
    outer loop
      vertex 7.90584 -1.2 0
      vertex 7.90584 1.2 0
      vertex 30 1.2 0
    endloop
  endfacet
  facet normal 0 0 -1
    outer loop
      vertex 1.85 -1.89615 0
      vertex 7.90584 -1.2 0
      vertex 7.84628 -1.56072 0
    endloop
  endfacet
  facet normal -0 0 -1
    outer loop
      vertex 7.90584 -1.2 0
      vertex 1.85 -1.89615 0
      vertex 7.90584 1.2 0
    endloop
  endfacet
  facet normal 0 0 -1
    outer loop
      vertex 1.85 -1.89615 0
      vertex 7.84628 -1.56072 0
      vertex 7.72741 -2.07055 0
    endloop
  endfacet
  facet normal 0 0 -1
    outer loop
      vertex 1.85 1.89615 0
      vertex 7.90584 1.2 0
      vertex 1.85 -1.89615 0
    endloop
  endfacet
  facet normal 0 0 -1
    outer loop
      vertex 1.85 -1.89615 0
      vertex 7.72741 -2.07055 0
      vertex 7.57544 -2.57152 0
    endloop
  endfacet
  facet normal 0 0 -1
    outer loop
      vertex 7.90584 1.2 0
      vertex 1.85 1.89615 0
      vertex 7.84628 1.56072 0
    endloop
  endfacet
  facet normal 0 0 -1
    outer loop
      vertex 1.85 -1.89615 0
      vertex 7.57544 -2.57152 0
      vertex 7.39104 -3.06147 0
    endloop
  endfacet
  facet normal 0 0 -1
    outer loop
      vertex 7.84628 1.56072 0
      vertex 1.85 1.89615 0
      vertex 7.72741 2.07055 0
    endloop
  endfacet
  facet normal 0 0 -1
    outer loop
      vertex 1.85 -1.89615 0
      vertex 7.39104 -3.06147 0
      vertex 7.17498 -3.53831 0
    endloop
  endfacet
  facet normal -0 0 -1
    outer loop
      vertex 7.72741 2.07055 0
      vertex 1.85 1.89615 0
      vertex 7.57544 2.57152 0
    endloop
  endfacet
  facet normal 0 0 -1
    outer loop
      vertex 1.85 -1.89615 0
      vertex 7.17498 -3.53831 0
      vertex 6.9282 -4 0
    endloop
  endfacet
  facet normal -0 0 -1
    outer loop
      vertex 7.57544 2.57152 0
      vertex 1.85 1.89615 0
      vertex 7.39104 3.06147 0
    endloop
  endfacet
  facet normal 0 0 -1
    outer loop
      vertex 1.85 -1.89615 0
      vertex 6.9282 -4 0
      vertex 6.65176 -4.44456 0
    endloop
  endfacet
  facet normal -0 0 -1
    outer loop
      vertex 7.39104 3.06147 0
      vertex 1.85 1.89615 0
      vertex 7.17498 3.53831 0
    endloop
  endfacet
  facet normal 0 0 -1
    outer loop
      vertex 1.85 -1.89615 0
      vertex 6.65176 -4.44456 0
      vertex 6.34683 -4.87009 0
    endloop
  endfacet
  facet normal -0 0 -1
    outer loop
      vertex 7.17498 3.53831 0
      vertex 1.85 1.89615 0
      vertex 6.9282 4 0
    endloop
  endfacet
  facet normal 0 0 -1
    outer loop
      vertex 1.85 -1.89615 0
      vertex 6.34683 -4.87009 0
      vertex 6.01472 -5.27477 0
    endloop
  endfacet
  facet normal -0 0 -1
    outer loop
      vertex 6.9282 4 0
      vertex 1.85 1.89615 0
      vertex 6.65176 4.44456 0
    endloop
  endfacet
  facet normal 0 0 -1
    outer loop
      vertex 1.85 -1.89615 0
      vertex 6.01472 -5.27477 0
      vertex 5.65685 -5.65685 0
    endloop
  endfacet
  facet normal -0 0 -1
    outer loop
      vertex 6.65176 4.44456 0
      vertex 1.85 1.89615 0
      vertex 6.34683 4.87009 0
    endloop
  endfacet
  facet normal 0 0 -1
    outer loop
      vertex 1.85 -1.89615 0
      vertex 5.65685 -5.65685 0
      vertex 5.27477 -6.01472 0
    endloop
  endfacet
  facet normal -0 0 -1
    outer loop
      vertex 6.34683 4.87009 0
      vertex 1.85 1.89615 0
      vertex 6.01472 5.27477 0
    endloop
  endfacet
  facet normal 0 0 -1
    outer loop
      vertex 1.74727 -1.99238 0
      vertex 5.27477 -6.01472 0
      vertex 4.87009 -6.34683 0
    endloop
  endfacet
  facet normal -0 0 -1
    outer loop
      vertex 6.01472 5.27477 0
      vertex 1.85 1.89615 0
      vertex 5.65685 5.65685 0
    endloop
  endfacet
  facet normal 0 0 -1
    outer loop
      vertex 1.61322 -2.10239 0
      vertex 4.87009 -6.34683 0
      vertex 4.44456 -6.65176 0
    endloop
  endfacet
  facet normal -0 0 -1
    outer loop
      vertex 5.65685 5.65685 0
      vertex 1.85 1.89615 0
      vertex 5.27477 6.01472 0
    endloop
  endfacet
  facet normal 0 0 -1
    outer loop
      vertex 1.47226 -2.20339 0
      vertex 4.44456 -6.65176 0
      vertex 4 -6.9282 0
    endloop
  endfacet
  facet normal 0 0 -1
    outer loop
      vertex 1.74727 1.99238 0
      vertex 5.27477 6.01472 0
      vertex 1.85 1.89615 0
    endloop
  endfacet
  facet normal 0 0 -1
    outer loop
      vertex 1.325 -2.29497 0
      vertex 4 -6.9282 0
      vertex 3.53831 -7.17498 0
    endloop
  endfacet
  facet normal -0 0 -1
    outer loop
      vertex 5.27477 6.01472 0
      vertex 1.74727 1.99238 0
      vertex 4.87009 6.34683 0
    endloop
  endfacet
  facet normal 0 0 -1
    outer loop
      vertex 1.17206 -2.37671 0
      vertex 3.53831 -7.17498 0
      vertex 3.06147 -7.39104 0
    endloop
  endfacet
  facet normal 0 0 -1
    outer loop
      vertex 1.61322 2.10239 0
      vertex 4.87009 6.34683 0
      vertex 1.74727 1.99238 0
    endloop
  endfacet
  facet normal 0 0 -1
    outer loop
      vertex 1.17206 -2.37671 0
      vertex 3.06147 -7.39104 0
      vertex 2.57152 -7.57544 0
    endloop
  endfacet
  facet normal -0 0 -1
    outer loop
      vertex 4.87009 6.34683 0
      vertex 1.61322 2.10239 0
      vertex 4.44456 6.65176 0
    endloop
  endfacet
  facet normal 0 0 -1
    outer loop
      vertex 1.17206 -2.37671 0
      vertex 2.57152 -7.57544 0
      vertex 2.07055 -7.72741 0
    endloop
  endfacet
  facet normal 0 0 -1
    outer loop
      vertex 1.47226 2.20339 0
      vertex 4.44456 6.65176 0
      vertex 1.61322 2.10239 0
    endloop
  endfacet
  facet normal -0 0 -1
    outer loop
      vertex 4.44456 6.65176 0
      vertex 1.47226 2.20339 0
      vertex 4 6.9282 0
    endloop
  endfacet
  facet normal 0 0 -1
    outer loop
      vertex 5.27477 -6.01472 0
      vertex 1.74727 -1.99238 0
      vertex 1.85 -1.89615 0
    endloop
  endfacet
  facet normal 0 0 -1
    outer loop
      vertex 4.87009 -6.34683 0
      vertex 1.61322 -2.10239 0
      vertex 1.74727 -1.99238 0
    endloop
  endfacet
  facet normal 0 0 -1
    outer loop
      vertex 1.17206 -2.37671 0
      vertex 2.07055 -7.72741 0
      vertex 1.56072 -7.84628 0
    endloop
  endfacet
  facet normal 0 0 -1
    outer loop
      vertex 4.44456 -6.65176 0
      vertex 1.47226 -2.20339 0
      vertex 1.61322 -2.10239 0
    endloop
  endfacet
  facet normal 0 0 -1
    outer loop
      vertex 4 -6.9282 0
      vertex 1.325 -2.29497 0
      vertex 1.47226 -2.20339 0
    endloop
  endfacet
  facet normal 0 0 -1
    outer loop
      vertex 1.17206 -2.37671 0
      vertex 1.56072 -7.84628 0
      vertex 1.2 -7.90584 0
    endloop
  endfacet
  facet normal 0 0 -1
    outer loop
      vertex 3.53831 -7.17498 0
      vertex 1.17206 -2.37671 0
      vertex 1.325 -2.29497 0
    endloop
  endfacet
  facet normal 0 0 -1
    outer loop
      vertex 1.325 2.29497 0
      vertex 4 6.9282 0
      vertex 1.47226 2.20339 0
    endloop
  endfacet
  facet normal -0 0 -1
    outer loop
      vertex 4 6.9282 0
      vertex 1.325 2.29497 0
      vertex 3.53831 7.17498 0
    endloop
  endfacet
  facet normal 0 0 -1
    outer loop
      vertex 1.17206 2.37671 0
      vertex 3.53831 7.17498 0
      vertex 1.325 2.29497 0
    endloop
  endfacet
  facet normal -0 0 -1
    outer loop
      vertex 3.53831 7.17498 0
      vertex 1.17206 2.37671 0
      vertex 3.06147 7.39104 0
    endloop
  endfacet
  facet normal 0 0 -1
    outer loop
      vertex 1.01411 2.44828 0
      vertex 3.06147 7.39104 0
      vertex 1.17206 2.37671 0
    endloop
  endfacet
  facet normal -0 0 -1
    outer loop
      vertex 3.06147 7.39104 0
      vertex 1.01411 2.44828 0
      vertex 2.57152 7.57544 0
    endloop
  endfacet
  facet normal 0 0 -1
    outer loop
      vertex 0.851814 2.50936 0
      vertex 2.57152 7.57544 0
      vertex 1.01411 2.44828 0
    endloop
  endfacet
  facet normal -0 0 -1
    outer loop
      vertex 2.57152 7.57544 0
      vertex 0.851814 2.50936 0
      vertex 2.07055 7.72741 0
    endloop
  endfacet
  facet normal 0 0 -1
    outer loop
      vertex 0.68587 2.5597 0
      vertex 2.07055 7.72741 0
      vertex 0.851814 2.50936 0
    endloop
  endfacet
  facet normal -0 0 -1
    outer loop
      vertex 2.07055 7.72741 0
      vertex 0.68587 2.5597 0
      vertex 1.56072 7.84628 0
    endloop
  endfacet
  facet normal 0 0 -1
    outer loop
      vertex 0.516989 2.59908 0
      vertex 1.56072 7.84628 0
      vertex 0.68587 2.5597 0
    endloop
  endfacet
  facet normal -0 0 -1
    outer loop
      vertex 1.56072 7.84628 0
      vertex 0.516989 2.59908 0
      vertex 1.2 7.90584 0
    endloop
  endfacet
  facet normal 0 0 -1
    outer loop
      vertex 0.345894 2.62733 0
      vertex 1.2 7.90584 0
      vertex 0.516989 2.59908 0
    endloop
  endfacet
  facet normal 0 0 -1
    outer loop
      vertex 0.173318 2.64433 0
      vertex 1.2 7.90584 0
      vertex 0.345894 2.62733 0
    endloop
  endfacet
  facet normal 0 0 -1
    outer loop
      vertex 0 2.65 0
      vertex 1.2 7.90584 0
      vertex 0.173318 2.64433 0
    endloop
  endfacet
  facet normal -0 0 -1
    outer loop
      vertex 1.2 7.90584 0
      vertex 0 2.65 0
      vertex -1.2 7.90584 0
    endloop
  endfacet
  facet normal 0 0 -1
    outer loop
      vertex -1.2 7.90584 0
      vertex 0 2.65 0
      vertex -0.173318 2.64433 0
    endloop
  endfacet
  facet normal 0 0 -1
    outer loop
      vertex -1.2 7.90584 0
      vertex -0.173318 2.64433 0
      vertex -0.345894 2.62733 0
    endloop
  endfacet
  facet normal 0 0 -1
    outer loop
      vertex -1.2 7.90584 0
      vertex -0.345894 2.62733 0
      vertex -0.516989 2.59908 0
    endloop
  endfacet
  facet normal 0 0 -1
    outer loop
      vertex -1.2 7.90584 0
      vertex -0.516989 2.59908 0
      vertex -0.68587 2.5597 0
    endloop
  endfacet
  facet normal 0 0 -1
    outer loop
      vertex -1.2 7.90584 0
      vertex -0.68587 2.5597 0
      vertex -0.851814 2.50936 0
    endloop
  endfacet
  facet normal 0 0 -1
    outer loop
      vertex -1.2 7.90584 0
      vertex -0.851814 2.50936 0
      vertex -1.01411 2.44828 0
    endloop
  endfacet
  facet normal 0 0 -1
    outer loop
      vertex -1.2 7.90584 0
      vertex -1.01411 2.44828 0
      vertex -1.17206 2.37671 0
    endloop
  endfacet
  facet normal 0 0 -1
    outer loop
      vertex 1.2 7.90584 0
      vertex -1.2 7.90584 0
      vertex 1.2 30 0
    endloop
  endfacet
  facet normal -0 0 -1
    outer loop
      vertex 1.2 30 0
      vertex -1.2 7.90584 0
      vertex -1.2 30 0
    endloop
  endfacet
  facet normal 0 1 -0
    outer loop
      vertex 30 1.2 0
      vertex 7.90584 1.2 30
      vertex 30 1.2 30
    endloop
  endfacet
  facet normal 0 1 0
    outer loop
      vertex 7.90584 1.2 30
      vertex 30 1.2 0
      vertex 7.90584 1.2 0
    endloop
  endfacet
  facet normal 0 -1 0
    outer loop
      vertex 7.90584 -1.2 0
      vertex 30 -1.2 30
      vertex 7.90584 -1.2 30
    endloop
  endfacet
  facet normal 0 -1 -0
    outer loop
      vertex 30 -1.2 30
      vertex 7.90584 -1.2 0
      vertex 30 -1.2 0
    endloop
  endfacet
  facet normal -1 0 0
    outer loop
      vertex -1.2 7.90584 0
      vertex -1.2 30 30
      vertex -1.2 30 0
    endloop
  endfacet
  facet normal -1 -0 0
    outer loop
      vertex -1.2 30 30
      vertex -1.2 7.90584 0
      vertex -1.2 7.90584 30
    endloop
  endfacet
  facet normal 1 -0 0
    outer loop
      vertex 1.2 7.90584 30
      vertex 1.2 30 0
      vertex 1.2 30 30
    endloop
  endfacet
  facet normal 1 0 0
    outer loop
      vertex 1.2 30 0
      vertex 1.2 7.90584 30
      vertex 1.2 7.90584 0
    endloop
  endfacet
  facet normal 0 1 -0
    outer loop
      vertex 1.2 30 0
      vertex -1.2 30 30
      vertex 1.2 30 30
    endloop
  endfacet
  facet normal 0 1 0
    outer loop
      vertex -1.2 30 30
      vertex 1.2 30 0
      vertex -1.2 30 0
    endloop
  endfacet
  facet normal 0 -1 0
    outer loop
      vertex -30 -1.2 0
      vertex -7.90584 -1.2 30
      vertex -30 -1.2 30
    endloop
  endfacet
  facet normal 0 -1 -0
    outer loop
      vertex -7.90584 -1.2 30
      vertex -30 -1.2 0
      vertex -7.90584 -1.2 0
    endloop
  endfacet
  facet normal 0 1 -0
    outer loop
      vertex -7.90584 1.2 0
      vertex -30 1.2 30
      vertex -7.90584 1.2 30
    endloop
  endfacet
  facet normal 0 1 0
    outer loop
      vertex -30 1.2 30
      vertex -7.90584 1.2 0
      vertex -30 1.2 0
    endloop
  endfacet
  facet normal -1 0 0
    outer loop
      vertex -30 -1.2 0
      vertex -30 1.2 30
      vertex -30 1.2 0
    endloop
  endfacet
  facet normal -1 -0 0
    outer loop
      vertex -30 1.2 30
      vertex -30 -1.2 0
      vertex -30 -1.2 30
    endloop
  endfacet
  facet normal 0 -1 0
    outer loop
      vertex -1.2 -30 0
      vertex 1.2 -30 30
      vertex -1.2 -30 30
    endloop
  endfacet
  facet normal 0 -1 -0
    outer loop
      vertex 1.2 -30 30
      vertex -1.2 -30 0
      vertex 1.2 -30 0
    endloop
  endfacet
  facet normal 1 -0 0
    outer loop
      vertex 1.2 -30 30
      vertex 1.2 -7.90584 0
      vertex 1.2 -7.90584 30
    endloop
  endfacet
  facet normal 1 0 0
    outer loop
      vertex 1.2 -7.90584 0
      vertex 1.2 -30 30
      vertex 1.2 -30 0
    endloop
  endfacet
  facet normal -1 0 0
    outer loop
      vertex -1.2 -30 0
      vertex -1.2 -7.90584 30
      vertex -1.2 -7.90584 0
    endloop
  endfacet
  facet normal -1 -0 0
    outer loop
      vertex -1.2 -7.90584 30
      vertex -1.2 -30 0
      vertex -1.2 -30 30
    endloop
  endfacet
  facet normal 0.471399 -0.88192 0
    outer loop
      vertex 3.53831 -7.17498 0
      vertex 4 -6.9282 30
      vertex 3.53831 -7.17498 30
    endloop
  endfacet
  facet normal 0.471399 -0.88192 0
    outer loop
      vertex 4 -6.9282 30
      vertex 3.53831 -7.17498 0
      vertex 4 -6.9282 0
    endloop
  endfacet
  facet normal -0.528061 0.849207 0
    outer loop
      vertex -4 6.9282 0
      vertex -4.44456 6.65176 30
      vertex -4 6.9282 30
    endloop
  endfacet
  facet normal -0.528061 0.849207 0
    outer loop
      vertex -4.44456 6.65176 30
      vertex -4 6.9282 0
      vertex -4.44456 6.65176 0
    endloop
  endfacet
  facet normal -0.812847 -0.582477 0
    outer loop
      vertex -6.34683 -4.87009 0
      vertex -6.65176 -4.44456 30
      vertex -6.65176 -4.44456 0
    endloop
  endfacet
  facet normal -0.812847 -0.582477 0
    outer loop
      vertex -6.65176 -4.44456 30
      vertex -6.34683 -4.87009 0
      vertex -6.34683 -4.87009 30
    endloop
  endfacet
  facet normal -0.352243 0.935909 0
    outer loop
      vertex -2.57152 7.57544 0
      vertex -3.06147 7.39104 30
      vertex -2.57152 7.57544 30
    endloop
  endfacet
  facet normal -0.352243 0.935909 0
    outer loop
      vertex -3.06147 7.39104 30
      vertex -2.57152 7.57544 0
      vertex -3.06147 7.39104 0
    endloop
  endfacet
  facet normal 0.973879 -0.227066 0
    outer loop
      vertex 7.72741 -2.07055 30
      vertex 7.84628 -1.56072 0
      vertex 7.84628 -1.56072 30
    endloop
  endfacet
  facet normal 0.973879 -0.227066 0
    outer loop
      vertex 7.84628 -1.56072 0
      vertex 7.72741 -2.07055 30
      vertex 7.72741 -2.07055 0
    endloop
  endfacet
  facet normal 0.986641 -0.162908 0
    outer loop
      vertex 7.84628 -1.56072 30
      vertex 7.90584 -1.2 0
      vertex 7.90584 -1.2 30
    endloop
  endfacet
  facet normal 0.986641 -0.162908 0
    outer loop
      vertex 7.90584 -1.2 0
      vertex 7.84628 -1.56072 30
      vertex 7.84628 -1.56072 0
    endloop
  endfacet
  facet normal 0.352243 -0.935909 0
    outer loop
      vertex 2.57152 -7.57544 0
      vertex 3.06147 -7.39104 30
      vertex 2.57152 -7.57544 30
    endloop
  endfacet
  facet normal 0.352243 -0.935909 0
    outer loop
      vertex 3.06147 -7.39104 30
      vertex 2.57152 -7.57544 0
      vertex 3.06147 -7.39104 0
    endloop
  endfacet
  facet normal 0.290289 -0.956939 0
    outer loop
      vertex 2.07055 -7.72741 0
      vertex 2.57152 -7.57544 30
      vertex 2.07055 -7.72741 30
    endloop
  endfacet
  facet normal 0.290289 -0.956939 0
    outer loop
      vertex 2.57152 -7.57544 30
      vertex 2.07055 -7.72741 0
      vertex 2.57152 -7.57544 0
    endloop
  endfacet
  facet normal 0.162908 -0.986641 0
    outer loop
      vertex 1.2 -7.90584 0
      vertex 1.56072 -7.84628 30
      vertex 1.2 -7.90584 30
    endloop
  endfacet
  facet normal 0.162908 -0.986641 0
    outer loop
      vertex 1.56072 -7.84628 30
      vertex 1.2 -7.90584 0
      vertex 1.56072 -7.84628 0
    endloop
  endfacet
  facet normal 0.88192 -0.471399 0
    outer loop
      vertex 6.9282 -4 30
      vertex 7.17498 -3.53831 0
      vertex 7.17498 -3.53831 30
    endloop
  endfacet
  facet normal 0.88192 -0.471399 0
    outer loop
      vertex 7.17498 -3.53831 0
      vertex 6.9282 -4 30
      vertex 6.9282 -4 0
    endloop
  endfacet
  facet normal 0.910859 -0.412718 0
    outer loop
      vertex 7.17498 -3.53831 30
      vertex 7.39104 -3.06147 0
      vertex 7.39104 -3.06147 30
    endloop
  endfacet
  facet normal 0.910859 -0.412718 0
    outer loop
      vertex 7.39104 -3.06147 0
      vertex 7.17498 -3.53831 30
      vertex 7.17498 -3.53831 0
    endloop
  endfacet
  facet normal -0.773013 0.634391 0
    outer loop
      vertex -6.34683 4.87009 0
      vertex -6.01472 5.27477 30
      vertex -6.01472 5.27477 0
    endloop
  endfacet
  facet normal -0.773013 0.634391 0
    outer loop
      vertex -6.01472 5.27477 30
      vertex -6.34683 4.87009 0
      vertex -6.34683 4.87009 30
    endloop
  endfacet
  facet normal -0.290289 -0.956939 0
    outer loop
      vertex -2.57152 -7.57544 0
      vertex -2.07055 -7.72741 30
      vertex -2.57152 -7.57544 30
    endloop
  endfacet
  facet normal -0.290289 -0.956939 -0
    outer loop
      vertex -2.07055 -7.72741 30
      vertex -2.57152 -7.57544 0
      vertex -2.07055 -7.72741 0
    endloop
  endfacet
  facet normal -0.227066 0.973879 0
    outer loop
      vertex -1.56072 7.84628 0
      vertex -2.07055 7.72741 30
      vertex -1.56072 7.84628 30
    endloop
  endfacet
  facet normal -0.227066 0.973879 0
    outer loop
      vertex -2.07055 7.72741 30
      vertex -1.56072 7.84628 0
      vertex -2.07055 7.72741 0
    endloop
  endfacet
  facet normal 0.773013 -0.634391 0
    outer loop
      vertex 6.01472 -5.27477 30
      vertex 6.34683 -4.87009 0
      vertex 6.34683 -4.87009 30
    endloop
  endfacet
  facet normal 0.773013 -0.634391 0
    outer loop
      vertex 6.34683 -4.87009 0
      vertex 6.01472 -5.27477 30
      vertex 6.01472 -5.27477 0
    endloop
  endfacet
  facet normal -0.162908 0.986641 0
    outer loop
      vertex -1.2 7.90584 0
      vertex -1.56072 7.84628 30
      vertex -1.2 7.90584 30
    endloop
  endfacet
  facet normal -0.162908 0.986641 0
    outer loop
      vertex -1.56072 7.84628 30
      vertex -1.2 7.90584 0
      vertex -1.56072 7.84628 0
    endloop
  endfacet
  facet normal 0.528061 0.849207 -0
    outer loop
      vertex 4.44456 6.65176 0
      vertex 4 6.9282 30
      vertex 4.44456 6.65176 30
    endloop
  endfacet
  facet normal 0.528061 0.849207 0
    outer loop
      vertex 4 6.9282 30
      vertex 4.44456 6.65176 0
      vertex 4 6.9282 0
    endloop
  endfacet
  facet normal -0.352243 -0.935909 0
    outer loop
      vertex -3.06147 -7.39104 0
      vertex -2.57152 -7.57544 30
      vertex -3.06147 -7.39104 30
    endloop
  endfacet
  facet normal -0.352243 -0.935909 -0
    outer loop
      vertex -2.57152 -7.57544 30
      vertex -3.06147 -7.39104 0
      vertex -2.57152 -7.57544 0
    endloop
  endfacet
  facet normal 0.471399 0.88192 -0
    outer loop
      vertex 4 6.9282 0
      vertex 3.53831 7.17498 30
      vertex 4 6.9282 30
    endloop
  endfacet
  facet normal 0.471399 0.88192 0
    outer loop
      vertex 3.53831 7.17498 30
      vertex 4 6.9282 0
      vertex 3.53831 7.17498 0
    endloop
  endfacet
  facet normal 0.812847 0.582477 0
    outer loop
      vertex 6.65176 4.44456 30
      vertex 6.34683 4.87009 0
      vertex 6.34683 4.87009 30
    endloop
  endfacet
  facet normal 0.812847 0.582477 0
    outer loop
      vertex 6.34683 4.87009 0
      vertex 6.65176 4.44456 30
      vertex 6.65176 4.44456 0
    endloop
  endfacet
  facet normal -0.812847 0.582477 0
    outer loop
      vertex -6.65176 4.44456 0
      vertex -6.34683 4.87009 30
      vertex -6.34683 4.87009 0
    endloop
  endfacet
  facet normal -0.812847 0.582477 0
    outer loop
      vertex -6.34683 4.87009 30
      vertex -6.65176 4.44456 0
      vertex -6.65176 4.44456 30
    endloop
  endfacet
  facet normal -0.290289 0.956939 0
    outer loop
      vertex -2.07055 7.72741 0
      vertex -2.57152 7.57544 30
      vertex -2.07055 7.72741 30
    endloop
  endfacet
  facet normal -0.290289 0.956939 0
    outer loop
      vertex -2.57152 7.57544 30
      vertex -2.07055 7.72741 0
      vertex -2.57152 7.57544 0
    endloop
  endfacet
  facet normal 0.412718 0.910859 -0
    outer loop
      vertex 3.53831 7.17498 0
      vertex 3.06147 7.39104 30
      vertex 3.53831 7.17498 30
    endloop
  endfacet
  facet normal 0.412718 0.910859 0
    outer loop
      vertex 3.06147 7.39104 30
      vertex 3.53831 7.17498 0
      vertex 3.06147 7.39104 0
    endloop
  endfacet
  facet normal -0.973879 -0.227066 0
    outer loop
      vertex -7.72741 -2.07055 0
      vertex -7.84628 -1.56072 30
      vertex -7.84628 -1.56072 0
    endloop
  endfacet
  facet normal -0.973879 -0.227066 0
    outer loop
      vertex -7.84628 -1.56072 30
      vertex -7.72741 -2.07055 0
      vertex -7.72741 -2.07055 30
    endloop
  endfacet
  facet normal -0.582477 0.812847 0
    outer loop
      vertex -4.44456 6.65176 0
      vertex -4.87009 6.34683 30
      vertex -4.44456 6.65176 30
    endloop
  endfacet
  facet normal -0.582477 0.812847 0
    outer loop
      vertex -4.87009 6.34683 30
      vertex -4.44456 6.65176 0
      vertex -4.87009 6.34683 0
    endloop
  endfacet
  facet normal 0.227066 0.973879 -0
    outer loop
      vertex 2.07055 7.72741 0
      vertex 1.56072 7.84628 30
      vertex 2.07055 7.72741 30
    endloop
  endfacet
  facet normal 0.227066 0.973879 0
    outer loop
      vertex 1.56072 7.84628 30
      vertex 2.07055 7.72741 0
      vertex 1.56072 7.84628 0
    endloop
  endfacet
  facet normal -0.956939 -0.290289 0
    outer loop
      vertex -7.57544 -2.57152 0
      vertex -7.72741 -2.07055 30
      vertex -7.72741 -2.07055 0
    endloop
  endfacet
  facet normal -0.956939 -0.290289 0
    outer loop
      vertex -7.72741 -2.07055 30
      vertex -7.57544 -2.57152 0
      vertex -7.57544 -2.57152 30
    endloop
  endfacet
  facet normal 0.227066 -0.973879 0
    outer loop
      vertex 1.56072 -7.84628 0
      vertex 2.07055 -7.72741 30
      vertex 1.56072 -7.84628 30
    endloop
  endfacet
  facet normal 0.227066 -0.973879 0
    outer loop
      vertex 2.07055 -7.72741 30
      vertex 1.56072 -7.84628 0
      vertex 2.07055 -7.72741 0
    endloop
  endfacet
  facet normal 0.773013 0.634391 0
    outer loop
      vertex 6.34683 4.87009 30
      vertex 6.01472 5.27477 0
      vertex 6.01472 5.27477 30
    endloop
  endfacet
  facet normal 0.773013 0.634391 0
    outer loop
      vertex 6.01472 5.27477 0
      vertex 6.34683 4.87009 30
      vertex 6.34683 4.87009 0
    endloop
  endfacet
  facet normal 0.849207 -0.528061 0
    outer loop
      vertex 6.65176 -4.44456 30
      vertex 6.9282 -4 0
      vertex 6.9282 -4 30
    endloop
  endfacet
  facet normal 0.849207 -0.528061 0
    outer loop
      vertex 6.9282 -4 0
      vertex 6.65176 -4.44456 30
      vertex 6.65176 -4.44456 0
    endloop
  endfacet
  facet normal 0.956939 0.290289 0
    outer loop
      vertex 7.72741 2.07055 30
      vertex 7.57544 2.57152 0
      vertex 7.57544 2.57152 30
    endloop
  endfacet
  facet normal 0.956939 0.290289 0
    outer loop
      vertex 7.57544 2.57152 0
      vertex 7.72741 2.07055 30
      vertex 7.72741 2.07055 0
    endloop
  endfacet
  facet normal 0.528061 -0.849207 0
    outer loop
      vertex 4 -6.9282 0
      vertex 4.44456 -6.65176 30
      vertex 4 -6.9282 30
    endloop
  endfacet
  facet normal 0.528061 -0.849207 0
    outer loop
      vertex 4.44456 -6.65176 30
      vertex 4 -6.9282 0
      vertex 4.44456 -6.65176 0
    endloop
  endfacet
  facet normal -0.910859 -0.412718 0
    outer loop
      vertex -7.17498 -3.53831 0
      vertex -7.39104 -3.06147 30
      vertex -7.39104 -3.06147 0
    endloop
  endfacet
  facet normal -0.910859 -0.412718 0
    outer loop
      vertex -7.39104 -3.06147 30
      vertex -7.17498 -3.53831 0
      vertex -7.17498 -3.53831 30
    endloop
  endfacet
  facet normal 0.412718 -0.910859 0
    outer loop
      vertex 3.06147 -7.39104 0
      vertex 3.53831 -7.17498 30
      vertex 3.06147 -7.39104 30
    endloop
  endfacet
  facet normal 0.412718 -0.910859 0
    outer loop
      vertex 3.53831 -7.17498 30
      vertex 3.06147 -7.39104 0
      vertex 3.53831 -7.17498 0
    endloop
  endfacet
  facet normal -0.729852 -0.683606 0
    outer loop
      vertex -5.65685 -5.65685 0
      vertex -6.01472 -5.27477 30
      vertex -6.01472 -5.27477 0
    endloop
  endfacet
  facet normal -0.729852 -0.683606 0
    outer loop
      vertex -6.01472 -5.27477 30
      vertex -5.65685 -5.65685 0
      vertex -5.65685 -5.65685 30
    endloop
  endfacet
  facet normal -0.973879 0.227066 0
    outer loop
      vertex -7.84628 1.56072 0
      vertex -7.72741 2.07055 30
      vertex -7.72741 2.07055 0
    endloop
  endfacet
  facet normal -0.973879 0.227066 0
    outer loop
      vertex -7.72741 2.07055 30
      vertex -7.84628 1.56072 0
      vertex -7.84628 1.56072 30
    endloop
  endfacet
  facet normal 0.582477 0.812847 -0
    outer loop
      vertex 4.87009 6.34683 0
      vertex 4.44456 6.65176 30
      vertex 4.87009 6.34683 30
    endloop
  endfacet
  facet normal 0.582477 0.812847 0
    outer loop
      vertex 4.44456 6.65176 30
      vertex 4.87009 6.34683 0
      vertex 4.44456 6.65176 0
    endloop
  endfacet
  facet normal 0.352243 0.935909 -0
    outer loop
      vertex 3.06147 7.39104 0
      vertex 2.57152 7.57544 30
      vertex 3.06147 7.39104 30
    endloop
  endfacet
  facet normal 0.352243 0.935909 0
    outer loop
      vertex 2.57152 7.57544 30
      vertex 3.06147 7.39104 0
      vertex 2.57152 7.57544 0
    endloop
  endfacet
  facet normal 0.956939 -0.290289 0
    outer loop
      vertex 7.57544 -2.57152 30
      vertex 7.72741 -2.07055 0
      vertex 7.72741 -2.07055 30
    endloop
  endfacet
  facet normal 0.956939 -0.290289 0
    outer loop
      vertex 7.72741 -2.07055 0
      vertex 7.57544 -2.57152 30
      vertex 7.57544 -2.57152 0
    endloop
  endfacet
  facet normal -0.528061 -0.849207 0
    outer loop
      vertex -4.44456 -6.65176 0
      vertex -4 -6.9282 30
      vertex -4.44456 -6.65176 30
    endloop
  endfacet
  facet normal -0.528061 -0.849207 -0
    outer loop
      vertex -4 -6.9282 30
      vertex -4.44456 -6.65176 0
      vertex -4 -6.9282 0
    endloop
  endfacet
  facet normal 0.634391 0.773013 -0
    outer loop
      vertex 5.27477 6.01472 0
      vertex 4.87009 6.34683 30
      vertex 5.27477 6.01472 30
    endloop
  endfacet
  facet normal 0.634391 0.773013 0
    outer loop
      vertex 4.87009 6.34683 30
      vertex 5.27477 6.01472 0
      vertex 4.87009 6.34683 0
    endloop
  endfacet
  facet normal 0.162908 0.986641 -0
    outer loop
      vertex 1.56072 7.84628 0
      vertex 1.2 7.90584 30
      vertex 1.56072 7.84628 30
    endloop
  endfacet
  facet normal 0.162908 0.986641 0
    outer loop
      vertex 1.2 7.90584 30
      vertex 1.56072 7.84628 0
      vertex 1.2 7.90584 0
    endloop
  endfacet
  facet normal 0.849207 0.528061 0
    outer loop
      vertex 6.9282 4 30
      vertex 6.65176 4.44456 0
      vertex 6.65176 4.44456 30
    endloop
  endfacet
  facet normal 0.849207 0.528061 0
    outer loop
      vertex 6.65176 4.44456 0
      vertex 6.9282 4 30
      vertex 6.9282 4 0
    endloop
  endfacet
  facet normal 0.910859 0.412718 0
    outer loop
      vertex 7.39104 3.06147 30
      vertex 7.17498 3.53831 0
      vertex 7.17498 3.53831 30
    endloop
  endfacet
  facet normal 0.910859 0.412718 0
    outer loop
      vertex 7.17498 3.53831 0
      vertex 7.39104 3.06147 30
      vertex 7.39104 3.06147 0
    endloop
  endfacet
  facet normal 0.88192 0.471399 0
    outer loop
      vertex 7.17498 3.53831 30
      vertex 6.9282 4 0
      vertex 6.9282 4 30
    endloop
  endfacet
  facet normal 0.88192 0.471399 0
    outer loop
      vertex 6.9282 4 0
      vertex 7.17498 3.53831 30
      vertex 7.17498 3.53831 0
    endloop
  endfacet
  facet normal 0.683606 0.729852 -0
    outer loop
      vertex 5.65685 5.65685 0
      vertex 5.27477 6.01472 30
      vertex 5.65685 5.65685 30
    endloop
  endfacet
  facet normal 0.683606 0.729852 0
    outer loop
      vertex 5.27477 6.01472 30
      vertex 5.65685 5.65685 0
      vertex 5.27477 6.01472 0
    endloop
  endfacet
  facet normal -0.956939 0.290289 0
    outer loop
      vertex -7.72741 2.07055 0
      vertex -7.57544 2.57152 30
      vertex -7.57544 2.57152 0
    endloop
  endfacet
  facet normal -0.956939 0.290289 0
    outer loop
      vertex -7.57544 2.57152 30
      vertex -7.72741 2.07055 0
      vertex -7.72741 2.07055 30
    endloop
  endfacet
  facet normal 0.935909 -0.352243 0
    outer loop
      vertex 7.39104 -3.06147 30
      vertex 7.57544 -2.57152 0
      vertex 7.57544 -2.57152 30
    endloop
  endfacet
  facet normal 0.935909 -0.352243 0
    outer loop
      vertex 7.57544 -2.57152 0
      vertex 7.39104 -3.06147 30
      vertex 7.39104 -3.06147 0
    endloop
  endfacet
  facet normal -0.582477 -0.812847 0
    outer loop
      vertex -4.87009 -6.34683 0
      vertex -4.44456 -6.65176 30
      vertex -4.87009 -6.34683 30
    endloop
  endfacet
  facet normal -0.582477 -0.812847 -0
    outer loop
      vertex -4.44456 -6.65176 30
      vertex -4.87009 -6.34683 0
      vertex -4.44456 -6.65176 0
    endloop
  endfacet
  facet normal -0.935909 0.352243 0
    outer loop
      vertex -7.57544 2.57152 0
      vertex -7.39104 3.06147 30
      vertex -7.39104 3.06147 0
    endloop
  endfacet
  facet normal -0.935909 0.352243 0
    outer loop
      vertex -7.39104 3.06147 30
      vertex -7.57544 2.57152 0
      vertex -7.57544 2.57152 30
    endloop
  endfacet
  facet normal -0.162908 -0.986641 0
    outer loop
      vertex -1.56072 -7.84628 0
      vertex -1.2 -7.90584 30
      vertex -1.56072 -7.84628 30
    endloop
  endfacet
  facet normal -0.162908 -0.986641 -0
    outer loop
      vertex -1.2 -7.90584 30
      vertex -1.56072 -7.84628 0
      vertex -1.2 -7.90584 0
    endloop
  endfacet
  facet normal -0.910859 0.412718 0
    outer loop
      vertex -7.39104 3.06147 0
      vertex -7.17498 3.53831 30
      vertex -7.17498 3.53831 0
    endloop
  endfacet
  facet normal -0.910859 0.412718 0
    outer loop
      vertex -7.17498 3.53831 30
      vertex -7.39104 3.06147 0
      vertex -7.39104 3.06147 30
    endloop
  endfacet
  facet normal -0.986641 -0.162908 0
    outer loop
      vertex -7.84628 -1.56072 0
      vertex -7.90584 -1.2 30
      vertex -7.90584 -1.2 0
    endloop
  endfacet
  facet normal -0.986641 -0.162908 0
    outer loop
      vertex -7.90584 -1.2 30
      vertex -7.84628 -1.56072 0
      vertex -7.84628 -1.56072 30
    endloop
  endfacet
  facet normal -0.986641 0.162908 0
    outer loop
      vertex -7.90584 1.2 0
      vertex -7.84628 1.56072 30
      vertex -7.84628 1.56072 0
    endloop
  endfacet
  facet normal -0.986641 0.162908 0
    outer loop
      vertex -7.84628 1.56072 30
      vertex -7.90584 1.2 0
      vertex -7.90584 1.2 30
    endloop
  endfacet
  facet normal -0.634391 -0.773013 0
    outer loop
      vertex -5.27477 -6.01472 0
      vertex -4.87009 -6.34683 30
      vertex -5.27477 -6.01472 30
    endloop
  endfacet
  facet normal -0.634391 -0.773013 -0
    outer loop
      vertex -4.87009 -6.34683 30
      vertex -5.27477 -6.01472 0
      vertex -4.87009 -6.34683 0
    endloop
  endfacet
  facet normal -0.849207 -0.528061 0
    outer loop
      vertex -6.65176 -4.44456 0
      vertex -6.9282 -4 30
      vertex -6.9282 -4 0
    endloop
  endfacet
  facet normal -0.849207 -0.528061 0
    outer loop
      vertex -6.9282 -4 30
      vertex -6.65176 -4.44456 0
      vertex -6.65176 -4.44456 30
    endloop
  endfacet
  facet normal 0.729852 0.683606 0
    outer loop
      vertex 6.01472 5.27477 30
      vertex 5.65685 5.65685 0
      vertex 5.65685 5.65685 30
    endloop
  endfacet
  facet normal 0.729852 0.683606 0
    outer loop
      vertex 5.65685 5.65685 0
      vertex 6.01472 5.27477 30
      vertex 6.01472 5.27477 0
    endloop
  endfacet
  facet normal -0.683606 0.729852 0
    outer loop
      vertex -5.27477 6.01472 0
      vertex -5.65685 5.65685 30
      vertex -5.27477 6.01472 30
    endloop
  endfacet
  facet normal -0.683606 0.729852 0
    outer loop
      vertex -5.65685 5.65685 30
      vertex -5.27477 6.01472 0
      vertex -5.65685 5.65685 0
    endloop
  endfacet
  facet normal -0.634391 0.773013 0
    outer loop
      vertex -4.87009 6.34683 0
      vertex -5.27477 6.01472 30
      vertex -4.87009 6.34683 30
    endloop
  endfacet
  facet normal -0.634391 0.773013 0
    outer loop
      vertex -5.27477 6.01472 30
      vertex -4.87009 6.34683 0
      vertex -5.27477 6.01472 0
    endloop
  endfacet
  facet normal 0.973879 0.227066 0
    outer loop
      vertex 7.84628 1.56072 30
      vertex 7.72741 2.07055 0
      vertex 7.72741 2.07055 30
    endloop
  endfacet
  facet normal 0.973879 0.227066 0
    outer loop
      vertex 7.72741 2.07055 0
      vertex 7.84628 1.56072 30
      vertex 7.84628 1.56072 0
    endloop
  endfacet
  facet normal 0.935909 0.352243 0
    outer loop
      vertex 7.57544 2.57152 30
      vertex 7.39104 3.06147 0
      vertex 7.39104 3.06147 30
    endloop
  endfacet
  facet normal 0.935909 0.352243 0
    outer loop
      vertex 7.39104 3.06147 0
      vertex 7.57544 2.57152 30
      vertex 7.57544 2.57152 0
    endloop
  endfacet
  facet normal -0.412718 0.910859 0
    outer loop
      vertex -3.06147 7.39104 0
      vertex -3.53831 7.17498 30
      vertex -3.06147 7.39104 30
    endloop
  endfacet
  facet normal -0.412718 0.910859 0
    outer loop
      vertex -3.53831 7.17498 30
      vertex -3.06147 7.39104 0
      vertex -3.53831 7.17498 0
    endloop
  endfacet
  facet normal 0.986641 0.162908 0
    outer loop
      vertex 7.90584 1.2 30
      vertex 7.84628 1.56072 0
      vertex 7.84628 1.56072 30
    endloop
  endfacet
  facet normal 0.986641 0.162908 0
    outer loop
      vertex 7.84628 1.56072 0
      vertex 7.90584 1.2 30
      vertex 7.90584 1.2 0
    endloop
  endfacet
  facet normal -0.88192 0.471399 0
    outer loop
      vertex -7.17498 3.53831 0
      vertex -6.9282 4 30
      vertex -6.9282 4 0
    endloop
  endfacet
  facet normal -0.88192 0.471399 0
    outer loop
      vertex -6.9282 4 30
      vertex -7.17498 3.53831 0
      vertex -7.17498 3.53831 30
    endloop
  endfacet
  facet normal -0.412718 -0.910859 0
    outer loop
      vertex -3.53831 -7.17498 0
      vertex -3.06147 -7.39104 30
      vertex -3.53831 -7.17498 30
    endloop
  endfacet
  facet normal -0.412718 -0.910859 -0
    outer loop
      vertex -3.06147 -7.39104 30
      vertex -3.53831 -7.17498 0
      vertex -3.06147 -7.39104 0
    endloop
  endfacet
  facet normal -0.935909 -0.352243 0
    outer loop
      vertex -7.39104 -3.06147 0
      vertex -7.57544 -2.57152 30
      vertex -7.57544 -2.57152 0
    endloop
  endfacet
  facet normal -0.935909 -0.352243 0
    outer loop
      vertex -7.57544 -2.57152 30
      vertex -7.39104 -3.06147 0
      vertex -7.39104 -3.06147 30
    endloop
  endfacet
  facet normal -0.227066 -0.973879 0
    outer loop
      vertex -2.07055 -7.72741 0
      vertex -1.56072 -7.84628 30
      vertex -2.07055 -7.72741 30
    endloop
  endfacet
  facet normal -0.227066 -0.973879 -0
    outer loop
      vertex -1.56072 -7.84628 30
      vertex -2.07055 -7.72741 0
      vertex -1.56072 -7.84628 0
    endloop
  endfacet
  facet normal -0.773013 -0.634391 0
    outer loop
      vertex -6.01472 -5.27477 0
      vertex -6.34683 -4.87009 30
      vertex -6.34683 -4.87009 0
    endloop
  endfacet
  facet normal -0.773013 -0.634391 0
    outer loop
      vertex -6.34683 -4.87009 30
      vertex -6.01472 -5.27477 0
      vertex -6.01472 -5.27477 30
    endloop
  endfacet
  facet normal 0.812847 -0.582477 0
    outer loop
      vertex 6.34683 -4.87009 30
      vertex 6.65176 -4.44456 0
      vertex 6.65176 -4.44456 30
    endloop
  endfacet
  facet normal 0.812847 -0.582477 0
    outer loop
      vertex 6.65176 -4.44456 0
      vertex 6.34683 -4.87009 30
      vertex 6.34683 -4.87009 0
    endloop
  endfacet
  facet normal -0.683606 -0.729852 0
    outer loop
      vertex -5.65685 -5.65685 0
      vertex -5.27477 -6.01472 30
      vertex -5.65685 -5.65685 30
    endloop
  endfacet
  facet normal -0.683606 -0.729852 -0
    outer loop
      vertex -5.27477 -6.01472 30
      vertex -5.65685 -5.65685 0
      vertex -5.27477 -6.01472 0
    endloop
  endfacet
  facet normal 0.634391 -0.773013 0
    outer loop
      vertex 4.87009 -6.34683 0
      vertex 5.27477 -6.01472 30
      vertex 4.87009 -6.34683 30
    endloop
  endfacet
  facet normal 0.634391 -0.773013 0
    outer loop
      vertex 5.27477 -6.01472 30
      vertex 4.87009 -6.34683 0
      vertex 5.27477 -6.01472 0
    endloop
  endfacet
  facet normal 0.582477 -0.812847 0
    outer loop
      vertex 4.44456 -6.65176 0
      vertex 4.87009 -6.34683 30
      vertex 4.44456 -6.65176 30
    endloop
  endfacet
  facet normal 0.582477 -0.812847 0
    outer loop
      vertex 4.87009 -6.34683 30
      vertex 4.44456 -6.65176 0
      vertex 4.87009 -6.34683 0
    endloop
  endfacet
  facet normal -0.471399 0.88192 0
    outer loop
      vertex -3.53831 7.17498 0
      vertex -4 6.9282 30
      vertex -3.53831 7.17498 30
    endloop
  endfacet
  facet normal -0.471399 0.88192 0
    outer loop
      vertex -4 6.9282 30
      vertex -3.53831 7.17498 0
      vertex -4 6.9282 0
    endloop
  endfacet
  facet normal -0.729852 0.683606 0
    outer loop
      vertex -6.01472 5.27477 0
      vertex -5.65685 5.65685 30
      vertex -5.65685 5.65685 0
    endloop
  endfacet
  facet normal -0.729852 0.683606 0
    outer loop
      vertex -5.65685 5.65685 30
      vertex -6.01472 5.27477 0
      vertex -6.01472 5.27477 30
    endloop
  endfacet
  facet normal 0.290289 0.956939 -0
    outer loop
      vertex 2.57152 7.57544 0
      vertex 2.07055 7.72741 30
      vertex 2.57152 7.57544 30
    endloop
  endfacet
  facet normal 0.290289 0.956939 0
    outer loop
      vertex 2.07055 7.72741 30
      vertex 2.57152 7.57544 0
      vertex 2.07055 7.72741 0
    endloop
  endfacet
  facet normal -0.88192 -0.471399 0
    outer loop
      vertex -6.9282 -4 0
      vertex -7.17498 -3.53831 30
      vertex -7.17498 -3.53831 0
    endloop
  endfacet
  facet normal -0.88192 -0.471399 0
    outer loop
      vertex -7.17498 -3.53831 30
      vertex -6.9282 -4 0
      vertex -6.9282 -4 30
    endloop
  endfacet
  facet normal 0.683606 -0.729852 0
    outer loop
      vertex 5.27477 -6.01472 0
      vertex 5.65685 -5.65685 30
      vertex 5.27477 -6.01472 30
    endloop
  endfacet
  facet normal 0.683606 -0.729852 0
    outer loop
      vertex 5.65685 -5.65685 30
      vertex 5.27477 -6.01472 0
      vertex 5.65685 -5.65685 0
    endloop
  endfacet
  facet normal 0.729852 -0.683606 0
    outer loop
      vertex 5.65685 -5.65685 30
      vertex 6.01472 -5.27477 0
      vertex 6.01472 -5.27477 30
    endloop
  endfacet
  facet normal 0.729852 -0.683606 0
    outer loop
      vertex 6.01472 -5.27477 0
      vertex 5.65685 -5.65685 30
      vertex 5.65685 -5.65685 0
    endloop
  endfacet
  facet normal -0.471399 -0.88192 0
    outer loop
      vertex -4 -6.9282 0
      vertex -3.53831 -7.17498 30
      vertex -4 -6.9282 30
    endloop
  endfacet
  facet normal -0.471399 -0.88192 -0
    outer loop
      vertex -3.53831 -7.17498 30
      vertex -4 -6.9282 0
      vertex -3.53831 -7.17498 0
    endloop
  endfacet
  facet normal -0.849207 0.528061 0
    outer loop
      vertex -6.9282 4 0
      vertex -6.65176 4.44456 30
      vertex -6.65176 4.44456 0
    endloop
  endfacet
  facet normal -0.849207 0.528061 0
    outer loop
      vertex -6.65176 4.44456 30
      vertex -6.9282 4 0
      vertex -6.9282 4 30
    endloop
  endfacet
  facet normal 0.0326969 0.999465 -0
    outer loop
      vertex 0 -2.65 0
      vertex -0.173318 -2.64433 30
      vertex 0 -2.65 30
    endloop
  endfacet
  facet normal 0.0326969 0.999465 0
    outer loop
      vertex -0.173318 -2.64433 30
      vertex 0 -2.65 0
      vertex -0.173318 -2.64433 0
    endloop
  endfacet
  facet normal 0.986641 0.162907 0
    outer loop
      vertex -2.59908 -0.516989 30
      vertex -2.62733 -0.345894 0
      vertex -2.62733 -0.345894 30
    endloop
  endfacet
  facet normal 0.986641 0.162907 0
    outer loop
      vertex -2.62733 -0.345894 0
      vertex -2.59908 -0.516989 30
      vertex -2.59908 -0.516989 0
    endloop
  endfacet
  facet normal -0.22709 0.973874 0
    outer loop
      vertex 0.68587 -2.5597 0
      vertex 0.516989 -2.59908 30
      vertex 0.68587 -2.5597 30
    endloop
  endfacet
  facet normal -0.22709 0.973874 0
    outer loop
      vertex 0.516989 -2.59908 30
      vertex 0.68587 -2.5597 0
      vertex 0.516989 -2.59908 0
    endloop
  endfacet
  facet normal 0.5281 -0.849182 0
    outer loop
      vertex -1.47226 2.20339 0
      vertex -1.325 2.29497 30
      vertex -1.47226 2.20339 30
    endloop
  endfacet
  facet normal 0.5281 -0.849182 0
    outer loop
      vertex -1.325 2.29497 30
      vertex -1.47226 2.20339 0
      vertex -1.325 2.29497 0
    endloop
  endfacet
  facet normal 0.729825 -0.683634 0
    outer loop
      vertex -1.99238 1.74727 30
      vertex -1.87383 1.87383 0
      vertex -1.87383 1.87383 30
    endloop
  endfacet
  facet normal 0.729825 -0.683634 0
    outer loop
      vertex -1.87383 1.87383 0
      vertex -1.99238 1.74727 30
      vertex -1.99238 1.74727 0
    endloop
  endfacet
  facet normal 0.0980328 -0.995183 0
    outer loop
      vertex -0.345894 2.62733 0
      vertex -0.173318 2.64433 30
      vertex -0.345894 2.62733 30
    endloop
  endfacet
  facet normal 0.0980328 -0.995183 0
    outer loop
      vertex -0.173318 2.64433 30
      vertex -0.345894 2.62733 0
      vertex -0.173318 2.64433 0
    endloop
  endfacet
  facet normal -0.582438 -0.812875 0
    outer loop
      vertex 1.47226 2.20339 0
      vertex 1.61322 2.10239 30
      vertex 1.47226 2.20339 30
    endloop
  endfacet
  facet normal -0.582438 -0.812875 -0
    outer loop
      vertex 1.61322 2.10239 30
      vertex 1.47226 2.20339 0
      vertex 1.61322 2.10239 0
    endloop
  endfacet
  facet normal -0.683641 0.729819 0
    outer loop
      vertex 1.85 -1.89615 0
      vertex 1.74727 -1.99238 30
      vertex 1.85 -1.89615 30
    endloop
  endfacet
  facet normal -0.683641 0.729819 0
    outer loop
      vertex 1.74727 -1.99238 30
      vertex 1.85 -1.89615 0
      vertex 1.74727 -1.99238 0
    endloop
  endfacet
  facet normal 0.935913 0.35223 0
    outer loop
      vertex -2.44828 -1.01411 30
      vertex -2.50936 -0.851814 0
      vertex -2.50936 -0.851814 30
    endloop
  endfacet
  facet normal 0.935913 0.35223 0
    outer loop
      vertex -2.50936 -0.851814 0
      vertex -2.44828 -1.01411 30
      vertex -2.44828 -1.01411 0
    endloop
  endfacet
  facet normal -0.47136 -0.881941 0
    outer loop
      vertex 1.17206 2.37671 0
      vertex 1.325 2.29497 30
      vertex 1.17206 2.37671 30
    endloop
  endfacet
  facet normal -0.47136 -0.881941 -0
    outer loop
      vertex 1.325 2.29497 30
      vertex 1.17206 2.37671 0
      vertex 1.325 2.29497 0
    endloop
  endfacet
  facet normal 0.999465 -0.0326969 0
    outer loop
      vertex -2.65 0 30
      vertex -2.64433 0.173318 0
      vertex -2.64433 0.173318 30
    endloop
  endfacet
  facet normal 0.999465 -0.0326969 0
    outer loop
      vertex -2.64433 0.173318 0
      vertex -2.65 0 30
      vertex -2.65 0 0
    endloop
  endfacet
  facet normal 0.5281 0.849182 -0
    outer loop
      vertex -1.325 -2.29497 0
      vertex -1.47226 -2.20339 30
      vertex -1.325 -2.29497 30
    endloop
  endfacet
  facet normal 0.5281 0.849182 0
    outer loop
      vertex -1.47226 -2.20339 30
      vertex -1.325 -2.29497 0
      vertex -1.47226 -2.20339 0
    endloop
  endfacet
  facet normal -0.35223 -0.935913 0
    outer loop
      vertex 0.851814 2.50936 0
      vertex 1.01411 2.44828 30
      vertex 0.851814 2.50936 30
    endloop
  endfacet
  facet normal -0.35223 -0.935913 -0
    outer loop
      vertex 1.01411 2.44828 30
      vertex 0.851814 2.50936 0
      vertex 1.01411 2.44828 0
    endloop
  endfacet
  facet normal -0.412725 0.910856 0
    outer loop
      vertex 1.17206 -2.37671 0
      vertex 1.01411 -2.44828 30
      vertex 1.17206 -2.37671 30
    endloop
  endfacet
  facet normal -0.412725 0.910856 0
    outer loop
      vertex 1.01411 -2.44828 30
      vertex 1.17206 -2.37671 0
      vertex 1.01411 -2.44828 0
    endloop
  endfacet
  facet normal 0.412725 -0.910856 0
    outer loop
      vertex -1.17206 2.37671 0
      vertex -1.01411 2.44828 30
      vertex -1.17206 2.37671 30
    endloop
  endfacet
  facet normal 0.412725 -0.910856 0
    outer loop
      vertex -1.01411 2.44828 30
      vertex -1.17206 2.37671 0
      vertex -1.01411 2.44828 0
    endloop
  endfacet
  facet normal 0.881941 0.47136 0
    outer loop
      vertex -2.29497 -1.325 30
      vertex -2.37671 -1.17206 0
      vertex -2.37671 -1.17206 30
    endloop
  endfacet
  facet normal 0.881941 0.47136 0
    outer loop
      vertex -2.37671 -1.17206 0
      vertex -2.29497 -1.325 30
      vertex -2.29497 -1.325 0
    endloop
  endfacet
  facet normal 0.162907 0.986641 -0
    outer loop
      vertex -0.345894 -2.62733 0
      vertex -0.516989 -2.59908 30
      vertex -0.345894 -2.62733 30
    endloop
  endfacet
  facet normal 0.162907 0.986641 0
    outer loop
      vertex -0.516989 -2.59908 30
      vertex -0.345894 -2.62733 0
      vertex -0.516989 -2.59908 0
    endloop
  endfacet
  facet normal 0.849182 -0.5281 0
    outer loop
      vertex -2.29497 1.325 30
      vertex -2.20339 1.47226 0
      vertex -2.20339 1.47226 30
    endloop
  endfacet
  facet normal 0.849182 -0.5281 0
    outer loop
      vertex -2.20339 1.47226 0
      vertex -2.29497 1.325 30
      vertex -2.29497 1.325 0
    endloop
  endfacet
  facet normal 0.910856 -0.412725 0
    outer loop
      vertex -2.44828 1.01411 30
      vertex -2.37671 1.17206 0
      vertex -2.37671 1.17206 30
    endloop
  endfacet
  facet normal 0.910856 -0.412725 0
    outer loop
      vertex -2.37671 1.17206 0
      vertex -2.44828 1.01411 30
      vertex -2.44828 1.01411 0
    endloop
  endfacet
  facet normal -0.290292 0.956938 0
    outer loop
      vertex 0.851814 -2.50936 0
      vertex 0.68587 -2.5597 30
      vertex 0.851814 -2.50936 30
    endloop
  endfacet
  facet normal -0.290292 0.956938 0
    outer loop
      vertex 0.68587 -2.5597 30
      vertex 0.851814 -2.50936 0
      vertex 0.68587 -2.5597 0
    endloop
  endfacet
  facet normal 0.162907 -0.986641 0
    outer loop
      vertex -0.516989 2.59908 0
      vertex -0.345894 2.62733 30
      vertex -0.516989 2.59908 30
    endloop
  endfacet
  facet normal 0.162907 -0.986641 0
    outer loop
      vertex -0.345894 2.62733 30
      vertex -0.516989 2.59908 0
      vertex -0.345894 2.62733 0
    endloop
  endfacet
  facet normal 0.973874 -0.22709 0
    outer loop
      vertex -2.59908 0.516989 30
      vertex -2.5597 0.68587 0
      vertex -2.5597 0.68587 30
    endloop
  endfacet
  facet normal 0.973874 -0.22709 0
    outer loop
      vertex -2.5597 0.68587 0
      vertex -2.59908 0.516989 30
      vertex -2.59908 0.516989 0
    endloop
  endfacet
  facet normal 0.729825 0.683634 0
    outer loop
      vertex -1.87383 -1.87383 30
      vertex -1.99238 -1.74727 0
      vertex -1.99238 -1.74727 30
    endloop
  endfacet
  facet normal 0.729825 0.683634 0
    outer loop
      vertex -1.99238 -1.74727 0
      vertex -1.87383 -1.87383 30
      vertex -1.87383 -1.87383 0
    endloop
  endfacet
  facet normal -0.0980328 0.995183 0
    outer loop
      vertex 0.345894 -2.62733 0
      vertex 0.173318 -2.64433 30
      vertex 0.345894 -2.62733 30
    endloop
  endfacet
  facet normal -0.0980328 0.995183 0
    outer loop
      vertex 0.173318 -2.64433 30
      vertex 0.345894 -2.62733 0
      vertex 0.173318 -2.64433 0
    endloop
  endfacet
  facet normal 0.290292 -0.956938 0
    outer loop
      vertex -0.851814 2.50936 0
      vertex -0.68587 2.5597 30
      vertex -0.851814 2.50936 30
    endloop
  endfacet
  facet normal 0.290292 -0.956938 0
    outer loop
      vertex -0.68587 2.5597 30
      vertex -0.851814 2.50936 0
      vertex -0.68587 2.5597 0
    endloop
  endfacet
  facet normal -0.47136 0.881941 0
    outer loop
      vertex 1.325 -2.29497 0
      vertex 1.17206 -2.37671 30
      vertex 1.325 -2.29497 30
    endloop
  endfacet
  facet normal -0.47136 0.881941 0
    outer loop
      vertex 1.17206 -2.37671 30
      vertex 1.325 -2.29497 0
      vertex 1.17206 -2.37671 0
    endloop
  endfacet
  facet normal 0.634386 -0.773016 0
    outer loop
      vertex -1.74727 1.99238 0
      vertex -1.61322 2.10239 30
      vertex -1.74727 1.99238 30
    endloop
  endfacet
  facet normal 0.634386 -0.773016 0
    outer loop
      vertex -1.61322 2.10239 30
      vertex -1.74727 1.99238 0
      vertex -1.61322 2.10239 0
    endloop
  endfacet
  facet normal 0.22709 0.973874 -0
    outer loop
      vertex -0.516989 -2.59908 0
      vertex -0.68587 -2.5597 30
      vertex -0.516989 -2.59908 30
    endloop
  endfacet
  facet normal 0.22709 0.973874 0
    outer loop
      vertex -0.68587 -2.5597 30
      vertex -0.516989 -2.59908 0
      vertex -0.68587 -2.5597 0
    endloop
  endfacet
  facet normal 0.683634 0.729825 -0
    outer loop
      vertex -1.74727 -1.99238 0
      vertex -1.87383 -1.87383 30
      vertex -1.74727 -1.99238 30
    endloop
  endfacet
  facet normal 0.683634 0.729825 0
    outer loop
      vertex -1.87383 -1.87383 30
      vertex -1.74727 -1.99238 0
      vertex -1.87383 -1.87383 0
    endloop
  endfacet
  facet normal 0.973874 0.22709 0
    outer loop
      vertex -2.5597 -0.68587 30
      vertex -2.59908 -0.516989 0
      vertex -2.59908 -0.516989 30
    endloop
  endfacet
  facet normal 0.973874 0.22709 0
    outer loop
      vertex -2.59908 -0.516989 0
      vertex -2.5597 -0.68587 30
      vertex -2.5597 -0.68587 0
    endloop
  endfacet
  facet normal -0.5281 -0.849182 0
    outer loop
      vertex 1.325 2.29497 0
      vertex 1.47226 2.20339 30
      vertex 1.325 2.29497 30
    endloop
  endfacet
  facet normal -0.5281 -0.849182 -0
    outer loop
      vertex 1.47226 2.20339 30
      vertex 1.325 2.29497 0
      vertex 1.47226 2.20339 0
    endloop
  endfacet
  facet normal -0.162907 0.986641 0
    outer loop
      vertex 0.516989 -2.59908 0
      vertex 0.345894 -2.62733 30
      vertex 0.516989 -2.59908 30
    endloop
  endfacet
  facet normal -0.162907 0.986641 0
    outer loop
      vertex 0.345894 -2.62733 30
      vertex 0.516989 -2.59908 0
      vertex 0.345894 -2.62733 0
    endloop
  endfacet
  facet normal 0.22709 -0.973874 0
    outer loop
      vertex -0.68587 2.5597 0
      vertex -0.516989 2.59908 30
      vertex -0.68587 2.5597 30
    endloop
  endfacet
  facet normal 0.22709 -0.973874 0
    outer loop
      vertex -0.516989 2.59908 30
      vertex -0.68587 2.5597 0
      vertex -0.516989 2.59908 0
    endloop
  endfacet
  facet normal -0.5281 0.849182 0
    outer loop
      vertex 1.47226 -2.20339 0
      vertex 1.325 -2.29497 30
      vertex 1.47226 -2.20339 30
    endloop
  endfacet
  facet normal -0.5281 0.849182 0
    outer loop
      vertex 1.325 -2.29497 30
      vertex 1.47226 -2.20339 0
      vertex 1.325 -2.29497 0
    endloop
  endfacet
  facet normal -0.0326969 0.999465 0
    outer loop
      vertex 0.173318 -2.64433 0
      vertex 0 -2.65 30
      vertex 0.173318 -2.64433 30
    endloop
  endfacet
  facet normal -0.0326969 0.999465 0
    outer loop
      vertex 0 -2.65 30
      vertex 0.173318 -2.64433 0
      vertex 0 -2.65 0
    endloop
  endfacet
  facet normal 0.0980328 0.995183 -0
    outer loop
      vertex -0.173318 -2.64433 0
      vertex -0.345894 -2.62733 30
      vertex -0.173318 -2.64433 30
    endloop
  endfacet
  facet normal 0.0980328 0.995183 0
    outer loop
      vertex -0.345894 -2.62733 30
      vertex -0.173318 -2.64433 0
      vertex -0.345894 -2.62733 0
    endloop
  endfacet
  facet normal 0.683634 -0.729825 0
    outer loop
      vertex -1.87383 1.87383 0
      vertex -1.74727 1.99238 30
      vertex -1.87383 1.87383 30
    endloop
  endfacet
  facet normal 0.683634 -0.729825 0
    outer loop
      vertex -1.74727 1.99238 30
      vertex -1.87383 1.87383 0
      vertex -1.74727 1.99238 0
    endloop
  endfacet
  facet normal -0.683641 -0.729819 0
    outer loop
      vertex 1.74727 1.99238 0
      vertex 1.85 1.89615 30
      vertex 1.74727 1.99238 30
    endloop
  endfacet
  facet normal -0.683641 -0.729819 -0
    outer loop
      vertex 1.85 1.89615 30
      vertex 1.74727 1.99238 0
      vertex 1.85 1.89615 0
    endloop
  endfacet
  facet normal -0.162907 -0.986641 0
    outer loop
      vertex 0.345894 2.62733 0
      vertex 0.516989 2.59908 30
      vertex 0.345894 2.62733 30
    endloop
  endfacet
  facet normal -0.162907 -0.986641 -0
    outer loop
      vertex 0.516989 2.59908 30
      vertex 0.345894 2.62733 0
      vertex 0.516989 2.59908 0
    endloop
  endfacet
  facet normal 0.999465 0.0326969 0
    outer loop
      vertex -2.64433 -0.173318 30
      vertex -2.65 0 0
      vertex -2.65 0 30
    endloop
  endfacet
  facet normal 0.999465 0.0326969 0
    outer loop
      vertex -2.65 0 0
      vertex -2.64433 -0.173318 30
      vertex -2.64433 -0.173318 0
    endloop
  endfacet
  facet normal 0.995183 -0.0980328 0
    outer loop
      vertex -2.64433 0.173318 30
      vertex -2.62733 0.345894 0
      vertex -2.62733 0.345894 30
    endloop
  endfacet
  facet normal 0.995183 -0.0980328 0
    outer loop
      vertex -2.62733 0.345894 0
      vertex -2.64433 0.173318 30
      vertex -2.64433 0.173318 0
    endloop
  endfacet
  facet normal 0.881941 -0.47136 0
    outer loop
      vertex -2.37671 1.17206 30
      vertex -2.29497 1.325 0
      vertex -2.29497 1.325 30
    endloop
  endfacet
  facet normal 0.881941 -0.47136 0
    outer loop
      vertex -2.29497 1.325 0
      vertex -2.37671 1.17206 30
      vertex -2.37671 1.17206 0
    endloop
  endfacet
  facet normal 0.35223 0.935913 -0
    outer loop
      vertex -0.851814 -2.50936 0
      vertex -1.01411 -2.44828 30
      vertex -0.851814 -2.50936 30
    endloop
  endfacet
  facet normal 0.35223 0.935913 0
    outer loop
      vertex -1.01411 -2.44828 30
      vertex -0.851814 -2.50936 0
      vertex -1.01411 -2.44828 0
    endloop
  endfacet
  facet normal 0.0326969 -0.999465 0
    outer loop
      vertex -0.173318 2.64433 0
      vertex 0 2.65 30
      vertex -0.173318 2.64433 30
    endloop
  endfacet
  facet normal 0.0326969 -0.999465 0
    outer loop
      vertex 0 2.65 30
      vertex -0.173318 2.64433 0
      vertex 0 2.65 0
    endloop
  endfacet
  facet normal -0.0326969 -0.999465 0
    outer loop
      vertex 0 2.65 0
      vertex 0.173318 2.64433 30
      vertex 0 2.65 30
    endloop
  endfacet
  facet normal -0.0326969 -0.999465 -0
    outer loop
      vertex 0.173318 2.64433 30
      vertex 0 2.65 0
      vertex 0.173318 2.64433 0
    endloop
  endfacet
  facet normal 0.35223 -0.935913 0
    outer loop
      vertex -1.01411 2.44828 0
      vertex -0.851814 2.50936 30
      vertex -1.01411 2.44828 30
    endloop
  endfacet
  facet normal 0.35223 -0.935913 0
    outer loop
      vertex -0.851814 2.50936 30
      vertex -1.01411 2.44828 0
      vertex -0.851814 2.50936 0
    endloop
  endfacet
  facet normal -0.290292 -0.956938 0
    outer loop
      vertex 0.68587 2.5597 0
      vertex 0.851814 2.50936 30
      vertex 0.68587 2.5597 30
    endloop
  endfacet
  facet normal -0.290292 -0.956938 -0
    outer loop
      vertex 0.851814 2.50936 30
      vertex 0.68587 2.5597 0
      vertex 0.851814 2.50936 0
    endloop
  endfacet
  facet normal 0.582438 -0.812875 0
    outer loop
      vertex -1.61322 2.10239 0
      vertex -1.47226 2.20339 30
      vertex -1.61322 2.10239 30
    endloop
  endfacet
  facet normal 0.582438 -0.812875 0
    outer loop
      vertex -1.47226 2.20339 30
      vertex -1.61322 2.10239 0
      vertex -1.47226 2.20339 0
    endloop
  endfacet
  facet normal 0.582438 0.812875 -0
    outer loop
      vertex -1.47226 -2.20339 0
      vertex -1.61322 -2.10239 30
      vertex -1.47226 -2.20339 30
    endloop
  endfacet
  facet normal 0.582438 0.812875 0
    outer loop
      vertex -1.61322 -2.10239 30
      vertex -1.47226 -2.20339 0
      vertex -1.61322 -2.10239 0
    endloop
  endfacet
  facet normal -0.412725 -0.910856 0
    outer loop
      vertex 1.01411 2.44828 0
      vertex 1.17206 2.37671 30
      vertex 1.01411 2.44828 30
    endloop
  endfacet
  facet normal -0.412725 -0.910856 -0
    outer loop
      vertex 1.17206 2.37671 30
      vertex 1.01411 2.44828 0
      vertex 1.17206 2.37671 0
    endloop
  endfacet
  facet normal -0.634386 0.773016 0
    outer loop
      vertex 1.74727 -1.99238 0
      vertex 1.61322 -2.10239 30
      vertex 1.74727 -1.99238 30
    endloop
  endfacet
  facet normal -0.634386 0.773016 0
    outer loop
      vertex 1.61322 -2.10239 30
      vertex 1.74727 -1.99238 0
      vertex 1.61322 -2.10239 0
    endloop
  endfacet
  facet normal 0.986641 -0.162907 0
    outer loop
      vertex -2.62733 0.345894 30
      vertex -2.59908 0.516989 0
      vertex -2.59908 0.516989 30
    endloop
  endfacet
  facet normal 0.986641 -0.162907 0
    outer loop
      vertex -2.59908 0.516989 0
      vertex -2.62733 0.345894 30
      vertex -2.62733 0.345894 0
    endloop
  endfacet
  facet normal -0.634386 -0.773016 0
    outer loop
      vertex 1.61322 2.10239 0
      vertex 1.74727 1.99238 30
      vertex 1.61322 2.10239 30
    endloop
  endfacet
  facet normal -0.634386 -0.773016 -0
    outer loop
      vertex 1.74727 1.99238 30
      vertex 1.61322 2.10239 0
      vertex 1.74727 1.99238 0
    endloop
  endfacet
  facet normal -0.0980328 -0.995183 0
    outer loop
      vertex 0.173318 2.64433 0
      vertex 0.345894 2.62733 30
      vertex 0.173318 2.64433 30
    endloop
  endfacet
  facet normal -0.0980328 -0.995183 -0
    outer loop
      vertex 0.345894 2.62733 30
      vertex 0.173318 2.64433 0
      vertex 0.345894 2.62733 0
    endloop
  endfacet
  facet normal 0.995183 0.0980328 0
    outer loop
      vertex -2.62733 -0.345894 30
      vertex -2.64433 -0.173318 0
      vertex -2.64433 -0.173318 30
    endloop
  endfacet
  facet normal 0.995183 0.0980328 0
    outer loop
      vertex -2.64433 -0.173318 0
      vertex -2.62733 -0.345894 30
      vertex -2.62733 -0.345894 0
    endloop
  endfacet
  facet normal 0.935913 -0.35223 0
    outer loop
      vertex -2.50936 0.851814 30
      vertex -2.44828 1.01411 0
      vertex -2.44828 1.01411 30
    endloop
  endfacet
  facet normal 0.935913 -0.35223 0
    outer loop
      vertex -2.44828 1.01411 0
      vertex -2.50936 0.851814 30
      vertex -2.50936 0.851814 0
    endloop
  endfacet
  facet normal -0.22709 -0.973874 0
    outer loop
      vertex 0.516989 2.59908 0
      vertex 0.68587 2.5597 30
      vertex 0.516989 2.59908 30
    endloop
  endfacet
  facet normal -0.22709 -0.973874 -0
    outer loop
      vertex 0.68587 2.5597 30
      vertex 0.516989 2.59908 0
      vertex 0.68587 2.5597 0
    endloop
  endfacet
  facet normal 0.849182 0.5281 0
    outer loop
      vertex -2.20339 -1.47226 30
      vertex -2.29497 -1.325 0
      vertex -2.29497 -1.325 30
    endloop
  endfacet
  facet normal 0.849182 0.5281 0
    outer loop
      vertex -2.29497 -1.325 0
      vertex -2.20339 -1.47226 30
      vertex -2.20339 -1.47226 0
    endloop
  endfacet
  facet normal 0.812875 -0.582438 0
    outer loop
      vertex -2.20339 1.47226 30
      vertex -2.10239 1.61322 0
      vertex -2.10239 1.61322 30
    endloop
  endfacet
  facet normal 0.812875 -0.582438 0
    outer loop
      vertex -2.10239 1.61322 0
      vertex -2.20339 1.47226 30
      vertex -2.20339 1.47226 0
    endloop
  endfacet
  facet normal 0.47136 -0.881941 0
    outer loop
      vertex -1.325 2.29497 0
      vertex -1.17206 2.37671 30
      vertex -1.325 2.29497 30
    endloop
  endfacet
  facet normal 0.47136 -0.881941 0
    outer loop
      vertex -1.17206 2.37671 30
      vertex -1.325 2.29497 0
      vertex -1.17206 2.37671 0
    endloop
  endfacet
  facet normal 0.956938 0.290292 0
    outer loop
      vertex -2.50936 -0.851814 30
      vertex -2.5597 -0.68587 0
      vertex -2.5597 -0.68587 30
    endloop
  endfacet
  facet normal 0.956938 0.290292 0
    outer loop
      vertex -2.5597 -0.68587 0
      vertex -2.50936 -0.851814 30
      vertex -2.50936 -0.851814 0
    endloop
  endfacet
  facet normal 0.290292 0.956938 -0
    outer loop
      vertex -0.68587 -2.5597 0
      vertex -0.851814 -2.50936 30
      vertex -0.68587 -2.5597 30
    endloop
  endfacet
  facet normal 0.290292 0.956938 0
    outer loop
      vertex -0.851814 -2.50936 30
      vertex -0.68587 -2.5597 0
      vertex -0.851814 -2.50936 0
    endloop
  endfacet
  facet normal -0.582438 0.812875 0
    outer loop
      vertex 1.61322 -2.10239 0
      vertex 1.47226 -2.20339 30
      vertex 1.61322 -2.10239 30
    endloop
  endfacet
  facet normal -0.582438 0.812875 0
    outer loop
      vertex 1.47226 -2.20339 30
      vertex 1.61322 -2.10239 0
      vertex 1.47226 -2.20339 0
    endloop
  endfacet
  facet normal 0.956938 -0.290292 0
    outer loop
      vertex -2.5597 0.68587 30
      vertex -2.50936 0.851814 0
      vertex -2.50936 0.851814 30
    endloop
  endfacet
  facet normal 0.956938 -0.290292 0
    outer loop
      vertex -2.50936 0.851814 0
      vertex -2.5597 0.68587 30
      vertex -2.5597 0.68587 0
    endloop
  endfacet
  facet normal 0.812875 0.582438 0
    outer loop
      vertex -2.10239 -1.61322 30
      vertex -2.20339 -1.47226 0
      vertex -2.20339 -1.47226 30
    endloop
  endfacet
  facet normal 0.812875 0.582438 0
    outer loop
      vertex -2.20339 -1.47226 0
      vertex -2.10239 -1.61322 30
      vertex -2.10239 -1.61322 0
    endloop
  endfacet
  facet normal 0.47136 0.881941 -0
    outer loop
      vertex -1.17206 -2.37671 0
      vertex -1.325 -2.29497 30
      vertex -1.17206 -2.37671 30
    endloop
  endfacet
  facet normal 0.47136 0.881941 0
    outer loop
      vertex -1.325 -2.29497 30
      vertex -1.17206 -2.37671 0
      vertex -1.325 -2.29497 0
    endloop
  endfacet
  facet normal 0.773016 0.634386 0
    outer loop
      vertex -1.99238 -1.74727 30
      vertex -2.10239 -1.61322 0
      vertex -2.10239 -1.61322 30
    endloop
  endfacet
  facet normal 0.773016 0.634386 0
    outer loop
      vertex -2.10239 -1.61322 0
      vertex -1.99238 -1.74727 30
      vertex -1.99238 -1.74727 0
    endloop
  endfacet
  facet normal 0.773016 -0.634386 0
    outer loop
      vertex -2.10239 1.61322 30
      vertex -1.99238 1.74727 0
      vertex -1.99238 1.74727 30
    endloop
  endfacet
  facet normal 0.773016 -0.634386 0
    outer loop
      vertex -1.99238 1.74727 0
      vertex -2.10239 1.61322 30
      vertex -2.10239 1.61322 0
    endloop
  endfacet
  facet normal 0.412725 0.910856 -0
    outer loop
      vertex -1.01411 -2.44828 0
      vertex -1.17206 -2.37671 30
      vertex -1.01411 -2.44828 30
    endloop
  endfacet
  facet normal 0.412725 0.910856 0
    outer loop
      vertex -1.17206 -2.37671 30
      vertex -1.01411 -2.44828 0
      vertex -1.17206 -2.37671 0
    endloop
  endfacet
  facet normal -0.35223 0.935913 0
    outer loop
      vertex 1.01411 -2.44828 0
      vertex 0.851814 -2.50936 30
      vertex 1.01411 -2.44828 30
    endloop
  endfacet
  facet normal -0.35223 0.935913 0
    outer loop
      vertex 0.851814 -2.50936 30
      vertex 1.01411 -2.44828 0
      vertex 0.851814 -2.50936 0
    endloop
  endfacet
  facet normal 0.634386 0.773016 -0
    outer loop
      vertex -1.61322 -2.10239 0
      vertex -1.74727 -1.99238 30
      vertex -1.61322 -2.10239 30
    endloop
  endfacet
  facet normal 0.634386 0.773016 0
    outer loop
      vertex -1.74727 -1.99238 30
      vertex -1.61322 -2.10239 0
      vertex -1.74727 -1.99238 0
    endloop
  endfacet
  facet normal 0.910856 0.412725 0
    outer loop
      vertex -2.37671 -1.17206 30
      vertex -2.44828 -1.01411 0
      vertex -2.44828 -1.01411 30
    endloop
  endfacet
  facet normal 0.910856 0.412725 0
    outer loop
      vertex -2.44828 -1.01411 0
      vertex -2.37671 -1.17206 30
      vertex -2.37671 -1.17206 0
    endloop
  endfacet
  facet normal -1 0 0
    outer loop
      vertex 1.85 -1.89615 0
      vertex 1.85 1.89615 30
      vertex 1.85 1.89615 0
    endloop
  endfacet
  facet normal -1 -0 0
    outer loop
      vertex 1.85 1.89615 30
      vertex 1.85 -1.89615 0
      vertex 1.85 -1.89615 30
    endloop
  endfacet
endsolid OpenSCAD_Model
